cp,name,age,year,total
44001,Ababuj,0-16,2003,4
44001,Ababuj,16-64,2003,51
44001,Ababuj,65-100,2003,30
44001,Ababuj,0-16,2004,4
44001,Ababuj,16-64,2004,54
44001,Ababuj,65-100,2004,31
44001,Ababuj,0-16,2005,3
44001,Ababuj,16-64,2005,51
44001,Ababuj,65-100,2005,30
44001,Ababuj,0-16,2006,1
44001,Ababuj,16-64,2006,50
44001,Ababuj,65-100,2006,33
44001,Ababuj,0-16,2007,1
44001,Ababuj,16-64,2007,48
44001,Ababuj,65-100,2007,33
44001,Ababuj,0-16,2008,1
44001,Ababuj,16-64,2008,47
44001,Ababuj,65-100,2008,35
44001,Ababuj,0-16,2009,3
44001,Ababuj,16-64,2009,46
44001,Ababuj,65-100,2009,31
44001,Ababuj,0-16,2010,1
44001,Ababuj,16-64,2010,51
44001,Ababuj,65-100,2010,25
44001,Ababuj,0-16,2011,4
44001,Ababuj,16-64,2011,48
44001,Ababuj,65-100,2011,26
44001,Ababuj,0-16,2012,3
44001,Ababuj,16-64,2012,44
44001,Ababuj,65-100,2012,26
44001,Ababuj,0-16,2013,3
44001,Ababuj,16-64,2013,37
44001,Ababuj,65-100,2013,25
44001,Ababuj,0-16,2014,3
44001,Ababuj,16-64,2014,36
44001,Ababuj,65-100,2014,26
44001,Ababuj,0-16,2015,6
44001,Ababuj,16-64,2015,41
44001,Ababuj,65-100,2015,26
44001,Ababuj,0-16,2016,6
44001,Ababuj,16-64,2016,43
44001,Ababuj,65-100,2016,27
44001,Ababuj,0-16,2017,6
44001,Ababuj,16-64,2017,40
44001,Ababuj,65-100,2017,27
44001,Ababuj,0-16,2018,6
44001,Ababuj,16-64,2018,42
44001,Ababuj,65-100,2018,28
44001,Ababuj,0-16,2019,7
44001,Ababuj,16-64,2019,40
44001,Ababuj,65-100,2019,26
44001,Ababuj,0-16,2020,6
44001,Ababuj,16-64,2020,47
44001,Ababuj,65-100,2020,24
44001,Ababuj,0-16,2021,6
44001,Ababuj,16-64,2021,47
44001,Ababuj,65-100,2021,23
44001,Ababuj,0-16,2022,6
44001,Ababuj,16-64,2022,45
44001,Ababuj,65-100,2022,21
44001,Ababuj,0-16,2023,6
44001,Ababuj,16-64,2023,45
44001,Ababuj,65-100,2023,19
44001,Ababuj,0-16,2024,6
44001,Ababuj,16-64,2024,47
44001,Ababuj,65-100,2024,22
44001,Ababuj,0-16,2025,6
44001,Ababuj,16-64,2025,47
44001,Ababuj,65-100,2025,21
44002,Abejuela,0-16,2003,4
44002,Abejuela,16-64,2003,30
44002,Abejuela,65-100,2003,25
44002,Abejuela,0-16,2004,6
44002,Abejuela,16-64,2004,36
44002,Abejuela,65-100,2004,26
44002,Abejuela,0-16,2005,6
44002,Abejuela,16-64,2005,35
44002,Abejuela,65-100,2005,24
44002,Abejuela,0-16,2006,2
44002,Abejuela,16-64,2006,35
44002,Abejuela,65-100,2006,24
44002,Abejuela,0-16,2007,2
44002,Abejuela,16-64,2007,41
44002,Abejuela,65-100,2007,25
44002,Abejuela,0-16,2008,1
44002,Abejuela,16-64,2008,37
44002,Abejuela,65-100,2008,23
44002,Abejuela,0-16,2009,1
44002,Abejuela,16-64,2009,37
44002,Abejuela,65-100,2009,19
44002,Abejuela,0-16,2010,1
44002,Abejuela,16-64,2010,35
44002,Abejuela,65-100,2010,20
44002,Abejuela,0-16,2011,2
44002,Abejuela,16-64,2011,45
44002,Abejuela,65-100,2011,19
44002,Abejuela,0-16,2012,0
44002,Abejuela,16-64,2012,39
44002,Abejuela,65-100,2012,16
44002,Abejuela,0-16,2013,0
44002,Abejuela,16-64,2013,28
44002,Abejuela,65-100,2013,11
44002,Abejuela,0-16,2014,0
44002,Abejuela,16-64,2014,26
44002,Abejuela,65-100,2014,15
44002,Abejuela,0-16,2015,1
44002,Abejuela,16-64,2015,34
44002,Abejuela,65-100,2015,19
44002,Abejuela,0-16,2016,3
44002,Abejuela,16-64,2016,33
44002,Abejuela,65-100,2016,20
44002,Abejuela,0-16,2017,2
44002,Abejuela,16-64,2017,28
44002,Abejuela,65-100,2017,20
44002,Abejuela,0-16,2018,2
44002,Abejuela,16-64,2018,28
44002,Abejuela,65-100,2018,19
44002,Abejuela,0-16,2019,2
44002,Abejuela,16-64,2019,29
44002,Abejuela,65-100,2019,17
44002,Abejuela,0-16,2020,1
44002,Abejuela,16-64,2020,31
44002,Abejuela,65-100,2020,18
44002,Abejuela,0-16,2021,2
44002,Abejuela,16-64,2021,37
44002,Abejuela,65-100,2021,18
44002,Abejuela,0-16,2022,1
44002,Abejuela,16-64,2022,35
44002,Abejuela,65-100,2022,20
44002,Abejuela,0-16,2023,0
44002,Abejuela,16-64,2023,34
44002,Abejuela,65-100,2023,21
44002,Abejuela,0-16,2024,3
44002,Abejuela,16-64,2024,34
44002,Abejuela,65-100,2024,20
44002,Abejuela,0-16,2025,5
44002,Abejuela,16-64,2025,39
44002,Abejuela,65-100,2025,19
44003,Aguatón,0-16,2003,0
44003,Aguatón,16-64,2003,15
44003,Aguatón,65-100,2003,11
44003,Aguatón,0-16,2004,0
44003,Aguatón,16-64,2004,14
44003,Aguatón,65-100,2004,10
44003,Aguatón,0-16,2005,0
44003,Aguatón,16-64,2005,14
44003,Aguatón,65-100,2005,9
44003,Aguatón,0-16,2006,0
44003,Aguatón,16-64,2006,14
44003,Aguatón,65-100,2006,10
44003,Aguatón,0-16,2007,0
44003,Aguatón,16-64,2007,14
44003,Aguatón,65-100,2007,7
44003,Aguatón,0-16,2008,0
44003,Aguatón,16-64,2008,13
44003,Aguatón,65-100,2008,8
44003,Aguatón,0-16,2009,0
44003,Aguatón,16-64,2009,13
44003,Aguatón,65-100,2009,8
44003,Aguatón,0-16,2010,0
44003,Aguatón,16-64,2010,13
44003,Aguatón,65-100,2010,8
44003,Aguatón,0-16,2011,0
44003,Aguatón,16-64,2011,11
44003,Aguatón,65-100,2011,9
44003,Aguatón,0-16,2012,0
44003,Aguatón,16-64,2012,12
44003,Aguatón,65-100,2012,8
44003,Aguatón,0-16,2013,0
44003,Aguatón,16-64,2013,11
44003,Aguatón,65-100,2013,8
44003,Aguatón,0-16,2014,0
44003,Aguatón,16-64,2014,10
44003,Aguatón,65-100,2014,8
44003,Aguatón,0-16,2015,0
44003,Aguatón,16-64,2015,11
44003,Aguatón,65-100,2015,8
44003,Aguatón,0-16,2016,0
44003,Aguatón,16-64,2016,11
44003,Aguatón,65-100,2016,8
44003,Aguatón,0-16,2017,0
44003,Aguatón,16-64,2017,11
44003,Aguatón,65-100,2017,8
44003,Aguatón,0-16,2018,0
44003,Aguatón,16-64,2018,10
44003,Aguatón,65-100,2018,8
44003,Aguatón,0-16,2019,1
44003,Aguatón,16-64,2019,10
44003,Aguatón,65-100,2019,7
44003,Aguatón,0-16,2020,1
44003,Aguatón,16-64,2020,11
44003,Aguatón,65-100,2020,7
44003,Aguatón,0-16,2021,0
44003,Aguatón,16-64,2021,10
44003,Aguatón,65-100,2021,7
44003,Aguatón,0-16,2022,0
44003,Aguatón,16-64,2022,9
44003,Aguatón,65-100,2022,7
44003,Aguatón,0-16,2023,0
44003,Aguatón,16-64,2023,8
44003,Aguatón,65-100,2023,7
44003,Aguatón,0-16,2024,1
44003,Aguatón,16-64,2024,9
44003,Aguatón,65-100,2024,7
44003,Aguatón,0-16,2025,0
44003,Aguatón,16-64,2025,11
44003,Aguatón,65-100,2025,7
44004,Aguaviva,0-16,2003,102
44004,Aguaviva,16-64,2003,356
44004,Aguaviva,65-100,2003,217
44004,Aguaviva,0-16,2004,102
44004,Aguaviva,16-64,2004,356
44004,Aguaviva,65-100,2004,212
44004,Aguaviva,0-16,2005,110
44004,Aguaviva,16-64,2005,383
44004,Aguaviva,65-100,2005,208
44004,Aguaviva,0-16,2006,105
44004,Aguaviva,16-64,2006,388
44004,Aguaviva,65-100,2006,198
44004,Aguaviva,0-16,2007,106
44004,Aguaviva,16-64,2007,398
44004,Aguaviva,65-100,2007,199
44004,Aguaviva,0-16,2008,105
44004,Aguaviva,16-64,2008,418
44004,Aguaviva,65-100,2008,195
44004,Aguaviva,0-16,2009,105
44004,Aguaviva,16-64,2009,417
44004,Aguaviva,65-100,2009,191
44004,Aguaviva,0-16,2010,100
44004,Aguaviva,16-64,2010,406
44004,Aguaviva,65-100,2010,187
44004,Aguaviva,0-16,2011,100
44004,Aguaviva,16-64,2011,405
44004,Aguaviva,65-100,2011,188
44004,Aguaviva,0-16,2012,95
44004,Aguaviva,16-64,2012,390
44004,Aguaviva,65-100,2012,175
44004,Aguaviva,0-16,2013,94
44004,Aguaviva,16-64,2013,401
44004,Aguaviva,65-100,2013,159
44004,Aguaviva,0-16,2014,82
44004,Aguaviva,16-64,2014,368
44004,Aguaviva,65-100,2014,155
44004,Aguaviva,0-16,2015,80
44004,Aguaviva,16-64,2015,360
44004,Aguaviva,65-100,2015,146
44004,Aguaviva,0-16,2016,74
44004,Aguaviva,16-64,2016,338
44004,Aguaviva,65-100,2016,138
44004,Aguaviva,0-16,2017,69
44004,Aguaviva,16-64,2017,334
44004,Aguaviva,65-100,2017,128
44004,Aguaviva,0-16,2018,72
44004,Aguaviva,16-64,2018,329
44004,Aguaviva,65-100,2018,121
44004,Aguaviva,0-16,2019,71
44004,Aguaviva,16-64,2019,330
44004,Aguaviva,65-100,2019,113
44004,Aguaviva,0-16,2020,71
44004,Aguaviva,16-64,2020,335
44004,Aguaviva,65-100,2020,110
44004,Aguaviva,0-16,2021,81
44004,Aguaviva,16-64,2021,348
44004,Aguaviva,65-100,2021,118
44004,Aguaviva,0-16,2022,74
44004,Aguaviva,16-64,2022,357
44004,Aguaviva,65-100,2022,125
44004,Aguaviva,0-16,2023,79
44004,Aguaviva,16-64,2023,356
44004,Aguaviva,65-100,2023,130
44004,Aguaviva,0-16,2024,77
44004,Aguaviva,16-64,2024,347
44004,Aguaviva,65-100,2024,123
44004,Aguaviva,0-16,2025,76
44004,Aguaviva,16-64,2025,355
44004,Aguaviva,65-100,2025,132
44005,Aguilar del Alfambra,0-16,2003,6
44005,Aguilar del Alfambra,16-64,2003,38
44005,Aguilar del Alfambra,65-100,2003,38
44005,Aguilar del Alfambra,0-16,2004,7
44005,Aguilar del Alfambra,16-64,2004,38
44005,Aguilar del Alfambra,65-100,2004,34
44005,Aguilar del Alfambra,0-16,2005,8
44005,Aguilar del Alfambra,16-64,2005,40
44005,Aguilar del Alfambra,65-100,2005,31
44005,Aguilar del Alfambra,0-16,2006,7
44005,Aguilar del Alfambra,16-64,2006,37
44005,Aguilar del Alfambra,65-100,2006,31
44005,Aguilar del Alfambra,0-16,2007,8
44005,Aguilar del Alfambra,16-64,2007,34
44005,Aguilar del Alfambra,65-100,2007,30
44005,Aguilar del Alfambra,0-16,2008,8
44005,Aguilar del Alfambra,16-64,2008,34
44005,Aguilar del Alfambra,65-100,2008,29
44005,Aguilar del Alfambra,0-16,2009,6
44005,Aguilar del Alfambra,16-64,2009,31
44005,Aguilar del Alfambra,65-100,2009,29
44005,Aguilar del Alfambra,0-16,2010,6
44005,Aguilar del Alfambra,16-64,2010,30
44005,Aguilar del Alfambra,65-100,2010,31
44005,Aguilar del Alfambra,0-16,2011,6
44005,Aguilar del Alfambra,16-64,2011,31
44005,Aguilar del Alfambra,65-100,2011,33
44005,Aguilar del Alfambra,0-16,2012,8
44005,Aguilar del Alfambra,16-64,2012,35
44005,Aguilar del Alfambra,65-100,2012,30
44005,Aguilar del Alfambra,0-16,2013,9
44005,Aguilar del Alfambra,16-64,2013,36
44005,Aguilar del Alfambra,65-100,2013,30
44005,Aguilar del Alfambra,0-16,2014,9
44005,Aguilar del Alfambra,16-64,2014,37
44005,Aguilar del Alfambra,65-100,2014,31
44005,Aguilar del Alfambra,0-16,2015,3
44005,Aguilar del Alfambra,16-64,2015,33
44005,Aguilar del Alfambra,65-100,2015,30
44005,Aguilar del Alfambra,0-16,2016,5
44005,Aguilar del Alfambra,16-64,2016,32
44005,Aguilar del Alfambra,65-100,2016,27
44005,Aguilar del Alfambra,0-16,2017,6
44005,Aguilar del Alfambra,16-64,2017,34
44005,Aguilar del Alfambra,65-100,2017,25
44005,Aguilar del Alfambra,0-16,2018,8
44005,Aguilar del Alfambra,16-64,2018,33
44005,Aguilar del Alfambra,65-100,2018,22
44005,Aguilar del Alfambra,0-16,2019,9
44005,Aguilar del Alfambra,16-64,2019,34
44005,Aguilar del Alfambra,65-100,2019,20
44005,Aguilar del Alfambra,0-16,2020,7
44005,Aguilar del Alfambra,16-64,2020,42
44005,Aguilar del Alfambra,65-100,2020,20
44005,Aguilar del Alfambra,0-16,2021,7
44005,Aguilar del Alfambra,16-64,2021,49
44005,Aguilar del Alfambra,65-100,2021,20
44005,Aguilar del Alfambra,0-16,2022,8
44005,Aguilar del Alfambra,16-64,2022,54
44005,Aguilar del Alfambra,65-100,2022,19
44005,Aguilar del Alfambra,0-16,2023,10
44005,Aguilar del Alfambra,16-64,2023,51
44005,Aguilar del Alfambra,65-100,2023,20
44005,Aguilar del Alfambra,0-16,2024,9
44005,Aguilar del Alfambra,16-64,2024,53
44005,Aguilar del Alfambra,65-100,2024,19
44005,Aguilar del Alfambra,0-16,2025,12
44005,Aguilar del Alfambra,16-64,2025,50
44005,Aguilar del Alfambra,65-100,2025,22
44006,Alacón,0-16,2003,40
44006,Alacón,16-64,2003,217
44006,Alacón,65-100,2003,165
44006,Alacón,0-16,2004,46
44006,Alacón,16-64,2004,218
44006,Alacón,65-100,2004,164
44006,Alacón,0-16,2005,49
44006,Alacón,16-64,2005,211
44006,Alacón,65-100,2005,162
44006,Alacón,0-16,2006,39
44006,Alacón,16-64,2006,202
44006,Alacón,65-100,2006,165
44006,Alacón,0-16,2007,35
44006,Alacón,16-64,2007,212
44006,Alacón,65-100,2007,158
44006,Alacón,0-16,2008,38
44006,Alacón,16-64,2008,203
44006,Alacón,65-100,2008,169
44006,Alacón,0-16,2009,34
44006,Alacón,16-64,2009,191
44006,Alacón,65-100,2009,159
44006,Alacón,0-16,2010,29
44006,Alacón,16-64,2010,174
44006,Alacón,65-100,2010,158
44006,Alacón,0-16,2011,28
44006,Alacón,16-64,2011,165
44006,Alacón,65-100,2011,156
44006,Alacón,0-16,2012,19
44006,Alacón,16-64,2012,165
44006,Alacón,65-100,2012,147
44006,Alacón,0-16,2013,21
44006,Alacón,16-64,2013,148
44006,Alacón,65-100,2013,137
44006,Alacón,0-16,2014,25
44006,Alacón,16-64,2014,155
44006,Alacón,65-100,2014,134
44006,Alacón,0-16,2015,18
44006,Alacón,16-64,2015,146
44006,Alacón,65-100,2015,129
44006,Alacón,0-16,2016,15
44006,Alacón,16-64,2016,137
44006,Alacón,65-100,2016,127
44006,Alacón,0-16,2017,14
44006,Alacón,16-64,2017,135
44006,Alacón,65-100,2017,125
44006,Alacón,0-16,2018,13
44006,Alacón,16-64,2018,131
44006,Alacón,65-100,2018,120
44006,Alacón,0-16,2019,11
44006,Alacón,16-64,2019,129
44006,Alacón,65-100,2019,112
44006,Alacón,0-16,2020,10
44006,Alacón,16-64,2020,120
44006,Alacón,65-100,2020,108
44006,Alacón,0-16,2021,13
44006,Alacón,16-64,2021,113
44006,Alacón,65-100,2021,109
44006,Alacón,0-16,2022,11
44006,Alacón,16-64,2022,101
44006,Alacón,65-100,2022,107
44006,Alacón,0-16,2023,5
44006,Alacón,16-64,2023,96
44006,Alacón,65-100,2023,111
44006,Alacón,0-16,2024,9
44006,Alacón,16-64,2024,89
44006,Alacón,65-100,2024,110
44006,Alacón,0-16,2025,4
44006,Alacón,16-64,2025,93
44006,Alacón,65-100,2025,107
44007,Alba,0-16,2003,12
44007,Alba,16-64,2003,120
44007,Alba,65-100,2003,118
44007,Alba,0-16,2004,14
44007,Alba,16-64,2004,119
44007,Alba,65-100,2004,117
44007,Alba,0-16,2005,13
44007,Alba,16-64,2005,123
44007,Alba,65-100,2005,111
44007,Alba,0-16,2006,15
44007,Alba,16-64,2006,126
44007,Alba,65-100,2006,110
44007,Alba,0-16,2007,15
44007,Alba,16-64,2007,127
44007,Alba,65-100,2007,108
44007,Alba,0-16,2008,15
44007,Alba,16-64,2008,124
44007,Alba,65-100,2008,105
44007,Alba,0-16,2009,16
44007,Alba,16-64,2009,132
44007,Alba,65-100,2009,102
44007,Alba,0-16,2010,15
44007,Alba,16-64,2010,134
44007,Alba,65-100,2010,99
44007,Alba,0-16,2011,14
44007,Alba,16-64,2011,123
44007,Alba,65-100,2011,93
44007,Alba,0-16,2012,15
44007,Alba,16-64,2012,129
44007,Alba,65-100,2012,87
44007,Alba,0-16,2013,14
44007,Alba,16-64,2013,122
44007,Alba,65-100,2013,79
44007,Alba,0-16,2014,14
44007,Alba,16-64,2014,124
44007,Alba,65-100,2014,74
44007,Alba,0-16,2015,17
44007,Alba,16-64,2015,116
44007,Alba,65-100,2015,77
44007,Alba,0-16,2016,14
44007,Alba,16-64,2016,113
44007,Alba,65-100,2016,69
44007,Alba,0-16,2017,13
44007,Alba,16-64,2017,104
44007,Alba,65-100,2017,68
44007,Alba,0-16,2018,10
44007,Alba,16-64,2018,99
44007,Alba,65-100,2018,69
44007,Alba,0-16,2019,9
44007,Alba,16-64,2019,93
44007,Alba,65-100,2019,68
44007,Alba,0-16,2020,9
44007,Alba,16-64,2020,88
44007,Alba,65-100,2020,68
44007,Alba,0-16,2021,15
44007,Alba,16-64,2021,101
44007,Alba,65-100,2021,68
44007,Alba,0-16,2022,15
44007,Alba,16-64,2022,95
44007,Alba,65-100,2022,71
44007,Alba,0-16,2023,16
44007,Alba,16-64,2023,95
44007,Alba,65-100,2023,68
44007,Alba,0-16,2024,14
44007,Alba,16-64,2024,98
44007,Alba,65-100,2024,75
44007,Alba,0-16,2025,13
44007,Alba,16-64,2025,94
44007,Alba,65-100,2025,76
44008,Albalate del Arzobispo,0-16,2003,274
44008,Albalate del Arzobispo,16-64,2003,1288
44008,Albalate del Arzobispo,65-100,2003,639
44008,Albalate del Arzobispo,0-16,2004,263
44008,Albalate del Arzobispo,16-64,2004,1297
44008,Albalate del Arzobispo,65-100,2004,620
44008,Albalate del Arzobispo,0-16,2005,255
44008,Albalate del Arzobispo,16-64,2005,1316
44008,Albalate del Arzobispo,65-100,2005,608
44008,Albalate del Arzobispo,0-16,2006,252
44008,Albalate del Arzobispo,16-64,2006,1349
44008,Albalate del Arzobispo,65-100,2006,599
44008,Albalate del Arzobispo,0-16,2007,251
44008,Albalate del Arzobispo,16-64,2007,1397
44008,Albalate del Arzobispo,65-100,2007,590
44008,Albalate del Arzobispo,0-16,2008,265
44008,Albalate del Arzobispo,16-64,2008,1392
44008,Albalate del Arzobispo,65-100,2008,576
44008,Albalate del Arzobispo,0-16,2009,251
44008,Albalate del Arzobispo,16-64,2009,1378
44008,Albalate del Arzobispo,65-100,2009,566
44008,Albalate del Arzobispo,0-16,2010,245
44008,Albalate del Arzobispo,16-64,2010,1344
44008,Albalate del Arzobispo,65-100,2010,566
44008,Albalate del Arzobispo,0-16,2011,247
44008,Albalate del Arzobispo,16-64,2011,1297
44008,Albalate del Arzobispo,65-100,2011,571
44008,Albalate del Arzobispo,0-16,2012,240
44008,Albalate del Arzobispo,16-64,2012,1282
44008,Albalate del Arzobispo,65-100,2012,565
44008,Albalate del Arzobispo,0-16,2013,238
44008,Albalate del Arzobispo,16-64,2013,1251
44008,Albalate del Arzobispo,65-100,2013,560
44008,Albalate del Arzobispo,0-16,2014,232
44008,Albalate del Arzobispo,16-64,2014,1251
44008,Albalate del Arzobispo,65-100,2014,542
44008,Albalate del Arzobispo,0-16,2015,230
44008,Albalate del Arzobispo,16-64,2015,1220
44008,Albalate del Arzobispo,65-100,2015,551
44008,Albalate del Arzobispo,0-16,2016,237
44008,Albalate del Arzobispo,16-64,2016,1213
44008,Albalate del Arzobispo,65-100,2016,553
44008,Albalate del Arzobispo,0-16,2017,234
44008,Albalate del Arzobispo,16-64,2017,1202
44008,Albalate del Arzobispo,65-100,2017,542
44008,Albalate del Arzobispo,0-16,2018,250
44008,Albalate del Arzobispo,16-64,2018,1220
44008,Albalate del Arzobispo,65-100,2018,534
44008,Albalate del Arzobispo,0-16,2019,240
44008,Albalate del Arzobispo,16-64,2019,1217
44008,Albalate del Arzobispo,65-100,2019,523
44008,Albalate del Arzobispo,0-16,2020,241
44008,Albalate del Arzobispo,16-64,2020,1211
44008,Albalate del Arzobispo,65-100,2020,520
44008,Albalate del Arzobispo,0-16,2021,248
44008,Albalate del Arzobispo,16-64,2021,1213
44008,Albalate del Arzobispo,65-100,2021,516
44008,Albalate del Arzobispo,0-16,2022,244
44008,Albalate del Arzobispo,16-64,2022,1206
44008,Albalate del Arzobispo,65-100,2022,509
44008,Albalate del Arzobispo,0-16,2023,246
44008,Albalate del Arzobispo,16-64,2023,1208
44008,Albalate del Arzobispo,65-100,2023,498
44008,Albalate del Arzobispo,0-16,2024,240
44008,Albalate del Arzobispo,16-64,2024,1179
44008,Albalate del Arzobispo,65-100,2024,515
44008,Albalate del Arzobispo,0-16,2025,238
44008,Albalate del Arzobispo,16-64,2025,1181
44008,Albalate del Arzobispo,65-100,2025,529
44009,Albarracín,0-16,2003,138
44009,Albarracín,16-64,2003,611
44009,Albarracín,65-100,2003,296
44009,Albarracín,0-16,2004,143
44009,Albarracín,16-64,2004,592
44009,Albarracín,65-100,2004,290
44009,Albarracín,0-16,2005,146
44009,Albarracín,16-64,2005,605
44009,Albarracín,65-100,2005,303
44009,Albarracín,0-16,2006,140
44009,Albarracín,16-64,2006,618
44009,Albarracín,65-100,2006,318
44009,Albarracín,0-16,2007,134
44009,Albarracín,16-64,2007,629
44009,Albarracín,65-100,2007,312
44009,Albarracín,0-16,2008,139
44009,Albarracín,16-64,2008,661
44009,Albarracín,65-100,2008,310
44009,Albarracín,0-16,2009,146
44009,Albarracín,16-64,2009,649
44009,Albarracín,65-100,2009,302
44009,Albarracín,0-16,2010,152
44009,Albarracín,16-64,2010,642
44009,Albarracín,65-100,2010,302
44009,Albarracín,0-16,2011,146
44009,Albarracín,16-64,2011,648
44009,Albarracín,65-100,2011,302
44009,Albarracín,0-16,2012,150
44009,Albarracín,16-64,2012,647
44009,Albarracín,65-100,2012,305
44009,Albarracín,0-16,2013,149
44009,Albarracín,16-64,2013,649
44009,Albarracín,65-100,2013,295
44009,Albarracín,0-16,2014,143
44009,Albarracín,16-64,2014,634
44009,Albarracín,65-100,2014,282
44009,Albarracín,0-16,2015,138
44009,Albarracín,16-64,2015,639
44009,Albarracín,65-100,2015,272
44009,Albarracín,0-16,2016,136
44009,Albarracín,16-64,2016,650
44009,Albarracín,65-100,2016,268
44009,Albarracín,0-16,2017,132
44009,Albarracín,16-64,2017,649
44009,Albarracín,65-100,2017,263
44009,Albarracín,0-16,2018,125
44009,Albarracín,16-64,2018,644
44009,Albarracín,65-100,2018,247
44009,Albarracín,0-16,2019,133
44009,Albarracín,16-64,2019,646
44009,Albarracín,65-100,2019,246
44009,Albarracín,0-16,2020,131
44009,Albarracín,16-64,2020,637
44009,Albarracín,65-100,2020,238
44009,Albarracín,0-16,2021,117
44009,Albarracín,16-64,2021,639
44009,Albarracín,65-100,2021,234
44009,Albarracín,0-16,2022,118
44009,Albarracín,16-64,2022,648
44009,Albarracín,65-100,2022,242
44009,Albarracín,0-16,2023,125
44009,Albarracín,16-64,2023,657
44009,Albarracín,65-100,2023,234
44009,Albarracín,0-16,2024,118
44009,Albarracín,16-64,2024,657
44009,Albarracín,65-100,2024,230
44009,Albarracín,0-16,2025,105
44009,Albarracín,16-64,2025,654
44009,Albarracín,65-100,2025,242
44010,Albentosa,0-16,2003,41
44010,Albentosa,16-64,2003,195
44010,Albentosa,65-100,2003,75
44010,Albentosa,0-16,2004,38
44010,Albentosa,16-64,2004,192
44010,Albentosa,65-100,2004,65
44010,Albentosa,0-16,2005,38
44010,Albentosa,16-64,2005,196
44010,Albentosa,65-100,2005,65
44010,Albentosa,0-16,2006,43
44010,Albentosa,16-64,2006,212
44010,Albentosa,65-100,2006,62
44010,Albentosa,0-16,2007,52
44010,Albentosa,16-64,2007,221
44010,Albentosa,65-100,2007,61
44010,Albentosa,0-16,2008,55
44010,Albentosa,16-64,2008,198
44010,Albentosa,65-100,2008,57
44010,Albentosa,0-16,2009,58
44010,Albentosa,16-64,2009,202
44010,Albentosa,65-100,2009,57
44010,Albentosa,0-16,2010,48
44010,Albentosa,16-64,2010,203
44010,Albentosa,65-100,2010,59
44010,Albentosa,0-16,2011,51
44010,Albentosa,16-64,2011,190
44010,Albentosa,65-100,2011,60
44010,Albentosa,0-16,2012,48
44010,Albentosa,16-64,2012,179
44010,Albentosa,65-100,2012,63
44010,Albentosa,0-16,2013,48
44010,Albentosa,16-64,2013,185
44010,Albentosa,65-100,2013,63
44010,Albentosa,0-16,2014,45
44010,Albentosa,16-64,2014,171
44010,Albentosa,65-100,2014,63
44010,Albentosa,0-16,2015,46
44010,Albentosa,16-64,2015,163
44010,Albentosa,65-100,2015,61
44010,Albentosa,0-16,2016,46
44010,Albentosa,16-64,2016,165
44010,Albentosa,65-100,2016,56
44010,Albentosa,0-16,2017,38
44010,Albentosa,16-64,2017,163
44010,Albentosa,65-100,2017,54
44010,Albentosa,0-16,2018,45
44010,Albentosa,16-64,2018,161
44010,Albentosa,65-100,2018,51
44010,Albentosa,0-16,2019,52
44010,Albentosa,16-64,2019,169
44010,Albentosa,65-100,2019,55
44010,Albentosa,0-16,2020,55
44010,Albentosa,16-64,2020,181
44010,Albentosa,65-100,2020,53
44010,Albentosa,0-16,2021,51
44010,Albentosa,16-64,2021,189
44010,Albentosa,65-100,2021,54
44010,Albentosa,0-16,2022,49
44010,Albentosa,16-64,2022,178
44010,Albentosa,65-100,2022,48
44010,Albentosa,0-16,2023,52
44010,Albentosa,16-64,2023,202
44010,Albentosa,65-100,2023,48
44010,Albentosa,0-16,2024,49
44010,Albentosa,16-64,2024,198
44010,Albentosa,65-100,2024,50
44010,Albentosa,0-16,2025,39
44010,Albentosa,16-64,2025,200
44010,Albentosa,65-100,2025,48
44011,Alcaine,0-16,2003,0
44011,Alcaine,16-64,2003,52
44011,Alcaine,65-100,2003,17
44011,Alcaine,0-16,2004,0
44011,Alcaine,16-64,2004,42
44011,Alcaine,65-100,2004,23
44011,Alcaine,0-16,2005,0
44011,Alcaine,16-64,2005,59
44011,Alcaine,65-100,2005,21
44011,Alcaine,0-16,2006,0
44011,Alcaine,16-64,2006,60
44011,Alcaine,65-100,2006,24
44011,Alcaine,0-16,2007,0
44011,Alcaine,16-64,2007,50
44011,Alcaine,65-100,2007,24
44011,Alcaine,0-16,2008,0
44011,Alcaine,16-64,2008,41
44011,Alcaine,65-100,2008,24
44011,Alcaine,0-16,2009,0
44011,Alcaine,16-64,2009,40
44011,Alcaine,65-100,2009,27
44011,Alcaine,0-16,2010,0
44011,Alcaine,16-64,2010,45
44011,Alcaine,65-100,2010,24
44011,Alcaine,0-16,2011,1
44011,Alcaine,16-64,2011,43
44011,Alcaine,65-100,2011,23
44011,Alcaine,0-16,2012,1
44011,Alcaine,16-64,2012,43
44011,Alcaine,65-100,2012,25
44011,Alcaine,0-16,2013,1
44011,Alcaine,16-64,2013,44
44011,Alcaine,65-100,2013,24
44011,Alcaine,0-16,2014,2
44011,Alcaine,16-64,2014,45
44011,Alcaine,65-100,2014,25
44011,Alcaine,0-16,2015,3
44011,Alcaine,16-64,2015,47
44011,Alcaine,65-100,2015,24
44011,Alcaine,0-16,2016,4
44011,Alcaine,16-64,2016,41
44011,Alcaine,65-100,2016,25
44011,Alcaine,0-16,2017,4
44011,Alcaine,16-64,2017,34
44011,Alcaine,65-100,2017,24
44011,Alcaine,0-16,2018,5
44011,Alcaine,16-64,2018,31
44011,Alcaine,65-100,2018,27
44011,Alcaine,0-16,2019,5
44011,Alcaine,16-64,2019,25
44011,Alcaine,65-100,2019,29
44011,Alcaine,0-16,2020,2
44011,Alcaine,16-64,2020,24
44011,Alcaine,65-100,2020,27
44011,Alcaine,0-16,2021,2
44011,Alcaine,16-64,2021,22
44011,Alcaine,65-100,2021,22
44011,Alcaine,0-16,2022,2
44011,Alcaine,16-64,2022,21
44011,Alcaine,65-100,2022,23
44011,Alcaine,0-16,2023,3
44011,Alcaine,16-64,2023,25
44011,Alcaine,65-100,2023,20
44011,Alcaine,0-16,2024,0
44011,Alcaine,16-64,2024,20
44011,Alcaine,65-100,2024,18
44011,Alcaine,0-16,2025,0
44011,Alcaine,16-64,2025,20
44011,Alcaine,65-100,2025,18
44012,Alcalá de la Selva,0-16,2003,73
44012,Alcalá de la Selva,16-64,2003,335
44012,Alcalá de la Selva,65-100,2003,119
44012,Alcalá de la Selva,0-16,2004,76
44012,Alcalá de la Selva,16-64,2004,330
44012,Alcalá de la Selva,65-100,2004,117
44012,Alcalá de la Selva,0-16,2005,62
44012,Alcalá de la Selva,16-64,2005,318
44012,Alcalá de la Selva,65-100,2005,119
44012,Alcalá de la Selva,0-16,2006,60
44012,Alcalá de la Selva,16-64,2006,334
44012,Alcalá de la Selva,65-100,2006,118
44012,Alcalá de la Selva,0-16,2007,66
44012,Alcalá de la Selva,16-64,2007,328
44012,Alcalá de la Selva,65-100,2007,116
44012,Alcalá de la Selva,0-16,2008,60
44012,Alcalá de la Selva,16-64,2008,334
44012,Alcalá de la Selva,65-100,2008,112
44012,Alcalá de la Selva,0-16,2009,66
44012,Alcalá de la Selva,16-64,2009,334
44012,Alcalá de la Selva,65-100,2009,113
44012,Alcalá de la Selva,0-16,2010,69
44012,Alcalá de la Selva,16-64,2010,337
44012,Alcalá de la Selva,65-100,2010,107
44012,Alcalá de la Selva,0-16,2011,64
44012,Alcalá de la Selva,16-64,2011,347
44012,Alcalá de la Selva,65-100,2011,105
44012,Alcalá de la Selva,0-16,2012,63
44012,Alcalá de la Selva,16-64,2012,325
44012,Alcalá de la Selva,65-100,2012,108
44012,Alcalá de la Selva,0-16,2013,52
44012,Alcalá de la Selva,16-64,2013,301
44012,Alcalá de la Selva,65-100,2013,104
44012,Alcalá de la Selva,0-16,2014,46
44012,Alcalá de la Selva,16-64,2014,281
44012,Alcalá de la Selva,65-100,2014,97
44012,Alcalá de la Selva,0-16,2015,39
44012,Alcalá de la Selva,16-64,2015,264
44012,Alcalá de la Selva,65-100,2015,96
44012,Alcalá de la Selva,0-16,2016,35
44012,Alcalá de la Selva,16-64,2016,260
44012,Alcalá de la Selva,65-100,2016,103
44012,Alcalá de la Selva,0-16,2017,30
44012,Alcalá de la Selva,16-64,2017,233
44012,Alcalá de la Selva,65-100,2017,106
44012,Alcalá de la Selva,0-16,2018,24
44012,Alcalá de la Selva,16-64,2018,222
44012,Alcalá de la Selva,65-100,2018,101
44012,Alcalá de la Selva,0-16,2019,25
44012,Alcalá de la Selva,16-64,2019,219
44012,Alcalá de la Selva,65-100,2019,99
44012,Alcalá de la Selva,0-16,2020,20
44012,Alcalá de la Selva,16-64,2020,219
44012,Alcalá de la Selva,65-100,2020,92
44012,Alcalá de la Selva,0-16,2021,27
44012,Alcalá de la Selva,16-64,2021,227
44012,Alcalá de la Selva,65-100,2021,98
44012,Alcalá de la Selva,0-16,2022,32
44012,Alcalá de la Selva,16-64,2022,249
44012,Alcalá de la Selva,65-100,2022,102
44012,Alcalá de la Selva,0-16,2023,33
44012,Alcalá de la Selva,16-64,2023,248
44012,Alcalá de la Selva,65-100,2023,100
44012,Alcalá de la Selva,0-16,2024,35
44012,Alcalá de la Selva,16-64,2024,238
44012,Alcalá de la Selva,65-100,2024,105
44012,Alcalá de la Selva,0-16,2025,36
44012,Alcalá de la Selva,16-64,2025,235
44012,Alcalá de la Selva,65-100,2025,110
44013,Alcañiz,0-16,2003,2299
44013,Alcañiz,16-64,2003,9287
44013,Alcañiz,65-100,2003,2797
44013,Alcañiz,0-16,2004,2317
44013,Alcañiz,16-64,2004,9591
44013,Alcañiz,65-100,2004,2796
44013,Alcañiz,0-16,2005,2382
44013,Alcañiz,16-64,2005,10006
44013,Alcañiz,65-100,2005,2742
44013,Alcañiz,0-16,2006,2517
44013,Alcañiz,16-64,2006,10131
44013,Alcañiz,65-100,2006,2799
44013,Alcañiz,0-16,2007,2577
44013,Alcañiz,16-64,2007,10267
44013,Alcañiz,65-100,2007,2743
44013,Alcañiz,0-16,2008,2746
44013,Alcañiz,16-64,2008,10726
44013,Alcañiz,65-100,2008,2761
44013,Alcañiz,0-16,2009,2780
44013,Alcañiz,16-64,2009,10859
44013,Alcañiz,65-100,2009,2753
44013,Alcañiz,0-16,2010,2779
44013,Alcañiz,16-64,2010,10753
44013,Alcañiz,65-100,2010,2759
44013,Alcañiz,0-16,2011,2895
44013,Alcañiz,16-64,2011,10761
44013,Alcañiz,65-100,2011,2764
44013,Alcañiz,0-16,2012,2960
44013,Alcañiz,16-64,2012,10680
44013,Alcañiz,65-100,2012,2784
44013,Alcañiz,0-16,2013,2967
44013,Alcañiz,16-64,2013,10603
44013,Alcañiz,65-100,2013,2814
44013,Alcañiz,0-16,2014,2949
44013,Alcañiz,16-64,2014,10514
44013,Alcañiz,65-100,2014,2870
44013,Alcañiz,0-16,2015,2934
44013,Alcañiz,16-64,2015,10446
44013,Alcañiz,65-100,2015,2850
44013,Alcañiz,0-16,2016,2906
44013,Alcañiz,16-64,2016,10224
44013,Alcañiz,65-100,2016,2913
44013,Alcañiz,0-16,2017,2860
44013,Alcañiz,16-64,2017,10136
44013,Alcañiz,65-100,2017,2941
44013,Alcañiz,0-16,2018,2859
44013,Alcañiz,16-64,2018,10090
44013,Alcañiz,65-100,2018,2990
44013,Alcañiz,0-16,2019,2860
44013,Alcañiz,16-64,2019,10060
44013,Alcañiz,65-100,2019,3027
44013,Alcañiz,0-16,2020,2842
44013,Alcañiz,16-64,2020,10128
44013,Alcañiz,65-100,2020,3036
44013,Alcañiz,0-16,2021,2851
44013,Alcañiz,16-64,2021,10113
44013,Alcañiz,65-100,2021,3065
44013,Alcañiz,0-16,2022,2809
44013,Alcañiz,16-64,2022,10149
44013,Alcañiz,65-100,2022,3096
44013,Alcañiz,0-16,2023,2775
44013,Alcañiz,16-64,2023,10202
44013,Alcañiz,65-100,2023,3131
44013,Alcañiz,0-16,2024,2699
44013,Alcañiz,16-64,2024,10255
44013,Alcañiz,65-100,2024,3233
44013,Alcañiz,0-16,2025,2693
44013,Alcañiz,16-64,2025,10437
44013,Alcañiz,65-100,2025,3317
44014,Alcorisa,0-16,2003,562
44014,Alcorisa,16-64,2003,2126
44014,Alcorisa,65-100,2003,728
44014,Alcorisa,0-16,2004,576
44014,Alcorisa,16-64,2004,2194
44014,Alcorisa,65-100,2004,725
44014,Alcorisa,0-16,2005,582
44014,Alcorisa,16-64,2005,2304
44014,Alcorisa,65-100,2005,696
44014,Alcorisa,0-16,2006,574
44014,Alcorisa,16-64,2006,2359
44014,Alcorisa,65-100,2006,700
44014,Alcorisa,0-16,2007,592
44014,Alcorisa,16-64,2007,2371
44014,Alcorisa,65-100,2007,687
44014,Alcorisa,0-16,2008,598
44014,Alcorisa,16-64,2008,2412
44014,Alcorisa,65-100,2008,682
44014,Alcorisa,0-16,2009,615
44014,Alcorisa,16-64,2009,2393
44014,Alcorisa,65-100,2009,690
44014,Alcorisa,0-16,2010,604
44014,Alcorisa,16-64,2010,2363
44014,Alcorisa,65-100,2010,675
44014,Alcorisa,0-16,2011,589
44014,Alcorisa,16-64,2011,2367
44014,Alcorisa,65-100,2011,666
44014,Alcorisa,0-16,2012,568
44014,Alcorisa,16-64,2012,2322
44014,Alcorisa,65-100,2012,666
44014,Alcorisa,0-16,2013,549
44014,Alcorisa,16-64,2013,2279
44014,Alcorisa,65-100,2013,673
44014,Alcorisa,0-16,2014,541
44014,Alcorisa,16-64,2014,2227
44014,Alcorisa,65-100,2014,665
44014,Alcorisa,0-16,2015,531
44014,Alcorisa,16-64,2015,2182
44014,Alcorisa,65-100,2015,661
44014,Alcorisa,0-16,2016,522
44014,Alcorisa,16-64,2016,2133
44014,Alcorisa,65-100,2016,671
44014,Alcorisa,0-16,2017,523
44014,Alcorisa,16-64,2017,2111
44014,Alcorisa,65-100,2017,679
44014,Alcorisa,0-16,2018,513
44014,Alcorisa,16-64,2018,2088
44014,Alcorisa,65-100,2018,675
44014,Alcorisa,0-16,2019,517
44014,Alcorisa,16-64,2019,2053
44014,Alcorisa,65-100,2019,696
44014,Alcorisa,0-16,2020,528
44014,Alcorisa,16-64,2020,2067
44014,Alcorisa,65-100,2020,703
44014,Alcorisa,0-16,2021,533
44014,Alcorisa,16-64,2021,2059
44014,Alcorisa,65-100,2021,701
44014,Alcorisa,0-16,2022,511
44014,Alcorisa,16-64,2022,2030
44014,Alcorisa,65-100,2022,711
44014,Alcorisa,0-16,2023,510
44014,Alcorisa,16-64,2023,2021
44014,Alcorisa,65-100,2023,705
44014,Alcorisa,0-16,2024,507
44014,Alcorisa,16-64,2024,2007
44014,Alcorisa,65-100,2024,712
44014,Alcorisa,0-16,2025,491
44014,Alcorisa,16-64,2025,2015
44014,Alcorisa,65-100,2025,736
44016,Alfambra,0-16,2003,55
44016,Alfambra,16-64,2003,358
44016,Alfambra,65-100,2003,216
44016,Alfambra,0-16,2004,52
44016,Alfambra,16-64,2004,374
44016,Alfambra,65-100,2004,214
44016,Alfambra,0-16,2005,51
44016,Alfambra,16-64,2005,389
44016,Alfambra,65-100,2005,242
44016,Alfambra,0-16,2006,59
44016,Alfambra,16-64,2006,417
44016,Alfambra,65-100,2006,264
44016,Alfambra,0-16,2007,56
44016,Alfambra,16-64,2007,414
44016,Alfambra,65-100,2007,286
44016,Alfambra,0-16,2008,52
44016,Alfambra,16-64,2008,404
44016,Alfambra,65-100,2008,284
44016,Alfambra,0-16,2009,52
44016,Alfambra,16-64,2009,394
44016,Alfambra,65-100,2009,277
44016,Alfambra,0-16,2010,46
44016,Alfambra,16-64,2010,361
44016,Alfambra,65-100,2010,269
44016,Alfambra,0-16,2011,42
44016,Alfambra,16-64,2011,367
44016,Alfambra,65-100,2011,268
44016,Alfambra,0-16,2012,45
44016,Alfambra,16-64,2012,326
44016,Alfambra,65-100,2012,251
44016,Alfambra,0-16,2013,40
44016,Alfambra,16-64,2013,311
44016,Alfambra,65-100,2013,233
44016,Alfambra,0-16,2014,40
44016,Alfambra,16-64,2014,307
44016,Alfambra,65-100,2014,240
44016,Alfambra,0-16,2015,40
44016,Alfambra,16-64,2015,292
44016,Alfambra,65-100,2015,239
44016,Alfambra,0-16,2016,38
44016,Alfambra,16-64,2016,296
44016,Alfambra,65-100,2016,234
44016,Alfambra,0-16,2017,39
44016,Alfambra,16-64,2017,284
44016,Alfambra,65-100,2017,231
44016,Alfambra,0-16,2018,42
44016,Alfambra,16-64,2018,271
44016,Alfambra,65-100,2018,218
44016,Alfambra,0-16,2019,38
44016,Alfambra,16-64,2019,254
44016,Alfambra,65-100,2019,216
44016,Alfambra,0-16,2020,37
44016,Alfambra,16-64,2020,241
44016,Alfambra,65-100,2020,204
44016,Alfambra,0-16,2021,38
44016,Alfambra,16-64,2021,249
44016,Alfambra,65-100,2021,196
44016,Alfambra,0-16,2022,46
44016,Alfambra,16-64,2022,255
44016,Alfambra,65-100,2022,189
44016,Alfambra,0-16,2023,42
44016,Alfambra,16-64,2023,253
44016,Alfambra,65-100,2023,186
44016,Alfambra,0-16,2024,44
44016,Alfambra,16-64,2024,256
44016,Alfambra,65-100,2024,186
44016,Alfambra,0-16,2025,44
44016,Alfambra,16-64,2025,264
44016,Alfambra,65-100,2025,177
44017,Aliaga,0-16,2003,32
44017,Aliaga,16-64,2003,202
44017,Aliaga,65-100,2003,155
44017,Aliaga,0-16,2004,29
44017,Aliaga,16-64,2004,203
44017,Aliaga,65-100,2004,157
44017,Aliaga,0-16,2005,28
44017,Aliaga,16-64,2005,225
44017,Aliaga,65-100,2005,146
44017,Aliaga,0-16,2006,34
44017,Aliaga,16-64,2006,234
44017,Aliaga,65-100,2006,141
44017,Aliaga,0-16,2007,35
44017,Aliaga,16-64,2007,255
44017,Aliaga,65-100,2007,132
44017,Aliaga,0-16,2008,33
44017,Aliaga,16-64,2008,253
44017,Aliaga,65-100,2008,129
44017,Aliaga,0-16,2009,30
44017,Aliaga,16-64,2009,246
44017,Aliaga,65-100,2009,108
44017,Aliaga,0-16,2010,30
44017,Aliaga,16-64,2010,238
44017,Aliaga,65-100,2010,113
44017,Aliaga,0-16,2011,31
44017,Aliaga,16-64,2011,236
44017,Aliaga,65-100,2011,115
44017,Aliaga,0-16,2012,31
44017,Aliaga,16-64,2012,235
44017,Aliaga,65-100,2012,100
44017,Aliaga,0-16,2013,34
44017,Aliaga,16-64,2013,235
44017,Aliaga,65-100,2013,92
44017,Aliaga,0-16,2014,40
44017,Aliaga,16-64,2014,225
44017,Aliaga,65-100,2014,93
44017,Aliaga,0-16,2015,49
44017,Aliaga,16-64,2015,228
44017,Aliaga,65-100,2015,88
44017,Aliaga,0-16,2016,41
44017,Aliaga,16-64,2016,212
44017,Aliaga,65-100,2016,95
44017,Aliaga,0-16,2017,43
44017,Aliaga,16-64,2017,209
44017,Aliaga,65-100,2017,96
44017,Aliaga,0-16,2018,47
44017,Aliaga,16-64,2018,215
44017,Aliaga,65-100,2018,96
44017,Aliaga,0-16,2019,40
44017,Aliaga,16-64,2019,207
44017,Aliaga,65-100,2019,94
44017,Aliaga,0-16,2020,34
44017,Aliaga,16-64,2020,195
44017,Aliaga,65-100,2020,97
44017,Aliaga,0-16,2021,34
44017,Aliaga,16-64,2021,199
44017,Aliaga,65-100,2021,100
44017,Aliaga,0-16,2022,32
44017,Aliaga,16-64,2022,196
44017,Aliaga,65-100,2022,95
44017,Aliaga,0-16,2023,32
44017,Aliaga,16-64,2023,207
44017,Aliaga,65-100,2023,103
44017,Aliaga,0-16,2024,32
44017,Aliaga,16-64,2024,209
44017,Aliaga,65-100,2024,105
44017,Aliaga,0-16,2025,34
44017,Aliaga,16-64,2025,207
44017,Aliaga,65-100,2025,102
44018,Almohaja,0-16,2003,0
44018,Almohaja,16-64,2003,19
44018,Almohaja,65-100,2003,12
44018,Almohaja,0-16,2004,0
44018,Almohaja,16-64,2004,19
44018,Almohaja,65-100,2004,9
44018,Almohaja,0-16,2005,0
44018,Almohaja,16-64,2005,21
44018,Almohaja,65-100,2005,9
44018,Almohaja,0-16,2006,0
44018,Almohaja,16-64,2006,20
44018,Almohaja,65-100,2006,10
44018,Almohaja,0-16,2007,0
44018,Almohaja,16-64,2007,20
44018,Almohaja,65-100,2007,8
44018,Almohaja,0-16,2008,0
44018,Almohaja,16-64,2008,18
44018,Almohaja,65-100,2008,10
44018,Almohaja,0-16,2009,0
44018,Almohaja,16-64,2009,12
44018,Almohaja,65-100,2009,11
44018,Almohaja,0-16,2010,0
44018,Almohaja,16-64,2010,19
44018,Almohaja,65-100,2010,10
44018,Almohaja,0-16,2011,0
44018,Almohaja,16-64,2011,21
44018,Almohaja,65-100,2011,8
44018,Almohaja,0-16,2012,0
44018,Almohaja,16-64,2012,21
44018,Almohaja,65-100,2012,7
44018,Almohaja,0-16,2013,0
44018,Almohaja,16-64,2013,14
44018,Almohaja,65-100,2013,7
44018,Almohaja,0-16,2014,0
44018,Almohaja,16-64,2014,13
44018,Almohaja,65-100,2014,8
44018,Almohaja,0-16,2015,0
44018,Almohaja,16-64,2015,11
44018,Almohaja,65-100,2015,9
44018,Almohaja,0-16,2016,0
44018,Almohaja,16-64,2016,11
44018,Almohaja,65-100,2016,8
44018,Almohaja,0-16,2017,0
44018,Almohaja,16-64,2017,9
44018,Almohaja,65-100,2017,9
44018,Almohaja,0-16,2018,0
44018,Almohaja,16-64,2018,6
44018,Almohaja,65-100,2018,10
44018,Almohaja,0-16,2019,0
44018,Almohaja,16-64,2019,6
44018,Almohaja,65-100,2019,10
44018,Almohaja,0-16,2020,0
44018,Almohaja,16-64,2020,6
44018,Almohaja,65-100,2020,8
44018,Almohaja,0-16,2021,0
44018,Almohaja,16-64,2021,6
44018,Almohaja,65-100,2021,8
44018,Almohaja,0-16,2022,0
44018,Almohaja,16-64,2022,7
44018,Almohaja,65-100,2022,9
44018,Almohaja,0-16,2023,0
44018,Almohaja,16-64,2023,10
44018,Almohaja,65-100,2023,7
44018,Almohaja,0-16,2024,0
44018,Almohaja,16-64,2024,8
44018,Almohaja,65-100,2024,4
44018,Almohaja,0-16,2025,0
44018,Almohaja,16-64,2025,7
44018,Almohaja,65-100,2025,3
44019,Alobras,0-16,2003,0
44019,Alobras,16-64,2003,39
44019,Alobras,65-100,2003,45
44019,Alobras,0-16,2004,0
44019,Alobras,16-64,2004,43
44019,Alobras,65-100,2004,42
44019,Alobras,0-16,2005,2
44019,Alobras,16-64,2005,38
44019,Alobras,65-100,2005,42
44019,Alobras,0-16,2006,2
44019,Alobras,16-64,2006,40
44019,Alobras,65-100,2006,37
44019,Alobras,0-16,2007,3
44019,Alobras,16-64,2007,35
44019,Alobras,65-100,2007,33
44019,Alobras,0-16,2008,3
44019,Alobras,16-64,2008,39
44019,Alobras,65-100,2008,31
44019,Alobras,0-16,2009,3
44019,Alobras,16-64,2009,36
44019,Alobras,65-100,2009,31
44019,Alobras,0-16,2010,3
44019,Alobras,16-64,2010,37
44019,Alobras,65-100,2010,30
44019,Alobras,0-16,2011,4
44019,Alobras,16-64,2011,42
44019,Alobras,65-100,2011,29
44019,Alobras,0-16,2012,4
44019,Alobras,16-64,2012,45
44019,Alobras,65-100,2012,30
44019,Alobras,0-16,2013,4
44019,Alobras,16-64,2013,48
44019,Alobras,65-100,2013,27
44019,Alobras,0-16,2014,1
44019,Alobras,16-64,2014,47
44019,Alobras,65-100,2014,27
44019,Alobras,0-16,2015,0
44019,Alobras,16-64,2015,42
44019,Alobras,65-100,2015,28
44019,Alobras,0-16,2016,0
44019,Alobras,16-64,2016,37
44019,Alobras,65-100,2016,26
44019,Alobras,0-16,2017,0
44019,Alobras,16-64,2017,38
44019,Alobras,65-100,2017,27
44019,Alobras,0-16,2018,0
44019,Alobras,16-64,2018,37
44019,Alobras,65-100,2018,25
44019,Alobras,0-16,2019,0
44019,Alobras,16-64,2019,40
44019,Alobras,65-100,2019,24
44019,Alobras,0-16,2020,0
44019,Alobras,16-64,2020,45
44019,Alobras,65-100,2020,19
44019,Alobras,0-16,2021,0
44019,Alobras,16-64,2021,48
44019,Alobras,65-100,2021,17
44019,Alobras,0-16,2022,3
44019,Alobras,16-64,2022,46
44019,Alobras,65-100,2022,18
44019,Alobras,0-16,2023,1
44019,Alobras,16-64,2023,49
44019,Alobras,65-100,2023,21
44019,Alobras,0-16,2024,1
44019,Alobras,16-64,2024,49
44019,Alobras,65-100,2024,19
44019,Alobras,0-16,2025,0
44019,Alobras,16-64,2025,44
44019,Alobras,65-100,2025,19
44020,Alpeñés,0-16,2003,4
44020,Alpeñés,16-64,2003,15
44020,Alpeñés,65-100,2003,9
44020,Alpeñés,0-16,2004,4
44020,Alpeñés,16-64,2004,15
44020,Alpeñés,65-100,2004,8
44020,Alpeñés,0-16,2005,4
44020,Alpeñés,16-64,2005,15
44020,Alpeñés,65-100,2005,8
44020,Alpeñés,0-16,2006,3
44020,Alpeñés,16-64,2006,14
44020,Alpeñés,65-100,2006,9
44020,Alpeñés,0-16,2007,3
44020,Alpeñés,16-64,2007,14
44020,Alpeñés,65-100,2007,9
44020,Alpeñés,0-16,2008,2
44020,Alpeñés,16-64,2008,14
44020,Alpeñés,65-100,2008,9
44020,Alpeñés,0-16,2009,2
44020,Alpeñés,16-64,2009,13
44020,Alpeñés,65-100,2009,10
44020,Alpeñés,0-16,2010,2
44020,Alpeñés,16-64,2010,12
44020,Alpeñés,65-100,2010,13
44020,Alpeñés,0-16,2011,1
44020,Alpeñés,16-64,2011,12
44020,Alpeñés,65-100,2011,13
44020,Alpeñés,0-16,2012,0
44020,Alpeñés,16-64,2012,13
44020,Alpeñés,65-100,2012,12
44020,Alpeñés,0-16,2013,0
44020,Alpeñés,16-64,2013,8
44020,Alpeñés,65-100,2013,11
44020,Alpeñés,0-16,2014,0
44020,Alpeñés,16-64,2014,8
44020,Alpeñés,65-100,2014,11
44020,Alpeñés,0-16,2015,0
44020,Alpeñés,16-64,2015,12
44020,Alpeñés,65-100,2015,9
44020,Alpeñés,0-16,2016,0
44020,Alpeñés,16-64,2016,14
44020,Alpeñés,65-100,2016,9
44020,Alpeñés,0-16,2017,0
44020,Alpeñés,16-64,2017,15
44020,Alpeñés,65-100,2017,8
44020,Alpeñés,0-16,2018,0
44020,Alpeñés,16-64,2018,14
44020,Alpeñés,65-100,2018,8
44020,Alpeñés,0-16,2019,0
44020,Alpeñés,16-64,2019,14
44020,Alpeñés,65-100,2019,8
44020,Alpeñés,0-16,2020,0
44020,Alpeñés,16-64,2020,12
44020,Alpeñés,65-100,2020,9
44020,Alpeñés,0-16,2021,0
44020,Alpeñés,16-64,2021,12
44020,Alpeñés,65-100,2021,8
44020,Alpeñés,0-16,2022,0
44020,Alpeñés,16-64,2022,11
44020,Alpeñés,65-100,2022,9
44020,Alpeñés,0-16,2023,1
44020,Alpeñés,16-64,2023,14
44020,Alpeñés,65-100,2023,10
44020,Alpeñés,0-16,2024,2
44020,Alpeñés,16-64,2024,13
44020,Alpeñés,65-100,2024,11
44020,Alpeñés,0-16,2025,2
44020,Alpeñés,16-64,2025,15
44020,Alpeñés,65-100,2025,10
44021,Allepuz,0-16,2003,9
44021,Allepuz,16-64,2003,71
44021,Allepuz,65-100,2003,57
44021,Allepuz,0-16,2004,12
44021,Allepuz,16-64,2004,76
44021,Allepuz,65-100,2004,57
44021,Allepuz,0-16,2005,9
44021,Allepuz,16-64,2005,74
44021,Allepuz,65-100,2005,54
44021,Allepuz,0-16,2006,7
44021,Allepuz,16-64,2006,80
44021,Allepuz,65-100,2006,54
44021,Allepuz,0-16,2007,6
44021,Allepuz,16-64,2007,75
44021,Allepuz,65-100,2007,54
44021,Allepuz,0-16,2008,7
44021,Allepuz,16-64,2008,82
44021,Allepuz,65-100,2008,51
44021,Allepuz,0-16,2009,7
44021,Allepuz,16-64,2009,78
44021,Allepuz,65-100,2009,49
44021,Allepuz,0-16,2010,6
44021,Allepuz,16-64,2010,77
44021,Allepuz,65-100,2010,50
44021,Allepuz,0-16,2011,6
44021,Allepuz,16-64,2011,74
44021,Allepuz,65-100,2011,49
44021,Allepuz,0-16,2012,6
44021,Allepuz,16-64,2012,67
44021,Allepuz,65-100,2012,48
44021,Allepuz,0-16,2013,8
44021,Allepuz,16-64,2013,64
44021,Allepuz,65-100,2013,47
44021,Allepuz,0-16,2014,7
44021,Allepuz,16-64,2014,62
44021,Allepuz,65-100,2014,48
44021,Allepuz,0-16,2015,9
44021,Allepuz,16-64,2015,64
44021,Allepuz,65-100,2015,45
44021,Allepuz,0-16,2016,13
44021,Allepuz,16-64,2016,66
44021,Allepuz,65-100,2016,49
44021,Allepuz,0-16,2017,15
44021,Allepuz,16-64,2017,64
44021,Allepuz,65-100,2017,50
44021,Allepuz,0-16,2018,14
44021,Allepuz,16-64,2018,65
44021,Allepuz,65-100,2018,47
44021,Allepuz,0-16,2019,14
44021,Allepuz,16-64,2019,63
44021,Allepuz,65-100,2019,48
44021,Allepuz,0-16,2020,14
44021,Allepuz,16-64,2020,64
44021,Allepuz,65-100,2020,46
44021,Allepuz,0-16,2021,15
44021,Allepuz,16-64,2021,66
44021,Allepuz,65-100,2021,47
44021,Allepuz,0-16,2022,14
44021,Allepuz,16-64,2022,66
44021,Allepuz,65-100,2022,44
44021,Allepuz,0-16,2023,12
44021,Allepuz,16-64,2023,69
44021,Allepuz,65-100,2023,40
44021,Allepuz,0-16,2024,12
44021,Allepuz,16-64,2024,70
44021,Allepuz,65-100,2024,42
44021,Allepuz,0-16,2025,10
44021,Allepuz,16-64,2025,72
44021,Allepuz,65-100,2025,41
44022,Alloza,0-16,2003,76
44022,Alloza,16-64,2003,375
44022,Alloza,65-100,2003,252
44022,Alloza,0-16,2004,70
44022,Alloza,16-64,2004,367
44022,Alloza,65-100,2004,254
44022,Alloza,0-16,2005,72
44022,Alloza,16-64,2005,373
44022,Alloza,65-100,2005,247
44022,Alloza,0-16,2006,61
44022,Alloza,16-64,2006,385
44022,Alloza,65-100,2006,249
44022,Alloza,0-16,2007,57
44022,Alloza,16-64,2007,403
44022,Alloza,65-100,2007,238
44022,Alloza,0-16,2008,71
44022,Alloza,16-64,2008,408
44022,Alloza,65-100,2008,230
44022,Alloza,0-16,2009,79
44022,Alloza,16-64,2009,411
44022,Alloza,65-100,2009,221
44022,Alloza,0-16,2010,75
44022,Alloza,16-64,2010,409
44022,Alloza,65-100,2010,227
44022,Alloza,0-16,2011,75
44022,Alloza,16-64,2011,403
44022,Alloza,65-100,2011,223
44022,Alloza,0-16,2012,67
44022,Alloza,16-64,2012,393
44022,Alloza,65-100,2012,213
44022,Alloza,0-16,2013,68
44022,Alloza,16-64,2013,393
44022,Alloza,65-100,2013,206
44022,Alloza,0-16,2014,68
44022,Alloza,16-64,2014,374
44022,Alloza,65-100,2014,196
44022,Alloza,0-16,2015,61
44022,Alloza,16-64,2015,349
44022,Alloza,65-100,2015,194
44022,Alloza,0-16,2016,60
44022,Alloza,16-64,2016,346
44022,Alloza,65-100,2016,196
44022,Alloza,0-16,2017,59
44022,Alloza,16-64,2017,341
44022,Alloza,65-100,2017,194
44022,Alloza,0-16,2018,60
44022,Alloza,16-64,2018,325
44022,Alloza,65-100,2018,197
44022,Alloza,0-16,2019,60
44022,Alloza,16-64,2019,303
44022,Alloza,65-100,2019,195
44022,Alloza,0-16,2020,66
44022,Alloza,16-64,2020,312
44022,Alloza,65-100,2020,194
44022,Alloza,0-16,2021,67
44022,Alloza,16-64,2021,313
44022,Alloza,65-100,2021,197
44022,Alloza,0-16,2022,56
44022,Alloza,16-64,2022,307
44022,Alloza,65-100,2022,190
44022,Alloza,0-16,2023,56
44022,Alloza,16-64,2023,291
44022,Alloza,65-100,2023,193
44022,Alloza,0-16,2024,59
44022,Alloza,16-64,2024,303
44022,Alloza,65-100,2024,189
44022,Alloza,0-16,2025,57
44022,Alloza,16-64,2025,311
44022,Alloza,65-100,2025,188
44023,Allueva,0-16,2003,0
44023,Allueva,16-64,2003,6
44023,Allueva,65-100,2003,8
44023,Allueva,0-16,2004,0
44023,Allueva,16-64,2004,6
44023,Allueva,65-100,2004,7
44023,Allueva,0-16,2005,0
44023,Allueva,16-64,2005,6
44023,Allueva,65-100,2005,5
44023,Allueva,0-16,2006,0
44023,Allueva,16-64,2006,5
44023,Allueva,65-100,2006,7
44023,Allueva,0-16,2007,0
44023,Allueva,16-64,2007,8
44023,Allueva,65-100,2007,5
44023,Allueva,0-16,2008,0
44023,Allueva,16-64,2008,9
44023,Allueva,65-100,2008,6
44023,Allueva,0-16,2009,1
44023,Allueva,16-64,2009,7
44023,Allueva,65-100,2009,7
44023,Allueva,0-16,2010,1
44023,Allueva,16-64,2010,7
44023,Allueva,65-100,2010,7
44023,Allueva,0-16,2011,4
44023,Allueva,16-64,2011,12
44023,Allueva,65-100,2011,7
44023,Allueva,0-16,2012,4
44023,Allueva,16-64,2012,11
44023,Allueva,65-100,2012,6
44023,Allueva,0-16,2013,1
44023,Allueva,16-64,2013,7
44023,Allueva,65-100,2013,7
44023,Allueva,0-16,2014,1
44023,Allueva,16-64,2014,8
44023,Allueva,65-100,2014,6
44023,Allueva,0-16,2015,2
44023,Allueva,16-64,2015,17
44023,Allueva,65-100,2015,8
44023,Allueva,0-16,2016,2
44023,Allueva,16-64,2016,17
44023,Allueva,65-100,2016,10
44023,Allueva,0-16,2017,2
44023,Allueva,16-64,2017,17
44023,Allueva,65-100,2017,12
44023,Allueva,0-16,2018,3
44023,Allueva,16-64,2018,16
44023,Allueva,65-100,2018,10
44023,Allueva,0-16,2019,2
44023,Allueva,16-64,2019,14
44023,Allueva,65-100,2019,10
44023,Allueva,0-16,2020,2
44023,Allueva,16-64,2020,13
44023,Allueva,65-100,2020,9
44023,Allueva,0-16,2021,1
44023,Allueva,16-64,2021,13
44023,Allueva,65-100,2021,8
44023,Allueva,0-16,2022,2
44023,Allueva,16-64,2022,11
44023,Allueva,65-100,2022,8
44023,Allueva,0-16,2023,2
44023,Allueva,16-64,2023,14
44023,Allueva,65-100,2023,11
44023,Allueva,0-16,2024,3
44023,Allueva,16-64,2024,16
44023,Allueva,65-100,2024,11
44023,Allueva,0-16,2025,3
44023,Allueva,16-64,2025,17
44023,Allueva,65-100,2025,11
44024,Anadón,0-16,2003,0
44024,Anadón,16-64,2003,11
44024,Anadón,65-100,2003,8
44024,Anadón,0-16,2004,0
44024,Anadón,16-64,2004,11
44024,Anadón,65-100,2004,8
44024,Anadón,0-16,2005,0
44024,Anadón,16-64,2005,11
44024,Anadón,65-100,2005,5
44024,Anadón,0-16,2006,0
44024,Anadón,16-64,2006,14
44024,Anadón,65-100,2006,6
44024,Anadón,0-16,2007,0
44024,Anadón,16-64,2007,14
44024,Anadón,65-100,2007,7
44024,Anadón,0-16,2008,0
44024,Anadón,16-64,2008,14
44024,Anadón,65-100,2008,6
44024,Anadón,0-16,2009,0
44024,Anadón,16-64,2009,14
44024,Anadón,65-100,2009,6
44024,Anadón,0-16,2010,0
44024,Anadón,16-64,2010,15
44024,Anadón,65-100,2010,6
44024,Anadón,0-16,2011,0
44024,Anadón,16-64,2011,18
44024,Anadón,65-100,2011,6
44024,Anadón,0-16,2012,0
44024,Anadón,16-64,2012,21
44024,Anadón,65-100,2012,6
44024,Anadón,0-16,2013,0
44024,Anadón,16-64,2013,18
44024,Anadón,65-100,2013,5
44024,Anadón,0-16,2014,0
44024,Anadón,16-64,2014,19
44024,Anadón,65-100,2014,5
44024,Anadón,0-16,2015,0
44024,Anadón,16-64,2015,20
44024,Anadón,65-100,2015,5
44024,Anadón,0-16,2016,0
44024,Anadón,16-64,2016,21
44024,Anadón,65-100,2016,6
44024,Anadón,0-16,2017,0
44024,Anadón,16-64,2017,21
44024,Anadón,65-100,2017,6
44024,Anadón,0-16,2018,0
44024,Anadón,16-64,2018,21
44024,Anadón,65-100,2018,6
44024,Anadón,0-16,2019,0
44024,Anadón,16-64,2019,21
44024,Anadón,65-100,2019,7
44024,Anadón,0-16,2020,0
44024,Anadón,16-64,2020,23
44024,Anadón,65-100,2020,9
44024,Anadón,0-16,2021,0
44024,Anadón,16-64,2021,23
44024,Anadón,65-100,2021,9
44024,Anadón,0-16,2022,0
44024,Anadón,16-64,2022,23
44024,Anadón,65-100,2022,10
44024,Anadón,0-16,2023,0
44024,Anadón,16-64,2023,23
44024,Anadón,65-100,2023,10
44024,Anadón,0-16,2024,0
44024,Anadón,16-64,2024,23
44024,Anadón,65-100,2024,11
44024,Anadón,0-16,2025,0
44024,Anadón,16-64,2025,22
44024,Anadón,65-100,2025,13
44025,Andorra,0-16,2003,1273
44025,Andorra,16-64,2003,5228
44025,Andorra,65-100,2003,1368
44025,Andorra,0-16,2004,1222
44025,Andorra,16-64,2004,5294
44025,Andorra,65-100,2004,1367
44025,Andorra,0-16,2005,1204
44025,Andorra,16-64,2005,5415
44025,Andorra,65-100,2005,1374
44025,Andorra,0-16,2006,1204
44025,Andorra,16-64,2006,5447
44025,Andorra,65-100,2006,1383
44025,Andorra,0-16,2007,1205
44025,Andorra,16-64,2007,5576
44025,Andorra,65-100,2007,1375
44025,Andorra,0-16,2008,1215
44025,Andorra,16-64,2008,5702
44025,Andorra,65-100,2008,1373
44025,Andorra,0-16,2009,1239
44025,Andorra,16-64,2009,5781
44025,Andorra,65-100,2009,1383
44025,Andorra,0-16,2010,1211
44025,Andorra,16-64,2010,5770
44025,Andorra,65-100,2010,1386
44025,Andorra,0-16,2011,1213
44025,Andorra,16-64,2011,5708
44025,Andorra,65-100,2011,1403
44025,Andorra,0-16,2012,1188
44025,Andorra,16-64,2012,5673
44025,Andorra,65-100,2012,1405
44025,Andorra,0-16,2013,1189
44025,Andorra,16-64,2013,5690
44025,Andorra,65-100,2013,1399
44025,Andorra,0-16,2014,1173
44025,Andorra,16-64,2014,5581
44025,Andorra,65-100,2014,1394
44025,Andorra,0-16,2015,1144
44025,Andorra,16-64,2015,5514
44025,Andorra,65-100,2015,1407
44025,Andorra,0-16,2016,1115
44025,Andorra,16-64,2016,5357
44025,Andorra,65-100,2016,1403
44025,Andorra,0-16,2017,1115
44025,Andorra,16-64,2017,5259
44025,Andorra,65-100,2017,1425
44025,Andorra,0-16,2018,1072
44025,Andorra,16-64,2018,5115
44025,Andorra,65-100,2018,1446
44025,Andorra,0-16,2019,1033
44025,Andorra,16-64,2019,4995
44025,Andorra,65-100,2019,1444
44025,Andorra,0-16,2020,1004
44025,Andorra,16-64,2020,4858
44025,Andorra,65-100,2020,1483
44025,Andorra,0-16,2021,988
44025,Andorra,16-64,2021,4839
44025,Andorra,65-100,2021,1500
44025,Andorra,0-16,2022,954
44025,Andorra,16-64,2022,4704
44025,Andorra,65-100,2022,1543
44025,Andorra,0-16,2023,984
44025,Andorra,16-64,2023,4643
44025,Andorra,65-100,2023,1583
44025,Andorra,0-16,2024,972
44025,Andorra,16-64,2024,4634
44025,Andorra,65-100,2024,1628
44025,Andorra,0-16,2025,932
44025,Andorra,16-64,2025,4609
44025,Andorra,65-100,2025,1651
44026,Arcos de las Salinas,0-16,2003,11
44026,Arcos de las Salinas,16-64,2003,72
44026,Arcos de las Salinas,65-100,2003,54
44026,Arcos de las Salinas,0-16,2004,10
44026,Arcos de las Salinas,16-64,2004,69
44026,Arcos de las Salinas,65-100,2004,52
44026,Arcos de las Salinas,0-16,2005,7
44026,Arcos de las Salinas,16-64,2005,70
44026,Arcos de las Salinas,65-100,2005,50
44026,Arcos de las Salinas,0-16,2006,12
44026,Arcos de las Salinas,16-64,2006,70
44026,Arcos de las Salinas,65-100,2006,46
44026,Arcos de las Salinas,0-16,2007,12
44026,Arcos de las Salinas,16-64,2007,67
44026,Arcos de las Salinas,65-100,2007,44
44026,Arcos de las Salinas,0-16,2008,10
44026,Arcos de las Salinas,16-64,2008,66
44026,Arcos de las Salinas,65-100,2008,39
44026,Arcos de las Salinas,0-16,2009,12
44026,Arcos de las Salinas,16-64,2009,68
44026,Arcos de las Salinas,65-100,2009,42
44026,Arcos de las Salinas,0-16,2010,14
44026,Arcos de las Salinas,16-64,2010,58
44026,Arcos de las Salinas,65-100,2010,39
44026,Arcos de las Salinas,0-16,2011,12
44026,Arcos de las Salinas,16-64,2011,59
44026,Arcos de las Salinas,65-100,2011,29
44026,Arcos de las Salinas,0-16,2012,10
44026,Arcos de las Salinas,16-64,2012,67
44026,Arcos de las Salinas,65-100,2012,28
44026,Arcos de las Salinas,0-16,2013,7
44026,Arcos de las Salinas,16-64,2013,61
44026,Arcos de las Salinas,65-100,2013,28
44026,Arcos de las Salinas,0-16,2014,10
44026,Arcos de las Salinas,16-64,2014,65
44026,Arcos de las Salinas,65-100,2014,25
44026,Arcos de las Salinas,0-16,2015,12
44026,Arcos de las Salinas,16-64,2015,67
44026,Arcos de las Salinas,65-100,2015,26
44026,Arcos de las Salinas,0-16,2016,13
44026,Arcos de las Salinas,16-64,2016,66
44026,Arcos de las Salinas,65-100,2016,27
44026,Arcos de las Salinas,0-16,2017,15
44026,Arcos de las Salinas,16-64,2017,61
44026,Arcos de las Salinas,65-100,2017,30
44026,Arcos de las Salinas,0-16,2018,13
44026,Arcos de las Salinas,16-64,2018,62
44026,Arcos de las Salinas,65-100,2018,30
44026,Arcos de las Salinas,0-16,2019,19
44026,Arcos de las Salinas,16-64,2019,71
44026,Arcos de las Salinas,65-100,2019,29
44026,Arcos de las Salinas,0-16,2020,17
44026,Arcos de las Salinas,16-64,2020,73
44026,Arcos de las Salinas,65-100,2020,28
44026,Arcos de las Salinas,0-16,2021,18
44026,Arcos de las Salinas,16-64,2021,69
44026,Arcos de las Salinas,65-100,2021,25
44026,Arcos de las Salinas,0-16,2022,17
44026,Arcos de las Salinas,16-64,2022,73
44026,Arcos de las Salinas,65-100,2022,27
44026,Arcos de las Salinas,0-16,2023,16
44026,Arcos de las Salinas,16-64,2023,70
44026,Arcos de las Salinas,65-100,2023,29
44026,Arcos de las Salinas,0-16,2024,15
44026,Arcos de las Salinas,16-64,2024,68
44026,Arcos de las Salinas,65-100,2024,27
44026,Arcos de las Salinas,0-16,2025,12
44026,Arcos de las Salinas,16-64,2025,68
44026,Arcos de las Salinas,65-100,2025,25
44027,Arens de Lledó,0-16,2003,27
44027,Arens de Lledó,16-64,2003,122
44027,Arens de Lledó,65-100,2003,79
44027,Arens de Lledó,0-16,2004,27
44027,Arens de Lledó,16-64,2004,122
44027,Arens de Lledó,65-100,2004,77
44027,Arens de Lledó,0-16,2005,30
44027,Arens de Lledó,16-64,2005,122
44027,Arens de Lledó,65-100,2005,73
44027,Arens de Lledó,0-16,2006,31
44027,Arens de Lledó,16-64,2006,121
44027,Arens de Lledó,65-100,2006,75
44027,Arens de Lledó,0-16,2007,28
44027,Arens de Lledó,16-64,2007,123
44027,Arens de Lledó,65-100,2007,77
44027,Arens de Lledó,0-16,2008,26
44027,Arens de Lledó,16-64,2008,113
44027,Arens de Lledó,65-100,2008,78
44027,Arens de Lledó,0-16,2009,25
44027,Arens de Lledó,16-64,2009,113
44027,Arens de Lledó,65-100,2009,76
44027,Arens de Lledó,0-16,2010,24
44027,Arens de Lledó,16-64,2010,112
44027,Arens de Lledó,65-100,2010,77
44027,Arens de Lledó,0-16,2011,19
44027,Arens de Lledó,16-64,2011,102
44027,Arens de Lledó,65-100,2011,75
44027,Arens de Lledó,0-16,2012,27
44027,Arens de Lledó,16-64,2012,103
44027,Arens de Lledó,65-100,2012,75
44027,Arens de Lledó,0-16,2013,28
44027,Arens de Lledó,16-64,2013,110
44027,Arens de Lledó,65-100,2013,77
44027,Arens de Lledó,0-16,2014,24
44027,Arens de Lledó,16-64,2014,107
44027,Arens de Lledó,65-100,2014,77
44027,Arens de Lledó,0-16,2015,18
44027,Arens de Lledó,16-64,2015,108
44027,Arens de Lledó,65-100,2015,80
44027,Arens de Lledó,0-16,2016,22
44027,Arens de Lledó,16-64,2016,113
44027,Arens de Lledó,65-100,2016,77
44027,Arens de Lledó,0-16,2017,17
44027,Arens de Lledó,16-64,2017,107
44027,Arens de Lledó,65-100,2017,75
44027,Arens de Lledó,0-16,2018,17
44027,Arens de Lledó,16-64,2018,112
44027,Arens de Lledó,65-100,2018,77
44027,Arens de Lledó,0-16,2019,17
44027,Arens de Lledó,16-64,2019,116
44027,Arens de Lledó,65-100,2019,78
44027,Arens de Lledó,0-16,2020,12
44027,Arens de Lledó,16-64,2020,116
44027,Arens de Lledó,65-100,2020,77
44027,Arens de Lledó,0-16,2021,14
44027,Arens de Lledó,16-64,2021,126
44027,Arens de Lledó,65-100,2021,81
44027,Arens de Lledó,0-16,2022,13
44027,Arens de Lledó,16-64,2022,124
44027,Arens de Lledó,65-100,2022,77
44027,Arens de Lledó,0-16,2023,12
44027,Arens de Lledó,16-64,2023,116
44027,Arens de Lledó,65-100,2023,79
44027,Arens de Lledó,0-16,2024,10
44027,Arens de Lledó,16-64,2024,106
44027,Arens de Lledó,65-100,2024,80
44027,Arens de Lledó,0-16,2025,10
44027,Arens de Lledó,16-64,2025,98
44027,Arens de Lledó,65-100,2025,80
44028,Argente,0-16,2003,16
44028,Argente,16-64,2003,129
44028,Argente,65-100,2003,118
44028,Argente,0-16,2004,21
44028,Argente,16-64,2004,124
44028,Argente,65-100,2004,113
44028,Argente,0-16,2005,15
44028,Argente,16-64,2005,125
44028,Argente,65-100,2005,104
44028,Argente,0-16,2006,17
44028,Argente,16-64,2006,127
44028,Argente,65-100,2006,99
44028,Argente,0-16,2007,23
44028,Argente,16-64,2007,129
44028,Argente,65-100,2007,100
44028,Argente,0-16,2008,21
44028,Argente,16-64,2008,126
44028,Argente,65-100,2008,93
44028,Argente,0-16,2009,17
44028,Argente,16-64,2009,130
44028,Argente,65-100,2009,94
44028,Argente,0-16,2010,14
44028,Argente,16-64,2010,120
44028,Argente,65-100,2010,98
44028,Argente,0-16,2011,15
44028,Argente,16-64,2011,116
44028,Argente,65-100,2011,92
44028,Argente,0-16,2012,19
44028,Argente,16-64,2012,112
44028,Argente,65-100,2012,93
44028,Argente,0-16,2013,20
44028,Argente,16-64,2013,110
44028,Argente,65-100,2013,95
44028,Argente,0-16,2014,17
44028,Argente,16-64,2014,107
44028,Argente,65-100,2014,93
44028,Argente,0-16,2015,18
44028,Argente,16-64,2015,106
44028,Argente,65-100,2015,90
44028,Argente,0-16,2016,18
44028,Argente,16-64,2016,98
44028,Argente,65-100,2016,91
44028,Argente,0-16,2017,18
44028,Argente,16-64,2017,101
44028,Argente,65-100,2017,88
44028,Argente,0-16,2018,19
44028,Argente,16-64,2018,98
44028,Argente,65-100,2018,81
44028,Argente,0-16,2019,18
44028,Argente,16-64,2019,100
44028,Argente,65-100,2019,77
44028,Argente,0-16,2020,16
44028,Argente,16-64,2020,99
44028,Argente,65-100,2020,78
44028,Argente,0-16,2021,18
44028,Argente,16-64,2021,104
44028,Argente,65-100,2021,77
44028,Argente,0-16,2022,21
44028,Argente,16-64,2022,108
44028,Argente,65-100,2022,79
44028,Argente,0-16,2023,19
44028,Argente,16-64,2023,93
44028,Argente,65-100,2023,80
44028,Argente,0-16,2024,22
44028,Argente,16-64,2024,99
44028,Argente,65-100,2024,80
44028,Argente,0-16,2025,26
44028,Argente,16-64,2025,102
44028,Argente,65-100,2025,76
44029,Ariño,0-16,2003,125
44029,Ariño,16-64,2003,542
44029,Ariño,65-100,2003,230
44029,Ariño,0-16,2004,129
44029,Ariño,16-64,2004,542
44029,Ariño,65-100,2004,227
44029,Ariño,0-16,2005,110
44029,Ariño,16-64,2005,528
44029,Ariño,65-100,2005,218
44029,Ariño,0-16,2006,99
44029,Ariño,16-64,2006,510
44029,Ariño,65-100,2006,217
44029,Ariño,0-16,2007,111
44029,Ariño,16-64,2007,546
44029,Ariño,65-100,2007,210
44029,Ariño,0-16,2008,137
44029,Ariño,16-64,2008,613
44029,Ariño,65-100,2008,204
44029,Ariño,0-16,2009,135
44029,Ariño,16-64,2009,606
44029,Ariño,65-100,2009,209
44029,Ariño,0-16,2010,119
44029,Ariño,16-64,2010,601
44029,Ariño,65-100,2010,205
44029,Ariño,0-16,2011,110
44029,Ariño,16-64,2011,606
44029,Ariño,65-100,2011,198
44029,Ariño,0-16,2012,111
44029,Ariño,16-64,2012,593
44029,Ariño,65-100,2012,189
44029,Ariño,0-16,2013,94
44029,Ariño,16-64,2013,493
44029,Ariño,65-100,2013,182
44029,Ariño,0-16,2014,87
44029,Ariño,16-64,2014,506
44029,Ariño,65-100,2014,182
44029,Ariño,0-16,2015,87
44029,Ariño,16-64,2015,502
44029,Ariño,65-100,2015,174
44029,Ariño,0-16,2016,86
44029,Ariño,16-64,2016,486
44029,Ariño,65-100,2016,166
44029,Ariño,0-16,2017,88
44029,Ariño,16-64,2017,475
44029,Ariño,65-100,2017,170
44029,Ariño,0-16,2018,83
44029,Ariño,16-64,2018,456
44029,Ariño,65-100,2018,169
44029,Ariño,0-16,2019,85
44029,Ariño,16-64,2019,469
44029,Ariño,65-100,2019,170
44029,Ariño,0-16,2020,77
44029,Ariño,16-64,2020,467
44029,Ariño,65-100,2020,170
44029,Ariño,0-16,2021,67
44029,Ariño,16-64,2021,452
44029,Ariño,65-100,2021,166
44029,Ariño,0-16,2022,67
44029,Ariño,16-64,2022,433
44029,Ariño,65-100,2022,165
44029,Ariño,0-16,2023,64
44029,Ariño,16-64,2023,436
44029,Ariño,65-100,2023,163
44029,Ariño,0-16,2024,61
44029,Ariño,16-64,2024,415
44029,Ariño,65-100,2024,171
44029,Ariño,0-16,2025,51
44029,Ariño,16-64,2025,382
44029,Ariño,65-100,2025,175
44031,Azaila,0-16,2003,6
44031,Azaila,16-64,2003,83
44031,Azaila,65-100,2003,78
44031,Azaila,0-16,2004,6
44031,Azaila,16-64,2004,86
44031,Azaila,65-100,2004,77
44031,Azaila,0-16,2005,6
44031,Azaila,16-64,2005,82
44031,Azaila,65-100,2005,74
44031,Azaila,0-16,2006,5
44031,Azaila,16-64,2006,76
44031,Azaila,65-100,2006,70
44031,Azaila,0-16,2007,6
44031,Azaila,16-64,2007,87
44031,Azaila,65-100,2007,70
44031,Azaila,0-16,2008,9
44031,Azaila,16-64,2008,85
44031,Azaila,65-100,2008,61
44031,Azaila,0-16,2009,9
44031,Azaila,16-64,2009,85
44031,Azaila,65-100,2009,60
44031,Azaila,0-16,2010,5
44031,Azaila,16-64,2010,77
44031,Azaila,65-100,2010,57
44031,Azaila,0-16,2011,4
44031,Azaila,16-64,2011,81
44031,Azaila,65-100,2011,63
44031,Azaila,0-16,2012,6
44031,Azaila,16-64,2012,69
44031,Azaila,65-100,2012,58
44031,Azaila,0-16,2013,6
44031,Azaila,16-64,2013,62
44031,Azaila,65-100,2013,56
44031,Azaila,0-16,2014,4
44031,Azaila,16-64,2014,60
44031,Azaila,65-100,2014,55
44031,Azaila,0-16,2015,5
44031,Azaila,16-64,2015,59
44031,Azaila,65-100,2015,52
44031,Azaila,0-16,2016,3
44031,Azaila,16-64,2016,55
44031,Azaila,65-100,2016,48
44031,Azaila,0-16,2017,3
44031,Azaila,16-64,2017,48
44031,Azaila,65-100,2017,46
44031,Azaila,0-16,2018,4
44031,Azaila,16-64,2018,49
44031,Azaila,65-100,2018,41
44031,Azaila,0-16,2019,2
44031,Azaila,16-64,2019,50
44031,Azaila,65-100,2019,38
44031,Azaila,0-16,2020,3
44031,Azaila,16-64,2020,50
44031,Azaila,65-100,2020,40
44031,Azaila,0-16,2021,4
44031,Azaila,16-64,2021,57
44031,Azaila,65-100,2021,39
44031,Azaila,0-16,2022,9
44031,Azaila,16-64,2022,57
44031,Azaila,65-100,2022,39
44031,Azaila,0-16,2023,9
44031,Azaila,16-64,2023,54
44031,Azaila,65-100,2023,35
44031,Azaila,0-16,2024,8
44031,Azaila,16-64,2024,49
44031,Azaila,65-100,2024,36
44031,Azaila,0-16,2025,8
44031,Azaila,16-64,2025,50
44031,Azaila,65-100,2025,36
44032,Bádenas,0-16,2003,0
44032,Bádenas,16-64,2003,4
44032,Bádenas,65-100,2003,13
44032,Bádenas,0-16,2004,0
44032,Bádenas,16-64,2004,5
44032,Bádenas,65-100,2004,14
44032,Bádenas,0-16,2005,0
44032,Bádenas,16-64,2005,7
44032,Bádenas,65-100,2005,14
44032,Bádenas,0-16,2006,0
44032,Bádenas,16-64,2006,12
44032,Bádenas,65-100,2006,18
44032,Bádenas,0-16,2007,0
44032,Bádenas,16-64,2007,12
44032,Bádenas,65-100,2007,18
44032,Bádenas,0-16,2008,0
44032,Bádenas,16-64,2008,9
44032,Bádenas,65-100,2008,18
44032,Bádenas,0-16,2009,0
44032,Bádenas,16-64,2009,9
44032,Bádenas,65-100,2009,16
44032,Bádenas,0-16,2010,0
44032,Bádenas,16-64,2010,9
44032,Bádenas,65-100,2010,13
44032,Bádenas,0-16,2011,1
44032,Bádenas,16-64,2011,8
44032,Bádenas,65-100,2011,12
44032,Bádenas,0-16,2012,2
44032,Bádenas,16-64,2012,9
44032,Bádenas,65-100,2012,10
44032,Bádenas,0-16,2013,2
44032,Bádenas,16-64,2013,9
44032,Bádenas,65-100,2013,9
44032,Bádenas,0-16,2014,2
44032,Bádenas,16-64,2014,9
44032,Bádenas,65-100,2014,8
44032,Bádenas,0-16,2015,2
44032,Bádenas,16-64,2015,10
44032,Bádenas,65-100,2015,7
44032,Bádenas,0-16,2016,2
44032,Bádenas,16-64,2016,11
44032,Bádenas,65-100,2016,6
44032,Bádenas,0-16,2017,2
44032,Bádenas,16-64,2017,10
44032,Bádenas,65-100,2017,6
44032,Bádenas,0-16,2018,2
44032,Bádenas,16-64,2018,12
44032,Bádenas,65-100,2018,6
44032,Bádenas,0-16,2019,2
44032,Bádenas,16-64,2019,12
44032,Bádenas,65-100,2019,5
44032,Bádenas,0-16,2020,2
44032,Bádenas,16-64,2020,12
44032,Bádenas,65-100,2020,5
44032,Bádenas,0-16,2021,2
44032,Bádenas,16-64,2021,12
44032,Bádenas,65-100,2021,4
44032,Bádenas,0-16,2022,3
44032,Bádenas,16-64,2022,13
44032,Bádenas,65-100,2022,3
44032,Bádenas,0-16,2023,3
44032,Bádenas,16-64,2023,13
44032,Bádenas,65-100,2023,5
44032,Bádenas,0-16,2024,3
44032,Bádenas,16-64,2024,15
44032,Bádenas,65-100,2024,6
44032,Bádenas,0-16,2025,3
44032,Bádenas,16-64,2025,18
44032,Bádenas,65-100,2025,7
44033,Báguena,0-16,2003,25
44033,Báguena,16-64,2003,200
44033,Báguena,65-100,2003,216
44033,Báguena,0-16,2004,23
44033,Báguena,16-64,2004,195
44033,Báguena,65-100,2004,198
44033,Báguena,0-16,2005,20
44033,Báguena,16-64,2005,216
44033,Báguena,65-100,2005,186
44033,Báguena,0-16,2006,22
44033,Báguena,16-64,2006,205
44033,Báguena,65-100,2006,182
44033,Báguena,0-16,2007,22
44033,Báguena,16-64,2007,208
44033,Báguena,65-100,2007,177
44033,Báguena,0-16,2008,35
44033,Báguena,16-64,2008,230
44033,Báguena,65-100,2008,177
44033,Báguena,0-16,2009,26
44033,Báguena,16-64,2009,215
44033,Báguena,65-100,2009,169
44033,Báguena,0-16,2010,27
44033,Báguena,16-64,2010,206
44033,Báguena,65-100,2010,165
44033,Báguena,0-16,2011,25
44033,Báguena,16-64,2011,201
44033,Báguena,65-100,2011,160
44033,Báguena,0-16,2012,19
44033,Báguena,16-64,2012,189
44033,Báguena,65-100,2012,162
44033,Báguena,0-16,2013,20
44033,Báguena,16-64,2013,175
44033,Báguena,65-100,2013,158
44033,Báguena,0-16,2014,17
44033,Báguena,16-64,2014,172
44033,Báguena,65-100,2014,148
44033,Báguena,0-16,2015,17
44033,Báguena,16-64,2015,168
44033,Báguena,65-100,2015,142
44033,Báguena,0-16,2016,18
44033,Báguena,16-64,2016,164
44033,Báguena,65-100,2016,134
44033,Báguena,0-16,2017,25
44033,Báguena,16-64,2017,159
44033,Báguena,65-100,2017,134
44033,Báguena,0-16,2018,20
44033,Báguena,16-64,2018,159
44033,Báguena,65-100,2018,132
44033,Báguena,0-16,2019,16
44033,Báguena,16-64,2019,148
44033,Báguena,65-100,2019,123
44033,Báguena,0-16,2020,10
44033,Báguena,16-64,2020,156
44033,Báguena,65-100,2020,119
44033,Báguena,0-16,2021,12
44033,Báguena,16-64,2021,154
44033,Báguena,65-100,2021,112
44033,Báguena,0-16,2022,11
44033,Báguena,16-64,2022,150
44033,Báguena,65-100,2022,110
44033,Báguena,0-16,2023,17
44033,Báguena,16-64,2023,150
44033,Báguena,65-100,2023,106
44033,Báguena,0-16,2024,24
44033,Báguena,16-64,2024,166
44033,Báguena,65-100,2024,109
44033,Báguena,0-16,2025,20
44033,Báguena,16-64,2025,150
44033,Báguena,65-100,2025,107
44034,Bañón,0-16,2003,8
44034,Bañón,16-64,2003,87
44034,Bañón,65-100,2003,72
44034,Bañón,0-16,2004,13
44034,Bañón,16-64,2004,91
44034,Bañón,65-100,2004,70
44034,Bañón,0-16,2005,13
44034,Bañón,16-64,2005,89
44034,Bañón,65-100,2005,72
44034,Bañón,0-16,2006,13
44034,Bañón,16-64,2006,87
44034,Bañón,65-100,2006,73
44034,Bañón,0-16,2007,12
44034,Bañón,16-64,2007,84
44034,Bañón,65-100,2007,70
44034,Bañón,0-16,2008,12
44034,Bañón,16-64,2008,79
44034,Bañón,65-100,2008,72
44034,Bañón,0-16,2009,11
44034,Bañón,16-64,2009,82
44034,Bañón,65-100,2009,78
44034,Bañón,0-16,2010,12
44034,Bañón,16-64,2010,72
44034,Bañón,65-100,2010,83
44034,Bañón,0-16,2011,11
44034,Bañón,16-64,2011,73
44034,Bañón,65-100,2011,81
44034,Bañón,0-16,2012,11
44034,Bañón,16-64,2012,69
44034,Bañón,65-100,2012,82
44034,Bañón,0-16,2013,11
44034,Bañón,16-64,2013,73
44034,Bañón,65-100,2013,79
44034,Bañón,0-16,2014,11
44034,Bañón,16-64,2014,72
44034,Bañón,65-100,2014,71
44034,Bañón,0-16,2015,11
44034,Bañón,16-64,2015,69
44034,Bañón,65-100,2015,70
44034,Bañón,0-16,2016,12
44034,Bañón,16-64,2016,76
44034,Bañón,65-100,2016,70
44034,Bañón,0-16,2017,12
44034,Bañón,16-64,2017,73
44034,Bañón,65-100,2017,64
44034,Bañón,0-16,2018,13
44034,Bañón,16-64,2018,78
44034,Bañón,65-100,2018,62
44034,Bañón,0-16,2019,13
44034,Bañón,16-64,2019,71
44034,Bañón,65-100,2019,60
44034,Bañón,0-16,2020,13
44034,Bañón,16-64,2020,73
44034,Bañón,65-100,2020,60
44034,Bañón,0-16,2021,11
44034,Bañón,16-64,2021,86
44034,Bañón,65-100,2021,52
44034,Bañón,0-16,2022,13
44034,Bañón,16-64,2022,99
44034,Bañón,65-100,2022,45
44034,Bañón,0-16,2023,12
44034,Bañón,16-64,2023,91
44034,Bañón,65-100,2023,47
44034,Bañón,0-16,2024,15
44034,Bañón,16-64,2024,94
44034,Bañón,65-100,2024,46
44034,Bañón,0-16,2025,15
44034,Bañón,16-64,2025,91
44034,Bañón,65-100,2025,46
44035,Barrachina,0-16,2003,17
44035,Barrachina,16-64,2003,77
44035,Barrachina,65-100,2003,62
44035,Barrachina,0-16,2004,15
44035,Barrachina,16-64,2004,88
44035,Barrachina,65-100,2004,61
44035,Barrachina,0-16,2005,16
44035,Barrachina,16-64,2005,85
44035,Barrachina,65-100,2005,56
44035,Barrachina,0-16,2006,16
44035,Barrachina,16-64,2006,86
44035,Barrachina,65-100,2006,54
44035,Barrachina,0-16,2007,16
44035,Barrachina,16-64,2007,80
44035,Barrachina,65-100,2007,54
44035,Barrachina,0-16,2008,24
44035,Barrachina,16-64,2008,83
44035,Barrachina,65-100,2008,52
44035,Barrachina,0-16,2009,18
44035,Barrachina,16-64,2009,84
44035,Barrachina,65-100,2009,55
44035,Barrachina,0-16,2010,20
44035,Barrachina,16-64,2010,91
44035,Barrachina,65-100,2010,56
44035,Barrachina,0-16,2011,15
44035,Barrachina,16-64,2011,79
44035,Barrachina,65-100,2011,51
44035,Barrachina,0-16,2012,16
44035,Barrachina,16-64,2012,78
44035,Barrachina,65-100,2012,49
44035,Barrachina,0-16,2013,16
44035,Barrachina,16-64,2013,79
44035,Barrachina,65-100,2013,53
44035,Barrachina,0-16,2014,12
44035,Barrachina,16-64,2014,73
44035,Barrachina,65-100,2014,52
44035,Barrachina,0-16,2015,10
44035,Barrachina,16-64,2015,73
44035,Barrachina,65-100,2015,50
44035,Barrachina,0-16,2016,8
44035,Barrachina,16-64,2016,73
44035,Barrachina,65-100,2016,48
44035,Barrachina,0-16,2017,6
44035,Barrachina,16-64,2017,70
44035,Barrachina,65-100,2017,45
44035,Barrachina,0-16,2018,6
44035,Barrachina,16-64,2018,71
44035,Barrachina,65-100,2018,41
44035,Barrachina,0-16,2019,6
44035,Barrachina,16-64,2019,69
44035,Barrachina,65-100,2019,37
44035,Barrachina,0-16,2020,8
44035,Barrachina,16-64,2020,60
44035,Barrachina,65-100,2020,41
44035,Barrachina,0-16,2021,8
44035,Barrachina,16-64,2021,65
44035,Barrachina,65-100,2021,40
44035,Barrachina,0-16,2022,9
44035,Barrachina,16-64,2022,68
44035,Barrachina,65-100,2022,39
44035,Barrachina,0-16,2023,10
44035,Barrachina,16-64,2023,69
44035,Barrachina,65-100,2023,41
44035,Barrachina,0-16,2024,8
44035,Barrachina,16-64,2024,67
44035,Barrachina,65-100,2024,40
44035,Barrachina,0-16,2025,9
44035,Barrachina,16-64,2025,64
44035,Barrachina,65-100,2025,40
44036,Bea,0-16,2003,2
44036,Bea,16-64,2003,23
44036,Bea,65-100,2003,11
44036,Bea,0-16,2004,2
44036,Bea,16-64,2004,25
44036,Bea,65-100,2004,11
44036,Bea,0-16,2005,2
44036,Bea,16-64,2005,24
44036,Bea,65-100,2005,11
44036,Bea,0-16,2006,2
44036,Bea,16-64,2006,25
44036,Bea,65-100,2006,11
44036,Bea,0-16,2007,2
44036,Bea,16-64,2007,27
44036,Bea,65-100,2007,11
44036,Bea,0-16,2008,2
44036,Bea,16-64,2008,28
44036,Bea,65-100,2008,10
44036,Bea,0-16,2009,2
44036,Bea,16-64,2009,24
44036,Bea,65-100,2009,11
44036,Bea,0-16,2010,3
44036,Bea,16-64,2010,25
44036,Bea,65-100,2010,9
44036,Bea,0-16,2011,2
44036,Bea,16-64,2011,20
44036,Bea,65-100,2011,10
44036,Bea,0-16,2012,1
44036,Bea,16-64,2012,20
44036,Bea,65-100,2012,9
44036,Bea,0-16,2013,1
44036,Bea,16-64,2013,18
44036,Bea,65-100,2013,11
44036,Bea,0-16,2014,0
44036,Bea,16-64,2014,15
44036,Bea,65-100,2014,13
44036,Bea,0-16,2015,0
44036,Bea,16-64,2015,15
44036,Bea,65-100,2015,11
44036,Bea,0-16,2016,4
44036,Bea,16-64,2016,20
44036,Bea,65-100,2016,11
44036,Bea,0-16,2017,4
44036,Bea,16-64,2017,19
44036,Bea,65-100,2017,7
44036,Bea,0-16,2018,4
44036,Bea,16-64,2018,20
44036,Bea,65-100,2018,7
44036,Bea,0-16,2019,4
44036,Bea,16-64,2019,21
44036,Bea,65-100,2019,6
44036,Bea,0-16,2020,3
44036,Bea,16-64,2020,19
44036,Bea,65-100,2020,7
44036,Bea,0-16,2021,2
44036,Bea,16-64,2021,21
44036,Bea,65-100,2021,8
44036,Bea,0-16,2022,2
44036,Bea,16-64,2022,23
44036,Bea,65-100,2022,8
44036,Bea,0-16,2023,2
44036,Bea,16-64,2023,17
44036,Bea,65-100,2023,9
44036,Bea,0-16,2024,2
44036,Bea,16-64,2024,16
44036,Bea,65-100,2024,8
44036,Bea,0-16,2025,3
44036,Bea,16-64,2025,17
44036,Bea,65-100,2025,10
44037,Beceite,0-16,2003,68
44037,Beceite,16-64,2003,349
44037,Beceite,65-100,2003,191
44037,Beceite,0-16,2004,67
44037,Beceite,16-64,2004,349
44037,Beceite,65-100,2004,187
44037,Beceite,0-16,2005,66
44037,Beceite,16-64,2005,358
44037,Beceite,65-100,2005,179
44037,Beceite,0-16,2006,67
44037,Beceite,16-64,2006,362
44037,Beceite,65-100,2006,169
44037,Beceite,0-16,2007,67
44037,Beceite,16-64,2007,370
44037,Beceite,65-100,2007,161
44037,Beceite,0-16,2008,76
44037,Beceite,16-64,2008,385
44037,Beceite,65-100,2008,170
44037,Beceite,0-16,2009,81
44037,Beceite,16-64,2009,378
44037,Beceite,65-100,2009,162
44037,Beceite,0-16,2010,76
44037,Beceite,16-64,2010,375
44037,Beceite,65-100,2010,157
44037,Beceite,0-16,2011,77
44037,Beceite,16-64,2011,376
44037,Beceite,65-100,2011,155
44037,Beceite,0-16,2012,77
44037,Beceite,16-64,2012,374
44037,Beceite,65-100,2012,156
44037,Beceite,0-16,2013,69
44037,Beceite,16-64,2013,372
44037,Beceite,65-100,2013,158
44037,Beceite,0-16,2014,72
44037,Beceite,16-64,2014,359
44037,Beceite,65-100,2014,152
44037,Beceite,0-16,2015,68
44037,Beceite,16-64,2015,349
44037,Beceite,65-100,2015,149
44037,Beceite,0-16,2016,69
44037,Beceite,16-64,2016,341
44037,Beceite,65-100,2016,151
44037,Beceite,0-16,2017,66
44037,Beceite,16-64,2017,331
44037,Beceite,65-100,2017,154
44037,Beceite,0-16,2018,59
44037,Beceite,16-64,2018,322
44037,Beceite,65-100,2018,160
44037,Beceite,0-16,2019,57
44037,Beceite,16-64,2019,323
44037,Beceite,65-100,2019,161
44037,Beceite,0-16,2020,58
44037,Beceite,16-64,2020,316
44037,Beceite,65-100,2020,157
44037,Beceite,0-16,2021,60
44037,Beceite,16-64,2021,328
44037,Beceite,65-100,2021,156
44037,Beceite,0-16,2022,56
44037,Beceite,16-64,2022,341
44037,Beceite,65-100,2022,153
44037,Beceite,0-16,2023,61
44037,Beceite,16-64,2023,350
44037,Beceite,65-100,2023,159
44037,Beceite,0-16,2024,59
44037,Beceite,16-64,2024,347
44037,Beceite,65-100,2024,156
44037,Beceite,0-16,2025,54
44037,Beceite,16-64,2025,357
44037,Beceite,65-100,2025,163
44038,Belmonte de San José,0-16,2003,12
44038,Belmonte de San José,16-64,2003,78
44038,Belmonte de San José,65-100,2003,55
44038,Belmonte de San José,0-16,2004,13
44038,Belmonte de San José,16-64,2004,81
44038,Belmonte de San José,65-100,2004,53
44038,Belmonte de San José,0-16,2005,11
44038,Belmonte de San José,16-64,2005,81
44038,Belmonte de San José,65-100,2005,52
44038,Belmonte de San José,0-16,2006,12
44038,Belmonte de San José,16-64,2006,76
44038,Belmonte de San José,65-100,2006,56
44038,Belmonte de San José,0-16,2007,14
44038,Belmonte de San José,16-64,2007,76
44038,Belmonte de San José,65-100,2007,52
44038,Belmonte de San José,0-16,2008,11
44038,Belmonte de San José,16-64,2008,75
44038,Belmonte de San José,65-100,2008,54
44038,Belmonte de San José,0-16,2009,12
44038,Belmonte de San José,16-64,2009,79
44038,Belmonte de San José,65-100,2009,54
44038,Belmonte de San José,0-16,2010,11
44038,Belmonte de San José,16-64,2010,74
44038,Belmonte de San José,65-100,2010,52
44038,Belmonte de San José,0-16,2011,10
44038,Belmonte de San José,16-64,2011,71
44038,Belmonte de San José,65-100,2011,48
44038,Belmonte de San José,0-16,2012,10
44038,Belmonte de San José,16-64,2012,66
44038,Belmonte de San José,65-100,2012,50
44038,Belmonte de San José,0-16,2013,8
44038,Belmonte de San José,16-64,2013,59
44038,Belmonte de San José,65-100,2013,50
44038,Belmonte de San José,0-16,2014,8
44038,Belmonte de San José,16-64,2014,58
44038,Belmonte de San José,65-100,2014,54
44038,Belmonte de San José,0-16,2015,7
44038,Belmonte de San José,16-64,2015,55
44038,Belmonte de San José,65-100,2015,55
44038,Belmonte de San José,0-16,2016,7
44038,Belmonte de San José,16-64,2016,59
44038,Belmonte de San José,65-100,2016,53
44038,Belmonte de San José,0-16,2017,8
44038,Belmonte de San José,16-64,2017,59
44038,Belmonte de San José,65-100,2017,46
44038,Belmonte de San José,0-16,2018,9
44038,Belmonte de San José,16-64,2018,53
44038,Belmonte de San José,65-100,2018,51
44038,Belmonte de San José,0-16,2019,10
44038,Belmonte de San José,16-64,2019,52
44038,Belmonte de San José,65-100,2019,51
44038,Belmonte de San José,0-16,2020,12
44038,Belmonte de San José,16-64,2020,59
44038,Belmonte de San José,65-100,2020,52
44038,Belmonte de San José,0-16,2021,11
44038,Belmonte de San José,16-64,2021,60
44038,Belmonte de San José,65-100,2021,52
44038,Belmonte de San José,0-16,2022,15
44038,Belmonte de San José,16-64,2022,69
44038,Belmonte de San José,65-100,2022,52
44038,Belmonte de San José,0-16,2023,14
44038,Belmonte de San José,16-64,2023,62
44038,Belmonte de San José,65-100,2023,51
44038,Belmonte de San José,0-16,2024,14
44038,Belmonte de San José,16-64,2024,69
44038,Belmonte de San José,65-100,2024,52
44038,Belmonte de San José,0-16,2025,6
44038,Belmonte de San José,16-64,2025,58
44038,Belmonte de San José,65-100,2025,50
44039,Bello,0-16,2003,29
44039,Bello,16-64,2003,158
44039,Bello,65-100,2003,168
44039,Bello,0-16,2004,30
44039,Bello,16-64,2004,160
44039,Bello,65-100,2004,161
44039,Bello,0-16,2005,24
44039,Bello,16-64,2005,155
44039,Bello,65-100,2005,155
44039,Bello,0-16,2006,23
44039,Bello,16-64,2006,146
44039,Bello,65-100,2006,154
44039,Bello,0-16,2007,17
44039,Bello,16-64,2007,143
44039,Bello,65-100,2007,149
44039,Bello,0-16,2008,13
44039,Bello,16-64,2008,142
44039,Bello,65-100,2008,142
44039,Bello,0-16,2009,15
44039,Bello,16-64,2009,135
44039,Bello,65-100,2009,135
44039,Bello,0-16,2010,15
44039,Bello,16-64,2010,136
44039,Bello,65-100,2010,133
44039,Bello,0-16,2011,15
44039,Bello,16-64,2011,130
44039,Bello,65-100,2011,129
44039,Bello,0-16,2012,23
44039,Bello,16-64,2012,132
44039,Bello,65-100,2012,127
44039,Bello,0-16,2013,16
44039,Bello,16-64,2013,118
44039,Bello,65-100,2013,116
44039,Bello,0-16,2014,14
44039,Bello,16-64,2014,117
44039,Bello,65-100,2014,113
44039,Bello,0-16,2015,13
44039,Bello,16-64,2015,109
44039,Bello,65-100,2015,116
44039,Bello,0-16,2016,17
44039,Bello,16-64,2016,110
44039,Bello,65-100,2016,118
44039,Bello,0-16,2017,17
44039,Bello,16-64,2017,109
44039,Bello,65-100,2017,118
44039,Bello,0-16,2018,12
44039,Bello,16-64,2018,105
44039,Bello,65-100,2018,108
44039,Bello,0-16,2019,14
44039,Bello,16-64,2019,104
44039,Bello,65-100,2019,106
44039,Bello,0-16,2020,12
44039,Bello,16-64,2020,108
44039,Bello,65-100,2020,99
44039,Bello,0-16,2021,8
44039,Bello,16-64,2021,117
44039,Bello,65-100,2021,99
44039,Bello,0-16,2022,9
44039,Bello,16-64,2022,128
44039,Bello,65-100,2022,93
44039,Bello,0-16,2023,12
44039,Bello,16-64,2023,119
44039,Bello,65-100,2023,87
44039,Bello,0-16,2024,15
44039,Bello,16-64,2024,118
44039,Bello,65-100,2024,80
44039,Bello,0-16,2025,14
44039,Bello,16-64,2025,111
44039,Bello,65-100,2025,78
44040,Berge,0-16,2003,33
44040,Berge,16-64,2003,120
44040,Berge,65-100,2003,91
44040,Berge,0-16,2004,33
44040,Berge,16-64,2004,123
44040,Berge,65-100,2004,90
44040,Berge,0-16,2005,34
44040,Berge,16-64,2005,122
44040,Berge,65-100,2005,88
44040,Berge,0-16,2006,31
44040,Berge,16-64,2006,129
44040,Berge,65-100,2006,86
44040,Berge,0-16,2007,31
44040,Berge,16-64,2007,142
44040,Berge,65-100,2007,87
44040,Berge,0-16,2008,36
44040,Berge,16-64,2008,142
44040,Berge,65-100,2008,86
44040,Berge,0-16,2009,39
44040,Berge,16-64,2009,150
44040,Berge,65-100,2009,84
44040,Berge,0-16,2010,41
44040,Berge,16-64,2010,152
44040,Berge,65-100,2010,81
44040,Berge,0-16,2011,40
44040,Berge,16-64,2011,150
44040,Berge,65-100,2011,74
44040,Berge,0-16,2012,35
44040,Berge,16-64,2012,149
44040,Berge,65-100,2012,70
44040,Berge,0-16,2013,39
44040,Berge,16-64,2013,146
44040,Berge,65-100,2013,66
44040,Berge,0-16,2014,38
44040,Berge,16-64,2014,142
44040,Berge,65-100,2014,67
44040,Berge,0-16,2015,35
44040,Berge,16-64,2015,145
44040,Berge,65-100,2015,66
44040,Berge,0-16,2016,37
44040,Berge,16-64,2016,147
44040,Berge,65-100,2016,64
44040,Berge,0-16,2017,36
44040,Berge,16-64,2017,149
44040,Berge,65-100,2017,60
44040,Berge,0-16,2018,34
44040,Berge,16-64,2018,148
44040,Berge,65-100,2018,62
44040,Berge,0-16,2019,31
44040,Berge,16-64,2019,144
44040,Berge,65-100,2019,60
44040,Berge,0-16,2020,30
44040,Berge,16-64,2020,152
44040,Berge,65-100,2020,59
44040,Berge,0-16,2021,26
44040,Berge,16-64,2021,146
44040,Berge,65-100,2021,65
44040,Berge,0-16,2022,26
44040,Berge,16-64,2022,146
44040,Berge,65-100,2022,59
44040,Berge,0-16,2023,26
44040,Berge,16-64,2023,141
44040,Berge,65-100,2023,60
44040,Berge,0-16,2024,24
44040,Berge,16-64,2024,137
44040,Berge,65-100,2024,57
44040,Berge,0-16,2025,26
44040,Berge,16-64,2025,138
44040,Berge,65-100,2025,56
44041,Bezas,0-16,2003,3
44041,Bezas,16-64,2003,35
44041,Bezas,65-100,2003,36
44041,Bezas,0-16,2004,5
44041,Bezas,16-64,2004,34
44041,Bezas,65-100,2004,37
44041,Bezas,0-16,2005,4
44041,Bezas,16-64,2005,35
44041,Bezas,65-100,2005,35
44041,Bezas,0-16,2006,4
44041,Bezas,16-64,2006,32
44041,Bezas,65-100,2006,34
44041,Bezas,0-16,2007,3
44041,Bezas,16-64,2007,32
44041,Bezas,65-100,2007,33
44041,Bezas,0-16,2008,7
44041,Bezas,16-64,2008,35
44041,Bezas,65-100,2008,30
44041,Bezas,0-16,2009,11
44041,Bezas,16-64,2009,38
44041,Bezas,65-100,2009,29
44041,Bezas,0-16,2010,11
44041,Bezas,16-64,2010,42
44041,Bezas,65-100,2010,26
44041,Bezas,0-16,2011,11
44041,Bezas,16-64,2011,48
44041,Bezas,65-100,2011,23
44041,Bezas,0-16,2012,11
44041,Bezas,16-64,2012,48
44041,Bezas,65-100,2012,19
44041,Bezas,0-16,2013,11
44041,Bezas,16-64,2013,46
44041,Bezas,65-100,2013,18
44041,Bezas,0-16,2014,13
44041,Bezas,16-64,2014,46
44041,Bezas,65-100,2014,18
44041,Bezas,0-16,2015,7
44041,Bezas,16-64,2015,42
44041,Bezas,65-100,2015,18
44041,Bezas,0-16,2016,6
44041,Bezas,16-64,2016,43
44041,Bezas,65-100,2016,16
44041,Bezas,0-16,2017,6
44041,Bezas,16-64,2017,43
44041,Bezas,65-100,2017,13
44041,Bezas,0-16,2018,5
44041,Bezas,16-64,2018,51
44041,Bezas,65-100,2018,14
44041,Bezas,0-16,2019,5
44041,Bezas,16-64,2019,52
44041,Bezas,65-100,2019,13
44041,Bezas,0-16,2020,4
44041,Bezas,16-64,2020,52
44041,Bezas,65-100,2020,11
44041,Bezas,0-16,2021,5
44041,Bezas,16-64,2021,46
44041,Bezas,65-100,2021,12
44041,Bezas,0-16,2022,3
44041,Bezas,16-64,2022,48
44041,Bezas,65-100,2022,12
44041,Bezas,0-16,2023,5
44041,Bezas,16-64,2023,47
44041,Bezas,65-100,2023,12
44041,Bezas,0-16,2024,5
44041,Bezas,16-64,2024,46
44041,Bezas,65-100,2024,17
44041,Bezas,0-16,2025,5
44041,Bezas,16-64,2025,47
44041,Bezas,65-100,2025,21
44042,Blancas,0-16,2003,16
44042,Blancas,16-64,2003,95
44042,Blancas,65-100,2003,67
44042,Blancas,0-16,2004,15
44042,Blancas,16-64,2004,92
44042,Blancas,65-100,2004,64
44042,Blancas,0-16,2005,14
44042,Blancas,16-64,2005,98
44042,Blancas,65-100,2005,62
44042,Blancas,0-16,2006,15
44042,Blancas,16-64,2006,97
44042,Blancas,65-100,2006,61
44042,Blancas,0-16,2007,16
44042,Blancas,16-64,2007,88
44042,Blancas,65-100,2007,64
44042,Blancas,0-16,2008,14
44042,Blancas,16-64,2008,86
44042,Blancas,65-100,2008,62
44042,Blancas,0-16,2009,15
44042,Blancas,16-64,2009,86
44042,Blancas,65-100,2009,58
44042,Blancas,0-16,2010,17
44042,Blancas,16-64,2010,87
44042,Blancas,65-100,2010,62
44042,Blancas,0-16,2011,12
44042,Blancas,16-64,2011,82
44042,Blancas,65-100,2011,60
44042,Blancas,0-16,2012,14
44042,Blancas,16-64,2012,87
44042,Blancas,65-100,2012,57
44042,Blancas,0-16,2013,15
44042,Blancas,16-64,2013,84
44042,Blancas,65-100,2013,58
44042,Blancas,0-16,2014,13
44042,Blancas,16-64,2014,81
44042,Blancas,65-100,2014,58
44042,Blancas,0-16,2015,17
44042,Blancas,16-64,2015,77
44042,Blancas,65-100,2015,55
44042,Blancas,0-16,2016,15
44042,Blancas,16-64,2016,77
44042,Blancas,65-100,2016,55
44042,Blancas,0-16,2017,11
44042,Blancas,16-64,2017,71
44042,Blancas,65-100,2017,52
44042,Blancas,0-16,2018,8
44042,Blancas,16-64,2018,66
44042,Blancas,65-100,2018,51
44042,Blancas,0-16,2019,7
44042,Blancas,16-64,2019,71
44042,Blancas,65-100,2019,48
44042,Blancas,0-16,2020,7
44042,Blancas,16-64,2020,72
44042,Blancas,65-100,2020,46
44042,Blancas,0-16,2021,9
44042,Blancas,16-64,2021,74
44042,Blancas,65-100,2021,49
44042,Blancas,0-16,2022,12
44042,Blancas,16-64,2022,81
44042,Blancas,65-100,2022,47
44042,Blancas,0-16,2023,10
44042,Blancas,16-64,2023,73
44042,Blancas,65-100,2023,52
44042,Blancas,0-16,2024,11
44042,Blancas,16-64,2024,71
44042,Blancas,65-100,2024,52
44042,Blancas,0-16,2025,12
44042,Blancas,16-64,2025,72
44042,Blancas,65-100,2025,48
44043,Blesa,0-16,2003,5
44043,Blesa,16-64,2003,83
44043,Blesa,65-100,2003,51
44043,Blesa,0-16,2004,4
44043,Blesa,16-64,2004,89
44043,Blesa,65-100,2004,49
44043,Blesa,0-16,2005,2
44043,Blesa,16-64,2005,83
44043,Blesa,65-100,2005,50
44043,Blesa,0-16,2006,2
44043,Blesa,16-64,2006,71
44043,Blesa,65-100,2006,49
44043,Blesa,0-16,2007,1
44043,Blesa,16-64,2007,71
44043,Blesa,65-100,2007,51
44043,Blesa,0-16,2008,1
44043,Blesa,16-64,2008,71
44043,Blesa,65-100,2008,52
44043,Blesa,0-16,2009,2
44043,Blesa,16-64,2009,72
44043,Blesa,65-100,2009,49
44043,Blesa,0-16,2010,2
44043,Blesa,16-64,2010,72
44043,Blesa,65-100,2010,47
44043,Blesa,0-16,2011,1
44043,Blesa,16-64,2011,79
44043,Blesa,65-100,2011,52
44043,Blesa,0-16,2012,1
44043,Blesa,16-64,2012,71
44043,Blesa,65-100,2012,53
44043,Blesa,0-16,2013,0
44043,Blesa,16-64,2013,69
44043,Blesa,65-100,2013,49
44043,Blesa,0-16,2014,0
44043,Blesa,16-64,2014,63
44043,Blesa,65-100,2014,46
44043,Blesa,0-16,2015,0
44043,Blesa,16-64,2015,62
44043,Blesa,65-100,2015,47
44043,Blesa,0-16,2016,0
44043,Blesa,16-64,2016,59
44043,Blesa,65-100,2016,42
44043,Blesa,0-16,2017,3
44043,Blesa,16-64,2017,57
44043,Blesa,65-100,2017,37
44043,Blesa,0-16,2018,3
44043,Blesa,16-64,2018,54
44043,Blesa,65-100,2018,38
44043,Blesa,0-16,2019,3
44043,Blesa,16-64,2019,51
44043,Blesa,65-100,2019,40
44043,Blesa,0-16,2020,3
44043,Blesa,16-64,2020,49
44043,Blesa,65-100,2020,40
44043,Blesa,0-16,2021,3
44043,Blesa,16-64,2021,49
44043,Blesa,65-100,2021,33
44043,Blesa,0-16,2022,2
44043,Blesa,16-64,2022,49
44043,Blesa,65-100,2022,37
44043,Blesa,0-16,2023,0
44043,Blesa,16-64,2023,39
44043,Blesa,65-100,2023,39
44043,Blesa,0-16,2024,0
44043,Blesa,16-64,2024,37
44043,Blesa,65-100,2024,39
44043,Blesa,0-16,2025,0
44043,Blesa,16-64,2025,39
44043,Blesa,65-100,2025,35
44044,Bordón,0-16,2003,17
44044,Bordón,16-64,2003,71
44044,Bordón,65-100,2003,46
44044,Bordón,0-16,2004,16
44044,Bordón,16-64,2004,76
44044,Bordón,65-100,2004,47
44044,Bordón,0-16,2005,15
44044,Bordón,16-64,2005,83
44044,Bordón,65-100,2005,46
44044,Bordón,0-16,2006,15
44044,Bordón,16-64,2006,76
44044,Bordón,65-100,2006,48
44044,Bordón,0-16,2007,13
44044,Bordón,16-64,2007,78
44044,Bordón,65-100,2007,45
44044,Bordón,0-16,2008,12
44044,Bordón,16-64,2008,78
44044,Bordón,65-100,2008,42
44044,Bordón,0-16,2009,14
44044,Bordón,16-64,2009,85
44044,Bordón,65-100,2009,43
44044,Bordón,0-16,2010,15
44044,Bordón,16-64,2010,83
44044,Bordón,65-100,2010,43
44044,Bordón,0-16,2011,19
44044,Bordón,16-64,2011,82
44044,Bordón,65-100,2011,45
44044,Bordón,0-16,2012,16
44044,Bordón,16-64,2012,73
44044,Bordón,65-100,2012,42
44044,Bordón,0-16,2013,19
44044,Bordón,16-64,2013,61
44044,Bordón,65-100,2013,40
44044,Bordón,0-16,2014,15
44044,Bordón,16-64,2014,61
44044,Bordón,65-100,2014,38
44044,Bordón,0-16,2015,16
44044,Bordón,16-64,2015,63
44044,Bordón,65-100,2015,38
44044,Bordón,0-16,2016,16
44044,Bordón,16-64,2016,58
44044,Bordón,65-100,2016,40
44044,Bordón,0-16,2017,14
44044,Bordón,16-64,2017,57
44044,Bordón,65-100,2017,37
44044,Bordón,0-16,2018,16
44044,Bordón,16-64,2018,55
44044,Bordón,65-100,2018,35
44044,Bordón,0-16,2019,10
44044,Bordón,16-64,2019,55
44044,Bordón,65-100,2019,35
44044,Bordón,0-16,2020,13
44044,Bordón,16-64,2020,58
44044,Bordón,65-100,2020,34
44044,Bordón,0-16,2021,17
44044,Bordón,16-64,2021,69
44044,Bordón,65-100,2021,30
44044,Bordón,0-16,2022,17
44044,Bordón,16-64,2022,64
44044,Bordón,65-100,2022,30
44044,Bordón,0-16,2023,16
44044,Bordón,16-64,2023,65
44044,Bordón,65-100,2023,31
44044,Bordón,0-16,2024,17
44044,Bordón,16-64,2024,63
44044,Bordón,65-100,2024,33
44044,Bordón,0-16,2025,18
44044,Bordón,16-64,2025,68
44044,Bordón,65-100,2025,30
44045,Bronchales,0-16,2003,62
44045,Bronchales,16-64,2003,277
44045,Bronchales,65-100,2003,140
44045,Bronchales,0-16,2004,53
44045,Bronchales,16-64,2004,273
44045,Bronchales,65-100,2004,137
44045,Bronchales,0-16,2005,46
44045,Bronchales,16-64,2005,271
44045,Bronchales,65-100,2005,129
44045,Bronchales,0-16,2006,44
44045,Bronchales,16-64,2006,288
44045,Bronchales,65-100,2006,126
44045,Bronchales,0-16,2007,43
44045,Bronchales,16-64,2007,352
44045,Bronchales,65-100,2007,113
44045,Bronchales,0-16,2008,43
44045,Bronchales,16-64,2008,342
44045,Bronchales,65-100,2008,103
44045,Bronchales,0-16,2009,49
44045,Bronchales,16-64,2009,331
44045,Bronchales,65-100,2009,103
44045,Bronchales,0-16,2010,49
44045,Bronchales,16-64,2010,328
44045,Bronchales,65-100,2010,103
44045,Bronchales,0-16,2011,43
44045,Bronchales,16-64,2011,320
44045,Bronchales,65-100,2011,106
44045,Bronchales,0-16,2012,48
44045,Bronchales,16-64,2012,321
44045,Bronchales,65-100,2012,103
44045,Bronchales,0-16,2013,44
44045,Bronchales,16-64,2013,316
44045,Bronchales,65-100,2013,101
44045,Bronchales,0-16,2014,37
44045,Bronchales,16-64,2014,283
44045,Bronchales,65-100,2014,107
44045,Bronchales,0-16,2015,37
44045,Bronchales,16-64,2015,284
44045,Bronchales,65-100,2015,102
44045,Bronchales,0-16,2016,35
44045,Bronchales,16-64,2016,282
44045,Bronchales,65-100,2016,100
44045,Bronchales,0-16,2017,44
44045,Bronchales,16-64,2017,297
44045,Bronchales,65-100,2017,99
44045,Bronchales,0-16,2018,42
44045,Bronchales,16-64,2018,305
44045,Bronchales,65-100,2018,96
44045,Bronchales,0-16,2019,40
44045,Bronchales,16-64,2019,293
44045,Bronchales,65-100,2019,99
44045,Bronchales,0-16,2020,40
44045,Bronchales,16-64,2020,284
44045,Bronchales,65-100,2020,93
44045,Bronchales,0-16,2021,41
44045,Bronchales,16-64,2021,288
44045,Bronchales,65-100,2021,95
44045,Bronchales,0-16,2022,39
44045,Bronchales,16-64,2022,299
44045,Bronchales,65-100,2022,97
44045,Bronchales,0-16,2023,53
44045,Bronchales,16-64,2023,311
44045,Bronchales,65-100,2023,106
44045,Bronchales,0-16,2024,54
44045,Bronchales,16-64,2024,295
44045,Bronchales,65-100,2024,113
44045,Bronchales,0-16,2025,58
44045,Bronchales,16-64,2025,306
44045,Bronchales,65-100,2025,111
44046,Bueña,0-16,2003,0
44046,Bueña,16-64,2003,39
44046,Bueña,65-100,2003,48
44046,Bueña,0-16,2004,0
44046,Bueña,16-64,2004,35
44046,Bueña,65-100,2004,44
44046,Bueña,0-16,2005,0
44046,Bueña,16-64,2005,34
44046,Bueña,65-100,2005,43
44046,Bueña,0-16,2006,1
44046,Bueña,16-64,2006,30
44046,Bueña,65-100,2006,43
44046,Bueña,0-16,2007,1
44046,Bueña,16-64,2007,27
44046,Bueña,65-100,2007,43
44046,Bueña,0-16,2008,1
44046,Bueña,16-64,2008,27
44046,Bueña,65-100,2008,43
44046,Bueña,0-16,2009,1
44046,Bueña,16-64,2009,27
44046,Bueña,65-100,2009,43
44046,Bueña,0-16,2010,1
44046,Bueña,16-64,2010,28
44046,Bueña,65-100,2010,38
44046,Bueña,0-16,2011,1
44046,Bueña,16-64,2011,27
44046,Bueña,65-100,2011,37
44046,Bueña,0-16,2012,1
44046,Bueña,16-64,2012,26
44046,Bueña,65-100,2012,36
44046,Bueña,0-16,2013,1
44046,Bueña,16-64,2013,26
44046,Bueña,65-100,2013,35
44046,Bueña,0-16,2014,1
44046,Bueña,16-64,2014,24
44046,Bueña,65-100,2014,37
44046,Bueña,0-16,2015,1
44046,Bueña,16-64,2015,23
44046,Bueña,65-100,2015,31
44046,Bueña,0-16,2016,1
44046,Bueña,16-64,2016,23
44046,Bueña,65-100,2016,29
44046,Bueña,0-16,2017,3
44046,Bueña,16-64,2017,27
44046,Bueña,65-100,2017,27
44046,Bueña,0-16,2018,7
44046,Bueña,16-64,2018,28
44046,Bueña,65-100,2018,28
44046,Bueña,0-16,2019,1
44046,Bueña,16-64,2019,22
44046,Bueña,65-100,2019,27
44046,Bueña,0-16,2020,1
44046,Bueña,16-64,2020,21
44046,Bueña,65-100,2020,27
44046,Bueña,0-16,2021,3
44046,Bueña,16-64,2021,22
44046,Bueña,65-100,2021,27
44046,Bueña,0-16,2022,4
44046,Bueña,16-64,2022,23
44046,Bueña,65-100,2022,24
44046,Bueña,0-16,2023,7
44046,Bueña,16-64,2023,25
44046,Bueña,65-100,2023,23
44046,Bueña,0-16,2024,7
44046,Bueña,16-64,2024,27
44046,Bueña,65-100,2024,22
44046,Bueña,0-16,2025,12
44046,Bueña,16-64,2025,29
44046,Bueña,65-100,2025,24
44047,Burbáguena,0-16,2003,9
44047,Burbáguena,16-64,2003,112
44047,Burbáguena,65-100,2003,176
44047,Burbáguena,0-16,2004,9
44047,Burbáguena,16-64,2004,126
44047,Burbáguena,65-100,2004,183
44047,Burbáguena,0-16,2005,8
44047,Burbáguena,16-64,2005,121
44047,Burbáguena,65-100,2005,172
44047,Burbáguena,0-16,2006,7
44047,Burbáguena,16-64,2006,120
44047,Burbáguena,65-100,2006,163
44047,Burbáguena,0-16,2007,7
44047,Burbáguena,16-64,2007,118
44047,Burbáguena,65-100,2007,173
44047,Burbáguena,0-16,2008,7
44047,Burbáguena,16-64,2008,116
44047,Burbáguena,65-100,2008,180
44047,Burbáguena,0-16,2009,12
44047,Burbáguena,16-64,2009,118
44047,Burbáguena,65-100,2009,180
44047,Burbáguena,0-16,2010,14
44047,Burbáguena,16-64,2010,107
44047,Burbáguena,65-100,2010,175
44047,Burbáguena,0-16,2011,12
44047,Burbáguena,16-64,2011,113
44047,Burbáguena,65-100,2011,175
44047,Burbáguena,0-16,2012,14
44047,Burbáguena,16-64,2012,115
44047,Burbáguena,65-100,2012,163
44047,Burbáguena,0-16,2013,17
44047,Burbáguena,16-64,2013,117
44047,Burbáguena,65-100,2013,160
44047,Burbáguena,0-16,2014,14
44047,Burbáguena,16-64,2014,113
44047,Burbáguena,65-100,2014,154
44047,Burbáguena,0-16,2015,11
44047,Burbáguena,16-64,2015,97
44047,Burbáguena,65-100,2015,146
44047,Burbáguena,0-16,2016,12
44047,Burbáguena,16-64,2016,99
44047,Burbáguena,65-100,2016,143
44047,Burbáguena,0-16,2017,11
44047,Burbáguena,16-64,2017,98
44047,Burbáguena,65-100,2017,145
44047,Burbáguena,0-16,2018,9
44047,Burbáguena,16-64,2018,98
44047,Burbáguena,65-100,2018,136
44047,Burbáguena,0-16,2019,8
44047,Burbáguena,16-64,2019,104
44047,Burbáguena,65-100,2019,137
44047,Burbáguena,0-16,2020,8
44047,Burbáguena,16-64,2020,103
44047,Burbáguena,65-100,2020,100
44047,Burbáguena,0-16,2021,11
44047,Burbáguena,16-64,2021,101
44047,Burbáguena,65-100,2021,95
44047,Burbáguena,0-16,2022,21
44047,Burbáguena,16-64,2022,152
44047,Burbáguena,65-100,2022,105
44047,Burbáguena,0-16,2023,57
44047,Burbáguena,16-64,2023,202
44047,Burbáguena,65-100,2023,117
44047,Burbáguena,0-16,2024,46
44047,Burbáguena,16-64,2024,194
44047,Burbáguena,65-100,2024,112
44047,Burbáguena,0-16,2025,58
44047,Burbáguena,16-64,2025,221
44047,Burbáguena,65-100,2025,118
44048,Cabra de Mora,0-16,2003,16
44048,Cabra de Mora,16-64,2003,65
44048,Cabra de Mora,65-100,2003,30
44048,Cabra de Mora,0-16,2004,15
44048,Cabra de Mora,16-64,2004,77
44048,Cabra de Mora,65-100,2004,27
44048,Cabra de Mora,0-16,2005,15
44048,Cabra de Mora,16-64,2005,72
44048,Cabra de Mora,65-100,2005,28
44048,Cabra de Mora,0-16,2006,13
44048,Cabra de Mora,16-64,2006,64
44048,Cabra de Mora,65-100,2006,33
44048,Cabra de Mora,0-16,2007,13
44048,Cabra de Mora,16-64,2007,74
44048,Cabra de Mora,65-100,2007,35
44048,Cabra de Mora,0-16,2008,11
44048,Cabra de Mora,16-64,2008,63
44048,Cabra de Mora,65-100,2008,31
44048,Cabra de Mora,0-16,2009,8
44048,Cabra de Mora,16-64,2009,55
44048,Cabra de Mora,65-100,2009,26
44048,Cabra de Mora,0-16,2010,6
44048,Cabra de Mora,16-64,2010,56
44048,Cabra de Mora,65-100,2010,26
44048,Cabra de Mora,0-16,2011,5
44048,Cabra de Mora,16-64,2011,55
44048,Cabra de Mora,65-100,2011,27
44048,Cabra de Mora,0-16,2012,3
44048,Cabra de Mora,16-64,2012,48
44048,Cabra de Mora,65-100,2012,28
44048,Cabra de Mora,0-16,2013,2
44048,Cabra de Mora,16-64,2013,37
44048,Cabra de Mora,65-100,2013,27
44048,Cabra de Mora,0-16,2014,3
44048,Cabra de Mora,16-64,2014,42
44048,Cabra de Mora,65-100,2014,25
44048,Cabra de Mora,0-16,2015,2
44048,Cabra de Mora,16-64,2015,44
44048,Cabra de Mora,65-100,2015,27
44048,Cabra de Mora,0-16,2016,1
44048,Cabra de Mora,16-64,2016,43
44048,Cabra de Mora,65-100,2016,24
44048,Cabra de Mora,0-16,2017,1
44048,Cabra de Mora,16-64,2017,43
44048,Cabra de Mora,65-100,2017,20
44048,Cabra de Mora,0-16,2018,0
44048,Cabra de Mora,16-64,2018,39
44048,Cabra de Mora,65-100,2018,16
44048,Cabra de Mora,0-16,2019,0
44048,Cabra de Mora,16-64,2019,40
44048,Cabra de Mora,65-100,2019,14
44048,Cabra de Mora,0-16,2020,0
44048,Cabra de Mora,16-64,2020,36
44048,Cabra de Mora,65-100,2020,15
44048,Cabra de Mora,0-16,2021,1
44048,Cabra de Mora,16-64,2021,53
44048,Cabra de Mora,65-100,2021,14
44048,Cabra de Mora,0-16,2022,2
44048,Cabra de Mora,16-64,2022,49
44048,Cabra de Mora,65-100,2022,18
44048,Cabra de Mora,0-16,2023,3
44048,Cabra de Mora,16-64,2023,52
44048,Cabra de Mora,65-100,2023,16
44048,Cabra de Mora,0-16,2024,2
44048,Cabra de Mora,16-64,2024,46
44048,Cabra de Mora,65-100,2024,18
44048,Cabra de Mora,0-16,2025,4
44048,Cabra de Mora,16-64,2025,45
44048,Cabra de Mora,65-100,2025,17
44049,Calaceite,0-16,2003,127
44049,Calaceite,16-64,2003,670
44049,Calaceite,65-100,2003,361
44049,Calaceite,0-16,2004,130
44049,Calaceite,16-64,2004,661
44049,Calaceite,65-100,2004,354
44049,Calaceite,0-16,2005,129
44049,Calaceite,16-64,2005,671
44049,Calaceite,65-100,2005,347
44049,Calaceite,0-16,2006,121
44049,Calaceite,16-64,2006,677
44049,Calaceite,65-100,2006,345
44049,Calaceite,0-16,2007,117
44049,Calaceite,16-64,2007,668
44049,Calaceite,65-100,2007,341
44049,Calaceite,0-16,2008,120
44049,Calaceite,16-64,2008,680
44049,Calaceite,65-100,2008,332
44049,Calaceite,0-16,2009,117
44049,Calaceite,16-64,2009,681
44049,Calaceite,65-100,2009,333
44049,Calaceite,0-16,2010,123
44049,Calaceite,16-64,2010,685
44049,Calaceite,65-100,2010,337
44049,Calaceite,0-16,2011,125
44049,Calaceite,16-64,2011,686
44049,Calaceite,65-100,2011,332
44049,Calaceite,0-16,2012,121
44049,Calaceite,16-64,2012,657
44049,Calaceite,65-100,2012,327
44049,Calaceite,0-16,2013,124
44049,Calaceite,16-64,2013,644
44049,Calaceite,65-100,2013,338
44049,Calaceite,0-16,2014,113
44049,Calaceite,16-64,2014,631
44049,Calaceite,65-100,2014,332
44049,Calaceite,0-16,2015,105
44049,Calaceite,16-64,2015,611
44049,Calaceite,65-100,2015,336
44049,Calaceite,0-16,2016,109
44049,Calaceite,16-64,2016,591
44049,Calaceite,65-100,2016,339
44049,Calaceite,0-16,2017,114
44049,Calaceite,16-64,2017,578
44049,Calaceite,65-100,2017,346
44049,Calaceite,0-16,2018,111
44049,Calaceite,16-64,2018,559
44049,Calaceite,65-100,2018,341
44049,Calaceite,0-16,2019,108
44049,Calaceite,16-64,2019,542
44049,Calaceite,65-100,2019,344
44049,Calaceite,0-16,2020,109
44049,Calaceite,16-64,2020,533
44049,Calaceite,65-100,2020,336
44049,Calaceite,0-16,2021,119
44049,Calaceite,16-64,2021,532
44049,Calaceite,65-100,2021,331
44049,Calaceite,0-16,2022,130
44049,Calaceite,16-64,2022,537
44049,Calaceite,65-100,2022,326
44049,Calaceite,0-16,2023,127
44049,Calaceite,16-64,2023,526
44049,Calaceite,65-100,2023,324
44049,Calaceite,0-16,2024,118
44049,Calaceite,16-64,2024,523
44049,Calaceite,65-100,2024,318
44049,Calaceite,0-16,2025,129
44049,Calaceite,16-64,2025,507
44049,Calaceite,65-100,2025,325
44050,Calamocha,0-16,2003,600
44050,Calamocha,16-64,2003,2565
44050,Calamocha,65-100,2003,1033
44050,Calamocha,0-16,2004,605
44050,Calamocha,16-64,2004,2640
44050,Calamocha,65-100,2004,1011
44050,Calamocha,0-16,2005,624
44050,Calamocha,16-64,2005,2733
44050,Calamocha,65-100,2005,1032
44050,Calamocha,0-16,2006,645
44050,Calamocha,16-64,2006,2803
44050,Calamocha,65-100,2006,1025
44050,Calamocha,0-16,2007,659
44050,Calamocha,16-64,2007,2906
44050,Calamocha,65-100,2007,998
44050,Calamocha,0-16,2008,708
44050,Calamocha,16-64,2008,3053
44050,Calamocha,65-100,2008,991
44050,Calamocha,0-16,2009,747
44050,Calamocha,16-64,2009,3063
44050,Calamocha,65-100,2009,966
44050,Calamocha,0-16,2010,756
44050,Calamocha,16-64,2010,2927
44050,Calamocha,65-100,2010,966
44050,Calamocha,0-16,2011,746
44050,Calamocha,16-64,2011,2927
44050,Calamocha,65-100,2011,955
44050,Calamocha,0-16,2012,725
44050,Calamocha,16-64,2012,2929
44050,Calamocha,65-100,2012,925
44050,Calamocha,0-16,2013,725
44050,Calamocha,16-64,2013,2857
44050,Calamocha,65-100,2013,933
44050,Calamocha,0-16,2014,708
44050,Calamocha,16-64,2014,2824
44050,Calamocha,65-100,2014,937
44050,Calamocha,0-16,2015,709
44050,Calamocha,16-64,2015,2786
44050,Calamocha,65-100,2015,922
44050,Calamocha,0-16,2016,690
44050,Calamocha,16-64,2016,2770
44050,Calamocha,65-100,2016,908
44050,Calamocha,0-16,2017,696
44050,Calamocha,16-64,2017,2757
44050,Calamocha,65-100,2017,900
44050,Calamocha,0-16,2018,686
44050,Calamocha,16-64,2018,2730
44050,Calamocha,65-100,2018,903
44050,Calamocha,0-16,2019,680
44050,Calamocha,16-64,2019,2742
44050,Calamocha,65-100,2019,917
44050,Calamocha,0-16,2020,701
44050,Calamocha,16-64,2020,2815
44050,Calamocha,65-100,2020,913
44050,Calamocha,0-16,2021,713
44050,Calamocha,16-64,2021,2865
44050,Calamocha,65-100,2021,895
44050,Calamocha,0-16,2022,700
44050,Calamocha,16-64,2022,2879
44050,Calamocha,65-100,2022,906
44050,Calamocha,0-16,2023,696
44050,Calamocha,16-64,2023,2849
44050,Calamocha,65-100,2023,924
44050,Calamocha,0-16,2024,685
44050,Calamocha,16-64,2024,2888
44050,Calamocha,65-100,2024,943
44050,Calamocha,0-16,2025,699
44050,Calamocha,16-64,2025,2964
44050,Calamocha,65-100,2025,965
44051,Calanda,0-16,2003,524
44051,Calanda,16-64,2003,2231
44051,Calanda,65-100,2003,810
44051,Calanda,0-16,2004,509
44051,Calanda,16-64,2004,2269
44051,Calanda,65-100,2004,820
44051,Calanda,0-16,2005,501
44051,Calanda,16-64,2005,2335
44051,Calanda,65-100,2005,808
44051,Calanda,0-16,2006,493
44051,Calanda,16-64,2006,2414
44051,Calanda,65-100,2006,802
44051,Calanda,0-16,2007,487
44051,Calanda,16-64,2007,2469
44051,Calanda,65-100,2007,781
44051,Calanda,0-16,2008,496
44051,Calanda,16-64,2008,2525
44051,Calanda,65-100,2008,804
44051,Calanda,0-16,2009,518
44051,Calanda,16-64,2009,2579
44051,Calanda,65-100,2009,802
44051,Calanda,0-16,2010,536
44051,Calanda,16-64,2010,2657
44051,Calanda,65-100,2010,811
44051,Calanda,0-16,2011,531
44051,Calanda,16-64,2011,2673
44051,Calanda,65-100,2011,800
44051,Calanda,0-16,2012,533
44051,Calanda,16-64,2012,2626
44051,Calanda,65-100,2012,797
44051,Calanda,0-16,2013,525
44051,Calanda,16-64,2013,2622
44051,Calanda,65-100,2013,802
44051,Calanda,0-16,2014,534
44051,Calanda,16-64,2014,2574
44051,Calanda,65-100,2014,812
44051,Calanda,0-16,2015,528
44051,Calanda,16-64,2015,2552
44051,Calanda,65-100,2015,813
44051,Calanda,0-16,2016,522
44051,Calanda,16-64,2016,2518
44051,Calanda,65-100,2016,806
44051,Calanda,0-16,2017,491
44051,Calanda,16-64,2017,2442
44051,Calanda,65-100,2017,796
44051,Calanda,0-16,2018,479
44051,Calanda,16-64,2018,2429
44051,Calanda,65-100,2018,800
44051,Calanda,0-16,2019,473
44051,Calanda,16-64,2019,2460
44051,Calanda,65-100,2019,815
44051,Calanda,0-16,2020,507
44051,Calanda,16-64,2020,2500
44051,Calanda,65-100,2020,815
44051,Calanda,0-16,2021,513
44051,Calanda,16-64,2021,2428
44051,Calanda,65-100,2021,812
44051,Calanda,0-16,2022,527
44051,Calanda,16-64,2022,2410
44051,Calanda,65-100,2022,818
44051,Calanda,0-16,2023,540
44051,Calanda,16-64,2023,2391
44051,Calanda,65-100,2023,823
44051,Calanda,0-16,2024,531
44051,Calanda,16-64,2024,2324
44051,Calanda,65-100,2024,837
44051,Calanda,0-16,2025,562
44051,Calanda,16-64,2025,2385
44051,Calanda,65-100,2025,856
44052,Calomarde,0-16,2003,3
44052,Calomarde,16-64,2003,37
44052,Calomarde,65-100,2003,33
44052,Calomarde,0-16,2004,0
44052,Calomarde,16-64,2004,39
44052,Calomarde,65-100,2004,34
44052,Calomarde,0-16,2005,0
44052,Calomarde,16-64,2005,40
44052,Calomarde,65-100,2005,33
44052,Calomarde,0-16,2006,0
44052,Calomarde,16-64,2006,43
44052,Calomarde,65-100,2006,35
44052,Calomarde,0-16,2007,0
44052,Calomarde,16-64,2007,51
44052,Calomarde,65-100,2007,39
44052,Calomarde,0-16,2008,0
44052,Calomarde,16-64,2008,57
44052,Calomarde,65-100,2008,39
44052,Calomarde,0-16,2009,0
44052,Calomarde,16-64,2009,53
44052,Calomarde,65-100,2009,39
44052,Calomarde,0-16,2010,0
44052,Calomarde,16-64,2010,45
44052,Calomarde,65-100,2010,39
44052,Calomarde,0-16,2011,1
44052,Calomarde,16-64,2011,65
44052,Calomarde,65-100,2011,37
44052,Calomarde,0-16,2012,0
44052,Calomarde,16-64,2012,52
44052,Calomarde,65-100,2012,38
44052,Calomarde,0-16,2013,1
44052,Calomarde,16-64,2013,46
44052,Calomarde,65-100,2013,37
44052,Calomarde,0-16,2014,3
44052,Calomarde,16-64,2014,46
44052,Calomarde,65-100,2014,39
44052,Calomarde,0-16,2015,1
44052,Calomarde,16-64,2015,47
44052,Calomarde,65-100,2015,39
44052,Calomarde,0-16,2016,0
44052,Calomarde,16-64,2016,44
44052,Calomarde,65-100,2016,36
44052,Calomarde,0-16,2017,0
44052,Calomarde,16-64,2017,45
44052,Calomarde,65-100,2017,33
44052,Calomarde,0-16,2018,0
44052,Calomarde,16-64,2018,42
44052,Calomarde,65-100,2018,32
44052,Calomarde,0-16,2019,1
44052,Calomarde,16-64,2019,42
44052,Calomarde,65-100,2019,32
44052,Calomarde,0-16,2020,1
44052,Calomarde,16-64,2020,41
44052,Calomarde,65-100,2020,32
44052,Calomarde,0-16,2021,3
44052,Calomarde,16-64,2021,46
44052,Calomarde,65-100,2021,29
44052,Calomarde,0-16,2022,3
44052,Calomarde,16-64,2022,47
44052,Calomarde,65-100,2022,27
44052,Calomarde,0-16,2023,3
44052,Calomarde,16-64,2023,42
44052,Calomarde,65-100,2023,28
44052,Calomarde,0-16,2024,1
44052,Calomarde,16-64,2024,42
44052,Calomarde,65-100,2024,31
44052,Calomarde,0-16,2025,0
44052,Calomarde,16-64,2025,45
44052,Calomarde,65-100,2025,31
44053,Camañas,0-16,2003,20
44053,Camañas,16-64,2003,73
44053,Camañas,65-100,2003,55
44053,Camañas,0-16,2004,20
44053,Camañas,16-64,2004,77
44053,Camañas,65-100,2004,53
44053,Camañas,0-16,2005,14
44053,Camañas,16-64,2005,75
44053,Camañas,65-100,2005,49
44053,Camañas,0-16,2006,10
44053,Camañas,16-64,2006,70
44053,Camañas,65-100,2006,50
44053,Camañas,0-16,2007,8
44053,Camañas,16-64,2007,67
44053,Camañas,65-100,2007,49
44053,Camañas,0-16,2008,8
44053,Camañas,16-64,2008,62
44053,Camañas,65-100,2008,46
44053,Camañas,0-16,2009,8
44053,Camañas,16-64,2009,62
44053,Camañas,65-100,2009,47
44053,Camañas,0-16,2010,12
44053,Camañas,16-64,2010,64
44053,Camañas,65-100,2010,49
44053,Camañas,0-16,2011,11
44053,Camañas,16-64,2011,68
44053,Camañas,65-100,2011,46
44053,Camañas,0-16,2012,16
44053,Camañas,16-64,2012,72
44053,Camañas,65-100,2012,47
44053,Camañas,0-16,2013,13
44053,Camañas,16-64,2013,68
44053,Camañas,65-100,2013,46
44053,Camañas,0-16,2014,16
44053,Camañas,16-64,2014,66
44053,Camañas,65-100,2014,46
44053,Camañas,0-16,2015,16
44053,Camañas,16-64,2015,65
44053,Camañas,65-100,2015,44
44053,Camañas,0-16,2016,20
44053,Camañas,16-64,2016,66
44053,Camañas,65-100,2016,44
44053,Camañas,0-16,2017,21
44053,Camañas,16-64,2017,66
44053,Camañas,65-100,2017,42
44053,Camañas,0-16,2018,17
44053,Camañas,16-64,2018,69
44053,Camañas,65-100,2018,38
44053,Camañas,0-16,2019,17
44053,Camañas,16-64,2019,77
44053,Camañas,65-100,2019,40
44053,Camañas,0-16,2020,16
44053,Camañas,16-64,2020,77
44053,Camañas,65-100,2020,40
44053,Camañas,0-16,2021,20
44053,Camañas,16-64,2021,81
44053,Camañas,65-100,2021,39
44053,Camañas,0-16,2022,19
44053,Camañas,16-64,2022,75
44053,Camañas,65-100,2022,43
44053,Camañas,0-16,2023,17
44053,Camañas,16-64,2023,77
44053,Camañas,65-100,2023,39
44053,Camañas,0-16,2024,15
44053,Camañas,16-64,2024,79
44053,Camañas,65-100,2024,34
44053,Camañas,0-16,2025,20
44053,Camañas,16-64,2025,83
44053,Camañas,65-100,2025,33
44054,Camarena de la Sierra,0-16,2003,16
44054,Camarena de la Sierra,16-64,2003,105
44054,Camarena de la Sierra,65-100,2003,45
44054,Camarena de la Sierra,0-16,2004,16
44054,Camarena de la Sierra,16-64,2004,108
44054,Camarena de la Sierra,65-100,2004,42
44054,Camarena de la Sierra,0-16,2005,13
44054,Camarena de la Sierra,16-64,2005,105
44054,Camarena de la Sierra,65-100,2005,41
44054,Camarena de la Sierra,0-16,2006,10
44054,Camarena de la Sierra,16-64,2006,109
44054,Camarena de la Sierra,65-100,2006,41
44054,Camarena de la Sierra,0-16,2007,7
44054,Camarena de la Sierra,16-64,2007,118
44054,Camarena de la Sierra,65-100,2007,42
44054,Camarena de la Sierra,0-16,2008,6
44054,Camarena de la Sierra,16-64,2008,116
44054,Camarena de la Sierra,65-100,2008,41
44054,Camarena de la Sierra,0-16,2009,8
44054,Camarena de la Sierra,16-64,2009,115
44054,Camarena de la Sierra,65-100,2009,44
44054,Camarena de la Sierra,0-16,2010,18
44054,Camarena de la Sierra,16-64,2010,108
44054,Camarena de la Sierra,65-100,2010,39
44054,Camarena de la Sierra,0-16,2011,16
44054,Camarena de la Sierra,16-64,2011,104
44054,Camarena de la Sierra,65-100,2011,39
44054,Camarena de la Sierra,0-16,2012,10
44054,Camarena de la Sierra,16-64,2012,99
44054,Camarena de la Sierra,65-100,2012,36
44054,Camarena de la Sierra,0-16,2013,12
44054,Camarena de la Sierra,16-64,2013,95
44054,Camarena de la Sierra,65-100,2013,31
44054,Camarena de la Sierra,0-16,2014,13
44054,Camarena de la Sierra,16-64,2014,93
44054,Camarena de la Sierra,65-100,2014,31
44054,Camarena de la Sierra,0-16,2015,11
44054,Camarena de la Sierra,16-64,2015,83
44054,Camarena de la Sierra,65-100,2015,29
44054,Camarena de la Sierra,0-16,2016,14
44054,Camarena de la Sierra,16-64,2016,83
44054,Camarena de la Sierra,65-100,2016,30
44054,Camarena de la Sierra,0-16,2017,12
44054,Camarena de la Sierra,16-64,2017,74
44054,Camarena de la Sierra,65-100,2017,30
44054,Camarena de la Sierra,0-16,2018,10
44054,Camarena de la Sierra,16-64,2018,74
44054,Camarena de la Sierra,65-100,2018,29
44054,Camarena de la Sierra,0-16,2019,8
44054,Camarena de la Sierra,16-64,2019,68
44054,Camarena de la Sierra,65-100,2019,29
44054,Camarena de la Sierra,0-16,2020,12
44054,Camarena de la Sierra,16-64,2020,68
44054,Camarena de la Sierra,65-100,2020,27
44054,Camarena de la Sierra,0-16,2021,15
44054,Camarena de la Sierra,16-64,2021,72
44054,Camarena de la Sierra,65-100,2021,29
44054,Camarena de la Sierra,0-16,2022,15
44054,Camarena de la Sierra,16-64,2022,78
44054,Camarena de la Sierra,65-100,2022,30
44054,Camarena de la Sierra,0-16,2023,20
44054,Camarena de la Sierra,16-64,2023,82
44054,Camarena de la Sierra,65-100,2023,33
44054,Camarena de la Sierra,0-16,2024,22
44054,Camarena de la Sierra,16-64,2024,86
44054,Camarena de la Sierra,65-100,2024,34
44054,Camarena de la Sierra,0-16,2025,20
44054,Camarena de la Sierra,16-64,2025,87
44054,Camarena de la Sierra,65-100,2025,32
44055,Camarillas,0-16,2003,3
44055,Camarillas,16-64,2003,68
44055,Camarillas,65-100,2003,32
44055,Camarillas,0-16,2004,3
44055,Camarillas,16-64,2004,67
44055,Camarillas,65-100,2004,32
44055,Camarillas,0-16,2005,6
44055,Camarillas,16-64,2005,69
44055,Camarillas,65-100,2005,32
44055,Camarillas,0-16,2006,7
44055,Camarillas,16-64,2006,70
44055,Camarillas,65-100,2006,32
44055,Camarillas,0-16,2007,8
44055,Camarillas,16-64,2007,67
44055,Camarillas,65-100,2007,32
44055,Camarillas,0-16,2008,6
44055,Camarillas,16-64,2008,80
44055,Camarillas,65-100,2008,35
44055,Camarillas,0-16,2009,6
44055,Camarillas,16-64,2009,73
44055,Camarillas,65-100,2009,33
44055,Camarillas,0-16,2010,14
44055,Camarillas,16-64,2010,70
44055,Camarillas,65-100,2010,35
44055,Camarillas,0-16,2011,17
44055,Camarillas,16-64,2011,79
44055,Camarillas,65-100,2011,34
44055,Camarillas,0-16,2012,12
44055,Camarillas,16-64,2012,72
44055,Camarillas,65-100,2012,33
44055,Camarillas,0-16,2013,13
44055,Camarillas,16-64,2013,66
44055,Camarillas,65-100,2013,31
44055,Camarillas,0-16,2014,12
44055,Camarillas,16-64,2014,62
44055,Camarillas,65-100,2014,29
44055,Camarillas,0-16,2015,12
44055,Camarillas,16-64,2015,60
44055,Camarillas,65-100,2015,27
44055,Camarillas,0-16,2016,12
44055,Camarillas,16-64,2016,53
44055,Camarillas,65-100,2016,29
44055,Camarillas,0-16,2017,8
44055,Camarillas,16-64,2017,52
44055,Camarillas,65-100,2017,29
44055,Camarillas,0-16,2018,8
44055,Camarillas,16-64,2018,50
44055,Camarillas,65-100,2018,28
44055,Camarillas,0-16,2019,10
44055,Camarillas,16-64,2019,66
44055,Camarillas,65-100,2019,24
44055,Camarillas,0-16,2020,11
44055,Camarillas,16-64,2020,59
44055,Camarillas,65-100,2020,22
44055,Camarillas,0-16,2021,7
44055,Camarillas,16-64,2021,55
44055,Camarillas,65-100,2021,20
44055,Camarillas,0-16,2022,7
44055,Camarillas,16-64,2022,56
44055,Camarillas,65-100,2022,21
44055,Camarillas,0-16,2023,13
44055,Camarillas,16-64,2023,77
44055,Camarillas,65-100,2023,31
44055,Camarillas,0-16,2024,11
44055,Camarillas,16-64,2024,81
44055,Camarillas,65-100,2024,28
44055,Camarillas,0-16,2025,9
44055,Camarillas,16-64,2025,68
44055,Camarillas,65-100,2025,23
44056,Caminreal,0-16,2003,70
44056,Caminreal,16-64,2003,417
44056,Caminreal,65-100,2003,274
44056,Caminreal,0-16,2004,73
44056,Caminreal,16-64,2004,414
44056,Caminreal,65-100,2004,273
44056,Caminreal,0-16,2005,66
44056,Caminreal,16-64,2005,421
44056,Caminreal,65-100,2005,268
44056,Caminreal,0-16,2006,65
44056,Caminreal,16-64,2006,425
44056,Caminreal,65-100,2006,261
44056,Caminreal,0-16,2007,67
44056,Caminreal,16-64,2007,432
44056,Caminreal,65-100,2007,257
44056,Caminreal,0-16,2008,70
44056,Caminreal,16-64,2008,468
44056,Caminreal,65-100,2008,250
44056,Caminreal,0-16,2009,64
44056,Caminreal,16-64,2009,464
44056,Caminreal,65-100,2009,237
44056,Caminreal,0-16,2010,79
44056,Caminreal,16-64,2010,441
44056,Caminreal,65-100,2010,238
44056,Caminreal,0-16,2011,71
44056,Caminreal,16-64,2011,415
44056,Caminreal,65-100,2011,232
44056,Caminreal,0-16,2012,84
44056,Caminreal,16-64,2012,414
44056,Caminreal,65-100,2012,237
44056,Caminreal,0-16,2013,84
44056,Caminreal,16-64,2013,405
44056,Caminreal,65-100,2013,235
44056,Caminreal,0-16,2014,63
44056,Caminreal,16-64,2014,390
44056,Caminreal,65-100,2014,231
44056,Caminreal,0-16,2015,63
44056,Caminreal,16-64,2015,379
44056,Caminreal,65-100,2015,217
44056,Caminreal,0-16,2016,61
44056,Caminreal,16-64,2016,365
44056,Caminreal,65-100,2016,211
44056,Caminreal,0-16,2017,62
44056,Caminreal,16-64,2017,352
44056,Caminreal,65-100,2017,202
44056,Caminreal,0-16,2018,66
44056,Caminreal,16-64,2018,356
44056,Caminreal,65-100,2018,197
44056,Caminreal,0-16,2019,70
44056,Caminreal,16-64,2019,353
44056,Caminreal,65-100,2019,197
44056,Caminreal,0-16,2020,77
44056,Caminreal,16-64,2020,352
44056,Caminreal,65-100,2020,186
44056,Caminreal,0-16,2021,82
44056,Caminreal,16-64,2021,368
44056,Caminreal,65-100,2021,184
44056,Caminreal,0-16,2022,76
44056,Caminreal,16-64,2022,363
44056,Caminreal,65-100,2022,186
44056,Caminreal,0-16,2023,78
44056,Caminreal,16-64,2023,360
44056,Caminreal,65-100,2023,176
44056,Caminreal,0-16,2024,82
44056,Caminreal,16-64,2024,356
44056,Caminreal,65-100,2024,179
44056,Caminreal,0-16,2025,83
44056,Caminreal,16-64,2025,354
44056,Caminreal,65-100,2025,171
44059,Cantavieja,0-16,2003,104
44059,Cantavieja,16-64,2003,455
44059,Cantavieja,65-100,2003,163
44059,Cantavieja,0-16,2004,104
44059,Cantavieja,16-64,2004,477
44059,Cantavieja,65-100,2004,159
44059,Cantavieja,0-16,2005,100
44059,Cantavieja,16-64,2005,493
44059,Cantavieja,65-100,2005,154
44059,Cantavieja,0-16,2006,100
44059,Cantavieja,16-64,2006,483
44059,Cantavieja,65-100,2006,165
44059,Cantavieja,0-16,2007,93
44059,Cantavieja,16-64,2007,479
44059,Cantavieja,65-100,2007,155
44059,Cantavieja,0-16,2008,96
44059,Cantavieja,16-64,2008,478
44059,Cantavieja,65-100,2008,161
44059,Cantavieja,0-16,2009,100
44059,Cantavieja,16-64,2009,496
44059,Cantavieja,65-100,2009,162
44059,Cantavieja,0-16,2010,97
44059,Cantavieja,16-64,2010,489
44059,Cantavieja,65-100,2010,162
44059,Cantavieja,0-16,2011,104
44059,Cantavieja,16-64,2011,498
44059,Cantavieja,65-100,2011,155
44059,Cantavieja,0-16,2012,104
44059,Cantavieja,16-64,2012,481
44059,Cantavieja,65-100,2012,160
44059,Cantavieja,0-16,2013,107
44059,Cantavieja,16-64,2013,463
44059,Cantavieja,65-100,2013,154
44059,Cantavieja,0-16,2014,114
44059,Cantavieja,16-64,2014,459
44059,Cantavieja,65-100,2014,151
44059,Cantavieja,0-16,2015,124
44059,Cantavieja,16-64,2015,463
44059,Cantavieja,65-100,2015,154
44059,Cantavieja,0-16,2016,112
44059,Cantavieja,16-64,2016,445
44059,Cantavieja,65-100,2016,155
44059,Cantavieja,0-16,2017,110
44059,Cantavieja,16-64,2017,447
44059,Cantavieja,65-100,2017,160
44059,Cantavieja,0-16,2018,106
44059,Cantavieja,16-64,2018,438
44059,Cantavieja,65-100,2018,170
44059,Cantavieja,0-16,2019,103
44059,Cantavieja,16-64,2019,429
44059,Cantavieja,65-100,2019,177
44059,Cantavieja,0-16,2020,103
44059,Cantavieja,16-64,2020,447
44059,Cantavieja,65-100,2020,179
44059,Cantavieja,0-16,2021,105
44059,Cantavieja,16-64,2021,445
44059,Cantavieja,65-100,2021,184
44059,Cantavieja,0-16,2022,99
44059,Cantavieja,16-64,2022,430
44059,Cantavieja,65-100,2022,178
44059,Cantavieja,0-16,2023,100
44059,Cantavieja,16-64,2023,429
44059,Cantavieja,65-100,2023,189
44059,Cantavieja,0-16,2024,98
44059,Cantavieja,16-64,2024,436
44059,Cantavieja,65-100,2024,183
44059,Cantavieja,0-16,2025,101
44059,Cantavieja,16-64,2025,431
44059,Cantavieja,65-100,2025,195
44060,Cañada de Benatanduz,0-16,2003,8
44060,Cañada de Benatanduz,16-64,2003,31
44060,Cañada de Benatanduz,65-100,2003,21
44060,Cañada de Benatanduz,0-16,2004,10
44060,Cañada de Benatanduz,16-64,2004,34
44060,Cañada de Benatanduz,65-100,2004,20
44060,Cañada de Benatanduz,0-16,2005,7
44060,Cañada de Benatanduz,16-64,2005,33
44060,Cañada de Benatanduz,65-100,2005,19
44060,Cañada de Benatanduz,0-16,2006,6
44060,Cañada de Benatanduz,16-64,2006,29
44060,Cañada de Benatanduz,65-100,2006,15
44060,Cañada de Benatanduz,0-16,2007,6
44060,Cañada de Benatanduz,16-64,2007,24
44060,Cañada de Benatanduz,65-100,2007,19
44060,Cañada de Benatanduz,0-16,2008,5
44060,Cañada de Benatanduz,16-64,2008,27
44060,Cañada de Benatanduz,65-100,2008,19
44060,Cañada de Benatanduz,0-16,2009,3
44060,Cañada de Benatanduz,16-64,2009,25
44060,Cañada de Benatanduz,65-100,2009,20
44060,Cañada de Benatanduz,0-16,2010,1
44060,Cañada de Benatanduz,16-64,2010,23
44060,Cañada de Benatanduz,65-100,2010,18
44060,Cañada de Benatanduz,0-16,2011,1
44060,Cañada de Benatanduz,16-64,2011,22
44060,Cañada de Benatanduz,65-100,2011,18
44060,Cañada de Benatanduz,0-16,2012,1
44060,Cañada de Benatanduz,16-64,2012,21
44060,Cañada de Benatanduz,65-100,2012,17
44060,Cañada de Benatanduz,0-16,2013,1
44060,Cañada de Benatanduz,16-64,2013,22
44060,Cañada de Benatanduz,65-100,2013,15
44060,Cañada de Benatanduz,0-16,2014,1
44060,Cañada de Benatanduz,16-64,2014,24
44060,Cañada de Benatanduz,65-100,2014,16
44060,Cañada de Benatanduz,0-16,2015,0
44060,Cañada de Benatanduz,16-64,2015,26
44060,Cañada de Benatanduz,65-100,2015,15
44060,Cañada de Benatanduz,0-16,2016,0
44060,Cañada de Benatanduz,16-64,2016,26
44060,Cañada de Benatanduz,65-100,2016,15
44060,Cañada de Benatanduz,0-16,2017,0
44060,Cañada de Benatanduz,16-64,2017,25
44060,Cañada de Benatanduz,65-100,2017,17
44060,Cañada de Benatanduz,0-16,2018,0
44060,Cañada de Benatanduz,16-64,2018,23
44060,Cañada de Benatanduz,65-100,2018,16
44060,Cañada de Benatanduz,0-16,2019,0
44060,Cañada de Benatanduz,16-64,2019,21
44060,Cañada de Benatanduz,65-100,2019,15
44060,Cañada de Benatanduz,0-16,2020,1
44060,Cañada de Benatanduz,16-64,2020,19
44060,Cañada de Benatanduz,65-100,2020,13
44060,Cañada de Benatanduz,0-16,2021,1
44060,Cañada de Benatanduz,16-64,2021,19
44060,Cañada de Benatanduz,65-100,2021,14
44060,Cañada de Benatanduz,0-16,2022,2
44060,Cañada de Benatanduz,16-64,2022,19
44060,Cañada de Benatanduz,65-100,2022,14
44060,Cañada de Benatanduz,0-16,2023,2
44060,Cañada de Benatanduz,16-64,2023,17
44060,Cañada de Benatanduz,65-100,2023,15
44060,Cañada de Benatanduz,0-16,2024,2
44060,Cañada de Benatanduz,16-64,2024,20
44060,Cañada de Benatanduz,65-100,2024,17
44060,Cañada de Benatanduz,0-16,2025,2
44060,Cañada de Benatanduz,16-64,2025,21
44060,Cañada de Benatanduz,65-100,2025,17
44061,La Cañada de Verich,0-16,2003,16
44061,La Cañada de Verich,16-64,2003,44
44061,La Cañada de Verich,65-100,2003,46
44061,La Cañada de Verich,0-16,2004,10
44061,La Cañada de Verich,16-64,2004,45
44061,La Cañada de Verich,65-100,2004,48
44061,La Cañada de Verich,0-16,2005,13
44061,La Cañada de Verich,16-64,2005,47
44061,La Cañada de Verich,65-100,2005,49
44061,La Cañada de Verich,0-16,2006,12
44061,La Cañada de Verich,16-64,2006,44
44061,La Cañada de Verich,65-100,2006,48
44061,La Cañada de Verich,0-16,2007,10
44061,La Cañada de Verich,16-64,2007,53
44061,La Cañada de Verich,65-100,2007,45
44061,La Cañada de Verich,0-16,2008,13
44061,La Cañada de Verich,16-64,2008,51
44061,La Cañada de Verich,65-100,2008,45
44061,La Cañada de Verich,0-16,2009,12
44061,La Cañada de Verich,16-64,2009,49
44061,La Cañada de Verich,65-100,2009,47
44061,La Cañada de Verich,0-16,2010,13
44061,La Cañada de Verich,16-64,2010,51
44061,La Cañada de Verich,65-100,2010,47
44061,La Cañada de Verich,0-16,2011,13
44061,La Cañada de Verich,16-64,2011,53
44061,La Cañada de Verich,65-100,2011,46
44061,La Cañada de Verich,0-16,2012,15
44061,La Cañada de Verich,16-64,2012,52
44061,La Cañada de Verich,65-100,2012,39
44061,La Cañada de Verich,0-16,2013,14
44061,La Cañada de Verich,16-64,2013,45
44061,La Cañada de Verich,65-100,2013,35
44061,La Cañada de Verich,0-16,2014,16
44061,La Cañada de Verich,16-64,2014,51
44061,La Cañada de Verich,65-100,2014,35
44061,La Cañada de Verich,0-16,2015,17
44061,La Cañada de Verich,16-64,2015,51
44061,La Cañada de Verich,65-100,2015,34
44061,La Cañada de Verich,0-16,2016,15
44061,La Cañada de Verich,16-64,2016,49
44061,La Cañada de Verich,65-100,2016,30
44061,La Cañada de Verich,0-16,2017,9
44061,La Cañada de Verich,16-64,2017,49
44061,La Cañada de Verich,65-100,2017,27
44061,La Cañada de Verich,0-16,2018,7
44061,La Cañada de Verich,16-64,2018,52
44061,La Cañada de Verich,65-100,2018,28
44061,La Cañada de Verich,0-16,2019,6
44061,La Cañada de Verich,16-64,2019,54
44061,La Cañada de Verich,65-100,2019,29
44061,La Cañada de Verich,0-16,2020,6
44061,La Cañada de Verich,16-64,2020,55
44061,La Cañada de Verich,65-100,2020,31
44061,La Cañada de Verich,0-16,2021,7
44061,La Cañada de Verich,16-64,2021,61
44061,La Cañada de Verich,65-100,2021,33
44061,La Cañada de Verich,0-16,2022,6
44061,La Cañada de Verich,16-64,2022,59
44061,La Cañada de Verich,65-100,2022,32
44061,La Cañada de Verich,0-16,2023,3
44061,La Cañada de Verich,16-64,2023,56
44061,La Cañada de Verich,65-100,2023,28
44061,La Cañada de Verich,0-16,2024,2
44061,La Cañada de Verich,16-64,2024,53
44061,La Cañada de Verich,65-100,2024,25
44061,La Cañada de Verich,0-16,2025,1
44061,La Cañada de Verich,16-64,2025,48
44061,La Cañada de Verich,65-100,2025,23
44062,Cañada Vellida,0-16,2003,2
44062,Cañada Vellida,16-64,2003,34
44062,Cañada Vellida,65-100,2003,16
44062,Cañada Vellida,0-16,2004,1
44062,Cañada Vellida,16-64,2004,35
44062,Cañada Vellida,65-100,2004,15
44062,Cañada Vellida,0-16,2005,0
44062,Cañada Vellida,16-64,2005,29
44062,Cañada Vellida,65-100,2005,16
44062,Cañada Vellida,0-16,2006,0
44062,Cañada Vellida,16-64,2006,30
44062,Cañada Vellida,65-100,2006,16
44062,Cañada Vellida,0-16,2007,0
44062,Cañada Vellida,16-64,2007,30
44062,Cañada Vellida,65-100,2007,15
44062,Cañada Vellida,0-16,2008,0
44062,Cañada Vellida,16-64,2008,30
44062,Cañada Vellida,65-100,2008,14
44062,Cañada Vellida,0-16,2009,0
44062,Cañada Vellida,16-64,2009,30
44062,Cañada Vellida,65-100,2009,14
44062,Cañada Vellida,0-16,2010,0
44062,Cañada Vellida,16-64,2010,25
44062,Cañada Vellida,65-100,2010,17
44062,Cañada Vellida,0-16,2011,0
44062,Cañada Vellida,16-64,2011,24
44062,Cañada Vellida,65-100,2011,16
44062,Cañada Vellida,0-16,2012,0
44062,Cañada Vellida,16-64,2012,20
44062,Cañada Vellida,65-100,2012,18
44062,Cañada Vellida,0-16,2013,0
44062,Cañada Vellida,16-64,2013,18
44062,Cañada Vellida,65-100,2013,20
44062,Cañada Vellida,0-16,2014,0
44062,Cañada Vellida,16-64,2014,17
44062,Cañada Vellida,65-100,2014,20
44062,Cañada Vellida,0-16,2015,0
44062,Cañada Vellida,16-64,2015,17
44062,Cañada Vellida,65-100,2015,19
44062,Cañada Vellida,0-16,2016,0
44062,Cañada Vellida,16-64,2016,16
44062,Cañada Vellida,65-100,2016,19
44062,Cañada Vellida,0-16,2017,0
44062,Cañada Vellida,16-64,2017,17
44062,Cañada Vellida,65-100,2017,18
44062,Cañada Vellida,0-16,2018,0
44062,Cañada Vellida,16-64,2018,17
44062,Cañada Vellida,65-100,2018,18
44062,Cañada Vellida,0-16,2019,0
44062,Cañada Vellida,16-64,2019,15
44062,Cañada Vellida,65-100,2019,16
44062,Cañada Vellida,0-16,2020,0
44062,Cañada Vellida,16-64,2020,19
44062,Cañada Vellida,65-100,2020,17
44062,Cañada Vellida,0-16,2021,1
44062,Cañada Vellida,16-64,2021,19
44062,Cañada Vellida,65-100,2021,17
44062,Cañada Vellida,0-16,2022,1
44062,Cañada Vellida,16-64,2022,20
44062,Cañada Vellida,65-100,2022,17
44062,Cañada Vellida,0-16,2023,1
44062,Cañada Vellida,16-64,2023,22
44062,Cañada Vellida,65-100,2023,17
44062,Cañada Vellida,0-16,2024,2
44062,Cañada Vellida,16-64,2024,20
44062,Cañada Vellida,65-100,2024,16
44062,Cañada Vellida,0-16,2025,1
44062,Cañada Vellida,16-64,2025,19
44062,Cañada Vellida,65-100,2025,16
44063,Cañizar del Olivar,0-16,2003,13
44063,Cañizar del Olivar,16-64,2003,69
44063,Cañizar del Olivar,65-100,2003,35
44063,Cañizar del Olivar,0-16,2004,14
44063,Cañizar del Olivar,16-64,2004,65
44063,Cañizar del Olivar,65-100,2004,34
44063,Cañizar del Olivar,0-16,2005,14
44063,Cañizar del Olivar,16-64,2005,65
44063,Cañizar del Olivar,65-100,2005,28
44063,Cañizar del Olivar,0-16,2006,12
44063,Cañizar del Olivar,16-64,2006,67
44063,Cañizar del Olivar,65-100,2006,27
44063,Cañizar del Olivar,0-16,2007,12
44063,Cañizar del Olivar,16-64,2007,74
44063,Cañizar del Olivar,65-100,2007,26
44063,Cañizar del Olivar,0-16,2008,13
44063,Cañizar del Olivar,16-64,2008,73
44063,Cañizar del Olivar,65-100,2008,20
44063,Cañizar del Olivar,0-16,2009,13
44063,Cañizar del Olivar,16-64,2009,85
44063,Cañizar del Olivar,65-100,2009,19
44063,Cañizar del Olivar,0-16,2010,11
44063,Cañizar del Olivar,16-64,2010,79
44063,Cañizar del Olivar,65-100,2010,19
44063,Cañizar del Olivar,0-16,2011,12
44063,Cañizar del Olivar,16-64,2011,77
44063,Cañizar del Olivar,65-100,2011,17
44063,Cañizar del Olivar,0-16,2012,13
44063,Cañizar del Olivar,16-64,2012,79
44063,Cañizar del Olivar,65-100,2012,18
44063,Cañizar del Olivar,0-16,2013,12
44063,Cañizar del Olivar,16-64,2013,67
44063,Cañizar del Olivar,65-100,2013,19
44063,Cañizar del Olivar,0-16,2014,12
44063,Cañizar del Olivar,16-64,2014,68
44063,Cañizar del Olivar,65-100,2014,19
44063,Cañizar del Olivar,0-16,2015,14
44063,Cañizar del Olivar,16-64,2015,69
44063,Cañizar del Olivar,65-100,2015,20
44063,Cañizar del Olivar,0-16,2016,13
44063,Cañizar del Olivar,16-64,2016,61
44063,Cañizar del Olivar,65-100,2016,20
44063,Cañizar del Olivar,0-16,2017,15
44063,Cañizar del Olivar,16-64,2017,57
44063,Cañizar del Olivar,65-100,2017,21
44063,Cañizar del Olivar,0-16,2018,17
44063,Cañizar del Olivar,16-64,2018,59
44063,Cañizar del Olivar,65-100,2018,22
44063,Cañizar del Olivar,0-16,2019,18
44063,Cañizar del Olivar,16-64,2019,59
44063,Cañizar del Olivar,65-100,2019,23
44063,Cañizar del Olivar,0-16,2020,16
44063,Cañizar del Olivar,16-64,2020,62
44063,Cañizar del Olivar,65-100,2020,22
44063,Cañizar del Olivar,0-16,2021,18
44063,Cañizar del Olivar,16-64,2021,63
44063,Cañizar del Olivar,65-100,2021,24
44063,Cañizar del Olivar,0-16,2022,16
44063,Cañizar del Olivar,16-64,2022,62
44063,Cañizar del Olivar,65-100,2022,25
44063,Cañizar del Olivar,0-16,2023,17
44063,Cañizar del Olivar,16-64,2023,59
44063,Cañizar del Olivar,65-100,2023,27
44063,Cañizar del Olivar,0-16,2024,20
44063,Cañizar del Olivar,16-64,2024,64
44063,Cañizar del Olivar,65-100,2024,26
44063,Cañizar del Olivar,0-16,2025,24
44063,Cañizar del Olivar,16-64,2025,60
44063,Cañizar del Olivar,65-100,2025,28
44064,Cascante del Río,0-16,2003,3
44064,Cascante del Río,16-64,2003,59
44064,Cascante del Río,65-100,2003,52
44064,Cascante del Río,0-16,2004,3
44064,Cascante del Río,16-64,2004,53
44064,Cascante del Río,65-100,2004,47
44064,Cascante del Río,0-16,2005,4
44064,Cascante del Río,16-64,2005,60
44064,Cascante del Río,65-100,2005,42
44064,Cascante del Río,0-16,2006,3
44064,Cascante del Río,16-64,2006,51
44064,Cascante del Río,65-100,2006,43
44064,Cascante del Río,0-16,2007,3
44064,Cascante del Río,16-64,2007,53
44064,Cascante del Río,65-100,2007,40
44064,Cascante del Río,0-16,2008,3
44064,Cascante del Río,16-64,2008,49
44064,Cascante del Río,65-100,2008,39
44064,Cascante del Río,0-16,2009,3
44064,Cascante del Río,16-64,2009,43
44064,Cascante del Río,65-100,2009,34
44064,Cascante del Río,0-16,2010,1
44064,Cascante del Río,16-64,2010,43
44064,Cascante del Río,65-100,2010,35
44064,Cascante del Río,0-16,2011,3
44064,Cascante del Río,16-64,2011,56
44064,Cascante del Río,65-100,2011,43
44064,Cascante del Río,0-16,2012,1
44064,Cascante del Río,16-64,2012,49
44064,Cascante del Río,65-100,2012,41
44064,Cascante del Río,0-16,2013,1
44064,Cascante del Río,16-64,2013,39
44064,Cascante del Río,65-100,2013,40
44064,Cascante del Río,0-16,2014,1
44064,Cascante del Río,16-64,2014,42
44064,Cascante del Río,65-100,2014,39
44064,Cascante del Río,0-16,2015,3
44064,Cascante del Río,16-64,2015,35
44064,Cascante del Río,65-100,2015,42
44064,Cascante del Río,0-16,2016,2
44064,Cascante del Río,16-64,2016,32
44064,Cascante del Río,65-100,2016,40
44064,Cascante del Río,0-16,2017,3
44064,Cascante del Río,16-64,2017,36
44064,Cascante del Río,65-100,2017,34
44064,Cascante del Río,0-16,2018,3
44064,Cascante del Río,16-64,2018,34
44064,Cascante del Río,65-100,2018,34
44064,Cascante del Río,0-16,2019,1
44064,Cascante del Río,16-64,2019,32
44064,Cascante del Río,65-100,2019,34
44064,Cascante del Río,0-16,2020,2
44064,Cascante del Río,16-64,2020,31
44064,Cascante del Río,65-100,2020,34
44064,Cascante del Río,0-16,2021,2
44064,Cascante del Río,16-64,2021,35
44064,Cascante del Río,65-100,2021,32
44064,Cascante del Río,0-16,2022,3
44064,Cascante del Río,16-64,2022,32
44064,Cascante del Río,65-100,2022,31
44064,Cascante del Río,0-16,2023,3
44064,Cascante del Río,16-64,2023,36
44064,Cascante del Río,65-100,2023,31
44064,Cascante del Río,0-16,2024,2
44064,Cascante del Río,16-64,2024,35
44064,Cascante del Río,65-100,2024,28
44064,Cascante del Río,0-16,2025,3
44064,Cascante del Río,16-64,2025,43
44064,Cascante del Río,65-100,2025,27
44065,Castejón de Tornos,0-16,2003,3
44065,Castejón de Tornos,16-64,2003,52
44065,Castejón de Tornos,65-100,2003,36
44065,Castejón de Tornos,0-16,2004,4
44065,Castejón de Tornos,16-64,2004,52
44065,Castejón de Tornos,65-100,2004,35
44065,Castejón de Tornos,0-16,2005,4
44065,Castejón de Tornos,16-64,2005,48
44065,Castejón de Tornos,65-100,2005,33
44065,Castejón de Tornos,0-16,2006,4
44065,Castejón de Tornos,16-64,2006,38
44065,Castejón de Tornos,65-100,2006,32
44065,Castejón de Tornos,0-16,2007,4
44065,Castejón de Tornos,16-64,2007,35
44065,Castejón de Tornos,65-100,2007,34
44065,Castejón de Tornos,0-16,2008,3
44065,Castejón de Tornos,16-64,2008,33
44065,Castejón de Tornos,65-100,2008,31
44065,Castejón de Tornos,0-16,2009,2
44065,Castejón de Tornos,16-64,2009,36
44065,Castejón de Tornos,65-100,2009,31
44065,Castejón de Tornos,0-16,2010,3
44065,Castejón de Tornos,16-64,2010,35
44065,Castejón de Tornos,65-100,2010,32
44065,Castejón de Tornos,0-16,2011,3
44065,Castejón de Tornos,16-64,2011,36
44065,Castejón de Tornos,65-100,2011,29
44065,Castejón de Tornos,0-16,2012,3
44065,Castejón de Tornos,16-64,2012,34
44065,Castejón de Tornos,65-100,2012,27
44065,Castejón de Tornos,0-16,2013,4
44065,Castejón de Tornos,16-64,2013,34
44065,Castejón de Tornos,65-100,2013,28
44065,Castejón de Tornos,0-16,2014,1
44065,Castejón de Tornos,16-64,2014,32
44065,Castejón de Tornos,65-100,2014,30
44065,Castejón de Tornos,0-16,2015,0
44065,Castejón de Tornos,16-64,2015,26
44065,Castejón de Tornos,65-100,2015,34
44065,Castejón de Tornos,0-16,2016,1
44065,Castejón de Tornos,16-64,2016,25
44065,Castejón de Tornos,65-100,2016,36
44065,Castejón de Tornos,0-16,2017,1
44065,Castejón de Tornos,16-64,2017,24
44065,Castejón de Tornos,65-100,2017,37
44065,Castejón de Tornos,0-16,2018,1
44065,Castejón de Tornos,16-64,2018,25
44065,Castejón de Tornos,65-100,2018,36
44065,Castejón de Tornos,0-16,2019,2
44065,Castejón de Tornos,16-64,2019,24
44065,Castejón de Tornos,65-100,2019,34
44065,Castejón de Tornos,0-16,2020,2
44065,Castejón de Tornos,16-64,2020,23
44065,Castejón de Tornos,65-100,2020,30
44065,Castejón de Tornos,0-16,2021,2
44065,Castejón de Tornos,16-64,2021,23
44065,Castejón de Tornos,65-100,2021,27
44065,Castejón de Tornos,0-16,2022,2
44065,Castejón de Tornos,16-64,2022,21
44065,Castejón de Tornos,65-100,2022,30
44065,Castejón de Tornos,0-16,2023,4
44065,Castejón de Tornos,16-64,2023,38
44065,Castejón de Tornos,65-100,2023,28
44065,Castejón de Tornos,0-16,2024,2
44065,Castejón de Tornos,16-64,2024,35
44065,Castejón de Tornos,65-100,2024,29
44065,Castejón de Tornos,0-16,2025,4
44065,Castejón de Tornos,16-64,2025,35
44065,Castejón de Tornos,65-100,2025,27
44066,Castel de Cabra,0-16,2003,18
44066,Castel de Cabra,16-64,2003,78
44066,Castel de Cabra,65-100,2003,61
44066,Castel de Cabra,0-16,2004,14
44066,Castel de Cabra,16-64,2004,74
44066,Castel de Cabra,65-100,2004,61
44066,Castel de Cabra,0-16,2005,13
44066,Castel de Cabra,16-64,2005,67
44066,Castel de Cabra,65-100,2005,60
44066,Castel de Cabra,0-16,2006,15
44066,Castel de Cabra,16-64,2006,66
44066,Castel de Cabra,65-100,2006,60
44066,Castel de Cabra,0-16,2007,16
44066,Castel de Cabra,16-64,2007,72
44066,Castel de Cabra,65-100,2007,63
44066,Castel de Cabra,0-16,2008,13
44066,Castel de Cabra,16-64,2008,72
44066,Castel de Cabra,65-100,2008,62
44066,Castel de Cabra,0-16,2009,14
44066,Castel de Cabra,16-64,2009,70
44066,Castel de Cabra,65-100,2009,59
44066,Castel de Cabra,0-16,2010,13
44066,Castel de Cabra,16-64,2010,68
44066,Castel de Cabra,65-100,2010,59
44066,Castel de Cabra,0-16,2011,14
44066,Castel de Cabra,16-64,2011,69
44066,Castel de Cabra,65-100,2011,57
44066,Castel de Cabra,0-16,2012,14
44066,Castel de Cabra,16-64,2012,67
44066,Castel de Cabra,65-100,2012,57
44066,Castel de Cabra,0-16,2013,14
44066,Castel de Cabra,16-64,2013,63
44066,Castel de Cabra,65-100,2013,54
44066,Castel de Cabra,0-16,2014,11
44066,Castel de Cabra,16-64,2014,61
44066,Castel de Cabra,65-100,2014,56
44066,Castel de Cabra,0-16,2015,10
44066,Castel de Cabra,16-64,2015,61
44066,Castel de Cabra,65-100,2015,51
44066,Castel de Cabra,0-16,2016,9
44066,Castel de Cabra,16-64,2016,63
44066,Castel de Cabra,65-100,2016,48
44066,Castel de Cabra,0-16,2017,9
44066,Castel de Cabra,16-64,2017,60
44066,Castel de Cabra,65-100,2017,43
44066,Castel de Cabra,0-16,2018,9
44066,Castel de Cabra,16-64,2018,57
44066,Castel de Cabra,65-100,2018,38
44066,Castel de Cabra,0-16,2019,8
44066,Castel de Cabra,16-64,2019,54
44066,Castel de Cabra,65-100,2019,34
44066,Castel de Cabra,0-16,2020,8
44066,Castel de Cabra,16-64,2020,53
44066,Castel de Cabra,65-100,2020,32
44066,Castel de Cabra,0-16,2021,8
44066,Castel de Cabra,16-64,2021,52
44066,Castel de Cabra,65-100,2021,35
44066,Castel de Cabra,0-16,2022,8
44066,Castel de Cabra,16-64,2022,53
44066,Castel de Cabra,65-100,2022,34
44066,Castel de Cabra,0-16,2023,8
44066,Castel de Cabra,16-64,2023,50
44066,Castel de Cabra,65-100,2023,31
44066,Castel de Cabra,0-16,2024,8
44066,Castel de Cabra,16-64,2024,49
44066,Castel de Cabra,65-100,2024,27
44066,Castel de Cabra,0-16,2025,6
44066,Castel de Cabra,16-64,2025,47
44066,Castel de Cabra,65-100,2025,26
44067,Castelnou,0-16,2003,4
44067,Castelnou,16-64,2003,55
44067,Castelnou,65-100,2003,48
44067,Castelnou,0-16,2004,5
44067,Castelnou,16-64,2004,58
44067,Castelnou,65-100,2004,46
44067,Castelnou,0-16,2005,5
44067,Castelnou,16-64,2005,66
44067,Castelnou,65-100,2005,49
44067,Castelnou,0-16,2006,5
44067,Castelnou,16-64,2006,69
44067,Castelnou,65-100,2006,48
44067,Castelnou,0-16,2007,6
44067,Castelnou,16-64,2007,69
44067,Castelnou,65-100,2007,48
44067,Castelnou,0-16,2008,4
44067,Castelnou,16-64,2008,63
44067,Castelnou,65-100,2008,45
44067,Castelnou,0-16,2009,7
44067,Castelnou,16-64,2009,62
44067,Castelnou,65-100,2009,40
44067,Castelnou,0-16,2010,12
44067,Castelnou,16-64,2010,68
44067,Castelnou,65-100,2010,40
44067,Castelnou,0-16,2011,15
44067,Castelnou,16-64,2011,66
44067,Castelnou,65-100,2011,39
44067,Castelnou,0-16,2012,35
44067,Castelnou,16-64,2012,103
44067,Castelnou,65-100,2012,39
44067,Castelnou,0-16,2013,27
44067,Castelnou,16-64,2013,88
44067,Castelnou,65-100,2013,37
44067,Castelnou,0-16,2014,20
44067,Castelnou,16-64,2014,83
44067,Castelnou,65-100,2014,37
44067,Castelnou,0-16,2015,19
44067,Castelnou,16-64,2015,86
44067,Castelnou,65-100,2015,37
44067,Castelnou,0-16,2016,20
44067,Castelnou,16-64,2016,84
44067,Castelnou,65-100,2016,33
44067,Castelnou,0-16,2017,24
44067,Castelnou,16-64,2017,90
44067,Castelnou,65-100,2017,32
44067,Castelnou,0-16,2018,29
44067,Castelnou,16-64,2018,96
44067,Castelnou,65-100,2018,35
44067,Castelnou,0-16,2019,20
44067,Castelnou,16-64,2019,85
44067,Castelnou,65-100,2019,36
44067,Castelnou,0-16,2020,18
44067,Castelnou,16-64,2020,82
44067,Castelnou,65-100,2020,34
44067,Castelnou,0-16,2021,15
44067,Castelnou,16-64,2021,72
44067,Castelnou,65-100,2021,33
44067,Castelnou,0-16,2022,18
44067,Castelnou,16-64,2022,64
44067,Castelnou,65-100,2022,31
44067,Castelnou,0-16,2023,17
44067,Castelnou,16-64,2023,59
44067,Castelnou,65-100,2023,33
44067,Castelnou,0-16,2024,9
44067,Castelnou,16-64,2024,62
44067,Castelnou,65-100,2024,31
44067,Castelnou,0-16,2025,4
44067,Castelnou,16-64,2025,59
44067,Castelnou,65-100,2025,29
44068,Castelserás,0-16,2003,93
44068,Castelserás,16-64,2003,482
44068,Castelserás,65-100,2003,256
44068,Castelserás,0-16,2004,92
44068,Castelserás,16-64,2004,473
44068,Castelserás,65-100,2004,253
44068,Castelserás,0-16,2005,95
44068,Castelserás,16-64,2005,492
44068,Castelserás,65-100,2005,240
44068,Castelserás,0-16,2006,94
44068,Castelserás,16-64,2006,490
44068,Castelserás,65-100,2006,244
44068,Castelserás,0-16,2007,107
44068,Castelserás,16-64,2007,494
44068,Castelserás,65-100,2007,238
44068,Castelserás,0-16,2008,103
44068,Castelserás,16-64,2008,505
44068,Castelserás,65-100,2008,231
44068,Castelserás,0-16,2009,102
44068,Castelserás,16-64,2009,493
44068,Castelserás,65-100,2009,233
44068,Castelserás,0-16,2010,103
44068,Castelserás,16-64,2010,495
44068,Castelserás,65-100,2010,233
44068,Castelserás,0-16,2011,103
44068,Castelserás,16-64,2011,499
44068,Castelserás,65-100,2011,230
44068,Castelserás,0-16,2012,108
44068,Castelserás,16-64,2012,490
44068,Castelserás,65-100,2012,236
44068,Castelserás,0-16,2013,112
44068,Castelserás,16-64,2013,480
44068,Castelserás,65-100,2013,241
44068,Castelserás,0-16,2014,117
44068,Castelserás,16-64,2014,474
44068,Castelserás,65-100,2014,239
44068,Castelserás,0-16,2015,129
44068,Castelserás,16-64,2015,463
44068,Castelserás,65-100,2015,248
44068,Castelserás,0-16,2016,125
44068,Castelserás,16-64,2016,461
44068,Castelserás,65-100,2016,241
44068,Castelserás,0-16,2017,118
44068,Castelserás,16-64,2017,468
44068,Castelserás,65-100,2017,237
44068,Castelserás,0-16,2018,132
44068,Castelserás,16-64,2018,464
44068,Castelserás,65-100,2018,235
44068,Castelserás,0-16,2019,129
44068,Castelserás,16-64,2019,454
44068,Castelserás,65-100,2019,232
44068,Castelserás,0-16,2020,127
44068,Castelserás,16-64,2020,448
44068,Castelserás,65-100,2020,225
44068,Castelserás,0-16,2021,116
44068,Castelserás,16-64,2021,447
44068,Castelserás,65-100,2021,226
44068,Castelserás,0-16,2022,110
44068,Castelserás,16-64,2022,447
44068,Castelserás,65-100,2022,236
44068,Castelserás,0-16,2023,105
44068,Castelserás,16-64,2023,453
44068,Castelserás,65-100,2023,237
44068,Castelserás,0-16,2024,106
44068,Castelserás,16-64,2024,450
44068,Castelserás,65-100,2024,246
44068,Castelserás,0-16,2025,105
44068,Castelserás,16-64,2025,452
44068,Castelserás,65-100,2025,247
44070,El Castellar,0-16,2003,7
44070,El Castellar,16-64,2003,48
44070,El Castellar,65-100,2003,32
44070,El Castellar,0-16,2004,7
44070,El Castellar,16-64,2004,41
44070,El Castellar,65-100,2004,33
44070,El Castellar,0-16,2005,6
44070,El Castellar,16-64,2005,38
44070,El Castellar,65-100,2005,33
44070,El Castellar,0-16,2006,7
44070,El Castellar,16-64,2006,40
44070,El Castellar,65-100,2006,33
44070,El Castellar,0-16,2007,5
44070,El Castellar,16-64,2007,39
44070,El Castellar,65-100,2007,32
44070,El Castellar,0-16,2008,4
44070,El Castellar,16-64,2008,41
44070,El Castellar,65-100,2008,30
44070,El Castellar,0-16,2009,3
44070,El Castellar,16-64,2009,43
44070,El Castellar,65-100,2009,30
44070,El Castellar,0-16,2010,3
44070,El Castellar,16-64,2010,38
44070,El Castellar,65-100,2010,27
44070,El Castellar,0-16,2011,3
44070,El Castellar,16-64,2011,38
44070,El Castellar,65-100,2011,28
44070,El Castellar,0-16,2012,2
44070,El Castellar,16-64,2012,35
44070,El Castellar,65-100,2012,27
44070,El Castellar,0-16,2013,2
44070,El Castellar,16-64,2013,34
44070,El Castellar,65-100,2013,26
44070,El Castellar,0-16,2014,1
44070,El Castellar,16-64,2014,34
44070,El Castellar,65-100,2014,25
44070,El Castellar,0-16,2015,1
44070,El Castellar,16-64,2015,33
44070,El Castellar,65-100,2015,24
44070,El Castellar,0-16,2016,2
44070,El Castellar,16-64,2016,29
44070,El Castellar,65-100,2016,25
44070,El Castellar,0-16,2017,0
44070,El Castellar,16-64,2017,31
44070,El Castellar,65-100,2017,23
44070,El Castellar,0-16,2018,0
44070,El Castellar,16-64,2018,29
44070,El Castellar,65-100,2018,23
44070,El Castellar,0-16,2019,0
44070,El Castellar,16-64,2019,35
44070,El Castellar,65-100,2019,23
44070,El Castellar,0-16,2020,0
44070,El Castellar,16-64,2020,32
44070,El Castellar,65-100,2020,23
44070,El Castellar,0-16,2021,0
44070,El Castellar,16-64,2021,32
44070,El Castellar,65-100,2021,24
44070,El Castellar,0-16,2022,0
44070,El Castellar,16-64,2022,30
44070,El Castellar,65-100,2022,25
44070,El Castellar,0-16,2023,0
44070,El Castellar,16-64,2023,35
44070,El Castellar,65-100,2023,20
44070,El Castellar,0-16,2024,0
44070,El Castellar,16-64,2024,39
44070,El Castellar,65-100,2024,17
44070,El Castellar,0-16,2025,0
44070,El Castellar,16-64,2025,35
44070,El Castellar,65-100,2025,19
44071,Castellote,0-16,2003,94
44071,Castellote,16-64,2003,459
44071,Castellote,65-100,2003,252
44071,Castellote,0-16,2004,92
44071,Castellote,16-64,2004,457
44071,Castellote,65-100,2004,245
44071,Castellote,0-16,2005,85
44071,Castellote,16-64,2005,456
44071,Castellote,65-100,2005,246
44071,Castellote,0-16,2006,88
44071,Castellote,16-64,2006,474
44071,Castellote,65-100,2006,255
44071,Castellote,0-16,2007,90
44071,Castellote,16-64,2007,480
44071,Castellote,65-100,2007,249
44071,Castellote,0-16,2008,95
44071,Castellote,16-64,2008,494
44071,Castellote,65-100,2008,243
44071,Castellote,0-16,2009,89
44071,Castellote,16-64,2009,481
44071,Castellote,65-100,2009,254
44071,Castellote,0-16,2010,82
44071,Castellote,16-64,2010,470
44071,Castellote,65-100,2010,252
44071,Castellote,0-16,2011,78
44071,Castellote,16-64,2011,469
44071,Castellote,65-100,2011,258
44071,Castellote,0-16,2012,79
44071,Castellote,16-64,2012,465
44071,Castellote,65-100,2012,250
44071,Castellote,0-16,2013,73
44071,Castellote,16-64,2013,464
44071,Castellote,65-100,2013,245
44071,Castellote,0-16,2014,66
44071,Castellote,16-64,2014,450
44071,Castellote,65-100,2014,238
44071,Castellote,0-16,2015,57
44071,Castellote,16-64,2015,441
44071,Castellote,65-100,2015,230
44071,Castellote,0-16,2016,51
44071,Castellote,16-64,2016,432
44071,Castellote,65-100,2016,223
44071,Castellote,0-16,2017,54
44071,Castellote,16-64,2017,414
44071,Castellote,65-100,2017,220
44071,Castellote,0-16,2018,50
44071,Castellote,16-64,2018,407
44071,Castellote,65-100,2018,219
44071,Castellote,0-16,2019,53
44071,Castellote,16-64,2019,404
44071,Castellote,65-100,2019,224
44071,Castellote,0-16,2020,51
44071,Castellote,16-64,2020,404
44071,Castellote,65-100,2020,221
44071,Castellote,0-16,2021,53
44071,Castellote,16-64,2021,405
44071,Castellote,65-100,2021,229
44071,Castellote,0-16,2022,50
44071,Castellote,16-64,2022,398
44071,Castellote,65-100,2022,229
44071,Castellote,0-16,2023,54
44071,Castellote,16-64,2023,393
44071,Castellote,65-100,2023,231
44071,Castellote,0-16,2024,52
44071,Castellote,16-64,2024,383
44071,Castellote,65-100,2024,226
44071,Castellote,0-16,2025,55
44071,Castellote,16-64,2025,381
44071,Castellote,65-100,2025,230
44074,Cedrillas,0-16,2003,57
44074,Cedrillas,16-64,2003,308
44074,Cedrillas,65-100,2003,152
44074,Cedrillas,0-16,2004,57
44074,Cedrillas,16-64,2004,318
44074,Cedrillas,65-100,2004,142
44074,Cedrillas,0-16,2005,63
44074,Cedrillas,16-64,2005,343
44074,Cedrillas,65-100,2005,136
44074,Cedrillas,0-16,2006,61
44074,Cedrillas,16-64,2006,354
44074,Cedrillas,65-100,2006,132
44074,Cedrillas,0-16,2007,65
44074,Cedrillas,16-64,2007,373
44074,Cedrillas,65-100,2007,131
44074,Cedrillas,0-16,2008,82
44074,Cedrillas,16-64,2008,390
44074,Cedrillas,65-100,2008,129
44074,Cedrillas,0-16,2009,83
44074,Cedrillas,16-64,2009,395
44074,Cedrillas,65-100,2009,134
44074,Cedrillas,0-16,2010,87
44074,Cedrillas,16-64,2010,397
44074,Cedrillas,65-100,2010,139
44074,Cedrillas,0-16,2011,85
44074,Cedrillas,16-64,2011,400
44074,Cedrillas,65-100,2011,135
44074,Cedrillas,0-16,2012,92
44074,Cedrillas,16-64,2012,402
44074,Cedrillas,65-100,2012,137
44074,Cedrillas,0-16,2013,92
44074,Cedrillas,16-64,2013,397
44074,Cedrillas,65-100,2013,141
44074,Cedrillas,0-16,2014,87
44074,Cedrillas,16-64,2014,394
44074,Cedrillas,65-100,2014,138
44074,Cedrillas,0-16,2015,92
44074,Cedrillas,16-64,2015,391
44074,Cedrillas,65-100,2015,136
44074,Cedrillas,0-16,2016,93
44074,Cedrillas,16-64,2016,390
44074,Cedrillas,65-100,2016,136
44074,Cedrillas,0-16,2017,90
44074,Cedrillas,16-64,2017,385
44074,Cedrillas,65-100,2017,136
44074,Cedrillas,0-16,2018,96
44074,Cedrillas,16-64,2018,389
44074,Cedrillas,65-100,2018,145
44074,Cedrillas,0-16,2019,107
44074,Cedrillas,16-64,2019,413
44074,Cedrillas,65-100,2019,144
44074,Cedrillas,0-16,2020,100
44074,Cedrillas,16-64,2020,393
44074,Cedrillas,65-100,2020,146
44074,Cedrillas,0-16,2021,95
44074,Cedrillas,16-64,2021,381
44074,Cedrillas,65-100,2021,133
44074,Cedrillas,0-16,2022,95
44074,Cedrillas,16-64,2022,399
44074,Cedrillas,65-100,2022,140
44074,Cedrillas,0-16,2023,98
44074,Cedrillas,16-64,2023,411
44074,Cedrillas,65-100,2023,143
44074,Cedrillas,0-16,2024,91
44074,Cedrillas,16-64,2024,403
44074,Cedrillas,65-100,2024,151
44074,Cedrillas,0-16,2025,96
44074,Cedrillas,16-64,2025,404
44074,Cedrillas,65-100,2025,156
44075,Celadas,0-16,2003,43
44075,Celadas,16-64,2003,239
44075,Celadas,65-100,2003,138
44075,Celadas,0-16,2004,42
44075,Celadas,16-64,2004,237
44075,Celadas,65-100,2004,140
44075,Celadas,0-16,2005,46
44075,Celadas,16-64,2005,242
44075,Celadas,65-100,2005,142
44075,Celadas,0-16,2006,48
44075,Celadas,16-64,2006,228
44075,Celadas,65-100,2006,142
44075,Celadas,0-16,2007,48
44075,Celadas,16-64,2007,221
44075,Celadas,65-100,2007,136
44075,Celadas,0-16,2008,48
44075,Celadas,16-64,2008,258
44075,Celadas,65-100,2008,134
44075,Celadas,0-16,2009,54
44075,Celadas,16-64,2009,259
44075,Celadas,65-100,2009,130
44075,Celadas,0-16,2010,61
44075,Celadas,16-64,2010,248
44075,Celadas,65-100,2010,131
44075,Celadas,0-16,2011,57
44075,Celadas,16-64,2011,247
44075,Celadas,65-100,2011,130
44075,Celadas,0-16,2012,55
44075,Celadas,16-64,2012,227
44075,Celadas,65-100,2012,124
44075,Celadas,0-16,2013,51
44075,Celadas,16-64,2013,228
44075,Celadas,65-100,2013,125
44075,Celadas,0-16,2014,46
44075,Celadas,16-64,2014,229
44075,Celadas,65-100,2014,124
44075,Celadas,0-16,2015,45
44075,Celadas,16-64,2015,227
44075,Celadas,65-100,2015,126
44075,Celadas,0-16,2016,40
44075,Celadas,16-64,2016,241
44075,Celadas,65-100,2016,122
44075,Celadas,0-16,2017,42
44075,Celadas,16-64,2017,246
44075,Celadas,65-100,2017,120
44075,Celadas,0-16,2018,38
44075,Celadas,16-64,2018,242
44075,Celadas,65-100,2018,116
44075,Celadas,0-16,2019,33
44075,Celadas,16-64,2019,243
44075,Celadas,65-100,2019,112
44075,Celadas,0-16,2020,28
44075,Celadas,16-64,2020,231
44075,Celadas,65-100,2020,108
44075,Celadas,0-16,2021,23
44075,Celadas,16-64,2021,244
44075,Celadas,65-100,2021,107
44075,Celadas,0-16,2022,23
44075,Celadas,16-64,2022,230
44075,Celadas,65-100,2022,109
44075,Celadas,0-16,2023,16
44075,Celadas,16-64,2023,224
44075,Celadas,65-100,2023,102
44075,Celadas,0-16,2024,13
44075,Celadas,16-64,2024,215
44075,Celadas,65-100,2024,101
44075,Celadas,0-16,2025,16
44075,Celadas,16-64,2025,217
44075,Celadas,65-100,2025,102
44076,Cella,0-16,2003,334
44076,Cella,16-64,2003,1708
44076,Cella,65-100,2003,763
44076,Cella,0-16,2004,329
44076,Cella,16-64,2004,1747
44076,Cella,65-100,2004,740
44076,Cella,0-16,2005,322
44076,Cella,16-64,2005,1824
44076,Cella,65-100,2005,750
44076,Cella,0-16,2006,324
44076,Cella,16-64,2006,1862
44076,Cella,65-100,2006,749
44076,Cella,0-16,2007,343
44076,Cella,16-64,2007,1917
44076,Cella,65-100,2007,742
44076,Cella,0-16,2008,371
44076,Cella,16-64,2008,2016
44076,Cella,65-100,2008,735
44076,Cella,0-16,2009,358
44076,Cella,16-64,2009,2015
44076,Cella,65-100,2009,739
44076,Cella,0-16,2010,334
44076,Cella,16-64,2010,1875
44076,Cella,65-100,2010,742
44076,Cella,0-16,2011,336
44076,Cella,16-64,2011,1813
44076,Cella,65-100,2011,756
44076,Cella,0-16,2012,344
44076,Cella,16-64,2012,1780
44076,Cella,65-100,2012,754
44076,Cella,0-16,2013,359
44076,Cella,16-64,2013,1778
44076,Cella,65-100,2013,749
44076,Cella,0-16,2014,339
44076,Cella,16-64,2014,1733
44076,Cella,65-100,2014,746
44076,Cella,0-16,2015,333
44076,Cella,16-64,2015,1693
44076,Cella,65-100,2015,750
44076,Cella,0-16,2016,321
44076,Cella,16-64,2016,1622
44076,Cella,65-100,2016,730
44076,Cella,0-16,2017,312
44076,Cella,16-64,2017,1597
44076,Cella,65-100,2017,731
44076,Cella,0-16,2018,316
44076,Cella,16-64,2018,1552
44076,Cella,65-100,2018,738
44076,Cella,0-16,2019,327
44076,Cella,16-64,2019,1514
44076,Cella,65-100,2019,733
44076,Cella,0-16,2020,331
44076,Cella,16-64,2020,1505
44076,Cella,65-100,2020,735
44076,Cella,0-16,2021,337
44076,Cella,16-64,2021,1533
44076,Cella,65-100,2021,708
44076,Cella,0-16,2022,344
44076,Cella,16-64,2022,1562
44076,Cella,65-100,2022,705
44076,Cella,0-16,2023,348
44076,Cella,16-64,2023,1574
44076,Cella,65-100,2023,715
44076,Cella,0-16,2024,338
44076,Cella,16-64,2024,1610
44076,Cella,65-100,2024,716
44076,Cella,0-16,2025,348
44076,Cella,16-64,2025,1621
44076,Cella,65-100,2025,725
44077,La Cerollera,0-16,2003,16
44077,La Cerollera,16-64,2003,55
44077,La Cerollera,65-100,2003,45
44077,La Cerollera,0-16,2004,19
44077,La Cerollera,16-64,2004,59
44077,La Cerollera,65-100,2004,44
44077,La Cerollera,0-16,2005,22
44077,La Cerollera,16-64,2005,63
44077,La Cerollera,65-100,2005,40
44077,La Cerollera,0-16,2006,21
44077,La Cerollera,16-64,2006,60
44077,La Cerollera,65-100,2006,40
44077,La Cerollera,0-16,2007,16
44077,La Cerollera,16-64,2007,66
44077,La Cerollera,65-100,2007,42
44077,La Cerollera,0-16,2008,17
44077,La Cerollera,16-64,2008,71
44077,La Cerollera,65-100,2008,37
44077,La Cerollera,0-16,2009,14
44077,La Cerollera,16-64,2009,67
44077,La Cerollera,65-100,2009,40
44077,La Cerollera,0-16,2010,12
44077,La Cerollera,16-64,2010,65
44077,La Cerollera,65-100,2010,36
44077,La Cerollera,0-16,2011,11
44077,La Cerollera,16-64,2011,57
44077,La Cerollera,65-100,2011,35
44077,La Cerollera,0-16,2012,10
44077,La Cerollera,16-64,2012,67
44077,La Cerollera,65-100,2012,39
44077,La Cerollera,0-16,2013,7
44077,La Cerollera,16-64,2013,61
44077,La Cerollera,65-100,2013,36
44077,La Cerollera,0-16,2014,9
44077,La Cerollera,16-64,2014,62
44077,La Cerollera,65-100,2014,35
44077,La Cerollera,0-16,2015,13
44077,La Cerollera,16-64,2015,60
44077,La Cerollera,65-100,2015,33
44077,La Cerollera,0-16,2016,11
44077,La Cerollera,16-64,2016,58
44077,La Cerollera,65-100,2016,27
44077,La Cerollera,0-16,2017,13
44077,La Cerollera,16-64,2017,60
44077,La Cerollera,65-100,2017,25
44077,La Cerollera,0-16,2018,12
44077,La Cerollera,16-64,2018,65
44077,La Cerollera,65-100,2018,23
44077,La Cerollera,0-16,2019,11
44077,La Cerollera,16-64,2019,58
44077,La Cerollera,65-100,2019,24
44077,La Cerollera,0-16,2020,9
44077,La Cerollera,16-64,2020,54
44077,La Cerollera,65-100,2020,25
44077,La Cerollera,0-16,2021,6
44077,La Cerollera,16-64,2021,52
44077,La Cerollera,65-100,2021,26
44077,La Cerollera,0-16,2022,3
44077,La Cerollera,16-64,2022,50
44077,La Cerollera,65-100,2022,21
44077,La Cerollera,0-16,2023,5
44077,La Cerollera,16-64,2023,49
44077,La Cerollera,65-100,2023,22
44077,La Cerollera,0-16,2024,3
44077,La Cerollera,16-64,2024,50
44077,La Cerollera,65-100,2024,24
44077,La Cerollera,0-16,2025,4
44077,La Cerollera,16-64,2025,52
44077,La Cerollera,65-100,2025,22
44080,La Codoñera,0-16,2003,41
44080,La Codoñera,16-64,2003,170
44080,La Codoñera,65-100,2003,125
44080,La Codoñera,0-16,2004,41
44080,La Codoñera,16-64,2004,172
44080,La Codoñera,65-100,2004,127
44080,La Codoñera,0-16,2005,41
44080,La Codoñera,16-64,2005,169
44080,La Codoñera,65-100,2005,127
44080,La Codoñera,0-16,2006,46
44080,La Codoñera,16-64,2006,177
44080,La Codoñera,65-100,2006,128
44080,La Codoñera,0-16,2007,39
44080,La Codoñera,16-64,2007,195
44080,La Codoñera,65-100,2007,127
44080,La Codoñera,0-16,2008,43
44080,La Codoñera,16-64,2008,205
44080,La Codoñera,65-100,2008,126
44080,La Codoñera,0-16,2009,51
44080,La Codoñera,16-64,2009,217
44080,La Codoñera,65-100,2009,123
44080,La Codoñera,0-16,2010,51
44080,La Codoñera,16-64,2010,219
44080,La Codoñera,65-100,2010,127
44080,La Codoñera,0-16,2011,46
44080,La Codoñera,16-64,2011,216
44080,La Codoñera,65-100,2011,125
44080,La Codoñera,0-16,2012,41
44080,La Codoñera,16-64,2012,217
44080,La Codoñera,65-100,2012,119
44080,La Codoñera,0-16,2013,40
44080,La Codoñera,16-64,2013,208
44080,La Codoñera,65-100,2013,120
44080,La Codoñera,0-16,2014,44
44080,La Codoñera,16-64,2014,203
44080,La Codoñera,65-100,2014,127
44080,La Codoñera,0-16,2015,42
44080,La Codoñera,16-64,2015,204
44080,La Codoñera,65-100,2015,119
44080,La Codoñera,0-16,2016,37
44080,La Codoñera,16-64,2016,210
44080,La Codoñera,65-100,2016,121
44080,La Codoñera,0-16,2017,36
44080,La Codoñera,16-64,2017,209
44080,La Codoñera,65-100,2017,117
44080,La Codoñera,0-16,2018,33
44080,La Codoñera,16-64,2018,200
44080,La Codoñera,65-100,2018,111
44080,La Codoñera,0-16,2019,35
44080,La Codoñera,16-64,2019,195
44080,La Codoñera,65-100,2019,106
44080,La Codoñera,0-16,2020,37
44080,La Codoñera,16-64,2020,187
44080,La Codoñera,65-100,2020,95
44080,La Codoñera,0-16,2021,37
44080,La Codoñera,16-64,2021,191
44080,La Codoñera,65-100,2021,89
44080,La Codoñera,0-16,2022,35
44080,La Codoñera,16-64,2022,193
44080,La Codoñera,65-100,2022,89
44080,La Codoñera,0-16,2023,36
44080,La Codoñera,16-64,2023,200
44080,La Codoñera,65-100,2023,84
44080,La Codoñera,0-16,2024,37
44080,La Codoñera,16-64,2024,204
44080,La Codoñera,65-100,2024,80
44080,La Codoñera,0-16,2025,32
44080,La Codoñera,16-64,2025,204
44080,La Codoñera,65-100,2025,77
44082,Corbalán,0-16,2003,9
44082,Corbalán,16-64,2003,48
44082,Corbalán,65-100,2003,35
44082,Corbalán,0-16,2004,5
44082,Corbalán,16-64,2004,47
44082,Corbalán,65-100,2004,36
44082,Corbalán,0-16,2005,5
44082,Corbalán,16-64,2005,46
44082,Corbalán,65-100,2005,33
44082,Corbalán,0-16,2006,5
44082,Corbalán,16-64,2006,46
44082,Corbalán,65-100,2006,32
44082,Corbalán,0-16,2007,9
44082,Corbalán,16-64,2007,54
44082,Corbalán,65-100,2007,31
44082,Corbalán,0-16,2008,8
44082,Corbalán,16-64,2008,56
44082,Corbalán,65-100,2008,30
44082,Corbalán,0-16,2009,7
44082,Corbalán,16-64,2009,59
44082,Corbalán,65-100,2009,29
44082,Corbalán,0-16,2010,8
44082,Corbalán,16-64,2010,63
44082,Corbalán,65-100,2010,28
44082,Corbalán,0-16,2011,8
44082,Corbalán,16-64,2011,67
44082,Corbalán,65-100,2011,27
44082,Corbalán,0-16,2012,10
44082,Corbalán,16-64,2012,71
44082,Corbalán,65-100,2012,26
44082,Corbalán,0-16,2013,13
44082,Corbalán,16-64,2013,72
44082,Corbalán,65-100,2013,24
44082,Corbalán,0-16,2014,11
44082,Corbalán,16-64,2014,70
44082,Corbalán,65-100,2014,25
44082,Corbalán,0-16,2015,14
44082,Corbalán,16-64,2015,72
44082,Corbalán,65-100,2015,24
44082,Corbalán,0-16,2016,12
44082,Corbalán,16-64,2016,73
44082,Corbalán,65-100,2016,24
44082,Corbalán,0-16,2017,12
44082,Corbalán,16-64,2017,74
44082,Corbalán,65-100,2017,23
44082,Corbalán,0-16,2018,13
44082,Corbalán,16-64,2018,74
44082,Corbalán,65-100,2018,22
44082,Corbalán,0-16,2019,13
44082,Corbalán,16-64,2019,74
44082,Corbalán,65-100,2019,20
44082,Corbalán,0-16,2020,13
44082,Corbalán,16-64,2020,76
44082,Corbalán,65-100,2020,20
44082,Corbalán,0-16,2021,14
44082,Corbalán,16-64,2021,74
44082,Corbalán,65-100,2021,20
44082,Corbalán,0-16,2022,14
44082,Corbalán,16-64,2022,74
44082,Corbalán,65-100,2022,22
44082,Corbalán,0-16,2023,16
44082,Corbalán,16-64,2023,77
44082,Corbalán,65-100,2023,20
44082,Corbalán,0-16,2024,18
44082,Corbalán,16-64,2024,80
44082,Corbalán,65-100,2024,20
44082,Corbalán,0-16,2025,18
44082,Corbalán,16-64,2025,80
44082,Corbalán,65-100,2025,20
44084,Cortes de Aragón,0-16,2003,10
44084,Cortes de Aragón,16-64,2003,50
44084,Cortes de Aragón,65-100,2003,56
44084,Cortes de Aragón,0-16,2004,10
44084,Cortes de Aragón,16-64,2004,51
44084,Cortes de Aragón,65-100,2004,50
44084,Cortes de Aragón,0-16,2005,10
44084,Cortes de Aragón,16-64,2005,50
44084,Cortes de Aragón,65-100,2005,45
44084,Cortes de Aragón,0-16,2006,11
44084,Cortes de Aragón,16-64,2006,50
44084,Cortes de Aragón,65-100,2006,42
44084,Cortes de Aragón,0-16,2007,7
44084,Cortes de Aragón,16-64,2007,45
44084,Cortes de Aragón,65-100,2007,39
44084,Cortes de Aragón,0-16,2008,5
44084,Cortes de Aragón,16-64,2008,46
44084,Cortes de Aragón,65-100,2008,35
44084,Cortes de Aragón,0-16,2009,3
44084,Cortes de Aragón,16-64,2009,43
44084,Cortes de Aragón,65-100,2009,34
44084,Cortes de Aragón,0-16,2010,3
44084,Cortes de Aragón,16-64,2010,43
44084,Cortes de Aragón,65-100,2010,29
44084,Cortes de Aragón,0-16,2011,6
44084,Cortes de Aragón,16-64,2011,44
44084,Cortes de Aragón,65-100,2011,26
44084,Cortes de Aragón,0-16,2012,6
44084,Cortes de Aragón,16-64,2012,44
44084,Cortes de Aragón,65-100,2012,22
44084,Cortes de Aragón,0-16,2013,2
44084,Cortes de Aragón,16-64,2013,35
44084,Cortes de Aragón,65-100,2013,20
44084,Cortes de Aragón,0-16,2014,3
44084,Cortes de Aragón,16-64,2014,40
44084,Cortes de Aragón,65-100,2014,18
44084,Cortes de Aragón,0-16,2015,2
44084,Cortes de Aragón,16-64,2015,38
44084,Cortes de Aragón,65-100,2015,18
44084,Cortes de Aragón,0-16,2016,5
44084,Cortes de Aragón,16-64,2016,42
44084,Cortes de Aragón,65-100,2016,16
44084,Cortes de Aragón,0-16,2017,2
44084,Cortes de Aragón,16-64,2017,39
44084,Cortes de Aragón,65-100,2017,16
44084,Cortes de Aragón,0-16,2018,3
44084,Cortes de Aragón,16-64,2018,40
44084,Cortes de Aragón,65-100,2018,18
44084,Cortes de Aragón,0-16,2019,4
44084,Cortes de Aragón,16-64,2019,38
44084,Cortes de Aragón,65-100,2019,19
44084,Cortes de Aragón,0-16,2020,4
44084,Cortes de Aragón,16-64,2020,37
44084,Cortes de Aragón,65-100,2020,19
44084,Cortes de Aragón,0-16,2021,3
44084,Cortes de Aragón,16-64,2021,39
44084,Cortes de Aragón,65-100,2021,21
44084,Cortes de Aragón,0-16,2022,3
44084,Cortes de Aragón,16-64,2022,40
44084,Cortes de Aragón,65-100,2022,19
44084,Cortes de Aragón,0-16,2023,3
44084,Cortes de Aragón,16-64,2023,38
44084,Cortes de Aragón,65-100,2023,20
44084,Cortes de Aragón,0-16,2024,4
44084,Cortes de Aragón,16-64,2024,39
44084,Cortes de Aragón,65-100,2024,22
44084,Cortes de Aragón,0-16,2025,4
44084,Cortes de Aragón,16-64,2025,37
44084,Cortes de Aragón,65-100,2025,21
44085,Cosa,0-16,2003,4
44085,Cosa,16-64,2003,51
44085,Cosa,65-100,2003,41
44085,Cosa,0-16,2004,4
44085,Cosa,16-64,2004,51
44085,Cosa,65-100,2004,42
44085,Cosa,0-16,2005,3
44085,Cosa,16-64,2005,46
44085,Cosa,65-100,2005,39
44085,Cosa,0-16,2006,4
44085,Cosa,16-64,2006,40
44085,Cosa,65-100,2006,43
44085,Cosa,0-16,2007,3
44085,Cosa,16-64,2007,40
44085,Cosa,65-100,2007,43
44085,Cosa,0-16,2008,3
44085,Cosa,16-64,2008,35
44085,Cosa,65-100,2008,39
44085,Cosa,0-16,2009,0
44085,Cosa,16-64,2009,30
44085,Cosa,65-100,2009,37
44085,Cosa,0-16,2010,0
44085,Cosa,16-64,2010,27
44085,Cosa,65-100,2010,37
44085,Cosa,0-16,2011,0
44085,Cosa,16-64,2011,24
44085,Cosa,65-100,2011,36
44085,Cosa,0-16,2012,0
44085,Cosa,16-64,2012,25
44085,Cosa,65-100,2012,36
44085,Cosa,0-16,2013,0
44085,Cosa,16-64,2013,25
44085,Cosa,65-100,2013,35
44085,Cosa,0-16,2014,0
44085,Cosa,16-64,2014,24
44085,Cosa,65-100,2014,32
44085,Cosa,0-16,2015,1
44085,Cosa,16-64,2015,27
44085,Cosa,65-100,2015,29
44085,Cosa,0-16,2016,1
44085,Cosa,16-64,2016,26
44085,Cosa,65-100,2016,28
44085,Cosa,0-16,2017,1
44085,Cosa,16-64,2017,27
44085,Cosa,65-100,2017,27
44085,Cosa,0-16,2018,1
44085,Cosa,16-64,2018,27
44085,Cosa,65-100,2018,24
44085,Cosa,0-16,2019,1
44085,Cosa,16-64,2019,26
44085,Cosa,65-100,2019,23
44085,Cosa,0-16,2020,1
44085,Cosa,16-64,2020,28
44085,Cosa,65-100,2020,22
44085,Cosa,0-16,2021,2
44085,Cosa,16-64,2021,32
44085,Cosa,65-100,2021,21
44085,Cosa,0-16,2022,1
44085,Cosa,16-64,2022,28
44085,Cosa,65-100,2022,21
44085,Cosa,0-16,2023,3
44085,Cosa,16-64,2023,40
44085,Cosa,65-100,2023,18
44085,Cosa,0-16,2024,3
44085,Cosa,16-64,2024,41
44085,Cosa,65-100,2024,18
44085,Cosa,0-16,2025,3
44085,Cosa,16-64,2025,44
44085,Cosa,65-100,2025,16
44086,Cretas,0-16,2003,38
44086,Cretas,16-64,2003,354
44086,Cretas,65-100,2003,227
44086,Cretas,0-16,2004,35
44086,Cretas,16-64,2004,336
44086,Cretas,65-100,2004,217
44086,Cretas,0-16,2005,58
44086,Cretas,16-64,2005,354
44086,Cretas,65-100,2005,206
44086,Cretas,0-16,2006,60
44086,Cretas,16-64,2006,364
44086,Cretas,65-100,2006,206
44086,Cretas,0-16,2007,62
44086,Cretas,16-64,2007,373
44086,Cretas,65-100,2007,201
44086,Cretas,0-16,2008,65
44086,Cretas,16-64,2008,372
44086,Cretas,65-100,2008,195
44086,Cretas,0-16,2009,67
44086,Cretas,16-64,2009,371
44086,Cretas,65-100,2009,191
44086,Cretas,0-16,2010,62
44086,Cretas,16-64,2010,372
44086,Cretas,65-100,2010,184
44086,Cretas,0-16,2011,58
44086,Cretas,16-64,2011,370
44086,Cretas,65-100,2011,179
44086,Cretas,0-16,2012,62
44086,Cretas,16-64,2012,353
44086,Cretas,65-100,2012,183
44086,Cretas,0-16,2013,71
44086,Cretas,16-64,2013,346
44086,Cretas,65-100,2013,180
44086,Cretas,0-16,2014,79
44086,Cretas,16-64,2014,342
44086,Cretas,65-100,2014,180
44086,Cretas,0-16,2015,76
44086,Cretas,16-64,2015,319
44086,Cretas,65-100,2015,178
44086,Cretas,0-16,2016,76
44086,Cretas,16-64,2016,301
44086,Cretas,65-100,2016,177
44086,Cretas,0-16,2017,75
44086,Cretas,16-64,2017,317
44086,Cretas,65-100,2017,180
44086,Cretas,0-16,2018,75
44086,Cretas,16-64,2018,315
44086,Cretas,65-100,2018,181
44086,Cretas,0-16,2019,84
44086,Cretas,16-64,2019,301
44086,Cretas,65-100,2019,182
44086,Cretas,0-16,2020,78
44086,Cretas,16-64,2020,301
44086,Cretas,65-100,2020,175
44086,Cretas,0-16,2021,75
44086,Cretas,16-64,2021,308
44086,Cretas,65-100,2021,172
44086,Cretas,0-16,2022,78
44086,Cretas,16-64,2022,313
44086,Cretas,65-100,2022,172
44086,Cretas,0-16,2023,76
44086,Cretas,16-64,2023,316
44086,Cretas,65-100,2023,164
44086,Cretas,0-16,2024,74
44086,Cretas,16-64,2024,328
44086,Cretas,65-100,2024,164
44086,Cretas,0-16,2025,72
44086,Cretas,16-64,2025,326
44086,Cretas,65-100,2025,160
44087,Crivillén,0-16,2003,7
44087,Crivillén,16-64,2003,60
44087,Crivillén,65-100,2003,49
44087,Crivillén,0-16,2004,6
44087,Crivillén,16-64,2004,57
44087,Crivillén,65-100,2004,50
44087,Crivillén,0-16,2005,4
44087,Crivillén,16-64,2005,54
44087,Crivillén,65-100,2005,52
44087,Crivillén,0-16,2006,4
44087,Crivillén,16-64,2006,53
44087,Crivillén,65-100,2006,53
44087,Crivillén,0-16,2007,4
44087,Crivillén,16-64,2007,53
44087,Crivillén,65-100,2007,50
44087,Crivillén,0-16,2008,4
44087,Crivillén,16-64,2008,48
44087,Crivillén,65-100,2008,43
44087,Crivillén,0-16,2009,3
44087,Crivillén,16-64,2009,46
44087,Crivillén,65-100,2009,46
44087,Crivillén,0-16,2010,2
44087,Crivillén,16-64,2010,44
44087,Crivillén,65-100,2010,47
44087,Crivillén,0-16,2011,2
44087,Crivillén,16-64,2011,44
44087,Crivillén,65-100,2011,46
44087,Crivillén,0-16,2012,0
44087,Crivillén,16-64,2012,43
44087,Crivillén,65-100,2012,45
44087,Crivillén,0-16,2013,0
44087,Crivillén,16-64,2013,33
44087,Crivillén,65-100,2013,43
44087,Crivillén,0-16,2014,0
44087,Crivillén,16-64,2014,29
44087,Crivillén,65-100,2014,46
44087,Crivillén,0-16,2015,0
44087,Crivillén,16-64,2015,27
44087,Crivillén,65-100,2015,47
44087,Crivillén,0-16,2016,0
44087,Crivillén,16-64,2016,26
44087,Crivillén,65-100,2016,45
44087,Crivillén,0-16,2017,0
44087,Crivillén,16-64,2017,27
44087,Crivillén,65-100,2017,44
44087,Crivillén,0-16,2018,0
44087,Crivillén,16-64,2018,24
44087,Crivillén,65-100,2018,44
44087,Crivillén,0-16,2019,0
44087,Crivillén,16-64,2019,21
44087,Crivillén,65-100,2019,41
44087,Crivillén,0-16,2020,8
44087,Crivillén,16-64,2020,47
44087,Crivillén,65-100,2020,31
44087,Crivillén,0-16,2021,8
44087,Crivillén,16-64,2021,48
44087,Crivillén,65-100,2021,31
44087,Crivillén,0-16,2022,7
44087,Crivillén,16-64,2022,49
44087,Crivillén,65-100,2022,34
44087,Crivillén,0-16,2023,8
44087,Crivillén,16-64,2023,50
44087,Crivillén,65-100,2023,32
44087,Crivillén,0-16,2024,8
44087,Crivillén,16-64,2024,52
44087,Crivillén,65-100,2024,31
44087,Crivillén,0-16,2025,7
44087,Crivillén,16-64,2025,54
44087,Crivillén,65-100,2025,30
44088,La Cuba,0-16,2003,3
44088,La Cuba,16-64,2003,31
44088,La Cuba,65-100,2003,21
44088,La Cuba,0-16,2004,3
44088,La Cuba,16-64,2004,28
44088,La Cuba,65-100,2004,21
44088,La Cuba,0-16,2005,4
44088,La Cuba,16-64,2005,31
44088,La Cuba,65-100,2005,21
44088,La Cuba,0-16,2006,5
44088,La Cuba,16-64,2006,27
44088,La Cuba,65-100,2006,19
44088,La Cuba,0-16,2007,5
44088,La Cuba,16-64,2007,39
44088,La Cuba,65-100,2007,19
44088,La Cuba,0-16,2008,7
44088,La Cuba,16-64,2008,41
44088,La Cuba,65-100,2008,20
44088,La Cuba,0-16,2009,9
44088,La Cuba,16-64,2009,35
44088,La Cuba,65-100,2009,19
44088,La Cuba,0-16,2010,6
44088,La Cuba,16-64,2010,29
44088,La Cuba,65-100,2010,17
44088,La Cuba,0-16,2011,4
44088,La Cuba,16-64,2011,30
44088,La Cuba,65-100,2011,18
44088,La Cuba,0-16,2012,4
44088,La Cuba,16-64,2012,31
44088,La Cuba,65-100,2012,15
44088,La Cuba,0-16,2013,4
44088,La Cuba,16-64,2013,30
44088,La Cuba,65-100,2013,13
44088,La Cuba,0-16,2014,4
44088,La Cuba,16-64,2014,29
44088,La Cuba,65-100,2014,12
44088,La Cuba,0-16,2015,1
44088,La Cuba,16-64,2015,26
44088,La Cuba,65-100,2015,10
44088,La Cuba,0-16,2016,2
44088,La Cuba,16-64,2016,26
44088,La Cuba,65-100,2016,10
44088,La Cuba,0-16,2017,2
44088,La Cuba,16-64,2017,25
44088,La Cuba,65-100,2017,9
44088,La Cuba,0-16,2018,4
44088,La Cuba,16-64,2018,26
44088,La Cuba,65-100,2018,11
44088,La Cuba,0-16,2019,5
44088,La Cuba,16-64,2019,27
44088,La Cuba,65-100,2019,11
44088,La Cuba,0-16,2020,5
44088,La Cuba,16-64,2020,26
44088,La Cuba,65-100,2020,12
44088,La Cuba,0-16,2021,5
44088,La Cuba,16-64,2021,26
44088,La Cuba,65-100,2021,11
44088,La Cuba,0-16,2022,5
44088,La Cuba,16-64,2022,27
44088,La Cuba,65-100,2022,10
44088,La Cuba,0-16,2023,11
44088,La Cuba,16-64,2023,31
44088,La Cuba,65-100,2023,9
44088,La Cuba,0-16,2024,11
44088,La Cuba,16-64,2024,28
44088,La Cuba,65-100,2024,11
44088,La Cuba,0-16,2025,11
44088,La Cuba,16-64,2025,30
44088,La Cuba,65-100,2025,12
44089,Cubla,0-16,2003,3
44089,Cubla,16-64,2003,13
44089,Cubla,65-100,2003,29
44089,Cubla,0-16,2004,4
44089,Cubla,16-64,2004,13
44089,Cubla,65-100,2004,30
44089,Cubla,0-16,2005,4
44089,Cubla,16-64,2005,14
44089,Cubla,65-100,2005,27
44089,Cubla,0-16,2006,2
44089,Cubla,16-64,2006,26
44089,Cubla,65-100,2006,26
44089,Cubla,0-16,2007,2
44089,Cubla,16-64,2007,27
44089,Cubla,65-100,2007,27
44089,Cubla,0-16,2008,1
44089,Cubla,16-64,2008,30
44089,Cubla,65-100,2008,27
44089,Cubla,0-16,2009,0
44089,Cubla,16-64,2009,30
44089,Cubla,65-100,2009,25
44089,Cubla,0-16,2010,2
44089,Cubla,16-64,2010,34
44089,Cubla,65-100,2010,25
44089,Cubla,0-16,2011,6
44089,Cubla,16-64,2011,40
44089,Cubla,65-100,2011,22
44089,Cubla,0-16,2012,6
44089,Cubla,16-64,2012,38
44089,Cubla,65-100,2012,18
44089,Cubla,0-16,2013,7
44089,Cubla,16-64,2013,37
44089,Cubla,65-100,2013,17
44089,Cubla,0-16,2014,5
44089,Cubla,16-64,2014,33
44089,Cubla,65-100,2014,17
44089,Cubla,0-16,2015,5
44089,Cubla,16-64,2015,33
44089,Cubla,65-100,2015,16
44089,Cubla,0-16,2016,5
44089,Cubla,16-64,2016,34
44089,Cubla,65-100,2016,13
44089,Cubla,0-16,2017,4
44089,Cubla,16-64,2017,39
44089,Cubla,65-100,2017,12
44089,Cubla,0-16,2018,4
44089,Cubla,16-64,2018,39
44089,Cubla,65-100,2018,11
44089,Cubla,0-16,2019,3
44089,Cubla,16-64,2019,42
44089,Cubla,65-100,2019,13
44089,Cubla,0-16,2020,2
44089,Cubla,16-64,2020,41
44089,Cubla,65-100,2020,12
44089,Cubla,0-16,2021,3
44089,Cubla,16-64,2021,36
44089,Cubla,65-100,2021,13
44089,Cubla,0-16,2022,3
44089,Cubla,16-64,2022,42
44089,Cubla,65-100,2022,15
44089,Cubla,0-16,2023,5
44089,Cubla,16-64,2023,50
44089,Cubla,65-100,2023,16
44089,Cubla,0-16,2024,5
44089,Cubla,16-64,2024,43
44089,Cubla,65-100,2024,10
44089,Cubla,0-16,2025,6
44089,Cubla,16-64,2025,44
44089,Cubla,65-100,2025,7
44090,Cucalón,0-16,2003,1
44090,Cucalón,16-64,2003,52
44090,Cucalón,65-100,2003,33
44090,Cucalón,0-16,2004,0
44090,Cucalón,16-64,2004,54
44090,Cucalón,65-100,2004,33
44090,Cucalón,0-16,2005,2
44090,Cucalón,16-64,2005,60
44090,Cucalón,65-100,2005,33
44090,Cucalón,0-16,2006,2
44090,Cucalón,16-64,2006,55
44090,Cucalón,65-100,2006,34
44090,Cucalón,0-16,2007,6
44090,Cucalón,16-64,2007,61
44090,Cucalón,65-100,2007,39
44090,Cucalón,0-16,2008,7
44090,Cucalón,16-64,2008,61
44090,Cucalón,65-100,2008,36
44090,Cucalón,0-16,2009,6
44090,Cucalón,16-64,2009,64
44090,Cucalón,65-100,2009,38
44090,Cucalón,0-16,2010,4
44090,Cucalón,16-64,2010,59
44090,Cucalón,65-100,2010,39
44090,Cucalón,0-16,2011,5
44090,Cucalón,16-64,2011,58
44090,Cucalón,65-100,2011,38
44090,Cucalón,0-16,2012,8
44090,Cucalón,16-64,2012,65
44090,Cucalón,65-100,2012,35
44090,Cucalón,0-16,2013,8
44090,Cucalón,16-64,2013,63
44090,Cucalón,65-100,2013,39
44090,Cucalón,0-16,2014,7
44090,Cucalón,16-64,2014,57
44090,Cucalón,65-100,2014,39
44090,Cucalón,0-16,2015,7
44090,Cucalón,16-64,2015,55
44090,Cucalón,65-100,2015,42
44090,Cucalón,0-16,2016,7
44090,Cucalón,16-64,2016,49
44090,Cucalón,65-100,2016,40
44090,Cucalón,0-16,2017,9
44090,Cucalón,16-64,2017,46
44090,Cucalón,65-100,2017,36
44090,Cucalón,0-16,2018,7
44090,Cucalón,16-64,2018,41
44090,Cucalón,65-100,2018,32
44090,Cucalón,0-16,2019,6
44090,Cucalón,16-64,2019,41
44090,Cucalón,65-100,2019,31
44090,Cucalón,0-16,2020,6
44090,Cucalón,16-64,2020,40
44090,Cucalón,65-100,2020,32
44090,Cucalón,0-16,2021,7
44090,Cucalón,16-64,2021,43
44090,Cucalón,65-100,2021,32
44090,Cucalón,0-16,2022,6
44090,Cucalón,16-64,2022,42
44090,Cucalón,65-100,2022,30
44090,Cucalón,0-16,2023,5
44090,Cucalón,16-64,2023,40
44090,Cucalón,65-100,2023,30
44090,Cucalón,0-16,2024,5
44090,Cucalón,16-64,2024,44
44090,Cucalón,65-100,2024,30
44090,Cucalón,0-16,2025,4
44090,Cucalón,16-64,2025,47
44090,Cucalón,65-100,2025,27
44092,El Cuervo,0-16,2003,6
44092,El Cuervo,16-64,2003,53
44092,El Cuervo,65-100,2003,55
44092,El Cuervo,0-16,2004,6
44092,El Cuervo,16-64,2004,51
44092,El Cuervo,65-100,2004,53
44092,El Cuervo,0-16,2005,5
44092,El Cuervo,16-64,2005,53
44092,El Cuervo,65-100,2005,53
44092,El Cuervo,0-16,2006,6
44092,El Cuervo,16-64,2006,56
44092,El Cuervo,65-100,2006,59
44092,El Cuervo,0-16,2007,5
44092,El Cuervo,16-64,2007,52
44092,El Cuervo,65-100,2007,60
44092,El Cuervo,0-16,2008,4
44092,El Cuervo,16-64,2008,47
44092,El Cuervo,65-100,2008,62
44092,El Cuervo,0-16,2009,4
44092,El Cuervo,16-64,2009,43
44092,El Cuervo,65-100,2009,62
44092,El Cuervo,0-16,2010,3
44092,El Cuervo,16-64,2010,37
44092,El Cuervo,65-100,2010,67
44092,El Cuervo,0-16,2011,2
44092,El Cuervo,16-64,2011,36
44092,El Cuervo,65-100,2011,63
44092,El Cuervo,0-16,2012,1
44092,El Cuervo,16-64,2012,32
44092,El Cuervo,65-100,2012,58
44092,El Cuervo,0-16,2013,4
44092,El Cuervo,16-64,2013,42
44092,El Cuervo,65-100,2013,52
44092,El Cuervo,0-16,2014,1
44092,El Cuervo,16-64,2014,36
44092,El Cuervo,65-100,2014,48
44092,El Cuervo,0-16,2015,4
44092,El Cuervo,16-64,2015,37
44092,El Cuervo,65-100,2015,46
44092,El Cuervo,0-16,2016,5
44092,El Cuervo,16-64,2016,36
44092,El Cuervo,65-100,2016,48
44092,El Cuervo,0-16,2017,7
44092,El Cuervo,16-64,2017,39
44092,El Cuervo,65-100,2017,47
44092,El Cuervo,0-16,2018,7
44092,El Cuervo,16-64,2018,37
44092,El Cuervo,65-100,2018,42
44092,El Cuervo,0-16,2019,4
44092,El Cuervo,16-64,2019,36
44092,El Cuervo,65-100,2019,38
44092,El Cuervo,0-16,2020,4
44092,El Cuervo,16-64,2020,40
44092,El Cuervo,65-100,2020,36
44092,El Cuervo,0-16,2021,3
44092,El Cuervo,16-64,2021,36
44092,El Cuervo,65-100,2021,35
44092,El Cuervo,0-16,2022,2
44092,El Cuervo,16-64,2022,35
44092,El Cuervo,65-100,2022,35
44092,El Cuervo,0-16,2023,7
44092,El Cuervo,16-64,2023,51
44092,El Cuervo,65-100,2023,41
44092,El Cuervo,0-16,2024,4
44092,El Cuervo,16-64,2024,52
44092,El Cuervo,65-100,2024,39
44092,El Cuervo,0-16,2025,3
44092,El Cuervo,16-64,2025,46
44092,El Cuervo,65-100,2025,38
44093,Cuevas de Almudén,0-16,2003,9
44093,Cuevas de Almudén,16-64,2003,67
44093,Cuevas de Almudén,65-100,2003,29
44093,Cuevas de Almudén,0-16,2004,14
44093,Cuevas de Almudén,16-64,2004,74
44093,Cuevas de Almudén,65-100,2004,27
44093,Cuevas de Almudén,0-16,2005,15
44093,Cuevas de Almudén,16-64,2005,77
44093,Cuevas de Almudén,65-100,2005,26
44093,Cuevas de Almudén,0-16,2006,13
44093,Cuevas de Almudén,16-64,2006,77
44093,Cuevas de Almudén,65-100,2006,26
44093,Cuevas de Almudén,0-16,2007,16
44093,Cuevas de Almudén,16-64,2007,73
44093,Cuevas de Almudén,65-100,2007,28
44093,Cuevas de Almudén,0-16,2008,17
44093,Cuevas de Almudén,16-64,2008,81
44093,Cuevas de Almudén,65-100,2008,25
44093,Cuevas de Almudén,0-16,2009,18
44093,Cuevas de Almudén,16-64,2009,80
44093,Cuevas de Almudén,65-100,2009,27
44093,Cuevas de Almudén,0-16,2010,24
44093,Cuevas de Almudén,16-64,2010,84
44093,Cuevas de Almudén,65-100,2010,25
44093,Cuevas de Almudén,0-16,2011,30
44093,Cuevas de Almudén,16-64,2011,86
44093,Cuevas de Almudén,65-100,2011,25
44093,Cuevas de Almudén,0-16,2012,31
44093,Cuevas de Almudén,16-64,2012,91
44093,Cuevas de Almudén,65-100,2012,26
44093,Cuevas de Almudén,0-16,2013,25
44093,Cuevas de Almudén,16-64,2013,90
44093,Cuevas de Almudén,65-100,2013,26
44093,Cuevas de Almudén,0-16,2014,27
44093,Cuevas de Almudén,16-64,2014,92
44093,Cuevas de Almudén,65-100,2014,26
44093,Cuevas de Almudén,0-16,2015,23
44093,Cuevas de Almudén,16-64,2015,90
44093,Cuevas de Almudén,65-100,2015,27
44093,Cuevas de Almudén,0-16,2016,22
44093,Cuevas de Almudén,16-64,2016,93
44093,Cuevas de Almudén,65-100,2016,26
44093,Cuevas de Almudén,0-16,2017,19
44093,Cuevas de Almudén,16-64,2017,92
44093,Cuevas de Almudén,65-100,2017,27
44093,Cuevas de Almudén,0-16,2018,17
44093,Cuevas de Almudén,16-64,2018,78
44093,Cuevas de Almudén,65-100,2018,27
44093,Cuevas de Almudén,0-16,2019,18
44093,Cuevas de Almudén,16-64,2019,82
44093,Cuevas de Almudén,65-100,2019,26
44093,Cuevas de Almudén,0-16,2020,17
44093,Cuevas de Almudén,16-64,2020,74
44093,Cuevas de Almudén,65-100,2020,27
44093,Cuevas de Almudén,0-16,2021,17
44093,Cuevas de Almudén,16-64,2021,74
44093,Cuevas de Almudén,65-100,2021,27
44093,Cuevas de Almudén,0-16,2022,20
44093,Cuevas de Almudén,16-64,2022,77
44093,Cuevas de Almudén,65-100,2022,29
44093,Cuevas de Almudén,0-16,2023,16
44093,Cuevas de Almudén,16-64,2023,70
44093,Cuevas de Almudén,65-100,2023,33
44093,Cuevas de Almudén,0-16,2024,16
44093,Cuevas de Almudén,16-64,2024,68
44093,Cuevas de Almudén,65-100,2024,31
44093,Cuevas de Almudén,0-16,2025,17
44093,Cuevas de Almudén,16-64,2025,70
44093,Cuevas de Almudén,65-100,2025,32
44094,Cuevas Labradas,0-16,2003,7
44094,Cuevas Labradas,16-64,2003,79
44094,Cuevas Labradas,65-100,2003,65
44094,Cuevas Labradas,0-16,2004,9
44094,Cuevas Labradas,16-64,2004,88
44094,Cuevas Labradas,65-100,2004,65
44094,Cuevas Labradas,0-16,2005,6
44094,Cuevas Labradas,16-64,2005,83
44094,Cuevas Labradas,65-100,2005,63
44094,Cuevas Labradas,0-16,2006,4
44094,Cuevas Labradas,16-64,2006,81
44094,Cuevas Labradas,65-100,2006,61
44094,Cuevas Labradas,0-16,2007,5
44094,Cuevas Labradas,16-64,2007,80
44094,Cuevas Labradas,65-100,2007,61
44094,Cuevas Labradas,0-16,2008,6
44094,Cuevas Labradas,16-64,2008,79
44094,Cuevas Labradas,65-100,2008,61
44094,Cuevas Labradas,0-16,2009,8
44094,Cuevas Labradas,16-64,2009,73
44094,Cuevas Labradas,65-100,2009,60
44094,Cuevas Labradas,0-16,2010,9
44094,Cuevas Labradas,16-64,2010,72
44094,Cuevas Labradas,65-100,2010,60
44094,Cuevas Labradas,0-16,2011,9
44094,Cuevas Labradas,16-64,2011,69
44094,Cuevas Labradas,65-100,2011,57
44094,Cuevas Labradas,0-16,2012,8
44094,Cuevas Labradas,16-64,2012,65
44094,Cuevas Labradas,65-100,2012,55
44094,Cuevas Labradas,0-16,2013,8
44094,Cuevas Labradas,16-64,2013,74
44094,Cuevas Labradas,65-100,2013,53
44094,Cuevas Labradas,0-16,2014,6
44094,Cuevas Labradas,16-64,2014,67
44094,Cuevas Labradas,65-100,2014,54
44094,Cuevas Labradas,0-16,2015,6
44094,Cuevas Labradas,16-64,2015,62
44094,Cuevas Labradas,65-100,2015,55
44094,Cuevas Labradas,0-16,2016,10
44094,Cuevas Labradas,16-64,2016,66
44094,Cuevas Labradas,65-100,2016,51
44094,Cuevas Labradas,0-16,2017,9
44094,Cuevas Labradas,16-64,2017,64
44094,Cuevas Labradas,65-100,2017,53
44094,Cuevas Labradas,0-16,2018,10
44094,Cuevas Labradas,16-64,2018,67
44094,Cuevas Labradas,65-100,2018,54
44094,Cuevas Labradas,0-16,2019,7
44094,Cuevas Labradas,16-64,2019,70
44094,Cuevas Labradas,65-100,2019,55
44094,Cuevas Labradas,0-16,2020,10
44094,Cuevas Labradas,16-64,2020,71
44094,Cuevas Labradas,65-100,2020,56
44094,Cuevas Labradas,0-16,2021,11
44094,Cuevas Labradas,16-64,2021,71
44094,Cuevas Labradas,65-100,2021,55
44094,Cuevas Labradas,0-16,2022,9
44094,Cuevas Labradas,16-64,2022,68
44094,Cuevas Labradas,65-100,2022,56
44094,Cuevas Labradas,0-16,2023,8
44094,Cuevas Labradas,16-64,2023,71
44094,Cuevas Labradas,65-100,2023,56
44094,Cuevas Labradas,0-16,2024,7
44094,Cuevas Labradas,16-64,2024,73
44094,Cuevas Labradas,65-100,2024,56
44094,Cuevas Labradas,0-16,2025,5
44094,Cuevas Labradas,16-64,2025,66
44094,Cuevas Labradas,65-100,2025,55
44096,Ejulve,0-16,2003,34
44096,Ejulve,16-64,2003,101
44096,Ejulve,65-100,2003,87
44096,Ejulve,0-16,2004,35
44096,Ejulve,16-64,2004,104
44096,Ejulve,65-100,2004,87
44096,Ejulve,0-16,2005,31
44096,Ejulve,16-64,2005,109
44096,Ejulve,65-100,2005,85
44096,Ejulve,0-16,2006,27
44096,Ejulve,16-64,2006,101
44096,Ejulve,65-100,2006,87
44096,Ejulve,0-16,2007,27
44096,Ejulve,16-64,2007,108
44096,Ejulve,65-100,2007,87
44096,Ejulve,0-16,2008,25
44096,Ejulve,16-64,2008,113
44096,Ejulve,65-100,2008,81
44096,Ejulve,0-16,2009,20
44096,Ejulve,16-64,2009,103
44096,Ejulve,65-100,2009,80
44096,Ejulve,0-16,2010,20
44096,Ejulve,16-64,2010,104
44096,Ejulve,65-100,2010,74
44096,Ejulve,0-16,2011,17
44096,Ejulve,16-64,2011,111
44096,Ejulve,65-100,2011,75
44096,Ejulve,0-16,2012,19
44096,Ejulve,16-64,2012,116
44096,Ejulve,65-100,2012,73
44096,Ejulve,0-16,2013,17
44096,Ejulve,16-64,2013,117
44096,Ejulve,65-100,2013,70
44096,Ejulve,0-16,2014,12
44096,Ejulve,16-64,2014,115
44096,Ejulve,65-100,2014,67
44096,Ejulve,0-16,2015,12
44096,Ejulve,16-64,2015,119
44096,Ejulve,65-100,2015,69
44096,Ejulve,0-16,2016,12
44096,Ejulve,16-64,2016,112
44096,Ejulve,65-100,2016,65
44096,Ejulve,0-16,2017,13
44096,Ejulve,16-64,2017,109
44096,Ejulve,65-100,2017,65
44096,Ejulve,0-16,2018,9
44096,Ejulve,16-64,2018,106
44096,Ejulve,65-100,2018,65
44096,Ejulve,0-16,2019,9
44096,Ejulve,16-64,2019,102
44096,Ejulve,65-100,2019,64
44096,Ejulve,0-16,2020,12
44096,Ejulve,16-64,2020,105
44096,Ejulve,65-100,2020,60
44096,Ejulve,0-16,2021,10
44096,Ejulve,16-64,2021,110
44096,Ejulve,65-100,2021,58
44096,Ejulve,0-16,2022,15
44096,Ejulve,16-64,2022,111
44096,Ejulve,65-100,2022,60
44096,Ejulve,0-16,2023,13
44096,Ejulve,16-64,2023,102
44096,Ejulve,65-100,2023,60
44096,Ejulve,0-16,2024,14
44096,Ejulve,16-64,2024,101
44096,Ejulve,65-100,2024,57
44096,Ejulve,0-16,2025,15
44096,Ejulve,16-64,2025,103
44096,Ejulve,65-100,2025,59
44097,Escorihuela,0-16,2003,10
44097,Escorihuela,16-64,2003,84
44097,Escorihuela,65-100,2003,104
44097,Escorihuela,0-16,2004,11
44097,Escorihuela,16-64,2004,85
44097,Escorihuela,65-100,2004,104
44097,Escorihuela,0-16,2005,9
44097,Escorihuela,16-64,2005,86
44097,Escorihuela,65-100,2005,102
44097,Escorihuela,0-16,2006,8
44097,Escorihuela,16-64,2006,92
44097,Escorihuela,65-100,2006,100
44097,Escorihuela,0-16,2007,9
44097,Escorihuela,16-64,2007,90
44097,Escorihuela,65-100,2007,99
44097,Escorihuela,0-16,2008,12
44097,Escorihuela,16-64,2008,88
44097,Escorihuela,65-100,2008,96
44097,Escorihuela,0-16,2009,12
44097,Escorihuela,16-64,2009,89
44097,Escorihuela,65-100,2009,98
44097,Escorihuela,0-16,2010,9
44097,Escorihuela,16-64,2010,77
44097,Escorihuela,65-100,2010,99
44097,Escorihuela,0-16,2011,7
44097,Escorihuela,16-64,2011,80
44097,Escorihuela,65-100,2011,96
44097,Escorihuela,0-16,2012,5
44097,Escorihuela,16-64,2012,82
44097,Escorihuela,65-100,2012,90
44097,Escorihuela,0-16,2013,2
44097,Escorihuela,16-64,2013,77
44097,Escorihuela,65-100,2013,83
44097,Escorihuela,0-16,2014,2
44097,Escorihuela,16-64,2014,74
44097,Escorihuela,65-100,2014,84
44097,Escorihuela,0-16,2015,1
44097,Escorihuela,16-64,2015,75
44097,Escorihuela,65-100,2015,82
44097,Escorihuela,0-16,2016,0
44097,Escorihuela,16-64,2016,73
44097,Escorihuela,65-100,2016,79
44097,Escorihuela,0-16,2017,2
44097,Escorihuela,16-64,2017,73
44097,Escorihuela,65-100,2017,72
44097,Escorihuela,0-16,2018,1
44097,Escorihuela,16-64,2018,69
44097,Escorihuela,65-100,2018,69
44097,Escorihuela,0-16,2019,3
44097,Escorihuela,16-64,2019,73
44097,Escorihuela,65-100,2019,60
44097,Escorihuela,0-16,2020,5
44097,Escorihuela,16-64,2020,73
44097,Escorihuela,65-100,2020,58
44097,Escorihuela,0-16,2021,7
44097,Escorihuela,16-64,2021,76
44097,Escorihuela,65-100,2021,58
44097,Escorihuela,0-16,2022,8
44097,Escorihuela,16-64,2022,74
44097,Escorihuela,65-100,2022,56
44097,Escorihuela,0-16,2023,9
44097,Escorihuela,16-64,2023,80
44097,Escorihuela,65-100,2023,53
44097,Escorihuela,0-16,2024,11
44097,Escorihuela,16-64,2024,76
44097,Escorihuela,65-100,2024,54
44097,Escorihuela,0-16,2025,8
44097,Escorihuela,16-64,2025,73
44097,Escorihuela,65-100,2025,49
44099,Escucha,0-16,2003,181
44099,Escucha,16-64,2003,741
44099,Escucha,65-100,2003,179
44099,Escucha,0-16,2004,181
44099,Escucha,16-64,2004,734
44099,Escucha,65-100,2004,184
44099,Escucha,0-16,2005,177
44099,Escucha,16-64,2005,738
44099,Escucha,65-100,2005,182
44099,Escucha,0-16,2006,175
44099,Escucha,16-64,2006,741
44099,Escucha,65-100,2006,188
44099,Escucha,0-16,2007,170
44099,Escucha,16-64,2007,719
44099,Escucha,65-100,2007,184
44099,Escucha,0-16,2008,160
44099,Escucha,16-64,2008,696
44099,Escucha,65-100,2008,178
44099,Escucha,0-16,2009,148
44099,Escucha,16-64,2009,685
44099,Escucha,65-100,2009,170
44099,Escucha,0-16,2010,147
44099,Escucha,16-64,2010,693
44099,Escucha,65-100,2010,175
44099,Escucha,0-16,2011,144
44099,Escucha,16-64,2011,702
44099,Escucha,65-100,2011,173
44099,Escucha,0-16,2012,153
44099,Escucha,16-64,2012,670
44099,Escucha,65-100,2012,172
44099,Escucha,0-16,2013,157
44099,Escucha,16-64,2013,679
44099,Escucha,65-100,2013,167
44099,Escucha,0-16,2014,151
44099,Escucha,16-64,2014,669
44099,Escucha,65-100,2014,161
44099,Escucha,0-16,2015,134
44099,Escucha,16-64,2015,658
44099,Escucha,65-100,2015,161
44099,Escucha,0-16,2016,136
44099,Escucha,16-64,2016,656
44099,Escucha,65-100,2016,162
44099,Escucha,0-16,2017,133
44099,Escucha,16-64,2017,618
44099,Escucha,65-100,2017,162
44099,Escucha,0-16,2018,124
44099,Escucha,16-64,2018,606
44099,Escucha,65-100,2018,155
44099,Escucha,0-16,2019,127
44099,Escucha,16-64,2019,577
44099,Escucha,65-100,2019,148
44099,Escucha,0-16,2020,104
44099,Escucha,16-64,2020,555
44099,Escucha,65-100,2020,142
44099,Escucha,0-16,2021,101
44099,Escucha,16-64,2021,537
44099,Escucha,65-100,2021,144
44099,Escucha,0-16,2022,101
44099,Escucha,16-64,2022,522
44099,Escucha,65-100,2022,150
44099,Escucha,0-16,2023,105
44099,Escucha,16-64,2023,520
44099,Escucha,65-100,2023,147
44099,Escucha,0-16,2024,116
44099,Escucha,16-64,2024,511
44099,Escucha,65-100,2024,150
44099,Escucha,0-16,2025,128
44099,Escucha,16-64,2025,520
44099,Escucha,65-100,2025,149
44100,Estercuel,0-16,2003,48
44100,Estercuel,16-64,2003,179
44100,Estercuel,65-100,2003,89
44100,Estercuel,0-16,2004,45
44100,Estercuel,16-64,2004,180
44100,Estercuel,65-100,2004,89
44100,Estercuel,0-16,2005,37
44100,Estercuel,16-64,2005,175
44100,Estercuel,65-100,2005,80
44100,Estercuel,0-16,2006,30
44100,Estercuel,16-64,2006,172
44100,Estercuel,65-100,2006,74
44100,Estercuel,0-16,2007,24
44100,Estercuel,16-64,2007,168
44100,Estercuel,65-100,2007,70
44100,Estercuel,0-16,2008,20
44100,Estercuel,16-64,2008,169
44100,Estercuel,65-100,2008,66
44100,Estercuel,0-16,2009,25
44100,Estercuel,16-64,2009,174
44100,Estercuel,65-100,2009,68
44100,Estercuel,0-16,2010,28
44100,Estercuel,16-64,2010,179
44100,Estercuel,65-100,2010,64
44100,Estercuel,0-16,2011,34
44100,Estercuel,16-64,2011,181
44100,Estercuel,65-100,2011,57
44100,Estercuel,0-16,2012,27
44100,Estercuel,16-64,2012,174
44100,Estercuel,65-100,2012,58
44100,Estercuel,0-16,2013,34
44100,Estercuel,16-64,2013,173
44100,Estercuel,65-100,2013,54
44100,Estercuel,0-16,2014,21
44100,Estercuel,16-64,2014,157
44100,Estercuel,65-100,2014,52
44100,Estercuel,0-16,2015,18
44100,Estercuel,16-64,2015,161
44100,Estercuel,65-100,2015,50
44100,Estercuel,0-16,2016,24
44100,Estercuel,16-64,2016,165
44100,Estercuel,65-100,2016,48
44100,Estercuel,0-16,2017,22
44100,Estercuel,16-64,2017,150
44100,Estercuel,65-100,2017,51
44100,Estercuel,0-16,2018,16
44100,Estercuel,16-64,2018,141
44100,Estercuel,65-100,2018,53
44100,Estercuel,0-16,2019,14
44100,Estercuel,16-64,2019,133
44100,Estercuel,65-100,2019,56
44100,Estercuel,0-16,2020,18
44100,Estercuel,16-64,2020,133
44100,Estercuel,65-100,2020,54
44100,Estercuel,0-16,2021,20
44100,Estercuel,16-64,2021,135
44100,Estercuel,65-100,2021,54
44100,Estercuel,0-16,2022,16
44100,Estercuel,16-64,2022,133
44100,Estercuel,65-100,2022,56
44100,Estercuel,0-16,2023,15
44100,Estercuel,16-64,2023,128
44100,Estercuel,65-100,2023,55
44100,Estercuel,0-16,2024,18
44100,Estercuel,16-64,2024,132
44100,Estercuel,65-100,2024,53
44100,Estercuel,0-16,2025,17
44100,Estercuel,16-64,2025,131
44100,Estercuel,65-100,2025,53
44101,Ferreruela de Huerva,0-16,2003,1
44101,Ferreruela de Huerva,16-64,2003,34
44101,Ferreruela de Huerva,65-100,2003,43
44101,Ferreruela de Huerva,0-16,2004,1
44101,Ferreruela de Huerva,16-64,2004,34
44101,Ferreruela de Huerva,65-100,2004,41
44101,Ferreruela de Huerva,0-16,2005,0
44101,Ferreruela de Huerva,16-64,2005,31
44101,Ferreruela de Huerva,65-100,2005,42
44101,Ferreruela de Huerva,0-16,2006,0
44101,Ferreruela de Huerva,16-64,2006,33
44101,Ferreruela de Huerva,65-100,2006,39
44101,Ferreruela de Huerva,0-16,2007,2
44101,Ferreruela de Huerva,16-64,2007,37
44101,Ferreruela de Huerva,65-100,2007,34
44101,Ferreruela de Huerva,0-16,2008,2
44101,Ferreruela de Huerva,16-64,2008,39
44101,Ferreruela de Huerva,65-100,2008,33
44101,Ferreruela de Huerva,0-16,2009,3
44101,Ferreruela de Huerva,16-64,2009,42
44101,Ferreruela de Huerva,65-100,2009,32
44101,Ferreruela de Huerva,0-16,2010,3
44101,Ferreruela de Huerva,16-64,2010,39
44101,Ferreruela de Huerva,65-100,2010,32
44101,Ferreruela de Huerva,0-16,2011,2
44101,Ferreruela de Huerva,16-64,2011,38
44101,Ferreruela de Huerva,65-100,2011,28
44101,Ferreruela de Huerva,0-16,2012,4
44101,Ferreruela de Huerva,16-64,2012,36
44101,Ferreruela de Huerva,65-100,2012,30
44101,Ferreruela de Huerva,0-16,2013,4
44101,Ferreruela de Huerva,16-64,2013,35
44101,Ferreruela de Huerva,65-100,2013,28
44101,Ferreruela de Huerva,0-16,2014,3
44101,Ferreruela de Huerva,16-64,2014,35
44101,Ferreruela de Huerva,65-100,2014,26
44101,Ferreruela de Huerva,0-16,2015,3
44101,Ferreruela de Huerva,16-64,2015,41
44101,Ferreruela de Huerva,65-100,2015,25
44101,Ferreruela de Huerva,0-16,2016,2
44101,Ferreruela de Huerva,16-64,2016,40
44101,Ferreruela de Huerva,65-100,2016,25
44101,Ferreruela de Huerva,0-16,2017,2
44101,Ferreruela de Huerva,16-64,2017,36
44101,Ferreruela de Huerva,65-100,2017,27
44101,Ferreruela de Huerva,0-16,2018,2
44101,Ferreruela de Huerva,16-64,2018,33
44101,Ferreruela de Huerva,65-100,2018,28
44101,Ferreruela de Huerva,0-16,2019,2
44101,Ferreruela de Huerva,16-64,2019,29
44101,Ferreruela de Huerva,65-100,2019,25
44101,Ferreruela de Huerva,0-16,2020,4
44101,Ferreruela de Huerva,16-64,2020,33
44101,Ferreruela de Huerva,65-100,2020,27
44101,Ferreruela de Huerva,0-16,2021,5
44101,Ferreruela de Huerva,16-64,2021,45
44101,Ferreruela de Huerva,65-100,2021,24
44101,Ferreruela de Huerva,0-16,2022,4
44101,Ferreruela de Huerva,16-64,2022,43
44101,Ferreruela de Huerva,65-100,2022,23
44101,Ferreruela de Huerva,0-16,2023,8
44101,Ferreruela de Huerva,16-64,2023,44
44101,Ferreruela de Huerva,65-100,2023,23
44101,Ferreruela de Huerva,0-16,2024,9
44101,Ferreruela de Huerva,16-64,2024,45
44101,Ferreruela de Huerva,65-100,2024,22
44101,Ferreruela de Huerva,0-16,2025,13
44101,Ferreruela de Huerva,16-64,2025,46
44101,Ferreruela de Huerva,65-100,2025,20
44102,Fonfría,0-16,2003,2
44102,Fonfría,16-64,2003,10
44102,Fonfría,65-100,2003,17
44102,Fonfría,0-16,2004,1
44102,Fonfría,16-64,2004,11
44102,Fonfría,65-100,2004,17
44102,Fonfría,0-16,2005,1
44102,Fonfría,16-64,2005,9
44102,Fonfría,65-100,2005,16
44102,Fonfría,0-16,2006,2
44102,Fonfría,16-64,2006,9
44102,Fonfría,65-100,2006,15
44102,Fonfría,0-16,2007,1
44102,Fonfría,16-64,2007,10
44102,Fonfría,65-100,2007,16
44102,Fonfría,0-16,2008,1
44102,Fonfría,16-64,2008,12
44102,Fonfría,65-100,2008,17
44102,Fonfría,0-16,2009,0
44102,Fonfría,16-64,2009,13
44102,Fonfría,65-100,2009,17
44102,Fonfría,0-16,2010,0
44102,Fonfría,16-64,2010,12
44102,Fonfría,65-100,2010,18
44102,Fonfría,0-16,2011,0
44102,Fonfría,16-64,2011,11
44102,Fonfría,65-100,2011,19
44102,Fonfría,0-16,2012,0
44102,Fonfría,16-64,2012,11
44102,Fonfría,65-100,2012,19
44102,Fonfría,0-16,2013,0
44102,Fonfría,16-64,2013,11
44102,Fonfría,65-100,2013,19
44102,Fonfría,0-16,2014,0
44102,Fonfría,16-64,2014,11
44102,Fonfría,65-100,2014,19
44102,Fonfría,0-16,2015,0
44102,Fonfría,16-64,2015,12
44102,Fonfría,65-100,2015,19
44102,Fonfría,0-16,2016,0
44102,Fonfría,16-64,2016,12
44102,Fonfría,65-100,2016,19
44102,Fonfría,0-16,2017,0
44102,Fonfría,16-64,2017,12
44102,Fonfría,65-100,2017,18
44102,Fonfría,0-16,2018,0
44102,Fonfría,16-64,2018,12
44102,Fonfría,65-100,2018,16
44102,Fonfría,0-16,2019,0
44102,Fonfría,16-64,2019,12
44102,Fonfría,65-100,2019,15
44102,Fonfría,0-16,2020,0
44102,Fonfría,16-64,2020,11
44102,Fonfría,65-100,2020,15
44102,Fonfría,0-16,2021,0
44102,Fonfría,16-64,2021,16
44102,Fonfría,65-100,2021,13
44102,Fonfría,0-16,2022,0
44102,Fonfría,16-64,2022,17
44102,Fonfría,65-100,2022,13
44102,Fonfría,0-16,2023,3
44102,Fonfría,16-64,2023,18
44102,Fonfría,65-100,2023,11
44102,Fonfría,0-16,2024,4
44102,Fonfría,16-64,2024,21
44102,Fonfría,65-100,2024,10
44102,Fonfría,0-16,2025,1
44102,Fonfría,16-64,2025,24
44102,Fonfría,65-100,2025,10
44103,Formiche Alto,0-16,2003,29
44103,Formiche Alto,16-64,2003,99
44103,Formiche Alto,65-100,2003,69
44103,Formiche Alto,0-16,2004,26
44103,Formiche Alto,16-64,2004,95
44103,Formiche Alto,65-100,2004,70
44103,Formiche Alto,0-16,2005,32
44103,Formiche Alto,16-64,2005,102
44103,Formiche Alto,65-100,2005,68
44103,Formiche Alto,0-16,2006,35
44103,Formiche Alto,16-64,2006,99
44103,Formiche Alto,65-100,2006,69
44103,Formiche Alto,0-16,2007,25
44103,Formiche Alto,16-64,2007,96
44103,Formiche Alto,65-100,2007,69
44103,Formiche Alto,0-16,2008,25
44103,Formiche Alto,16-64,2008,98
44103,Formiche Alto,65-100,2008,72
44103,Formiche Alto,0-16,2009,24
44103,Formiche Alto,16-64,2009,101
44103,Formiche Alto,65-100,2009,70
44103,Formiche Alto,0-16,2010,27
44103,Formiche Alto,16-64,2010,93
44103,Formiche Alto,65-100,2010,70
44103,Formiche Alto,0-16,2011,25
44103,Formiche Alto,16-64,2011,91
44103,Formiche Alto,65-100,2011,65
44103,Formiche Alto,0-16,2012,26
44103,Formiche Alto,16-64,2012,88
44103,Formiche Alto,65-100,2012,61
44103,Formiche Alto,0-16,2013,21
44103,Formiche Alto,16-64,2013,90
44103,Formiche Alto,65-100,2013,59
44103,Formiche Alto,0-16,2014,20
44103,Formiche Alto,16-64,2014,92
44103,Formiche Alto,65-100,2014,56
44103,Formiche Alto,0-16,2015,23
44103,Formiche Alto,16-64,2015,97
44103,Formiche Alto,65-100,2015,60
44103,Formiche Alto,0-16,2016,14
44103,Formiche Alto,16-64,2016,88
44103,Formiche Alto,65-100,2016,62
44103,Formiche Alto,0-16,2017,12
44103,Formiche Alto,16-64,2017,90
44103,Formiche Alto,65-100,2017,53
44103,Formiche Alto,0-16,2018,10
44103,Formiche Alto,16-64,2018,89
44103,Formiche Alto,65-100,2018,52
44103,Formiche Alto,0-16,2019,7
44103,Formiche Alto,16-64,2019,84
44103,Formiche Alto,65-100,2019,50
44103,Formiche Alto,0-16,2020,9
44103,Formiche Alto,16-64,2020,89
44103,Formiche Alto,65-100,2020,50
44103,Formiche Alto,0-16,2021,8
44103,Formiche Alto,16-64,2021,99
44103,Formiche Alto,65-100,2021,48
44103,Formiche Alto,0-16,2022,11
44103,Formiche Alto,16-64,2022,100
44103,Formiche Alto,65-100,2022,48
44103,Formiche Alto,0-16,2023,12
44103,Formiche Alto,16-64,2023,102
44103,Formiche Alto,65-100,2023,46
44103,Formiche Alto,0-16,2024,16
44103,Formiche Alto,16-64,2024,98
44103,Formiche Alto,65-100,2024,46
44103,Formiche Alto,0-16,2025,16
44103,Formiche Alto,16-64,2025,100
44103,Formiche Alto,65-100,2025,42
44105,Fórnoles,0-16,2003,8
44105,Fórnoles,16-64,2003,47
44105,Fórnoles,65-100,2003,46
44105,Fórnoles,0-16,2004,7
44105,Fórnoles,16-64,2004,47
44105,Fórnoles,65-100,2004,49
44105,Fórnoles,0-16,2005,5
44105,Fórnoles,16-64,2005,48
44105,Fórnoles,65-100,2005,48
44105,Fórnoles,0-16,2006,7
44105,Fórnoles,16-64,2006,48
44105,Fórnoles,65-100,2006,50
44105,Fórnoles,0-16,2007,6
44105,Fórnoles,16-64,2007,50
44105,Fórnoles,65-100,2007,48
44105,Fórnoles,0-16,2008,6
44105,Fórnoles,16-64,2008,57
44105,Fórnoles,65-100,2008,40
44105,Fórnoles,0-16,2009,4
44105,Fórnoles,16-64,2009,57
44105,Fórnoles,65-100,2009,38
44105,Fórnoles,0-16,2010,10
44105,Fórnoles,16-64,2010,56
44105,Fórnoles,65-100,2010,37
44105,Fórnoles,0-16,2011,9
44105,Fórnoles,16-64,2011,56
44105,Fórnoles,65-100,2011,37
44105,Fórnoles,0-16,2012,12
44105,Fórnoles,16-64,2012,56
44105,Fórnoles,65-100,2012,37
44105,Fórnoles,0-16,2013,10
44105,Fórnoles,16-64,2013,52
44105,Fórnoles,65-100,2013,31
44105,Fórnoles,0-16,2014,2
44105,Fórnoles,16-64,2014,47
44105,Fórnoles,65-100,2014,29
44105,Fórnoles,0-16,2015,1
44105,Fórnoles,16-64,2015,55
44105,Fórnoles,65-100,2015,30
44105,Fórnoles,0-16,2016,1
44105,Fórnoles,16-64,2016,53
44105,Fórnoles,65-100,2016,32
44105,Fórnoles,0-16,2017,2
44105,Fórnoles,16-64,2017,49
44105,Fórnoles,65-100,2017,27
44105,Fórnoles,0-16,2018,3
44105,Fórnoles,16-64,2018,40
44105,Fórnoles,65-100,2018,32
44105,Fórnoles,0-16,2019,4
44105,Fórnoles,16-64,2019,44
44105,Fórnoles,65-100,2019,32
44105,Fórnoles,0-16,2020,3
44105,Fórnoles,16-64,2020,39
44105,Fórnoles,65-100,2020,32
44105,Fórnoles,0-16,2021,3
44105,Fórnoles,16-64,2021,44
44105,Fórnoles,65-100,2021,34
44105,Fórnoles,0-16,2022,4
44105,Fórnoles,16-64,2022,48
44105,Fórnoles,65-100,2022,34
44105,Fórnoles,0-16,2023,6
44105,Fórnoles,16-64,2023,46
44105,Fórnoles,65-100,2023,33
44105,Fórnoles,0-16,2024,3
44105,Fórnoles,16-64,2024,38
44105,Fórnoles,65-100,2024,31
44105,Fórnoles,0-16,2025,3
44105,Fórnoles,16-64,2025,40
44105,Fórnoles,65-100,2025,32
44106,Fortanete,0-16,2003,12
44106,Fortanete,16-64,2003,96
44106,Fortanete,65-100,2003,78
44106,Fortanete,0-16,2004,18
44106,Fortanete,16-64,2004,111
44106,Fortanete,65-100,2004,73
44106,Fortanete,0-16,2005,15
44106,Fortanete,16-64,2005,122
44106,Fortanete,65-100,2005,71
44106,Fortanete,0-16,2006,16
44106,Fortanete,16-64,2006,111
44106,Fortanete,65-100,2006,76
44106,Fortanete,0-16,2007,16
44106,Fortanete,16-64,2007,117
44106,Fortanete,65-100,2007,75
44106,Fortanete,0-16,2008,33
44106,Fortanete,16-64,2008,130
44106,Fortanete,65-100,2008,77
44106,Fortanete,0-16,2009,31
44106,Fortanete,16-64,2009,130
44106,Fortanete,65-100,2009,76
44106,Fortanete,0-16,2010,26
44106,Fortanete,16-64,2010,125
44106,Fortanete,65-100,2010,73
44106,Fortanete,0-16,2011,28
44106,Fortanete,16-64,2011,124
44106,Fortanete,65-100,2011,71
44106,Fortanete,0-16,2012,28
44106,Fortanete,16-64,2012,130
44106,Fortanete,65-100,2012,64
44106,Fortanete,0-16,2013,26
44106,Fortanete,16-64,2013,120
44106,Fortanete,65-100,2013,62
44106,Fortanete,0-16,2014,25
44106,Fortanete,16-64,2014,117
44106,Fortanete,65-100,2014,59
44106,Fortanete,0-16,2015,25
44106,Fortanete,16-64,2015,122
44106,Fortanete,65-100,2015,56
44106,Fortanete,0-16,2016,28
44106,Fortanete,16-64,2016,120
44106,Fortanete,65-100,2016,56
44106,Fortanete,0-16,2017,28
44106,Fortanete,16-64,2017,121
44106,Fortanete,65-100,2017,54
44106,Fortanete,0-16,2018,29
44106,Fortanete,16-64,2018,125
44106,Fortanete,65-100,2018,51
44106,Fortanete,0-16,2019,29
44106,Fortanete,16-64,2019,125
44106,Fortanete,65-100,2019,51
44106,Fortanete,0-16,2020,32
44106,Fortanete,16-64,2020,123
44106,Fortanete,65-100,2020,47
44106,Fortanete,0-16,2021,31
44106,Fortanete,16-64,2021,122
44106,Fortanete,65-100,2021,47
44106,Fortanete,0-16,2022,36
44106,Fortanete,16-64,2022,123
44106,Fortanete,65-100,2022,50
44106,Fortanete,0-16,2023,36
44106,Fortanete,16-64,2023,139
44106,Fortanete,65-100,2023,48
44106,Fortanete,0-16,2024,30
44106,Fortanete,16-64,2024,145
44106,Fortanete,65-100,2024,41
44106,Fortanete,0-16,2025,26
44106,Fortanete,16-64,2025,125
44106,Fortanete,65-100,2025,43
44107,Foz-Calanda,0-16,2003,37
44107,Foz-Calanda,16-64,2003,131
44107,Foz-Calanda,65-100,2003,95
44107,Foz-Calanda,0-16,2004,42
44107,Foz-Calanda,16-64,2004,143
44107,Foz-Calanda,65-100,2004,92
44107,Foz-Calanda,0-16,2005,49
44107,Foz-Calanda,16-64,2005,146
44107,Foz-Calanda,65-100,2005,94
44107,Foz-Calanda,0-16,2006,51
44107,Foz-Calanda,16-64,2006,156
44107,Foz-Calanda,65-100,2006,90
44107,Foz-Calanda,0-16,2007,43
44107,Foz-Calanda,16-64,2007,158
44107,Foz-Calanda,65-100,2007,88
44107,Foz-Calanda,0-16,2008,40
44107,Foz-Calanda,16-64,2008,174
44107,Foz-Calanda,65-100,2008,85
44107,Foz-Calanda,0-16,2009,41
44107,Foz-Calanda,16-64,2009,191
44107,Foz-Calanda,65-100,2009,87
44107,Foz-Calanda,0-16,2010,36
44107,Foz-Calanda,16-64,2010,177
44107,Foz-Calanda,65-100,2010,83
44107,Foz-Calanda,0-16,2011,42
44107,Foz-Calanda,16-64,2011,174
44107,Foz-Calanda,65-100,2011,77
44107,Foz-Calanda,0-16,2012,36
44107,Foz-Calanda,16-64,2012,168
44107,Foz-Calanda,65-100,2012,75
44107,Foz-Calanda,0-16,2013,33
44107,Foz-Calanda,16-64,2013,157
44107,Foz-Calanda,65-100,2013,79
44107,Foz-Calanda,0-16,2014,36
44107,Foz-Calanda,16-64,2014,154
44107,Foz-Calanda,65-100,2014,79
44107,Foz-Calanda,0-16,2015,32
44107,Foz-Calanda,16-64,2015,163
44107,Foz-Calanda,65-100,2015,74
44107,Foz-Calanda,0-16,2016,32
44107,Foz-Calanda,16-64,2016,161
44107,Foz-Calanda,65-100,2016,71
44107,Foz-Calanda,0-16,2017,30
44107,Foz-Calanda,16-64,2017,161
44107,Foz-Calanda,65-100,2017,69
44107,Foz-Calanda,0-16,2018,24
44107,Foz-Calanda,16-64,2018,148
44107,Foz-Calanda,65-100,2018,66
44107,Foz-Calanda,0-16,2019,25
44107,Foz-Calanda,16-64,2019,156
44107,Foz-Calanda,65-100,2019,64
44107,Foz-Calanda,0-16,2020,32
44107,Foz-Calanda,16-64,2020,166
44107,Foz-Calanda,65-100,2020,60
44107,Foz-Calanda,0-16,2021,39
44107,Foz-Calanda,16-64,2021,175
44107,Foz-Calanda,65-100,2021,57
44107,Foz-Calanda,0-16,2022,38
44107,Foz-Calanda,16-64,2022,176
44107,Foz-Calanda,65-100,2022,59
44107,Foz-Calanda,0-16,2023,39
44107,Foz-Calanda,16-64,2023,188
44107,Foz-Calanda,65-100,2023,55
44107,Foz-Calanda,0-16,2024,43
44107,Foz-Calanda,16-64,2024,182
44107,Foz-Calanda,65-100,2024,58
44107,Foz-Calanda,0-16,2025,37
44107,Foz-Calanda,16-64,2025,178
44107,Foz-Calanda,65-100,2025,65
44108,La Fresneda,0-16,2003,41
44108,La Fresneda,16-64,2003,242
44108,La Fresneda,65-100,2003,168
44108,La Fresneda,0-16,2004,41
44108,La Fresneda,16-64,2004,247
44108,La Fresneda,65-100,2004,163
44108,La Fresneda,0-16,2005,45
44108,La Fresneda,16-64,2005,267
44108,La Fresneda,65-100,2005,165
44108,La Fresneda,0-16,2006,43
44108,La Fresneda,16-64,2006,263
44108,La Fresneda,65-100,2006,156
44108,La Fresneda,0-16,2007,44
44108,La Fresneda,16-64,2007,271
44108,La Fresneda,65-100,2007,157
44108,La Fresneda,0-16,2008,49
44108,La Fresneda,16-64,2008,291
44108,La Fresneda,65-100,2008,150
44108,La Fresneda,0-16,2009,59
44108,La Fresneda,16-64,2009,293
44108,La Fresneda,65-100,2009,149
44108,La Fresneda,0-16,2010,62
44108,La Fresneda,16-64,2010,302
44108,La Fresneda,65-100,2010,147
44108,La Fresneda,0-16,2011,62
44108,La Fresneda,16-64,2011,291
44108,La Fresneda,65-100,2011,146
44108,La Fresneda,0-16,2012,58
44108,La Fresneda,16-64,2012,292
44108,La Fresneda,65-100,2012,136
44108,La Fresneda,0-16,2013,60
44108,La Fresneda,16-64,2013,299
44108,La Fresneda,65-100,2013,136
44108,La Fresneda,0-16,2014,56
44108,La Fresneda,16-64,2014,283
44108,La Fresneda,65-100,2014,129
44108,La Fresneda,0-16,2015,53
44108,La Fresneda,16-64,2015,291
44108,La Fresneda,65-100,2015,130
44108,La Fresneda,0-16,2016,58
44108,La Fresneda,16-64,2016,284
44108,La Fresneda,65-100,2016,128
44108,La Fresneda,0-16,2017,52
44108,La Fresneda,16-64,2017,263
44108,La Fresneda,65-100,2017,121
44108,La Fresneda,0-16,2018,48
44108,La Fresneda,16-64,2018,271
44108,La Fresneda,65-100,2018,124
44108,La Fresneda,0-16,2019,49
44108,La Fresneda,16-64,2019,268
44108,La Fresneda,65-100,2019,121
44108,La Fresneda,0-16,2020,50
44108,La Fresneda,16-64,2020,270
44108,La Fresneda,65-100,2020,123
44108,La Fresneda,0-16,2021,54
44108,La Fresneda,16-64,2021,284
44108,La Fresneda,65-100,2021,119
44108,La Fresneda,0-16,2022,51
44108,La Fresneda,16-64,2022,279
44108,La Fresneda,65-100,2022,132
44108,La Fresneda,0-16,2023,53
44108,La Fresneda,16-64,2023,272
44108,La Fresneda,65-100,2023,137
44108,La Fresneda,0-16,2024,48
44108,La Fresneda,16-64,2024,277
44108,La Fresneda,65-100,2024,131
44108,La Fresneda,0-16,2025,47
44108,La Fresneda,16-64,2025,279
44108,La Fresneda,65-100,2025,134
44109,Frías de Albarracín,0-16,2003,14
44109,Frías de Albarracín,16-64,2003,88
44109,Frías de Albarracín,65-100,2003,54
44109,Frías de Albarracín,0-16,2004,14
44109,Frías de Albarracín,16-64,2004,96
44109,Frías de Albarracín,65-100,2004,54
44109,Frías de Albarracín,0-16,2005,14
44109,Frías de Albarracín,16-64,2005,93
44109,Frías de Albarracín,65-100,2005,50
44109,Frías de Albarracín,0-16,2006,17
44109,Frías de Albarracín,16-64,2006,109
44109,Frías de Albarracín,65-100,2006,55
44109,Frías de Albarracín,0-16,2007,14
44109,Frías de Albarracín,16-64,2007,106
44109,Frías de Albarracín,65-100,2007,55
44109,Frías de Albarracín,0-16,2008,16
44109,Frías de Albarracín,16-64,2008,102
44109,Frías de Albarracín,65-100,2008,54
44109,Frías de Albarracín,0-16,2009,17
44109,Frías de Albarracín,16-64,2009,96
44109,Frías de Albarracín,65-100,2009,50
44109,Frías de Albarracín,0-16,2010,18
44109,Frías de Albarracín,16-64,2010,89
44109,Frías de Albarracín,65-100,2010,49
44109,Frías de Albarracín,0-16,2011,13
44109,Frías de Albarracín,16-64,2011,91
44109,Frías de Albarracín,65-100,2011,48
44109,Frías de Albarracín,0-16,2012,14
44109,Frías de Albarracín,16-64,2012,93
44109,Frías de Albarracín,65-100,2012,44
44109,Frías de Albarracín,0-16,2013,11
44109,Frías de Albarracín,16-64,2013,90
44109,Frías de Albarracín,65-100,2013,42
44109,Frías de Albarracín,0-16,2014,12
44109,Frías de Albarracín,16-64,2014,90
44109,Frías de Albarracín,65-100,2014,42
44109,Frías de Albarracín,0-16,2015,11
44109,Frías de Albarracín,16-64,2015,83
44109,Frías de Albarracín,65-100,2015,37
44109,Frías de Albarracín,0-16,2016,10
44109,Frías de Albarracín,16-64,2016,82
44109,Frías de Albarracín,65-100,2016,38
44109,Frías de Albarracín,0-16,2017,10
44109,Frías de Albarracín,16-64,2017,78
44109,Frías de Albarracín,65-100,2017,37
44109,Frías de Albarracín,0-16,2018,7
44109,Frías de Albarracín,16-64,2018,72
44109,Frías de Albarracín,65-100,2018,37
44109,Frías de Albarracín,0-16,2019,7
44109,Frías de Albarracín,16-64,2019,71
44109,Frías de Albarracín,65-100,2019,37
44109,Frías de Albarracín,0-16,2020,4
44109,Frías de Albarracín,16-64,2020,65
44109,Frías de Albarracín,65-100,2020,35
44109,Frías de Albarracín,0-16,2021,4
44109,Frías de Albarracín,16-64,2021,65
44109,Frías de Albarracín,65-100,2021,36
44109,Frías de Albarracín,0-16,2022,7
44109,Frías de Albarracín,16-64,2022,63
44109,Frías de Albarracín,65-100,2022,35
44109,Frías de Albarracín,0-16,2023,10
44109,Frías de Albarracín,16-64,2023,68
44109,Frías de Albarracín,65-100,2023,33
44109,Frías de Albarracín,0-16,2024,12
44109,Frías de Albarracín,16-64,2024,66
44109,Frías de Albarracín,65-100,2024,34
44109,Frías de Albarracín,0-16,2025,12
44109,Frías de Albarracín,16-64,2025,60
44109,Frías de Albarracín,65-100,2025,37
44110,Fuenferrada,0-16,2003,3
44110,Fuenferrada,16-64,2003,20
44110,Fuenferrada,65-100,2003,23
44110,Fuenferrada,0-16,2004,2
44110,Fuenferrada,16-64,2004,21
44110,Fuenferrada,65-100,2004,23
44110,Fuenferrada,0-16,2005,2
44110,Fuenferrada,16-64,2005,22
44110,Fuenferrada,65-100,2005,19
44110,Fuenferrada,0-16,2006,2
44110,Fuenferrada,16-64,2006,21
44110,Fuenferrada,65-100,2006,20
44110,Fuenferrada,0-16,2007,2
44110,Fuenferrada,16-64,2007,19
44110,Fuenferrada,65-100,2007,21
44110,Fuenferrada,0-16,2008,1
44110,Fuenferrada,16-64,2008,18
44110,Fuenferrada,65-100,2008,22
44110,Fuenferrada,0-16,2009,1
44110,Fuenferrada,16-64,2009,14
44110,Fuenferrada,65-100,2009,23
44110,Fuenferrada,0-16,2010,0
44110,Fuenferrada,16-64,2010,13
44110,Fuenferrada,65-100,2010,24
44110,Fuenferrada,0-16,2011,3
44110,Fuenferrada,16-64,2011,30
44110,Fuenferrada,65-100,2011,29
44110,Fuenferrada,0-16,2012,3
44110,Fuenferrada,16-64,2012,29
44110,Fuenferrada,65-100,2012,30
44110,Fuenferrada,0-16,2013,3
44110,Fuenferrada,16-64,2013,28
44110,Fuenferrada,65-100,2013,30
44110,Fuenferrada,0-16,2014,4
44110,Fuenferrada,16-64,2014,26
44110,Fuenferrada,65-100,2014,32
44110,Fuenferrada,0-16,2015,3
44110,Fuenferrada,16-64,2015,24
44110,Fuenferrada,65-100,2015,30
44110,Fuenferrada,0-16,2016,2
44110,Fuenferrada,16-64,2016,24
44110,Fuenferrada,65-100,2016,30
44110,Fuenferrada,0-16,2017,2
44110,Fuenferrada,16-64,2017,20
44110,Fuenferrada,65-100,2017,29
44110,Fuenferrada,0-16,2018,0
44110,Fuenferrada,16-64,2018,15
44110,Fuenferrada,65-100,2018,27
44110,Fuenferrada,0-16,2019,0
44110,Fuenferrada,16-64,2019,11
44110,Fuenferrada,65-100,2019,26
44110,Fuenferrada,0-16,2020,0
44110,Fuenferrada,16-64,2020,9
44110,Fuenferrada,65-100,2020,27
44110,Fuenferrada,0-16,2021,0
44110,Fuenferrada,16-64,2021,9
44110,Fuenferrada,65-100,2021,31
44110,Fuenferrada,0-16,2022,0
44110,Fuenferrada,16-64,2022,9
44110,Fuenferrada,65-100,2022,26
44110,Fuenferrada,0-16,2023,0
44110,Fuenferrada,16-64,2023,13
44110,Fuenferrada,65-100,2023,24
44110,Fuenferrada,0-16,2024,0
44110,Fuenferrada,16-64,2024,13
44110,Fuenferrada,65-100,2024,22
44110,Fuenferrada,0-16,2025,0
44110,Fuenferrada,16-64,2025,16
44110,Fuenferrada,65-100,2025,22
44111,Fuentes Calientes,0-16,2003,12
44111,Fuentes Calientes,16-64,2003,72
44111,Fuentes Calientes,65-100,2003,43
44111,Fuentes Calientes,0-16,2004,12
44111,Fuentes Calientes,16-64,2004,73
44111,Fuentes Calientes,65-100,2004,45
44111,Fuentes Calientes,0-16,2005,13
44111,Fuentes Calientes,16-64,2005,69
44111,Fuentes Calientes,65-100,2005,45
44111,Fuentes Calientes,0-16,2006,11
44111,Fuentes Calientes,16-64,2006,64
44111,Fuentes Calientes,65-100,2006,42
44111,Fuentes Calientes,0-16,2007,9
44111,Fuentes Calientes,16-64,2007,67
44111,Fuentes Calientes,65-100,2007,42
44111,Fuentes Calientes,0-16,2008,8
44111,Fuentes Calientes,16-64,2008,67
44111,Fuentes Calientes,65-100,2008,41
44111,Fuentes Calientes,0-16,2009,10
44111,Fuentes Calientes,16-64,2009,68
44111,Fuentes Calientes,65-100,2009,42
44111,Fuentes Calientes,0-16,2010,10
44111,Fuentes Calientes,16-64,2010,67
44111,Fuentes Calientes,65-100,2010,42
44111,Fuentes Calientes,0-16,2011,9
44111,Fuentes Calientes,16-64,2011,66
44111,Fuentes Calientes,65-100,2011,44
44111,Fuentes Calientes,0-16,2012,8
44111,Fuentes Calientes,16-64,2012,67
44111,Fuentes Calientes,65-100,2012,41
44111,Fuentes Calientes,0-16,2013,10
44111,Fuentes Calientes,16-64,2013,65
44111,Fuentes Calientes,65-100,2013,38
44111,Fuentes Calientes,0-16,2014,10
44111,Fuentes Calientes,16-64,2014,65
44111,Fuentes Calientes,65-100,2014,36
44111,Fuentes Calientes,0-16,2015,4
44111,Fuentes Calientes,16-64,2015,54
44111,Fuentes Calientes,65-100,2015,35
44111,Fuentes Calientes,0-16,2016,5
44111,Fuentes Calientes,16-64,2016,63
44111,Fuentes Calientes,65-100,2016,37
44111,Fuentes Calientes,0-16,2017,6
44111,Fuentes Calientes,16-64,2017,67
44111,Fuentes Calientes,65-100,2017,38
44111,Fuentes Calientes,0-16,2018,5
44111,Fuentes Calientes,16-64,2018,62
44111,Fuentes Calientes,65-100,2018,34
44111,Fuentes Calientes,0-16,2019,5
44111,Fuentes Calientes,16-64,2019,55
44111,Fuentes Calientes,65-100,2019,32
44111,Fuentes Calientes,0-16,2020,5
44111,Fuentes Calientes,16-64,2020,53
44111,Fuentes Calientes,65-100,2020,33
44111,Fuentes Calientes,0-16,2021,6
44111,Fuentes Calientes,16-64,2021,53
44111,Fuentes Calientes,65-100,2021,33
44111,Fuentes Calientes,0-16,2022,5
44111,Fuentes Calientes,16-64,2022,52
44111,Fuentes Calientes,65-100,2022,32
44111,Fuentes Calientes,0-16,2023,5
44111,Fuentes Calientes,16-64,2023,45
44111,Fuentes Calientes,65-100,2023,34
44111,Fuentes Calientes,0-16,2024,5
44111,Fuentes Calientes,16-64,2024,48
44111,Fuentes Calientes,65-100,2024,33
44111,Fuentes Calientes,0-16,2025,7
44111,Fuentes Calientes,16-64,2025,51
44111,Fuentes Calientes,65-100,2025,31
44112,Fuentes Claras,0-16,2003,43
44112,Fuentes Claras,16-64,2003,312
44112,Fuentes Claras,65-100,2003,234
44112,Fuentes Claras,0-16,2004,41
44112,Fuentes Claras,16-64,2004,296
44112,Fuentes Claras,65-100,2004,234
44112,Fuentes Claras,0-16,2005,44
44112,Fuentes Claras,16-64,2005,327
44112,Fuentes Claras,65-100,2005,237
44112,Fuentes Claras,0-16,2006,49
44112,Fuentes Claras,16-64,2006,352
44112,Fuentes Claras,65-100,2006,240
44112,Fuentes Claras,0-16,2007,47
44112,Fuentes Claras,16-64,2007,321
44112,Fuentes Claras,65-100,2007,237
44112,Fuentes Claras,0-16,2008,56
44112,Fuentes Claras,16-64,2008,394
44112,Fuentes Claras,65-100,2008,223
44112,Fuentes Claras,0-16,2009,57
44112,Fuentes Claras,16-64,2009,387
44112,Fuentes Claras,65-100,2009,219
44112,Fuentes Claras,0-16,2010,54
44112,Fuentes Claras,16-64,2010,319
44112,Fuentes Claras,65-100,2010,217
44112,Fuentes Claras,0-16,2011,51
44112,Fuentes Claras,16-64,2011,311
44112,Fuentes Claras,65-100,2011,220
44112,Fuentes Claras,0-16,2012,50
44112,Fuentes Claras,16-64,2012,301
44112,Fuentes Claras,65-100,2012,225
44112,Fuentes Claras,0-16,2013,58
44112,Fuentes Claras,16-64,2013,278
44112,Fuentes Claras,65-100,2013,217
44112,Fuentes Claras,0-16,2014,52
44112,Fuentes Claras,16-64,2014,264
44112,Fuentes Claras,65-100,2014,215
44112,Fuentes Claras,0-16,2015,46
44112,Fuentes Claras,16-64,2015,268
44112,Fuentes Claras,65-100,2015,214
44112,Fuentes Claras,0-16,2016,37
44112,Fuentes Claras,16-64,2016,255
44112,Fuentes Claras,65-100,2016,202
44112,Fuentes Claras,0-16,2017,35
44112,Fuentes Claras,16-64,2017,247
44112,Fuentes Claras,65-100,2017,200
44112,Fuentes Claras,0-16,2018,33
44112,Fuentes Claras,16-64,2018,238
44112,Fuentes Claras,65-100,2018,190
44112,Fuentes Claras,0-16,2019,38
44112,Fuentes Claras,16-64,2019,236
44112,Fuentes Claras,65-100,2019,187
44112,Fuentes Claras,0-16,2020,35
44112,Fuentes Claras,16-64,2020,233
44112,Fuentes Claras,65-100,2020,177
44112,Fuentes Claras,0-16,2021,37
44112,Fuentes Claras,16-64,2021,229
44112,Fuentes Claras,65-100,2021,167
44112,Fuentes Claras,0-16,2022,41
44112,Fuentes Claras,16-64,2022,234
44112,Fuentes Claras,65-100,2022,159
44112,Fuentes Claras,0-16,2023,37
44112,Fuentes Claras,16-64,2023,243
44112,Fuentes Claras,65-100,2023,156
44112,Fuentes Claras,0-16,2024,42
44112,Fuentes Claras,16-64,2024,234
44112,Fuentes Claras,65-100,2024,157
44112,Fuentes Claras,0-16,2025,36
44112,Fuentes Claras,16-64,2025,227
44112,Fuentes Claras,65-100,2025,164
44113,Fuentes de Rubielos,0-16,2003,23
44113,Fuentes de Rubielos,16-64,2003,62
44113,Fuentes de Rubielos,65-100,2003,23
44113,Fuentes de Rubielos,0-16,2004,25
44113,Fuentes de Rubielos,16-64,2004,72
44113,Fuentes de Rubielos,65-100,2004,22
44113,Fuentes de Rubielos,0-16,2005,29
44113,Fuentes de Rubielos,16-64,2005,66
44113,Fuentes de Rubielos,65-100,2005,22
44113,Fuentes de Rubielos,0-16,2006,24
44113,Fuentes de Rubielos,16-64,2006,80
44113,Fuentes de Rubielos,65-100,2006,22
44113,Fuentes de Rubielos,0-16,2007,22
44113,Fuentes de Rubielos,16-64,2007,80
44113,Fuentes de Rubielos,65-100,2007,22
44113,Fuentes de Rubielos,0-16,2008,26
44113,Fuentes de Rubielos,16-64,2008,80
44113,Fuentes de Rubielos,65-100,2008,21
44113,Fuentes de Rubielos,0-16,2009,24
44113,Fuentes de Rubielos,16-64,2009,89
44113,Fuentes de Rubielos,65-100,2009,24
44113,Fuentes de Rubielos,0-16,2010,25
44113,Fuentes de Rubielos,16-64,2010,79
44113,Fuentes de Rubielos,65-100,2010,23
44113,Fuentes de Rubielos,0-16,2011,24
44113,Fuentes de Rubielos,16-64,2011,87
44113,Fuentes de Rubielos,65-100,2011,23
44113,Fuentes de Rubielos,0-16,2012,26
44113,Fuentes de Rubielos,16-64,2012,80
44113,Fuentes de Rubielos,65-100,2012,19
44113,Fuentes de Rubielos,0-16,2013,27
44113,Fuentes de Rubielos,16-64,2013,86
44113,Fuentes de Rubielos,65-100,2013,15
44113,Fuentes de Rubielos,0-16,2014,26
44113,Fuentes de Rubielos,16-64,2014,79
44113,Fuentes de Rubielos,65-100,2014,16
44113,Fuentes de Rubielos,0-16,2015,27
44113,Fuentes de Rubielos,16-64,2015,79
44113,Fuentes de Rubielos,65-100,2015,15
44113,Fuentes de Rubielos,0-16,2016,21
44113,Fuentes de Rubielos,16-64,2016,80
44113,Fuentes de Rubielos,65-100,2016,13
44113,Fuentes de Rubielos,0-16,2017,23
44113,Fuentes de Rubielos,16-64,2017,77
44113,Fuentes de Rubielos,65-100,2017,12
44113,Fuentes de Rubielos,0-16,2018,23
44113,Fuentes de Rubielos,16-64,2018,79
44113,Fuentes de Rubielos,65-100,2018,12
44113,Fuentes de Rubielos,0-16,2019,25
44113,Fuentes de Rubielos,16-64,2019,81
44113,Fuentes de Rubielos,65-100,2019,12
44113,Fuentes de Rubielos,0-16,2020,26
44113,Fuentes de Rubielos,16-64,2020,86
44113,Fuentes de Rubielos,65-100,2020,12
44113,Fuentes de Rubielos,0-16,2021,38
44113,Fuentes de Rubielos,16-64,2021,100
44113,Fuentes de Rubielos,65-100,2021,16
44113,Fuentes de Rubielos,0-16,2022,38
44113,Fuentes de Rubielos,16-64,2022,106
44113,Fuentes de Rubielos,65-100,2022,16
44113,Fuentes de Rubielos,0-16,2023,39
44113,Fuentes de Rubielos,16-64,2023,112
44113,Fuentes de Rubielos,65-100,2023,17
44113,Fuentes de Rubielos,0-16,2024,34
44113,Fuentes de Rubielos,16-64,2024,101
44113,Fuentes de Rubielos,65-100,2024,20
44113,Fuentes de Rubielos,0-16,2025,29
44113,Fuentes de Rubielos,16-64,2025,97
44113,Fuentes de Rubielos,65-100,2025,20
44114,Fuentespalda,0-16,2003,36
44114,Fuentespalda,16-64,2003,205
44114,Fuentespalda,65-100,2003,112
44114,Fuentespalda,0-16,2004,37
44114,Fuentespalda,16-64,2004,219
44114,Fuentespalda,65-100,2004,112
44114,Fuentespalda,0-16,2005,42
44114,Fuentespalda,16-64,2005,234
44114,Fuentespalda,65-100,2005,108
44114,Fuentespalda,0-16,2006,31
44114,Fuentespalda,16-64,2006,213
44114,Fuentespalda,65-100,2006,103
44114,Fuentespalda,0-16,2007,30
44114,Fuentespalda,16-64,2007,209
44114,Fuentespalda,65-100,2007,103
44114,Fuentespalda,0-16,2008,31
44114,Fuentespalda,16-64,2008,208
44114,Fuentespalda,65-100,2008,106
44114,Fuentespalda,0-16,2009,32
44114,Fuentespalda,16-64,2009,208
44114,Fuentespalda,65-100,2009,102
44114,Fuentespalda,0-16,2010,32
44114,Fuentespalda,16-64,2010,203
44114,Fuentespalda,65-100,2010,106
44114,Fuentespalda,0-16,2011,33
44114,Fuentespalda,16-64,2011,191
44114,Fuentespalda,65-100,2011,102
44114,Fuentespalda,0-16,2012,32
44114,Fuentespalda,16-64,2012,189
44114,Fuentespalda,65-100,2012,96
44114,Fuentespalda,0-16,2013,28
44114,Fuentespalda,16-64,2013,180
44114,Fuentespalda,65-100,2013,100
44114,Fuentespalda,0-16,2014,24
44114,Fuentespalda,16-64,2014,174
44114,Fuentespalda,65-100,2014,101
44114,Fuentespalda,0-16,2015,23
44114,Fuentespalda,16-64,2015,166
44114,Fuentespalda,65-100,2015,96
44114,Fuentespalda,0-16,2016,22
44114,Fuentespalda,16-64,2016,168
44114,Fuentespalda,65-100,2016,101
44114,Fuentespalda,0-16,2017,27
44114,Fuentespalda,16-64,2017,168
44114,Fuentespalda,65-100,2017,103
44114,Fuentespalda,0-16,2018,23
44114,Fuentespalda,16-64,2018,161
44114,Fuentespalda,65-100,2018,102
44114,Fuentespalda,0-16,2019,25
44114,Fuentespalda,16-64,2019,154
44114,Fuentespalda,65-100,2019,105
44114,Fuentespalda,0-16,2020,23
44114,Fuentespalda,16-64,2020,155
44114,Fuentespalda,65-100,2020,104
44114,Fuentespalda,0-16,2021,24
44114,Fuentespalda,16-64,2021,167
44114,Fuentespalda,65-100,2021,102
44114,Fuentespalda,0-16,2022,25
44114,Fuentespalda,16-64,2022,165
44114,Fuentespalda,65-100,2022,103
44114,Fuentespalda,0-16,2023,23
44114,Fuentespalda,16-64,2023,167
44114,Fuentespalda,65-100,2023,97
44114,Fuentespalda,0-16,2024,22
44114,Fuentespalda,16-64,2024,176
44114,Fuentespalda,65-100,2024,95
44114,Fuentespalda,0-16,2025,26
44114,Fuentespalda,16-64,2025,176
44114,Fuentespalda,65-100,2025,104
44115,Galve,0-16,2003,12
44115,Galve,16-64,2003,78
44115,Galve,65-100,2003,57
44115,Galve,0-16,2004,12
44115,Galve,16-64,2004,74
44115,Galve,65-100,2004,55
44115,Galve,0-16,2005,18
44115,Galve,16-64,2005,80
44115,Galve,65-100,2005,55
44115,Galve,0-16,2006,18
44115,Galve,16-64,2006,75
44115,Galve,65-100,2006,52
44115,Galve,0-16,2007,14
44115,Galve,16-64,2007,72
44115,Galve,65-100,2007,50
44115,Galve,0-16,2008,13
44115,Galve,16-64,2008,71
44115,Galve,65-100,2008,52
44115,Galve,0-16,2009,16
44115,Galve,16-64,2009,76
44115,Galve,65-100,2009,52
44115,Galve,0-16,2010,22
44115,Galve,16-64,2010,81
44115,Galve,65-100,2010,51
44115,Galve,0-16,2011,23
44115,Galve,16-64,2011,78
44115,Galve,65-100,2011,50
44115,Galve,0-16,2012,31
44115,Galve,16-64,2012,89
44115,Galve,65-100,2012,50
44115,Galve,0-16,2013,32
44115,Galve,16-64,2013,91
44115,Galve,65-100,2013,45
44115,Galve,0-16,2014,32
44115,Galve,16-64,2014,89
44115,Galve,65-100,2014,43
44115,Galve,0-16,2015,32
44115,Galve,16-64,2015,91
44115,Galve,65-100,2015,44
44115,Galve,0-16,2016,31
44115,Galve,16-64,2016,90
44115,Galve,65-100,2016,38
44115,Galve,0-16,2017,32
44115,Galve,16-64,2017,94
44115,Galve,65-100,2017,36
44115,Galve,0-16,2018,26
44115,Galve,16-64,2018,101
44115,Galve,65-100,2018,34
44115,Galve,0-16,2019,29
44115,Galve,16-64,2019,101
44115,Galve,65-100,2019,32
44115,Galve,0-16,2020,27
44115,Galve,16-64,2020,100
44115,Galve,65-100,2020,33
44115,Galve,0-16,2021,24
44115,Galve,16-64,2021,104
44115,Galve,65-100,2021,35
44115,Galve,0-16,2022,21
44115,Galve,16-64,2022,97
44115,Galve,65-100,2022,32
44115,Galve,0-16,2023,20
44115,Galve,16-64,2023,94
44115,Galve,65-100,2023,30
44115,Galve,0-16,2024,18
44115,Galve,16-64,2024,96
44115,Galve,65-100,2024,30
44115,Galve,0-16,2025,17
44115,Galve,16-64,2025,100
44115,Galve,65-100,2025,31
44116,Gargallo,0-16,2003,14
44116,Gargallo,16-64,2003,68
44116,Gargallo,65-100,2003,35
44116,Gargallo,0-16,2004,15
44116,Gargallo,16-64,2004,64
44116,Gargallo,65-100,2004,33
44116,Gargallo,0-16,2005,10
44116,Gargallo,16-64,2005,62
44116,Gargallo,65-100,2005,31
44116,Gargallo,0-16,2006,10
44116,Gargallo,16-64,2006,61
44116,Gargallo,65-100,2006,30
44116,Gargallo,0-16,2007,11
44116,Gargallo,16-64,2007,65
44116,Gargallo,65-100,2007,29
44116,Gargallo,0-16,2008,13
44116,Gargallo,16-64,2008,63
44116,Gargallo,65-100,2008,30
44116,Gargallo,0-16,2009,12
44116,Gargallo,16-64,2009,59
44116,Gargallo,65-100,2009,31
44116,Gargallo,0-16,2010,17
44116,Gargallo,16-64,2010,70
44116,Gargallo,65-100,2010,31
44116,Gargallo,0-16,2011,21
44116,Gargallo,16-64,2011,70
44116,Gargallo,65-100,2011,34
44116,Gargallo,0-16,2012,22
44116,Gargallo,16-64,2012,68
44116,Gargallo,65-100,2012,32
44116,Gargallo,0-16,2013,21
44116,Gargallo,16-64,2013,67
44116,Gargallo,65-100,2013,34
44116,Gargallo,0-16,2014,18
44116,Gargallo,16-64,2014,62
44116,Gargallo,65-100,2014,30
44116,Gargallo,0-16,2015,16
44116,Gargallo,16-64,2015,57
44116,Gargallo,65-100,2015,30
44116,Gargallo,0-16,2016,13
44116,Gargallo,16-64,2016,57
44116,Gargallo,65-100,2016,32
44116,Gargallo,0-16,2017,14
44116,Gargallo,16-64,2017,60
44116,Gargallo,65-100,2017,27
44116,Gargallo,0-16,2018,9
44116,Gargallo,16-64,2018,53
44116,Gargallo,65-100,2018,27
44116,Gargallo,0-16,2019,9
44116,Gargallo,16-64,2019,55
44116,Gargallo,65-100,2019,29
44116,Gargallo,0-16,2020,9
44116,Gargallo,16-64,2020,61
44116,Gargallo,65-100,2020,27
44116,Gargallo,0-16,2021,11
44116,Gargallo,16-64,2021,59
44116,Gargallo,65-100,2021,28
44116,Gargallo,0-16,2022,10
44116,Gargallo,16-64,2022,58
44116,Gargallo,65-100,2022,30
44116,Gargallo,0-16,2023,9
44116,Gargallo,16-64,2023,51
44116,Gargallo,65-100,2023,31
44116,Gargallo,0-16,2024,5
44116,Gargallo,16-64,2024,53
44116,Gargallo,65-100,2024,29
44116,Gargallo,0-16,2025,5
44116,Gargallo,16-64,2025,51
44116,Gargallo,65-100,2025,31
44117,Gea de Albarracín,0-16,2003,33
44117,Gea de Albarracín,16-64,2003,233
44117,Gea de Albarracín,65-100,2003,177
44117,Gea de Albarracín,0-16,2004,30
44117,Gea de Albarracín,16-64,2004,226
44117,Gea de Albarracín,65-100,2004,178
44117,Gea de Albarracín,0-16,2005,31
44117,Gea de Albarracín,16-64,2005,215
44117,Gea de Albarracín,65-100,2005,178
44117,Gea de Albarracín,0-16,2006,27
44117,Gea de Albarracín,16-64,2006,229
44117,Gea de Albarracín,65-100,2006,179
44117,Gea de Albarracín,0-16,2007,34
44117,Gea de Albarracín,16-64,2007,251
44117,Gea de Albarracín,65-100,2007,172
44117,Gea de Albarracín,0-16,2008,34
44117,Gea de Albarracín,16-64,2008,249
44117,Gea de Albarracín,65-100,2008,164
44117,Gea de Albarracín,0-16,2009,35
44117,Gea de Albarracín,16-64,2009,246
44117,Gea de Albarracín,65-100,2009,161
44117,Gea de Albarracín,0-16,2010,29
44117,Gea de Albarracín,16-64,2010,242
44117,Gea de Albarracín,65-100,2010,159
44117,Gea de Albarracín,0-16,2011,30
44117,Gea de Albarracín,16-64,2011,233
44117,Gea de Albarracín,65-100,2011,152
44117,Gea de Albarracín,0-16,2012,29
44117,Gea de Albarracín,16-64,2012,227
44117,Gea de Albarracín,65-100,2012,149
44117,Gea de Albarracín,0-16,2013,37
44117,Gea de Albarracín,16-64,2013,226
44117,Gea de Albarracín,65-100,2013,147
44117,Gea de Albarracín,0-16,2014,30
44117,Gea de Albarracín,16-64,2014,225
44117,Gea de Albarracín,65-100,2014,142
44117,Gea de Albarracín,0-16,2015,27
44117,Gea de Albarracín,16-64,2015,219
44117,Gea de Albarracín,65-100,2015,141
44117,Gea de Albarracín,0-16,2016,28
44117,Gea de Albarracín,16-64,2016,208
44117,Gea de Albarracín,65-100,2016,138
44117,Gea de Albarracín,0-16,2017,31
44117,Gea de Albarracín,16-64,2017,211
44117,Gea de Albarracín,65-100,2017,130
44117,Gea de Albarracín,0-16,2018,30
44117,Gea de Albarracín,16-64,2018,217
44117,Gea de Albarracín,65-100,2018,129
44117,Gea de Albarracín,0-16,2019,31
44117,Gea de Albarracín,16-64,2019,206
44117,Gea de Albarracín,65-100,2019,123
44117,Gea de Albarracín,0-16,2020,28
44117,Gea de Albarracín,16-64,2020,218
44117,Gea de Albarracín,65-100,2020,124
44117,Gea de Albarracín,0-16,2021,27
44117,Gea de Albarracín,16-64,2021,229
44117,Gea de Albarracín,65-100,2021,122
44117,Gea de Albarracín,0-16,2022,30
44117,Gea de Albarracín,16-64,2022,255
44117,Gea de Albarracín,65-100,2022,149
44117,Gea de Albarracín,0-16,2023,32
44117,Gea de Albarracín,16-64,2023,260
44117,Gea de Albarracín,65-100,2023,158
44117,Gea de Albarracín,0-16,2024,37
44117,Gea de Albarracín,16-64,2024,265
44117,Gea de Albarracín,65-100,2024,164
44117,Gea de Albarracín,0-16,2025,31
44117,Gea de Albarracín,16-64,2025,272
44117,Gea de Albarracín,65-100,2025,155
44118,La Ginebrosa,0-16,2003,21
44118,La Ginebrosa,16-64,2003,135
44118,La Ginebrosa,65-100,2003,90
44118,La Ginebrosa,0-16,2004,22
44118,La Ginebrosa,16-64,2004,130
44118,La Ginebrosa,65-100,2004,88
44118,La Ginebrosa,0-16,2005,20
44118,La Ginebrosa,16-64,2005,133
44118,La Ginebrosa,65-100,2005,81
44118,La Ginebrosa,0-16,2006,19
44118,La Ginebrosa,16-64,2006,145
44118,La Ginebrosa,65-100,2006,75
44118,La Ginebrosa,0-16,2007,20
44118,La Ginebrosa,16-64,2007,145
44118,La Ginebrosa,65-100,2007,74
44118,La Ginebrosa,0-16,2008,23
44118,La Ginebrosa,16-64,2008,148
44118,La Ginebrosa,65-100,2008,76
44118,La Ginebrosa,0-16,2009,20
44118,La Ginebrosa,16-64,2009,132
44118,La Ginebrosa,65-100,2009,72
44118,La Ginebrosa,0-16,2010,27
44118,La Ginebrosa,16-64,2010,131
44118,La Ginebrosa,65-100,2010,71
44118,La Ginebrosa,0-16,2011,29
44118,La Ginebrosa,16-64,2011,131
44118,La Ginebrosa,65-100,2011,70
44118,La Ginebrosa,0-16,2012,25
44118,La Ginebrosa,16-64,2012,122
44118,La Ginebrosa,65-100,2012,69
44118,La Ginebrosa,0-16,2013,26
44118,La Ginebrosa,16-64,2013,124
44118,La Ginebrosa,65-100,2013,66
44118,La Ginebrosa,0-16,2014,23
44118,La Ginebrosa,16-64,2014,115
44118,La Ginebrosa,65-100,2014,68
44118,La Ginebrosa,0-16,2015,24
44118,La Ginebrosa,16-64,2015,112
44118,La Ginebrosa,65-100,2015,67
44118,La Ginebrosa,0-16,2016,26
44118,La Ginebrosa,16-64,2016,107
44118,La Ginebrosa,65-100,2016,66
44118,La Ginebrosa,0-16,2017,27
44118,La Ginebrosa,16-64,2017,108
44118,La Ginebrosa,65-100,2017,62
44118,La Ginebrosa,0-16,2018,26
44118,La Ginebrosa,16-64,2018,109
44118,La Ginebrosa,65-100,2018,65
44118,La Ginebrosa,0-16,2019,24
44118,La Ginebrosa,16-64,2019,109
44118,La Ginebrosa,65-100,2019,61
44118,La Ginebrosa,0-16,2020,24
44118,La Ginebrosa,16-64,2020,115
44118,La Ginebrosa,65-100,2020,58
44118,La Ginebrosa,0-16,2021,28
44118,La Ginebrosa,16-64,2021,116
44118,La Ginebrosa,65-100,2021,57
44118,La Ginebrosa,0-16,2022,31
44118,La Ginebrosa,16-64,2022,111
44118,La Ginebrosa,65-100,2022,58
44118,La Ginebrosa,0-16,2023,26
44118,La Ginebrosa,16-64,2023,109
44118,La Ginebrosa,65-100,2023,56
44118,La Ginebrosa,0-16,2024,26
44118,La Ginebrosa,16-64,2024,112
44118,La Ginebrosa,65-100,2024,57
44118,La Ginebrosa,0-16,2025,23
44118,La Ginebrosa,16-64,2025,106
44118,La Ginebrosa,65-100,2025,59
44119,Griegos,0-16,2003,9
44119,Griegos,16-64,2003,74
44119,Griegos,65-100,2003,49
44119,Griegos,0-16,2004,7
44119,Griegos,16-64,2004,81
44119,Griegos,65-100,2004,49
44119,Griegos,0-16,2005,5
44119,Griegos,16-64,2005,84
44119,Griegos,65-100,2005,46
44119,Griegos,0-16,2006,9
44119,Griegos,16-64,2006,81
44119,Griegos,65-100,2006,46
44119,Griegos,0-16,2007,9
44119,Griegos,16-64,2007,90
44119,Griegos,65-100,2007,45
44119,Griegos,0-16,2008,12
44119,Griegos,16-64,2008,86
44119,Griegos,65-100,2008,46
44119,Griegos,0-16,2009,11
44119,Griegos,16-64,2009,84
44119,Griegos,65-100,2009,45
44119,Griegos,0-16,2010,11
44119,Griegos,16-64,2010,83
44119,Griegos,65-100,2010,40
44119,Griegos,0-16,2011,13
44119,Griegos,16-64,2011,89
44119,Griegos,65-100,2011,39
44119,Griegos,0-16,2012,12
44119,Griegos,16-64,2012,90
44119,Griegos,65-100,2012,41
44119,Griegos,0-16,2013,10
44119,Griegos,16-64,2013,85
44119,Griegos,65-100,2013,44
44119,Griegos,0-16,2014,10
44119,Griegos,16-64,2014,86
44119,Griegos,65-100,2014,46
44119,Griegos,0-16,2015,14
44119,Griegos,16-64,2015,92
44119,Griegos,65-100,2015,51
44119,Griegos,0-16,2016,16
44119,Griegos,16-64,2016,97
44119,Griegos,65-100,2016,47
44119,Griegos,0-16,2017,14
44119,Griegos,16-64,2017,92
44119,Griegos,65-100,2017,45
44119,Griegos,0-16,2018,11
44119,Griegos,16-64,2018,89
44119,Griegos,65-100,2018,43
44119,Griegos,0-16,2019,10
44119,Griegos,16-64,2019,80
44119,Griegos,65-100,2019,46
44119,Griegos,0-16,2020,10
44119,Griegos,16-64,2020,78
44119,Griegos,65-100,2020,50
44119,Griegos,0-16,2021,9
44119,Griegos,16-64,2021,72
44119,Griegos,65-100,2021,57
44119,Griegos,0-16,2022,10
44119,Griegos,16-64,2022,75
44119,Griegos,65-100,2022,55
44119,Griegos,0-16,2023,10
44119,Griegos,16-64,2023,68
44119,Griegos,65-100,2023,62
44119,Griegos,0-16,2024,9
44119,Griegos,16-64,2024,75
44119,Griegos,65-100,2024,59
44119,Griegos,0-16,2025,17
44119,Griegos,16-64,2025,80
44119,Griegos,65-100,2025,55
44120,Guadalaviar,0-16,2003,36
44120,Guadalaviar,16-64,2003,149
44120,Guadalaviar,65-100,2003,87
44120,Guadalaviar,0-16,2004,36
44120,Guadalaviar,16-64,2004,150
44120,Guadalaviar,65-100,2004,87
44120,Guadalaviar,0-16,2005,37
44120,Guadalaviar,16-64,2005,151
44120,Guadalaviar,65-100,2005,86
44120,Guadalaviar,0-16,2006,35
44120,Guadalaviar,16-64,2006,153
44120,Guadalaviar,65-100,2006,87
44120,Guadalaviar,0-16,2007,35
44120,Guadalaviar,16-64,2007,149
44120,Guadalaviar,65-100,2007,86
44120,Guadalaviar,0-16,2008,32
44120,Guadalaviar,16-64,2008,150
44120,Guadalaviar,65-100,2008,81
44120,Guadalaviar,0-16,2009,30
44120,Guadalaviar,16-64,2009,152
44120,Guadalaviar,65-100,2009,70
44120,Guadalaviar,0-16,2010,30
44120,Guadalaviar,16-64,2010,149
44120,Guadalaviar,65-100,2010,64
44120,Guadalaviar,0-16,2011,30
44120,Guadalaviar,16-64,2011,154
44120,Guadalaviar,65-100,2011,63
44120,Guadalaviar,0-16,2012,28
44120,Guadalaviar,16-64,2012,146
44120,Guadalaviar,65-100,2012,62
44120,Guadalaviar,0-16,2013,25
44120,Guadalaviar,16-64,2013,155
44120,Guadalaviar,65-100,2013,65
44120,Guadalaviar,0-16,2014,22
44120,Guadalaviar,16-64,2014,157
44120,Guadalaviar,65-100,2014,69
44120,Guadalaviar,0-16,2015,22
44120,Guadalaviar,16-64,2015,166
44120,Guadalaviar,65-100,2015,59
44120,Guadalaviar,0-16,2016,19
44120,Guadalaviar,16-64,2016,166
44120,Guadalaviar,65-100,2016,60
44120,Guadalaviar,0-16,2017,18
44120,Guadalaviar,16-64,2017,168
44120,Guadalaviar,65-100,2017,55
44120,Guadalaviar,0-16,2018,16
44120,Guadalaviar,16-64,2018,172
44120,Guadalaviar,65-100,2018,54
44120,Guadalaviar,0-16,2019,20
44120,Guadalaviar,16-64,2019,167
44120,Guadalaviar,65-100,2019,54
44120,Guadalaviar,0-16,2020,21
44120,Guadalaviar,16-64,2020,166
44120,Guadalaviar,65-100,2020,57
44120,Guadalaviar,0-16,2021,25
44120,Guadalaviar,16-64,2021,169
44120,Guadalaviar,65-100,2021,59
44120,Guadalaviar,0-16,2022,24
44120,Guadalaviar,16-64,2022,166
44120,Guadalaviar,65-100,2022,59
44120,Guadalaviar,0-16,2023,24
44120,Guadalaviar,16-64,2023,161
44120,Guadalaviar,65-100,2023,57
44120,Guadalaviar,0-16,2024,20
44120,Guadalaviar,16-64,2024,162
44120,Guadalaviar,65-100,2024,61
44120,Guadalaviar,0-16,2025,21
44120,Guadalaviar,16-64,2025,155
44120,Guadalaviar,65-100,2025,64
44121,Gúdar,0-16,2003,8
44121,Gúdar,16-64,2003,47
44121,Gúdar,65-100,2003,26
44121,Gúdar,0-16,2004,5
44121,Gúdar,16-64,2004,47
44121,Gúdar,65-100,2004,28
44121,Gúdar,0-16,2005,13
44121,Gúdar,16-64,2005,58
44121,Gúdar,65-100,2005,29
44121,Gúdar,0-16,2006,15
44121,Gúdar,16-64,2006,57
44121,Gúdar,65-100,2006,29
44121,Gúdar,0-16,2007,17
44121,Gúdar,16-64,2007,58
44121,Gúdar,65-100,2007,26
44121,Gúdar,0-16,2008,21
44121,Gúdar,16-64,2008,61
44121,Gúdar,65-100,2008,25
44121,Gúdar,0-16,2009,11
44121,Gúdar,16-64,2009,53
44121,Gúdar,65-100,2009,23
44121,Gúdar,0-16,2010,7
44121,Gúdar,16-64,2010,53
44121,Gúdar,65-100,2010,24
44121,Gúdar,0-16,2011,9
44121,Gúdar,16-64,2011,52
44121,Gúdar,65-100,2011,21
44121,Gúdar,0-16,2012,11
44121,Gúdar,16-64,2012,48
44121,Gúdar,65-100,2012,18
44121,Gúdar,0-16,2013,16
44121,Gúdar,16-64,2013,48
44121,Gúdar,65-100,2013,20
44121,Gúdar,0-16,2014,14
44121,Gúdar,16-64,2014,42
44121,Gúdar,65-100,2014,20
44121,Gúdar,0-16,2015,13
44121,Gúdar,16-64,2015,44
44121,Gúdar,65-100,2015,20
44121,Gúdar,0-16,2016,12
44121,Gúdar,16-64,2016,41
44121,Gúdar,65-100,2016,20
44121,Gúdar,0-16,2017,16
44121,Gúdar,16-64,2017,46
44121,Gúdar,65-100,2017,19
44121,Gúdar,0-16,2018,12
44121,Gúdar,16-64,2018,42
44121,Gúdar,65-100,2018,18
44121,Gúdar,0-16,2019,13
44121,Gúdar,16-64,2019,49
44121,Gúdar,65-100,2019,14
44121,Gúdar,0-16,2020,13
44121,Gúdar,16-64,2020,50
44121,Gúdar,65-100,2020,14
44121,Gúdar,0-16,2021,15
44121,Gúdar,16-64,2021,47
44121,Gúdar,65-100,2021,17
44121,Gúdar,0-16,2022,13
44121,Gúdar,16-64,2022,43
44121,Gúdar,65-100,2022,17
44121,Gúdar,0-16,2023,13
44121,Gúdar,16-64,2023,42
44121,Gúdar,65-100,2023,15
44121,Gúdar,0-16,2024,14
44121,Gúdar,16-64,2024,45
44121,Gúdar,65-100,2024,15
44121,Gúdar,0-16,2025,15
44121,Gúdar,16-64,2025,43
44121,Gúdar,65-100,2025,15
44122,Híjar,0-16,2003,239
44122,Híjar,16-64,2003,1055
44122,Híjar,65-100,2003,589
44122,Híjar,0-16,2004,247
44122,Híjar,16-64,2004,1074
44122,Híjar,65-100,2004,586
44122,Híjar,0-16,2005,253
44122,Híjar,16-64,2005,1083
44122,Híjar,65-100,2005,576
44122,Híjar,0-16,2006,252
44122,Híjar,16-64,2006,1073
44122,Híjar,65-100,2006,573
44122,Híjar,0-16,2007,257
44122,Híjar,16-64,2007,1148
44122,Híjar,65-100,2007,563
44122,Híjar,0-16,2008,246
44122,Híjar,16-64,2008,1133
44122,Híjar,65-100,2008,549
44122,Híjar,0-16,2009,259
44122,Híjar,16-64,2009,1112
44122,Híjar,65-100,2009,529
44122,Híjar,0-16,2010,255
44122,Híjar,16-64,2010,1116
44122,Híjar,65-100,2010,528
44122,Híjar,0-16,2011,250
44122,Híjar,16-64,2011,1093
44122,Híjar,65-100,2011,529
44122,Híjar,0-16,2012,241
44122,Híjar,16-64,2012,1050
44122,Híjar,65-100,2012,515
44122,Híjar,0-16,2013,237
44122,Híjar,16-64,2013,1034
44122,Híjar,65-100,2013,503
44122,Híjar,0-16,2014,239
44122,Híjar,16-64,2014,1017
44122,Híjar,65-100,2014,507
44122,Híjar,0-16,2015,244
44122,Híjar,16-64,2015,1037
44122,Híjar,65-100,2015,480
44122,Híjar,0-16,2016,235
44122,Híjar,16-64,2016,1028
44122,Híjar,65-100,2016,461
44122,Híjar,0-16,2017,217
44122,Híjar,16-64,2017,1020
44122,Híjar,65-100,2017,460
44122,Híjar,0-16,2018,231
44122,Híjar,16-64,2018,1013
44122,Híjar,65-100,2018,465
44122,Híjar,0-16,2019,247
44122,Híjar,16-64,2019,1021
44122,Híjar,65-100,2019,453
44122,Híjar,0-16,2020,239
44122,Híjar,16-64,2020,1064
44122,Híjar,65-100,2020,451
44122,Híjar,0-16,2021,234
44122,Híjar,16-64,2021,1087
44122,Híjar,65-100,2021,450
44122,Híjar,0-16,2022,245
44122,Híjar,16-64,2022,1052
44122,Híjar,65-100,2022,454
44122,Híjar,0-16,2023,260
44122,Híjar,16-64,2023,1059
44122,Híjar,65-100,2023,463
44122,Híjar,0-16,2024,249
44122,Híjar,16-64,2024,1038
44122,Híjar,65-100,2024,458
44122,Híjar,0-16,2025,238
44122,Híjar,16-64,2025,1063
44122,Híjar,65-100,2025,455
44123,Hinojosa de Jarque,0-16,2003,11
44123,Hinojosa de Jarque,16-64,2003,82
44123,Hinojosa de Jarque,65-100,2003,73
44123,Hinojosa de Jarque,0-16,2004,9
44123,Hinojosa de Jarque,16-64,2004,82
44123,Hinojosa de Jarque,65-100,2004,67
44123,Hinojosa de Jarque,0-16,2005,11
44123,Hinojosa de Jarque,16-64,2005,87
44123,Hinojosa de Jarque,65-100,2005,64
44123,Hinojosa de Jarque,0-16,2006,8
44123,Hinojosa de Jarque,16-64,2006,85
44123,Hinojosa de Jarque,65-100,2006,55
44123,Hinojosa de Jarque,0-16,2007,10
44123,Hinojosa de Jarque,16-64,2007,91
44123,Hinojosa de Jarque,65-100,2007,56
44123,Hinojosa de Jarque,0-16,2008,6
44123,Hinojosa de Jarque,16-64,2008,90
44123,Hinojosa de Jarque,65-100,2008,54
44123,Hinojosa de Jarque,0-16,2009,13
44123,Hinojosa de Jarque,16-64,2009,87
44123,Hinojosa de Jarque,65-100,2009,53
44123,Hinojosa de Jarque,0-16,2010,13
44123,Hinojosa de Jarque,16-64,2010,83
44123,Hinojosa de Jarque,65-100,2010,55
44123,Hinojosa de Jarque,0-16,2011,17
44123,Hinojosa de Jarque,16-64,2011,80
44123,Hinojosa de Jarque,65-100,2011,53
44123,Hinojosa de Jarque,0-16,2012,16
44123,Hinojosa de Jarque,16-64,2012,84
44123,Hinojosa de Jarque,65-100,2012,51
44123,Hinojosa de Jarque,0-16,2013,13
44123,Hinojosa de Jarque,16-64,2013,81
44123,Hinojosa de Jarque,65-100,2013,52
44123,Hinojosa de Jarque,0-16,2014,9
44123,Hinojosa de Jarque,16-64,2014,78
44123,Hinojosa de Jarque,65-100,2014,49
44123,Hinojosa de Jarque,0-16,2015,12
44123,Hinojosa de Jarque,16-64,2015,76
44123,Hinojosa de Jarque,65-100,2015,48
44123,Hinojosa de Jarque,0-16,2016,10
44123,Hinojosa de Jarque,16-64,2016,73
44123,Hinojosa de Jarque,65-100,2016,48
44123,Hinojosa de Jarque,0-16,2017,12
44123,Hinojosa de Jarque,16-64,2017,71
44123,Hinojosa de Jarque,65-100,2017,49
44123,Hinojosa de Jarque,0-16,2018,6
44123,Hinojosa de Jarque,16-64,2018,62
44123,Hinojosa de Jarque,65-100,2018,51
44123,Hinojosa de Jarque,0-16,2019,4
44123,Hinojosa de Jarque,16-64,2019,58
44123,Hinojosa de Jarque,65-100,2019,49
44123,Hinojosa de Jarque,0-16,2020,4
44123,Hinojosa de Jarque,16-64,2020,59
44123,Hinojosa de Jarque,65-100,2020,49
44123,Hinojosa de Jarque,0-16,2021,3
44123,Hinojosa de Jarque,16-64,2021,56
44123,Hinojosa de Jarque,65-100,2021,51
44123,Hinojosa de Jarque,0-16,2022,1
44123,Hinojosa de Jarque,16-64,2022,57
44123,Hinojosa de Jarque,65-100,2022,48
44123,Hinojosa de Jarque,0-16,2023,2
44123,Hinojosa de Jarque,16-64,2023,52
44123,Hinojosa de Jarque,65-100,2023,50
44123,Hinojosa de Jarque,0-16,2024,2
44123,Hinojosa de Jarque,16-64,2024,52
44123,Hinojosa de Jarque,65-100,2024,45
44123,Hinojosa de Jarque,0-16,2025,3
44123,Hinojosa de Jarque,16-64,2025,56
44123,Hinojosa de Jarque,65-100,2025,45
44124,La Hoz de la Vieja,0-16,2003,3
44124,La Hoz de la Vieja,16-64,2003,49
44124,La Hoz de la Vieja,65-100,2003,57
44124,La Hoz de la Vieja,0-16,2004,3
44124,La Hoz de la Vieja,16-64,2004,54
44124,La Hoz de la Vieja,65-100,2004,51
44124,La Hoz de la Vieja,0-16,2005,3
44124,La Hoz de la Vieja,16-64,2005,52
44124,La Hoz de la Vieja,65-100,2005,51
44124,La Hoz de la Vieja,0-16,2006,2
44124,La Hoz de la Vieja,16-64,2006,53
44124,La Hoz de la Vieja,65-100,2006,45
44124,La Hoz de la Vieja,0-16,2007,1
44124,La Hoz de la Vieja,16-64,2007,56
44124,La Hoz de la Vieja,65-100,2007,39
44124,La Hoz de la Vieja,0-16,2008,1
44124,La Hoz de la Vieja,16-64,2008,58
44124,La Hoz de la Vieja,65-100,2008,37
44124,La Hoz de la Vieja,0-16,2009,1
44124,La Hoz de la Vieja,16-64,2009,57
44124,La Hoz de la Vieja,65-100,2009,38
44124,La Hoz de la Vieja,0-16,2010,1
44124,La Hoz de la Vieja,16-64,2010,55
44124,La Hoz de la Vieja,65-100,2010,32
44124,La Hoz de la Vieja,0-16,2011,1
44124,La Hoz de la Vieja,16-64,2011,57
44124,La Hoz de la Vieja,65-100,2011,31
44124,La Hoz de la Vieja,0-16,2012,1
44124,La Hoz de la Vieja,16-64,2012,48
44124,La Hoz de la Vieja,65-100,2012,30
44124,La Hoz de la Vieja,0-16,2013,3
44124,La Hoz de la Vieja,16-64,2013,49
44124,La Hoz de la Vieja,65-100,2013,31
44124,La Hoz de la Vieja,0-16,2014,2
44124,La Hoz de la Vieja,16-64,2014,47
44124,La Hoz de la Vieja,65-100,2014,32
44124,La Hoz de la Vieja,0-16,2015,2
44124,La Hoz de la Vieja,16-64,2015,47
44124,La Hoz de la Vieja,65-100,2015,33
44124,La Hoz de la Vieja,0-16,2016,4
44124,La Hoz de la Vieja,16-64,2016,43
44124,La Hoz de la Vieja,65-100,2016,32
44124,La Hoz de la Vieja,0-16,2017,8
44124,La Hoz de la Vieja,16-64,2017,46
44124,La Hoz de la Vieja,65-100,2017,32
44124,La Hoz de la Vieja,0-16,2018,9
44124,La Hoz de la Vieja,16-64,2018,45
44124,La Hoz de la Vieja,65-100,2018,31
44124,La Hoz de la Vieja,0-16,2019,9
44124,La Hoz de la Vieja,16-64,2019,45
44124,La Hoz de la Vieja,65-100,2019,29
44124,La Hoz de la Vieja,0-16,2020,9
44124,La Hoz de la Vieja,16-64,2020,44
44124,La Hoz de la Vieja,65-100,2020,28
44124,La Hoz de la Vieja,0-16,2021,11
44124,La Hoz de la Vieja,16-64,2021,51
44124,La Hoz de la Vieja,65-100,2021,29
44124,La Hoz de la Vieja,0-16,2022,10
44124,La Hoz de la Vieja,16-64,2022,51
44124,La Hoz de la Vieja,65-100,2022,29
44124,La Hoz de la Vieja,0-16,2023,10
44124,La Hoz de la Vieja,16-64,2023,47
44124,La Hoz de la Vieja,65-100,2023,30
44124,La Hoz de la Vieja,0-16,2024,9
44124,La Hoz de la Vieja,16-64,2024,50
44124,La Hoz de la Vieja,65-100,2024,28
44124,La Hoz de la Vieja,0-16,2025,9
44124,La Hoz de la Vieja,16-64,2025,44
44124,La Hoz de la Vieja,65-100,2025,32
44125,Huesa del Común,0-16,2003,1
44125,Huesa del Común,16-64,2003,62
44125,Huesa del Común,65-100,2003,65
44125,Huesa del Común,0-16,2004,1
44125,Huesa del Común,16-64,2004,49
44125,Huesa del Común,65-100,2004,66
44125,Huesa del Común,0-16,2005,0
44125,Huesa del Común,16-64,2005,48
44125,Huesa del Común,65-100,2005,63
44125,Huesa del Común,0-16,2006,1
44125,Huesa del Común,16-64,2006,46
44125,Huesa del Común,65-100,2006,59
44125,Huesa del Común,0-16,2007,2
44125,Huesa del Común,16-64,2007,46
44125,Huesa del Común,65-100,2007,57
44125,Huesa del Común,0-16,2008,3
44125,Huesa del Común,16-64,2008,48
44125,Huesa del Común,65-100,2008,50
44125,Huesa del Común,0-16,2009,4
44125,Huesa del Común,16-64,2009,47
44125,Huesa del Común,65-100,2009,46
44125,Huesa del Común,0-16,2010,4
44125,Huesa del Común,16-64,2010,42
44125,Huesa del Común,65-100,2010,44
44125,Huesa del Común,0-16,2011,5
44125,Huesa del Común,16-64,2011,44
44125,Huesa del Común,65-100,2011,43
44125,Huesa del Común,0-16,2012,5
44125,Huesa del Común,16-64,2012,40
44125,Huesa del Común,65-100,2012,41
44125,Huesa del Común,0-16,2013,5
44125,Huesa del Común,16-64,2013,36
44125,Huesa del Común,65-100,2013,41
44125,Huesa del Común,0-16,2014,3
44125,Huesa del Común,16-64,2014,31
44125,Huesa del Común,65-100,2014,39
44125,Huesa del Común,0-16,2015,3
44125,Huesa del Común,16-64,2015,29
44125,Huesa del Común,65-100,2015,41
44125,Huesa del Común,0-16,2016,3
44125,Huesa del Común,16-64,2016,29
44125,Huesa del Común,65-100,2016,37
44125,Huesa del Común,0-16,2017,3
44125,Huesa del Común,16-64,2017,34
44125,Huesa del Común,65-100,2017,30
44125,Huesa del Común,0-16,2018,2
44125,Huesa del Común,16-64,2018,33
44125,Huesa del Común,65-100,2018,32
44125,Huesa del Común,0-16,2019,3
44125,Huesa del Común,16-64,2019,39
44125,Huesa del Común,65-100,2019,31
44125,Huesa del Común,0-16,2020,0
44125,Huesa del Común,16-64,2020,37
44125,Huesa del Común,65-100,2020,32
44125,Huesa del Común,0-16,2021,0
44125,Huesa del Común,16-64,2021,43
44125,Huesa del Común,65-100,2021,30
44125,Huesa del Común,0-16,2022,0
44125,Huesa del Común,16-64,2022,42
44125,Huesa del Común,65-100,2022,29
44125,Huesa del Común,0-16,2023,0
44125,Huesa del Común,16-64,2023,34
44125,Huesa del Común,65-100,2023,30
44125,Huesa del Común,0-16,2024,0
44125,Huesa del Común,16-64,2024,29
44125,Huesa del Común,65-100,2024,28
44125,Huesa del Común,0-16,2025,0
44125,Huesa del Común,16-64,2025,30
44125,Huesa del Común,65-100,2025,25
44126,La Iglesuela del Cid,0-16,2003,57
44126,La Iglesuela del Cid,16-64,2003,272
44126,La Iglesuela del Cid,65-100,2003,155
44126,La Iglesuela del Cid,0-16,2004,59
44126,La Iglesuela del Cid,16-64,2004,290
44126,La Iglesuela del Cid,65-100,2004,152
44126,La Iglesuela del Cid,0-16,2005,60
44126,La Iglesuela del Cid,16-64,2005,286
44126,La Iglesuela del Cid,65-100,2005,146
44126,La Iglesuela del Cid,0-16,2006,62
44126,La Iglesuela del Cid,16-64,2006,290
44126,La Iglesuela del Cid,65-100,2006,146
44126,La Iglesuela del Cid,0-16,2007,59
44126,La Iglesuela del Cid,16-64,2007,292
44126,La Iglesuela del Cid,65-100,2007,140
44126,La Iglesuela del Cid,0-16,2008,69
44126,La Iglesuela del Cid,16-64,2008,296
44126,La Iglesuela del Cid,65-100,2008,140
44126,La Iglesuela del Cid,0-16,2009,68
44126,La Iglesuela del Cid,16-64,2009,298
44126,La Iglesuela del Cid,65-100,2009,136
44126,La Iglesuela del Cid,0-16,2010,69
44126,La Iglesuela del Cid,16-64,2010,300
44126,La Iglesuela del Cid,65-100,2010,136
44126,La Iglesuela del Cid,0-16,2011,74
44126,La Iglesuela del Cid,16-64,2011,292
44126,La Iglesuela del Cid,65-100,2011,135
44126,La Iglesuela del Cid,0-16,2012,75
44126,La Iglesuela del Cid,16-64,2012,291
44126,La Iglesuela del Cid,65-100,2012,130
44126,La Iglesuela del Cid,0-16,2013,67
44126,La Iglesuela del Cid,16-64,2013,284
44126,La Iglesuela del Cid,65-100,2013,118
44126,La Iglesuela del Cid,0-16,2014,60
44126,La Iglesuela del Cid,16-64,2014,279
44126,La Iglesuela del Cid,65-100,2014,123
44126,La Iglesuela del Cid,0-16,2015,54
44126,La Iglesuela del Cid,16-64,2015,258
44126,La Iglesuela del Cid,65-100,2015,120
44126,La Iglesuela del Cid,0-16,2016,49
44126,La Iglesuela del Cid,16-64,2016,264
44126,La Iglesuela del Cid,65-100,2016,111
44126,La Iglesuela del Cid,0-16,2017,45
44126,La Iglesuela del Cid,16-64,2017,261
44126,La Iglesuela del Cid,65-100,2017,108
44126,La Iglesuela del Cid,0-16,2018,44
44126,La Iglesuela del Cid,16-64,2018,271
44126,La Iglesuela del Cid,65-100,2018,99
44126,La Iglesuela del Cid,0-16,2019,47
44126,La Iglesuela del Cid,16-64,2019,261
44126,La Iglesuela del Cid,65-100,2019,102
44126,La Iglesuela del Cid,0-16,2020,49
44126,La Iglesuela del Cid,16-64,2020,254
44126,La Iglesuela del Cid,65-100,2020,99
44126,La Iglesuela del Cid,0-16,2021,50
44126,La Iglesuela del Cid,16-64,2021,253
44126,La Iglesuela del Cid,65-100,2021,104
44126,La Iglesuela del Cid,0-16,2022,45
44126,La Iglesuela del Cid,16-64,2022,246
44126,La Iglesuela del Cid,65-100,2022,104
44126,La Iglesuela del Cid,0-16,2023,40
44126,La Iglesuela del Cid,16-64,2023,243
44126,La Iglesuela del Cid,65-100,2023,100
44126,La Iglesuela del Cid,0-16,2024,37
44126,La Iglesuela del Cid,16-64,2024,232
44126,La Iglesuela del Cid,65-100,2024,107
44126,La Iglesuela del Cid,0-16,2025,35
44126,La Iglesuela del Cid,16-64,2025,216
44126,La Iglesuela del Cid,65-100,2025,105
44127,Jabaloyas,0-16,2003,4
44127,Jabaloyas,16-64,2003,34
44127,Jabaloyas,65-100,2003,37
44127,Jabaloyas,0-16,2004,5
44127,Jabaloyas,16-64,2004,36
44127,Jabaloyas,65-100,2004,38
44127,Jabaloyas,0-16,2005,4
44127,Jabaloyas,16-64,2005,41
44127,Jabaloyas,65-100,2005,42
44127,Jabaloyas,0-16,2006,3
44127,Jabaloyas,16-64,2006,37
44127,Jabaloyas,65-100,2006,42
44127,Jabaloyas,0-16,2007,4
44127,Jabaloyas,16-64,2007,42
44127,Jabaloyas,65-100,2007,39
44127,Jabaloyas,0-16,2008,4
44127,Jabaloyas,16-64,2008,43
44127,Jabaloyas,65-100,2008,38
44127,Jabaloyas,0-16,2009,6
44127,Jabaloyas,16-64,2009,46
44127,Jabaloyas,65-100,2009,37
44127,Jabaloyas,0-16,2010,2
44127,Jabaloyas,16-64,2010,42
44127,Jabaloyas,65-100,2010,37
44127,Jabaloyas,0-16,2011,1
44127,Jabaloyas,16-64,2011,51
44127,Jabaloyas,65-100,2011,38
44127,Jabaloyas,0-16,2012,2
44127,Jabaloyas,16-64,2012,46
44127,Jabaloyas,65-100,2012,35
44127,Jabaloyas,0-16,2013,1
44127,Jabaloyas,16-64,2013,45
44127,Jabaloyas,65-100,2013,32
44127,Jabaloyas,0-16,2014,0
44127,Jabaloyas,16-64,2014,41
44127,Jabaloyas,65-100,2014,32
44127,Jabaloyas,0-16,2015,0
44127,Jabaloyas,16-64,2015,44
44127,Jabaloyas,65-100,2015,33
44127,Jabaloyas,0-16,2016,1
44127,Jabaloyas,16-64,2016,48
44127,Jabaloyas,65-100,2016,28
44127,Jabaloyas,0-16,2017,1
44127,Jabaloyas,16-64,2017,45
44127,Jabaloyas,65-100,2017,22
44127,Jabaloyas,0-16,2018,1
44127,Jabaloyas,16-64,2018,43
44127,Jabaloyas,65-100,2018,21
44127,Jabaloyas,0-16,2019,0
44127,Jabaloyas,16-64,2019,44
44127,Jabaloyas,65-100,2019,19
44127,Jabaloyas,0-16,2020,0
44127,Jabaloyas,16-64,2020,40
44127,Jabaloyas,65-100,2020,19
44127,Jabaloyas,0-16,2021,0
44127,Jabaloyas,16-64,2021,41
44127,Jabaloyas,65-100,2021,20
44127,Jabaloyas,0-16,2022,0
44127,Jabaloyas,16-64,2022,42
44127,Jabaloyas,65-100,2022,23
44127,Jabaloyas,0-16,2023,3
44127,Jabaloyas,16-64,2023,47
44127,Jabaloyas,65-100,2023,24
44127,Jabaloyas,0-16,2024,1
44127,Jabaloyas,16-64,2024,40
44127,Jabaloyas,65-100,2024,21
44127,Jabaloyas,0-16,2025,1
44127,Jabaloyas,16-64,2025,43
44127,Jabaloyas,65-100,2025,22
44128,Jarque de la Val,0-16,2003,4
44128,Jarque de la Val,16-64,2003,51
44128,Jarque de la Val,65-100,2003,44
44128,Jarque de la Val,0-16,2004,2
44128,Jarque de la Val,16-64,2004,51
44128,Jarque de la Val,65-100,2004,43
44128,Jarque de la Val,0-16,2005,1
44128,Jarque de la Val,16-64,2005,55
44128,Jarque de la Val,65-100,2005,43
44128,Jarque de la Val,0-16,2006,1
44128,Jarque de la Val,16-64,2006,56
44128,Jarque de la Val,65-100,2006,42
44128,Jarque de la Val,0-16,2007,2
44128,Jarque de la Val,16-64,2007,52
44128,Jarque de la Val,65-100,2007,43
44128,Jarque de la Val,0-16,2008,3
44128,Jarque de la Val,16-64,2008,53
44128,Jarque de la Val,65-100,2008,44
44128,Jarque de la Val,0-16,2009,3
44128,Jarque de la Val,16-64,2009,50
44128,Jarque de la Val,65-100,2009,46
44128,Jarque de la Val,0-16,2010,4
44128,Jarque de la Val,16-64,2010,43
44128,Jarque de la Val,65-100,2010,43
44128,Jarque de la Val,0-16,2011,4
44128,Jarque de la Val,16-64,2011,45
44128,Jarque de la Val,65-100,2011,40
44128,Jarque de la Val,0-16,2012,5
44128,Jarque de la Val,16-64,2012,49
44128,Jarque de la Val,65-100,2012,37
44128,Jarque de la Val,0-16,2013,5
44128,Jarque de la Val,16-64,2013,44
44128,Jarque de la Val,65-100,2013,38
44128,Jarque de la Val,0-16,2014,5
44128,Jarque de la Val,16-64,2014,39
44128,Jarque de la Val,65-100,2014,38
44128,Jarque de la Val,0-16,2015,5
44128,Jarque de la Val,16-64,2015,37
44128,Jarque de la Val,65-100,2015,36
44128,Jarque de la Val,0-16,2016,5
44128,Jarque de la Val,16-64,2016,37
44128,Jarque de la Val,65-100,2016,32
44128,Jarque de la Val,0-16,2017,6
44128,Jarque de la Val,16-64,2017,36
44128,Jarque de la Val,65-100,2017,30
44128,Jarque de la Val,0-16,2018,5
44128,Jarque de la Val,16-64,2018,35
44128,Jarque de la Val,65-100,2018,30
44128,Jarque de la Val,0-16,2019,5
44128,Jarque de la Val,16-64,2019,32
44128,Jarque de la Val,65-100,2019,29
44128,Jarque de la Val,0-16,2020,5
44128,Jarque de la Val,16-64,2020,31
44128,Jarque de la Val,65-100,2020,26
44128,Jarque de la Val,0-16,2021,5
44128,Jarque de la Val,16-64,2021,30
44128,Jarque de la Val,65-100,2021,25
44128,Jarque de la Val,0-16,2022,4
44128,Jarque de la Val,16-64,2022,28
44128,Jarque de la Val,65-100,2022,24
44128,Jarque de la Val,0-16,2023,5
44128,Jarque de la Val,16-64,2023,35
44128,Jarque de la Val,65-100,2023,24
44128,Jarque de la Val,0-16,2024,2
44128,Jarque de la Val,16-64,2024,38
44128,Jarque de la Val,65-100,2024,22
44128,Jarque de la Val,0-16,2025,4
44128,Jarque de la Val,16-64,2025,37
44128,Jarque de la Val,65-100,2025,25
44129,Jatiel,0-16,2003,4
44129,Jatiel,16-64,2003,25
44129,Jatiel,65-100,2003,24
44129,Jatiel,0-16,2004,5
44129,Jatiel,16-64,2004,30
44129,Jatiel,65-100,2004,28
44129,Jatiel,0-16,2005,5
44129,Jatiel,16-64,2005,31
44129,Jatiel,65-100,2005,25
44129,Jatiel,0-16,2006,4
44129,Jatiel,16-64,2006,34
44129,Jatiel,65-100,2006,25
44129,Jatiel,0-16,2007,3
44129,Jatiel,16-64,2007,30
44129,Jatiel,65-100,2007,22
44129,Jatiel,0-16,2008,1
44129,Jatiel,16-64,2008,33
44129,Jatiel,65-100,2008,23
44129,Jatiel,0-16,2009,3
44129,Jatiel,16-64,2009,33
44129,Jatiel,65-100,2009,19
44129,Jatiel,0-16,2010,4
44129,Jatiel,16-64,2010,31
44129,Jatiel,65-100,2010,17
44129,Jatiel,0-16,2011,2
44129,Jatiel,16-64,2011,30
44129,Jatiel,65-100,2011,20
44129,Jatiel,0-16,2012,2
44129,Jatiel,16-64,2012,30
44129,Jatiel,65-100,2012,17
44129,Jatiel,0-16,2013,2
44129,Jatiel,16-64,2013,30
44129,Jatiel,65-100,2013,18
44129,Jatiel,0-16,2014,3
44129,Jatiel,16-64,2014,29
44129,Jatiel,65-100,2014,16
44129,Jatiel,0-16,2015,3
44129,Jatiel,16-64,2015,29
44129,Jatiel,65-100,2015,16
44129,Jatiel,0-16,2016,2
44129,Jatiel,16-64,2016,26
44129,Jatiel,65-100,2016,14
44129,Jatiel,0-16,2017,1
44129,Jatiel,16-64,2017,27
44129,Jatiel,65-100,2017,13
44129,Jatiel,0-16,2018,1
44129,Jatiel,16-64,2018,27
44129,Jatiel,65-100,2018,12
44129,Jatiel,0-16,2019,1
44129,Jatiel,16-64,2019,26
44129,Jatiel,65-100,2019,10
44129,Jatiel,0-16,2020,0
44129,Jatiel,16-64,2020,31
44129,Jatiel,65-100,2020,8
44129,Jatiel,0-16,2021,0
44129,Jatiel,16-64,2021,36
44129,Jatiel,65-100,2021,9
44129,Jatiel,0-16,2022,0
44129,Jatiel,16-64,2022,37
44129,Jatiel,65-100,2022,9
44129,Jatiel,0-16,2023,2
44129,Jatiel,16-64,2023,39
44129,Jatiel,65-100,2023,9
44129,Jatiel,0-16,2024,2
44129,Jatiel,16-64,2024,39
44129,Jatiel,65-100,2024,8
44129,Jatiel,0-16,2025,1
44129,Jatiel,16-64,2025,36
44129,Jatiel,65-100,2025,11
44130,Jorcas,0-16,2003,0
44130,Jorcas,16-64,2003,24
44130,Jorcas,65-100,2003,16
44130,Jorcas,0-16,2004,0
44130,Jorcas,16-64,2004,22
44130,Jorcas,65-100,2004,17
44130,Jorcas,0-16,2005,0
44130,Jorcas,16-64,2005,22
44130,Jorcas,65-100,2005,17
44130,Jorcas,0-16,2006,0
44130,Jorcas,16-64,2006,23
44130,Jorcas,65-100,2006,18
44130,Jorcas,0-16,2007,0
44130,Jorcas,16-64,2007,24
44130,Jorcas,65-100,2007,22
44130,Jorcas,0-16,2008,1
44130,Jorcas,16-64,2008,24
44130,Jorcas,65-100,2008,21
44130,Jorcas,0-16,2009,1
44130,Jorcas,16-64,2009,21
44130,Jorcas,65-100,2009,20
44130,Jorcas,0-16,2010,2
44130,Jorcas,16-64,2010,21
44130,Jorcas,65-100,2010,20
44130,Jorcas,0-16,2011,3
44130,Jorcas,16-64,2011,20
44130,Jorcas,65-100,2011,21
44130,Jorcas,0-16,2012,3
44130,Jorcas,16-64,2012,20
44130,Jorcas,65-100,2012,18
44130,Jorcas,0-16,2013,3
44130,Jorcas,16-64,2013,18
44130,Jorcas,65-100,2013,17
44130,Jorcas,0-16,2014,2
44130,Jorcas,16-64,2014,18
44130,Jorcas,65-100,2014,17
44130,Jorcas,0-16,2015,4
44130,Jorcas,16-64,2015,20
44130,Jorcas,65-100,2015,17
44130,Jorcas,0-16,2016,2
44130,Jorcas,16-64,2016,21
44130,Jorcas,65-100,2016,15
44130,Jorcas,0-16,2017,2
44130,Jorcas,16-64,2017,14
44130,Jorcas,65-100,2017,16
44130,Jorcas,0-16,2018,2
44130,Jorcas,16-64,2018,16
44130,Jorcas,65-100,2018,16
44130,Jorcas,0-16,2019,2
44130,Jorcas,16-64,2019,14
44130,Jorcas,65-100,2019,14
44130,Jorcas,0-16,2020,2
44130,Jorcas,16-64,2020,14
44130,Jorcas,65-100,2020,13
44130,Jorcas,0-16,2021,2
44130,Jorcas,16-64,2021,17
44130,Jorcas,65-100,2021,15
44130,Jorcas,0-16,2022,3
44130,Jorcas,16-64,2022,19
44130,Jorcas,65-100,2022,14
44130,Jorcas,0-16,2023,5
44130,Jorcas,16-64,2023,22
44130,Jorcas,65-100,2023,16
44130,Jorcas,0-16,2024,2
44130,Jorcas,16-64,2024,22
44130,Jorcas,65-100,2024,15
44130,Jorcas,0-16,2025,1
44130,Jorcas,16-64,2025,26
44130,Jorcas,65-100,2025,15
44131,Josa,0-16,2003,0
44131,Josa,16-64,2003,18
44131,Josa,65-100,2003,15
44131,Josa,0-16,2004,0
44131,Josa,16-64,2004,15
44131,Josa,65-100,2004,15
44131,Josa,0-16,2005,6
44131,Josa,16-64,2005,17
44131,Josa,65-100,2005,15
44131,Josa,0-16,2006,6
44131,Josa,16-64,2006,18
44131,Josa,65-100,2006,15
44131,Josa,0-16,2007,4
44131,Josa,16-64,2007,17
44131,Josa,65-100,2007,14
44131,Josa,0-16,2008,4
44131,Josa,16-64,2008,16
44131,Josa,65-100,2008,13
44131,Josa,0-16,2009,4
44131,Josa,16-64,2009,14
44131,Josa,65-100,2009,11
44131,Josa,0-16,2010,3
44131,Josa,16-64,2010,20
44131,Josa,65-100,2010,11
44131,Josa,0-16,2011,3
44131,Josa,16-64,2011,23
44131,Josa,65-100,2011,12
44131,Josa,0-16,2012,1
44131,Josa,16-64,2012,25
44131,Josa,65-100,2012,12
44131,Josa,0-16,2013,1
44131,Josa,16-64,2013,22
44131,Josa,65-100,2013,13
44131,Josa,0-16,2014,1
44131,Josa,16-64,2014,24
44131,Josa,65-100,2014,11
44131,Josa,0-16,2015,1
44131,Josa,16-64,2015,20
44131,Josa,65-100,2015,15
44131,Josa,0-16,2016,1
44131,Josa,16-64,2016,18
44131,Josa,65-100,2016,15
44131,Josa,0-16,2017,0
44131,Josa,16-64,2017,17
44131,Josa,65-100,2017,15
44131,Josa,0-16,2018,1
44131,Josa,16-64,2018,19
44131,Josa,65-100,2018,14
44131,Josa,0-16,2019,1
44131,Josa,16-64,2019,19
44131,Josa,65-100,2019,14
44131,Josa,0-16,2020,1
44131,Josa,16-64,2020,20
44131,Josa,65-100,2020,13
44131,Josa,0-16,2021,2
44131,Josa,16-64,2021,22
44131,Josa,65-100,2021,12
44131,Josa,0-16,2022,2
44131,Josa,16-64,2022,25
44131,Josa,65-100,2022,15
44131,Josa,0-16,2023,1
44131,Josa,16-64,2023,19
44131,Josa,65-100,2023,15
44131,Josa,0-16,2024,1
44131,Josa,16-64,2024,20
44131,Josa,65-100,2024,14
44131,Josa,0-16,2025,1
44131,Josa,16-64,2025,20
44131,Josa,65-100,2025,13
44132,Lagueruela,0-16,2003,1
44132,Lagueruela,16-64,2003,26
44132,Lagueruela,65-100,2003,31
44132,Lagueruela,0-16,2004,1
44132,Lagueruela,16-64,2004,23
44132,Lagueruela,65-100,2004,32
44132,Lagueruela,0-16,2005,1
44132,Lagueruela,16-64,2005,23
44132,Lagueruela,65-100,2005,32
44132,Lagueruela,0-16,2006,0
44132,Lagueruela,16-64,2006,27
44132,Lagueruela,65-100,2006,32
44132,Lagueruela,0-16,2007,0
44132,Lagueruela,16-64,2007,30
44132,Lagueruela,65-100,2007,35
44132,Lagueruela,0-16,2008,0
44132,Lagueruela,16-64,2008,31
44132,Lagueruela,65-100,2008,35
44132,Lagueruela,0-16,2009,0
44132,Lagueruela,16-64,2009,31
44132,Lagueruela,65-100,2009,35
44132,Lagueruela,0-16,2010,1
44132,Lagueruela,16-64,2010,26
44132,Lagueruela,65-100,2010,35
44132,Lagueruela,0-16,2011,2
44132,Lagueruela,16-64,2011,29
44132,Lagueruela,65-100,2011,37
44132,Lagueruela,0-16,2012,4
44132,Lagueruela,16-64,2012,29
44132,Lagueruela,65-100,2012,36
44132,Lagueruela,0-16,2013,5
44132,Lagueruela,16-64,2013,33
44132,Lagueruela,65-100,2013,34
44132,Lagueruela,0-16,2014,8
44132,Lagueruela,16-64,2014,35
44132,Lagueruela,65-100,2014,35
44132,Lagueruela,0-16,2015,8
44132,Lagueruela,16-64,2015,37
44132,Lagueruela,65-100,2015,36
44132,Lagueruela,0-16,2016,9
44132,Lagueruela,16-64,2016,35
44132,Lagueruela,65-100,2016,35
44132,Lagueruela,0-16,2017,13
44132,Lagueruela,16-64,2017,37
44132,Lagueruela,65-100,2017,34
44132,Lagueruela,0-16,2018,10
44132,Lagueruela,16-64,2018,32
44132,Lagueruela,65-100,2018,36
44132,Lagueruela,0-16,2019,10
44132,Lagueruela,16-64,2019,29
44132,Lagueruela,65-100,2019,34
44132,Lagueruela,0-16,2020,9
44132,Lagueruela,16-64,2020,28
44132,Lagueruela,65-100,2020,32
44132,Lagueruela,0-16,2021,6
44132,Lagueruela,16-64,2021,30
44132,Lagueruela,65-100,2021,30
44132,Lagueruela,0-16,2022,6
44132,Lagueruela,16-64,2022,37
44132,Lagueruela,65-100,2022,28
44132,Lagueruela,0-16,2023,7
44132,Lagueruela,16-64,2023,39
44132,Lagueruela,65-100,2023,26
44132,Lagueruela,0-16,2024,6
44132,Lagueruela,16-64,2024,37
44132,Lagueruela,65-100,2024,26
44132,Lagueruela,0-16,2025,4
44132,Lagueruela,16-64,2025,42
44132,Lagueruela,65-100,2025,25
44133,Lanzuela,0-16,2003,4
44133,Lanzuela,16-64,2003,15
44133,Lanzuela,65-100,2003,16
44133,Lanzuela,0-16,2004,2
44133,Lanzuela,16-64,2004,11
44133,Lanzuela,65-100,2004,18
44133,Lanzuela,0-16,2005,2
44133,Lanzuela,16-64,2005,10
44133,Lanzuela,65-100,2005,17
44133,Lanzuela,0-16,2006,2
44133,Lanzuela,16-64,2006,10
44133,Lanzuela,65-100,2006,15
44133,Lanzuela,0-16,2007,1
44133,Lanzuela,16-64,2007,13
44133,Lanzuela,65-100,2007,12
44133,Lanzuela,0-16,2008,0
44133,Lanzuela,16-64,2008,17
44133,Lanzuela,65-100,2008,12
44133,Lanzuela,0-16,2009,0
44133,Lanzuela,16-64,2009,17
44133,Lanzuela,65-100,2009,11
44133,Lanzuela,0-16,2010,1
44133,Lanzuela,16-64,2010,16
44133,Lanzuela,65-100,2010,8
44133,Lanzuela,0-16,2011,2
44133,Lanzuela,16-64,2011,18
44133,Lanzuela,65-100,2011,7
44133,Lanzuela,0-16,2012,2
44133,Lanzuela,16-64,2012,19
44133,Lanzuela,65-100,2012,7
44133,Lanzuela,0-16,2013,2
44133,Lanzuela,16-64,2013,18
44133,Lanzuela,65-100,2013,7
44133,Lanzuela,0-16,2014,3
44133,Lanzuela,16-64,2014,19
44133,Lanzuela,65-100,2014,8
44133,Lanzuela,0-16,2015,2
44133,Lanzuela,16-64,2015,19
44133,Lanzuela,65-100,2015,8
44133,Lanzuela,0-16,2016,3
44133,Lanzuela,16-64,2016,17
44133,Lanzuela,65-100,2016,7
44133,Lanzuela,0-16,2017,2
44133,Lanzuela,16-64,2017,18
44133,Lanzuela,65-100,2017,7
44133,Lanzuela,0-16,2018,3
44133,Lanzuela,16-64,2018,16
44133,Lanzuela,65-100,2018,5
44133,Lanzuela,0-16,2019,3
44133,Lanzuela,16-64,2019,13
44133,Lanzuela,65-100,2019,6
44133,Lanzuela,0-16,2020,3
44133,Lanzuela,16-64,2020,13
44133,Lanzuela,65-100,2020,6
44133,Lanzuela,0-16,2021,4
44133,Lanzuela,16-64,2021,16
44133,Lanzuela,65-100,2021,5
44133,Lanzuela,0-16,2022,4
44133,Lanzuela,16-64,2022,16
44133,Lanzuela,65-100,2022,5
44133,Lanzuela,0-16,2023,3
44133,Lanzuela,16-64,2023,19
44133,Lanzuela,65-100,2023,5
44133,Lanzuela,0-16,2024,3
44133,Lanzuela,16-64,2024,15
44133,Lanzuela,65-100,2024,6
44133,Lanzuela,0-16,2025,3
44133,Lanzuela,16-64,2025,15
44133,Lanzuela,65-100,2025,6
44135,Libros,0-16,2003,4
44135,Libros,16-64,2003,71
44135,Libros,65-100,2003,78
44135,Libros,0-16,2004,3
44135,Libros,16-64,2004,68
44135,Libros,65-100,2004,79
44135,Libros,0-16,2005,3
44135,Libros,16-64,2005,68
44135,Libros,65-100,2005,75
44135,Libros,0-16,2006,3
44135,Libros,16-64,2006,66
44135,Libros,65-100,2006,73
44135,Libros,0-16,2007,5
44135,Libros,16-64,2007,66
44135,Libros,65-100,2007,74
44135,Libros,0-16,2008,6
44135,Libros,16-64,2008,68
44135,Libros,65-100,2008,75
44135,Libros,0-16,2009,5
44135,Libros,16-64,2009,69
44135,Libros,65-100,2009,74
44135,Libros,0-16,2010,4
44135,Libros,16-64,2010,74
44135,Libros,65-100,2010,75
44135,Libros,0-16,2011,3
44135,Libros,16-64,2011,77
44135,Libros,65-100,2011,76
44135,Libros,0-16,2012,3
44135,Libros,16-64,2012,68
44135,Libros,65-100,2012,70
44135,Libros,0-16,2013,2
44135,Libros,16-64,2013,64
44135,Libros,65-100,2013,71
44135,Libros,0-16,2014,1
44135,Libros,16-64,2014,59
44135,Libros,65-100,2014,69
44135,Libros,0-16,2015,1
44135,Libros,16-64,2015,56
44135,Libros,65-100,2015,67
44135,Libros,0-16,2016,0
44135,Libros,16-64,2016,55
44135,Libros,65-100,2016,58
44135,Libros,0-16,2017,0
44135,Libros,16-64,2017,48
44135,Libros,65-100,2017,55
44135,Libros,0-16,2018,0
44135,Libros,16-64,2018,50
44135,Libros,65-100,2018,51
44135,Libros,0-16,2019,0
44135,Libros,16-64,2019,55
44135,Libros,65-100,2019,47
44135,Libros,0-16,2020,0
44135,Libros,16-64,2020,58
44135,Libros,65-100,2020,42
44135,Libros,0-16,2021,2
44135,Libros,16-64,2021,61
44135,Libros,65-100,2021,41
44135,Libros,0-16,2022,2
44135,Libros,16-64,2022,63
44135,Libros,65-100,2022,37
44135,Libros,0-16,2023,3
44135,Libros,16-64,2023,66
44135,Libros,65-100,2023,33
44135,Libros,0-16,2024,4
44135,Libros,16-64,2024,67
44135,Libros,65-100,2024,31
44135,Libros,0-16,2025,6
44135,Libros,16-64,2025,65
44135,Libros,65-100,2025,31
44136,Lidón,0-16,2003,1
44136,Lidón,16-64,2003,31
44136,Lidón,65-100,2003,38
44136,Lidón,0-16,2004,4
44136,Lidón,16-64,2004,35
44136,Lidón,65-100,2004,36
44136,Lidón,0-16,2005,5
44136,Lidón,16-64,2005,32
44136,Lidón,65-100,2005,35
44136,Lidón,0-16,2006,5
44136,Lidón,16-64,2006,33
44136,Lidón,65-100,2006,36
44136,Lidón,0-16,2007,4
44136,Lidón,16-64,2007,38
44136,Lidón,65-100,2007,34
44136,Lidón,0-16,2008,3
44136,Lidón,16-64,2008,31
44136,Lidón,65-100,2008,32
44136,Lidón,0-16,2009,2
44136,Lidón,16-64,2009,29
44136,Lidón,65-100,2009,32
44136,Lidón,0-16,2010,3
44136,Lidón,16-64,2010,24
44136,Lidón,65-100,2010,30
44136,Lidón,0-16,2011,3
44136,Lidón,16-64,2011,22
44136,Lidón,65-100,2011,31
44136,Lidón,0-16,2012,3
44136,Lidón,16-64,2012,21
44136,Lidón,65-100,2012,31
44136,Lidón,0-16,2013,4
44136,Lidón,16-64,2013,20
44136,Lidón,65-100,2013,30
44136,Lidón,0-16,2014,4
44136,Lidón,16-64,2014,21
44136,Lidón,65-100,2014,29
44136,Lidón,0-16,2015,4
44136,Lidón,16-64,2015,20
44136,Lidón,65-100,2015,28
44136,Lidón,0-16,2016,3
44136,Lidón,16-64,2016,25
44136,Lidón,65-100,2016,27
44136,Lidón,0-16,2017,3
44136,Lidón,16-64,2017,22
44136,Lidón,65-100,2017,28
44136,Lidón,0-16,2018,3
44136,Lidón,16-64,2018,24
44136,Lidón,65-100,2018,28
44136,Lidón,0-16,2019,2
44136,Lidón,16-64,2019,28
44136,Lidón,65-100,2019,27
44136,Lidón,0-16,2020,2
44136,Lidón,16-64,2020,25
44136,Lidón,65-100,2020,27
44136,Lidón,0-16,2021,0
44136,Lidón,16-64,2021,29
44136,Lidón,65-100,2021,25
44136,Lidón,0-16,2022,0
44136,Lidón,16-64,2022,30
44136,Lidón,65-100,2022,23
44136,Lidón,0-16,2023,0
44136,Lidón,16-64,2023,30
44136,Lidón,65-100,2023,22
44136,Lidón,0-16,2024,0
44136,Lidón,16-64,2024,35
44136,Lidón,65-100,2024,21
44136,Lidón,0-16,2025,0
44136,Lidón,16-64,2025,35
44136,Lidón,65-100,2025,21
44137,Linares de Mora,0-16,2003,38
44137,Linares de Mora,16-64,2003,181
44137,Linares de Mora,65-100,2003,104
44137,Linares de Mora,0-16,2004,35
44137,Linares de Mora,16-64,2004,201
44137,Linares de Mora,65-100,2004,93
44137,Linares de Mora,0-16,2005,33
44137,Linares de Mora,16-64,2005,198
44137,Linares de Mora,65-100,2005,89
44137,Linares de Mora,0-16,2006,30
44137,Linares de Mora,16-64,2006,198
44137,Linares de Mora,65-100,2006,79
44137,Linares de Mora,0-16,2007,30
44137,Linares de Mora,16-64,2007,196
44137,Linares de Mora,65-100,2007,83
44137,Linares de Mora,0-16,2008,27
44137,Linares de Mora,16-64,2008,214
44137,Linares de Mora,65-100,2008,83
44137,Linares de Mora,0-16,2009,33
44137,Linares de Mora,16-64,2009,211
44137,Linares de Mora,65-100,2009,84
44137,Linares de Mora,0-16,2010,31
44137,Linares de Mora,16-64,2010,199
44137,Linares de Mora,65-100,2010,83
44137,Linares de Mora,0-16,2011,30
44137,Linares de Mora,16-64,2011,186
44137,Linares de Mora,65-100,2011,84
44137,Linares de Mora,0-16,2012,27
44137,Linares de Mora,16-64,2012,186
44137,Linares de Mora,65-100,2012,83
44137,Linares de Mora,0-16,2013,21
44137,Linares de Mora,16-64,2013,176
44137,Linares de Mora,65-100,2013,79
44137,Linares de Mora,0-16,2014,24
44137,Linares de Mora,16-64,2014,180
44137,Linares de Mora,65-100,2014,70
44137,Linares de Mora,0-16,2015,25
44137,Linares de Mora,16-64,2015,185
44137,Linares de Mora,65-100,2015,77
44137,Linares de Mora,0-16,2016,21
44137,Linares de Mora,16-64,2016,176
44137,Linares de Mora,65-100,2016,70
44137,Linares de Mora,0-16,2017,22
44137,Linares de Mora,16-64,2017,171
44137,Linares de Mora,65-100,2017,67
44137,Linares de Mora,0-16,2018,23
44137,Linares de Mora,16-64,2018,159
44137,Linares de Mora,65-100,2018,67
44137,Linares de Mora,0-16,2019,19
44137,Linares de Mora,16-64,2019,146
44137,Linares de Mora,65-100,2019,69
44137,Linares de Mora,0-16,2020,15
44137,Linares de Mora,16-64,2020,141
44137,Linares de Mora,65-100,2020,69
44137,Linares de Mora,0-16,2021,20
44137,Linares de Mora,16-64,2021,135
44137,Linares de Mora,65-100,2021,71
44137,Linares de Mora,0-16,2022,27
44137,Linares de Mora,16-64,2022,137
44137,Linares de Mora,65-100,2022,71
44137,Linares de Mora,0-16,2023,25
44137,Linares de Mora,16-64,2023,147
44137,Linares de Mora,65-100,2023,66
44137,Linares de Mora,0-16,2024,24
44137,Linares de Mora,16-64,2024,148
44137,Linares de Mora,65-100,2024,62
44137,Linares de Mora,0-16,2025,26
44137,Linares de Mora,16-64,2025,153
44137,Linares de Mora,65-100,2025,64
44138,Loscos,0-16,2003,12
44138,Loscos,16-64,2003,81
44138,Loscos,65-100,2003,98
44138,Loscos,0-16,2004,8
44138,Loscos,16-64,2004,77
44138,Loscos,65-100,2004,99
44138,Loscos,0-16,2005,11
44138,Loscos,16-64,2005,84
44138,Loscos,65-100,2005,96
44138,Loscos,0-16,2006,11
44138,Loscos,16-64,2006,86
44138,Loscos,65-100,2006,88
44138,Loscos,0-16,2007,7
44138,Loscos,16-64,2007,90
44138,Loscos,65-100,2007,93
44138,Loscos,0-16,2008,8
44138,Loscos,16-64,2008,92
44138,Loscos,65-100,2008,89
44138,Loscos,0-16,2009,11
44138,Loscos,16-64,2009,84
44138,Loscos,65-100,2009,81
44138,Loscos,0-16,2010,11
44138,Loscos,16-64,2010,86
44138,Loscos,65-100,2010,80
44138,Loscos,0-16,2011,15
44138,Loscos,16-64,2011,87
44138,Loscos,65-100,2011,77
44138,Loscos,0-16,2012,13
44138,Loscos,16-64,2012,84
44138,Loscos,65-100,2012,78
44138,Loscos,0-16,2013,3
44138,Loscos,16-64,2013,77
44138,Loscos,65-100,2013,76
44138,Loscos,0-16,2014,3
44138,Loscos,16-64,2014,75
44138,Loscos,65-100,2014,76
44138,Loscos,0-16,2015,3
44138,Loscos,16-64,2015,71
44138,Loscos,65-100,2015,77
44138,Loscos,0-16,2016,4
44138,Loscos,16-64,2016,63
44138,Loscos,65-100,2016,71
44138,Loscos,0-16,2017,3
44138,Loscos,16-64,2017,70
44138,Loscos,65-100,2017,66
44138,Loscos,0-16,2018,1
44138,Loscos,16-64,2018,72
44138,Loscos,65-100,2018,56
44138,Loscos,0-16,2019,1
44138,Loscos,16-64,2019,70
44138,Loscos,65-100,2019,51
44138,Loscos,0-16,2020,2
44138,Loscos,16-64,2020,74
44138,Loscos,65-100,2020,49
44138,Loscos,0-16,2021,1
44138,Loscos,16-64,2021,71
44138,Loscos,65-100,2021,50
44138,Loscos,0-16,2022,2
44138,Loscos,16-64,2022,64
44138,Loscos,65-100,2022,52
44138,Loscos,0-16,2023,2
44138,Loscos,16-64,2023,66
44138,Loscos,65-100,2023,48
44138,Loscos,0-16,2024,3
44138,Loscos,16-64,2024,64
44138,Loscos,65-100,2024,46
44138,Loscos,0-16,2025,4
44138,Loscos,16-64,2025,67
44138,Loscos,65-100,2025,50
44141,Lledó,0-16,2003,24
44141,Lledó,16-64,2003,107
44141,Lledó,65-100,2003,69
44141,Lledó,0-16,2004,21
44141,Lledó,16-64,2004,105
44141,Lledó,65-100,2004,65
44141,Lledó,0-16,2005,20
44141,Lledó,16-64,2005,102
44141,Lledó,65-100,2005,64
44141,Lledó,0-16,2006,17
44141,Lledó,16-64,2006,102
44141,Lledó,65-100,2006,62
44141,Lledó,0-16,2007,14
44141,Lledó,16-64,2007,110
44141,Lledó,65-100,2007,60
44141,Lledó,0-16,2008,13
44141,Lledó,16-64,2008,109
44141,Lledó,65-100,2008,60
44141,Lledó,0-16,2009,13
44141,Lledó,16-64,2009,101
44141,Lledó,65-100,2009,61
44141,Lledó,0-16,2010,11
44141,Lledó,16-64,2010,102
44141,Lledó,65-100,2010,57
44141,Lledó,0-16,2011,11
44141,Lledó,16-64,2011,101
44141,Lledó,65-100,2011,56
44141,Lledó,0-16,2012,11
44141,Lledó,16-64,2012,103
44141,Lledó,65-100,2012,55
44141,Lledó,0-16,2013,14
44141,Lledó,16-64,2013,106
44141,Lledó,65-100,2013,52
44141,Lledó,0-16,2014,16
44141,Lledó,16-64,2014,105
44141,Lledó,65-100,2014,48
44141,Lledó,0-16,2015,18
44141,Lledó,16-64,2015,107
44141,Lledó,65-100,2015,44
44141,Lledó,0-16,2016,16
44141,Lledó,16-64,2016,101
44141,Lledó,65-100,2016,46
44141,Lledó,0-16,2017,21
44141,Lledó,16-64,2017,99
44141,Lledó,65-100,2017,46
44141,Lledó,0-16,2018,21
44141,Lledó,16-64,2018,99
44141,Lledó,65-100,2018,52
44141,Lledó,0-16,2019,21
44141,Lledó,16-64,2019,87
44141,Lledó,65-100,2019,51
44141,Lledó,0-16,2020,19
44141,Lledó,16-64,2020,85
44141,Lledó,65-100,2020,51
44141,Lledó,0-16,2021,20
44141,Lledó,16-64,2021,96
44141,Lledó,65-100,2021,56
44141,Lledó,0-16,2022,25
44141,Lledó,16-64,2022,93
44141,Lledó,65-100,2022,53
44141,Lledó,0-16,2023,25
44141,Lledó,16-64,2023,95
44141,Lledó,65-100,2023,53
44141,Lledó,0-16,2024,13
44141,Lledó,16-64,2024,90
44141,Lledó,65-100,2024,54
44141,Lledó,0-16,2025,13
44141,Lledó,16-64,2025,93
44141,Lledó,65-100,2025,58
44142,Maicas,0-16,2003,0
44142,Maicas,16-64,2003,27
44142,Maicas,65-100,2003,12
44142,Maicas,0-16,2004,0
44142,Maicas,16-64,2004,26
44142,Maicas,65-100,2004,13
44142,Maicas,0-16,2005,0
44142,Maicas,16-64,2005,27
44142,Maicas,65-100,2005,12
44142,Maicas,0-16,2006,0
44142,Maicas,16-64,2006,25
44142,Maicas,65-100,2006,11
44142,Maicas,0-16,2007,0
44142,Maicas,16-64,2007,23
44142,Maicas,65-100,2007,13
44142,Maicas,0-16,2008,0
44142,Maicas,16-64,2008,26
44142,Maicas,65-100,2008,12
44142,Maicas,0-16,2009,0
44142,Maicas,16-64,2009,25
44142,Maicas,65-100,2009,12
44142,Maicas,0-16,2010,0
44142,Maicas,16-64,2010,27
44142,Maicas,65-100,2010,15
44142,Maicas,0-16,2011,0
44142,Maicas,16-64,2011,25
44142,Maicas,65-100,2011,14
44142,Maicas,0-16,2012,0
44142,Maicas,16-64,2012,24
44142,Maicas,65-100,2012,14
44142,Maicas,0-16,2013,0
44142,Maicas,16-64,2013,24
44142,Maicas,65-100,2013,12
44142,Maicas,0-16,2014,0
44142,Maicas,16-64,2014,22
44142,Maicas,65-100,2014,13
44142,Maicas,0-16,2015,0
44142,Maicas,16-64,2015,21
44142,Maicas,65-100,2015,15
44142,Maicas,0-16,2016,0
44142,Maicas,16-64,2016,19
44142,Maicas,65-100,2016,16
44142,Maicas,0-16,2017,0
44142,Maicas,16-64,2017,17
44142,Maicas,65-100,2017,14
44142,Maicas,0-16,2018,0
44142,Maicas,16-64,2018,14
44142,Maicas,65-100,2018,13
44142,Maicas,0-16,2019,0
44142,Maicas,16-64,2019,15
44142,Maicas,65-100,2019,13
44142,Maicas,0-16,2020,0
44142,Maicas,16-64,2020,17
44142,Maicas,65-100,2020,14
44142,Maicas,0-16,2021,0
44142,Maicas,16-64,2021,17
44142,Maicas,65-100,2021,14
44142,Maicas,0-16,2022,0
44142,Maicas,16-64,2022,16
44142,Maicas,65-100,2022,15
44142,Maicas,0-16,2023,0
44142,Maicas,16-64,2023,17
44142,Maicas,65-100,2023,15
44142,Maicas,0-16,2024,0
44142,Maicas,16-64,2024,19
44142,Maicas,65-100,2024,16
44142,Maicas,0-16,2025,0
44142,Maicas,16-64,2025,21
44142,Maicas,65-100,2025,14
44143,Manzanera,0-16,2003,67
44143,Manzanera,16-64,2003,279
44143,Manzanera,65-100,2003,143
44143,Manzanera,0-16,2004,59
44143,Manzanera,16-64,2004,270
44143,Manzanera,65-100,2004,142
44143,Manzanera,0-16,2005,68
44143,Manzanera,16-64,2005,313
44143,Manzanera,65-100,2005,135
44143,Manzanera,0-16,2006,68
44143,Manzanera,16-64,2006,323
44143,Manzanera,65-100,2006,133
44143,Manzanera,0-16,2007,70
44143,Manzanera,16-64,2007,341
44143,Manzanera,65-100,2007,132
44143,Manzanera,0-16,2008,71
44143,Manzanera,16-64,2008,344
44143,Manzanera,65-100,2008,126
44143,Manzanera,0-16,2009,85
44143,Manzanera,16-64,2009,342
44143,Manzanera,65-100,2009,134
44143,Manzanera,0-16,2010,83
44143,Manzanera,16-64,2010,341
44143,Manzanera,65-100,2010,127
44143,Manzanera,0-16,2011,82
44143,Manzanera,16-64,2011,346
44143,Manzanera,65-100,2011,134
44143,Manzanera,0-16,2012,82
44143,Manzanera,16-64,2012,340
44143,Manzanera,65-100,2012,132
44143,Manzanera,0-16,2013,81
44143,Manzanera,16-64,2013,323
44143,Manzanera,65-100,2013,135
44143,Manzanera,0-16,2014,76
44143,Manzanera,16-64,2014,316
44143,Manzanera,65-100,2014,134
44143,Manzanera,0-16,2015,71
44143,Manzanera,16-64,2015,315
44143,Manzanera,65-100,2015,124
44143,Manzanera,0-16,2016,61
44143,Manzanera,16-64,2016,322
44143,Manzanera,65-100,2016,119
44143,Manzanera,0-16,2017,63
44143,Manzanera,16-64,2017,330
44143,Manzanera,65-100,2017,119
44143,Manzanera,0-16,2018,60
44143,Manzanera,16-64,2018,343
44143,Manzanera,65-100,2018,116
44143,Manzanera,0-16,2019,64
44143,Manzanera,16-64,2019,354
44143,Manzanera,65-100,2019,113
44143,Manzanera,0-16,2020,65
44143,Manzanera,16-64,2020,338
44143,Manzanera,65-100,2020,113
44143,Manzanera,0-16,2021,65
44143,Manzanera,16-64,2021,348
44143,Manzanera,65-100,2021,114
44143,Manzanera,0-16,2022,70
44143,Manzanera,16-64,2022,355
44143,Manzanera,65-100,2022,108
44143,Manzanera,0-16,2023,68
44143,Manzanera,16-64,2023,363
44143,Manzanera,65-100,2023,108
44143,Manzanera,0-16,2024,65
44143,Manzanera,16-64,2024,359
44143,Manzanera,65-100,2024,112
44143,Manzanera,0-16,2025,68
44143,Manzanera,16-64,2025,345
44143,Manzanera,65-100,2025,117
44144,Martín del Río,0-16,2003,65
44144,Martín del Río,16-64,2003,274
44144,Martín del Río,65-100,2003,136
44144,Martín del Río,0-16,2004,69
44144,Martín del Río,16-64,2004,277
44144,Martín del Río,65-100,2004,128
44144,Martín del Río,0-16,2005,72
44144,Martín del Río,16-64,2005,277
44144,Martín del Río,65-100,2005,126
44144,Martín del Río,0-16,2006,73
44144,Martín del Río,16-64,2006,280
44144,Martín del Río,65-100,2006,119
44144,Martín del Río,0-16,2007,73
44144,Martín del Río,16-64,2007,278
44144,Martín del Río,65-100,2007,116
44144,Martín del Río,0-16,2008,81
44144,Martín del Río,16-64,2008,271
44144,Martín del Río,65-100,2008,114
44144,Martín del Río,0-16,2009,80
44144,Martín del Río,16-64,2009,272
44144,Martín del Río,65-100,2009,115
44144,Martín del Río,0-16,2010,80
44144,Martín del Río,16-64,2010,279
44144,Martín del Río,65-100,2010,110
44144,Martín del Río,0-16,2011,69
44144,Martín del Río,16-64,2011,261
44144,Martín del Río,65-100,2011,102
44144,Martín del Río,0-16,2012,67
44144,Martín del Río,16-64,2012,259
44144,Martín del Río,65-100,2012,103
44144,Martín del Río,0-16,2013,68
44144,Martín del Río,16-64,2013,262
44144,Martín del Río,65-100,2013,107
44144,Martín del Río,0-16,2014,63
44144,Martín del Río,16-64,2014,261
44144,Martín del Río,65-100,2014,113
44144,Martín del Río,0-16,2015,63
44144,Martín del Río,16-64,2015,251
44144,Martín del Río,65-100,2015,127
44144,Martín del Río,0-16,2016,56
44144,Martín del Río,16-64,2016,246
44144,Martín del Río,65-100,2016,127
44144,Martín del Río,0-16,2017,62
44144,Martín del Río,16-64,2017,241
44144,Martín del Río,65-100,2017,129
44144,Martín del Río,0-16,2018,55
44144,Martín del Río,16-64,2018,236
44144,Martín del Río,65-100,2018,126
44144,Martín del Río,0-16,2019,49
44144,Martín del Río,16-64,2019,237
44144,Martín del Río,65-100,2019,115
44144,Martín del Río,0-16,2020,41
44144,Martín del Río,16-64,2020,233
44144,Martín del Río,65-100,2020,113
44144,Martín del Río,0-16,2021,37
44144,Martín del Río,16-64,2021,231
44144,Martín del Río,65-100,2021,104
44144,Martín del Río,0-16,2022,34
44144,Martín del Río,16-64,2022,226
44144,Martín del Río,65-100,2022,112
44144,Martín del Río,0-16,2023,38
44144,Martín del Río,16-64,2023,215
44144,Martín del Río,65-100,2023,114
44144,Martín del Río,0-16,2024,38
44144,Martín del Río,16-64,2024,222
44144,Martín del Río,65-100,2024,109
44144,Martín del Río,0-16,2025,38
44144,Martín del Río,16-64,2025,222
44144,Martín del Río,65-100,2025,107
44145,Mas de las Matas,0-16,2003,182
44145,Mas de las Matas,16-64,2003,842
44145,Mas de las Matas,65-100,2003,428
44145,Mas de las Matas,0-16,2004,179
44145,Mas de las Matas,16-64,2004,848
44145,Mas de las Matas,65-100,2004,419
44145,Mas de las Matas,0-16,2005,174
44145,Mas de las Matas,16-64,2005,841
44145,Mas de las Matas,65-100,2005,425
44145,Mas de las Matas,0-16,2006,174
44145,Mas de las Matas,16-64,2006,848
44145,Mas de las Matas,65-100,2006,428
44145,Mas de las Matas,0-16,2007,169
44145,Mas de las Matas,16-64,2007,853
44145,Mas de las Matas,65-100,2007,440
44145,Mas de las Matas,0-16,2008,168
44145,Mas de las Matas,16-64,2008,847
44145,Mas de las Matas,65-100,2008,430
44145,Mas de las Matas,0-16,2009,171
44145,Mas de las Matas,16-64,2009,831
44145,Mas de las Matas,65-100,2009,434
44145,Mas de las Matas,0-16,2010,154
44145,Mas de las Matas,16-64,2010,830
44145,Mas de las Matas,65-100,2010,431
44145,Mas de las Matas,0-16,2011,153
44145,Mas de las Matas,16-64,2011,820
44145,Mas de las Matas,65-100,2011,414
44145,Mas de las Matas,0-16,2012,149
44145,Mas de las Matas,16-64,2012,809
44145,Mas de las Matas,65-100,2012,402
44145,Mas de las Matas,0-16,2013,149
44145,Mas de las Matas,16-64,2013,804
44145,Mas de las Matas,65-100,2013,396
44145,Mas de las Matas,0-16,2014,147
44145,Mas de las Matas,16-64,2014,791
44145,Mas de las Matas,65-100,2014,386
44145,Mas de las Matas,0-16,2015,158
44145,Mas de las Matas,16-64,2015,780
44145,Mas de las Matas,65-100,2015,380
44145,Mas de las Matas,0-16,2016,156
44145,Mas de las Matas,16-64,2016,772
44145,Mas de las Matas,65-100,2016,374
44145,Mas de las Matas,0-16,2017,150
44145,Mas de las Matas,16-64,2017,742
44145,Mas de las Matas,65-100,2017,378
44145,Mas de las Matas,0-16,2018,154
44145,Mas de las Matas,16-64,2018,733
44145,Mas de las Matas,65-100,2018,385
44145,Mas de las Matas,0-16,2019,155
44145,Mas de las Matas,16-64,2019,731
44145,Mas de las Matas,65-100,2019,376
44145,Mas de las Matas,0-16,2020,151
44145,Mas de las Matas,16-64,2020,729
44145,Mas de las Matas,65-100,2020,378
44145,Mas de las Matas,0-16,2021,152
44145,Mas de las Matas,16-64,2021,747
44145,Mas de las Matas,65-100,2021,372
44145,Mas de las Matas,0-16,2022,144
44145,Mas de las Matas,16-64,2022,739
44145,Mas de las Matas,65-100,2022,372
44145,Mas de las Matas,0-16,2023,138
44145,Mas de las Matas,16-64,2023,721
44145,Mas de las Matas,65-100,2023,374
44145,Mas de las Matas,0-16,2024,134
44145,Mas de las Matas,16-64,2024,718
44145,Mas de las Matas,65-100,2024,372
44145,Mas de las Matas,0-16,2025,131
44145,Mas de las Matas,16-64,2025,727
44145,Mas de las Matas,65-100,2025,368
44146,La Mata de los Olmos,0-16,2003,31
44146,La Mata de los Olmos,16-64,2003,169
44146,La Mata de los Olmos,65-100,2003,74
44146,La Mata de los Olmos,0-16,2004,33
44146,La Mata de los Olmos,16-64,2004,165
44146,La Mata de los Olmos,65-100,2004,69
44146,La Mata de los Olmos,0-16,2005,32
44146,La Mata de los Olmos,16-64,2005,168
44146,La Mata de los Olmos,65-100,2005,66
44146,La Mata de los Olmos,0-16,2006,37
44146,La Mata de los Olmos,16-64,2006,168
44146,La Mata de los Olmos,65-100,2006,63
44146,La Mata de los Olmos,0-16,2007,35
44146,La Mata de los Olmos,16-64,2007,165
44146,La Mata de los Olmos,65-100,2007,64
44146,La Mata de los Olmos,0-16,2008,29
44146,La Mata de los Olmos,16-64,2008,175
44146,La Mata de los Olmos,65-100,2008,64
44146,La Mata de los Olmos,0-16,2009,29
44146,La Mata de los Olmos,16-64,2009,180
44146,La Mata de los Olmos,65-100,2009,62
44146,La Mata de los Olmos,0-16,2010,38
44146,La Mata de los Olmos,16-64,2010,194
44146,La Mata de los Olmos,65-100,2010,57
44146,La Mata de los Olmos,0-16,2011,41
44146,La Mata de los Olmos,16-64,2011,184
44146,La Mata de los Olmos,65-100,2011,58
44146,La Mata de los Olmos,0-16,2012,44
44146,La Mata de los Olmos,16-64,2012,178
44146,La Mata de los Olmos,65-100,2012,59
44146,La Mata de los Olmos,0-16,2013,46
44146,La Mata de los Olmos,16-64,2013,173
44146,La Mata de los Olmos,65-100,2013,61
44146,La Mata de los Olmos,0-16,2014,44
44146,La Mata de los Olmos,16-64,2014,167
44146,La Mata de los Olmos,65-100,2014,57
44146,La Mata de los Olmos,0-16,2015,44
44146,La Mata de los Olmos,16-64,2015,157
44146,La Mata de los Olmos,65-100,2015,60
44146,La Mata de los Olmos,0-16,2016,43
44146,La Mata de los Olmos,16-64,2016,156
44146,La Mata de los Olmos,65-100,2016,64
44146,La Mata de los Olmos,0-16,2017,43
44146,La Mata de los Olmos,16-64,2017,166
44146,La Mata de los Olmos,65-100,2017,63
44146,La Mata de los Olmos,0-16,2018,43
44146,La Mata de los Olmos,16-64,2018,160
44146,La Mata de los Olmos,65-100,2018,62
44146,La Mata de los Olmos,0-16,2019,39
44146,La Mata de los Olmos,16-64,2019,158
44146,La Mata de los Olmos,65-100,2019,60
44146,La Mata de los Olmos,0-16,2020,38
44146,La Mata de los Olmos,16-64,2020,162
44146,La Mata de los Olmos,65-100,2020,61
44146,La Mata de los Olmos,0-16,2021,34
44146,La Mata de los Olmos,16-64,2021,156
44146,La Mata de los Olmos,65-100,2021,67
44146,La Mata de los Olmos,0-16,2022,38
44146,La Mata de los Olmos,16-64,2022,167
44146,La Mata de los Olmos,65-100,2022,65
44146,La Mata de los Olmos,0-16,2023,40
44146,La Mata de los Olmos,16-64,2023,179
44146,La Mata de los Olmos,65-100,2023,61
44146,La Mata de los Olmos,0-16,2024,38
44146,La Mata de los Olmos,16-64,2024,179
44146,La Mata de los Olmos,65-100,2024,58
44146,La Mata de los Olmos,0-16,2025,36
44146,La Mata de los Olmos,16-64,2025,169
44146,La Mata de los Olmos,65-100,2025,56
44147,Mazaleón,0-16,2003,87
44147,Mazaleón,16-64,2003,317
44147,Mazaleón,65-100,2003,195
44147,Mazaleón,0-16,2004,85
44147,Mazaleón,16-64,2004,320
44147,Mazaleón,65-100,2004,182
44147,Mazaleón,0-16,2005,82
44147,Mazaleón,16-64,2005,320
44147,Mazaleón,65-100,2005,183
44147,Mazaleón,0-16,2006,80
44147,Mazaleón,16-64,2006,328
44147,Mazaleón,65-100,2006,181
44147,Mazaleón,0-16,2007,83
44147,Mazaleón,16-64,2007,333
44147,Mazaleón,65-100,2007,177
44147,Mazaleón,0-16,2008,76
44147,Mazaleón,16-64,2008,330
44147,Mazaleón,65-100,2008,176
44147,Mazaleón,0-16,2009,82
44147,Mazaleón,16-64,2009,331
44147,Mazaleón,65-100,2009,175
44147,Mazaleón,0-16,2010,76
44147,Mazaleón,16-64,2010,331
44147,Mazaleón,65-100,2010,179
44147,Mazaleón,0-16,2011,68
44147,Mazaleón,16-64,2011,325
44147,Mazaleón,65-100,2011,171
44147,Mazaleón,0-16,2012,67
44147,Mazaleón,16-64,2012,330
44147,Mazaleón,65-100,2012,170
44147,Mazaleón,0-16,2013,67
44147,Mazaleón,16-64,2013,323
44147,Mazaleón,65-100,2013,168
44147,Mazaleón,0-16,2014,65
44147,Mazaleón,16-64,2014,316
44147,Mazaleón,65-100,2014,159
44147,Mazaleón,0-16,2015,57
44147,Mazaleón,16-64,2015,320
44147,Mazaleón,65-100,2015,157
44147,Mazaleón,0-16,2016,55
44147,Mazaleón,16-64,2016,327
44147,Mazaleón,65-100,2016,158
44147,Mazaleón,0-16,2017,60
44147,Mazaleón,16-64,2017,328
44147,Mazaleón,65-100,2017,155
44147,Mazaleón,0-16,2018,62
44147,Mazaleón,16-64,2018,330
44147,Mazaleón,65-100,2018,147
44147,Mazaleón,0-16,2019,59
44147,Mazaleón,16-64,2019,326
44147,Mazaleón,65-100,2019,137
44147,Mazaleón,0-16,2020,58
44147,Mazaleón,16-64,2020,319
44147,Mazaleón,65-100,2020,134
44147,Mazaleón,0-16,2021,56
44147,Mazaleón,16-64,2021,308
44147,Mazaleón,65-100,2021,139
44147,Mazaleón,0-16,2022,53
44147,Mazaleón,16-64,2022,304
44147,Mazaleón,65-100,2022,130
44147,Mazaleón,0-16,2023,56
44147,Mazaleón,16-64,2023,295
44147,Mazaleón,65-100,2023,135
44147,Mazaleón,0-16,2024,58
44147,Mazaleón,16-64,2024,285
44147,Mazaleón,65-100,2024,138
44147,Mazaleón,0-16,2025,52
44147,Mazaleón,16-64,2025,282
44147,Mazaleón,65-100,2025,138
44148,Mezquita de Jarque,0-16,2003,8
44148,Mezquita de Jarque,16-64,2003,75
44148,Mezquita de Jarque,65-100,2003,46
44148,Mezquita de Jarque,0-16,2004,9
44148,Mezquita de Jarque,16-64,2004,67
44148,Mezquita de Jarque,65-100,2004,47
44148,Mezquita de Jarque,0-16,2005,8
44148,Mezquita de Jarque,16-64,2005,71
44148,Mezquita de Jarque,65-100,2005,45
44148,Mezquita de Jarque,0-16,2006,9
44148,Mezquita de Jarque,16-64,2006,66
44148,Mezquita de Jarque,65-100,2006,50
44148,Mezquita de Jarque,0-16,2007,12
44148,Mezquita de Jarque,16-64,2007,72
44148,Mezquita de Jarque,65-100,2007,45
44148,Mezquita de Jarque,0-16,2008,10
44148,Mezquita de Jarque,16-64,2008,75
44148,Mezquita de Jarque,65-100,2008,46
44148,Mezquita de Jarque,0-16,2009,7
44148,Mezquita de Jarque,16-64,2009,72
44148,Mezquita de Jarque,65-100,2009,45
44148,Mezquita de Jarque,0-16,2010,8
44148,Mezquita de Jarque,16-64,2010,68
44148,Mezquita de Jarque,65-100,2010,44
44148,Mezquita de Jarque,0-16,2011,6
44148,Mezquita de Jarque,16-64,2011,66
44148,Mezquita de Jarque,65-100,2011,45
44148,Mezquita de Jarque,0-16,2012,6
44148,Mezquita de Jarque,16-64,2012,66
44148,Mezquita de Jarque,65-100,2012,46
44148,Mezquita de Jarque,0-16,2013,9
44148,Mezquita de Jarque,16-64,2013,67
44148,Mezquita de Jarque,65-100,2013,45
44148,Mezquita de Jarque,0-16,2014,7
44148,Mezquita de Jarque,16-64,2014,66
44148,Mezquita de Jarque,65-100,2014,44
44148,Mezquita de Jarque,0-16,2015,8
44148,Mezquita de Jarque,16-64,2015,67
44148,Mezquita de Jarque,65-100,2015,40
44148,Mezquita de Jarque,0-16,2016,8
44148,Mezquita de Jarque,16-64,2016,60
44148,Mezquita de Jarque,65-100,2016,41
44148,Mezquita de Jarque,0-16,2017,9
44148,Mezquita de Jarque,16-64,2017,53
44148,Mezquita de Jarque,65-100,2017,40
44148,Mezquita de Jarque,0-16,2018,9
44148,Mezquita de Jarque,16-64,2018,51
44148,Mezquita de Jarque,65-100,2018,38
44148,Mezquita de Jarque,0-16,2019,10
44148,Mezquita de Jarque,16-64,2019,50
44148,Mezquita de Jarque,65-100,2019,36
44148,Mezquita de Jarque,0-16,2020,9
44148,Mezquita de Jarque,16-64,2020,46
44148,Mezquita de Jarque,65-100,2020,34
44148,Mezquita de Jarque,0-16,2021,7
44148,Mezquita de Jarque,16-64,2021,47
44148,Mezquita de Jarque,65-100,2021,33
44148,Mezquita de Jarque,0-16,2022,9
44148,Mezquita de Jarque,16-64,2022,46
44148,Mezquita de Jarque,65-100,2022,29
44148,Mezquita de Jarque,0-16,2023,9
44148,Mezquita de Jarque,16-64,2023,46
44148,Mezquita de Jarque,65-100,2023,27
44148,Mezquita de Jarque,0-16,2024,9
44148,Mezquita de Jarque,16-64,2024,45
44148,Mezquita de Jarque,65-100,2024,27
44148,Mezquita de Jarque,0-16,2025,10
44148,Mezquita de Jarque,16-64,2025,47
44148,Mezquita de Jarque,65-100,2025,26
44149,Mirambel,0-16,2003,16
44149,Mirambel,16-64,2003,82
44149,Mirambel,65-100,2003,46
44149,Mirambel,0-16,2004,14
44149,Mirambel,16-64,2004,79
44149,Mirambel,65-100,2004,44
44149,Mirambel,0-16,2005,8
44149,Mirambel,16-64,2005,84
44149,Mirambel,65-100,2005,47
44149,Mirambel,0-16,2006,8
44149,Mirambel,16-64,2006,84
44149,Mirambel,65-100,2006,42
44149,Mirambel,0-16,2007,4
44149,Mirambel,16-64,2007,87
44149,Mirambel,65-100,2007,40
44149,Mirambel,0-16,2008,6
44149,Mirambel,16-64,2008,84
44149,Mirambel,65-100,2008,39
44149,Mirambel,0-16,2009,9
44149,Mirambel,16-64,2009,87
44149,Mirambel,65-100,2009,36
44149,Mirambel,0-16,2010,7
44149,Mirambel,16-64,2010,82
44149,Mirambel,65-100,2010,36
44149,Mirambel,0-16,2011,12
44149,Mirambel,16-64,2011,87
44149,Mirambel,65-100,2011,34
44149,Mirambel,0-16,2012,12
44149,Mirambel,16-64,2012,89
44149,Mirambel,65-100,2012,28
44149,Mirambel,0-16,2013,10
44149,Mirambel,16-64,2013,78
44149,Mirambel,65-100,2013,25
44149,Mirambel,0-16,2014,11
44149,Mirambel,16-64,2014,80
44149,Mirambel,65-100,2014,26
44149,Mirambel,0-16,2015,12
44149,Mirambel,16-64,2015,82
44149,Mirambel,65-100,2015,25
44149,Mirambel,0-16,2016,12
44149,Mirambel,16-64,2016,83
44149,Mirambel,65-100,2016,27
44149,Mirambel,0-16,2017,12
44149,Mirambel,16-64,2017,78
44149,Mirambel,65-100,2017,29
44149,Mirambel,0-16,2018,14
44149,Mirambel,16-64,2018,76
44149,Mirambel,65-100,2018,26
44149,Mirambel,0-16,2019,15
44149,Mirambel,16-64,2019,74
44149,Mirambel,65-100,2019,27
44149,Mirambel,0-16,2020,14
44149,Mirambel,16-64,2020,75
44149,Mirambel,65-100,2020,27
44149,Mirambel,0-16,2021,15
44149,Mirambel,16-64,2021,70
44149,Mirambel,65-100,2021,26
44149,Mirambel,0-16,2022,16
44149,Mirambel,16-64,2022,69
44149,Mirambel,65-100,2022,26
44149,Mirambel,0-16,2023,13
44149,Mirambel,16-64,2023,63
44149,Mirambel,65-100,2023,29
44149,Mirambel,0-16,2024,15
44149,Mirambel,16-64,2024,60
44149,Mirambel,65-100,2024,32
44149,Mirambel,0-16,2025,16
44149,Mirambel,16-64,2025,62
44149,Mirambel,65-100,2025,32
44150,Miravete de la Sierra,0-16,2003,0
44150,Miravete de la Sierra,16-64,2003,18
44150,Miravete de la Sierra,65-100,2003,24
44150,Miravete de la Sierra,0-16,2004,0
44150,Miravete de la Sierra,16-64,2004,18
44150,Miravete de la Sierra,65-100,2004,23
44150,Miravete de la Sierra,0-16,2005,2
44150,Miravete de la Sierra,16-64,2005,21
44150,Miravete de la Sierra,65-100,2005,21
44150,Miravete de la Sierra,0-16,2006,1
44150,Miravete de la Sierra,16-64,2006,19
44150,Miravete de la Sierra,65-100,2006,21
44150,Miravete de la Sierra,0-16,2007,3
44150,Miravete de la Sierra,16-64,2007,22
44150,Miravete de la Sierra,65-100,2007,22
44150,Miravete de la Sierra,0-16,2008,1
44150,Miravete de la Sierra,16-64,2008,20
44150,Miravete de la Sierra,65-100,2008,20
44150,Miravete de la Sierra,0-16,2009,2
44150,Miravete de la Sierra,16-64,2009,21
44150,Miravete de la Sierra,65-100,2009,19
44150,Miravete de la Sierra,0-16,2010,2
44150,Miravete de la Sierra,16-64,2010,19
44150,Miravete de la Sierra,65-100,2010,17
44150,Miravete de la Sierra,0-16,2011,2
44150,Miravete de la Sierra,16-64,2011,15
44150,Miravete de la Sierra,65-100,2011,16
44150,Miravete de la Sierra,0-16,2012,1
44150,Miravete de la Sierra,16-64,2012,16
44150,Miravete de la Sierra,65-100,2012,16
44150,Miravete de la Sierra,0-16,2013,0
44150,Miravete de la Sierra,16-64,2013,15
44150,Miravete de la Sierra,65-100,2013,14
44150,Miravete de la Sierra,0-16,2014,0
44150,Miravete de la Sierra,16-64,2014,20
44150,Miravete de la Sierra,65-100,2014,14
44150,Miravete de la Sierra,0-16,2015,0
44150,Miravete de la Sierra,16-64,2015,18
44150,Miravete de la Sierra,65-100,2015,11
44150,Miravete de la Sierra,0-16,2016,0
44150,Miravete de la Sierra,16-64,2016,18
44150,Miravete de la Sierra,65-100,2016,10
44150,Miravete de la Sierra,0-16,2017,1
44150,Miravete de la Sierra,16-64,2017,18
44150,Miravete de la Sierra,65-100,2017,12
44150,Miravete de la Sierra,0-16,2018,1
44150,Miravete de la Sierra,16-64,2018,22
44150,Miravete de la Sierra,65-100,2018,12
44150,Miravete de la Sierra,0-16,2019,1
44150,Miravete de la Sierra,16-64,2019,20
44150,Miravete de la Sierra,65-100,2019,10
44150,Miravete de la Sierra,0-16,2020,1
44150,Miravete de la Sierra,16-64,2020,29
44150,Miravete de la Sierra,65-100,2020,8
44150,Miravete de la Sierra,0-16,2021,2
44150,Miravete de la Sierra,16-64,2021,30
44150,Miravete de la Sierra,65-100,2021,6
44150,Miravete de la Sierra,0-16,2022,2
44150,Miravete de la Sierra,16-64,2022,19
44150,Miravete de la Sierra,65-100,2022,6
44150,Miravete de la Sierra,0-16,2023,2
44150,Miravete de la Sierra,16-64,2023,21
44150,Miravete de la Sierra,65-100,2023,5
44150,Miravete de la Sierra,0-16,2024,3
44150,Miravete de la Sierra,16-64,2024,23
44150,Miravete de la Sierra,65-100,2024,6
44150,Miravete de la Sierra,0-16,2025,3
44150,Miravete de la Sierra,16-64,2025,21
44150,Miravete de la Sierra,65-100,2025,7
44151,Molinos,0-16,2003,23
44151,Molinos,16-64,2003,161
44151,Molinos,65-100,2003,122
44151,Molinos,0-16,2004,23
44151,Molinos,16-64,2004,171
44151,Molinos,65-100,2004,119
44151,Molinos,0-16,2005,26
44151,Molinos,16-64,2005,172
44151,Molinos,65-100,2005,113
44151,Molinos,0-16,2006,28
44151,Molinos,16-64,2006,175
44151,Molinos,65-100,2006,109
44151,Molinos,0-16,2007,26
44151,Molinos,16-64,2007,185
44151,Molinos,65-100,2007,105
44151,Molinos,0-16,2008,27
44151,Molinos,16-64,2008,181
44151,Molinos,65-100,2008,93
44151,Molinos,0-16,2009,24
44151,Molinos,16-64,2009,198
44151,Molinos,65-100,2009,90
44151,Molinos,0-16,2010,27
44151,Molinos,16-64,2010,188
44151,Molinos,65-100,2010,88
44151,Molinos,0-16,2011,23
44151,Molinos,16-64,2011,178
44151,Molinos,65-100,2011,82
44151,Molinos,0-16,2012,25
44151,Molinos,16-64,2012,178
44151,Molinos,65-100,2012,83
44151,Molinos,0-16,2013,25
44151,Molinos,16-64,2013,170
44151,Molinos,65-100,2013,81
44151,Molinos,0-16,2014,28
44151,Molinos,16-64,2014,154
44151,Molinos,65-100,2014,82
44151,Molinos,0-16,2015,27
44151,Molinos,16-64,2015,152
44151,Molinos,65-100,2015,79
44151,Molinos,0-16,2016,26
44151,Molinos,16-64,2016,145
44151,Molinos,65-100,2016,80
44151,Molinos,0-16,2017,23
44151,Molinos,16-64,2017,146
44151,Molinos,65-100,2017,76
44151,Molinos,0-16,2018,25
44151,Molinos,16-64,2018,145
44151,Molinos,65-100,2018,73
44151,Molinos,0-16,2019,23
44151,Molinos,16-64,2019,137
44151,Molinos,65-100,2019,79
44151,Molinos,0-16,2020,15
44151,Molinos,16-64,2020,124
44151,Molinos,65-100,2020,83
44151,Molinos,0-16,2021,23
44151,Molinos,16-64,2021,133
44151,Molinos,65-100,2021,82
44151,Molinos,0-16,2022,19
44151,Molinos,16-64,2022,128
44151,Molinos,65-100,2022,80
44151,Molinos,0-16,2023,18
44151,Molinos,16-64,2023,127
44151,Molinos,65-100,2023,79
44151,Molinos,0-16,2024,19
44151,Molinos,16-64,2024,129
44151,Molinos,65-100,2024,80
44151,Molinos,0-16,2025,21
44151,Molinos,16-64,2025,129
44151,Molinos,65-100,2025,83
44152,Monforte de Moyuela,0-16,2003,2
44152,Monforte de Moyuela,16-64,2003,44
44152,Monforte de Moyuela,65-100,2003,27
44152,Monforte de Moyuela,0-16,2004,2
44152,Monforte de Moyuela,16-64,2004,46
44152,Monforte de Moyuela,65-100,2004,27
44152,Monforte de Moyuela,0-16,2005,2
44152,Monforte de Moyuela,16-64,2005,46
44152,Monforte de Moyuela,65-100,2005,28
44152,Monforte de Moyuela,0-16,2006,0
44152,Monforte de Moyuela,16-64,2006,50
44152,Monforte de Moyuela,65-100,2006,31
44152,Monforte de Moyuela,0-16,2007,0
44152,Monforte de Moyuela,16-64,2007,50
44152,Monforte de Moyuela,65-100,2007,30
44152,Monforte de Moyuela,0-16,2008,4
44152,Monforte de Moyuela,16-64,2008,50
44152,Monforte de Moyuela,65-100,2008,30
44152,Monforte de Moyuela,0-16,2009,3
44152,Monforte de Moyuela,16-64,2009,49
44152,Monforte de Moyuela,65-100,2009,28
44152,Monforte de Moyuela,0-16,2010,1
44152,Monforte de Moyuela,16-64,2010,44
44152,Monforte de Moyuela,65-100,2010,24
44152,Monforte de Moyuela,0-16,2011,0
44152,Monforte de Moyuela,16-64,2011,37
44152,Monforte de Moyuela,65-100,2011,27
44152,Monforte de Moyuela,0-16,2012,0
44152,Monforte de Moyuela,16-64,2012,34
44152,Monforte de Moyuela,65-100,2012,29
44152,Monforte de Moyuela,0-16,2013,1
44152,Monforte de Moyuela,16-64,2013,38
44152,Monforte de Moyuela,65-100,2013,27
44152,Monforte de Moyuela,0-16,2014,1
44152,Monforte de Moyuela,16-64,2014,37
44152,Monforte de Moyuela,65-100,2014,25
44152,Monforte de Moyuela,0-16,2015,1
44152,Monforte de Moyuela,16-64,2015,38
44152,Monforte de Moyuela,65-100,2015,27
44152,Monforte de Moyuela,0-16,2016,1
44152,Monforte de Moyuela,16-64,2016,37
44152,Monforte de Moyuela,65-100,2016,28
44152,Monforte de Moyuela,0-16,2017,0
44152,Monforte de Moyuela,16-64,2017,37
44152,Monforte de Moyuela,65-100,2017,27
44152,Monforte de Moyuela,0-16,2018,0
44152,Monforte de Moyuela,16-64,2018,36
44152,Monforte de Moyuela,65-100,2018,29
44152,Monforte de Moyuela,0-16,2019,0
44152,Monforte de Moyuela,16-64,2019,38
44152,Monforte de Moyuela,65-100,2019,29
44152,Monforte de Moyuela,0-16,2020,0
44152,Monforte de Moyuela,16-64,2020,41
44152,Monforte de Moyuela,65-100,2020,30
44152,Monforte de Moyuela,0-16,2021,0
44152,Monforte de Moyuela,16-64,2021,45
44152,Monforte de Moyuela,65-100,2021,26
44152,Monforte de Moyuela,0-16,2022,1
44152,Monforte de Moyuela,16-64,2022,43
44152,Monforte de Moyuela,65-100,2022,31
44152,Monforte de Moyuela,0-16,2023,6
44152,Monforte de Moyuela,16-64,2023,48
44152,Monforte de Moyuela,65-100,2023,29
44152,Monforte de Moyuela,0-16,2024,3
44152,Monforte de Moyuela,16-64,2024,45
44152,Monforte de Moyuela,65-100,2024,27
44152,Monforte de Moyuela,0-16,2025,11
44152,Monforte de Moyuela,16-64,2025,45
44152,Monforte de Moyuela,65-100,2025,27
44153,Monreal del Campo,0-16,2003,388
44153,Monreal del Campo,16-64,2003,1467
44153,Monreal del Campo,65-100,2003,553
44153,Monreal del Campo,0-16,2004,371
44153,Monreal del Campo,16-64,2004,1463
44153,Monreal del Campo,65-100,2004,557
44153,Monreal del Campo,0-16,2005,393
44153,Monreal del Campo,16-64,2005,1522
44153,Monreal del Campo,65-100,2005,565
44153,Monreal del Campo,0-16,2006,394
44153,Monreal del Campo,16-64,2006,1576
44153,Monreal del Campo,65-100,2006,588
44153,Monreal del Campo,0-16,2007,401
44153,Monreal del Campo,16-64,2007,1656
44153,Monreal del Campo,65-100,2007,595
44153,Monreal del Campo,0-16,2008,414
44153,Monreal del Campo,16-64,2008,1737
44153,Monreal del Campo,65-100,2008,615
44153,Monreal del Campo,0-16,2009,411
44153,Monreal del Campo,16-64,2009,1738
44153,Monreal del Campo,65-100,2009,595
44153,Monreal del Campo,0-16,2010,439
44153,Monreal del Campo,16-64,2010,1740
44153,Monreal del Campo,65-100,2010,586
44153,Monreal del Campo,0-16,2011,440
44153,Monreal del Campo,16-64,2011,1748
44153,Monreal del Campo,65-100,2011,580
44153,Monreal del Campo,0-16,2012,434
44153,Monreal del Campo,16-64,2012,1697
44153,Monreal del Campo,65-100,2012,578
44153,Monreal del Campo,0-16,2013,430
44153,Monreal del Campo,16-64,2013,1697
44153,Monreal del Campo,65-100,2013,553
44153,Monreal del Campo,0-16,2014,429
44153,Monreal del Campo,16-64,2014,1682
44153,Monreal del Campo,65-100,2014,525
44153,Monreal del Campo,0-16,2015,443
44153,Monreal del Campo,16-64,2015,1659
44153,Monreal del Campo,65-100,2015,509
44153,Monreal del Campo,0-16,2016,432
44153,Monreal del Campo,16-64,2016,1596
44153,Monreal del Campo,65-100,2016,498
44153,Monreal del Campo,0-16,2017,404
44153,Monreal del Campo,16-64,2017,1590
44153,Monreal del Campo,65-100,2017,484
44153,Monreal del Campo,0-16,2018,398
44153,Monreal del Campo,16-64,2018,1561
44153,Monreal del Campo,65-100,2018,474
44153,Monreal del Campo,0-16,2019,412
44153,Monreal del Campo,16-64,2019,1552
44153,Monreal del Campo,65-100,2019,470
44153,Monreal del Campo,0-16,2020,435
44153,Monreal del Campo,16-64,2020,1570
44153,Monreal del Campo,65-100,2020,482
44153,Monreal del Campo,0-16,2021,448
44153,Monreal del Campo,16-64,2021,1585
44153,Monreal del Campo,65-100,2021,489
44153,Monreal del Campo,0-16,2022,443
44153,Monreal del Campo,16-64,2022,1557
44153,Monreal del Campo,65-100,2022,499
44153,Monreal del Campo,0-16,2023,455
44153,Monreal del Campo,16-64,2023,1529
44153,Monreal del Campo,65-100,2023,503
44153,Monreal del Campo,0-16,2024,471
44153,Monreal del Campo,16-64,2024,1554
44153,Monreal del Campo,65-100,2024,515
44153,Monreal del Campo,0-16,2025,477
44153,Monreal del Campo,16-64,2025,1573
44153,Monreal del Campo,65-100,2025,530
44154,Monroyo,0-16,2003,32
44154,Monroyo,16-64,2003,176
44154,Monroyo,65-100,2003,122
44154,Monroyo,0-16,2004,28
44154,Monroyo,16-64,2004,175
44154,Monroyo,65-100,2004,121
44154,Monroyo,0-16,2005,26
44154,Monroyo,16-64,2005,168
44154,Monroyo,65-100,2005,120
44154,Monroyo,0-16,2006,23
44154,Monroyo,16-64,2006,163
44154,Monroyo,65-100,2006,121
44154,Monroyo,0-16,2007,32
44154,Monroyo,16-64,2007,207
44154,Monroyo,65-100,2007,99
44154,Monroyo,0-16,2008,38
44154,Monroyo,16-64,2008,250
44154,Monroyo,65-100,2008,97
44154,Monroyo,0-16,2009,45
44154,Monroyo,16-64,2009,254
44154,Monroyo,65-100,2009,96
44154,Monroyo,0-16,2010,43
44154,Monroyo,16-64,2010,248
44154,Monroyo,65-100,2010,88
44154,Monroyo,0-16,2011,40
44154,Monroyo,16-64,2011,269
44154,Monroyo,65-100,2011,85
44154,Monroyo,0-16,2012,38
44154,Monroyo,16-64,2012,268
44154,Monroyo,65-100,2012,84
44154,Monroyo,0-16,2013,34
44154,Monroyo,16-64,2013,249
44154,Monroyo,65-100,2013,84
44154,Monroyo,0-16,2014,37
44154,Monroyo,16-64,2014,243
44154,Monroyo,65-100,2014,84
44154,Monroyo,0-16,2015,36
44154,Monroyo,16-64,2015,237
44154,Monroyo,65-100,2015,87
44154,Monroyo,0-16,2016,37
44154,Monroyo,16-64,2016,220
44154,Monroyo,65-100,2016,81
44154,Monroyo,0-16,2017,41
44154,Monroyo,16-64,2017,217
44154,Monroyo,65-100,2017,77
44154,Monroyo,0-16,2018,52
44154,Monroyo,16-64,2018,212
44154,Monroyo,65-100,2018,76
44154,Monroyo,0-16,2019,52
44154,Monroyo,16-64,2019,211
44154,Monroyo,65-100,2019,77
44154,Monroyo,0-16,2020,52
44154,Monroyo,16-64,2020,200
44154,Monroyo,65-100,2020,80
44154,Monroyo,0-16,2021,50
44154,Monroyo,16-64,2021,190
44154,Monroyo,65-100,2021,78
44154,Monroyo,0-16,2022,49
44154,Monroyo,16-64,2022,187
44154,Monroyo,65-100,2022,76
44154,Monroyo,0-16,2023,48
44154,Monroyo,16-64,2023,195
44154,Monroyo,65-100,2023,76
44154,Monroyo,0-16,2024,43
44154,Monroyo,16-64,2024,196
44154,Monroyo,65-100,2024,74
44154,Monroyo,0-16,2025,43
44154,Monroyo,16-64,2025,206
44154,Monroyo,65-100,2025,78
44155,Montalbán,0-16,2003,218
44155,Montalbán,16-64,2003,959
44155,Montalbán,65-100,2003,353
44155,Montalbán,0-16,2004,206
44155,Montalbán,16-64,2004,946
44155,Montalbán,65-100,2004,346
44155,Montalbán,0-16,2005,207
44155,Montalbán,16-64,2005,947
44155,Montalbán,65-100,2005,333
44155,Montalbán,0-16,2006,191
44155,Montalbán,16-64,2006,961
44155,Montalbán,65-100,2006,334
44155,Montalbán,0-16,2007,197
44155,Montalbán,16-64,2007,970
44155,Montalbán,65-100,2007,325
44155,Montalbán,0-16,2008,186
44155,Montalbán,16-64,2008,964
44155,Montalbán,65-100,2008,327
44155,Montalbán,0-16,2009,183
44155,Montalbán,16-64,2009,945
44155,Montalbán,65-100,2009,320
44155,Montalbán,0-16,2010,168
44155,Montalbán,16-64,2010,922
44155,Montalbán,65-100,2010,318
44155,Montalbán,0-16,2011,165
44155,Montalbán,16-64,2011,912
44155,Montalbán,65-100,2011,315
44155,Montalbán,0-16,2012,155
44155,Montalbán,16-64,2012,877
44155,Montalbán,65-100,2012,318
44155,Montalbán,0-16,2013,160
44155,Montalbán,16-64,2013,859
44155,Montalbán,65-100,2013,322
44155,Montalbán,0-16,2014,160
44155,Montalbán,16-64,2014,850
44155,Montalbán,65-100,2014,325
44155,Montalbán,0-16,2015,162
44155,Montalbán,16-64,2015,842
44155,Montalbán,65-100,2015,323
44155,Montalbán,0-16,2016,151
44155,Montalbán,16-64,2016,806
44155,Montalbán,65-100,2016,324
44155,Montalbán,0-16,2017,139
44155,Montalbán,16-64,2017,787
44155,Montalbán,65-100,2017,330
44155,Montalbán,0-16,2018,137
44155,Montalbán,16-64,2018,777
44155,Montalbán,65-100,2018,329
44155,Montalbán,0-16,2019,138
44155,Montalbán,16-64,2019,769
44155,Montalbán,65-100,2019,326
44155,Montalbán,0-16,2020,130
44155,Montalbán,16-64,2020,787
44155,Montalbán,65-100,2020,328
44155,Montalbán,0-16,2021,132
44155,Montalbán,16-64,2021,753
44155,Montalbán,65-100,2021,352
44155,Montalbán,0-16,2022,128
44155,Montalbán,16-64,2022,736
44155,Montalbán,65-100,2022,345
44155,Montalbán,0-16,2023,125
44155,Montalbán,16-64,2023,712
44155,Montalbán,65-100,2023,343
44155,Montalbán,0-16,2024,126
44155,Montalbán,16-64,2024,690
44155,Montalbán,65-100,2024,349
44155,Montalbán,0-16,2025,115
44155,Montalbán,16-64,2025,687
44155,Montalbán,65-100,2025,359
44156,Monteagudo del Castillo,0-16,2003,6
44156,Monteagudo del Castillo,16-64,2003,36
44156,Monteagudo del Castillo,65-100,2003,25
44156,Monteagudo del Castillo,0-16,2004,7
44156,Monteagudo del Castillo,16-64,2004,37
44156,Monteagudo del Castillo,65-100,2004,24
44156,Monteagudo del Castillo,0-16,2005,5
44156,Monteagudo del Castillo,16-64,2005,36
44156,Monteagudo del Castillo,65-100,2005,24
44156,Monteagudo del Castillo,0-16,2006,5
44156,Monteagudo del Castillo,16-64,2006,38
44156,Monteagudo del Castillo,65-100,2006,24
44156,Monteagudo del Castillo,0-16,2007,6
44156,Monteagudo del Castillo,16-64,2007,45
44156,Monteagudo del Castillo,65-100,2007,23
44156,Monteagudo del Castillo,0-16,2008,6
44156,Monteagudo del Castillo,16-64,2008,47
44156,Monteagudo del Castillo,65-100,2008,24
44156,Monteagudo del Castillo,0-16,2009,7
44156,Monteagudo del Castillo,16-64,2009,51
44156,Monteagudo del Castillo,65-100,2009,22
44156,Monteagudo del Castillo,0-16,2010,8
44156,Monteagudo del Castillo,16-64,2010,42
44156,Monteagudo del Castillo,65-100,2010,21
44156,Monteagudo del Castillo,0-16,2011,7
44156,Monteagudo del Castillo,16-64,2011,38
44156,Monteagudo del Castillo,65-100,2011,21
44156,Monteagudo del Castillo,0-16,2012,6
44156,Monteagudo del Castillo,16-64,2012,40
44156,Monteagudo del Castillo,65-100,2012,21
44156,Monteagudo del Castillo,0-16,2013,4
44156,Monteagudo del Castillo,16-64,2013,36
44156,Monteagudo del Castillo,65-100,2013,19
44156,Monteagudo del Castillo,0-16,2014,4
44156,Monteagudo del Castillo,16-64,2014,34
44156,Monteagudo del Castillo,65-100,2014,17
44156,Monteagudo del Castillo,0-16,2015,4
44156,Monteagudo del Castillo,16-64,2015,32
44156,Monteagudo del Castillo,65-100,2015,16
44156,Monteagudo del Castillo,0-16,2016,5
44156,Monteagudo del Castillo,16-64,2016,32
44156,Monteagudo del Castillo,65-100,2016,15
44156,Monteagudo del Castillo,0-16,2017,4
44156,Monteagudo del Castillo,16-64,2017,31
44156,Monteagudo del Castillo,65-100,2017,16
44156,Monteagudo del Castillo,0-16,2018,2
44156,Monteagudo del Castillo,16-64,2018,32
44156,Monteagudo del Castillo,65-100,2018,16
44156,Monteagudo del Castillo,0-16,2019,2
44156,Monteagudo del Castillo,16-64,2019,35
44156,Monteagudo del Castillo,65-100,2019,17
44156,Monteagudo del Castillo,0-16,2020,2
44156,Monteagudo del Castillo,16-64,2020,33
44156,Monteagudo del Castillo,65-100,2020,14
44156,Monteagudo del Castillo,0-16,2021,4
44156,Monteagudo del Castillo,16-64,2021,33
44156,Monteagudo del Castillo,65-100,2021,14
44156,Monteagudo del Castillo,0-16,2022,1
44156,Monteagudo del Castillo,16-64,2022,29
44156,Monteagudo del Castillo,65-100,2022,13
44156,Monteagudo del Castillo,0-16,2023,1
44156,Monteagudo del Castillo,16-64,2023,28
44156,Monteagudo del Castillo,65-100,2023,14
44156,Monteagudo del Castillo,0-16,2024,1
44156,Monteagudo del Castillo,16-64,2024,27
44156,Monteagudo del Castillo,65-100,2024,15
44156,Monteagudo del Castillo,0-16,2025,1
44156,Monteagudo del Castillo,16-64,2025,28
44156,Monteagudo del Castillo,65-100,2025,13
44157,Monterde de Albarracín,0-16,2003,3
44157,Monterde de Albarracín,16-64,2003,17
44157,Monterde de Albarracín,65-100,2003,38
44157,Monterde de Albarracín,0-16,2004,2
44157,Monterde de Albarracín,16-64,2004,17
44157,Monterde de Albarracín,65-100,2004,39
44157,Monterde de Albarracín,0-16,2005,2
44157,Monterde de Albarracín,16-64,2005,16
44157,Monterde de Albarracín,65-100,2005,39
44157,Monterde de Albarracín,0-16,2006,2
44157,Monterde de Albarracín,16-64,2006,15
44157,Monterde de Albarracín,65-100,2006,37
44157,Monterde de Albarracín,0-16,2007,2
44157,Monterde de Albarracín,16-64,2007,14
44157,Monterde de Albarracín,65-100,2007,37
44157,Monterde de Albarracín,0-16,2008,2
44157,Monterde de Albarracín,16-64,2008,35
44157,Monterde de Albarracín,65-100,2008,37
44157,Monterde de Albarracín,0-16,2009,2
44157,Monterde de Albarracín,16-64,2009,33
44157,Monterde de Albarracín,65-100,2009,38
44157,Monterde de Albarracín,0-16,2010,2
44157,Monterde de Albarracín,16-64,2010,31
44157,Monterde de Albarracín,65-100,2010,36
44157,Monterde de Albarracín,0-16,2011,1
44157,Monterde de Albarracín,16-64,2011,30
44157,Monterde de Albarracín,65-100,2011,33
44157,Monterde de Albarracín,0-16,2012,2
44157,Monterde de Albarracín,16-64,2012,31
44157,Monterde de Albarracín,65-100,2012,33
44157,Monterde de Albarracín,0-16,2013,0
44157,Monterde de Albarracín,16-64,2013,26
44157,Monterde de Albarracín,65-100,2013,36
44157,Monterde de Albarracín,0-16,2014,2
44157,Monterde de Albarracín,16-64,2014,33
44157,Monterde de Albarracín,65-100,2014,38
44157,Monterde de Albarracín,0-16,2015,1
44157,Monterde de Albarracín,16-64,2015,32
44157,Monterde de Albarracín,65-100,2015,36
44157,Monterde de Albarracín,0-16,2016,1
44157,Monterde de Albarracín,16-64,2016,33
44157,Monterde de Albarracín,65-100,2016,32
44157,Monterde de Albarracín,0-16,2017,0
44157,Monterde de Albarracín,16-64,2017,31
44157,Monterde de Albarracín,65-100,2017,31
44157,Monterde de Albarracín,0-16,2018,0
44157,Monterde de Albarracín,16-64,2018,32
44157,Monterde de Albarracín,65-100,2018,31
44157,Monterde de Albarracín,0-16,2019,0
44157,Monterde de Albarracín,16-64,2019,32
44157,Monterde de Albarracín,65-100,2019,32
44157,Monterde de Albarracín,0-16,2020,0
44157,Monterde de Albarracín,16-64,2020,29
44157,Monterde de Albarracín,65-100,2020,27
44157,Monterde de Albarracín,0-16,2021,0
44157,Monterde de Albarracín,16-64,2021,30
44157,Monterde de Albarracín,65-100,2021,27
44157,Monterde de Albarracín,0-16,2022,0
44157,Monterde de Albarracín,16-64,2022,28
44157,Monterde de Albarracín,65-100,2022,27
44157,Monterde de Albarracín,0-16,2023,0
44157,Monterde de Albarracín,16-64,2023,31
44157,Monterde de Albarracín,65-100,2023,25
44157,Monterde de Albarracín,0-16,2024,1
44157,Monterde de Albarracín,16-64,2024,32
44157,Monterde de Albarracín,65-100,2024,25
44157,Monterde de Albarracín,0-16,2025,2
44157,Monterde de Albarracín,16-64,2025,35
44157,Monterde de Albarracín,65-100,2025,25
44158,Mora de Rubielos,0-16,2003,236
44158,Mora de Rubielos,16-64,2003,808
44158,Mora de Rubielos,65-100,2003,347
44158,Mora de Rubielos,0-16,2004,251
44158,Mora de Rubielos,16-64,2004,839
44158,Mora de Rubielos,65-100,2004,343
44158,Mora de Rubielos,0-16,2005,263
44158,Mora de Rubielos,16-64,2005,942
44158,Mora de Rubielos,65-100,2005,348
44158,Mora de Rubielos,0-16,2006,268
44158,Mora de Rubielos,16-64,2006,995
44158,Mora de Rubielos,65-100,2006,346
44158,Mora de Rubielos,0-16,2007,264
44158,Mora de Rubielos,16-64,2007,1012
44158,Mora de Rubielos,65-100,2007,339
44158,Mora de Rubielos,0-16,2008,271
44158,Mora de Rubielos,16-64,2008,1093
44158,Mora de Rubielos,65-100,2008,335
44158,Mora de Rubielos,0-16,2009,283
44158,Mora de Rubielos,16-64,2009,1141
44158,Mora de Rubielos,65-100,2009,332
44158,Mora de Rubielos,0-16,2010,287
44158,Mora de Rubielos,16-64,2010,1093
44158,Mora de Rubielos,65-100,2010,326
44158,Mora de Rubielos,0-16,2011,267
44158,Mora de Rubielos,16-64,2011,1079
44158,Mora de Rubielos,65-100,2011,320
44158,Mora de Rubielos,0-16,2012,256
44158,Mora de Rubielos,16-64,2012,1076
44158,Mora de Rubielos,65-100,2012,317
44158,Mora de Rubielos,0-16,2013,256
44158,Mora de Rubielos,16-64,2013,1075
44158,Mora de Rubielos,65-100,2013,301
44158,Mora de Rubielos,0-16,2014,242
44158,Mora de Rubielos,16-64,2014,1069
44158,Mora de Rubielos,65-100,2014,301
44158,Mora de Rubielos,0-16,2015,246
44158,Mora de Rubielos,16-64,2015,1039
44158,Mora de Rubielos,65-100,2015,300
44158,Mora de Rubielos,0-16,2016,236
44158,Mora de Rubielos,16-64,2016,1041
44158,Mora de Rubielos,65-100,2016,297
44158,Mora de Rubielos,0-16,2017,234
44158,Mora de Rubielos,16-64,2017,1036
44158,Mora de Rubielos,65-100,2017,295
44158,Mora de Rubielos,0-16,2018,225
44158,Mora de Rubielos,16-64,2018,1023
44158,Mora de Rubielos,65-100,2018,293
44158,Mora de Rubielos,0-16,2019,226
44158,Mora de Rubielos,16-64,2019,1033
44158,Mora de Rubielos,65-100,2019,289
44158,Mora de Rubielos,0-16,2020,234
44158,Mora de Rubielos,16-64,2020,999
44158,Mora de Rubielos,65-100,2020,279
44158,Mora de Rubielos,0-16,2021,231
44158,Mora de Rubielos,16-64,2021,1028
44158,Mora de Rubielos,65-100,2021,280
44158,Mora de Rubielos,0-16,2022,231
44158,Mora de Rubielos,16-64,2022,1049
44158,Mora de Rubielos,65-100,2022,289
44158,Mora de Rubielos,0-16,2023,219
44158,Mora de Rubielos,16-64,2023,1046
44158,Mora de Rubielos,65-100,2023,302
44158,Mora de Rubielos,0-16,2024,243
44158,Mora de Rubielos,16-64,2024,1061
44158,Mora de Rubielos,65-100,2024,311
44158,Mora de Rubielos,0-16,2025,250
44158,Mora de Rubielos,16-64,2025,1185
44158,Mora de Rubielos,65-100,2025,320
44159,Moscardón,0-16,2003,1
44159,Moscardón,16-64,2003,27
44159,Moscardón,65-100,2003,26
44159,Moscardón,0-16,2004,2
44159,Moscardón,16-64,2004,24
44159,Moscardón,65-100,2004,25
44159,Moscardón,0-16,2005,2
44159,Moscardón,16-64,2005,28
44159,Moscardón,65-100,2005,24
44159,Moscardón,0-16,2006,5
44159,Moscardón,16-64,2006,30
44159,Moscardón,65-100,2006,26
44159,Moscardón,0-16,2007,5
44159,Moscardón,16-64,2007,32
44159,Moscardón,65-100,2007,23
44159,Moscardón,0-16,2008,5
44159,Moscardón,16-64,2008,31
44159,Moscardón,65-100,2008,23
44159,Moscardón,0-16,2009,10
44159,Moscardón,16-64,2009,29
44159,Moscardón,65-100,2009,24
44159,Moscardón,0-16,2010,13
44159,Moscardón,16-64,2010,33
44159,Moscardón,65-100,2010,25
44159,Moscardón,0-16,2011,15
44159,Moscardón,16-64,2011,29
44159,Moscardón,65-100,2011,23
44159,Moscardón,0-16,2012,13
44159,Moscardón,16-64,2012,29
44159,Moscardón,65-100,2012,22
44159,Moscardón,0-16,2013,14
44159,Moscardón,16-64,2013,30
44159,Moscardón,65-100,2013,18
44159,Moscardón,0-16,2014,14
44159,Moscardón,16-64,2014,28
44159,Moscardón,65-100,2014,18
44159,Moscardón,0-16,2015,14
44159,Moscardón,16-64,2015,28
44159,Moscardón,65-100,2015,16
44159,Moscardón,0-16,2016,14
44159,Moscardón,16-64,2016,28
44159,Moscardón,65-100,2016,14
44159,Moscardón,0-16,2017,13
44159,Moscardón,16-64,2017,30
44159,Moscardón,65-100,2017,14
44159,Moscardón,0-16,2018,13
44159,Moscardón,16-64,2018,30
44159,Moscardón,65-100,2018,12
44159,Moscardón,0-16,2019,13
44159,Moscardón,16-64,2019,29
44159,Moscardón,65-100,2019,12
44159,Moscardón,0-16,2020,12
44159,Moscardón,16-64,2020,31
44159,Moscardón,65-100,2020,12
44159,Moscardón,0-16,2021,12
44159,Moscardón,16-64,2021,28
44159,Moscardón,65-100,2021,13
44159,Moscardón,0-16,2022,9
44159,Moscardón,16-64,2022,31
44159,Moscardón,65-100,2022,12
44159,Moscardón,0-16,2023,8
44159,Moscardón,16-64,2023,36
44159,Moscardón,65-100,2023,12
44159,Moscardón,0-16,2024,8
44159,Moscardón,16-64,2024,39
44159,Moscardón,65-100,2024,14
44159,Moscardón,0-16,2025,4
44159,Moscardón,16-64,2025,46
44159,Moscardón,65-100,2025,13
44160,Mosqueruela,0-16,2003,76
44160,Mosqueruela,16-64,2003,430
44160,Mosqueruela,65-100,2003,216
44160,Mosqueruela,0-16,2004,77
44160,Mosqueruela,16-64,2004,443
44160,Mosqueruela,65-100,2004,206
44160,Mosqueruela,0-16,2005,82
44160,Mosqueruela,16-64,2005,422
44160,Mosqueruela,65-100,2005,199
44160,Mosqueruela,0-16,2006,78
44160,Mosqueruela,16-64,2006,419
44160,Mosqueruela,65-100,2006,197
44160,Mosqueruela,0-16,2007,83
44160,Mosqueruela,16-64,2007,401
44160,Mosqueruela,65-100,2007,202
44160,Mosqueruela,0-16,2008,80
44160,Mosqueruela,16-64,2008,351
44160,Mosqueruela,65-100,2008,200
44160,Mosqueruela,0-16,2009,77
44160,Mosqueruela,16-64,2009,353
44160,Mosqueruela,65-100,2009,195
44160,Mosqueruela,0-16,2010,77
44160,Mosqueruela,16-64,2010,344
44160,Mosqueruela,65-100,2010,187
44160,Mosqueruela,0-16,2011,83
44160,Mosqueruela,16-64,2011,351
44160,Mosqueruela,65-100,2011,191
44160,Mosqueruela,0-16,2012,86
44160,Mosqueruela,16-64,2012,345
44160,Mosqueruela,65-100,2012,190
44160,Mosqueruela,0-16,2013,75
44160,Mosqueruela,16-64,2013,342
44160,Mosqueruela,65-100,2013,190
44160,Mosqueruela,0-16,2014,75
44160,Mosqueruela,16-64,2014,335
44160,Mosqueruela,65-100,2014,191
44160,Mosqueruela,0-16,2015,70
44160,Mosqueruela,16-64,2015,332
44160,Mosqueruela,65-100,2015,191
44160,Mosqueruela,0-16,2016,72
44160,Mosqueruela,16-64,2016,320
44160,Mosqueruela,65-100,2016,189
44160,Mosqueruela,0-16,2017,67
44160,Mosqueruela,16-64,2017,312
44160,Mosqueruela,65-100,2017,179
44160,Mosqueruela,0-16,2018,72
44160,Mosqueruela,16-64,2018,308
44160,Mosqueruela,65-100,2018,171
44160,Mosqueruela,0-16,2019,70
44160,Mosqueruela,16-64,2019,299
44160,Mosqueruela,65-100,2019,168
44160,Mosqueruela,0-16,2020,71
44160,Mosqueruela,16-64,2020,297
44160,Mosqueruela,65-100,2020,164
44160,Mosqueruela,0-16,2021,68
44160,Mosqueruela,16-64,2021,307
44160,Mosqueruela,65-100,2021,156
44160,Mosqueruela,0-16,2022,83
44160,Mosqueruela,16-64,2022,309
44160,Mosqueruela,65-100,2022,159
44160,Mosqueruela,0-16,2023,80
44160,Mosqueruela,16-64,2023,297
44160,Mosqueruela,65-100,2023,158
44160,Mosqueruela,0-16,2024,78
44160,Mosqueruela,16-64,2024,310
44160,Mosqueruela,65-100,2024,155
44160,Mosqueruela,0-16,2025,84
44160,Mosqueruela,16-64,2025,320
44160,Mosqueruela,65-100,2025,158
44161,Muniesa,0-16,2003,80
44161,Muniesa,16-64,2003,372
44161,Muniesa,65-100,2003,252
44161,Muniesa,0-16,2004,82
44161,Muniesa,16-64,2004,377
44161,Muniesa,65-100,2004,253
44161,Muniesa,0-16,2005,81
44161,Muniesa,16-64,2005,373
44161,Muniesa,65-100,2005,255
44161,Muniesa,0-16,2006,84
44161,Muniesa,16-64,2006,384
44161,Muniesa,65-100,2006,255
44161,Muniesa,0-16,2007,85
44161,Muniesa,16-64,2007,378
44161,Muniesa,65-100,2007,262
44161,Muniesa,0-16,2008,85
44161,Muniesa,16-64,2008,372
44161,Muniesa,65-100,2008,257
44161,Muniesa,0-16,2009,83
44161,Muniesa,16-64,2009,347
44161,Muniesa,65-100,2009,254
44161,Muniesa,0-16,2010,82
44161,Muniesa,16-64,2010,334
44161,Muniesa,65-100,2010,253
44161,Muniesa,0-16,2011,77
44161,Muniesa,16-64,2011,330
44161,Muniesa,65-100,2011,258
44161,Muniesa,0-16,2012,80
44161,Muniesa,16-64,2012,323
44161,Muniesa,65-100,2012,250
44161,Muniesa,0-16,2013,82
44161,Muniesa,16-64,2013,326
44161,Muniesa,65-100,2013,232
44161,Muniesa,0-16,2014,82
44161,Muniesa,16-64,2014,321
44161,Muniesa,65-100,2014,235
44161,Muniesa,0-16,2015,86
44161,Muniesa,16-64,2015,320
44161,Muniesa,65-100,2015,229
44161,Muniesa,0-16,2016,86
44161,Muniesa,16-64,2016,317
44161,Muniesa,65-100,2016,226
44161,Muniesa,0-16,2017,80
44161,Muniesa,16-64,2017,329
44161,Muniesa,65-100,2017,221
44161,Muniesa,0-16,2018,78
44161,Muniesa,16-64,2018,311
44161,Muniesa,65-100,2018,210
44161,Muniesa,0-16,2019,77
44161,Muniesa,16-64,2019,308
44161,Muniesa,65-100,2019,198
44161,Muniesa,0-16,2020,74
44161,Muniesa,16-64,2020,314
44161,Muniesa,65-100,2020,195
44161,Muniesa,0-16,2021,75
44161,Muniesa,16-64,2021,307
44161,Muniesa,65-100,2021,189
44161,Muniesa,0-16,2022,73
44161,Muniesa,16-64,2022,312
44161,Muniesa,65-100,2022,186
44161,Muniesa,0-16,2023,76
44161,Muniesa,16-64,2023,314
44161,Muniesa,65-100,2023,190
44161,Muniesa,0-16,2024,71
44161,Muniesa,16-64,2024,310
44161,Muniesa,65-100,2024,192
44161,Muniesa,0-16,2025,76
44161,Muniesa,16-64,2025,315
44161,Muniesa,65-100,2025,189
44163,Noguera de Albarracín,0-16,2003,16
44163,Noguera de Albarracín,16-64,2003,74
44163,Noguera de Albarracín,65-100,2003,71
44163,Noguera de Albarracín,0-16,2004,17
44163,Noguera de Albarracín,16-64,2004,76
44163,Noguera de Albarracín,65-100,2004,68
44163,Noguera de Albarracín,0-16,2005,15
44163,Noguera de Albarracín,16-64,2005,77
44163,Noguera de Albarracín,65-100,2005,63
44163,Noguera de Albarracín,0-16,2006,14
44163,Noguera de Albarracín,16-64,2006,74
44163,Noguera de Albarracín,65-100,2006,61
44163,Noguera de Albarracín,0-16,2007,16
44163,Noguera de Albarracín,16-64,2007,80
44163,Noguera de Albarracín,65-100,2007,59
44163,Noguera de Albarracín,0-16,2008,13
44163,Noguera de Albarracín,16-64,2008,74
44163,Noguera de Albarracín,65-100,2008,56
44163,Noguera de Albarracín,0-16,2009,14
44163,Noguera de Albarracín,16-64,2009,74
44163,Noguera de Albarracín,65-100,2009,54
44163,Noguera de Albarracín,0-16,2010,12
44163,Noguera de Albarracín,16-64,2010,72
44163,Noguera de Albarracín,65-100,2010,50
44163,Noguera de Albarracín,0-16,2011,19
44163,Noguera de Albarracín,16-64,2011,86
44163,Noguera de Albarracín,65-100,2011,43
44163,Noguera de Albarracín,0-16,2012,19
44163,Noguera de Albarracín,16-64,2012,94
44163,Noguera de Albarracín,65-100,2012,39
44163,Noguera de Albarracín,0-16,2013,16
44163,Noguera de Albarracín,16-64,2013,91
44163,Noguera de Albarracín,65-100,2013,39
44163,Noguera de Albarracín,0-16,2014,13
44163,Noguera de Albarracín,16-64,2014,81
44163,Noguera de Albarracín,65-100,2014,43
44163,Noguera de Albarracín,0-16,2015,18
44163,Noguera de Albarracín,16-64,2015,86
44163,Noguera de Albarracín,65-100,2015,47
44163,Noguera de Albarracín,0-16,2016,18
44163,Noguera de Albarracín,16-64,2016,86
44163,Noguera de Albarracín,65-100,2016,42
44163,Noguera de Albarracín,0-16,2017,14
44163,Noguera de Albarracín,16-64,2017,82
44163,Noguera de Albarracín,65-100,2017,38
44163,Noguera de Albarracín,0-16,2018,14
44163,Noguera de Albarracín,16-64,2018,83
44163,Noguera de Albarracín,65-100,2018,36
44163,Noguera de Albarracín,0-16,2019,19
44163,Noguera de Albarracín,16-64,2019,86
44163,Noguera de Albarracín,65-100,2019,35
44163,Noguera de Albarracín,0-16,2020,16
44163,Noguera de Albarracín,16-64,2020,86
44163,Noguera de Albarracín,65-100,2020,37
44163,Noguera de Albarracín,0-16,2021,18
44163,Noguera de Albarracín,16-64,2021,90
44163,Noguera de Albarracín,65-100,2021,34
44163,Noguera de Albarracín,0-16,2022,15
44163,Noguera de Albarracín,16-64,2022,88
44163,Noguera de Albarracín,65-100,2022,35
44163,Noguera de Albarracín,0-16,2023,14
44163,Noguera de Albarracín,16-64,2023,81
44163,Noguera de Albarracín,65-100,2023,36
44163,Noguera de Albarracín,0-16,2024,12
44163,Noguera de Albarracín,16-64,2024,82
44163,Noguera de Albarracín,65-100,2024,36
44163,Noguera de Albarracín,0-16,2025,15
44163,Noguera de Albarracín,16-64,2025,84
44163,Noguera de Albarracín,65-100,2025,32
44164,Nogueras,0-16,2003,0
44164,Nogueras,16-64,2003,12
44164,Nogueras,65-100,2003,7
44164,Nogueras,0-16,2004,0
44164,Nogueras,16-64,2004,11
44164,Nogueras,65-100,2004,7
44164,Nogueras,0-16,2005,2
44164,Nogueras,16-64,2005,21
44164,Nogueras,65-100,2005,6
44164,Nogueras,0-16,2006,2
44164,Nogueras,16-64,2006,23
44164,Nogueras,65-100,2006,7
44164,Nogueras,0-16,2007,2
44164,Nogueras,16-64,2007,23
44164,Nogueras,65-100,2007,7
44164,Nogueras,0-16,2008,2
44164,Nogueras,16-64,2008,22
44164,Nogueras,65-100,2008,7
44164,Nogueras,0-16,2009,4
44164,Nogueras,16-64,2009,23
44164,Nogueras,65-100,2009,7
44164,Nogueras,0-16,2010,2
44164,Nogueras,16-64,2010,23
44164,Nogueras,65-100,2010,10
44164,Nogueras,0-16,2011,2
44164,Nogueras,16-64,2011,23
44164,Nogueras,65-100,2011,11
44164,Nogueras,0-16,2012,2
44164,Nogueras,16-64,2012,22
44164,Nogueras,65-100,2012,7
44164,Nogueras,0-16,2013,2
44164,Nogueras,16-64,2013,22
44164,Nogueras,65-100,2013,6
44164,Nogueras,0-16,2014,2
44164,Nogueras,16-64,2014,21
44164,Nogueras,65-100,2014,7
44164,Nogueras,0-16,2015,2
44164,Nogueras,16-64,2015,17
44164,Nogueras,65-100,2015,10
44164,Nogueras,0-16,2016,2
44164,Nogueras,16-64,2016,18
44164,Nogueras,65-100,2016,9
44164,Nogueras,0-16,2017,2
44164,Nogueras,16-64,2017,14
44164,Nogueras,65-100,2017,12
44164,Nogueras,0-16,2018,2
44164,Nogueras,16-64,2018,11
44164,Nogueras,65-100,2018,12
44164,Nogueras,0-16,2019,2
44164,Nogueras,16-64,2019,9
44164,Nogueras,65-100,2019,11
44164,Nogueras,0-16,2020,0
44164,Nogueras,16-64,2020,10
44164,Nogueras,65-100,2020,11
44164,Nogueras,0-16,2021,0
44164,Nogueras,16-64,2021,17
44164,Nogueras,65-100,2021,11
44164,Nogueras,0-16,2022,0
44164,Nogueras,16-64,2022,17
44164,Nogueras,65-100,2022,10
44164,Nogueras,0-16,2023,0
44164,Nogueras,16-64,2023,20
44164,Nogueras,65-100,2023,12
44164,Nogueras,0-16,2024,1
44164,Nogueras,16-64,2024,18
44164,Nogueras,65-100,2024,13
44164,Nogueras,0-16,2025,0
44164,Nogueras,16-64,2025,21
44164,Nogueras,65-100,2025,15
44165,Nogueruelas,0-16,2003,17
44165,Nogueruelas,16-64,2003,121
44165,Nogueruelas,65-100,2003,86
44165,Nogueruelas,0-16,2004,15
44165,Nogueruelas,16-64,2004,131
44165,Nogueruelas,65-100,2004,81
44165,Nogueruelas,0-16,2005,17
44165,Nogueruelas,16-64,2005,130
44165,Nogueruelas,65-100,2005,76
44165,Nogueruelas,0-16,2006,21
44165,Nogueruelas,16-64,2006,134
44165,Nogueruelas,65-100,2006,84
44165,Nogueruelas,0-16,2007,28
44165,Nogueruelas,16-64,2007,163
44165,Nogueruelas,65-100,2007,82
44165,Nogueruelas,0-16,2008,24
44165,Nogueruelas,16-64,2008,164
44165,Nogueruelas,65-100,2008,76
44165,Nogueruelas,0-16,2009,17
44165,Nogueruelas,16-64,2009,155
44165,Nogueruelas,65-100,2009,77
44165,Nogueruelas,0-16,2010,20
44165,Nogueruelas,16-64,2010,146
44165,Nogueruelas,65-100,2010,71
44165,Nogueruelas,0-16,2011,21
44165,Nogueruelas,16-64,2011,122
44165,Nogueruelas,65-100,2011,72
44165,Nogueruelas,0-16,2012,20
44165,Nogueruelas,16-64,2012,124
44165,Nogueruelas,65-100,2012,75
44165,Nogueruelas,0-16,2013,17
44165,Nogueruelas,16-64,2013,117
44165,Nogueruelas,65-100,2013,76
44165,Nogueruelas,0-16,2014,18
44165,Nogueruelas,16-64,2014,117
44165,Nogueruelas,65-100,2014,79
44165,Nogueruelas,0-16,2015,19
44165,Nogueruelas,16-64,2015,116
44165,Nogueruelas,65-100,2015,72
44165,Nogueruelas,0-16,2016,23
44165,Nogueruelas,16-64,2016,116
44165,Nogueruelas,65-100,2016,75
44165,Nogueruelas,0-16,2017,24
44165,Nogueruelas,16-64,2017,113
44165,Nogueruelas,65-100,2017,74
44165,Nogueruelas,0-16,2018,25
44165,Nogueruelas,16-64,2018,111
44165,Nogueruelas,65-100,2018,81
44165,Nogueruelas,0-16,2019,27
44165,Nogueruelas,16-64,2019,109
44165,Nogueruelas,65-100,2019,81
44165,Nogueruelas,0-16,2020,26
44165,Nogueruelas,16-64,2020,109
44165,Nogueruelas,65-100,2020,75
44165,Nogueruelas,0-16,2021,27
44165,Nogueruelas,16-64,2021,111
44165,Nogueruelas,65-100,2021,69
44165,Nogueruelas,0-16,2022,26
44165,Nogueruelas,16-64,2022,110
44165,Nogueruelas,65-100,2022,69
44165,Nogueruelas,0-16,2023,25
44165,Nogueruelas,16-64,2023,102
44165,Nogueruelas,65-100,2023,67
44165,Nogueruelas,0-16,2024,27
44165,Nogueruelas,16-64,2024,102
44165,Nogueruelas,65-100,2024,65
44165,Nogueruelas,0-16,2025,24
44165,Nogueruelas,16-64,2025,100
44165,Nogueruelas,65-100,2025,64
44167,Obón,0-16,2003,0
44167,Obón,16-64,2003,40
44167,Obón,65-100,2003,43
44167,Obón,0-16,2004,0
44167,Obón,16-64,2004,38
44167,Obón,65-100,2004,37
44167,Obón,0-16,2005,0
44167,Obón,16-64,2005,37
44167,Obón,65-100,2005,35
44167,Obón,0-16,2006,0
44167,Obón,16-64,2006,38
44167,Obón,65-100,2006,34
44167,Obón,0-16,2007,1
44167,Obón,16-64,2007,32
44167,Obón,65-100,2007,34
44167,Obón,0-16,2008,1
44167,Obón,16-64,2008,20
44167,Obón,65-100,2008,31
44167,Obón,0-16,2009,1
44167,Obón,16-64,2009,16
44167,Obón,65-100,2009,25
44167,Obón,0-16,2010,1
44167,Obón,16-64,2010,14
44167,Obón,65-100,2010,21
44167,Obón,0-16,2011,1
44167,Obón,16-64,2011,16
44167,Obón,65-100,2011,21
44167,Obón,0-16,2012,0
44167,Obón,16-64,2012,19
44167,Obón,65-100,2012,20
44167,Obón,0-16,2013,0
44167,Obón,16-64,2013,20
44167,Obón,65-100,2013,18
44167,Obón,0-16,2014,0
44167,Obón,16-64,2014,24
44167,Obón,65-100,2014,18
44167,Obón,0-16,2015,0
44167,Obón,16-64,2015,26
44167,Obón,65-100,2015,22
44167,Obón,0-16,2016,1
44167,Obón,16-64,2016,22
44167,Obón,65-100,2016,21
44167,Obón,0-16,2017,1
44167,Obón,16-64,2017,22
44167,Obón,65-100,2017,21
44167,Obón,0-16,2018,0
44167,Obón,16-64,2018,23
44167,Obón,65-100,2018,22
44167,Obón,0-16,2019,0
44167,Obón,16-64,2019,25
44167,Obón,65-100,2019,19
44167,Obón,0-16,2020,0
44167,Obón,16-64,2020,16
44167,Obón,65-100,2020,18
44167,Obón,0-16,2021,0
44167,Obón,16-64,2021,13
44167,Obón,65-100,2021,19
44167,Obón,0-16,2022,0
44167,Obón,16-64,2022,17
44167,Obón,65-100,2022,18
44167,Obón,0-16,2023,0
44167,Obón,16-64,2023,17
44167,Obón,65-100,2023,18
44167,Obón,0-16,2024,0
44167,Obón,16-64,2024,14
44167,Obón,65-100,2024,17
44167,Obón,0-16,2025,0
44167,Obón,16-64,2025,17
44167,Obón,65-100,2025,17
44168,Odón,0-16,2003,25
44168,Odón,16-64,2003,153
44168,Odón,65-100,2003,83
44168,Odón,0-16,2004,23
44168,Odón,16-64,2004,156
44168,Odón,65-100,2004,80
44168,Odón,0-16,2005,25
44168,Odón,16-64,2005,152
44168,Odón,65-100,2005,80
44168,Odón,0-16,2006,26
44168,Odón,16-64,2006,143
44168,Odón,65-100,2006,76
44168,Odón,0-16,2007,24
44168,Odón,16-64,2007,138
44168,Odón,65-100,2007,80
44168,Odón,0-16,2008,20
44168,Odón,16-64,2008,130
44168,Odón,65-100,2008,82
44168,Odón,0-16,2009,19
44168,Odón,16-64,2009,118
44168,Odón,65-100,2009,84
44168,Odón,0-16,2010,21
44168,Odón,16-64,2010,111
44168,Odón,65-100,2010,88
44168,Odón,0-16,2011,22
44168,Odón,16-64,2011,111
44168,Odón,65-100,2011,88
44168,Odón,0-16,2012,20
44168,Odón,16-64,2012,120
44168,Odón,65-100,2012,89
44168,Odón,0-16,2013,19
44168,Odón,16-64,2013,118
44168,Odón,65-100,2013,91
44168,Odón,0-16,2014,23
44168,Odón,16-64,2014,124
44168,Odón,65-100,2014,90
44168,Odón,0-16,2015,22
44168,Odón,16-64,2015,113
44168,Odón,65-100,2015,91
44168,Odón,0-16,2016,21
44168,Odón,16-64,2016,112
44168,Odón,65-100,2016,92
44168,Odón,0-16,2017,17
44168,Odón,16-64,2017,108
44168,Odón,65-100,2017,92
44168,Odón,0-16,2018,14
44168,Odón,16-64,2018,100
44168,Odón,65-100,2018,91
44168,Odón,0-16,2019,16
44168,Odón,16-64,2019,101
44168,Odón,65-100,2019,89
44168,Odón,0-16,2020,16
44168,Odón,16-64,2020,100
44168,Odón,65-100,2020,87
44168,Odón,0-16,2021,22
44168,Odón,16-64,2021,110
44168,Odón,65-100,2021,86
44168,Odón,0-16,2022,21
44168,Odón,16-64,2022,106
44168,Odón,65-100,2022,87
44168,Odón,0-16,2023,14
44168,Odón,16-64,2023,107
44168,Odón,65-100,2023,86
44168,Odón,0-16,2024,13
44168,Odón,16-64,2024,102
44168,Odón,65-100,2024,83
44168,Odón,0-16,2025,18
44168,Odón,16-64,2025,96
44168,Odón,65-100,2025,80
44169,Ojos Negros,0-16,2003,38
44169,Ojos Negros,16-64,2003,261
44169,Ojos Negros,65-100,2003,236
44169,Ojos Negros,0-16,2004,43
44169,Ojos Negros,16-64,2004,255
44169,Ojos Negros,65-100,2004,233
44169,Ojos Negros,0-16,2005,51
44169,Ojos Negros,16-64,2005,243
44169,Ojos Negros,65-100,2005,222
44169,Ojos Negros,0-16,2006,44
44169,Ojos Negros,16-64,2006,232
44169,Ojos Negros,65-100,2006,220
44169,Ojos Negros,0-16,2007,48
44169,Ojos Negros,16-64,2007,243
44169,Ojos Negros,65-100,2007,219
44169,Ojos Negros,0-16,2008,50
44169,Ojos Negros,16-64,2008,244
44169,Ojos Negros,65-100,2008,220
44169,Ojos Negros,0-16,2009,49
44169,Ojos Negros,16-64,2009,254
44169,Ojos Negros,65-100,2009,207
44169,Ojos Negros,0-16,2010,46
44169,Ojos Negros,16-64,2010,245
44169,Ojos Negros,65-100,2010,198
44169,Ojos Negros,0-16,2011,45
44169,Ojos Negros,16-64,2011,236
44169,Ojos Negros,65-100,2011,192
44169,Ojos Negros,0-16,2012,44
44169,Ojos Negros,16-64,2012,229
44169,Ojos Negros,65-100,2012,172
44169,Ojos Negros,0-16,2013,44
44169,Ojos Negros,16-64,2013,227
44169,Ojos Negros,65-100,2013,164
44169,Ojos Negros,0-16,2014,43
44169,Ojos Negros,16-64,2014,221
44169,Ojos Negros,65-100,2014,157
44169,Ojos Negros,0-16,2015,44
44169,Ojos Negros,16-64,2015,217
44169,Ojos Negros,65-100,2015,152
44169,Ojos Negros,0-16,2016,45
44169,Ojos Negros,16-64,2016,208
44169,Ojos Negros,65-100,2016,152
44169,Ojos Negros,0-16,2017,44
44169,Ojos Negros,16-64,2017,201
44169,Ojos Negros,65-100,2017,148
44169,Ojos Negros,0-16,2018,42
44169,Ojos Negros,16-64,2018,197
44169,Ojos Negros,65-100,2018,138
44169,Ojos Negros,0-16,2019,41
44169,Ojos Negros,16-64,2019,188
44169,Ojos Negros,65-100,2019,131
44169,Ojos Negros,0-16,2020,42
44169,Ojos Negros,16-64,2020,176
44169,Ojos Negros,65-100,2020,123
44169,Ojos Negros,0-16,2021,39
44169,Ojos Negros,16-64,2021,176
44169,Ojos Negros,65-100,2021,115
44169,Ojos Negros,0-16,2022,40
44169,Ojos Negros,16-64,2022,181
44169,Ojos Negros,65-100,2022,107
44169,Ojos Negros,0-16,2023,35
44169,Ojos Negros,16-64,2023,190
44169,Ojos Negros,65-100,2023,105
44169,Ojos Negros,0-16,2024,32
44169,Ojos Negros,16-64,2024,190
44169,Ojos Negros,65-100,2024,106
44169,Ojos Negros,0-16,2025,31
44169,Ojos Negros,16-64,2025,182
44169,Ojos Negros,65-100,2025,108
44171,Olba,0-16,2003,18
44171,Olba,16-64,2003,119
44171,Olba,65-100,2003,79
44171,Olba,0-16,2004,19
44171,Olba,16-64,2004,129
44171,Olba,65-100,2004,82
44171,Olba,0-16,2005,19
44171,Olba,16-64,2005,132
44171,Olba,65-100,2005,82
44171,Olba,0-16,2006,20
44171,Olba,16-64,2006,140
44171,Olba,65-100,2006,76
44171,Olba,0-16,2007,19
44171,Olba,16-64,2007,137
44171,Olba,65-100,2007,71
44171,Olba,0-16,2008,17
44171,Olba,16-64,2008,137
44171,Olba,65-100,2008,66
44171,Olba,0-16,2009,25
44171,Olba,16-64,2009,144
44171,Olba,65-100,2009,62
44171,Olba,0-16,2010,29
44171,Olba,16-64,2010,149
44171,Olba,65-100,2010,59
44171,Olba,0-16,2011,31
44171,Olba,16-64,2011,153
44171,Olba,65-100,2011,54
44171,Olba,0-16,2012,34
44171,Olba,16-64,2012,163
44171,Olba,65-100,2012,52
44171,Olba,0-16,2013,38
44171,Olba,16-64,2013,161
44171,Olba,65-100,2013,51
44171,Olba,0-16,2014,46
44171,Olba,16-64,2014,165
44171,Olba,65-100,2014,52
44171,Olba,0-16,2015,38
44171,Olba,16-64,2015,147
44171,Olba,65-100,2015,55
44171,Olba,0-16,2016,35
44171,Olba,16-64,2016,145
44171,Olba,65-100,2016,50
44171,Olba,0-16,2017,34
44171,Olba,16-64,2017,147
44171,Olba,65-100,2017,46
44171,Olba,0-16,2018,35
44171,Olba,16-64,2018,144
44171,Olba,65-100,2018,47
44171,Olba,0-16,2019,36
44171,Olba,16-64,2019,142
44171,Olba,65-100,2019,50
44171,Olba,0-16,2020,39
44171,Olba,16-64,2020,146
44171,Olba,65-100,2020,48
44171,Olba,0-16,2021,48
44171,Olba,16-64,2021,161
44171,Olba,65-100,2021,55
44171,Olba,0-16,2022,53
44171,Olba,16-64,2022,157
44171,Olba,65-100,2022,56
44171,Olba,0-16,2023,55
44171,Olba,16-64,2023,172
44171,Olba,65-100,2023,51
44171,Olba,0-16,2024,59
44171,Olba,16-64,2024,178
44171,Olba,65-100,2024,56
44171,Olba,0-16,2025,56
44171,Olba,16-64,2025,172
44171,Olba,65-100,2025,58
44172,Oliete,0-16,2003,38
44172,Oliete,16-64,2003,218
44172,Oliete,65-100,2003,220
44172,Oliete,0-16,2004,40
44172,Oliete,16-64,2004,217
44172,Oliete,65-100,2004,217
44172,Oliete,0-16,2005,42
44172,Oliete,16-64,2005,214
44172,Oliete,65-100,2005,209
44172,Oliete,0-16,2006,42
44172,Oliete,16-64,2006,213
44172,Oliete,65-100,2006,205
44172,Oliete,0-16,2007,52
44172,Oliete,16-64,2007,239
44172,Oliete,65-100,2007,199
44172,Oliete,0-16,2008,53
44172,Oliete,16-64,2008,251
44172,Oliete,65-100,2008,200
44172,Oliete,0-16,2009,49
44172,Oliete,16-64,2009,241
44172,Oliete,65-100,2009,196
44172,Oliete,0-16,2010,50
44172,Oliete,16-64,2010,236
44172,Oliete,65-100,2010,193
44172,Oliete,0-16,2011,45
44172,Oliete,16-64,2011,236
44172,Oliete,65-100,2011,189
44172,Oliete,0-16,2012,42
44172,Oliete,16-64,2012,239
44172,Oliete,65-100,2012,178
44172,Oliete,0-16,2013,31
44172,Oliete,16-64,2013,219
44172,Oliete,65-100,2013,180
44172,Oliete,0-16,2014,29
44172,Oliete,16-64,2014,217
44172,Oliete,65-100,2014,176
44172,Oliete,0-16,2015,27
44172,Oliete,16-64,2015,219
44172,Oliete,65-100,2015,166
44172,Oliete,0-16,2016,25
44172,Oliete,16-64,2016,188
44172,Oliete,65-100,2016,152
44172,Oliete,0-16,2017,21
44172,Oliete,16-64,2017,188
44172,Oliete,65-100,2017,148
44172,Oliete,0-16,2018,25
44172,Oliete,16-64,2018,189
44172,Oliete,65-100,2018,150
44172,Oliete,0-16,2019,23
44172,Oliete,16-64,2019,176
44172,Oliete,65-100,2019,152
44172,Oliete,0-16,2020,21
44172,Oliete,16-64,2020,183
44172,Oliete,65-100,2020,139
44172,Oliete,0-16,2021,22
44172,Oliete,16-64,2021,184
44172,Oliete,65-100,2021,134
44172,Oliete,0-16,2022,21
44172,Oliete,16-64,2022,174
44172,Oliete,65-100,2022,135
44172,Oliete,0-16,2023,26
44172,Oliete,16-64,2023,182
44172,Oliete,65-100,2023,144
44172,Oliete,0-16,2024,34
44172,Oliete,16-64,2024,194
44172,Oliete,65-100,2024,143
44172,Oliete,0-16,2025,30
44172,Oliete,16-64,2025,188
44172,Oliete,65-100,2025,136
44173,Los Olmos,0-16,2003,18
44173,Los Olmos,16-64,2003,85
44173,Los Olmos,65-100,2003,41
44173,Los Olmos,0-16,2004,19
44173,Los Olmos,16-64,2004,81
44173,Los Olmos,65-100,2004,41
44173,Los Olmos,0-16,2005,19
44173,Los Olmos,16-64,2005,81
44173,Los Olmos,65-100,2005,42
44173,Los Olmos,0-16,2006,20
44173,Los Olmos,16-64,2006,80
44173,Los Olmos,65-100,2006,45
44173,Los Olmos,0-16,2007,20
44173,Los Olmos,16-64,2007,78
44173,Los Olmos,65-100,2007,44
44173,Los Olmos,0-16,2008,18
44173,Los Olmos,16-64,2008,78
44173,Los Olmos,65-100,2008,46
44173,Los Olmos,0-16,2009,17
44173,Los Olmos,16-64,2009,75
44173,Los Olmos,65-100,2009,44
44173,Los Olmos,0-16,2010,14
44173,Los Olmos,16-64,2010,72
44173,Los Olmos,65-100,2010,42
44173,Los Olmos,0-16,2011,17
44173,Los Olmos,16-64,2011,70
44173,Los Olmos,65-100,2011,44
44173,Los Olmos,0-16,2012,14
44173,Los Olmos,16-64,2012,67
44173,Los Olmos,65-100,2012,43
44173,Los Olmos,0-16,2013,16
44173,Los Olmos,16-64,2013,72
44173,Los Olmos,65-100,2013,43
44173,Los Olmos,0-16,2014,17
44173,Los Olmos,16-64,2014,73
44173,Los Olmos,65-100,2014,40
44173,Los Olmos,0-16,2015,15
44173,Los Olmos,16-64,2015,75
44173,Los Olmos,65-100,2015,37
44173,Los Olmos,0-16,2016,16
44173,Los Olmos,16-64,2016,72
44173,Los Olmos,65-100,2016,39
44173,Los Olmos,0-16,2017,13
44173,Los Olmos,16-64,2017,69
44173,Los Olmos,65-100,2017,40
44173,Los Olmos,0-16,2018,12
44173,Los Olmos,16-64,2018,72
44173,Los Olmos,65-100,2018,38
44173,Los Olmos,0-16,2019,11
44173,Los Olmos,16-64,2019,72
44173,Los Olmos,65-100,2019,37
44173,Los Olmos,0-16,2020,11
44173,Los Olmos,16-64,2020,67
44173,Los Olmos,65-100,2020,40
44173,Los Olmos,0-16,2021,11
44173,Los Olmos,16-64,2021,69
44173,Los Olmos,65-100,2021,38
44173,Los Olmos,0-16,2022,11
44173,Los Olmos,16-64,2022,74
44173,Los Olmos,65-100,2022,35
44173,Los Olmos,0-16,2023,11
44173,Los Olmos,16-64,2023,75
44173,Los Olmos,65-100,2023,34
44173,Los Olmos,0-16,2024,10
44173,Los Olmos,16-64,2024,74
44173,Los Olmos,65-100,2024,34
44173,Los Olmos,0-16,2025,12
44173,Los Olmos,16-64,2025,66
44173,Los Olmos,65-100,2025,35
44174,Orihuela del Tremedal,0-16,2003,104
44174,Orihuela del Tremedal,16-64,2003,352
44174,Orihuela del Tremedal,65-100,2003,172
44174,Orihuela del Tremedal,0-16,2004,99
44174,Orihuela del Tremedal,16-64,2004,335
44174,Orihuela del Tremedal,65-100,2004,171
44174,Orihuela del Tremedal,0-16,2005,91
44174,Orihuela del Tremedal,16-64,2005,339
44174,Orihuela del Tremedal,65-100,2005,175
44174,Orihuela del Tremedal,0-16,2006,84
44174,Orihuela del Tremedal,16-64,2006,324
44174,Orihuela del Tremedal,65-100,2006,170
44174,Orihuela del Tremedal,0-16,2007,82
44174,Orihuela del Tremedal,16-64,2007,340
44174,Orihuela del Tremedal,65-100,2007,160
44174,Orihuela del Tremedal,0-16,2008,75
44174,Orihuela del Tremedal,16-64,2008,349
44174,Orihuela del Tremedal,65-100,2008,153
44174,Orihuela del Tremedal,0-16,2009,71
44174,Orihuela del Tremedal,16-64,2009,341
44174,Orihuela del Tremedal,65-100,2009,150
44174,Orihuela del Tremedal,0-16,2010,68
44174,Orihuela del Tremedal,16-64,2010,346
44174,Orihuela del Tremedal,65-100,2010,150
44174,Orihuela del Tremedal,0-16,2011,64
44174,Orihuela del Tremedal,16-64,2011,374
44174,Orihuela del Tremedal,65-100,2011,142
44174,Orihuela del Tremedal,0-16,2012,61
44174,Orihuela del Tremedal,16-64,2012,370
44174,Orihuela del Tremedal,65-100,2012,141
44174,Orihuela del Tremedal,0-16,2013,60
44174,Orihuela del Tremedal,16-64,2013,354
44174,Orihuela del Tremedal,65-100,2013,138
44174,Orihuela del Tremedal,0-16,2014,51
44174,Orihuela del Tremedal,16-64,2014,353
44174,Orihuela del Tremedal,65-100,2014,135
44174,Orihuela del Tremedal,0-16,2015,52
44174,Orihuela del Tremedal,16-64,2015,350
44174,Orihuela del Tremedal,65-100,2015,133
44174,Orihuela del Tremedal,0-16,2016,49
44174,Orihuela del Tremedal,16-64,2016,329
44174,Orihuela del Tremedal,65-100,2016,126
44174,Orihuela del Tremedal,0-16,2017,46
44174,Orihuela del Tremedal,16-64,2017,324
44174,Orihuela del Tremedal,65-100,2017,123
44174,Orihuela del Tremedal,0-16,2018,45
44174,Orihuela del Tremedal,16-64,2018,316
44174,Orihuela del Tremedal,65-100,2018,126
44174,Orihuela del Tremedal,0-16,2019,31
44174,Orihuela del Tremedal,16-64,2019,308
44174,Orihuela del Tremedal,65-100,2019,124
44174,Orihuela del Tremedal,0-16,2020,27
44174,Orihuela del Tremedal,16-64,2020,298
44174,Orihuela del Tremedal,65-100,2020,125
44174,Orihuela del Tremedal,0-16,2021,29
44174,Orihuela del Tremedal,16-64,2021,298
44174,Orihuela del Tremedal,65-100,2021,127
44174,Orihuela del Tremedal,0-16,2022,32
44174,Orihuela del Tremedal,16-64,2022,301
44174,Orihuela del Tremedal,65-100,2022,121
44174,Orihuela del Tremedal,0-16,2023,31
44174,Orihuela del Tremedal,16-64,2023,303
44174,Orihuela del Tremedal,65-100,2023,118
44174,Orihuela del Tremedal,0-16,2024,38
44174,Orihuela del Tremedal,16-64,2024,305
44174,Orihuela del Tremedal,65-100,2024,115
44174,Orihuela del Tremedal,0-16,2025,43
44174,Orihuela del Tremedal,16-64,2025,285
44174,Orihuela del Tremedal,65-100,2025,122
44175,Orrios,0-16,2003,21
44175,Orrios,16-64,2003,97
44175,Orrios,65-100,2003,64
44175,Orrios,0-16,2004,22
44175,Orrios,16-64,2004,95
44175,Orrios,65-100,2004,63
44175,Orrios,0-16,2005,20
44175,Orrios,16-64,2005,94
44175,Orrios,65-100,2005,61
44175,Orrios,0-16,2006,17
44175,Orrios,16-64,2006,94
44175,Orrios,65-100,2006,62
44175,Orrios,0-16,2007,12
44175,Orrios,16-64,2007,102
44175,Orrios,65-100,2007,60
44175,Orrios,0-16,2008,12
44175,Orrios,16-64,2008,101
44175,Orrios,65-100,2008,59
44175,Orrios,0-16,2009,11
44175,Orrios,16-64,2009,98
44175,Orrios,65-100,2009,59
44175,Orrios,0-16,2010,6
44175,Orrios,16-64,2010,96
44175,Orrios,65-100,2010,57
44175,Orrios,0-16,2011,5
44175,Orrios,16-64,2011,92
44175,Orrios,65-100,2011,56
44175,Orrios,0-16,2012,5
44175,Orrios,16-64,2012,95
44175,Orrios,65-100,2012,52
44175,Orrios,0-16,2013,2
44175,Orrios,16-64,2013,91
44175,Orrios,65-100,2013,52
44175,Orrios,0-16,2014,2
44175,Orrios,16-64,2014,89
44175,Orrios,65-100,2014,49
44175,Orrios,0-16,2015,3
44175,Orrios,16-64,2015,86
44175,Orrios,65-100,2015,48
44175,Orrios,0-16,2016,2
44175,Orrios,16-64,2016,82
44175,Orrios,65-100,2016,49
44175,Orrios,0-16,2017,2
44175,Orrios,16-64,2017,77
44175,Orrios,65-100,2017,48
44175,Orrios,0-16,2018,2
44175,Orrios,16-64,2018,77
44175,Orrios,65-100,2018,47
44175,Orrios,0-16,2019,2
44175,Orrios,16-64,2019,72
44175,Orrios,65-100,2019,51
44175,Orrios,0-16,2020,3
44175,Orrios,16-64,2020,75
44175,Orrios,65-100,2020,50
44175,Orrios,0-16,2021,3
44175,Orrios,16-64,2021,78
44175,Orrios,65-100,2021,49
44175,Orrios,0-16,2022,2
44175,Orrios,16-64,2022,76
44175,Orrios,65-100,2022,45
44175,Orrios,0-16,2023,3
44175,Orrios,16-64,2023,77
44175,Orrios,65-100,2023,43
44175,Orrios,0-16,2024,1
44175,Orrios,16-64,2024,77
44175,Orrios,65-100,2024,43
44175,Orrios,0-16,2025,3
44175,Orrios,16-64,2025,69
44175,Orrios,65-100,2025,42
44176,Palomar de Arroyos,0-16,2003,27
44176,Palomar de Arroyos,16-64,2003,139
44176,Palomar de Arroyos,65-100,2003,72
44176,Palomar de Arroyos,0-16,2004,23
44176,Palomar de Arroyos,16-64,2004,138
44176,Palomar de Arroyos,65-100,2004,66
44176,Palomar de Arroyos,0-16,2005,20
44176,Palomar de Arroyos,16-64,2005,139
44176,Palomar de Arroyos,65-100,2005,63
44176,Palomar de Arroyos,0-16,2006,20
44176,Palomar de Arroyos,16-64,2006,132
44176,Palomar de Arroyos,65-100,2006,67
44176,Palomar de Arroyos,0-16,2007,15
44176,Palomar de Arroyos,16-64,2007,132
44176,Palomar de Arroyos,65-100,2007,66
44176,Palomar de Arroyos,0-16,2008,15
44176,Palomar de Arroyos,16-64,2008,126
44176,Palomar de Arroyos,65-100,2008,69
44176,Palomar de Arroyos,0-16,2009,14
44176,Palomar de Arroyos,16-64,2009,127
44176,Palomar de Arroyos,65-100,2009,67
44176,Palomar de Arroyos,0-16,2010,12
44176,Palomar de Arroyos,16-64,2010,123
44176,Palomar de Arroyos,65-100,2010,63
44176,Palomar de Arroyos,0-16,2011,16
44176,Palomar de Arroyos,16-64,2011,119
44176,Palomar de Arroyos,65-100,2011,56
44176,Palomar de Arroyos,0-16,2012,16
44176,Palomar de Arroyos,16-64,2012,117
44176,Palomar de Arroyos,65-100,2012,56
44176,Palomar de Arroyos,0-16,2013,11
44176,Palomar de Arroyos,16-64,2013,116
44176,Palomar de Arroyos,65-100,2013,59
44176,Palomar de Arroyos,0-16,2014,9
44176,Palomar de Arroyos,16-64,2014,115
44176,Palomar de Arroyos,65-100,2014,60
44176,Palomar de Arroyos,0-16,2015,9
44176,Palomar de Arroyos,16-64,2015,111
44176,Palomar de Arroyos,65-100,2015,62
44176,Palomar de Arroyos,0-16,2016,9
44176,Palomar de Arroyos,16-64,2016,107
44176,Palomar de Arroyos,65-100,2016,58
44176,Palomar de Arroyos,0-16,2017,7
44176,Palomar de Arroyos,16-64,2017,107
44176,Palomar de Arroyos,65-100,2017,55
44176,Palomar de Arroyos,0-16,2018,7
44176,Palomar de Arroyos,16-64,2018,107
44176,Palomar de Arroyos,65-100,2018,55
44176,Palomar de Arroyos,0-16,2019,8
44176,Palomar de Arroyos,16-64,2019,102
44176,Palomar de Arroyos,65-100,2019,58
44176,Palomar de Arroyos,0-16,2020,9
44176,Palomar de Arroyos,16-64,2020,105
44176,Palomar de Arroyos,65-100,2020,56
44176,Palomar de Arroyos,0-16,2021,10
44176,Palomar de Arroyos,16-64,2021,105
44176,Palomar de Arroyos,65-100,2021,53
44176,Palomar de Arroyos,0-16,2022,12
44176,Palomar de Arroyos,16-64,2022,107
44176,Palomar de Arroyos,65-100,2022,53
44176,Palomar de Arroyos,0-16,2023,9
44176,Palomar de Arroyos,16-64,2023,103
44176,Palomar de Arroyos,65-100,2023,55
44176,Palomar de Arroyos,0-16,2024,9
44176,Palomar de Arroyos,16-64,2024,97
44176,Palomar de Arroyos,65-100,2024,54
44176,Palomar de Arroyos,0-16,2025,10
44176,Palomar de Arroyos,16-64,2025,98
44176,Palomar de Arroyos,65-100,2025,58
44177,Pancrudo,0-16,2003,2
44177,Pancrudo,16-64,2003,56
44177,Pancrudo,65-100,2003,87
44177,Pancrudo,0-16,2004,2
44177,Pancrudo,16-64,2004,52
44177,Pancrudo,65-100,2004,80
44177,Pancrudo,0-16,2005,0
44177,Pancrudo,16-64,2005,48
44177,Pancrudo,65-100,2005,76
44177,Pancrudo,0-16,2006,0
44177,Pancrudo,16-64,2006,42
44177,Pancrudo,65-100,2006,71
44177,Pancrudo,0-16,2007,0
44177,Pancrudo,16-64,2007,42
44177,Pancrudo,65-100,2007,69
44177,Pancrudo,0-16,2008,0
44177,Pancrudo,16-64,2008,41
44177,Pancrudo,65-100,2008,63
44177,Pancrudo,0-16,2009,5
44177,Pancrudo,16-64,2009,44
44177,Pancrudo,65-100,2009,61
44177,Pancrudo,0-16,2010,6
44177,Pancrudo,16-64,2010,72
44177,Pancrudo,65-100,2010,58
44177,Pancrudo,0-16,2011,8
44177,Pancrudo,16-64,2011,80
44177,Pancrudo,65-100,2011,51
44177,Pancrudo,0-16,2012,10
44177,Pancrudo,16-64,2012,74
44177,Pancrudo,65-100,2012,49
44177,Pancrudo,0-16,2013,7
44177,Pancrudo,16-64,2013,66
44177,Pancrudo,65-100,2013,50
44177,Pancrudo,0-16,2014,7
44177,Pancrudo,16-64,2014,62
44177,Pancrudo,65-100,2014,48
44177,Pancrudo,0-16,2015,5
44177,Pancrudo,16-64,2015,59
44177,Pancrudo,65-100,2015,48
44177,Pancrudo,0-16,2016,8
44177,Pancrudo,16-64,2016,68
44177,Pancrudo,65-100,2016,40
44177,Pancrudo,0-16,2017,10
44177,Pancrudo,16-64,2017,67
44177,Pancrudo,65-100,2017,42
44177,Pancrudo,0-16,2018,8
44177,Pancrudo,16-64,2018,59
44177,Pancrudo,65-100,2018,43
44177,Pancrudo,0-16,2019,11
44177,Pancrudo,16-64,2019,61
44177,Pancrudo,65-100,2019,41
44177,Pancrudo,0-16,2020,17
44177,Pancrudo,16-64,2020,65
44177,Pancrudo,65-100,2020,37
44177,Pancrudo,0-16,2021,17
44177,Pancrudo,16-64,2021,66
44177,Pancrudo,65-100,2021,36
44177,Pancrudo,0-16,2022,18
44177,Pancrudo,16-64,2022,69
44177,Pancrudo,65-100,2022,36
44177,Pancrudo,0-16,2023,11
44177,Pancrudo,16-64,2023,70
44177,Pancrudo,65-100,2023,33
44177,Pancrudo,0-16,2024,8
44177,Pancrudo,16-64,2024,72
44177,Pancrudo,65-100,2024,33
44177,Pancrudo,0-16,2025,8
44177,Pancrudo,16-64,2025,76
44177,Pancrudo,65-100,2025,34
44178,Las Parras de Castellote,0-16,2003,1
44178,Las Parras de Castellote,16-64,2003,38
44178,Las Parras de Castellote,65-100,2003,43
44178,Las Parras de Castellote,0-16,2004,4
44178,Las Parras de Castellote,16-64,2004,38
44178,Las Parras de Castellote,65-100,2004,44
44178,Las Parras de Castellote,0-16,2005,4
44178,Las Parras de Castellote,16-64,2005,36
44178,Las Parras de Castellote,65-100,2005,41
44178,Las Parras de Castellote,0-16,2006,4
44178,Las Parras de Castellote,16-64,2006,38
44178,Las Parras de Castellote,65-100,2006,38
44178,Las Parras de Castellote,0-16,2007,0
44178,Las Parras de Castellote,16-64,2007,38
44178,Las Parras de Castellote,65-100,2007,38
44178,Las Parras de Castellote,0-16,2008,0
44178,Las Parras de Castellote,16-64,2008,38
44178,Las Parras de Castellote,65-100,2008,35
44178,Las Parras de Castellote,0-16,2009,0
44178,Las Parras de Castellote,16-64,2009,37
44178,Las Parras de Castellote,65-100,2009,36
44178,Las Parras de Castellote,0-16,2010,2
44178,Las Parras de Castellote,16-64,2010,33
44178,Las Parras de Castellote,65-100,2010,38
44178,Las Parras de Castellote,0-16,2011,2
44178,Las Parras de Castellote,16-64,2011,37
44178,Las Parras de Castellote,65-100,2011,38
44178,Las Parras de Castellote,0-16,2012,2
44178,Las Parras de Castellote,16-64,2012,34
44178,Las Parras de Castellote,65-100,2012,33
44178,Las Parras de Castellote,0-16,2013,2
44178,Las Parras de Castellote,16-64,2013,34
44178,Las Parras de Castellote,65-100,2013,27
44178,Las Parras de Castellote,0-16,2014,1
44178,Las Parras de Castellote,16-64,2014,30
44178,Las Parras de Castellote,65-100,2014,27
44178,Las Parras de Castellote,0-16,2015,0
44178,Las Parras de Castellote,16-64,2015,31
44178,Las Parras de Castellote,65-100,2015,28
44178,Las Parras de Castellote,0-16,2016,0
44178,Las Parras de Castellote,16-64,2016,30
44178,Las Parras de Castellote,65-100,2016,27
44178,Las Parras de Castellote,0-16,2017,0
44178,Las Parras de Castellote,16-64,2017,34
44178,Las Parras de Castellote,65-100,2017,27
44178,Las Parras de Castellote,0-16,2018,0
44178,Las Parras de Castellote,16-64,2018,30
44178,Las Parras de Castellote,65-100,2018,23
44178,Las Parras de Castellote,0-16,2019,0
44178,Las Parras de Castellote,16-64,2019,34
44178,Las Parras de Castellote,65-100,2019,21
44178,Las Parras de Castellote,0-16,2020,0
44178,Las Parras de Castellote,16-64,2020,33
44178,Las Parras de Castellote,65-100,2020,22
44178,Las Parras de Castellote,0-16,2021,0
44178,Las Parras de Castellote,16-64,2021,34
44178,Las Parras de Castellote,65-100,2021,22
44178,Las Parras de Castellote,0-16,2022,0
44178,Las Parras de Castellote,16-64,2022,36
44178,Las Parras de Castellote,65-100,2022,24
44178,Las Parras de Castellote,0-16,2023,1
44178,Las Parras de Castellote,16-64,2023,37
44178,Las Parras de Castellote,65-100,2023,23
44178,Las Parras de Castellote,0-16,2024,0
44178,Las Parras de Castellote,16-64,2024,35
44178,Las Parras de Castellote,65-100,2024,20
44178,Las Parras de Castellote,0-16,2025,0
44178,Las Parras de Castellote,16-64,2025,36
44178,Las Parras de Castellote,65-100,2025,21
44179,Peñarroya de Tastavins,0-16,2003,66
44179,Peñarroya de Tastavins,16-64,2003,308
44179,Peñarroya de Tastavins,65-100,2003,158
44179,Peñarroya de Tastavins,0-16,2004,67
44179,Peñarroya de Tastavins,16-64,2004,308
44179,Peñarroya de Tastavins,65-100,2004,152
44179,Peñarroya de Tastavins,0-16,2005,62
44179,Peñarroya de Tastavins,16-64,2005,312
44179,Peñarroya de Tastavins,65-100,2005,152
44179,Peñarroya de Tastavins,0-16,2006,58
44179,Peñarroya de Tastavins,16-64,2006,285
44179,Peñarroya de Tastavins,65-100,2006,145
44179,Peñarroya de Tastavins,0-16,2007,68
44179,Peñarroya de Tastavins,16-64,2007,302
44179,Peñarroya de Tastavins,65-100,2007,141
44179,Peñarroya de Tastavins,0-16,2008,64
44179,Peñarroya de Tastavins,16-64,2008,318
44179,Peñarroya de Tastavins,65-100,2008,136
44179,Peñarroya de Tastavins,0-16,2009,71
44179,Peñarroya de Tastavins,16-64,2009,327
44179,Peñarroya de Tastavins,65-100,2009,134
44179,Peñarroya de Tastavins,0-16,2010,68
44179,Peñarroya de Tastavins,16-64,2010,320
44179,Peñarroya de Tastavins,65-100,2010,129
44179,Peñarroya de Tastavins,0-16,2011,68
44179,Peñarroya de Tastavins,16-64,2011,311
44179,Peñarroya de Tastavins,65-100,2011,130
44179,Peñarroya de Tastavins,0-16,2012,66
44179,Peñarroya de Tastavins,16-64,2012,306
44179,Peñarroya de Tastavins,65-100,2012,125
44179,Peñarroya de Tastavins,0-16,2013,69
44179,Peñarroya de Tastavins,16-64,2013,286
44179,Peñarroya de Tastavins,65-100,2013,125
44179,Peñarroya de Tastavins,0-16,2014,72
44179,Peñarroya de Tastavins,16-64,2014,291
44179,Peñarroya de Tastavins,65-100,2014,124
44179,Peñarroya de Tastavins,0-16,2015,66
44179,Peñarroya de Tastavins,16-64,2015,292
44179,Peñarroya de Tastavins,65-100,2015,119
44179,Peñarroya de Tastavins,0-16,2016,61
44179,Peñarroya de Tastavins,16-64,2016,287
44179,Peñarroya de Tastavins,65-100,2016,117
44179,Peñarroya de Tastavins,0-16,2017,64
44179,Peñarroya de Tastavins,16-64,2017,282
44179,Peñarroya de Tastavins,65-100,2017,115
44179,Peñarroya de Tastavins,0-16,2018,55
44179,Peñarroya de Tastavins,16-64,2018,276
44179,Peñarroya de Tastavins,65-100,2018,108
44179,Peñarroya de Tastavins,0-16,2019,55
44179,Peñarroya de Tastavins,16-64,2019,272
44179,Peñarroya de Tastavins,65-100,2019,112
44179,Peñarroya de Tastavins,0-16,2020,63
44179,Peñarroya de Tastavins,16-64,2020,267
44179,Peñarroya de Tastavins,65-100,2020,116
44179,Peñarroya de Tastavins,0-16,2021,63
44179,Peñarroya de Tastavins,16-64,2021,265
44179,Peñarroya de Tastavins,65-100,2021,122
44179,Peñarroya de Tastavins,0-16,2022,61
44179,Peñarroya de Tastavins,16-64,2022,267
44179,Peñarroya de Tastavins,65-100,2022,122
44179,Peñarroya de Tastavins,0-16,2023,67
44179,Peñarroya de Tastavins,16-64,2023,251
44179,Peñarroya de Tastavins,65-100,2023,123
44179,Peñarroya de Tastavins,0-16,2024,68
44179,Peñarroya de Tastavins,16-64,2024,261
44179,Peñarroya de Tastavins,65-100,2024,129
44179,Peñarroya de Tastavins,0-16,2025,66
44179,Peñarroya de Tastavins,16-64,2025,278
44179,Peñarroya de Tastavins,65-100,2025,126
44180,Peracense,0-16,2003,2
44180,Peracense,16-64,2003,45
44180,Peracense,65-100,2003,60
44180,Peracense,0-16,2004,4
44180,Peracense,16-64,2004,45
44180,Peracense,65-100,2004,58
44180,Peracense,0-16,2005,8
44180,Peracense,16-64,2005,54
44180,Peracense,65-100,2005,52
44180,Peracense,0-16,2006,7
44180,Peracense,16-64,2006,64
44180,Peracense,65-100,2006,58
44180,Peracense,0-16,2007,6
44180,Peracense,16-64,2007,57
44180,Peracense,65-100,2007,58
44180,Peracense,0-16,2008,3
44180,Peracense,16-64,2008,42
44180,Peracense,65-100,2008,51
44180,Peracense,0-16,2009,2
44180,Peracense,16-64,2009,44
44180,Peracense,65-100,2009,47
44180,Peracense,0-16,2010,5
44180,Peracense,16-64,2010,41
44180,Peracense,65-100,2010,43
44180,Peracense,0-16,2011,4
44180,Peracense,16-64,2011,45
44180,Peracense,65-100,2011,39
44180,Peracense,0-16,2012,5
44180,Peracense,16-64,2012,36
44180,Peracense,65-100,2012,36
44180,Peracense,0-16,2013,6
44180,Peracense,16-64,2013,32
44180,Peracense,65-100,2013,35
44180,Peracense,0-16,2014,4
44180,Peracense,16-64,2014,32
44180,Peracense,65-100,2014,33
44180,Peracense,0-16,2015,4
44180,Peracense,16-64,2015,38
44180,Peracense,65-100,2015,30
44180,Peracense,0-16,2016,5
44180,Peracense,16-64,2016,38
44180,Peracense,65-100,2016,32
44180,Peracense,0-16,2017,5
44180,Peracense,16-64,2017,39
44180,Peracense,65-100,2017,31
44180,Peracense,0-16,2018,4
44180,Peracense,16-64,2018,43
44180,Peracense,65-100,2018,29
44180,Peracense,0-16,2019,3
44180,Peracense,16-64,2019,46
44180,Peracense,65-100,2019,28
44180,Peracense,0-16,2020,3
44180,Peracense,16-64,2020,46
44180,Peracense,65-100,2020,28
44180,Peracense,0-16,2021,4
44180,Peracense,16-64,2021,51
44180,Peracense,65-100,2021,30
44180,Peracense,0-16,2022,2
44180,Peracense,16-64,2022,46
44180,Peracense,65-100,2022,30
44180,Peracense,0-16,2023,4
44180,Peracense,16-64,2023,45
44180,Peracense,65-100,2023,24
44180,Peracense,0-16,2024,6
44180,Peracense,16-64,2024,42
44180,Peracense,65-100,2024,25
44180,Peracense,0-16,2025,2
44180,Peracense,16-64,2025,40
44180,Peracense,65-100,2025,25
44181,Peralejos,0-16,2003,6
44181,Peralejos,16-64,2003,37
44181,Peralejos,65-100,2003,39
44181,Peralejos,0-16,2004,2
44181,Peralejos,16-64,2004,43
44181,Peralejos,65-100,2004,40
44181,Peralejos,0-16,2005,1
44181,Peralejos,16-64,2005,43
44181,Peralejos,65-100,2005,39
44181,Peralejos,0-16,2006,0
44181,Peralejos,16-64,2006,48
44181,Peralejos,65-100,2006,36
44181,Peralejos,0-16,2007,0
44181,Peralejos,16-64,2007,56
44181,Peralejos,65-100,2007,37
44181,Peralejos,0-16,2008,1
44181,Peralejos,16-64,2008,47
44181,Peralejos,65-100,2008,35
44181,Peralejos,0-16,2009,1
44181,Peralejos,16-64,2009,45
44181,Peralejos,65-100,2009,33
44181,Peralejos,0-16,2010,3
44181,Peralejos,16-64,2010,42
44181,Peralejos,65-100,2010,33
44181,Peralejos,0-16,2011,4
44181,Peralejos,16-64,2011,46
44181,Peralejos,65-100,2011,34
44181,Peralejos,0-16,2012,4
44181,Peralejos,16-64,2012,45
44181,Peralejos,65-100,2012,34
44181,Peralejos,0-16,2013,7
44181,Peralejos,16-64,2013,50
44181,Peralejos,65-100,2013,33
44181,Peralejos,0-16,2014,6
44181,Peralejos,16-64,2014,47
44181,Peralejos,65-100,2014,32
44181,Peralejos,0-16,2015,7
44181,Peralejos,16-64,2015,46
44181,Peralejos,65-100,2015,33
44181,Peralejos,0-16,2016,10
44181,Peralejos,16-64,2016,45
44181,Peralejos,65-100,2016,31
44181,Peralejos,0-16,2017,12
44181,Peralejos,16-64,2017,47
44181,Peralejos,65-100,2017,28
44181,Peralejos,0-16,2018,12
44181,Peralejos,16-64,2018,48
44181,Peralejos,65-100,2018,28
44181,Peralejos,0-16,2019,8
44181,Peralejos,16-64,2019,45
44181,Peralejos,65-100,2019,26
44181,Peralejos,0-16,2020,8
44181,Peralejos,16-64,2020,49
44181,Peralejos,65-100,2020,26
44181,Peralejos,0-16,2021,5
44181,Peralejos,16-64,2021,53
44181,Peralejos,65-100,2021,27
44181,Peralejos,0-16,2022,7
44181,Peralejos,16-64,2022,50
44181,Peralejos,65-100,2022,28
44181,Peralejos,0-16,2023,9
44181,Peralejos,16-64,2023,48
44181,Peralejos,65-100,2023,29
44181,Peralejos,0-16,2024,12
44181,Peralejos,16-64,2024,47
44181,Peralejos,65-100,2024,30
44181,Peralejos,0-16,2025,6
44181,Peralejos,16-64,2025,54
44181,Peralejos,65-100,2025,31
44182,Perales del Alfambra,0-16,2003,39
44182,Perales del Alfambra,16-64,2003,150
44182,Perales del Alfambra,65-100,2003,92
44182,Perales del Alfambra,0-16,2004,41
44182,Perales del Alfambra,16-64,2004,162
44182,Perales del Alfambra,65-100,2004,91
44182,Perales del Alfambra,0-16,2005,38
44182,Perales del Alfambra,16-64,2005,166
44182,Perales del Alfambra,65-100,2005,92
44182,Perales del Alfambra,0-16,2006,38
44182,Perales del Alfambra,16-64,2006,154
44182,Perales del Alfambra,65-100,2006,94
44182,Perales del Alfambra,0-16,2007,40
44182,Perales del Alfambra,16-64,2007,162
44182,Perales del Alfambra,65-100,2007,93
44182,Perales del Alfambra,0-16,2008,32
44182,Perales del Alfambra,16-64,2008,173
44182,Perales del Alfambra,65-100,2008,91
44182,Perales del Alfambra,0-16,2009,29
44182,Perales del Alfambra,16-64,2009,162
44182,Perales del Alfambra,65-100,2009,87
44182,Perales del Alfambra,0-16,2010,30
44182,Perales del Alfambra,16-64,2010,170
44182,Perales del Alfambra,65-100,2010,79
44182,Perales del Alfambra,0-16,2011,24
44182,Perales del Alfambra,16-64,2011,168
44182,Perales del Alfambra,65-100,2011,76
44182,Perales del Alfambra,0-16,2012,26
44182,Perales del Alfambra,16-64,2012,169
44182,Perales del Alfambra,65-100,2012,74
44182,Perales del Alfambra,0-16,2013,28
44182,Perales del Alfambra,16-64,2013,168
44182,Perales del Alfambra,65-100,2013,69
44182,Perales del Alfambra,0-16,2014,22
44182,Perales del Alfambra,16-64,2014,163
44182,Perales del Alfambra,65-100,2014,68
44182,Perales del Alfambra,0-16,2015,15
44182,Perales del Alfambra,16-64,2015,153
44182,Perales del Alfambra,65-100,2015,70
44182,Perales del Alfambra,0-16,2016,13
44182,Perales del Alfambra,16-64,2016,145
44182,Perales del Alfambra,65-100,2016,69
44182,Perales del Alfambra,0-16,2017,12
44182,Perales del Alfambra,16-64,2017,140
44182,Perales del Alfambra,65-100,2017,69
44182,Perales del Alfambra,0-16,2018,11
44182,Perales del Alfambra,16-64,2018,142
44182,Perales del Alfambra,65-100,2018,68
44182,Perales del Alfambra,0-16,2019,13
44182,Perales del Alfambra,16-64,2019,149
44182,Perales del Alfambra,65-100,2019,67
44182,Perales del Alfambra,0-16,2020,11
44182,Perales del Alfambra,16-64,2020,156
44182,Perales del Alfambra,65-100,2020,69
44182,Perales del Alfambra,0-16,2021,15
44182,Perales del Alfambra,16-64,2021,167
44182,Perales del Alfambra,65-100,2021,69
44182,Perales del Alfambra,0-16,2022,22
44182,Perales del Alfambra,16-64,2022,167
44182,Perales del Alfambra,65-100,2022,75
44182,Perales del Alfambra,0-16,2023,32
44182,Perales del Alfambra,16-64,2023,167
44182,Perales del Alfambra,65-100,2023,67
44182,Perales del Alfambra,0-16,2024,38
44182,Perales del Alfambra,16-64,2024,169
44182,Perales del Alfambra,65-100,2024,67
44182,Perales del Alfambra,0-16,2025,44
44182,Perales del Alfambra,16-64,2025,178
44182,Perales del Alfambra,65-100,2025,69
44183,Pitarque,0-16,2003,13
44183,Pitarque,16-64,2003,50
44183,Pitarque,65-100,2003,41
44183,Pitarque,0-16,2004,15
44183,Pitarque,16-64,2004,55
44183,Pitarque,65-100,2004,42
44183,Pitarque,0-16,2005,13
44183,Pitarque,16-64,2005,59
44183,Pitarque,65-100,2005,42
44183,Pitarque,0-16,2006,11
44183,Pitarque,16-64,2006,58
44183,Pitarque,65-100,2006,39
44183,Pitarque,0-16,2007,11
44183,Pitarque,16-64,2007,62
44183,Pitarque,65-100,2007,41
44183,Pitarque,0-16,2008,10
44183,Pitarque,16-64,2008,56
44183,Pitarque,65-100,2008,38
44183,Pitarque,0-16,2009,9
44183,Pitarque,16-64,2009,52
44183,Pitarque,65-100,2009,34
44183,Pitarque,0-16,2010,8
44183,Pitarque,16-64,2010,54
44183,Pitarque,65-100,2010,34
44183,Pitarque,0-16,2011,9
44183,Pitarque,16-64,2011,55
44183,Pitarque,65-100,2011,30
44183,Pitarque,0-16,2012,9
44183,Pitarque,16-64,2012,57
44183,Pitarque,65-100,2012,27
44183,Pitarque,0-16,2013,9
44183,Pitarque,16-64,2013,54
44183,Pitarque,65-100,2013,26
44183,Pitarque,0-16,2014,10
44183,Pitarque,16-64,2014,57
44183,Pitarque,65-100,2014,26
44183,Pitarque,0-16,2015,10
44183,Pitarque,16-64,2015,56
44183,Pitarque,65-100,2015,24
44183,Pitarque,0-16,2016,9
44183,Pitarque,16-64,2016,56
44183,Pitarque,65-100,2016,26
44183,Pitarque,0-16,2017,8
44183,Pitarque,16-64,2017,50
44183,Pitarque,65-100,2017,26
44183,Pitarque,0-16,2018,5
44183,Pitarque,16-64,2018,48
44183,Pitarque,65-100,2018,26
44183,Pitarque,0-16,2019,5
44183,Pitarque,16-64,2019,46
44183,Pitarque,65-100,2019,22
44183,Pitarque,0-16,2020,5
44183,Pitarque,16-64,2020,45
44183,Pitarque,65-100,2020,18
44183,Pitarque,0-16,2021,5
44183,Pitarque,16-64,2021,46
44183,Pitarque,65-100,2021,18
44183,Pitarque,0-16,2022,2
44183,Pitarque,16-64,2022,47
44183,Pitarque,65-100,2022,20
44183,Pitarque,0-16,2023,1
44183,Pitarque,16-64,2023,41
44183,Pitarque,65-100,2023,23
44183,Pitarque,0-16,2024,1
44183,Pitarque,16-64,2024,35
44183,Pitarque,65-100,2024,25
44183,Pitarque,0-16,2025,1
44183,Pitarque,16-64,2025,34
44183,Pitarque,65-100,2025,26
44184,Plou,0-16,2003,2
44184,Plou,16-64,2003,25
44184,Plou,65-100,2003,21
44184,Plou,0-16,2004,1
44184,Plou,16-64,2004,25
44184,Plou,65-100,2004,23
44184,Plou,0-16,2005,2
44184,Plou,16-64,2005,32
44184,Plou,65-100,2005,21
44184,Plou,0-16,2006,2
44184,Plou,16-64,2006,33
44184,Plou,65-100,2006,23
44184,Plou,0-16,2007,1
44184,Plou,16-64,2007,30
44184,Plou,65-100,2007,22
44184,Plou,0-16,2008,1
44184,Plou,16-64,2008,29
44184,Plou,65-100,2008,20
44184,Plou,0-16,2009,1
44184,Plou,16-64,2009,27
44184,Plou,65-100,2009,19
44184,Plou,0-16,2010,1
44184,Plou,16-64,2010,24
44184,Plou,65-100,2010,18
44184,Plou,0-16,2011,1
44184,Plou,16-64,2011,26
44184,Plou,65-100,2011,18
44184,Plou,0-16,2012,1
44184,Plou,16-64,2012,30
44184,Plou,65-100,2012,17
44184,Plou,0-16,2013,2
44184,Plou,16-64,2013,27
44184,Plou,65-100,2013,16
44184,Plou,0-16,2014,3
44184,Plou,16-64,2014,26
44184,Plou,65-100,2014,17
44184,Plou,0-16,2015,2
44184,Plou,16-64,2015,29
44184,Plou,65-100,2015,21
44184,Plou,0-16,2016,2
44184,Plou,16-64,2016,27
44184,Plou,65-100,2016,20
44184,Plou,0-16,2017,3
44184,Plou,16-64,2017,25
44184,Plou,65-100,2017,17
44184,Plou,0-16,2018,3
44184,Plou,16-64,2018,22
44184,Plou,65-100,2018,18
44184,Plou,0-16,2019,3
44184,Plou,16-64,2019,24
44184,Plou,65-100,2019,16
44184,Plou,0-16,2020,2
44184,Plou,16-64,2020,28
44184,Plou,65-100,2020,20
44184,Plou,0-16,2021,2
44184,Plou,16-64,2021,27
44184,Plou,65-100,2021,19
44184,Plou,0-16,2022,2
44184,Plou,16-64,2022,24
44184,Plou,65-100,2022,21
44184,Plou,0-16,2023,3
44184,Plou,16-64,2023,25
44184,Plou,65-100,2023,22
44184,Plou,0-16,2024,0
44184,Plou,16-64,2024,22
44184,Plou,65-100,2024,24
44184,Plou,0-16,2025,1
44184,Plou,16-64,2025,20
44184,Plou,65-100,2025,22
44185,El Pobo,0-16,2003,6
44185,El Pobo,16-64,2003,80
44185,El Pobo,65-100,2003,52
44185,El Pobo,0-16,2004,6
44185,El Pobo,16-64,2004,77
44185,El Pobo,65-100,2004,54
44185,El Pobo,0-16,2005,4
44185,El Pobo,16-64,2005,79
44185,El Pobo,65-100,2005,52
44185,El Pobo,0-16,2006,6
44185,El Pobo,16-64,2006,78
44185,El Pobo,65-100,2006,49
44185,El Pobo,0-16,2007,9
44185,El Pobo,16-64,2007,78
44185,El Pobo,65-100,2007,50
44185,El Pobo,0-16,2008,9
44185,El Pobo,16-64,2008,79
44185,El Pobo,65-100,2008,51
44185,El Pobo,0-16,2009,8
44185,El Pobo,16-64,2009,79
44185,El Pobo,65-100,2009,46
44185,El Pobo,0-16,2010,9
44185,El Pobo,16-64,2010,84
44185,El Pobo,65-100,2010,46
44185,El Pobo,0-16,2011,8
44185,El Pobo,16-64,2011,86
44185,El Pobo,65-100,2011,49
44185,El Pobo,0-16,2012,11
44185,El Pobo,16-64,2012,80
44185,El Pobo,65-100,2012,51
44185,El Pobo,0-16,2013,15
44185,El Pobo,16-64,2013,83
44185,El Pobo,65-100,2013,47
44185,El Pobo,0-16,2014,18
44185,El Pobo,16-64,2014,87
44185,El Pobo,65-100,2014,43
44185,El Pobo,0-16,2015,14
44185,El Pobo,16-64,2015,81
44185,El Pobo,65-100,2015,47
44185,El Pobo,0-16,2016,12
44185,El Pobo,16-64,2016,74
44185,El Pobo,65-100,2016,46
44185,El Pobo,0-16,2017,17
44185,El Pobo,16-64,2017,69
44185,El Pobo,65-100,2017,43
44185,El Pobo,0-16,2018,14
44185,El Pobo,16-64,2018,60
44185,El Pobo,65-100,2018,40
44185,El Pobo,0-16,2019,11
44185,El Pobo,16-64,2019,59
44185,El Pobo,65-100,2019,40
44185,El Pobo,0-16,2020,13
44185,El Pobo,16-64,2020,59
44185,El Pobo,65-100,2020,36
44185,El Pobo,0-16,2021,14
44185,El Pobo,16-64,2021,66
44185,El Pobo,65-100,2021,32
44185,El Pobo,0-16,2022,12
44185,El Pobo,16-64,2022,62
44185,El Pobo,65-100,2022,32
44185,El Pobo,0-16,2023,9
44185,El Pobo,16-64,2023,63
44185,El Pobo,65-100,2023,30
44185,El Pobo,0-16,2024,8
44185,El Pobo,16-64,2024,60
44185,El Pobo,65-100,2024,30
44185,El Pobo,0-16,2025,7
44185,El Pobo,16-64,2025,62
44185,El Pobo,65-100,2025,28
44187,La Portellada,0-16,2003,20
44187,La Portellada,16-64,2003,151
44187,La Portellada,65-100,2003,113
44187,La Portellada,0-16,2004,20
44187,La Portellada,16-64,2004,148
44187,La Portellada,65-100,2004,109
44187,La Portellada,0-16,2005,16
44187,La Portellada,16-64,2005,148
44187,La Portellada,65-100,2005,108
44187,La Portellada,0-16,2006,17
44187,La Portellada,16-64,2006,149
44187,La Portellada,65-100,2006,108
44187,La Portellada,0-16,2007,14
44187,La Portellada,16-64,2007,161
44187,La Portellada,65-100,2007,101
44187,La Portellada,0-16,2008,12
44187,La Portellada,16-64,2008,159
44187,La Portellada,65-100,2008,95
44187,La Portellada,0-16,2009,12
44187,La Portellada,16-64,2009,151
44187,La Portellada,65-100,2009,99
44187,La Portellada,0-16,2010,16
44187,La Portellada,16-64,2010,152
44187,La Portellada,65-100,2010,94
44187,La Portellada,0-16,2011,18
44187,La Portellada,16-64,2011,148
44187,La Portellada,65-100,2011,93
44187,La Portellada,0-16,2012,19
44187,La Portellada,16-64,2012,143
44187,La Portellada,65-100,2012,92
44187,La Portellada,0-16,2013,17
44187,La Portellada,16-64,2013,142
44187,La Portellada,65-100,2013,86
44187,La Portellada,0-16,2014,22
44187,La Portellada,16-64,2014,128
44187,La Portellada,65-100,2014,84
44187,La Portellada,0-16,2015,24
44187,La Portellada,16-64,2015,124
44187,La Portellada,65-100,2015,92
44187,La Portellada,0-16,2016,25
44187,La Portellada,16-64,2016,127
44187,La Portellada,65-100,2016,88
44187,La Portellada,0-16,2017,34
44187,La Portellada,16-64,2017,126
44187,La Portellada,65-100,2017,86
44187,La Portellada,0-16,2018,32
44187,La Portellada,16-64,2018,122
44187,La Portellada,65-100,2018,89
44187,La Portellada,0-16,2019,30
44187,La Portellada,16-64,2019,116
44187,La Portellada,65-100,2019,89
44187,La Portellada,0-16,2020,34
44187,La Portellada,16-64,2020,111
44187,La Portellada,65-100,2020,91
44187,La Portellada,0-16,2021,32
44187,La Portellada,16-64,2021,109
44187,La Portellada,65-100,2021,89
44187,La Portellada,0-16,2022,35
44187,La Portellada,16-64,2022,112
44187,La Portellada,65-100,2022,89
44187,La Portellada,0-16,2023,35
44187,La Portellada,16-64,2023,116
44187,La Portellada,65-100,2023,90
44187,La Portellada,0-16,2024,30
44187,La Portellada,16-64,2024,116
44187,La Portellada,65-100,2024,95
44187,La Portellada,0-16,2025,33
44187,La Portellada,16-64,2025,119
44187,La Portellada,65-100,2025,98
44189,Pozondón,0-16,2003,9
44189,Pozondón,16-64,2003,39
44189,Pozondón,65-100,2003,47
44189,Pozondón,0-16,2004,7
44189,Pozondón,16-64,2004,42
44189,Pozondón,65-100,2004,48
44189,Pozondón,0-16,2005,3
44189,Pozondón,16-64,2005,39
44189,Pozondón,65-100,2005,46
44189,Pozondón,0-16,2006,4
44189,Pozondón,16-64,2006,44
44189,Pozondón,65-100,2006,46
44189,Pozondón,0-16,2007,1
44189,Pozondón,16-64,2007,45
44189,Pozondón,65-100,2007,43
44189,Pozondón,0-16,2008,1
44189,Pozondón,16-64,2008,39
44189,Pozondón,65-100,2008,43
44189,Pozondón,0-16,2009,3
44189,Pozondón,16-64,2009,40
44189,Pozondón,65-100,2009,40
44189,Pozondón,0-16,2010,4
44189,Pozondón,16-64,2010,36
44189,Pozondón,65-100,2010,43
44189,Pozondón,0-16,2011,3
44189,Pozondón,16-64,2011,34
44189,Pozondón,65-100,2011,43
44189,Pozondón,0-16,2012,1
44189,Pozondón,16-64,2012,29
44189,Pozondón,65-100,2012,41
44189,Pozondón,0-16,2013,1
44189,Pozondón,16-64,2013,31
44189,Pozondón,65-100,2013,34
44189,Pozondón,0-16,2014,0
44189,Pozondón,16-64,2014,31
44189,Pozondón,65-100,2014,32
44189,Pozondón,0-16,2015,1
44189,Pozondón,16-64,2015,31
44189,Pozondón,65-100,2015,30
44189,Pozondón,0-16,2016,1
44189,Pozondón,16-64,2016,29
44189,Pozondón,65-100,2016,30
44189,Pozondón,0-16,2017,1
44189,Pozondón,16-64,2017,26
44189,Pozondón,65-100,2017,27
44189,Pozondón,0-16,2018,1
44189,Pozondón,16-64,2018,26
44189,Pozondón,65-100,2018,21
44189,Pozondón,0-16,2019,1
44189,Pozondón,16-64,2019,31
44189,Pozondón,65-100,2019,18
44189,Pozondón,0-16,2020,1
44189,Pozondón,16-64,2020,26
44189,Pozondón,65-100,2020,16
44189,Pozondón,0-16,2021,0
44189,Pozondón,16-64,2021,33
44189,Pozondón,65-100,2021,14
44189,Pozondón,0-16,2022,0
44189,Pozondón,16-64,2022,35
44189,Pozondón,65-100,2022,13
44189,Pozondón,0-16,2023,0
44189,Pozondón,16-64,2023,38
44189,Pozondón,65-100,2023,16
44189,Pozondón,0-16,2024,0
44189,Pozondón,16-64,2024,37
44189,Pozondón,65-100,2024,17
44189,Pozondón,0-16,2025,0
44189,Pozondón,16-64,2025,33
44189,Pozondón,65-100,2025,20
44190,Pozuel del Campo,0-16,2003,9
44190,Pozuel del Campo,16-64,2003,49
44190,Pozuel del Campo,65-100,2003,50
44190,Pozuel del Campo,0-16,2004,10
44190,Pozuel del Campo,16-64,2004,45
44190,Pozuel del Campo,65-100,2004,55
44190,Pozuel del Campo,0-16,2005,8
44190,Pozuel del Campo,16-64,2005,46
44190,Pozuel del Campo,65-100,2005,49
44190,Pozuel del Campo,0-16,2006,7
44190,Pozuel del Campo,16-64,2006,49
44190,Pozuel del Campo,65-100,2006,49
44190,Pozuel del Campo,0-16,2007,7
44190,Pozuel del Campo,16-64,2007,55
44190,Pozuel del Campo,65-100,2007,52
44190,Pozuel del Campo,0-16,2008,7
44190,Pozuel del Campo,16-64,2008,53
44190,Pozuel del Campo,65-100,2008,47
44190,Pozuel del Campo,0-16,2009,5
44190,Pozuel del Campo,16-64,2009,51
44190,Pozuel del Campo,65-100,2009,45
44190,Pozuel del Campo,0-16,2010,5
44190,Pozuel del Campo,16-64,2010,51
44190,Pozuel del Campo,65-100,2010,44
44190,Pozuel del Campo,0-16,2011,5
44190,Pozuel del Campo,16-64,2011,51
44190,Pozuel del Campo,65-100,2011,42
44190,Pozuel del Campo,0-16,2012,3
44190,Pozuel del Campo,16-64,2012,48
44190,Pozuel del Campo,65-100,2012,39
44190,Pozuel del Campo,0-16,2013,0
44190,Pozuel del Campo,16-64,2013,41
44190,Pozuel del Campo,65-100,2013,39
44190,Pozuel del Campo,0-16,2014,0
44190,Pozuel del Campo,16-64,2014,39
44190,Pozuel del Campo,65-100,2014,42
44190,Pozuel del Campo,0-16,2015,0
44190,Pozuel del Campo,16-64,2015,35
44190,Pozuel del Campo,65-100,2015,39
44190,Pozuel del Campo,0-16,2016,0
44190,Pozuel del Campo,16-64,2016,33
44190,Pozuel del Campo,65-100,2016,39
44190,Pozuel del Campo,0-16,2017,0
44190,Pozuel del Campo,16-64,2017,31
44190,Pozuel del Campo,65-100,2017,39
44190,Pozuel del Campo,0-16,2018,1
44190,Pozuel del Campo,16-64,2018,29
44190,Pozuel del Campo,65-100,2018,38
44190,Pozuel del Campo,0-16,2019,1
44190,Pozuel del Campo,16-64,2019,28
44190,Pozuel del Campo,65-100,2019,36
44190,Pozuel del Campo,0-16,2020,1
44190,Pozuel del Campo,16-64,2020,27
44190,Pozuel del Campo,65-100,2020,35
44190,Pozuel del Campo,0-16,2021,1
44190,Pozuel del Campo,16-64,2021,28
44190,Pozuel del Campo,65-100,2021,33
44190,Pozuel del Campo,0-16,2022,1
44190,Pozuel del Campo,16-64,2022,28
44190,Pozuel del Campo,65-100,2022,31
44190,Pozuel del Campo,0-16,2023,3
44190,Pozuel del Campo,16-64,2023,31
44190,Pozuel del Campo,65-100,2023,32
44190,Pozuel del Campo,0-16,2024,4
44190,Pozuel del Campo,16-64,2024,35
44190,Pozuel del Campo,65-100,2024,28
44190,Pozuel del Campo,0-16,2025,1
44190,Pozuel del Campo,16-64,2025,41
44190,Pozuel del Campo,65-100,2025,34
44191,La Puebla de Híjar,0-16,2003,113
44191,La Puebla de Híjar,16-64,2003,572
44191,La Puebla de Híjar,65-100,2003,350
44191,La Puebla de Híjar,0-16,2004,105
44191,La Puebla de Híjar,16-64,2004,566
44191,La Puebla de Híjar,65-100,2004,342
44191,La Puebla de Híjar,0-16,2005,110
44191,La Puebla de Híjar,16-64,2005,573
44191,La Puebla de Híjar,65-100,2005,332
44191,La Puebla de Híjar,0-16,2006,114
44191,La Puebla de Híjar,16-64,2006,578
44191,La Puebla de Híjar,65-100,2006,324
44191,La Puebla de Híjar,0-16,2007,114
44191,La Puebla de Híjar,16-64,2007,577
44191,La Puebla de Híjar,65-100,2007,314
44191,La Puebla de Híjar,0-16,2008,112
44191,La Puebla de Híjar,16-64,2008,593
44191,La Puebla de Híjar,65-100,2008,313
44191,La Puebla de Híjar,0-16,2009,113
44191,La Puebla de Híjar,16-64,2009,601
44191,La Puebla de Híjar,65-100,2009,310
44191,La Puebla de Híjar,0-16,2010,114
44191,La Puebla de Híjar,16-64,2010,582
44191,La Puebla de Híjar,65-100,2010,310
44191,La Puebla de Híjar,0-16,2011,119
44191,La Puebla de Híjar,16-64,2011,589
44191,La Puebla de Híjar,65-100,2011,305
44191,La Puebla de Híjar,0-16,2012,114
44191,La Puebla de Híjar,16-64,2012,567
44191,La Puebla de Híjar,65-100,2012,301
44191,La Puebla de Híjar,0-16,2013,117
44191,La Puebla de Híjar,16-64,2013,578
44191,La Puebla de Híjar,65-100,2013,279
44191,La Puebla de Híjar,0-16,2014,114
44191,La Puebla de Híjar,16-64,2014,582
44191,La Puebla de Híjar,65-100,2014,269
44191,La Puebla de Híjar,0-16,2015,111
44191,La Puebla de Híjar,16-64,2015,572
44191,La Puebla de Híjar,65-100,2015,264
44191,La Puebla de Híjar,0-16,2016,109
44191,La Puebla de Híjar,16-64,2016,551
44191,La Puebla de Híjar,65-100,2016,270
44191,La Puebla de Híjar,0-16,2017,122
44191,La Puebla de Híjar,16-64,2017,553
44191,La Puebla de Híjar,65-100,2017,269
44191,La Puebla de Híjar,0-16,2018,119
44191,La Puebla de Híjar,16-64,2018,527
44191,La Puebla de Híjar,65-100,2018,262
44191,La Puebla de Híjar,0-16,2019,118
44191,La Puebla de Híjar,16-64,2019,522
44191,La Puebla de Híjar,65-100,2019,257
44191,La Puebla de Híjar,0-16,2020,127
44191,La Puebla de Híjar,16-64,2020,525
44191,La Puebla de Híjar,65-100,2020,247
44191,La Puebla de Híjar,0-16,2021,122
44191,La Puebla de Híjar,16-64,2021,542
44191,La Puebla de Híjar,65-100,2021,245
44191,La Puebla de Híjar,0-16,2022,127
44191,La Puebla de Híjar,16-64,2022,546
44191,La Puebla de Híjar,65-100,2022,241
44191,La Puebla de Híjar,0-16,2023,124
44191,La Puebla de Híjar,16-64,2023,547
44191,La Puebla de Híjar,65-100,2023,243
44191,La Puebla de Híjar,0-16,2024,125
44191,La Puebla de Híjar,16-64,2024,562
44191,La Puebla de Híjar,65-100,2024,244
44191,La Puebla de Híjar,0-16,2025,125
44191,La Puebla de Híjar,16-64,2025,566
44191,La Puebla de Híjar,65-100,2025,243
44192,La Puebla de Valverde,0-16,2003,62
44192,La Puebla de Valverde,16-64,2003,275
44192,La Puebla de Valverde,65-100,2003,167
44192,La Puebla de Valverde,0-16,2004,58
44192,La Puebla de Valverde,16-64,2004,282
44192,La Puebla de Valverde,65-100,2004,168
44192,La Puebla de Valverde,0-16,2005,62
44192,La Puebla de Valverde,16-64,2005,333
44192,La Puebla de Valverde,65-100,2005,156
44192,La Puebla de Valverde,0-16,2006,60
44192,La Puebla de Valverde,16-64,2006,333
44192,La Puebla de Valverde,65-100,2006,145
44192,La Puebla de Valverde,0-16,2007,57
44192,La Puebla de Valverde,16-64,2007,343
44192,La Puebla de Valverde,65-100,2007,144
44192,La Puebla de Valverde,0-16,2008,61
44192,La Puebla de Valverde,16-64,2008,342
44192,La Puebla de Valverde,65-100,2008,137
44192,La Puebla de Valverde,0-16,2009,62
44192,La Puebla de Valverde,16-64,2009,369
44192,La Puebla de Valverde,65-100,2009,138
44192,La Puebla de Valverde,0-16,2010,63
44192,La Puebla de Valverde,16-64,2010,367
44192,La Puebla de Valverde,65-100,2010,141
44192,La Puebla de Valverde,0-16,2011,60
44192,La Puebla de Valverde,16-64,2011,353
44192,La Puebla de Valverde,65-100,2011,139
44192,La Puebla de Valverde,0-16,2012,68
44192,La Puebla de Valverde,16-64,2012,350
44192,La Puebla de Valverde,65-100,2012,132
44192,La Puebla de Valverde,0-16,2013,76
44192,La Puebla de Valverde,16-64,2013,345
44192,La Puebla de Valverde,65-100,2013,126
44192,La Puebla de Valverde,0-16,2014,73
44192,La Puebla de Valverde,16-64,2014,324
44192,La Puebla de Valverde,65-100,2014,124
44192,La Puebla de Valverde,0-16,2015,69
44192,La Puebla de Valverde,16-64,2015,307
44192,La Puebla de Valverde,65-100,2015,124
44192,La Puebla de Valverde,0-16,2016,59
44192,La Puebla de Valverde,16-64,2016,284
44192,La Puebla de Valverde,65-100,2016,117
44192,La Puebla de Valverde,0-16,2017,54
44192,La Puebla de Valverde,16-64,2017,287
44192,La Puebla de Valverde,65-100,2017,116
44192,La Puebla de Valverde,0-16,2018,56
44192,La Puebla de Valverde,16-64,2018,287
44192,La Puebla de Valverde,65-100,2018,110
44192,La Puebla de Valverde,0-16,2019,58
44192,La Puebla de Valverde,16-64,2019,299
44192,La Puebla de Valverde,65-100,2019,100
44192,La Puebla de Valverde,0-16,2020,59
44192,La Puebla de Valverde,16-64,2020,295
44192,La Puebla de Valverde,65-100,2020,97
44192,La Puebla de Valverde,0-16,2021,51
44192,La Puebla de Valverde,16-64,2021,300
44192,La Puebla de Valverde,65-100,2021,94
44192,La Puebla de Valverde,0-16,2022,51
44192,La Puebla de Valverde,16-64,2022,307
44192,La Puebla de Valverde,65-100,2022,90
44192,La Puebla de Valverde,0-16,2023,55
44192,La Puebla de Valverde,16-64,2023,325
44192,La Puebla de Valverde,65-100,2023,92
44192,La Puebla de Valverde,0-16,2024,49
44192,La Puebla de Valverde,16-64,2024,319
44192,La Puebla de Valverde,65-100,2024,98
44192,La Puebla de Valverde,0-16,2025,60
44192,La Puebla de Valverde,16-64,2025,319
44192,La Puebla de Valverde,65-100,2025,104
44193,Puertomingalvo,0-16,2003,8
44193,Puertomingalvo,16-64,2003,98
44193,Puertomingalvo,65-100,2003,59
44193,Puertomingalvo,0-16,2004,12
44193,Puertomingalvo,16-64,2004,112
44193,Puertomingalvo,65-100,2004,58
44193,Puertomingalvo,0-16,2005,11
44193,Puertomingalvo,16-64,2005,122
44193,Puertomingalvo,65-100,2005,57
44193,Puertomingalvo,0-16,2006,15
44193,Puertomingalvo,16-64,2006,159
44193,Puertomingalvo,65-100,2006,55
44193,Puertomingalvo,0-16,2007,21
44193,Puertomingalvo,16-64,2007,172
44193,Puertomingalvo,65-100,2007,59
44193,Puertomingalvo,0-16,2008,28
44193,Puertomingalvo,16-64,2008,178
44193,Puertomingalvo,65-100,2008,53
44193,Puertomingalvo,0-16,2009,33
44193,Puertomingalvo,16-64,2009,143
44193,Puertomingalvo,65-100,2009,52
44193,Puertomingalvo,0-16,2010,30
44193,Puertomingalvo,16-64,2010,131
44193,Puertomingalvo,65-100,2010,46
44193,Puertomingalvo,0-16,2011,20
44193,Puertomingalvo,16-64,2011,92
44193,Puertomingalvo,65-100,2011,45
44193,Puertomingalvo,0-16,2012,19
44193,Puertomingalvo,16-64,2012,86
44193,Puertomingalvo,65-100,2012,39
44193,Puertomingalvo,0-16,2013,19
44193,Puertomingalvo,16-64,2013,82
44193,Puertomingalvo,65-100,2013,34
44193,Puertomingalvo,0-16,2014,16
44193,Puertomingalvo,16-64,2014,64
44193,Puertomingalvo,65-100,2014,37
44193,Puertomingalvo,0-16,2015,16
44193,Puertomingalvo,16-64,2015,67
44193,Puertomingalvo,65-100,2015,36
44193,Puertomingalvo,0-16,2016,13
44193,Puertomingalvo,16-64,2016,66
44193,Puertomingalvo,65-100,2016,33
44193,Puertomingalvo,0-16,2017,17
44193,Puertomingalvo,16-64,2017,70
44193,Puertomingalvo,65-100,2017,30
44193,Puertomingalvo,0-16,2018,19
44193,Puertomingalvo,16-64,2018,67
44193,Puertomingalvo,65-100,2018,26
44193,Puertomingalvo,0-16,2019,18
44193,Puertomingalvo,16-64,2019,68
44193,Puertomingalvo,65-100,2019,23
44193,Puertomingalvo,0-16,2020,19
44193,Puertomingalvo,16-64,2020,72
44193,Puertomingalvo,65-100,2020,26
44193,Puertomingalvo,0-16,2021,20
44193,Puertomingalvo,16-64,2021,77
44193,Puertomingalvo,65-100,2021,28
44193,Puertomingalvo,0-16,2022,26
44193,Puertomingalvo,16-64,2022,86
44193,Puertomingalvo,65-100,2022,29
44193,Puertomingalvo,0-16,2023,22
44193,Puertomingalvo,16-64,2023,80
44193,Puertomingalvo,65-100,2023,34
44193,Puertomingalvo,0-16,2024,25
44193,Puertomingalvo,16-64,2024,80
44193,Puertomingalvo,65-100,2024,35
44193,Puertomingalvo,0-16,2025,23
44193,Puertomingalvo,16-64,2025,77
44193,Puertomingalvo,65-100,2025,35
44194,Ráfales,0-16,2003,17
44194,Ráfales,16-64,2003,91
44194,Ráfales,65-100,2003,79
44194,Ráfales,0-16,2004,13
44194,Ráfales,16-64,2004,92
44194,Ráfales,65-100,2004,76
44194,Ráfales,0-16,2005,11
44194,Ráfales,16-64,2005,95
44194,Ráfales,65-100,2005,66
44194,Ráfales,0-16,2006,6
44194,Ráfales,16-64,2006,87
44194,Ráfales,65-100,2006,63
44194,Ráfales,0-16,2007,5
44194,Ráfales,16-64,2007,87
44194,Ráfales,65-100,2007,61
44194,Ráfales,0-16,2008,6
44194,Ráfales,16-64,2008,89
44194,Ráfales,65-100,2008,58
44194,Ráfales,0-16,2009,8
44194,Ráfales,16-64,2009,99
44194,Ráfales,65-100,2009,53
44194,Ráfales,0-16,2010,16
44194,Ráfales,16-64,2010,101
44194,Ráfales,65-100,2010,53
44194,Ráfales,0-16,2011,19
44194,Ráfales,16-64,2011,91
44194,Ráfales,65-100,2011,55
44194,Ráfales,0-16,2012,16
44194,Ráfales,16-64,2012,91
44194,Ráfales,65-100,2012,52
44194,Ráfales,0-16,2013,12
44194,Ráfales,16-64,2013,78
44194,Ráfales,65-100,2013,48
44194,Ráfales,0-16,2014,13
44194,Ráfales,16-64,2014,80
44194,Ráfales,65-100,2014,49
44194,Ráfales,0-16,2015,12
44194,Ráfales,16-64,2015,74
44194,Ráfales,65-100,2015,47
44194,Ráfales,0-16,2016,15
44194,Ráfales,16-64,2016,77
44194,Ráfales,65-100,2016,46
44194,Ráfales,0-16,2017,16
44194,Ráfales,16-64,2017,82
44194,Ráfales,65-100,2017,48
44194,Ráfales,0-16,2018,17
44194,Ráfales,16-64,2018,79
44194,Ráfales,65-100,2018,47
44194,Ráfales,0-16,2019,17
44194,Ráfales,16-64,2019,72
44194,Ráfales,65-100,2019,49
44194,Ráfales,0-16,2020,18
44194,Ráfales,16-64,2020,72
44194,Ráfales,65-100,2020,49
44194,Ráfales,0-16,2021,24
44194,Ráfales,16-64,2021,72
44194,Ráfales,65-100,2021,48
44194,Ráfales,0-16,2022,24
44194,Ráfales,16-64,2022,71
44194,Ráfales,65-100,2022,51
44194,Ráfales,0-16,2023,25
44194,Ráfales,16-64,2023,72
44194,Ráfales,65-100,2023,57
44194,Ráfales,0-16,2024,26
44194,Ráfales,16-64,2024,71
44194,Ráfales,65-100,2024,57
44194,Ráfales,0-16,2025,20
44194,Ráfales,16-64,2025,70
44194,Ráfales,65-100,2025,57
44195,Rillo,0-16,2003,6
44195,Rillo,16-64,2003,60
44195,Rillo,65-100,2003,64
44195,Rillo,0-16,2004,4
44195,Rillo,16-64,2004,57
44195,Rillo,65-100,2004,64
44195,Rillo,0-16,2005,4
44195,Rillo,16-64,2005,51
44195,Rillo,65-100,2005,60
44195,Rillo,0-16,2006,4
44195,Rillo,16-64,2006,50
44195,Rillo,65-100,2006,57
44195,Rillo,0-16,2007,4
44195,Rillo,16-64,2007,46
44195,Rillo,65-100,2007,56
44195,Rillo,0-16,2008,3
44195,Rillo,16-64,2008,46
44195,Rillo,65-100,2008,55
44195,Rillo,0-16,2009,2
44195,Rillo,16-64,2009,47
44195,Rillo,65-100,2009,51
44195,Rillo,0-16,2010,4
44195,Rillo,16-64,2010,56
44195,Rillo,65-100,2010,53
44195,Rillo,0-16,2011,7
44195,Rillo,16-64,2011,57
44195,Rillo,65-100,2011,48
44195,Rillo,0-16,2012,6
44195,Rillo,16-64,2012,58
44195,Rillo,65-100,2012,47
44195,Rillo,0-16,2013,4
44195,Rillo,16-64,2013,56
44195,Rillo,65-100,2013,49
44195,Rillo,0-16,2014,4
44195,Rillo,16-64,2014,59
44195,Rillo,65-100,2014,43
44195,Rillo,0-16,2015,4
44195,Rillo,16-64,2015,58
44195,Rillo,65-100,2015,35
44195,Rillo,0-16,2016,2
44195,Rillo,16-64,2016,59
44195,Rillo,65-100,2016,31
44195,Rillo,0-16,2017,2
44195,Rillo,16-64,2017,59
44195,Rillo,65-100,2017,31
44195,Rillo,0-16,2018,2
44195,Rillo,16-64,2018,63
44195,Rillo,65-100,2018,28
44195,Rillo,0-16,2019,3
44195,Rillo,16-64,2019,58
44195,Rillo,65-100,2019,27
44195,Rillo,0-16,2020,3
44195,Rillo,16-64,2020,57
44195,Rillo,65-100,2020,25
44195,Rillo,0-16,2021,5
44195,Rillo,16-64,2021,62
44195,Rillo,65-100,2021,25
44195,Rillo,0-16,2022,3
44195,Rillo,16-64,2022,65
44195,Rillo,65-100,2022,18
44195,Rillo,0-16,2023,7
44195,Rillo,16-64,2023,71
44195,Rillo,65-100,2023,19
44195,Rillo,0-16,2024,7
44195,Rillo,16-64,2024,73
44195,Rillo,65-100,2024,20
44195,Rillo,0-16,2025,4
44195,Rillo,16-64,2025,69
44195,Rillo,65-100,2025,21
44196,Riodeva,0-16,2003,14
44196,Riodeva,16-64,2003,80
44196,Riodeva,65-100,2003,92
44196,Riodeva,0-16,2004,14
44196,Riodeva,16-64,2004,84
44196,Riodeva,65-100,2004,93
44196,Riodeva,0-16,2005,12
44196,Riodeva,16-64,2005,82
44196,Riodeva,65-100,2005,88
44196,Riodeva,0-16,2006,13
44196,Riodeva,16-64,2006,95
44196,Riodeva,65-100,2006,93
44196,Riodeva,0-16,2007,9
44196,Riodeva,16-64,2007,86
44196,Riodeva,65-100,2007,91
44196,Riodeva,0-16,2008,17
44196,Riodeva,16-64,2008,92
44196,Riodeva,65-100,2008,89
44196,Riodeva,0-16,2009,19
44196,Riodeva,16-64,2009,93
44196,Riodeva,65-100,2009,87
44196,Riodeva,0-16,2010,13
44196,Riodeva,16-64,2010,85
44196,Riodeva,65-100,2010,82
44196,Riodeva,0-16,2011,13
44196,Riodeva,16-64,2011,85
44196,Riodeva,65-100,2011,78
44196,Riodeva,0-16,2012,11
44196,Riodeva,16-64,2012,87
44196,Riodeva,65-100,2012,75
44196,Riodeva,0-16,2013,10
44196,Riodeva,16-64,2013,79
44196,Riodeva,65-100,2013,76
44196,Riodeva,0-16,2014,10
44196,Riodeva,16-64,2014,83
44196,Riodeva,65-100,2014,72
44196,Riodeva,0-16,2015,12
44196,Riodeva,16-64,2015,83
44196,Riodeva,65-100,2015,68
44196,Riodeva,0-16,2016,11
44196,Riodeva,16-64,2016,77
44196,Riodeva,65-100,2016,63
44196,Riodeva,0-16,2017,10
44196,Riodeva,16-64,2017,78
44196,Riodeva,65-100,2017,61
44196,Riodeva,0-16,2018,11
44196,Riodeva,16-64,2018,72
44196,Riodeva,65-100,2018,61
44196,Riodeva,0-16,2019,11
44196,Riodeva,16-64,2019,70
44196,Riodeva,65-100,2019,61
44196,Riodeva,0-16,2020,13
44196,Riodeva,16-64,2020,63
44196,Riodeva,65-100,2020,58
44196,Riodeva,0-16,2021,8
44196,Riodeva,16-64,2021,63
44196,Riodeva,65-100,2021,57
44196,Riodeva,0-16,2022,11
44196,Riodeva,16-64,2022,68
44196,Riodeva,65-100,2022,57
44196,Riodeva,0-16,2023,9
44196,Riodeva,16-64,2023,69
44196,Riodeva,65-100,2023,54
44196,Riodeva,0-16,2024,6
44196,Riodeva,16-64,2024,66
44196,Riodeva,65-100,2024,49
44196,Riodeva,0-16,2025,6
44196,Riodeva,16-64,2025,63
44196,Riodeva,65-100,2025,44
44197,Ródenas,0-16,2003,10
44197,Ródenas,16-64,2003,33
44197,Ródenas,65-100,2003,42
44197,Ródenas,0-16,2004,8
44197,Ródenas,16-64,2004,36
44197,Ródenas,65-100,2004,44
44197,Ródenas,0-16,2005,7
44197,Ródenas,16-64,2005,36
44197,Ródenas,65-100,2005,44
44197,Ródenas,0-16,2006,7
44197,Ródenas,16-64,2006,40
44197,Ródenas,65-100,2006,41
44197,Ródenas,0-16,2007,7
44197,Ródenas,16-64,2007,39
44197,Ródenas,65-100,2007,40
44197,Ródenas,0-16,2008,4
44197,Ródenas,16-64,2008,38
44197,Ródenas,65-100,2008,35
44197,Ródenas,0-16,2009,3
44197,Ródenas,16-64,2009,35
44197,Ródenas,65-100,2009,33
44197,Ródenas,0-16,2010,2
44197,Ródenas,16-64,2010,41
44197,Ródenas,65-100,2010,36
44197,Ródenas,0-16,2011,2
44197,Ródenas,16-64,2011,36
44197,Ródenas,65-100,2011,33
44197,Ródenas,0-16,2012,4
44197,Ródenas,16-64,2012,42
44197,Ródenas,65-100,2012,33
44197,Ródenas,0-16,2013,5
44197,Ródenas,16-64,2013,42
44197,Ródenas,65-100,2013,31
44197,Ródenas,0-16,2014,4
44197,Ródenas,16-64,2014,41
44197,Ródenas,65-100,2014,30
44197,Ródenas,0-16,2015,1
44197,Ródenas,16-64,2015,37
44197,Ródenas,65-100,2015,28
44197,Ródenas,0-16,2016,2
44197,Ródenas,16-64,2016,35
44197,Ródenas,65-100,2016,27
44197,Ródenas,0-16,2017,2
44197,Ródenas,16-64,2017,34
44197,Ródenas,65-100,2017,26
44197,Ródenas,0-16,2018,3
44197,Ródenas,16-64,2018,32
44197,Ródenas,65-100,2018,26
44197,Ródenas,0-16,2019,3
44197,Ródenas,16-64,2019,37
44197,Ródenas,65-100,2019,23
44197,Ródenas,0-16,2020,4
44197,Ródenas,16-64,2020,35
44197,Ródenas,65-100,2020,23
44197,Ródenas,0-16,2021,3
44197,Ródenas,16-64,2021,34
44197,Ródenas,65-100,2021,24
44197,Ródenas,0-16,2022,3
44197,Ródenas,16-64,2022,36
44197,Ródenas,65-100,2022,23
44197,Ródenas,0-16,2023,3
44197,Ródenas,16-64,2023,34
44197,Ródenas,65-100,2023,24
44197,Ródenas,0-16,2024,3
44197,Ródenas,16-64,2024,34
44197,Ródenas,65-100,2024,24
44197,Ródenas,0-16,2025,3
44197,Ródenas,16-64,2025,32
44197,Ródenas,65-100,2025,22
44198,Royuela,0-16,2003,19
44198,Royuela,16-64,2003,141
44198,Royuela,65-100,2003,69
44198,Royuela,0-16,2004,19
44198,Royuela,16-64,2004,133
44198,Royuela,65-100,2004,73
44198,Royuela,0-16,2005,17
44198,Royuela,16-64,2005,133
44198,Royuela,65-100,2005,71
44198,Royuela,0-16,2006,17
44198,Royuela,16-64,2006,135
44198,Royuela,65-100,2006,72
44198,Royuela,0-16,2007,16
44198,Royuela,16-64,2007,132
44198,Royuela,65-100,2007,76
44198,Royuela,0-16,2008,16
44198,Royuela,16-64,2008,130
44198,Royuela,65-100,2008,77
44198,Royuela,0-16,2009,20
44198,Royuela,16-64,2009,140
44198,Royuela,65-100,2009,80
44198,Royuela,0-16,2010,23
44198,Royuela,16-64,2010,145
44198,Royuela,65-100,2010,80
44198,Royuela,0-16,2011,28
44198,Royuela,16-64,2011,139
44198,Royuela,65-100,2011,84
44198,Royuela,0-16,2012,30
44198,Royuela,16-64,2012,139
44198,Royuela,65-100,2012,78
44198,Royuela,0-16,2013,27
44198,Royuela,16-64,2013,123
44198,Royuela,65-100,2013,80
44198,Royuela,0-16,2014,27
44198,Royuela,16-64,2014,117
44198,Royuela,65-100,2014,83
44198,Royuela,0-16,2015,25
44198,Royuela,16-64,2015,115
44198,Royuela,65-100,2015,81
44198,Royuela,0-16,2016,27
44198,Royuela,16-64,2016,113
44198,Royuela,65-100,2016,75
44198,Royuela,0-16,2017,25
44198,Royuela,16-64,2017,109
44198,Royuela,65-100,2017,75
44198,Royuela,0-16,2018,20
44198,Royuela,16-64,2018,113
44198,Royuela,65-100,2018,73
44198,Royuela,0-16,2019,16
44198,Royuela,16-64,2019,122
44198,Royuela,65-100,2019,66
44198,Royuela,0-16,2020,19
44198,Royuela,16-64,2020,125
44198,Royuela,65-100,2020,66
44198,Royuela,0-16,2021,18
44198,Royuela,16-64,2021,129
44198,Royuela,65-100,2021,65
44198,Royuela,0-16,2022,21
44198,Royuela,16-64,2022,136
44198,Royuela,65-100,2022,68
44198,Royuela,0-16,2023,24
44198,Royuela,16-64,2023,143
44198,Royuela,65-100,2023,64
44198,Royuela,0-16,2024,20
44198,Royuela,16-64,2024,144
44198,Royuela,65-100,2024,61
44198,Royuela,0-16,2025,16
44198,Royuela,16-64,2025,154
44198,Royuela,65-100,2025,58
44199,Rubiales,0-16,2003,1
44199,Rubiales,16-64,2003,27
44199,Rubiales,65-100,2003,27
44199,Rubiales,0-16,2004,3
44199,Rubiales,16-64,2004,29
44199,Rubiales,65-100,2004,28
44199,Rubiales,0-16,2005,2
44199,Rubiales,16-64,2005,29
44199,Rubiales,65-100,2005,23
44199,Rubiales,0-16,2006,2
44199,Rubiales,16-64,2006,30
44199,Rubiales,65-100,2006,21
44199,Rubiales,0-16,2007,1
44199,Rubiales,16-64,2007,31
44199,Rubiales,65-100,2007,26
44199,Rubiales,0-16,2008,3
44199,Rubiales,16-64,2008,33
44199,Rubiales,65-100,2008,22
44199,Rubiales,0-16,2009,3
44199,Rubiales,16-64,2009,31
44199,Rubiales,65-100,2009,22
44199,Rubiales,0-16,2010,3
44199,Rubiales,16-64,2010,36
44199,Rubiales,65-100,2010,18
44199,Rubiales,0-16,2011,3
44199,Rubiales,16-64,2011,43
44199,Rubiales,65-100,2011,12
44199,Rubiales,0-16,2012,5
44199,Rubiales,16-64,2012,44
44199,Rubiales,65-100,2012,12
44199,Rubiales,0-16,2013,5
44199,Rubiales,16-64,2013,41
44199,Rubiales,65-100,2013,9
44199,Rubiales,0-16,2014,4
44199,Rubiales,16-64,2014,39
44199,Rubiales,65-100,2014,8
44199,Rubiales,0-16,2015,3
44199,Rubiales,16-64,2015,41
44199,Rubiales,65-100,2015,9
44199,Rubiales,0-16,2016,1
44199,Rubiales,16-64,2016,37
44199,Rubiales,65-100,2016,12
44199,Rubiales,0-16,2017,3
44199,Rubiales,16-64,2017,36
44199,Rubiales,65-100,2017,13
44199,Rubiales,0-16,2018,4
44199,Rubiales,16-64,2018,33
44199,Rubiales,65-100,2018,13
44199,Rubiales,0-16,2019,5
44199,Rubiales,16-64,2019,37
44199,Rubiales,65-100,2019,10
44199,Rubiales,0-16,2020,4
44199,Rubiales,16-64,2020,35
44199,Rubiales,65-100,2020,10
44199,Rubiales,0-16,2021,1
44199,Rubiales,16-64,2021,28
44199,Rubiales,65-100,2021,13
44199,Rubiales,0-16,2022,2
44199,Rubiales,16-64,2022,28
44199,Rubiales,65-100,2022,13
44199,Rubiales,0-16,2023,2
44199,Rubiales,16-64,2023,28
44199,Rubiales,65-100,2023,12
44199,Rubiales,0-16,2024,2
44199,Rubiales,16-64,2024,29
44199,Rubiales,65-100,2024,12
44199,Rubiales,0-16,2025,2
44199,Rubiales,16-64,2025,30
44199,Rubiales,65-100,2025,11
44200,Rubielos de la Cérida,0-16,2003,2
44200,Rubielos de la Cérida,16-64,2003,26
44200,Rubielos de la Cérida,65-100,2003,29
44200,Rubielos de la Cérida,0-16,2004,2
44200,Rubielos de la Cérida,16-64,2004,25
44200,Rubielos de la Cérida,65-100,2004,28
44200,Rubielos de la Cérida,0-16,2005,2
44200,Rubielos de la Cérida,16-64,2005,25
44200,Rubielos de la Cérida,65-100,2005,28
44200,Rubielos de la Cérida,0-16,2006,2
44200,Rubielos de la Cérida,16-64,2006,25
44200,Rubielos de la Cérida,65-100,2006,26
44200,Rubielos de la Cérida,0-16,2007,2
44200,Rubielos de la Cérida,16-64,2007,26
44200,Rubielos de la Cérida,65-100,2007,26
44200,Rubielos de la Cérida,0-16,2008,1
44200,Rubielos de la Cérida,16-64,2008,23
44200,Rubielos de la Cérida,65-100,2008,25
44200,Rubielos de la Cérida,0-16,2009,1
44200,Rubielos de la Cérida,16-64,2009,23
44200,Rubielos de la Cérida,65-100,2009,22
44200,Rubielos de la Cérida,0-16,2010,1
44200,Rubielos de la Cérida,16-64,2010,22
44200,Rubielos de la Cérida,65-100,2010,22
44200,Rubielos de la Cérida,0-16,2011,0
44200,Rubielos de la Cérida,16-64,2011,19
44200,Rubielos de la Cérida,65-100,2011,24
44200,Rubielos de la Cérida,0-16,2012,0
44200,Rubielos de la Cérida,16-64,2012,20
44200,Rubielos de la Cérida,65-100,2012,23
44200,Rubielos de la Cérida,0-16,2013,0
44200,Rubielos de la Cérida,16-64,2013,21
44200,Rubielos de la Cérida,65-100,2013,22
44200,Rubielos de la Cérida,0-16,2014,0
44200,Rubielos de la Cérida,16-64,2014,19
44200,Rubielos de la Cérida,65-100,2014,22
44200,Rubielos de la Cérida,0-16,2015,0
44200,Rubielos de la Cérida,16-64,2015,20
44200,Rubielos de la Cérida,65-100,2015,21
44200,Rubielos de la Cérida,0-16,2016,0
44200,Rubielos de la Cérida,16-64,2016,17
44200,Rubielos de la Cérida,65-100,2016,22
44200,Rubielos de la Cérida,0-16,2017,0
44200,Rubielos de la Cérida,16-64,2017,17
44200,Rubielos de la Cérida,65-100,2017,21
44200,Rubielos de la Cérida,0-16,2018,0
44200,Rubielos de la Cérida,16-64,2018,17
44200,Rubielos de la Cérida,65-100,2018,21
44200,Rubielos de la Cérida,0-16,2019,0
44200,Rubielos de la Cérida,16-64,2019,16
44200,Rubielos de la Cérida,65-100,2019,23
44200,Rubielos de la Cérida,0-16,2020,0
44200,Rubielos de la Cérida,16-64,2020,17
44200,Rubielos de la Cérida,65-100,2020,22
44200,Rubielos de la Cérida,0-16,2021,0
44200,Rubielos de la Cérida,16-64,2021,18
44200,Rubielos de la Cérida,65-100,2021,19
44200,Rubielos de la Cérida,0-16,2022,0
44200,Rubielos de la Cérida,16-64,2022,17
44200,Rubielos de la Cérida,65-100,2022,15
44200,Rubielos de la Cérida,0-16,2023,0
44200,Rubielos de la Cérida,16-64,2023,15
44200,Rubielos de la Cérida,65-100,2023,15
44200,Rubielos de la Cérida,0-16,2024,0
44200,Rubielos de la Cérida,16-64,2024,14
44200,Rubielos de la Cérida,65-100,2024,12
44200,Rubielos de la Cérida,0-16,2025,0
44200,Rubielos de la Cérida,16-64,2025,13
44200,Rubielos de la Cérida,65-100,2025,7
44201,Rubielos de Mora,0-16,2003,87
44201,Rubielos de Mora,16-64,2003,365
44201,Rubielos de Mora,65-100,2003,191
44201,Rubielos de Mora,0-16,2004,92
44201,Rubielos de Mora,16-64,2004,375
44201,Rubielos de Mora,65-100,2004,185
44201,Rubielos de Mora,0-16,2005,111
44201,Rubielos de Mora,16-64,2005,410
44201,Rubielos de Mora,65-100,2005,178
44201,Rubielos de Mora,0-16,2006,110
44201,Rubielos de Mora,16-64,2006,428
44201,Rubielos de Mora,65-100,2006,172
44201,Rubielos de Mora,0-16,2007,126
44201,Rubielos de Mora,16-64,2007,455
44201,Rubielos de Mora,65-100,2007,171
44201,Rubielos de Mora,0-16,2008,129
44201,Rubielos de Mora,16-64,2008,473
44201,Rubielos de Mora,65-100,2008,168
44201,Rubielos de Mora,0-16,2009,127
44201,Rubielos de Mora,16-64,2009,484
44201,Rubielos de Mora,65-100,2009,169
44201,Rubielos de Mora,0-16,2010,123
44201,Rubielos de Mora,16-64,2010,486
44201,Rubielos de Mora,65-100,2010,163
44201,Rubielos de Mora,0-16,2011,110
44201,Rubielos de Mora,16-64,2011,478
44201,Rubielos de Mora,65-100,2011,163
44201,Rubielos de Mora,0-16,2012,111
44201,Rubielos de Mora,16-64,2012,489
44201,Rubielos de Mora,65-100,2012,155
44201,Rubielos de Mora,0-16,2013,95
44201,Rubielos de Mora,16-64,2013,473
44201,Rubielos de Mora,65-100,2013,154
44201,Rubielos de Mora,0-16,2014,95
44201,Rubielos de Mora,16-64,2014,438
44201,Rubielos de Mora,65-100,2014,154
44201,Rubielos de Mora,0-16,2015,92
44201,Rubielos de Mora,16-64,2015,412
44201,Rubielos de Mora,65-100,2015,157
44201,Rubielos de Mora,0-16,2016,87
44201,Rubielos de Mora,16-64,2016,412
44201,Rubielos de Mora,65-100,2016,159
44201,Rubielos de Mora,0-16,2017,79
44201,Rubielos de Mora,16-64,2017,397
44201,Rubielos de Mora,65-100,2017,150
44201,Rubielos de Mora,0-16,2018,78
44201,Rubielos de Mora,16-64,2018,405
44201,Rubielos de Mora,65-100,2018,144
44201,Rubielos de Mora,0-16,2019,78
44201,Rubielos de Mora,16-64,2019,408
44201,Rubielos de Mora,65-100,2019,135
44201,Rubielos de Mora,0-16,2020,86
44201,Rubielos de Mora,16-64,2020,420
44201,Rubielos de Mora,65-100,2020,129
44201,Rubielos de Mora,0-16,2021,83
44201,Rubielos de Mora,16-64,2021,422
44201,Rubielos de Mora,65-100,2021,127
44201,Rubielos de Mora,0-16,2022,74
44201,Rubielos de Mora,16-64,2022,421
44201,Rubielos de Mora,65-100,2022,129
44201,Rubielos de Mora,0-16,2023,77
44201,Rubielos de Mora,16-64,2023,419
44201,Rubielos de Mora,65-100,2023,134
44201,Rubielos de Mora,0-16,2024,74
44201,Rubielos de Mora,16-64,2024,413
44201,Rubielos de Mora,65-100,2024,134
44201,Rubielos de Mora,0-16,2025,73
44201,Rubielos de Mora,16-64,2025,411
44201,Rubielos de Mora,65-100,2025,126
44203,Salcedillo,0-16,2003,0
44203,Salcedillo,16-64,2003,3
44203,Salcedillo,65-100,2003,5
44203,Salcedillo,0-16,2004,0
44203,Salcedillo,16-64,2004,3
44203,Salcedillo,65-100,2004,5
44203,Salcedillo,0-16,2005,0
44203,Salcedillo,16-64,2005,1
44203,Salcedillo,65-100,2005,6
44203,Salcedillo,0-16,2006,0
44203,Salcedillo,16-64,2006,5
44203,Salcedillo,65-100,2006,5
44203,Salcedillo,0-16,2007,0
44203,Salcedillo,16-64,2007,6
44203,Salcedillo,65-100,2007,6
44203,Salcedillo,0-16,2008,0
44203,Salcedillo,16-64,2008,7
44203,Salcedillo,65-100,2008,6
44203,Salcedillo,0-16,2009,0
44203,Salcedillo,16-64,2009,5
44203,Salcedillo,65-100,2009,5
44203,Salcedillo,0-16,2010,0
44203,Salcedillo,16-64,2010,5
44203,Salcedillo,65-100,2010,3
44203,Salcedillo,0-16,2011,0
44203,Salcedillo,16-64,2011,6
44203,Salcedillo,65-100,2011,2
44203,Salcedillo,0-16,2012,0
44203,Salcedillo,16-64,2012,8
44203,Salcedillo,65-100,2012,2
44203,Salcedillo,0-16,2013,0
44203,Salcedillo,16-64,2013,8
44203,Salcedillo,65-100,2013,2
44203,Salcedillo,0-16,2014,0
44203,Salcedillo,16-64,2014,8
44203,Salcedillo,65-100,2014,2
44203,Salcedillo,0-16,2015,0
44203,Salcedillo,16-64,2015,10
44203,Salcedillo,65-100,2015,3
44203,Salcedillo,0-16,2016,0
44203,Salcedillo,16-64,2016,14
44203,Salcedillo,65-100,2016,3
44203,Salcedillo,0-16,2017,0
44203,Salcedillo,16-64,2017,16
44203,Salcedillo,65-100,2017,1
44203,Salcedillo,0-16,2018,0
44203,Salcedillo,16-64,2018,16
44203,Salcedillo,65-100,2018,1
44203,Salcedillo,0-16,2019,0
44203,Salcedillo,16-64,2019,14
44203,Salcedillo,65-100,2019,0
44203,Salcedillo,0-16,2020,0
44203,Salcedillo,16-64,2020,10
44203,Salcedillo,65-100,2020,1
44203,Salcedillo,0-16,2021,0
44203,Salcedillo,16-64,2021,9
44203,Salcedillo,65-100,2021,2
44203,Salcedillo,0-16,2022,0
44203,Salcedillo,16-64,2022,9
44203,Salcedillo,65-100,2022,2
44203,Salcedillo,0-16,2023,0
44203,Salcedillo,16-64,2023,8
44203,Salcedillo,65-100,2023,2
44203,Salcedillo,0-16,2024,0
44203,Salcedillo,16-64,2024,9
44203,Salcedillo,65-100,2024,4
44203,Salcedillo,0-16,2025,1
44203,Salcedillo,16-64,2025,9
44203,Salcedillo,65-100,2025,4
44204,Saldón,0-16,2003,1
44204,Saldón,16-64,2003,11
44204,Saldón,65-100,2003,19
44204,Saldón,0-16,2004,1
44204,Saldón,16-64,2004,13
44204,Saldón,65-100,2004,19
44204,Saldón,0-16,2005,1
44204,Saldón,16-64,2005,12
44204,Saldón,65-100,2005,19
44204,Saldón,0-16,2006,1
44204,Saldón,16-64,2006,10
44204,Saldón,65-100,2006,18
44204,Saldón,0-16,2007,1
44204,Saldón,16-64,2007,12
44204,Saldón,65-100,2007,17
44204,Saldón,0-16,2008,2
44204,Saldón,16-64,2008,13
44204,Saldón,65-100,2008,16
44204,Saldón,0-16,2009,2
44204,Saldón,16-64,2009,14
44204,Saldón,65-100,2009,13
44204,Saldón,0-16,2010,2
44204,Saldón,16-64,2010,14
44204,Saldón,65-100,2010,13
44204,Saldón,0-16,2011,2
44204,Saldón,16-64,2011,13
44204,Saldón,65-100,2011,14
44204,Saldón,0-16,2012,2
44204,Saldón,16-64,2012,13
44204,Saldón,65-100,2012,13
44204,Saldón,0-16,2013,3
44204,Saldón,16-64,2013,13
44204,Saldón,65-100,2013,13
44204,Saldón,0-16,2014,1
44204,Saldón,16-64,2014,12
44204,Saldón,65-100,2014,14
44204,Saldón,0-16,2015,1
44204,Saldón,16-64,2015,13
44204,Saldón,65-100,2015,13
44204,Saldón,0-16,2016,0
44204,Saldón,16-64,2016,13
44204,Saldón,65-100,2016,13
44204,Saldón,0-16,2017,0
44204,Saldón,16-64,2017,13
44204,Saldón,65-100,2017,13
44204,Saldón,0-16,2018,0
44204,Saldón,16-64,2018,13
44204,Saldón,65-100,2018,13
44204,Saldón,0-16,2019,0
44204,Saldón,16-64,2019,14
44204,Saldón,65-100,2019,13
44204,Saldón,0-16,2020,0
44204,Saldón,16-64,2020,14
44204,Saldón,65-100,2020,10
44204,Saldón,0-16,2021,0
44204,Saldón,16-64,2021,13
44204,Saldón,65-100,2021,12
44204,Saldón,0-16,2022,0
44204,Saldón,16-64,2022,12
44204,Saldón,65-100,2022,10
44204,Saldón,0-16,2023,0
44204,Saldón,16-64,2023,12
44204,Saldón,65-100,2023,9
44204,Saldón,0-16,2024,4
44204,Saldón,16-64,2024,13
44204,Saldón,65-100,2024,9
44204,Saldón,0-16,2025,4
44204,Saldón,16-64,2025,18
44204,Saldón,65-100,2025,10
44205,Samper de Calanda,0-16,2003,91
44205,Samper de Calanda,16-64,2003,529
44205,Samper de Calanda,65-100,2003,362
44205,Samper de Calanda,0-16,2004,89
44205,Samper de Calanda,16-64,2004,533
44205,Samper de Calanda,65-100,2004,362
44205,Samper de Calanda,0-16,2005,94
44205,Samper de Calanda,16-64,2005,523
44205,Samper de Calanda,65-100,2005,357
44205,Samper de Calanda,0-16,2006,90
44205,Samper de Calanda,16-64,2006,544
44205,Samper de Calanda,65-100,2006,373
44205,Samper de Calanda,0-16,2007,93
44205,Samper de Calanda,16-64,2007,547
44205,Samper de Calanda,65-100,2007,363
44205,Samper de Calanda,0-16,2008,89
44205,Samper de Calanda,16-64,2008,524
44205,Samper de Calanda,65-100,2008,348
44205,Samper de Calanda,0-16,2009,82
44205,Samper de Calanda,16-64,2009,506
44205,Samper de Calanda,65-100,2009,340
44205,Samper de Calanda,0-16,2010,94
44205,Samper de Calanda,16-64,2010,496
44205,Samper de Calanda,65-100,2010,335
44205,Samper de Calanda,0-16,2011,90
44205,Samper de Calanda,16-64,2011,487
44205,Samper de Calanda,65-100,2011,332
44205,Samper de Calanda,0-16,2012,89
44205,Samper de Calanda,16-64,2012,483
44205,Samper de Calanda,65-100,2012,312
44205,Samper de Calanda,0-16,2013,86
44205,Samper de Calanda,16-64,2013,471
44205,Samper de Calanda,65-100,2013,310
44205,Samper de Calanda,0-16,2014,82
44205,Samper de Calanda,16-64,2014,462
44205,Samper de Calanda,65-100,2014,317
44205,Samper de Calanda,0-16,2015,86
44205,Samper de Calanda,16-64,2015,452
44205,Samper de Calanda,65-100,2015,316
44205,Samper de Calanda,0-16,2016,89
44205,Samper de Calanda,16-64,2016,443
44205,Samper de Calanda,65-100,2016,313
44205,Samper de Calanda,0-16,2017,87
44205,Samper de Calanda,16-64,2017,438
44205,Samper de Calanda,65-100,2017,296
44205,Samper de Calanda,0-16,2018,75
44205,Samper de Calanda,16-64,2018,430
44205,Samper de Calanda,65-100,2018,278
44205,Samper de Calanda,0-16,2019,71
44205,Samper de Calanda,16-64,2019,421
44205,Samper de Calanda,65-100,2019,263
44205,Samper de Calanda,0-16,2020,63
44205,Samper de Calanda,16-64,2020,410
44205,Samper de Calanda,65-100,2020,248
44205,Samper de Calanda,0-16,2021,62
44205,Samper de Calanda,16-64,2021,419
44205,Samper de Calanda,65-100,2021,250
44205,Samper de Calanda,0-16,2022,56
44205,Samper de Calanda,16-64,2022,430
44205,Samper de Calanda,65-100,2022,245
44205,Samper de Calanda,0-16,2023,53
44205,Samper de Calanda,16-64,2023,434
44205,Samper de Calanda,65-100,2023,241
44205,Samper de Calanda,0-16,2024,56
44205,Samper de Calanda,16-64,2024,437
44205,Samper de Calanda,65-100,2024,238
44205,Samper de Calanda,0-16,2025,58
44205,Samper de Calanda,16-64,2025,451
44205,Samper de Calanda,65-100,2025,224
44206,San Agustín,0-16,2003,7
44206,San Agustín,16-64,2003,69
44206,San Agustín,65-100,2003,55
44206,San Agustín,0-16,2004,3
44206,San Agustín,16-64,2004,69
44206,San Agustín,65-100,2004,52
44206,San Agustín,0-16,2005,6
44206,San Agustín,16-64,2005,86
44206,San Agustín,65-100,2005,50
44206,San Agustín,0-16,2006,9
44206,San Agustín,16-64,2006,98
44206,San Agustín,65-100,2006,52
44206,San Agustín,0-16,2007,11
44206,San Agustín,16-64,2007,103
44206,San Agustín,65-100,2007,51
44206,San Agustín,0-16,2008,9
44206,San Agustín,16-64,2008,110
44206,San Agustín,65-100,2008,49
44206,San Agustín,0-16,2009,8
44206,San Agustín,16-64,2009,99
44206,San Agustín,65-100,2009,47
44206,San Agustín,0-16,2010,7
44206,San Agustín,16-64,2010,100
44206,San Agustín,65-100,2010,43
44206,San Agustín,0-16,2011,10
44206,San Agustín,16-64,2011,139
44206,San Agustín,65-100,2011,52
44206,San Agustín,0-16,2012,11
44206,San Agustín,16-64,2012,123
44206,San Agustín,65-100,2012,43
44206,San Agustín,0-16,2013,11
44206,San Agustín,16-64,2013,98
44206,San Agustín,65-100,2013,42
44206,San Agustín,0-16,2014,10
44206,San Agustín,16-64,2014,90
44206,San Agustín,65-100,2014,41
44206,San Agustín,0-16,2015,10
44206,San Agustín,16-64,2015,90
44206,San Agustín,65-100,2015,41
44206,San Agustín,0-16,2016,7
44206,San Agustín,16-64,2016,86
44206,San Agustín,65-100,2016,39
44206,San Agustín,0-16,2017,8
44206,San Agustín,16-64,2017,87
44206,San Agustín,65-100,2017,36
44206,San Agustín,0-16,2018,7
44206,San Agustín,16-64,2018,83
44206,San Agustín,65-100,2018,35
44206,San Agustín,0-16,2019,7
44206,San Agustín,16-64,2019,78
44206,San Agustín,65-100,2019,34
44206,San Agustín,0-16,2020,7
44206,San Agustín,16-64,2020,79
44206,San Agustín,65-100,2020,37
44206,San Agustín,0-16,2021,6
44206,San Agustín,16-64,2021,94
44206,San Agustín,65-100,2021,38
44206,San Agustín,0-16,2022,7
44206,San Agustín,16-64,2022,87
44206,San Agustín,65-100,2022,40
44206,San Agustín,0-16,2023,9
44206,San Agustín,16-64,2023,85
44206,San Agustín,65-100,2023,40
44206,San Agustín,0-16,2024,9
44206,San Agustín,16-64,2024,83
44206,San Agustín,65-100,2024,45
44206,San Agustín,0-16,2025,8
44206,San Agustín,16-64,2025,81
44206,San Agustín,65-100,2025,42
44207,San Martín del Río,0-16,2003,8
44207,San Martín del Río,16-64,2003,111
44207,San Martín del Río,65-100,2003,145
44207,San Martín del Río,0-16,2004,9
44207,San Martín del Río,16-64,2004,97
44207,San Martín del Río,65-100,2004,149
44207,San Martín del Río,0-16,2005,6
44207,San Martín del Río,16-64,2005,93
44207,San Martín del Río,65-100,2005,144
44207,San Martín del Río,0-16,2006,6
44207,San Martín del Río,16-64,2006,88
44207,San Martín del Río,65-100,2006,140
44207,San Martín del Río,0-16,2007,7
44207,San Martín del Río,16-64,2007,90
44207,San Martín del Río,65-100,2007,132
44207,San Martín del Río,0-16,2008,5
44207,San Martín del Río,16-64,2008,87
44207,San Martín del Río,65-100,2008,118
44207,San Martín del Río,0-16,2009,5
44207,San Martín del Río,16-64,2009,87
44207,San Martín del Río,65-100,2009,112
44207,San Martín del Río,0-16,2010,6
44207,San Martín del Río,16-64,2010,91
44207,San Martín del Río,65-100,2010,102
44207,San Martín del Río,0-16,2011,6
44207,San Martín del Río,16-64,2011,87
44207,San Martín del Río,65-100,2011,100
44207,San Martín del Río,0-16,2012,6
44207,San Martín del Río,16-64,2012,83
44207,San Martín del Río,65-100,2012,102
44207,San Martín del Río,0-16,2013,7
44207,San Martín del Río,16-64,2013,71
44207,San Martín del Río,65-100,2013,104
44207,San Martín del Río,0-16,2014,7
44207,San Martín del Río,16-64,2014,68
44207,San Martín del Río,65-100,2014,104
44207,San Martín del Río,0-16,2015,6
44207,San Martín del Río,16-64,2015,68
44207,San Martín del Río,65-100,2015,100
44207,San Martín del Río,0-16,2016,6
44207,San Martín del Río,16-64,2016,65
44207,San Martín del Río,65-100,2016,92
44207,San Martín del Río,0-16,2017,6
44207,San Martín del Río,16-64,2017,63
44207,San Martín del Río,65-100,2017,86
44207,San Martín del Río,0-16,2018,6
44207,San Martín del Río,16-64,2018,60
44207,San Martín del Río,65-100,2018,82
44207,San Martín del Río,0-16,2019,5
44207,San Martín del Río,16-64,2019,57
44207,San Martín del Río,65-100,2019,75
44207,San Martín del Río,0-16,2020,5
44207,San Martín del Río,16-64,2020,58
44207,San Martín del Río,65-100,2020,69
44207,San Martín del Río,0-16,2021,5
44207,San Martín del Río,16-64,2021,64
44207,San Martín del Río,65-100,2021,68
44207,San Martín del Río,0-16,2022,3
44207,San Martín del Río,16-64,2022,60
44207,San Martín del Río,65-100,2022,69
44207,San Martín del Río,0-16,2023,6
44207,San Martín del Río,16-64,2023,63
44207,San Martín del Río,65-100,2023,67
44207,San Martín del Río,0-16,2024,7
44207,San Martín del Río,16-64,2024,63
44207,San Martín del Río,65-100,2024,65
44207,San Martín del Río,0-16,2025,9
44207,San Martín del Río,16-64,2025,65
44207,San Martín del Río,65-100,2025,63
44208,Santa Cruz de Nogueras,0-16,2003,2
44208,Santa Cruz de Nogueras,16-64,2003,17
44208,Santa Cruz de Nogueras,65-100,2003,17
44208,Santa Cruz de Nogueras,0-16,2004,0
44208,Santa Cruz de Nogueras,16-64,2004,15
44208,Santa Cruz de Nogueras,65-100,2004,17
44208,Santa Cruz de Nogueras,0-16,2005,1
44208,Santa Cruz de Nogueras,16-64,2005,17
44208,Santa Cruz de Nogueras,65-100,2005,18
44208,Santa Cruz de Nogueras,0-16,2006,1
44208,Santa Cruz de Nogueras,16-64,2006,18
44208,Santa Cruz de Nogueras,65-100,2006,19
44208,Santa Cruz de Nogueras,0-16,2007,1
44208,Santa Cruz de Nogueras,16-64,2007,16
44208,Santa Cruz de Nogueras,65-100,2007,20
44208,Santa Cruz de Nogueras,0-16,2008,1
44208,Santa Cruz de Nogueras,16-64,2008,14
44208,Santa Cruz de Nogueras,65-100,2008,17
44208,Santa Cruz de Nogueras,0-16,2009,1
44208,Santa Cruz de Nogueras,16-64,2009,15
44208,Santa Cruz de Nogueras,65-100,2009,15
44208,Santa Cruz de Nogueras,0-16,2010,1
44208,Santa Cruz de Nogueras,16-64,2010,17
44208,Santa Cruz de Nogueras,65-100,2010,18
44208,Santa Cruz de Nogueras,0-16,2011,2
44208,Santa Cruz de Nogueras,16-64,2011,19
44208,Santa Cruz de Nogueras,65-100,2011,19
44208,Santa Cruz de Nogueras,0-16,2012,2
44208,Santa Cruz de Nogueras,16-64,2012,17
44208,Santa Cruz de Nogueras,65-100,2012,20
44208,Santa Cruz de Nogueras,0-16,2013,1
44208,Santa Cruz de Nogueras,16-64,2013,17
44208,Santa Cruz de Nogueras,65-100,2013,20
44208,Santa Cruz de Nogueras,0-16,2014,1
44208,Santa Cruz de Nogueras,16-64,2014,21
44208,Santa Cruz de Nogueras,65-100,2014,20
44208,Santa Cruz de Nogueras,0-16,2015,1
44208,Santa Cruz de Nogueras,16-64,2015,19
44208,Santa Cruz de Nogueras,65-100,2015,19
44208,Santa Cruz de Nogueras,0-16,2016,1
44208,Santa Cruz de Nogueras,16-64,2016,21
44208,Santa Cruz de Nogueras,65-100,2016,18
44208,Santa Cruz de Nogueras,0-16,2017,1
44208,Santa Cruz de Nogueras,16-64,2017,19
44208,Santa Cruz de Nogueras,65-100,2017,18
44208,Santa Cruz de Nogueras,0-16,2018,2
44208,Santa Cruz de Nogueras,16-64,2018,20
44208,Santa Cruz de Nogueras,65-100,2018,15
44208,Santa Cruz de Nogueras,0-16,2019,1
44208,Santa Cruz de Nogueras,16-64,2019,16
44208,Santa Cruz de Nogueras,65-100,2019,12
44208,Santa Cruz de Nogueras,0-16,2020,2
44208,Santa Cruz de Nogueras,16-64,2020,16
44208,Santa Cruz de Nogueras,65-100,2020,12
44208,Santa Cruz de Nogueras,0-16,2021,2
44208,Santa Cruz de Nogueras,16-64,2021,15
44208,Santa Cruz de Nogueras,65-100,2021,13
44208,Santa Cruz de Nogueras,0-16,2022,0
44208,Santa Cruz de Nogueras,16-64,2022,12
44208,Santa Cruz de Nogueras,65-100,2022,13
44208,Santa Cruz de Nogueras,0-16,2023,0
44208,Santa Cruz de Nogueras,16-64,2023,11
44208,Santa Cruz de Nogueras,65-100,2023,12
44208,Santa Cruz de Nogueras,0-16,2024,0
44208,Santa Cruz de Nogueras,16-64,2024,11
44208,Santa Cruz de Nogueras,65-100,2024,13
44208,Santa Cruz de Nogueras,0-16,2025,0
44208,Santa Cruz de Nogueras,16-64,2025,11
44208,Santa Cruz de Nogueras,65-100,2025,14
44209,Santa Eulalia,0-16,2003,102
44209,Santa Eulalia,16-64,2003,585
44209,Santa Eulalia,65-100,2003,461
44209,Santa Eulalia,0-16,2004,104
44209,Santa Eulalia,16-64,2004,601
44209,Santa Eulalia,65-100,2004,449
44209,Santa Eulalia,0-16,2005,104
44209,Santa Eulalia,16-64,2005,615
44209,Santa Eulalia,65-100,2005,445
44209,Santa Eulalia,0-16,2006,112
44209,Santa Eulalia,16-64,2006,619
44209,Santa Eulalia,65-100,2006,439
44209,Santa Eulalia,0-16,2007,106
44209,Santa Eulalia,16-64,2007,616
44209,Santa Eulalia,65-100,2007,421
44209,Santa Eulalia,0-16,2008,118
44209,Santa Eulalia,16-64,2008,634
44209,Santa Eulalia,65-100,2008,411
44209,Santa Eulalia,0-16,2009,115
44209,Santa Eulalia,16-64,2009,670
44209,Santa Eulalia,65-100,2009,400
44209,Santa Eulalia,0-16,2010,105
44209,Santa Eulalia,16-64,2010,651
44209,Santa Eulalia,65-100,2010,396
44209,Santa Eulalia,0-16,2011,107
44209,Santa Eulalia,16-64,2011,649
44209,Santa Eulalia,65-100,2011,391
44209,Santa Eulalia,0-16,2012,110
44209,Santa Eulalia,16-64,2012,636
44209,Santa Eulalia,65-100,2012,376
44209,Santa Eulalia,0-16,2013,109
44209,Santa Eulalia,16-64,2013,634
44209,Santa Eulalia,65-100,2013,375
44209,Santa Eulalia,0-16,2014,114
44209,Santa Eulalia,16-64,2014,630
44209,Santa Eulalia,65-100,2014,367
44209,Santa Eulalia,0-16,2015,108
44209,Santa Eulalia,16-64,2015,616
44209,Santa Eulalia,65-100,2015,357
44209,Santa Eulalia,0-16,2016,103
44209,Santa Eulalia,16-64,2016,603
44209,Santa Eulalia,65-100,2016,353
44209,Santa Eulalia,0-16,2017,102
44209,Santa Eulalia,16-64,2017,589
44209,Santa Eulalia,65-100,2017,342
44209,Santa Eulalia,0-16,2018,103
44209,Santa Eulalia,16-64,2018,590
44209,Santa Eulalia,65-100,2018,344
44209,Santa Eulalia,0-16,2019,117
44209,Santa Eulalia,16-64,2019,607
44209,Santa Eulalia,65-100,2019,337
44209,Santa Eulalia,0-16,2020,109
44209,Santa Eulalia,16-64,2020,619
44209,Santa Eulalia,65-100,2020,322
44209,Santa Eulalia,0-16,2021,113
44209,Santa Eulalia,16-64,2021,641
44209,Santa Eulalia,65-100,2021,312
44209,Santa Eulalia,0-16,2022,110
44209,Santa Eulalia,16-64,2022,626
44209,Santa Eulalia,65-100,2022,297
44209,Santa Eulalia,0-16,2023,110
44209,Santa Eulalia,16-64,2023,611
44209,Santa Eulalia,65-100,2023,292
44209,Santa Eulalia,0-16,2024,108
44209,Santa Eulalia,16-64,2024,622
44209,Santa Eulalia,65-100,2024,288
44209,Santa Eulalia,0-16,2025,105
44209,Santa Eulalia,16-64,2025,617
44209,Santa Eulalia,65-100,2025,282
44210,Sarrión,0-16,2003,129
44210,Sarrión,16-64,2003,639
44210,Sarrión,65-100,2003,265
44210,Sarrión,0-16,2004,136
44210,Sarrión,16-64,2004,655
44210,Sarrión,65-100,2004,258
44210,Sarrión,0-16,2005,134
44210,Sarrión,16-64,2005,685
44210,Sarrión,65-100,2005,253
44210,Sarrión,0-16,2006,145
44210,Sarrión,16-64,2006,708
44210,Sarrión,65-100,2006,251
44210,Sarrión,0-16,2007,141
44210,Sarrión,16-64,2007,697
44210,Sarrión,65-100,2007,247
44210,Sarrión,0-16,2008,142
44210,Sarrión,16-64,2008,735
44210,Sarrión,65-100,2008,247
44210,Sarrión,0-16,2009,151
44210,Sarrión,16-64,2009,758
44210,Sarrión,65-100,2009,246
44210,Sarrión,0-16,2010,160
44210,Sarrión,16-64,2010,729
44210,Sarrión,65-100,2010,251
44210,Sarrión,0-16,2011,160
44210,Sarrión,16-64,2011,730
44210,Sarrión,65-100,2011,245
44210,Sarrión,0-16,2012,160
44210,Sarrión,16-64,2012,735
44210,Sarrión,65-100,2012,234
44210,Sarrión,0-16,2013,169
44210,Sarrión,16-64,2013,750
44210,Sarrión,65-100,2013,230
44210,Sarrión,0-16,2014,178
44210,Sarrión,16-64,2014,739
44210,Sarrión,65-100,2014,235
44210,Sarrión,0-16,2015,185
44210,Sarrión,16-64,2015,755
44210,Sarrión,65-100,2015,227
44210,Sarrión,0-16,2016,182
44210,Sarrión,16-64,2016,717
44210,Sarrión,65-100,2016,226
44210,Sarrión,0-16,2017,191
44210,Sarrión,16-64,2017,711
44210,Sarrión,65-100,2017,223
44210,Sarrión,0-16,2018,199
44210,Sarrión,16-64,2018,712
44210,Sarrión,65-100,2018,222
44210,Sarrión,0-16,2019,196
44210,Sarrión,16-64,2019,694
44210,Sarrión,65-100,2019,238
44210,Sarrión,0-16,2020,201
44210,Sarrión,16-64,2020,708
44210,Sarrión,65-100,2020,239
44210,Sarrión,0-16,2021,211
44210,Sarrión,16-64,2021,738
44210,Sarrión,65-100,2021,245
44210,Sarrión,0-16,2022,212
44210,Sarrión,16-64,2022,738
44210,Sarrión,65-100,2022,251
44210,Sarrión,0-16,2023,227
44210,Sarrión,16-64,2023,721
44210,Sarrión,65-100,2023,247
44210,Sarrión,0-16,2024,235
44210,Sarrión,16-64,2024,720
44210,Sarrión,65-100,2024,260
44210,Sarrión,0-16,2025,246
44210,Sarrión,16-64,2025,753
44210,Sarrión,65-100,2025,261
44211,Segura de los Baños,0-16,2003,0
44211,Segura de los Baños,16-64,2003,17
44211,Segura de los Baños,65-100,2003,26
44211,Segura de los Baños,0-16,2004,0
44211,Segura de los Baños,16-64,2004,18
44211,Segura de los Baños,65-100,2004,21
44211,Segura de los Baños,0-16,2005,0
44211,Segura de los Baños,16-64,2005,14
44211,Segura de los Baños,65-100,2005,22
44211,Segura de los Baños,0-16,2006,0
44211,Segura de los Baños,16-64,2006,16
44211,Segura de los Baños,65-100,2006,23
44211,Segura de los Baños,0-16,2007,0
44211,Segura de los Baños,16-64,2007,16
44211,Segura de los Baños,65-100,2007,23
44211,Segura de los Baños,0-16,2008,0
44211,Segura de los Baños,16-64,2008,17
44211,Segura de los Baños,65-100,2008,22
44211,Segura de los Baños,0-16,2009,0
44211,Segura de los Baños,16-64,2009,17
44211,Segura de los Baños,65-100,2009,23
44211,Segura de los Baños,0-16,2010,0
44211,Segura de los Baños,16-64,2010,16
44211,Segura de los Baños,65-100,2010,24
44211,Segura de los Baños,0-16,2011,0
44211,Segura de los Baños,16-64,2011,17
44211,Segura de los Baños,65-100,2011,22
44211,Segura de los Baños,0-16,2012,0
44211,Segura de los Baños,16-64,2012,17
44211,Segura de los Baños,65-100,2012,23
44211,Segura de los Baños,0-16,2013,0
44211,Segura de los Baños,16-64,2013,18
44211,Segura de los Baños,65-100,2013,22
44211,Segura de los Baños,0-16,2014,0
44211,Segura de los Baños,16-64,2014,17
44211,Segura de los Baños,65-100,2014,22
44211,Segura de los Baños,0-16,2015,0
44211,Segura de los Baños,16-64,2015,17
44211,Segura de los Baños,65-100,2015,23
44211,Segura de los Baños,0-16,2016,0
44211,Segura de los Baños,16-64,2016,23
44211,Segura de los Baños,65-100,2016,21
44211,Segura de los Baños,0-16,2017,0
44211,Segura de los Baños,16-64,2017,21
44211,Segura de los Baños,65-100,2017,22
44211,Segura de los Baños,0-16,2018,0
44211,Segura de los Baños,16-64,2018,19
44211,Segura de los Baños,65-100,2018,20
44211,Segura de los Baños,0-16,2019,2
44211,Segura de los Baños,16-64,2019,19
44211,Segura de los Baños,65-100,2019,17
44211,Segura de los Baños,0-16,2020,2
44211,Segura de los Baños,16-64,2020,24
44211,Segura de los Baños,65-100,2020,15
44211,Segura de los Baños,0-16,2021,2
44211,Segura de los Baños,16-64,2021,21
44211,Segura de los Baños,65-100,2021,15
44211,Segura de los Baños,0-16,2022,4
44211,Segura de los Baños,16-64,2022,22
44211,Segura de los Baños,65-100,2022,16
44211,Segura de los Baños,0-16,2023,3
44211,Segura de los Baños,16-64,2023,21
44211,Segura de los Baños,65-100,2023,17
44211,Segura de los Baños,0-16,2024,3
44211,Segura de los Baños,16-64,2024,26
44211,Segura de los Baños,65-100,2024,19
44211,Segura de los Baños,0-16,2025,3
44211,Segura de los Baños,16-64,2025,29
44211,Segura de los Baños,65-100,2025,23
44212,Seno,0-16,2003,2
44212,Seno,16-64,2003,33
44212,Seno,65-100,2003,17
44212,Seno,0-16,2004,1
44212,Seno,16-64,2004,31
44212,Seno,65-100,2004,16
44212,Seno,0-16,2005,0
44212,Seno,16-64,2005,34
44212,Seno,65-100,2005,17
44212,Seno,0-16,2006,0
44212,Seno,16-64,2006,29
44212,Seno,65-100,2006,17
44212,Seno,0-16,2007,0
44212,Seno,16-64,2007,25
44212,Seno,65-100,2007,20
44212,Seno,0-16,2008,0
44212,Seno,16-64,2008,22
44212,Seno,65-100,2008,20
44212,Seno,0-16,2009,1
44212,Seno,16-64,2009,24
44212,Seno,65-100,2009,22
44212,Seno,0-16,2010,1
44212,Seno,16-64,2010,23
44212,Seno,65-100,2010,25
44212,Seno,0-16,2011,0
44212,Seno,16-64,2011,21
44212,Seno,65-100,2011,25
44212,Seno,0-16,2012,0
44212,Seno,16-64,2012,21
44212,Seno,65-100,2012,24
44212,Seno,0-16,2013,0
44212,Seno,16-64,2013,20
44212,Seno,65-100,2013,23
44212,Seno,0-16,2014,0
44212,Seno,16-64,2014,20
44212,Seno,65-100,2014,22
44212,Seno,0-16,2015,1
44212,Seno,16-64,2015,20
44212,Seno,65-100,2015,22
44212,Seno,0-16,2016,1
44212,Seno,16-64,2016,21
44212,Seno,65-100,2016,19
44212,Seno,0-16,2017,1
44212,Seno,16-64,2017,22
44212,Seno,65-100,2017,17
44212,Seno,0-16,2018,1
44212,Seno,16-64,2018,21
44212,Seno,65-100,2018,17
44212,Seno,0-16,2019,1
44212,Seno,16-64,2019,25
44212,Seno,65-100,2019,17
44212,Seno,0-16,2020,1
44212,Seno,16-64,2020,24
44212,Seno,65-100,2020,14
44212,Seno,0-16,2021,1
44212,Seno,16-64,2021,27
44212,Seno,65-100,2021,16
44212,Seno,0-16,2022,1
44212,Seno,16-64,2022,26
44212,Seno,65-100,2022,16
44212,Seno,0-16,2023,1
44212,Seno,16-64,2023,24
44212,Seno,65-100,2023,16
44212,Seno,0-16,2024,1
44212,Seno,16-64,2024,23
44212,Seno,65-100,2024,14
44212,Seno,0-16,2025,1
44212,Seno,16-64,2025,25
44212,Seno,65-100,2025,13
44213,Singra,0-16,2003,5
44213,Singra,16-64,2003,38
44213,Singra,65-100,2003,47
44213,Singra,0-16,2004,9
44213,Singra,16-64,2004,40
44213,Singra,65-100,2004,45
44213,Singra,0-16,2005,12
44213,Singra,16-64,2005,37
44213,Singra,65-100,2005,42
44213,Singra,0-16,2006,10
44213,Singra,16-64,2006,43
44213,Singra,65-100,2006,45
44213,Singra,0-16,2007,9
44213,Singra,16-64,2007,46
44213,Singra,65-100,2007,43
44213,Singra,0-16,2008,13
44213,Singra,16-64,2008,41
44213,Singra,65-100,2008,40
44213,Singra,0-16,2009,12
44213,Singra,16-64,2009,43
44213,Singra,65-100,2009,40
44213,Singra,0-16,2010,14
44213,Singra,16-64,2010,47
44213,Singra,65-100,2010,37
44213,Singra,0-16,2011,14
44213,Singra,16-64,2011,45
44213,Singra,65-100,2011,33
44213,Singra,0-16,2012,10
44213,Singra,16-64,2012,44
44213,Singra,65-100,2012,30
44213,Singra,0-16,2013,3
44213,Singra,16-64,2013,40
44213,Singra,65-100,2013,30
44213,Singra,0-16,2014,3
44213,Singra,16-64,2014,44
44213,Singra,65-100,2014,29
44213,Singra,0-16,2015,3
44213,Singra,16-64,2015,49
44213,Singra,65-100,2015,28
44213,Singra,0-16,2016,3
44213,Singra,16-64,2016,50
44213,Singra,65-100,2016,27
44213,Singra,0-16,2017,1
44213,Singra,16-64,2017,51
44213,Singra,65-100,2017,27
44213,Singra,0-16,2018,2
44213,Singra,16-64,2018,50
44213,Singra,65-100,2018,28
44213,Singra,0-16,2019,0
44213,Singra,16-64,2019,47
44213,Singra,65-100,2019,28
44213,Singra,0-16,2020,2
44213,Singra,16-64,2020,54
44213,Singra,65-100,2020,27
44213,Singra,0-16,2021,1
44213,Singra,16-64,2021,56
44213,Singra,65-100,2021,23
44213,Singra,0-16,2022,1
44213,Singra,16-64,2022,55
44213,Singra,65-100,2022,24
44213,Singra,0-16,2023,1
44213,Singra,16-64,2023,55
44213,Singra,65-100,2023,24
44213,Singra,0-16,2024,1
44213,Singra,16-64,2024,51
44213,Singra,65-100,2024,23
44213,Singra,0-16,2025,1
44213,Singra,16-64,2025,52
44213,Singra,65-100,2025,23
44215,Terriente,0-16,2003,14
44215,Terriente,16-64,2003,90
44215,Terriente,65-100,2003,70
44215,Terriente,0-16,2004,14
44215,Terriente,16-64,2004,102
44215,Terriente,65-100,2004,67
44215,Terriente,0-16,2005,11
44215,Terriente,16-64,2005,95
44215,Terriente,65-100,2005,71
44215,Terriente,0-16,2006,9
44215,Terriente,16-64,2006,107
44215,Terriente,65-100,2006,69
44215,Terriente,0-16,2007,11
44215,Terriente,16-64,2007,114
44215,Terriente,65-100,2007,67
44215,Terriente,0-16,2008,13
44215,Terriente,16-64,2008,111
44215,Terriente,65-100,2008,63
44215,Terriente,0-16,2009,17
44215,Terriente,16-64,2009,113
44215,Terriente,65-100,2009,57
44215,Terriente,0-16,2010,21
44215,Terriente,16-64,2010,109
44215,Terriente,65-100,2010,56
44215,Terriente,0-16,2011,26
44215,Terriente,16-64,2011,115
44215,Terriente,65-100,2011,56
44215,Terriente,0-16,2012,15
44215,Terriente,16-64,2012,120
44215,Terriente,65-100,2012,56
44215,Terriente,0-16,2013,12
44215,Terriente,16-64,2013,107
44215,Terriente,65-100,2013,60
44215,Terriente,0-16,2014,11
44215,Terriente,16-64,2014,104
44215,Terriente,65-100,2014,62
44215,Terriente,0-16,2015,10
44215,Terriente,16-64,2015,109
44215,Terriente,65-100,2015,59
44215,Terriente,0-16,2016,8
44215,Terriente,16-64,2016,107
44215,Terriente,65-100,2016,58
44215,Terriente,0-16,2017,8
44215,Terriente,16-64,2017,105
44215,Terriente,65-100,2017,65
44215,Terriente,0-16,2018,8
44215,Terriente,16-64,2018,103
44215,Terriente,65-100,2018,72
44215,Terriente,0-16,2019,8
44215,Terriente,16-64,2019,102
44215,Terriente,65-100,2019,73
44215,Terriente,0-16,2020,9
44215,Terriente,16-64,2020,101
44215,Terriente,65-100,2020,70
44215,Terriente,0-16,2021,13
44215,Terriente,16-64,2021,103
44215,Terriente,65-100,2021,65
44215,Terriente,0-16,2022,13
44215,Terriente,16-64,2022,108
44215,Terriente,65-100,2022,70
44215,Terriente,0-16,2023,17
44215,Terriente,16-64,2023,124
44215,Terriente,65-100,2023,66
44215,Terriente,0-16,2024,17
44215,Terriente,16-64,2024,115
44215,Terriente,65-100,2024,76
44215,Terriente,0-16,2025,12
44215,Terriente,16-64,2025,113
44215,Terriente,65-100,2025,69
44216,Teruel,0-16,2003,5387
44216,Teruel,16-64,2003,20715
44216,Teruel,65-100,2003,6202
44216,Teruel,0-16,2004,5391
44216,Teruel,16-64,2004,21078
44216,Teruel,65-100,2004,6111
44216,Teruel,0-16,2005,5457
44216,Teruel,16-64,2005,21740
44216,Teruel,65-100,2005,6041
44216,Teruel,0-16,2006,5516
44216,Teruel,16-64,2006,22122
44216,Teruel,65-100,2006,6035
44216,Teruel,0-16,2007,5606
44216,Teruel,16-64,2007,22658
44216,Teruel,65-100,2007,5972
44216,Teruel,0-16,2008,5731
44216,Teruel,16-64,2008,23324
44216,Teruel,65-100,2008,5982
44216,Teruel,0-16,2009,5765
44216,Teruel,16-64,2009,23575
44216,Teruel,65-100,2009,6056
44216,Teruel,0-16,2010,5771
44216,Teruel,16-64,2010,23344
44216,Teruel,65-100,2010,6126
44216,Teruel,0-16,2011,5783
44216,Teruel,16-64,2011,23276
44216,Teruel,65-100,2011,6229
44216,Teruel,0-16,2012,5871
44216,Teruel,16-64,2012,23662
44216,Teruel,65-100,2012,6308
44216,Teruel,0-16,2013,5852
44216,Teruel,16-64,2013,23739
44216,Teruel,65-100,2013,6370
44216,Teruel,0-16,2014,5837
44216,Teruel,16-64,2014,23423
44216,Teruel,65-100,2014,6415
44216,Teruel,0-16,2015,5820
44216,Teruel,16-64,2015,23241
44216,Teruel,65-100,2015,6529
44216,Teruel,0-16,2016,5825
44216,Teruel,16-64,2016,23160
44216,Teruel,65-100,2016,6579
44216,Teruel,0-16,2017,5769
44216,Teruel,16-64,2017,23064
44216,Teruel,65-100,2017,6651
44216,Teruel,0-16,2018,5771
44216,Teruel,16-64,2018,23130
44216,Teruel,65-100,2018,6790
44216,Teruel,0-16,2019,5757
44216,Teruel,16-64,2019,23201
44216,Teruel,65-100,2019,6932
44216,Teruel,0-16,2020,5725
44216,Teruel,16-64,2020,23444
44216,Teruel,65-100,2020,7071
44216,Teruel,0-16,2021,5644
44216,Teruel,16-64,2021,23295
44216,Teruel,65-100,2021,7055
44216,Teruel,0-16,2022,5612
44216,Teruel,16-64,2022,23071
44216,Teruel,65-100,2022,7217
44216,Teruel,0-16,2023,5660
44216,Teruel,16-64,2023,23095
44216,Teruel,65-100,2023,7400
44216,Teruel,0-16,2024,5589
44216,Teruel,16-64,2024,23209
44216,Teruel,65-100,2024,7667
44216,Teruel,0-16,2025,5477
44216,Teruel,16-64,2025,23189
44216,Teruel,65-100,2025,7855
44217,Toril y Masegoso,0-16,2003,0
44217,Toril y Masegoso,16-64,2003,13
44217,Toril y Masegoso,65-100,2003,13
44217,Toril y Masegoso,0-16,2004,0
44217,Toril y Masegoso,16-64,2004,20
44217,Toril y Masegoso,65-100,2004,11
44217,Toril y Masegoso,0-16,2005,0
44217,Toril y Masegoso,16-64,2005,19
44217,Toril y Masegoso,65-100,2005,12
44217,Toril y Masegoso,0-16,2006,0
44217,Toril y Masegoso,16-64,2006,24
44217,Toril y Masegoso,65-100,2006,11
44217,Toril y Masegoso,0-16,2007,0
44217,Toril y Masegoso,16-64,2007,34
44217,Toril y Masegoso,65-100,2007,12
44217,Toril y Masegoso,0-16,2008,0
44217,Toril y Masegoso,16-64,2008,24
44217,Toril y Masegoso,65-100,2008,10
44217,Toril y Masegoso,0-16,2009,0
44217,Toril y Masegoso,16-64,2009,26
44217,Toril y Masegoso,65-100,2009,10
44217,Toril y Masegoso,0-16,2010,0
44217,Toril y Masegoso,16-64,2010,24
44217,Toril y Masegoso,65-100,2010,10
44217,Toril y Masegoso,0-16,2011,0
44217,Toril y Masegoso,16-64,2011,27
44217,Toril y Masegoso,65-100,2011,10
44217,Toril y Masegoso,0-16,2012,0
44217,Toril y Masegoso,16-64,2012,25
44217,Toril y Masegoso,65-100,2012,10
44217,Toril y Masegoso,0-16,2013,0
44217,Toril y Masegoso,16-64,2013,25
44217,Toril y Masegoso,65-100,2013,10
44217,Toril y Masegoso,0-16,2014,0
44217,Toril y Masegoso,16-64,2014,23
44217,Toril y Masegoso,65-100,2014,9
44217,Toril y Masegoso,0-16,2015,0
44217,Toril y Masegoso,16-64,2015,22
44217,Toril y Masegoso,65-100,2015,8
44217,Toril y Masegoso,0-16,2016,0
44217,Toril y Masegoso,16-64,2016,22
44217,Toril y Masegoso,65-100,2016,8
44217,Toril y Masegoso,0-16,2017,0
44217,Toril y Masegoso,16-64,2017,21
44217,Toril y Masegoso,65-100,2017,8
44217,Toril y Masegoso,0-16,2018,0
44217,Toril y Masegoso,16-64,2018,22
44217,Toril y Masegoso,65-100,2018,8
44217,Toril y Masegoso,0-16,2019,0
44217,Toril y Masegoso,16-64,2019,23
44217,Toril y Masegoso,65-100,2019,9
44217,Toril y Masegoso,0-16,2020,0
44217,Toril y Masegoso,16-64,2020,23
44217,Toril y Masegoso,65-100,2020,10
44217,Toril y Masegoso,0-16,2021,0
44217,Toril y Masegoso,16-64,2021,26
44217,Toril y Masegoso,65-100,2021,10
44217,Toril y Masegoso,0-16,2022,0
44217,Toril y Masegoso,16-64,2022,27
44217,Toril y Masegoso,65-100,2022,10
44217,Toril y Masegoso,0-16,2023,0
44217,Toril y Masegoso,16-64,2023,25
44217,Toril y Masegoso,65-100,2023,8
44217,Toril y Masegoso,0-16,2024,0
44217,Toril y Masegoso,16-64,2024,27
44217,Toril y Masegoso,65-100,2024,7
44217,Toril y Masegoso,0-16,2025,0
44217,Toril y Masegoso,16-64,2025,25
44217,Toril y Masegoso,65-100,2025,5
44218,Tormón,0-16,2003,0
44218,Tormón,16-64,2003,17
44218,Tormón,65-100,2003,20
44218,Tormón,0-16,2004,0
44218,Tormón,16-64,2004,17
44218,Tormón,65-100,2004,22
44218,Tormón,0-16,2005,0
44218,Tormón,16-64,2005,15
44218,Tormón,65-100,2005,20
44218,Tormón,0-16,2006,0
44218,Tormón,16-64,2006,12
44218,Tormón,65-100,2006,20
44218,Tormón,0-16,2007,0
44218,Tormón,16-64,2007,13
44218,Tormón,65-100,2007,20
44218,Tormón,0-16,2008,0
44218,Tormón,16-64,2008,15
44218,Tormón,65-100,2008,20
44218,Tormón,0-16,2009,0
44218,Tormón,16-64,2009,15
44218,Tormón,65-100,2009,18
44218,Tormón,0-16,2010,0
44218,Tormón,16-64,2010,15
44218,Tormón,65-100,2010,17
44218,Tormón,0-16,2011,0
44218,Tormón,16-64,2011,21
44218,Tormón,65-100,2011,15
44218,Tormón,0-16,2012,0
44218,Tormón,16-64,2012,18
44218,Tormón,65-100,2012,16
44218,Tormón,0-16,2013,0
44218,Tormón,16-64,2013,16
44218,Tormón,65-100,2013,15
44218,Tormón,0-16,2014,0
44218,Tormón,16-64,2014,12
44218,Tormón,65-100,2014,16
44218,Tormón,0-16,2015,0
44218,Tormón,16-64,2015,15
44218,Tormón,65-100,2015,19
44218,Tormón,0-16,2016,0
44218,Tormón,16-64,2016,15
44218,Tormón,65-100,2016,19
44218,Tormón,0-16,2017,0
44218,Tormón,16-64,2017,15
44218,Tormón,65-100,2017,19
44218,Tormón,0-16,2018,0
44218,Tormón,16-64,2018,14
44218,Tormón,65-100,2018,17
44218,Tormón,0-16,2019,0
44218,Tormón,16-64,2019,17
44218,Tormón,65-100,2019,13
44218,Tormón,0-16,2020,0
44218,Tormón,16-64,2020,14
44218,Tormón,65-100,2020,11
44218,Tormón,0-16,2021,0
44218,Tormón,16-64,2021,14
44218,Tormón,65-100,2021,11
44218,Tormón,0-16,2022,0
44218,Tormón,16-64,2022,14
44218,Tormón,65-100,2022,12
44218,Tormón,0-16,2023,0
44218,Tormón,16-64,2023,18
44218,Tormón,65-100,2023,15
44218,Tormón,0-16,2024,0
44218,Tormón,16-64,2024,17
44218,Tormón,65-100,2024,14
44218,Tormón,0-16,2025,0
44218,Tormón,16-64,2025,14
44218,Tormón,65-100,2025,14
44219,Tornos,0-16,2003,16
44219,Tornos,16-64,2003,121
44219,Tornos,65-100,2003,104
44219,Tornos,0-16,2004,16
44219,Tornos,16-64,2004,118
44219,Tornos,65-100,2004,105
44219,Tornos,0-16,2005,12
44219,Tornos,16-64,2005,126
44219,Tornos,65-100,2005,104
44219,Tornos,0-16,2006,12
44219,Tornos,16-64,2006,135
44219,Tornos,65-100,2006,103
44219,Tornos,0-16,2007,15
44219,Tornos,16-64,2007,134
44219,Tornos,65-100,2007,101
44219,Tornos,0-16,2008,13
44219,Tornos,16-64,2008,131
44219,Tornos,65-100,2008,96
44219,Tornos,0-16,2009,14
44219,Tornos,16-64,2009,126
44219,Tornos,65-100,2009,94
44219,Tornos,0-16,2010,14
44219,Tornos,16-64,2010,119
44219,Tornos,65-100,2010,99
44219,Tornos,0-16,2011,15
44219,Tornos,16-64,2011,116
44219,Tornos,65-100,2011,99
44219,Tornos,0-16,2012,17
44219,Tornos,16-64,2012,117
44219,Tornos,65-100,2012,97
44219,Tornos,0-16,2013,18
44219,Tornos,16-64,2013,119
44219,Tornos,65-100,2013,97
44219,Tornos,0-16,2014,17
44219,Tornos,16-64,2014,116
44219,Tornos,65-100,2014,98
44219,Tornos,0-16,2015,15
44219,Tornos,16-64,2015,123
44219,Tornos,65-100,2015,97
44219,Tornos,0-16,2016,15
44219,Tornos,16-64,2016,121
44219,Tornos,65-100,2016,92
44219,Tornos,0-16,2017,19
44219,Tornos,16-64,2017,114
44219,Tornos,65-100,2017,89
44219,Tornos,0-16,2018,19
44219,Tornos,16-64,2018,109
44219,Tornos,65-100,2018,85
44219,Tornos,0-16,2019,19
44219,Tornos,16-64,2019,102
44219,Tornos,65-100,2019,85
44219,Tornos,0-16,2020,17
44219,Tornos,16-64,2020,102
44219,Tornos,65-100,2020,83
44219,Tornos,0-16,2021,14
44219,Tornos,16-64,2021,100
44219,Tornos,65-100,2021,87
44219,Tornos,0-16,2022,13
44219,Tornos,16-64,2022,102
44219,Tornos,65-100,2022,81
44219,Tornos,0-16,2023,11
44219,Tornos,16-64,2023,102
44219,Tornos,65-100,2023,76
44219,Tornos,0-16,2024,11
44219,Tornos,16-64,2024,94
44219,Tornos,65-100,2024,75
44219,Tornos,0-16,2025,12
44219,Tornos,16-64,2025,90
44219,Tornos,65-100,2025,72
44220,Torralba de los Sisones,0-16,2003,32
44220,Torralba de los Sisones,16-64,2003,120
44220,Torralba de los Sisones,65-100,2003,79
44220,Torralba de los Sisones,0-16,2004,29
44220,Torralba de los Sisones,16-64,2004,113
44220,Torralba de los Sisones,65-100,2004,79
44220,Torralba de los Sisones,0-16,2005,28
44220,Torralba de los Sisones,16-64,2005,110
44220,Torralba de los Sisones,65-100,2005,80
44220,Torralba de los Sisones,0-16,2006,24
44220,Torralba de los Sisones,16-64,2006,92
44220,Torralba de los Sisones,65-100,2006,81
44220,Torralba de los Sisones,0-16,2007,37
44220,Torralba de los Sisones,16-64,2007,113
44220,Torralba de los Sisones,65-100,2007,74
44220,Torralba de los Sisones,0-16,2008,38
44220,Torralba de los Sisones,16-64,2008,111
44220,Torralba de los Sisones,65-100,2008,73
44220,Torralba de los Sisones,0-16,2009,44
44220,Torralba de los Sisones,16-64,2009,111
44220,Torralba de los Sisones,65-100,2009,73
44220,Torralba de los Sisones,0-16,2010,43
44220,Torralba de los Sisones,16-64,2010,100
44220,Torralba de los Sisones,65-100,2010,73
44220,Torralba de los Sisones,0-16,2011,37
44220,Torralba de los Sisones,16-64,2011,99
44220,Torralba de los Sisones,65-100,2011,73
44220,Torralba de los Sisones,0-16,2012,27
44220,Torralba de los Sisones,16-64,2012,89
44220,Torralba de los Sisones,65-100,2012,65
44220,Torralba de los Sisones,0-16,2013,26
44220,Torralba de los Sisones,16-64,2013,87
44220,Torralba de los Sisones,65-100,2013,61
44220,Torralba de los Sisones,0-16,2014,21
44220,Torralba de los Sisones,16-64,2014,88
44220,Torralba de los Sisones,65-100,2014,61
44220,Torralba de los Sisones,0-16,2015,15
44220,Torralba de los Sisones,16-64,2015,87
44220,Torralba de los Sisones,65-100,2015,55
44220,Torralba de los Sisones,0-16,2016,18
44220,Torralba de los Sisones,16-64,2016,93
44220,Torralba de los Sisones,65-100,2016,52
44220,Torralba de los Sisones,0-16,2017,16
44220,Torralba de los Sisones,16-64,2017,91
44220,Torralba de los Sisones,65-100,2017,55
44220,Torralba de los Sisones,0-16,2018,17
44220,Torralba de los Sisones,16-64,2018,91
44220,Torralba de los Sisones,65-100,2018,48
44220,Torralba de los Sisones,0-16,2019,17
44220,Torralba de los Sisones,16-64,2019,91
44220,Torralba de los Sisones,65-100,2019,47
44220,Torralba de los Sisones,0-16,2020,16
44220,Torralba de los Sisones,16-64,2020,102
44220,Torralba de los Sisones,65-100,2020,39
44220,Torralba de los Sisones,0-16,2021,19
44220,Torralba de los Sisones,16-64,2021,109
44220,Torralba de los Sisones,65-100,2021,34
44220,Torralba de los Sisones,0-16,2022,15
44220,Torralba de los Sisones,16-64,2022,99
44220,Torralba de los Sisones,65-100,2022,37
44220,Torralba de los Sisones,0-16,2023,10
44220,Torralba de los Sisones,16-64,2023,98
44220,Torralba de los Sisones,65-100,2023,39
44220,Torralba de los Sisones,0-16,2024,10
44220,Torralba de los Sisones,16-64,2024,98
44220,Torralba de los Sisones,65-100,2024,38
44220,Torralba de los Sisones,0-16,2025,9
44220,Torralba de los Sisones,16-64,2025,98
44220,Torralba de los Sisones,65-100,2025,38
44221,Torrecilla de Alcañiz,0-16,2003,58
44221,Torrecilla de Alcañiz,16-64,2003,233
44221,Torrecilla de Alcañiz,65-100,2003,156
44221,Torrecilla de Alcañiz,0-16,2004,61
44221,Torrecilla de Alcañiz,16-64,2004,248
44221,Torrecilla de Alcañiz,65-100,2004,153
44221,Torrecilla de Alcañiz,0-16,2005,59
44221,Torrecilla de Alcañiz,16-64,2005,250
44221,Torrecilla de Alcañiz,65-100,2005,159
44221,Torrecilla de Alcañiz,0-16,2006,48
44221,Torrecilla de Alcañiz,16-64,2006,243
44221,Torrecilla de Alcañiz,65-100,2006,154
44221,Torrecilla de Alcañiz,0-16,2007,52
44221,Torrecilla de Alcañiz,16-64,2007,248
44221,Torrecilla de Alcañiz,65-100,2007,150
44221,Torrecilla de Alcañiz,0-16,2008,42
44221,Torrecilla de Alcañiz,16-64,2008,244
44221,Torrecilla de Alcañiz,65-100,2008,147
44221,Torrecilla de Alcañiz,0-16,2009,44
44221,Torrecilla de Alcañiz,16-64,2009,240
44221,Torrecilla de Alcañiz,65-100,2009,151
44221,Torrecilla de Alcañiz,0-16,2010,45
44221,Torrecilla de Alcañiz,16-64,2010,245
44221,Torrecilla de Alcañiz,65-100,2010,150
44221,Torrecilla de Alcañiz,0-16,2011,42
44221,Torrecilla de Alcañiz,16-64,2011,245
44221,Torrecilla de Alcañiz,65-100,2011,150
44221,Torrecilla de Alcañiz,0-16,2012,44
44221,Torrecilla de Alcañiz,16-64,2012,257
44221,Torrecilla de Alcañiz,65-100,2012,146
44221,Torrecilla de Alcañiz,0-16,2013,37
44221,Torrecilla de Alcañiz,16-64,2013,257
44221,Torrecilla de Alcañiz,65-100,2013,143
44221,Torrecilla de Alcañiz,0-16,2014,39
44221,Torrecilla de Alcañiz,16-64,2014,237
44221,Torrecilla de Alcañiz,65-100,2014,139
44221,Torrecilla de Alcañiz,0-16,2015,27
44221,Torrecilla de Alcañiz,16-64,2015,245
44221,Torrecilla de Alcañiz,65-100,2015,135
44221,Torrecilla de Alcañiz,0-16,2016,33
44221,Torrecilla de Alcañiz,16-64,2016,247
44221,Torrecilla de Alcañiz,65-100,2016,144
44221,Torrecilla de Alcañiz,0-16,2017,33
44221,Torrecilla de Alcañiz,16-64,2017,246
44221,Torrecilla de Alcañiz,65-100,2017,147
44221,Torrecilla de Alcañiz,0-16,2018,28
44221,Torrecilla de Alcañiz,16-64,2018,246
44221,Torrecilla de Alcañiz,65-100,2018,149
44221,Torrecilla de Alcañiz,0-16,2019,33
44221,Torrecilla de Alcañiz,16-64,2019,252
44221,Torrecilla de Alcañiz,65-100,2019,148
44221,Torrecilla de Alcañiz,0-16,2020,28
44221,Torrecilla de Alcañiz,16-64,2020,256
44221,Torrecilla de Alcañiz,65-100,2020,155
44221,Torrecilla de Alcañiz,0-16,2021,30
44221,Torrecilla de Alcañiz,16-64,2021,260
44221,Torrecilla de Alcañiz,65-100,2021,160
44221,Torrecilla de Alcañiz,0-16,2022,40
44221,Torrecilla de Alcañiz,16-64,2022,258
44221,Torrecilla de Alcañiz,65-100,2022,162
44221,Torrecilla de Alcañiz,0-16,2023,39
44221,Torrecilla de Alcañiz,16-64,2023,248
44221,Torrecilla de Alcañiz,65-100,2023,155
44221,Torrecilla de Alcañiz,0-16,2024,41
44221,Torrecilla de Alcañiz,16-64,2024,238
44221,Torrecilla de Alcañiz,65-100,2024,159
44221,Torrecilla de Alcañiz,0-16,2025,42
44221,Torrecilla de Alcañiz,16-64,2025,241
44221,Torrecilla de Alcañiz,65-100,2025,157
44222,Torrecilla del Rebollar,0-16,2003,8
44222,Torrecilla del Rebollar,16-64,2003,104
44222,Torrecilla del Rebollar,65-100,2003,74
44222,Torrecilla del Rebollar,0-16,2004,8
44222,Torrecilla del Rebollar,16-64,2004,98
44222,Torrecilla del Rebollar,65-100,2004,72
44222,Torrecilla del Rebollar,0-16,2005,9
44222,Torrecilla del Rebollar,16-64,2005,94
44222,Torrecilla del Rebollar,65-100,2005,70
44222,Torrecilla del Rebollar,0-16,2006,8
44222,Torrecilla del Rebollar,16-64,2006,93
44222,Torrecilla del Rebollar,65-100,2006,64
44222,Torrecilla del Rebollar,0-16,2007,8
44222,Torrecilla del Rebollar,16-64,2007,89
44222,Torrecilla del Rebollar,65-100,2007,64
44222,Torrecilla del Rebollar,0-16,2008,8
44222,Torrecilla del Rebollar,16-64,2008,90
44222,Torrecilla del Rebollar,65-100,2008,62
44222,Torrecilla del Rebollar,0-16,2009,7
44222,Torrecilla del Rebollar,16-64,2009,84
44222,Torrecilla del Rebollar,65-100,2009,60
44222,Torrecilla del Rebollar,0-16,2010,7
44222,Torrecilla del Rebollar,16-64,2010,87
44222,Torrecilla del Rebollar,65-100,2010,57
44222,Torrecilla del Rebollar,0-16,2011,5
44222,Torrecilla del Rebollar,16-64,2011,84
44222,Torrecilla del Rebollar,65-100,2011,57
44222,Torrecilla del Rebollar,0-16,2012,6
44222,Torrecilla del Rebollar,16-64,2012,78
44222,Torrecilla del Rebollar,65-100,2012,58
44222,Torrecilla del Rebollar,0-16,2013,4
44222,Torrecilla del Rebollar,16-64,2013,74
44222,Torrecilla del Rebollar,65-100,2013,64
44222,Torrecilla del Rebollar,0-16,2014,4
44222,Torrecilla del Rebollar,16-64,2014,77
44222,Torrecilla del Rebollar,65-100,2014,61
44222,Torrecilla del Rebollar,0-16,2015,4
44222,Torrecilla del Rebollar,16-64,2015,74
44222,Torrecilla del Rebollar,65-100,2015,66
44222,Torrecilla del Rebollar,0-16,2016,3
44222,Torrecilla del Rebollar,16-64,2016,73
44222,Torrecilla del Rebollar,65-100,2016,61
44222,Torrecilla del Rebollar,0-16,2017,4
44222,Torrecilla del Rebollar,16-64,2017,67
44222,Torrecilla del Rebollar,65-100,2017,65
44222,Torrecilla del Rebollar,0-16,2018,1
44222,Torrecilla del Rebollar,16-64,2018,66
44222,Torrecilla del Rebollar,65-100,2018,60
44222,Torrecilla del Rebollar,0-16,2019,1
44222,Torrecilla del Rebollar,16-64,2019,64
44222,Torrecilla del Rebollar,65-100,2019,59
44222,Torrecilla del Rebollar,0-16,2020,2
44222,Torrecilla del Rebollar,16-64,2020,62
44222,Torrecilla del Rebollar,65-100,2020,59
44222,Torrecilla del Rebollar,0-16,2021,2
44222,Torrecilla del Rebollar,16-64,2021,61
44222,Torrecilla del Rebollar,65-100,2021,59
44222,Torrecilla del Rebollar,0-16,2022,4
44222,Torrecilla del Rebollar,16-64,2022,62
44222,Torrecilla del Rebollar,65-100,2022,55
44222,Torrecilla del Rebollar,0-16,2023,3
44222,Torrecilla del Rebollar,16-64,2023,61
44222,Torrecilla del Rebollar,65-100,2023,61
44222,Torrecilla del Rebollar,0-16,2024,3
44222,Torrecilla del Rebollar,16-64,2024,55
44222,Torrecilla del Rebollar,65-100,2024,59
44222,Torrecilla del Rebollar,0-16,2025,4
44222,Torrecilla del Rebollar,16-64,2025,55
44222,Torrecilla del Rebollar,65-100,2025,56
44223,Torre de Arcas,0-16,2003,5
44223,Torre de Arcas,16-64,2003,53
44223,Torre de Arcas,65-100,2003,45
44223,Torre de Arcas,0-16,2004,5
44223,Torre de Arcas,16-64,2004,51
44223,Torre de Arcas,65-100,2004,43
44223,Torre de Arcas,0-16,2005,4
44223,Torre de Arcas,16-64,2005,49
44223,Torre de Arcas,65-100,2005,43
44223,Torre de Arcas,0-16,2006,4
44223,Torre de Arcas,16-64,2006,46
44223,Torre de Arcas,65-100,2006,43
44223,Torre de Arcas,0-16,2007,9
44223,Torre de Arcas,16-64,2007,66
44223,Torre de Arcas,65-100,2007,37
44223,Torre de Arcas,0-16,2008,8
44223,Torre de Arcas,16-64,2008,66
44223,Torre de Arcas,65-100,2008,32
44223,Torre de Arcas,0-16,2009,10
44223,Torre de Arcas,16-64,2009,63
44223,Torre de Arcas,65-100,2009,32
44223,Torre de Arcas,0-16,2010,8
44223,Torre de Arcas,16-64,2010,57
44223,Torre de Arcas,65-100,2010,31
44223,Torre de Arcas,0-16,2011,10
44223,Torre de Arcas,16-64,2011,54
44223,Torre de Arcas,65-100,2011,31
44223,Torre de Arcas,0-16,2012,7
44223,Torre de Arcas,16-64,2012,55
44223,Torre de Arcas,65-100,2012,26
44223,Torre de Arcas,0-16,2013,10
44223,Torre de Arcas,16-64,2013,60
44223,Torre de Arcas,65-100,2013,25
44223,Torre de Arcas,0-16,2014,8
44223,Torre de Arcas,16-64,2014,51
44223,Torre de Arcas,65-100,2014,24
44223,Torre de Arcas,0-16,2015,8
44223,Torre de Arcas,16-64,2015,48
44223,Torre de Arcas,65-100,2015,25
44223,Torre de Arcas,0-16,2016,8
44223,Torre de Arcas,16-64,2016,47
44223,Torre de Arcas,65-100,2016,26
44223,Torre de Arcas,0-16,2017,10
44223,Torre de Arcas,16-64,2017,48
44223,Torre de Arcas,65-100,2017,25
44223,Torre de Arcas,0-16,2018,10
44223,Torre de Arcas,16-64,2018,52
44223,Torre de Arcas,65-100,2018,27
44223,Torre de Arcas,0-16,2019,6
44223,Torre de Arcas,16-64,2019,56
44223,Torre de Arcas,65-100,2019,28
44223,Torre de Arcas,0-16,2020,7
44223,Torre de Arcas,16-64,2020,58
44223,Torre de Arcas,65-100,2020,29
44223,Torre de Arcas,0-16,2021,6
44223,Torre de Arcas,16-64,2021,56
44223,Torre de Arcas,65-100,2021,31
44223,Torre de Arcas,0-16,2022,3
44223,Torre de Arcas,16-64,2022,49
44223,Torre de Arcas,65-100,2022,30
44223,Torre de Arcas,0-16,2023,5
44223,Torre de Arcas,16-64,2023,49
44223,Torre de Arcas,65-100,2023,28
44223,Torre de Arcas,0-16,2024,2
44223,Torre de Arcas,16-64,2024,52
44223,Torre de Arcas,65-100,2024,28
44223,Torre de Arcas,0-16,2025,2
44223,Torre de Arcas,16-64,2025,49
44223,Torre de Arcas,65-100,2025,25
44224,Torre de las Arcas,0-16,2003,2
44224,Torre de las Arcas,16-64,2003,13
44224,Torre de las Arcas,65-100,2003,17
44224,Torre de las Arcas,0-16,2004,5
44224,Torre de las Arcas,16-64,2004,14
44224,Torre de las Arcas,65-100,2004,16
44224,Torre de las Arcas,0-16,2005,5
44224,Torre de las Arcas,16-64,2005,15
44224,Torre de las Arcas,65-100,2005,16
44224,Torre de las Arcas,0-16,2006,5
44224,Torre de las Arcas,16-64,2006,15
44224,Torre de las Arcas,65-100,2006,17
44224,Torre de las Arcas,0-16,2007,5
44224,Torre de las Arcas,16-64,2007,15
44224,Torre de las Arcas,65-100,2007,16
44224,Torre de las Arcas,0-16,2008,5
44224,Torre de las Arcas,16-64,2008,15
44224,Torre de las Arcas,65-100,2008,17
44224,Torre de las Arcas,0-16,2009,5
44224,Torre de las Arcas,16-64,2009,18
44224,Torre de las Arcas,65-100,2009,16
44224,Torre de las Arcas,0-16,2010,6
44224,Torre de las Arcas,16-64,2010,17
44224,Torre de las Arcas,65-100,2010,14
44224,Torre de las Arcas,0-16,2011,6
44224,Torre de las Arcas,16-64,2011,16
44224,Torre de las Arcas,65-100,2011,13
44224,Torre de las Arcas,0-16,2012,4
44224,Torre de las Arcas,16-64,2012,15
44224,Torre de las Arcas,65-100,2012,11
44224,Torre de las Arcas,0-16,2013,5
44224,Torre de las Arcas,16-64,2013,15
44224,Torre de las Arcas,65-100,2013,11
44224,Torre de las Arcas,0-16,2014,3
44224,Torre de las Arcas,16-64,2014,16
44224,Torre de las Arcas,65-100,2014,9
44224,Torre de las Arcas,0-16,2015,3
44224,Torre de las Arcas,16-64,2015,18
44224,Torre de las Arcas,65-100,2015,8
44224,Torre de las Arcas,0-16,2016,3
44224,Torre de las Arcas,16-64,2016,18
44224,Torre de las Arcas,65-100,2016,8
44224,Torre de las Arcas,0-16,2017,2
44224,Torre de las Arcas,16-64,2017,19
44224,Torre de las Arcas,65-100,2017,7
44224,Torre de las Arcas,0-16,2018,2
44224,Torre de las Arcas,16-64,2018,20
44224,Torre de las Arcas,65-100,2018,6
44224,Torre de las Arcas,0-16,2019,2
44224,Torre de las Arcas,16-64,2019,20
44224,Torre de las Arcas,65-100,2019,6
44224,Torre de las Arcas,0-16,2020,2
44224,Torre de las Arcas,16-64,2020,20
44224,Torre de las Arcas,65-100,2020,7
44224,Torre de las Arcas,0-16,2021,2
44224,Torre de las Arcas,16-64,2021,16
44224,Torre de las Arcas,65-100,2021,7
44224,Torre de las Arcas,0-16,2022,1
44224,Torre de las Arcas,16-64,2022,16
44224,Torre de las Arcas,65-100,2022,7
44224,Torre de las Arcas,0-16,2023,1
44224,Torre de las Arcas,16-64,2023,15
44224,Torre de las Arcas,65-100,2023,7
44224,Torre de las Arcas,0-16,2024,1
44224,Torre de las Arcas,16-64,2024,13
44224,Torre de las Arcas,65-100,2024,6
44224,Torre de las Arcas,0-16,2025,1
44224,Torre de las Arcas,16-64,2025,12
44224,Torre de las Arcas,65-100,2025,6
44225,Torre del Compte,0-16,2003,13
44225,Torre del Compte,16-64,2003,91
44225,Torre del Compte,65-100,2003,69
44225,Torre del Compte,0-16,2004,13
44225,Torre del Compte,16-64,2004,90
44225,Torre del Compte,65-100,2004,66
44225,Torre del Compte,0-16,2005,14
44225,Torre del Compte,16-64,2005,91
44225,Torre del Compte,65-100,2005,66
44225,Torre del Compte,0-16,2006,9
44225,Torre del Compte,16-64,2006,94
44225,Torre del Compte,65-100,2006,65
44225,Torre del Compte,0-16,2007,7
44225,Torre del Compte,16-64,2007,98
44225,Torre del Compte,65-100,2007,67
44225,Torre del Compte,0-16,2008,6
44225,Torre del Compte,16-64,2008,95
44225,Torre del Compte,65-100,2008,61
44225,Torre del Compte,0-16,2009,4
44225,Torre del Compte,16-64,2009,94
44225,Torre del Compte,65-100,2009,60
44225,Torre del Compte,0-16,2010,3
44225,Torre del Compte,16-64,2010,94
44225,Torre del Compte,65-100,2010,56
44225,Torre del Compte,0-16,2011,4
44225,Torre del Compte,16-64,2011,99
44225,Torre del Compte,65-100,2011,53
44225,Torre del Compte,0-16,2012,4
44225,Torre del Compte,16-64,2012,91
44225,Torre del Compte,65-100,2012,53
44225,Torre del Compte,0-16,2013,7
44225,Torre del Compte,16-64,2013,91
44225,Torre del Compte,65-100,2013,49
44225,Torre del Compte,0-16,2014,8
44225,Torre del Compte,16-64,2014,85
44225,Torre del Compte,65-100,2014,49
44225,Torre del Compte,0-16,2015,6
44225,Torre del Compte,16-64,2015,79
44225,Torre del Compte,65-100,2015,52
44225,Torre del Compte,0-16,2016,7
44225,Torre del Compte,16-64,2016,72
44225,Torre del Compte,65-100,2016,50
44225,Torre del Compte,0-16,2017,7
44225,Torre del Compte,16-64,2017,71
44225,Torre del Compte,65-100,2017,52
44225,Torre del Compte,0-16,2018,8
44225,Torre del Compte,16-64,2018,71
44225,Torre del Compte,65-100,2018,53
44225,Torre del Compte,0-16,2019,5
44225,Torre del Compte,16-64,2019,60
44225,Torre del Compte,65-100,2019,55
44225,Torre del Compte,0-16,2020,4
44225,Torre del Compte,16-64,2020,57
44225,Torre del Compte,65-100,2020,56
44225,Torre del Compte,0-16,2021,4
44225,Torre del Compte,16-64,2021,58
44225,Torre del Compte,65-100,2021,60
44225,Torre del Compte,0-16,2022,5
44225,Torre del Compte,16-64,2022,58
44225,Torre del Compte,65-100,2022,62
44225,Torre del Compte,0-16,2023,5
44225,Torre del Compte,16-64,2023,54
44225,Torre del Compte,65-100,2023,57
44225,Torre del Compte,0-16,2024,8
44225,Torre del Compte,16-64,2024,56
44225,Torre del Compte,65-100,2024,56
44225,Torre del Compte,0-16,2025,10
44225,Torre del Compte,16-64,2025,51
44225,Torre del Compte,65-100,2025,57
44226,Torrelacárcel,0-16,2003,13
44226,Torrelacárcel,16-64,2003,115
44226,Torrelacárcel,65-100,2003,137
44226,Torrelacárcel,0-16,2004,10
44226,Torrelacárcel,16-64,2004,105
44226,Torrelacárcel,65-100,2004,133
44226,Torrelacárcel,0-16,2005,11
44226,Torrelacárcel,16-64,2005,105
44226,Torrelacárcel,65-100,2005,124
44226,Torrelacárcel,0-16,2006,5
44226,Torrelacárcel,16-64,2006,98
44226,Torrelacárcel,65-100,2006,121
44226,Torrelacárcel,0-16,2007,7
44226,Torrelacárcel,16-64,2007,100
44226,Torrelacárcel,65-100,2007,118
44226,Torrelacárcel,0-16,2008,7
44226,Torrelacárcel,16-64,2008,90
44226,Torrelacárcel,65-100,2008,121
44226,Torrelacárcel,0-16,2009,11
44226,Torrelacárcel,16-64,2009,94
44226,Torrelacárcel,65-100,2009,126
44226,Torrelacárcel,0-16,2010,11
44226,Torrelacárcel,16-64,2010,96
44226,Torrelacárcel,65-100,2010,116
44226,Torrelacárcel,0-16,2011,10
44226,Torrelacárcel,16-64,2011,90
44226,Torrelacárcel,65-100,2011,113
44226,Torrelacárcel,0-16,2012,8
44226,Torrelacárcel,16-64,2012,89
44226,Torrelacárcel,65-100,2012,103
44226,Torrelacárcel,0-16,2013,7
44226,Torrelacárcel,16-64,2013,87
44226,Torrelacárcel,65-100,2013,99
44226,Torrelacárcel,0-16,2014,17
44226,Torrelacárcel,16-64,2014,86
44226,Torrelacárcel,65-100,2014,94
44226,Torrelacárcel,0-16,2015,15
44226,Torrelacárcel,16-64,2015,80
44226,Torrelacárcel,65-100,2015,89
44226,Torrelacárcel,0-16,2016,14
44226,Torrelacárcel,16-64,2016,74
44226,Torrelacárcel,65-100,2016,88
44226,Torrelacárcel,0-16,2017,16
44226,Torrelacárcel,16-64,2017,70
44226,Torrelacárcel,65-100,2017,83
44226,Torrelacárcel,0-16,2018,10
44226,Torrelacárcel,16-64,2018,70
44226,Torrelacárcel,65-100,2018,74
44226,Torrelacárcel,0-16,2019,10
44226,Torrelacárcel,16-64,2019,71
44226,Torrelacárcel,65-100,2019,70
44226,Torrelacárcel,0-16,2020,9
44226,Torrelacárcel,16-64,2020,70
44226,Torrelacárcel,65-100,2020,64
44226,Torrelacárcel,0-16,2021,9
44226,Torrelacárcel,16-64,2021,76
44226,Torrelacárcel,65-100,2021,57
44226,Torrelacárcel,0-16,2022,8
44226,Torrelacárcel,16-64,2022,75
44226,Torrelacárcel,65-100,2022,57
44226,Torrelacárcel,0-16,2023,8
44226,Torrelacárcel,16-64,2023,71
44226,Torrelacárcel,65-100,2023,56
44226,Torrelacárcel,0-16,2024,6
44226,Torrelacárcel,16-64,2024,71
44226,Torrelacárcel,65-100,2024,54
44226,Torrelacárcel,0-16,2025,6
44226,Torrelacárcel,16-64,2025,69
44226,Torrelacárcel,65-100,2025,55
44227,Torre los Negros,0-16,2003,4
44227,Torre los Negros,16-64,2003,45
44227,Torre los Negros,65-100,2003,41
44227,Torre los Negros,0-16,2004,6
44227,Torre los Negros,16-64,2004,49
44227,Torre los Negros,65-100,2004,39
44227,Torre los Negros,0-16,2005,8
44227,Torre los Negros,16-64,2005,57
44227,Torre los Negros,65-100,2005,42
44227,Torre los Negros,0-16,2006,7
44227,Torre los Negros,16-64,2006,59
44227,Torre los Negros,65-100,2006,43
44227,Torre los Negros,0-16,2007,8
44227,Torre los Negros,16-64,2007,54
44227,Torre los Negros,65-100,2007,41
44227,Torre los Negros,0-16,2008,7
44227,Torre los Negros,16-64,2008,53
44227,Torre los Negros,65-100,2008,39
44227,Torre los Negros,0-16,2009,5
44227,Torre los Negros,16-64,2009,51
44227,Torre los Negros,65-100,2009,39
44227,Torre los Negros,0-16,2010,8
44227,Torre los Negros,16-64,2010,58
44227,Torre los Negros,65-100,2010,39
44227,Torre los Negros,0-16,2011,6
44227,Torre los Negros,16-64,2011,59
44227,Torre los Negros,65-100,2011,38
44227,Torre los Negros,0-16,2012,8
44227,Torre los Negros,16-64,2012,55
44227,Torre los Negros,65-100,2012,35
44227,Torre los Negros,0-16,2013,7
44227,Torre los Negros,16-64,2013,47
44227,Torre los Negros,65-100,2013,37
44227,Torre los Negros,0-16,2014,8
44227,Torre los Negros,16-64,2014,49
44227,Torre los Negros,65-100,2014,37
44227,Torre los Negros,0-16,2015,4
44227,Torre los Negros,16-64,2015,49
44227,Torre los Negros,65-100,2015,37
44227,Torre los Negros,0-16,2016,4
44227,Torre los Negros,16-64,2016,45
44227,Torre los Negros,65-100,2016,38
44227,Torre los Negros,0-16,2017,4
44227,Torre los Negros,16-64,2017,45
44227,Torre los Negros,65-100,2017,37
44227,Torre los Negros,0-16,2018,3
44227,Torre los Negros,16-64,2018,46
44227,Torre los Negros,65-100,2018,39
44227,Torre los Negros,0-16,2019,3
44227,Torre los Negros,16-64,2019,42
44227,Torre los Negros,65-100,2019,39
44227,Torre los Negros,0-16,2020,2
44227,Torre los Negros,16-64,2020,43
44227,Torre los Negros,65-100,2020,38
44227,Torre los Negros,0-16,2021,1
44227,Torre los Negros,16-64,2021,43
44227,Torre los Negros,65-100,2021,38
44227,Torre los Negros,0-16,2022,1
44227,Torre los Negros,16-64,2022,42
44227,Torre los Negros,65-100,2022,38
44227,Torre los Negros,0-16,2023,0
44227,Torre los Negros,16-64,2023,38
44227,Torre los Negros,65-100,2023,36
44227,Torre los Negros,0-16,2024,3
44227,Torre los Negros,16-64,2024,42
44227,Torre los Negros,65-100,2024,35
44227,Torre los Negros,0-16,2025,2
44227,Torre los Negros,16-64,2025,43
44227,Torre los Negros,65-100,2025,32
44228,Torremocha de Jiloca,0-16,2003,9
44228,Torremocha de Jiloca,16-64,2003,62
44228,Torremocha de Jiloca,65-100,2003,83
44228,Torremocha de Jiloca,0-16,2004,11
44228,Torremocha de Jiloca,16-64,2004,62
44228,Torremocha de Jiloca,65-100,2004,85
44228,Torremocha de Jiloca,0-16,2005,8
44228,Torremocha de Jiloca,16-64,2005,66
44228,Torremocha de Jiloca,65-100,2005,84
44228,Torremocha de Jiloca,0-16,2006,6
44228,Torremocha de Jiloca,16-64,2006,58
44228,Torremocha de Jiloca,65-100,2006,83
44228,Torremocha de Jiloca,0-16,2007,6
44228,Torremocha de Jiloca,16-64,2007,55
44228,Torremocha de Jiloca,65-100,2007,80
44228,Torremocha de Jiloca,0-16,2008,5
44228,Torremocha de Jiloca,16-64,2008,65
44228,Torremocha de Jiloca,65-100,2008,76
44228,Torremocha de Jiloca,0-16,2009,4
44228,Torremocha de Jiloca,16-64,2009,64
44228,Torremocha de Jiloca,65-100,2009,75
44228,Torremocha de Jiloca,0-16,2010,4
44228,Torremocha de Jiloca,16-64,2010,72
44228,Torremocha de Jiloca,65-100,2010,72
44228,Torremocha de Jiloca,0-16,2011,1
44228,Torremocha de Jiloca,16-64,2011,65
44228,Torremocha de Jiloca,65-100,2011,69
44228,Torremocha de Jiloca,0-16,2012,1
44228,Torremocha de Jiloca,16-64,2012,63
44228,Torremocha de Jiloca,65-100,2012,64
44228,Torremocha de Jiloca,0-16,2013,1
44228,Torremocha de Jiloca,16-64,2013,64
44228,Torremocha de Jiloca,65-100,2013,60
44228,Torremocha de Jiloca,0-16,2014,2
44228,Torremocha de Jiloca,16-64,2014,66
44228,Torremocha de Jiloca,65-100,2014,58
44228,Torremocha de Jiloca,0-16,2015,2
44228,Torremocha de Jiloca,16-64,2015,58
44228,Torremocha de Jiloca,65-100,2015,50
44228,Torremocha de Jiloca,0-16,2016,5
44228,Torremocha de Jiloca,16-64,2016,59
44228,Torremocha de Jiloca,65-100,2016,46
44228,Torremocha de Jiloca,0-16,2017,6
44228,Torremocha de Jiloca,16-64,2017,59
44228,Torremocha de Jiloca,65-100,2017,42
44228,Torremocha de Jiloca,0-16,2018,5
44228,Torremocha de Jiloca,16-64,2018,61
44228,Torremocha de Jiloca,65-100,2018,41
44228,Torremocha de Jiloca,0-16,2019,5
44228,Torremocha de Jiloca,16-64,2019,61
44228,Torremocha de Jiloca,65-100,2019,43
44228,Torremocha de Jiloca,0-16,2020,5
44228,Torremocha de Jiloca,16-64,2020,59
44228,Torremocha de Jiloca,65-100,2020,43
44228,Torremocha de Jiloca,0-16,2021,3
44228,Torremocha de Jiloca,16-64,2021,61
44228,Torremocha de Jiloca,65-100,2021,44
44228,Torremocha de Jiloca,0-16,2022,2
44228,Torremocha de Jiloca,16-64,2022,63
44228,Torremocha de Jiloca,65-100,2022,41
44228,Torremocha de Jiloca,0-16,2023,8
44228,Torremocha de Jiloca,16-64,2023,61
44228,Torremocha de Jiloca,65-100,2023,41
44228,Torremocha de Jiloca,0-16,2024,8
44228,Torremocha de Jiloca,16-64,2024,55
44228,Torremocha de Jiloca,65-100,2024,40
44228,Torremocha de Jiloca,0-16,2025,9
44228,Torremocha de Jiloca,16-64,2025,68
44228,Torremocha de Jiloca,65-100,2025,40
44229,Torres de Albarracín,0-16,2003,13
44229,Torres de Albarracín,16-64,2003,88
44229,Torres de Albarracín,65-100,2003,54
44229,Torres de Albarracín,0-16,2004,12
44229,Torres de Albarracín,16-64,2004,82
44229,Torres de Albarracín,65-100,2004,53
44229,Torres de Albarracín,0-16,2005,13
44229,Torres de Albarracín,16-64,2005,79
44229,Torres de Albarracín,65-100,2005,54
44229,Torres de Albarracín,0-16,2006,14
44229,Torres de Albarracín,16-64,2006,76
44229,Torres de Albarracín,65-100,2006,57
44229,Torres de Albarracín,0-16,2007,15
44229,Torres de Albarracín,16-64,2007,80
44229,Torres de Albarracín,65-100,2007,53
44229,Torres de Albarracín,0-16,2008,16
44229,Torres de Albarracín,16-64,2008,78
44229,Torres de Albarracín,65-100,2008,57
44229,Torres de Albarracín,0-16,2009,21
44229,Torres de Albarracín,16-64,2009,84
44229,Torres de Albarracín,65-100,2009,56
44229,Torres de Albarracín,0-16,2010,16
44229,Torres de Albarracín,16-64,2010,102
44229,Torres de Albarracín,65-100,2010,57
44229,Torres de Albarracín,0-16,2011,17
44229,Torres de Albarracín,16-64,2011,95
44229,Torres de Albarracín,65-100,2011,55
44229,Torres de Albarracín,0-16,2012,16
44229,Torres de Albarracín,16-64,2012,98
44229,Torres de Albarracín,65-100,2012,53
44229,Torres de Albarracín,0-16,2013,13
44229,Torres de Albarracín,16-64,2013,92
44229,Torres de Albarracín,65-100,2013,54
44229,Torres de Albarracín,0-16,2014,15
44229,Torres de Albarracín,16-64,2014,102
44229,Torres de Albarracín,65-100,2014,57
44229,Torres de Albarracín,0-16,2015,17
44229,Torres de Albarracín,16-64,2015,108
44229,Torres de Albarracín,65-100,2015,56
44229,Torres de Albarracín,0-16,2016,17
44229,Torres de Albarracín,16-64,2016,106
44229,Torres de Albarracín,65-100,2016,56
44229,Torres de Albarracín,0-16,2017,21
44229,Torres de Albarracín,16-64,2017,105
44229,Torres de Albarracín,65-100,2017,52
44229,Torres de Albarracín,0-16,2018,22
44229,Torres de Albarracín,16-64,2018,106
44229,Torres de Albarracín,65-100,2018,55
44229,Torres de Albarracín,0-16,2019,20
44229,Torres de Albarracín,16-64,2019,104
44229,Torres de Albarracín,65-100,2019,56
44229,Torres de Albarracín,0-16,2020,20
44229,Torres de Albarracín,16-64,2020,111
44229,Torres de Albarracín,65-100,2020,54
44229,Torres de Albarracín,0-16,2021,15
44229,Torres de Albarracín,16-64,2021,105
44229,Torres de Albarracín,65-100,2021,51
44229,Torres de Albarracín,0-16,2022,14
44229,Torres de Albarracín,16-64,2022,105
44229,Torres de Albarracín,65-100,2022,49
44229,Torres de Albarracín,0-16,2023,27
44229,Torres de Albarracín,16-64,2023,116
44229,Torres de Albarracín,65-100,2023,48
44229,Torres de Albarracín,0-16,2024,26
44229,Torres de Albarracín,16-64,2024,116
44229,Torres de Albarracín,65-100,2024,49
44229,Torres de Albarracín,0-16,2025,21
44229,Torres de Albarracín,16-64,2025,116
44229,Torres de Albarracín,65-100,2025,47
44230,Torrevelilla,0-16,2003,26
44230,Torrevelilla,16-64,2003,91
44230,Torrevelilla,65-100,2003,90
44230,Torrevelilla,0-16,2004,23
44230,Torrevelilla,16-64,2004,93
44230,Torrevelilla,65-100,2004,83
44230,Torrevelilla,0-16,2005,20
44230,Torrevelilla,16-64,2005,98
44230,Torrevelilla,65-100,2005,82
44230,Torrevelilla,0-16,2006,21
44230,Torrevelilla,16-64,2006,100
44230,Torrevelilla,65-100,2006,83
44230,Torrevelilla,0-16,2007,19
44230,Torrevelilla,16-64,2007,96
44230,Torrevelilla,65-100,2007,79
44230,Torrevelilla,0-16,2008,17
44230,Torrevelilla,16-64,2008,99
44230,Torrevelilla,65-100,2008,77
44230,Torrevelilla,0-16,2009,14
44230,Torrevelilla,16-64,2009,101
44230,Torrevelilla,65-100,2009,79
44230,Torrevelilla,0-16,2010,27
44230,Torrevelilla,16-64,2010,110
44230,Torrevelilla,65-100,2010,77
44230,Torrevelilla,0-16,2011,28
44230,Torrevelilla,16-64,2011,113
44230,Torrevelilla,65-100,2011,75
44230,Torrevelilla,0-16,2012,25
44230,Torrevelilla,16-64,2012,103
44230,Torrevelilla,65-100,2012,71
44230,Torrevelilla,0-16,2013,28
44230,Torrevelilla,16-64,2013,113
44230,Torrevelilla,65-100,2013,70
44230,Torrevelilla,0-16,2014,28
44230,Torrevelilla,16-64,2014,111
44230,Torrevelilla,65-100,2014,69
44230,Torrevelilla,0-16,2015,25
44230,Torrevelilla,16-64,2015,109
44230,Torrevelilla,65-100,2015,66
44230,Torrevelilla,0-16,2016,25
44230,Torrevelilla,16-64,2016,112
44230,Torrevelilla,65-100,2016,66
44230,Torrevelilla,0-16,2017,25
44230,Torrevelilla,16-64,2017,103
44230,Torrevelilla,65-100,2017,64
44230,Torrevelilla,0-16,2018,21
44230,Torrevelilla,16-64,2018,106
44230,Torrevelilla,65-100,2018,62
44230,Torrevelilla,0-16,2019,21
44230,Torrevelilla,16-64,2019,103
44230,Torrevelilla,65-100,2019,62
44230,Torrevelilla,0-16,2020,18
44230,Torrevelilla,16-64,2020,98
44230,Torrevelilla,65-100,2020,54
44230,Torrevelilla,0-16,2021,20
44230,Torrevelilla,16-64,2021,109
44230,Torrevelilla,65-100,2021,51
44230,Torrevelilla,0-16,2022,18
44230,Torrevelilla,16-64,2022,101
44230,Torrevelilla,65-100,2022,51
44230,Torrevelilla,0-16,2023,20
44230,Torrevelilla,16-64,2023,90
44230,Torrevelilla,65-100,2023,59
44230,Torrevelilla,0-16,2024,25
44230,Torrevelilla,16-64,2024,99
44230,Torrevelilla,65-100,2024,57
44230,Torrevelilla,0-16,2025,22
44230,Torrevelilla,16-64,2025,87
44230,Torrevelilla,65-100,2025,52
44231,Torrijas,0-16,2003,8
44231,Torrijas,16-64,2003,44
44231,Torrijas,65-100,2003,42
44231,Torrijas,0-16,2004,8
44231,Torrijas,16-64,2004,40
44231,Torrijas,65-100,2004,39
44231,Torrijas,0-16,2005,8
44231,Torrijas,16-64,2005,41
44231,Torrijas,65-100,2005,37
44231,Torrijas,0-16,2006,2
44231,Torrijas,16-64,2006,38
44231,Torrijas,65-100,2006,33
44231,Torrijas,0-16,2007,2
44231,Torrijas,16-64,2007,37
44231,Torrijas,65-100,2007,31
44231,Torrijas,0-16,2008,6
44231,Torrijas,16-64,2008,34
44231,Torrijas,65-100,2008,33
44231,Torrijas,0-16,2009,6
44231,Torrijas,16-64,2009,28
44231,Torrijas,65-100,2009,28
44231,Torrijas,0-16,2010,6
44231,Torrijas,16-64,2010,30
44231,Torrijas,65-100,2010,30
44231,Torrijas,0-16,2011,6
44231,Torrijas,16-64,2011,28
44231,Torrijas,65-100,2011,29
44231,Torrijas,0-16,2012,5
44231,Torrijas,16-64,2012,28
44231,Torrijas,65-100,2012,24
44231,Torrijas,0-16,2013,5
44231,Torrijas,16-64,2013,21
44231,Torrijas,65-100,2013,18
44231,Torrijas,0-16,2014,6
44231,Torrijas,16-64,2014,22
44231,Torrijas,65-100,2014,17
44231,Torrijas,0-16,2015,5
44231,Torrijas,16-64,2015,21
44231,Torrijas,65-100,2015,19
44231,Torrijas,0-16,2016,4
44231,Torrijas,16-64,2016,23
44231,Torrijas,65-100,2016,18
44231,Torrijas,0-16,2017,3
44231,Torrijas,16-64,2017,19
44231,Torrijas,65-100,2017,17
44231,Torrijas,0-16,2018,4
44231,Torrijas,16-64,2018,20
44231,Torrijas,65-100,2018,14
44231,Torrijas,0-16,2019,3
44231,Torrijas,16-64,2019,23
44231,Torrijas,65-100,2019,15
44231,Torrijas,0-16,2020,5
44231,Torrijas,16-64,2020,25
44231,Torrijas,65-100,2020,13
44231,Torrijas,0-16,2021,3
44231,Torrijas,16-64,2021,21
44231,Torrijas,65-100,2021,14
44231,Torrijas,0-16,2022,4
44231,Torrijas,16-64,2022,21
44231,Torrijas,65-100,2022,10
44231,Torrijas,0-16,2023,3
44231,Torrijas,16-64,2023,22
44231,Torrijas,65-100,2023,11
44231,Torrijas,0-16,2024,4
44231,Torrijas,16-64,2024,23
44231,Torrijas,65-100,2024,9
44231,Torrijas,0-16,2025,4
44231,Torrijas,16-64,2025,22
44231,Torrijas,65-100,2025,10
44232,Torrijo del Campo,0-16,2003,55
44232,Torrijo del Campo,16-64,2003,313
44232,Torrijo del Campo,65-100,2003,200
44232,Torrijo del Campo,0-16,2004,50
44232,Torrijo del Campo,16-64,2004,301
44232,Torrijo del Campo,65-100,2004,201
44232,Torrijo del Campo,0-16,2005,42
44232,Torrijo del Campo,16-64,2005,297
44232,Torrijo del Campo,65-100,2005,190
44232,Torrijo del Campo,0-16,2006,36
44232,Torrijo del Campo,16-64,2006,268
44232,Torrijo del Campo,65-100,2006,181
44232,Torrijo del Campo,0-16,2007,49
44232,Torrijo del Campo,16-64,2007,336
44232,Torrijo del Campo,65-100,2007,194
44232,Torrijo del Campo,0-16,2008,43
44232,Torrijo del Campo,16-64,2008,354
44232,Torrijo del Campo,65-100,2008,184
44232,Torrijo del Campo,0-16,2009,44
44232,Torrijo del Campo,16-64,2009,352
44232,Torrijo del Campo,65-100,2009,170
44232,Torrijo del Campo,0-16,2010,38
44232,Torrijo del Campo,16-64,2010,332
44232,Torrijo del Campo,65-100,2010,169
44232,Torrijo del Campo,0-16,2011,38
44232,Torrijo del Campo,16-64,2011,306
44232,Torrijo del Campo,65-100,2011,174
44232,Torrijo del Campo,0-16,2012,34
44232,Torrijo del Campo,16-64,2012,299
44232,Torrijo del Campo,65-100,2012,173
44232,Torrijo del Campo,0-16,2013,29
44232,Torrijo del Campo,16-64,2013,298
44232,Torrijo del Campo,65-100,2013,169
44232,Torrijo del Campo,0-16,2014,33
44232,Torrijo del Campo,16-64,2014,298
44232,Torrijo del Campo,65-100,2014,178
44232,Torrijo del Campo,0-16,2015,32
44232,Torrijo del Campo,16-64,2015,281
44232,Torrijo del Campo,65-100,2015,176
44232,Torrijo del Campo,0-16,2016,30
44232,Torrijo del Campo,16-64,2016,262
44232,Torrijo del Campo,65-100,2016,170
44232,Torrijo del Campo,0-16,2017,25
44232,Torrijo del Campo,16-64,2017,255
44232,Torrijo del Campo,65-100,2017,167
44232,Torrijo del Campo,0-16,2018,29
44232,Torrijo del Campo,16-64,2018,255
44232,Torrijo del Campo,65-100,2018,163
44232,Torrijo del Campo,0-16,2019,36
44232,Torrijo del Campo,16-64,2019,257
44232,Torrijo del Campo,65-100,2019,162
44232,Torrijo del Campo,0-16,2020,30
44232,Torrijo del Campo,16-64,2020,260
44232,Torrijo del Campo,65-100,2020,157
44232,Torrijo del Campo,0-16,2021,44
44232,Torrijo del Campo,16-64,2021,270
44232,Torrijo del Campo,65-100,2021,156
44232,Torrijo del Campo,0-16,2022,52
44232,Torrijo del Campo,16-64,2022,276
44232,Torrijo del Campo,65-100,2022,154
44232,Torrijo del Campo,0-16,2023,63
44232,Torrijo del Campo,16-64,2023,274
44232,Torrijo del Campo,65-100,2023,166
44232,Torrijo del Campo,0-16,2024,68
44232,Torrijo del Campo,16-64,2024,266
44232,Torrijo del Campo,65-100,2024,166
44232,Torrijo del Campo,0-16,2025,68
44232,Torrijo del Campo,16-64,2025,280
44232,Torrijo del Campo,65-100,2025,161
44234,Tramacastiel,0-16,2003,13
44234,Tramacastiel,16-64,2003,51
44234,Tramacastiel,65-100,2003,48
44234,Tramacastiel,0-16,2004,9
44234,Tramacastiel,16-64,2004,57
44234,Tramacastiel,65-100,2004,48
44234,Tramacastiel,0-16,2005,8
44234,Tramacastiel,16-64,2005,63
44234,Tramacastiel,65-100,2005,45
44234,Tramacastiel,0-16,2006,8
44234,Tramacastiel,16-64,2006,61
44234,Tramacastiel,65-100,2006,46
44234,Tramacastiel,0-16,2007,6
44234,Tramacastiel,16-64,2007,52
44234,Tramacastiel,65-100,2007,42
44234,Tramacastiel,0-16,2008,5
44234,Tramacastiel,16-64,2008,54
44234,Tramacastiel,65-100,2008,42
44234,Tramacastiel,0-16,2009,6
44234,Tramacastiel,16-64,2009,54
44234,Tramacastiel,65-100,2009,40
44234,Tramacastiel,0-16,2010,7
44234,Tramacastiel,16-64,2010,52
44234,Tramacastiel,65-100,2010,39
44234,Tramacastiel,0-16,2011,4
44234,Tramacastiel,16-64,2011,50
44234,Tramacastiel,65-100,2011,35
44234,Tramacastiel,0-16,2012,5
44234,Tramacastiel,16-64,2012,45
44234,Tramacastiel,65-100,2012,35
44234,Tramacastiel,0-16,2013,5
44234,Tramacastiel,16-64,2013,40
44234,Tramacastiel,65-100,2013,31
44234,Tramacastiel,0-16,2014,4
44234,Tramacastiel,16-64,2014,40
44234,Tramacastiel,65-100,2014,30
44234,Tramacastiel,0-16,2015,7
44234,Tramacastiel,16-64,2015,46
44234,Tramacastiel,65-100,2015,22
44234,Tramacastiel,0-16,2016,1
44234,Tramacastiel,16-64,2016,45
44234,Tramacastiel,65-100,2016,20
44234,Tramacastiel,0-16,2017,1
44234,Tramacastiel,16-64,2017,44
44234,Tramacastiel,65-100,2017,22
44234,Tramacastiel,0-16,2018,0
44234,Tramacastiel,16-64,2018,42
44234,Tramacastiel,65-100,2018,22
44234,Tramacastiel,0-16,2019,0
44234,Tramacastiel,16-64,2019,44
44234,Tramacastiel,65-100,2019,28
44234,Tramacastiel,0-16,2020,0
44234,Tramacastiel,16-64,2020,40
44234,Tramacastiel,65-100,2020,27
44234,Tramacastiel,0-16,2021,0
44234,Tramacastiel,16-64,2021,39
44234,Tramacastiel,65-100,2021,28
44234,Tramacastiel,0-16,2022,0
44234,Tramacastiel,16-64,2022,36
44234,Tramacastiel,65-100,2022,30
44234,Tramacastiel,0-16,2023,0
44234,Tramacastiel,16-64,2023,32
44234,Tramacastiel,65-100,2023,30
44234,Tramacastiel,0-16,2024,1
44234,Tramacastiel,16-64,2024,30
44234,Tramacastiel,65-100,2024,27
44234,Tramacastiel,0-16,2025,0
44234,Tramacastiel,16-64,2025,36
44234,Tramacastiel,65-100,2025,26
44235,Tramacastilla,0-16,2003,7
44235,Tramacastilla,16-64,2003,63
44235,Tramacastilla,65-100,2003,58
44235,Tramacastilla,0-16,2004,10
44235,Tramacastilla,16-64,2004,63
44235,Tramacastilla,65-100,2004,60
44235,Tramacastilla,0-16,2005,5
44235,Tramacastilla,16-64,2005,61
44235,Tramacastilla,65-100,2005,64
44235,Tramacastilla,0-16,2006,5
44235,Tramacastilla,16-64,2006,60
44235,Tramacastilla,65-100,2006,60
44235,Tramacastilla,0-16,2007,8
44235,Tramacastilla,16-64,2007,62
44235,Tramacastilla,65-100,2007,59
44235,Tramacastilla,0-16,2008,8
44235,Tramacastilla,16-64,2008,61
44235,Tramacastilla,65-100,2008,53
44235,Tramacastilla,0-16,2009,8
44235,Tramacastilla,16-64,2009,54
44235,Tramacastilla,65-100,2009,51
44235,Tramacastilla,0-16,2010,5
44235,Tramacastilla,16-64,2010,54
44235,Tramacastilla,65-100,2010,48
44235,Tramacastilla,0-16,2011,11
44235,Tramacastilla,16-64,2011,60
44235,Tramacastilla,65-100,2011,47
44235,Tramacastilla,0-16,2012,18
44235,Tramacastilla,16-64,2012,59
44235,Tramacastilla,65-100,2012,48
44235,Tramacastilla,0-16,2013,14
44235,Tramacastilla,16-64,2013,54
44235,Tramacastilla,65-100,2013,46
44235,Tramacastilla,0-16,2014,15
44235,Tramacastilla,16-64,2014,60
44235,Tramacastilla,65-100,2014,45
44235,Tramacastilla,0-16,2015,13
44235,Tramacastilla,16-64,2015,53
44235,Tramacastilla,65-100,2015,41
44235,Tramacastilla,0-16,2016,11
44235,Tramacastilla,16-64,2016,54
44235,Tramacastilla,65-100,2016,43
44235,Tramacastilla,0-16,2017,8
44235,Tramacastilla,16-64,2017,56
44235,Tramacastilla,65-100,2017,43
44235,Tramacastilla,0-16,2018,7
44235,Tramacastilla,16-64,2018,58
44235,Tramacastilla,65-100,2018,41
44235,Tramacastilla,0-16,2019,7
44235,Tramacastilla,16-64,2019,57
44235,Tramacastilla,65-100,2019,39
44235,Tramacastilla,0-16,2020,9
44235,Tramacastilla,16-64,2020,54
44235,Tramacastilla,65-100,2020,41
44235,Tramacastilla,0-16,2021,10
44235,Tramacastilla,16-64,2021,56
44235,Tramacastilla,65-100,2021,39
44235,Tramacastilla,0-16,2022,13
44235,Tramacastilla,16-64,2022,63
44235,Tramacastilla,65-100,2022,41
44235,Tramacastilla,0-16,2023,8
44235,Tramacastilla,16-64,2023,61
44235,Tramacastilla,65-100,2023,42
44235,Tramacastilla,0-16,2024,10
44235,Tramacastilla,16-64,2024,76
44235,Tramacastilla,65-100,2024,41
44235,Tramacastilla,0-16,2025,16
44235,Tramacastilla,16-64,2025,78
44235,Tramacastilla,65-100,2025,40
44236,Tronchón,0-16,2003,6
44236,Tronchón,16-64,2003,63
44236,Tronchón,65-100,2003,37
44236,Tronchón,0-16,2004,7
44236,Tronchón,16-64,2004,70
44236,Tronchón,65-100,2004,30
44236,Tronchón,0-16,2005,5
44236,Tronchón,16-64,2005,68
44236,Tronchón,65-100,2005,28
44236,Tronchón,0-16,2006,7
44236,Tronchón,16-64,2006,55
44236,Tronchón,65-100,2006,32
44236,Tronchón,0-16,2007,7
44236,Tronchón,16-64,2007,64
44236,Tronchón,65-100,2007,30
44236,Tronchón,0-16,2008,11
44236,Tronchón,16-64,2008,71
44236,Tronchón,65-100,2008,29
44236,Tronchón,0-16,2009,11
44236,Tronchón,16-64,2009,65
44236,Tronchón,65-100,2009,34
44236,Tronchón,0-16,2010,9
44236,Tronchón,16-64,2010,64
44236,Tronchón,65-100,2010,33
44236,Tronchón,0-16,2011,9
44236,Tronchón,16-64,2011,65
44236,Tronchón,65-100,2011,33
44236,Tronchón,0-16,2012,9
44236,Tronchón,16-64,2012,61
44236,Tronchón,65-100,2012,30
44236,Tronchón,0-16,2013,8
44236,Tronchón,16-64,2013,56
44236,Tronchón,65-100,2013,27
44236,Tronchón,0-16,2014,5
44236,Tronchón,16-64,2014,49
44236,Tronchón,65-100,2014,28
44236,Tronchón,0-16,2015,4
44236,Tronchón,16-64,2015,35
44236,Tronchón,65-100,2015,29
44236,Tronchón,0-16,2016,4
44236,Tronchón,16-64,2016,36
44236,Tronchón,65-100,2016,27
44236,Tronchón,0-16,2017,3
44236,Tronchón,16-64,2017,35
44236,Tronchón,65-100,2017,31
44236,Tronchón,0-16,2018,2
44236,Tronchón,16-64,2018,36
44236,Tronchón,65-100,2018,27
44236,Tronchón,0-16,2019,4
44236,Tronchón,16-64,2019,37
44236,Tronchón,65-100,2019,26
44236,Tronchón,0-16,2020,5
44236,Tronchón,16-64,2020,36
44236,Tronchón,65-100,2020,27
44236,Tronchón,0-16,2021,4
44236,Tronchón,16-64,2021,35
44236,Tronchón,65-100,2021,26
44236,Tronchón,0-16,2022,2
44236,Tronchón,16-64,2022,33
44236,Tronchón,65-100,2022,26
44236,Tronchón,0-16,2023,3
44236,Tronchón,16-64,2023,34
44236,Tronchón,65-100,2023,24
44236,Tronchón,0-16,2024,2
44236,Tronchón,16-64,2024,35
44236,Tronchón,65-100,2024,23
44236,Tronchón,0-16,2025,1
44236,Tronchón,16-64,2025,31
44236,Tronchón,65-100,2025,24
44237,Urrea de Gaén,0-16,2003,54
44237,Urrea de Gaén,16-64,2003,327
44237,Urrea de Gaén,65-100,2003,199
44237,Urrea de Gaén,0-16,2004,52
44237,Urrea de Gaén,16-64,2004,324
44237,Urrea de Gaén,65-100,2004,192
44237,Urrea de Gaén,0-16,2005,52
44237,Urrea de Gaén,16-64,2005,335
44237,Urrea de Gaén,65-100,2005,195
44237,Urrea de Gaén,0-16,2006,43
44237,Urrea de Gaén,16-64,2006,313
44237,Urrea de Gaén,65-100,2006,190
44237,Urrea de Gaén,0-16,2007,39
44237,Urrea de Gaén,16-64,2007,318
44237,Urrea de Gaén,65-100,2007,183
44237,Urrea de Gaén,0-16,2008,39
44237,Urrea de Gaén,16-64,2008,307
44237,Urrea de Gaén,65-100,2008,179
44237,Urrea de Gaén,0-16,2009,38
44237,Urrea de Gaén,16-64,2009,309
44237,Urrea de Gaén,65-100,2009,183
44237,Urrea de Gaén,0-16,2010,40
44237,Urrea de Gaén,16-64,2010,306
44237,Urrea de Gaén,65-100,2010,179
44237,Urrea de Gaén,0-16,2011,45
44237,Urrea de Gaén,16-64,2011,304
44237,Urrea de Gaén,65-100,2011,178
44237,Urrea de Gaén,0-16,2012,43
44237,Urrea de Gaén,16-64,2012,292
44237,Urrea de Gaén,65-100,2012,181
44237,Urrea de Gaén,0-16,2013,39
44237,Urrea de Gaén,16-64,2013,274
44237,Urrea de Gaén,65-100,2013,178
44237,Urrea de Gaén,0-16,2014,41
44237,Urrea de Gaén,16-64,2014,278
44237,Urrea de Gaén,65-100,2014,175
44237,Urrea de Gaén,0-16,2015,38
44237,Urrea de Gaén,16-64,2015,273
44237,Urrea de Gaén,65-100,2015,177
44237,Urrea de Gaén,0-16,2016,38
44237,Urrea de Gaén,16-64,2016,261
44237,Urrea de Gaén,65-100,2016,176
44237,Urrea de Gaén,0-16,2017,36
44237,Urrea de Gaén,16-64,2017,246
44237,Urrea de Gaén,65-100,2017,179
44237,Urrea de Gaén,0-16,2018,28
44237,Urrea de Gaén,16-64,2018,237
44237,Urrea de Gaén,65-100,2018,171
44237,Urrea de Gaén,0-16,2019,27
44237,Urrea de Gaén,16-64,2019,236
44237,Urrea de Gaén,65-100,2019,172
44237,Urrea de Gaén,0-16,2020,27
44237,Urrea de Gaén,16-64,2020,229
44237,Urrea de Gaén,65-100,2020,171
44237,Urrea de Gaén,0-16,2021,35
44237,Urrea de Gaén,16-64,2021,232
44237,Urrea de Gaén,65-100,2021,168
44237,Urrea de Gaén,0-16,2022,39
44237,Urrea de Gaén,16-64,2022,239
44237,Urrea de Gaén,65-100,2022,162
44237,Urrea de Gaén,0-16,2023,45
44237,Urrea de Gaén,16-64,2023,243
44237,Urrea de Gaén,65-100,2023,160
44237,Urrea de Gaén,0-16,2024,42
44237,Urrea de Gaén,16-64,2024,235
44237,Urrea de Gaén,65-100,2024,162
44237,Urrea de Gaén,0-16,2025,44
44237,Urrea de Gaén,16-64,2025,246
44237,Urrea de Gaén,65-100,2025,162
44238,Utrillas,0-16,2003,466
44238,Utrillas,16-64,2003,2149
44238,Utrillas,65-100,2003,577
44238,Utrillas,0-16,2004,448
44238,Utrillas,16-64,2004,2183
44238,Utrillas,65-100,2004,578
44238,Utrillas,0-16,2005,465
44238,Utrillas,16-64,2005,2231
44238,Utrillas,65-100,2005,575
44238,Utrillas,0-16,2006,444
44238,Utrillas,16-64,2006,2273
44238,Utrillas,65-100,2006,572
44238,Utrillas,0-16,2007,447
44238,Utrillas,16-64,2007,2336
44238,Utrillas,65-100,2007,563
44238,Utrillas,0-16,2008,444
44238,Utrillas,16-64,2008,2359
44238,Utrillas,65-100,2008,550
44238,Utrillas,0-16,2009,464
44238,Utrillas,16-64,2009,2381
44238,Utrillas,65-100,2009,543
44238,Utrillas,0-16,2010,459
44238,Utrillas,16-64,2010,2313
44238,Utrillas,65-100,2010,537
44238,Utrillas,0-16,2011,450
44238,Utrillas,16-64,2011,2283
44238,Utrillas,65-100,2011,537
44238,Utrillas,0-16,2012,454
44238,Utrillas,16-64,2012,2256
44238,Utrillas,65-100,2012,528
44238,Utrillas,0-16,2013,469
44238,Utrillas,16-64,2013,2262
44238,Utrillas,65-100,2013,537
44238,Utrillas,0-16,2014,452
44238,Utrillas,16-64,2014,2209
44238,Utrillas,65-100,2014,533
44238,Utrillas,0-16,2015,450
44238,Utrillas,16-64,2015,2148
44238,Utrillas,65-100,2015,512
44238,Utrillas,0-16,2016,437
44238,Utrillas,16-64,2016,2106
44238,Utrillas,65-100,2016,513
44238,Utrillas,0-16,2017,426
44238,Utrillas,16-64,2017,2070
44238,Utrillas,65-100,2017,518
44238,Utrillas,0-16,2018,422
44238,Utrillas,16-64,2018,2034
44238,Utrillas,65-100,2018,514
44238,Utrillas,0-16,2019,424
44238,Utrillas,16-64,2019,2022
44238,Utrillas,65-100,2019,532
44238,Utrillas,0-16,2020,439
44238,Utrillas,16-64,2020,2014
44238,Utrillas,65-100,2020,553
44238,Utrillas,0-16,2021,409
44238,Utrillas,16-64,2021,2018
44238,Utrillas,65-100,2021,576
44238,Utrillas,0-16,2022,419
44238,Utrillas,16-64,2022,1998
44238,Utrillas,65-100,2022,594
44238,Utrillas,0-16,2023,454
44238,Utrillas,16-64,2023,2009
44238,Utrillas,65-100,2023,625
44238,Utrillas,0-16,2024,448
44238,Utrillas,16-64,2024,2006
44238,Utrillas,65-100,2024,647
44238,Utrillas,0-16,2025,431
44238,Utrillas,16-64,2025,1964
44238,Utrillas,65-100,2025,678
44239,Valacloche,0-16,2003,0
44239,Valacloche,16-64,2003,7
44239,Valacloche,65-100,2003,13
44239,Valacloche,0-16,2004,0
44239,Valacloche,16-64,2004,9
44239,Valacloche,65-100,2004,14
44239,Valacloche,0-16,2005,2
44239,Valacloche,16-64,2005,9
44239,Valacloche,65-100,2005,13
44239,Valacloche,0-16,2006,1
44239,Valacloche,16-64,2006,7
44239,Valacloche,65-100,2006,12
44239,Valacloche,0-16,2007,0
44239,Valacloche,16-64,2007,11
44239,Valacloche,65-100,2007,13
44239,Valacloche,0-16,2008,1
44239,Valacloche,16-64,2008,18
44239,Valacloche,65-100,2008,18
44239,Valacloche,0-16,2009,1
44239,Valacloche,16-64,2009,17
44239,Valacloche,65-100,2009,15
44239,Valacloche,0-16,2010,0
44239,Valacloche,16-64,2010,16
44239,Valacloche,65-100,2010,14
44239,Valacloche,0-16,2011,1
44239,Valacloche,16-64,2011,16
44239,Valacloche,65-100,2011,14
44239,Valacloche,0-16,2012,0
44239,Valacloche,16-64,2012,16
44239,Valacloche,65-100,2012,12
44239,Valacloche,0-16,2013,0
44239,Valacloche,16-64,2013,11
44239,Valacloche,65-100,2013,12
44239,Valacloche,0-16,2014,0
44239,Valacloche,16-64,2014,11
44239,Valacloche,65-100,2014,12
44239,Valacloche,0-16,2015,0
44239,Valacloche,16-64,2015,14
44239,Valacloche,65-100,2015,13
44239,Valacloche,0-16,2016,0
44239,Valacloche,16-64,2016,12
44239,Valacloche,65-100,2016,11
44239,Valacloche,0-16,2017,0
44239,Valacloche,16-64,2017,11
44239,Valacloche,65-100,2017,12
44239,Valacloche,0-16,2018,0
44239,Valacloche,16-64,2018,10
44239,Valacloche,65-100,2018,11
44239,Valacloche,0-16,2019,0
44239,Valacloche,16-64,2019,11
44239,Valacloche,65-100,2019,11
44239,Valacloche,0-16,2020,0
44239,Valacloche,16-64,2020,11
44239,Valacloche,65-100,2020,9
44239,Valacloche,0-16,2021,0
44239,Valacloche,16-64,2021,13
44239,Valacloche,65-100,2021,11
44239,Valacloche,0-16,2022,0
44239,Valacloche,16-64,2022,15
44239,Valacloche,65-100,2022,11
44239,Valacloche,0-16,2023,1
44239,Valacloche,16-64,2023,15
44239,Valacloche,65-100,2023,10
44239,Valacloche,0-16,2024,2
44239,Valacloche,16-64,2024,19
44239,Valacloche,65-100,2024,11
44239,Valacloche,0-16,2025,2
44239,Valacloche,16-64,2025,22
44239,Valacloche,65-100,2025,9
44240,Valbona,0-16,2003,18
44240,Valbona,16-64,2003,118
44240,Valbona,65-100,2003,66
44240,Valbona,0-16,2004,19
44240,Valbona,16-64,2004,124
44240,Valbona,65-100,2004,69
44240,Valbona,0-16,2005,17
44240,Valbona,16-64,2005,129
44240,Valbona,65-100,2005,70
44240,Valbona,0-16,2006,16
44240,Valbona,16-64,2006,143
44240,Valbona,65-100,2006,70
44240,Valbona,0-16,2007,16
44240,Valbona,16-64,2007,136
44240,Valbona,65-100,2007,63
44240,Valbona,0-16,2008,17
44240,Valbona,16-64,2008,126
44240,Valbona,65-100,2008,62
44240,Valbona,0-16,2009,18
44240,Valbona,16-64,2009,149
44240,Valbona,65-100,2009,61
44240,Valbona,0-16,2010,19
44240,Valbona,16-64,2010,141
44240,Valbona,65-100,2010,64
44240,Valbona,0-16,2011,12
44240,Valbona,16-64,2011,132
44240,Valbona,65-100,2011,58
44240,Valbona,0-16,2012,11
44240,Valbona,16-64,2012,136
44240,Valbona,65-100,2012,64
44240,Valbona,0-16,2013,10
44240,Valbona,16-64,2013,123
44240,Valbona,65-100,2013,64
44240,Valbona,0-16,2014,13
44240,Valbona,16-64,2014,120
44240,Valbona,65-100,2014,65
44240,Valbona,0-16,2015,14
44240,Valbona,16-64,2015,111
44240,Valbona,65-100,2015,68
44240,Valbona,0-16,2016,13
44240,Valbona,16-64,2016,109
44240,Valbona,65-100,2016,64
44240,Valbona,0-16,2017,13
44240,Valbona,16-64,2017,101
44240,Valbona,65-100,2017,67
44240,Valbona,0-16,2018,12
44240,Valbona,16-64,2018,94
44240,Valbona,65-100,2018,68
44240,Valbona,0-16,2019,12
44240,Valbona,16-64,2019,89
44240,Valbona,65-100,2019,66
44240,Valbona,0-16,2020,11
44240,Valbona,16-64,2020,93
44240,Valbona,65-100,2020,68
44240,Valbona,0-16,2021,14
44240,Valbona,16-64,2021,99
44240,Valbona,65-100,2021,71
44240,Valbona,0-16,2022,14
44240,Valbona,16-64,2022,101
44240,Valbona,65-100,2022,73
44240,Valbona,0-16,2023,13
44240,Valbona,16-64,2023,107
44240,Valbona,65-100,2023,72
44240,Valbona,0-16,2024,12
44240,Valbona,16-64,2024,109
44240,Valbona,65-100,2024,71
44240,Valbona,0-16,2025,13
44240,Valbona,16-64,2025,104
44240,Valbona,65-100,2025,70
44241,Valdealgorfa,0-16,2003,70
44241,Valdealgorfa,16-64,2003,401
44241,Valdealgorfa,65-100,2003,250
44241,Valdealgorfa,0-16,2004,69
44241,Valdealgorfa,16-64,2004,415
44241,Valdealgorfa,65-100,2004,244
44241,Valdealgorfa,0-16,2005,63
44241,Valdealgorfa,16-64,2005,402
44241,Valdealgorfa,65-100,2005,243
44241,Valdealgorfa,0-16,2006,57
44241,Valdealgorfa,16-64,2006,382
44241,Valdealgorfa,65-100,2006,241
44241,Valdealgorfa,0-16,2007,57
44241,Valdealgorfa,16-64,2007,393
44241,Valdealgorfa,65-100,2007,236
44241,Valdealgorfa,0-16,2008,57
44241,Valdealgorfa,16-64,2008,389
44241,Valdealgorfa,65-100,2008,239
44241,Valdealgorfa,0-16,2009,53
44241,Valdealgorfa,16-64,2009,378
44241,Valdealgorfa,65-100,2009,236
44241,Valdealgorfa,0-16,2010,56
44241,Valdealgorfa,16-64,2010,403
44241,Valdealgorfa,65-100,2010,226
44241,Valdealgorfa,0-16,2011,59
44241,Valdealgorfa,16-64,2011,394
44241,Valdealgorfa,65-100,2011,222
44241,Valdealgorfa,0-16,2012,58
44241,Valdealgorfa,16-64,2012,386
44241,Valdealgorfa,65-100,2012,207
44241,Valdealgorfa,0-16,2013,54
44241,Valdealgorfa,16-64,2013,354
44241,Valdealgorfa,65-100,2013,213
44241,Valdealgorfa,0-16,2014,68
44241,Valdealgorfa,16-64,2014,365
44241,Valdealgorfa,65-100,2014,217
44241,Valdealgorfa,0-16,2015,73
44241,Valdealgorfa,16-64,2015,376
44241,Valdealgorfa,65-100,2015,215
44241,Valdealgorfa,0-16,2016,70
44241,Valdealgorfa,16-64,2016,363
44241,Valdealgorfa,65-100,2016,212
44241,Valdealgorfa,0-16,2017,66
44241,Valdealgorfa,16-64,2017,349
44241,Valdealgorfa,65-100,2017,217
44241,Valdealgorfa,0-16,2018,65
44241,Valdealgorfa,16-64,2018,341
44241,Valdealgorfa,65-100,2018,216
44241,Valdealgorfa,0-16,2019,69
44241,Valdealgorfa,16-64,2019,329
44241,Valdealgorfa,65-100,2019,214
44241,Valdealgorfa,0-16,2020,69
44241,Valdealgorfa,16-64,2020,320
44241,Valdealgorfa,65-100,2020,206
44241,Valdealgorfa,0-16,2021,64
44241,Valdealgorfa,16-64,2021,315
44241,Valdealgorfa,65-100,2021,210
44241,Valdealgorfa,0-16,2022,71
44241,Valdealgorfa,16-64,2022,307
44241,Valdealgorfa,65-100,2022,213
44241,Valdealgorfa,0-16,2023,70
44241,Valdealgorfa,16-64,2023,306
44241,Valdealgorfa,65-100,2023,212
44241,Valdealgorfa,0-16,2024,68
44241,Valdealgorfa,16-64,2024,302
44241,Valdealgorfa,65-100,2024,211
44241,Valdealgorfa,0-16,2025,67
44241,Valdealgorfa,16-64,2025,299
44241,Valdealgorfa,65-100,2025,216
44243,Valdecuenca,0-16,2003,3
44243,Valdecuenca,16-64,2003,19
44243,Valdecuenca,65-100,2003,16
44243,Valdecuenca,0-16,2004,1
44243,Valdecuenca,16-64,2004,25
44243,Valdecuenca,65-100,2004,17
44243,Valdecuenca,0-16,2005,1
44243,Valdecuenca,16-64,2005,23
44243,Valdecuenca,65-100,2005,15
44243,Valdecuenca,0-16,2006,1
44243,Valdecuenca,16-64,2006,21
44243,Valdecuenca,65-100,2006,13
44243,Valdecuenca,0-16,2007,2
44243,Valdecuenca,16-64,2007,28
44243,Valdecuenca,65-100,2007,17
44243,Valdecuenca,0-16,2008,3
44243,Valdecuenca,16-64,2008,38
44243,Valdecuenca,65-100,2008,19
44243,Valdecuenca,0-16,2009,5
44243,Valdecuenca,16-64,2009,31
44243,Valdecuenca,65-100,2009,18
44243,Valdecuenca,0-16,2010,1
44243,Valdecuenca,16-64,2010,41
44243,Valdecuenca,65-100,2010,14
44243,Valdecuenca,0-16,2011,0
44243,Valdecuenca,16-64,2011,39
44243,Valdecuenca,65-100,2011,14
44243,Valdecuenca,0-16,2012,1
44243,Valdecuenca,16-64,2012,42
44243,Valdecuenca,65-100,2012,13
44243,Valdecuenca,0-16,2013,1
44243,Valdecuenca,16-64,2013,30
44243,Valdecuenca,65-100,2013,13
44243,Valdecuenca,0-16,2014,1
44243,Valdecuenca,16-64,2014,28
44243,Valdecuenca,65-100,2014,11
44243,Valdecuenca,0-16,2015,1
44243,Valdecuenca,16-64,2015,30
44243,Valdecuenca,65-100,2015,9
44243,Valdecuenca,0-16,2016,1
44243,Valdecuenca,16-64,2016,24
44243,Valdecuenca,65-100,2016,9
44243,Valdecuenca,0-16,2017,1
44243,Valdecuenca,16-64,2017,27
44243,Valdecuenca,65-100,2017,9
44243,Valdecuenca,0-16,2018,2
44243,Valdecuenca,16-64,2018,23
44243,Valdecuenca,65-100,2018,10
44243,Valdecuenca,0-16,2019,2
44243,Valdecuenca,16-64,2019,20
44243,Valdecuenca,65-100,2019,12
44243,Valdecuenca,0-16,2020,3
44243,Valdecuenca,16-64,2020,17
44243,Valdecuenca,65-100,2020,12
44243,Valdecuenca,0-16,2021,3
44243,Valdecuenca,16-64,2021,16
44243,Valdecuenca,65-100,2021,10
44243,Valdecuenca,0-16,2022,3
44243,Valdecuenca,16-64,2022,18
44243,Valdecuenca,65-100,2022,10
44243,Valdecuenca,0-16,2023,2
44243,Valdecuenca,16-64,2023,18
44243,Valdecuenca,65-100,2023,11
44243,Valdecuenca,0-16,2024,2
44243,Valdecuenca,16-64,2024,17
44243,Valdecuenca,65-100,2024,9
44243,Valdecuenca,0-16,2025,3
44243,Valdecuenca,16-64,2025,21
44243,Valdecuenca,65-100,2025,9
44244,Valdelinares,0-16,2003,18
44244,Valdelinares,16-64,2003,73
44244,Valdelinares,65-100,2003,41
44244,Valdelinares,0-16,2004,17
44244,Valdelinares,16-64,2004,80
44244,Valdelinares,65-100,2004,44
44244,Valdelinares,0-16,2005,15
44244,Valdelinares,16-64,2005,79
44244,Valdelinares,65-100,2005,40
44244,Valdelinares,0-16,2006,12
44244,Valdelinares,16-64,2006,73
44244,Valdelinares,65-100,2006,40
44244,Valdelinares,0-16,2007,13
44244,Valdelinares,16-64,2007,70
44244,Valdelinares,65-100,2007,40
44244,Valdelinares,0-16,2008,10
44244,Valdelinares,16-64,2008,64
44244,Valdelinares,65-100,2008,36
44244,Valdelinares,0-16,2009,12
44244,Valdelinares,16-64,2009,62
44244,Valdelinares,65-100,2009,32
44244,Valdelinares,0-16,2010,14
44244,Valdelinares,16-64,2010,70
44244,Valdelinares,65-100,2010,32
44244,Valdelinares,0-16,2011,11
44244,Valdelinares,16-64,2011,69
44244,Valdelinares,65-100,2011,33
44244,Valdelinares,0-16,2012,10
44244,Valdelinares,16-64,2012,64
44244,Valdelinares,65-100,2012,32
44244,Valdelinares,0-16,2013,11
44244,Valdelinares,16-64,2013,57
44244,Valdelinares,65-100,2013,32
44244,Valdelinares,0-16,2014,9
44244,Valdelinares,16-64,2014,51
44244,Valdelinares,65-100,2014,30
44244,Valdelinares,0-16,2015,8
44244,Valdelinares,16-64,2015,51
44244,Valdelinares,65-100,2015,26
44244,Valdelinares,0-16,2016,12
44244,Valdelinares,16-64,2016,52
44244,Valdelinares,65-100,2016,26
44244,Valdelinares,0-16,2017,9
44244,Valdelinares,16-64,2017,54
44244,Valdelinares,65-100,2017,26
44244,Valdelinares,0-16,2018,10
44244,Valdelinares,16-64,2018,53
44244,Valdelinares,65-100,2018,24
44244,Valdelinares,0-16,2019,10
44244,Valdelinares,16-64,2019,58
44244,Valdelinares,65-100,2019,20
44244,Valdelinares,0-16,2020,10
44244,Valdelinares,16-64,2020,65
44244,Valdelinares,65-100,2020,17
44244,Valdelinares,0-16,2021,6
44244,Valdelinares,16-64,2021,59
44244,Valdelinares,65-100,2021,17
44244,Valdelinares,0-16,2022,6
44244,Valdelinares,16-64,2022,57
44244,Valdelinares,65-100,2022,15
44244,Valdelinares,0-16,2023,6
44244,Valdelinares,16-64,2023,56
44244,Valdelinares,65-100,2023,19
44244,Valdelinares,0-16,2024,4
44244,Valdelinares,16-64,2024,53
44244,Valdelinares,65-100,2024,18
44244,Valdelinares,0-16,2025,6
44244,Valdelinares,16-64,2025,58
44244,Valdelinares,65-100,2025,18
44245,Valdeltormo,0-16,2003,36
44245,Valdeltormo,16-64,2003,189
44245,Valdeltormo,65-100,2003,142
44245,Valdeltormo,0-16,2004,29
44245,Valdeltormo,16-64,2004,186
44245,Valdeltormo,65-100,2004,139
44245,Valdeltormo,0-16,2005,30
44245,Valdeltormo,16-64,2005,183
44245,Valdeltormo,65-100,2005,133
44245,Valdeltormo,0-16,2006,31
44245,Valdeltormo,16-64,2006,177
44245,Valdeltormo,65-100,2006,141
44245,Valdeltormo,0-16,2007,30
44245,Valdeltormo,16-64,2007,179
44245,Valdeltormo,65-100,2007,143
44245,Valdeltormo,0-16,2008,30
44245,Valdeltormo,16-64,2008,173
44245,Valdeltormo,65-100,2008,135
44245,Valdeltormo,0-16,2009,27
44245,Valdeltormo,16-64,2009,177
44245,Valdeltormo,65-100,2009,125
44245,Valdeltormo,0-16,2010,31
44245,Valdeltormo,16-64,2010,177
44245,Valdeltormo,65-100,2010,120
44245,Valdeltormo,0-16,2011,28
44245,Valdeltormo,16-64,2011,174
44245,Valdeltormo,65-100,2011,122
44245,Valdeltormo,0-16,2012,30
44245,Valdeltormo,16-64,2012,172
44245,Valdeltormo,65-100,2012,115
44245,Valdeltormo,0-16,2013,34
44245,Valdeltormo,16-64,2013,177
44245,Valdeltormo,65-100,2013,111
44245,Valdeltormo,0-16,2014,32
44245,Valdeltormo,16-64,2014,170
44245,Valdeltormo,65-100,2014,113
44245,Valdeltormo,0-16,2015,34
44245,Valdeltormo,16-64,2015,168
44245,Valdeltormo,65-100,2015,110
44245,Valdeltormo,0-16,2016,30
44245,Valdeltormo,16-64,2016,159
44245,Valdeltormo,65-100,2016,107
44245,Valdeltormo,0-16,2017,32
44245,Valdeltormo,16-64,2017,160
44245,Valdeltormo,65-100,2017,106
44245,Valdeltormo,0-16,2018,25
44245,Valdeltormo,16-64,2018,146
44245,Valdeltormo,65-100,2018,108
44245,Valdeltormo,0-16,2019,27
44245,Valdeltormo,16-64,2019,147
44245,Valdeltormo,65-100,2019,109
44245,Valdeltormo,0-16,2020,30
44245,Valdeltormo,16-64,2020,145
44245,Valdeltormo,65-100,2020,106
44245,Valdeltormo,0-16,2021,36
44245,Valdeltormo,16-64,2021,153
44245,Valdeltormo,65-100,2021,104
44245,Valdeltormo,0-16,2022,35
44245,Valdeltormo,16-64,2022,157
44245,Valdeltormo,65-100,2022,109
44245,Valdeltormo,0-16,2023,46
44245,Valdeltormo,16-64,2023,161
44245,Valdeltormo,65-100,2023,104
44245,Valdeltormo,0-16,2024,41
44245,Valdeltormo,16-64,2024,162
44245,Valdeltormo,65-100,2024,102
44245,Valdeltormo,0-16,2025,42
44245,Valdeltormo,16-64,2025,163
44245,Valdeltormo,65-100,2025,99
44246,Valderrobres,0-16,2003,294
44246,Valderrobres,16-64,2003,1244
44246,Valderrobres,65-100,2003,480
44246,Valderrobres,0-16,2004,294
44246,Valderrobres,16-64,2004,1287
44246,Valderrobres,65-100,2004,467
44246,Valderrobres,0-16,2005,302
44246,Valderrobres,16-64,2005,1334
44246,Valderrobres,65-100,2005,447
44246,Valderrobres,0-16,2006,296
44246,Valderrobres,16-64,2006,1363
44246,Valderrobres,65-100,2006,483
44246,Valderrobres,0-16,2007,311
44246,Valderrobres,16-64,2007,1388
44246,Valderrobres,65-100,2007,490
44246,Valderrobres,0-16,2008,318
44246,Valderrobres,16-64,2008,1422
44246,Valderrobres,65-100,2008,502
44246,Valderrobres,0-16,2009,316
44246,Valderrobres,16-64,2009,1470
44246,Valderrobres,65-100,2009,499
44246,Valderrobres,0-16,2010,311
44246,Valderrobres,16-64,2010,1481
44246,Valderrobres,65-100,2010,498
44246,Valderrobres,0-16,2011,317
44246,Valderrobres,16-64,2011,1504
44246,Valderrobres,65-100,2011,482
44246,Valderrobres,0-16,2012,350
44246,Valderrobres,16-64,2012,1512
44246,Valderrobres,65-100,2012,473
44246,Valderrobres,0-16,2013,356
44246,Valderrobres,16-64,2013,1491
44246,Valderrobres,65-100,2013,463
44246,Valderrobres,0-16,2014,377
44246,Valderrobres,16-64,2014,1500
44246,Valderrobres,65-100,2014,460
44246,Valderrobres,0-16,2015,387
44246,Valderrobres,16-64,2015,1492
44246,Valderrobres,65-100,2015,463
44246,Valderrobres,0-16,2016,379
44246,Valderrobres,16-64,2016,1478
44246,Valderrobres,65-100,2016,454
44246,Valderrobres,0-16,2017,378
44246,Valderrobres,16-64,2017,1486
44246,Valderrobres,65-100,2017,474
44246,Valderrobres,0-16,2018,399
44246,Valderrobres,16-64,2018,1506
44246,Valderrobres,65-100,2018,483
44246,Valderrobres,0-16,2019,408
44246,Valderrobres,16-64,2019,1537
44246,Valderrobres,65-100,2019,480
44246,Valderrobres,0-16,2020,410
44246,Valderrobres,16-64,2020,1542
44246,Valderrobres,65-100,2020,483
44246,Valderrobres,0-16,2021,393
44246,Valderrobres,16-64,2021,1581
44246,Valderrobres,65-100,2021,483
44246,Valderrobres,0-16,2022,382
44246,Valderrobres,16-64,2022,1615
44246,Valderrobres,65-100,2022,501
44246,Valderrobres,0-16,2023,390
44246,Valderrobres,16-64,2023,1613
44246,Valderrobres,65-100,2023,511
44246,Valderrobres,0-16,2024,382
44246,Valderrobres,16-64,2024,1606
44246,Valderrobres,65-100,2024,536
44246,Valderrobres,0-16,2025,370
44246,Valderrobres,16-64,2025,1619
44246,Valderrobres,65-100,2025,548
44247,Valjunquera,0-16,2003,43
44247,Valjunquera,16-64,2003,207
44247,Valjunquera,65-100,2003,178
44247,Valjunquera,0-16,2004,44
44247,Valjunquera,16-64,2004,202
44247,Valjunquera,65-100,2004,174
44247,Valjunquera,0-16,2005,44
44247,Valjunquera,16-64,2005,204
44247,Valjunquera,65-100,2005,176
44247,Valjunquera,0-16,2006,43
44247,Valjunquera,16-64,2006,201
44247,Valjunquera,65-100,2006,170
44247,Valjunquera,0-16,2007,42
44247,Valjunquera,16-64,2007,198
44247,Valjunquera,65-100,2007,171
44247,Valjunquera,0-16,2008,46
44247,Valjunquera,16-64,2008,198
44247,Valjunquera,65-100,2008,166
44247,Valjunquera,0-16,2009,50
44247,Valjunquera,16-64,2009,200
44247,Valjunquera,65-100,2009,167
44247,Valjunquera,0-16,2010,46
44247,Valjunquera,16-64,2010,192
44247,Valjunquera,65-100,2010,165
44247,Valjunquera,0-16,2011,42
44247,Valjunquera,16-64,2011,187
44247,Valjunquera,65-100,2011,158
44247,Valjunquera,0-16,2012,37
44247,Valjunquera,16-64,2012,199
44247,Valjunquera,65-100,2012,150
44247,Valjunquera,0-16,2013,40
44247,Valjunquera,16-64,2013,199
44247,Valjunquera,65-100,2013,144
44247,Valjunquera,0-16,2014,35
44247,Valjunquera,16-64,2014,190
44247,Valjunquera,65-100,2014,140
44247,Valjunquera,0-16,2015,39
44247,Valjunquera,16-64,2015,184
44247,Valjunquera,65-100,2015,135
44247,Valjunquera,0-16,2016,37
44247,Valjunquera,16-64,2016,186
44247,Valjunquera,65-100,2016,140
44247,Valjunquera,0-16,2017,37
44247,Valjunquera,16-64,2017,175
44247,Valjunquera,65-100,2017,129
44247,Valjunquera,0-16,2018,32
44247,Valjunquera,16-64,2018,163
44247,Valjunquera,65-100,2018,130
44247,Valjunquera,0-16,2019,34
44247,Valjunquera,16-64,2019,170
44247,Valjunquera,65-100,2019,126
44247,Valjunquera,0-16,2020,35
44247,Valjunquera,16-64,2020,177
44247,Valjunquera,65-100,2020,126
44247,Valjunquera,0-16,2021,37
44247,Valjunquera,16-64,2021,184
44247,Valjunquera,65-100,2021,121
44247,Valjunquera,0-16,2022,38
44247,Valjunquera,16-64,2022,179
44247,Valjunquera,65-100,2022,120
44247,Valjunquera,0-16,2023,37
44247,Valjunquera,16-64,2023,182
44247,Valjunquera,65-100,2023,111
44247,Valjunquera,0-16,2024,34
44247,Valjunquera,16-64,2024,184
44247,Valjunquera,65-100,2024,110
44247,Valjunquera,0-16,2025,35
44247,Valjunquera,16-64,2025,197
44247,Valjunquera,65-100,2025,104
44249,El Vallecillo,0-16,2003,1
44249,El Vallecillo,16-64,2003,30
44249,El Vallecillo,65-100,2003,24
44249,El Vallecillo,0-16,2004,1
44249,El Vallecillo,16-64,2004,34
44249,El Vallecillo,65-100,2004,25
44249,El Vallecillo,0-16,2005,0
44249,El Vallecillo,16-64,2005,38
44249,El Vallecillo,65-100,2005,21
44249,El Vallecillo,0-16,2006,0
44249,El Vallecillo,16-64,2006,34
44249,El Vallecillo,65-100,2006,17
44249,El Vallecillo,0-16,2007,0
44249,El Vallecillo,16-64,2007,34
44249,El Vallecillo,65-100,2007,20
44249,El Vallecillo,0-16,2008,0
44249,El Vallecillo,16-64,2008,25
44249,El Vallecillo,65-100,2008,16
44249,El Vallecillo,0-16,2009,0
44249,El Vallecillo,16-64,2009,29
44249,El Vallecillo,65-100,2009,16
44249,El Vallecillo,0-16,2010,0
44249,El Vallecillo,16-64,2010,29
44249,El Vallecillo,65-100,2010,18
44249,El Vallecillo,0-16,2011,0
44249,El Vallecillo,16-64,2011,41
44249,El Vallecillo,65-100,2011,20
44249,El Vallecillo,0-16,2012,0
44249,El Vallecillo,16-64,2012,36
44249,El Vallecillo,65-100,2012,18
44249,El Vallecillo,0-16,2013,0
44249,El Vallecillo,16-64,2013,35
44249,El Vallecillo,65-100,2013,17
44249,El Vallecillo,0-16,2014,0
44249,El Vallecillo,16-64,2014,33
44249,El Vallecillo,65-100,2014,17
44249,El Vallecillo,0-16,2015,1
44249,El Vallecillo,16-64,2015,36
44249,El Vallecillo,65-100,2015,23
44249,El Vallecillo,0-16,2016,1
44249,El Vallecillo,16-64,2016,33
44249,El Vallecillo,65-100,2016,25
44249,El Vallecillo,0-16,2017,1
44249,El Vallecillo,16-64,2017,24
44249,El Vallecillo,65-100,2017,24
44249,El Vallecillo,0-16,2018,1
44249,El Vallecillo,16-64,2018,23
44249,El Vallecillo,65-100,2018,24
44249,El Vallecillo,0-16,2019,1
44249,El Vallecillo,16-64,2019,20
44249,El Vallecillo,65-100,2019,26
44249,El Vallecillo,0-16,2020,0
44249,El Vallecillo,16-64,2020,23
44249,El Vallecillo,65-100,2020,21
44249,El Vallecillo,0-16,2021,0
44249,El Vallecillo,16-64,2021,21
44249,El Vallecillo,65-100,2021,18
44249,El Vallecillo,0-16,2022,0
44249,El Vallecillo,16-64,2022,24
44249,El Vallecillo,65-100,2022,17
44249,El Vallecillo,0-16,2023,0
44249,El Vallecillo,16-64,2023,22
44249,El Vallecillo,65-100,2023,15
44249,El Vallecillo,0-16,2024,1
44249,El Vallecillo,16-64,2024,23
44249,El Vallecillo,65-100,2024,13
44249,El Vallecillo,0-16,2025,1
44249,El Vallecillo,16-64,2025,21
44249,El Vallecillo,65-100,2025,18
44250,Veguillas de la Sierra,0-16,2003,0
44250,Veguillas de la Sierra,16-64,2003,11
44250,Veguillas de la Sierra,65-100,2003,16
44250,Veguillas de la Sierra,0-16,2004,0
44250,Veguillas de la Sierra,16-64,2004,10
44250,Veguillas de la Sierra,65-100,2004,14
44250,Veguillas de la Sierra,0-16,2005,1
44250,Veguillas de la Sierra,16-64,2005,8
44250,Veguillas de la Sierra,65-100,2005,14
44250,Veguillas de la Sierra,0-16,2006,1
44250,Veguillas de la Sierra,16-64,2006,10
44250,Veguillas de la Sierra,65-100,2006,14
44250,Veguillas de la Sierra,0-16,2007,1
44250,Veguillas de la Sierra,16-64,2007,12
44250,Veguillas de la Sierra,65-100,2007,15
44250,Veguillas de la Sierra,0-16,2008,1
44250,Veguillas de la Sierra,16-64,2008,12
44250,Veguillas de la Sierra,65-100,2008,16
44250,Veguillas de la Sierra,0-16,2009,1
44250,Veguillas de la Sierra,16-64,2009,10
44250,Veguillas de la Sierra,65-100,2009,16
44250,Veguillas de la Sierra,0-16,2010,1
44250,Veguillas de la Sierra,16-64,2010,10
44250,Veguillas de la Sierra,65-100,2010,17
44250,Veguillas de la Sierra,0-16,2011,1
44250,Veguillas de la Sierra,16-64,2011,7
44250,Veguillas de la Sierra,65-100,2011,17
44250,Veguillas de la Sierra,0-16,2012,1
44250,Veguillas de la Sierra,16-64,2012,7
44250,Veguillas de la Sierra,65-100,2012,12
44250,Veguillas de la Sierra,0-16,2013,1
44250,Veguillas de la Sierra,16-64,2013,8
44250,Veguillas de la Sierra,65-100,2013,13
44250,Veguillas de la Sierra,0-16,2014,1
44250,Veguillas de la Sierra,16-64,2014,11
44250,Veguillas de la Sierra,65-100,2014,11
44250,Veguillas de la Sierra,0-16,2015,0
44250,Veguillas de la Sierra,16-64,2015,11
44250,Veguillas de la Sierra,65-100,2015,11
44250,Veguillas de la Sierra,0-16,2016,0
44250,Veguillas de la Sierra,16-64,2016,9
44250,Veguillas de la Sierra,65-100,2016,10
44250,Veguillas de la Sierra,0-16,2017,0
44250,Veguillas de la Sierra,16-64,2017,9
44250,Veguillas de la Sierra,65-100,2017,10
44250,Veguillas de la Sierra,0-16,2018,0
44250,Veguillas de la Sierra,16-64,2018,10
44250,Veguillas de la Sierra,65-100,2018,10
44250,Veguillas de la Sierra,0-16,2019,0
44250,Veguillas de la Sierra,16-64,2019,11
44250,Veguillas de la Sierra,65-100,2019,8
44250,Veguillas de la Sierra,0-16,2020,0
44250,Veguillas de la Sierra,16-64,2020,12
44250,Veguillas de la Sierra,65-100,2020,9
44250,Veguillas de la Sierra,0-16,2021,0
44250,Veguillas de la Sierra,16-64,2021,12
44250,Veguillas de la Sierra,65-100,2021,9
44250,Veguillas de la Sierra,0-16,2022,0
44250,Veguillas de la Sierra,16-64,2022,14
44250,Veguillas de la Sierra,65-100,2022,7
44250,Veguillas de la Sierra,0-16,2023,0
44250,Veguillas de la Sierra,16-64,2023,14
44250,Veguillas de la Sierra,65-100,2023,6
44250,Veguillas de la Sierra,0-16,2024,0
44250,Veguillas de la Sierra,16-64,2024,18
44250,Veguillas de la Sierra,65-100,2024,6
44250,Veguillas de la Sierra,0-16,2025,1
44250,Veguillas de la Sierra,16-64,2025,18
44250,Veguillas de la Sierra,65-100,2025,8
44251,Villafranca del Campo,0-16,2003,38
44251,Villafranca del Campo,16-64,2003,197
44251,Villafranca del Campo,65-100,2003,136
44251,Villafranca del Campo,0-16,2004,38
44251,Villafranca del Campo,16-64,2004,194
44251,Villafranca del Campo,65-100,2004,136
44251,Villafranca del Campo,0-16,2005,40
44251,Villafranca del Campo,16-64,2005,191
44251,Villafranca del Campo,65-100,2005,137
44251,Villafranca del Campo,0-16,2006,33
44251,Villafranca del Campo,16-64,2006,182
44251,Villafranca del Campo,65-100,2006,134
44251,Villafranca del Campo,0-16,2007,38
44251,Villafranca del Campo,16-64,2007,193
44251,Villafranca del Campo,65-100,2007,129
44251,Villafranca del Campo,0-16,2008,44
44251,Villafranca del Campo,16-64,2008,197
44251,Villafranca del Campo,65-100,2008,124
44251,Villafranca del Campo,0-16,2009,43
44251,Villafranca del Campo,16-64,2009,198
44251,Villafranca del Campo,65-100,2009,120
44251,Villafranca del Campo,0-16,2010,37
44251,Villafranca del Campo,16-64,2010,187
44251,Villafranca del Campo,65-100,2010,128
44251,Villafranca del Campo,0-16,2011,39
44251,Villafranca del Campo,16-64,2011,178
44251,Villafranca del Campo,65-100,2011,122
44251,Villafranca del Campo,0-16,2012,37
44251,Villafranca del Campo,16-64,2012,171
44251,Villafranca del Campo,65-100,2012,115
44251,Villafranca del Campo,0-16,2013,40
44251,Villafranca del Campo,16-64,2013,167
44251,Villafranca del Campo,65-100,2013,116
44251,Villafranca del Campo,0-16,2014,37
44251,Villafranca del Campo,16-64,2014,163
44251,Villafranca del Campo,65-100,2014,114
44251,Villafranca del Campo,0-16,2015,29
44251,Villafranca del Campo,16-64,2015,158
44251,Villafranca del Campo,65-100,2015,112
44251,Villafranca del Campo,0-16,2016,28
44251,Villafranca del Campo,16-64,2016,161
44251,Villafranca del Campo,65-100,2016,111
44251,Villafranca del Campo,0-16,2017,27
44251,Villafranca del Campo,16-64,2017,151
44251,Villafranca del Campo,65-100,2017,111
44251,Villafranca del Campo,0-16,2018,27
44251,Villafranca del Campo,16-64,2018,161
44251,Villafranca del Campo,65-100,2018,109
44251,Villafranca del Campo,0-16,2019,31
44251,Villafranca del Campo,16-64,2019,162
44251,Villafranca del Campo,65-100,2019,105
44251,Villafranca del Campo,0-16,2020,28
44251,Villafranca del Campo,16-64,2020,152
44251,Villafranca del Campo,65-100,2020,105
44251,Villafranca del Campo,0-16,2021,28
44251,Villafranca del Campo,16-64,2021,170
44251,Villafranca del Campo,65-100,2021,104
44251,Villafranca del Campo,0-16,2022,29
44251,Villafranca del Campo,16-64,2022,174
44251,Villafranca del Campo,65-100,2022,98
44251,Villafranca del Campo,0-16,2023,28
44251,Villafranca del Campo,16-64,2023,176
44251,Villafranca del Campo,65-100,2023,97
44251,Villafranca del Campo,0-16,2024,25
44251,Villafranca del Campo,16-64,2024,178
44251,Villafranca del Campo,65-100,2024,92
44251,Villafranca del Campo,0-16,2025,25
44251,Villafranca del Campo,16-64,2025,179
44251,Villafranca del Campo,65-100,2025,86
44252,Villahermosa del Campo,0-16,2003,5
44252,Villahermosa del Campo,16-64,2003,55
44252,Villahermosa del Campo,65-100,2003,27
44252,Villahermosa del Campo,0-16,2004,7
44252,Villahermosa del Campo,16-64,2004,65
44252,Villahermosa del Campo,65-100,2004,25
44252,Villahermosa del Campo,0-16,2005,6
44252,Villahermosa del Campo,16-64,2005,68
44252,Villahermosa del Campo,65-100,2005,28
44252,Villahermosa del Campo,0-16,2006,4
44252,Villahermosa del Campo,16-64,2006,60
44252,Villahermosa del Campo,65-100,2006,25
44252,Villahermosa del Campo,0-16,2007,5
44252,Villahermosa del Campo,16-64,2007,63
44252,Villahermosa del Campo,65-100,2007,24
44252,Villahermosa del Campo,0-16,2008,6
44252,Villahermosa del Campo,16-64,2008,62
44252,Villahermosa del Campo,65-100,2008,23
44252,Villahermosa del Campo,0-16,2009,7
44252,Villahermosa del Campo,16-64,2009,67
44252,Villahermosa del Campo,65-100,2009,24
44252,Villahermosa del Campo,0-16,2010,8
44252,Villahermosa del Campo,16-64,2010,70
44252,Villahermosa del Campo,65-100,2010,21
44252,Villahermosa del Campo,0-16,2011,9
44252,Villahermosa del Campo,16-64,2011,73
44252,Villahermosa del Campo,65-100,2011,20
44252,Villahermosa del Campo,0-16,2012,9
44252,Villahermosa del Campo,16-64,2012,67
44252,Villahermosa del Campo,65-100,2012,23
44252,Villahermosa del Campo,0-16,2013,8
44252,Villahermosa del Campo,16-64,2013,68
44252,Villahermosa del Campo,65-100,2013,26
44252,Villahermosa del Campo,0-16,2014,9
44252,Villahermosa del Campo,16-64,2014,66
44252,Villahermosa del Campo,65-100,2014,29
44252,Villahermosa del Campo,0-16,2015,7
44252,Villahermosa del Campo,16-64,2015,66
44252,Villahermosa del Campo,65-100,2015,30
44252,Villahermosa del Campo,0-16,2016,6
44252,Villahermosa del Campo,16-64,2016,65
44252,Villahermosa del Campo,65-100,2016,28
44252,Villahermosa del Campo,0-16,2017,5
44252,Villahermosa del Campo,16-64,2017,60
44252,Villahermosa del Campo,65-100,2017,29
44252,Villahermosa del Campo,0-16,2018,8
44252,Villahermosa del Campo,16-64,2018,58
44252,Villahermosa del Campo,65-100,2018,28
44252,Villahermosa del Campo,0-16,2019,5
44252,Villahermosa del Campo,16-64,2019,58
44252,Villahermosa del Campo,65-100,2019,26
44252,Villahermosa del Campo,0-16,2020,5
44252,Villahermosa del Campo,16-64,2020,51
44252,Villahermosa del Campo,65-100,2020,27
44252,Villahermosa del Campo,0-16,2021,8
44252,Villahermosa del Campo,16-64,2021,53
44252,Villahermosa del Campo,65-100,2021,27
44252,Villahermosa del Campo,0-16,2022,9
44252,Villahermosa del Campo,16-64,2022,51
44252,Villahermosa del Campo,65-100,2022,30
44252,Villahermosa del Campo,0-16,2023,11
44252,Villahermosa del Campo,16-64,2023,52
44252,Villahermosa del Campo,65-100,2023,31
44252,Villahermosa del Campo,0-16,2024,8
44252,Villahermosa del Campo,16-64,2024,55
44252,Villahermosa del Campo,65-100,2024,30
44252,Villahermosa del Campo,0-16,2025,11
44252,Villahermosa del Campo,16-64,2025,51
44252,Villahermosa del Campo,65-100,2025,31
44256,Villanueva del Rebollar de la Sierra,0-16,2003,5
44256,Villanueva del Rebollar de la Sierra,16-64,2003,25
44256,Villanueva del Rebollar de la Sierra,65-100,2003,21
44256,Villanueva del Rebollar de la Sierra,0-16,2004,7
44256,Villanueva del Rebollar de la Sierra,16-64,2004,22
44256,Villanueva del Rebollar de la Sierra,65-100,2004,22
44256,Villanueva del Rebollar de la Sierra,0-16,2005,8
44256,Villanueva del Rebollar de la Sierra,16-64,2005,22
44256,Villanueva del Rebollar de la Sierra,65-100,2005,20
44256,Villanueva del Rebollar de la Sierra,0-16,2006,8
44256,Villanueva del Rebollar de la Sierra,16-64,2006,21
44256,Villanueva del Rebollar de la Sierra,65-100,2006,21
44256,Villanueva del Rebollar de la Sierra,0-16,2007,8
44256,Villanueva del Rebollar de la Sierra,16-64,2007,20
44256,Villanueva del Rebollar de la Sierra,65-100,2007,22
44256,Villanueva del Rebollar de la Sierra,0-16,2008,8
44256,Villanueva del Rebollar de la Sierra,16-64,2008,20
44256,Villanueva del Rebollar de la Sierra,65-100,2008,23
44256,Villanueva del Rebollar de la Sierra,0-16,2009,8
44256,Villanueva del Rebollar de la Sierra,16-64,2009,20
44256,Villanueva del Rebollar de la Sierra,65-100,2009,20
44256,Villanueva del Rebollar de la Sierra,0-16,2010,12
44256,Villanueva del Rebollar de la Sierra,16-64,2010,22
44256,Villanueva del Rebollar de la Sierra,65-100,2010,19
44256,Villanueva del Rebollar de la Sierra,0-16,2011,11
44256,Villanueva del Rebollar de la Sierra,16-64,2011,20
44256,Villanueva del Rebollar de la Sierra,65-100,2011,21
44256,Villanueva del Rebollar de la Sierra,0-16,2012,9
44256,Villanueva del Rebollar de la Sierra,16-64,2012,19
44256,Villanueva del Rebollar de la Sierra,65-100,2012,19
44256,Villanueva del Rebollar de la Sierra,0-16,2013,8
44256,Villanueva del Rebollar de la Sierra,16-64,2013,20
44256,Villanueva del Rebollar de la Sierra,65-100,2013,18
44256,Villanueva del Rebollar de la Sierra,0-16,2014,8
44256,Villanueva del Rebollar de la Sierra,16-64,2014,25
44256,Villanueva del Rebollar de la Sierra,65-100,2014,19
44256,Villanueva del Rebollar de la Sierra,0-16,2015,9
44256,Villanueva del Rebollar de la Sierra,16-64,2015,25
44256,Villanueva del Rebollar de la Sierra,65-100,2015,17
44256,Villanueva del Rebollar de la Sierra,0-16,2016,9
44256,Villanueva del Rebollar de la Sierra,16-64,2016,23
44256,Villanueva del Rebollar de la Sierra,65-100,2016,17
44256,Villanueva del Rebollar de la Sierra,0-16,2017,6
44256,Villanueva del Rebollar de la Sierra,16-64,2017,20
44256,Villanueva del Rebollar de la Sierra,65-100,2017,17
44256,Villanueva del Rebollar de la Sierra,0-16,2018,5
44256,Villanueva del Rebollar de la Sierra,16-64,2018,24
44256,Villanueva del Rebollar de la Sierra,65-100,2018,18
44256,Villanueva del Rebollar de la Sierra,0-16,2019,4
44256,Villanueva del Rebollar de la Sierra,16-64,2019,17
44256,Villanueva del Rebollar de la Sierra,65-100,2019,18
44256,Villanueva del Rebollar de la Sierra,0-16,2020,3
44256,Villanueva del Rebollar de la Sierra,16-64,2020,20
44256,Villanueva del Rebollar de la Sierra,65-100,2020,19
44256,Villanueva del Rebollar de la Sierra,0-16,2021,2
44256,Villanueva del Rebollar de la Sierra,16-64,2021,22
44256,Villanueva del Rebollar de la Sierra,65-100,2021,18
44256,Villanueva del Rebollar de la Sierra,0-16,2022,2
44256,Villanueva del Rebollar de la Sierra,16-64,2022,25
44256,Villanueva del Rebollar de la Sierra,65-100,2022,17
44256,Villanueva del Rebollar de la Sierra,0-16,2023,2
44256,Villanueva del Rebollar de la Sierra,16-64,2023,27
44256,Villanueva del Rebollar de la Sierra,65-100,2023,15
44256,Villanueva del Rebollar de la Sierra,0-16,2024,2
44256,Villanueva del Rebollar de la Sierra,16-64,2024,29
44256,Villanueva del Rebollar de la Sierra,65-100,2024,17
44256,Villanueva del Rebollar de la Sierra,0-16,2025,1
44256,Villanueva del Rebollar de la Sierra,16-64,2025,29
44256,Villanueva del Rebollar de la Sierra,65-100,2025,19
44257,Villar del Cobo,0-16,2003,16
44257,Villar del Cobo,16-64,2003,131
44257,Villar del Cobo,65-100,2003,71
44257,Villar del Cobo,0-16,2004,15
44257,Villar del Cobo,16-64,2004,129
44257,Villar del Cobo,65-100,2004,78
44257,Villar del Cobo,0-16,2005,15
44257,Villar del Cobo,16-64,2005,121
44257,Villar del Cobo,65-100,2005,77
44257,Villar del Cobo,0-16,2006,14
44257,Villar del Cobo,16-64,2006,125
44257,Villar del Cobo,65-100,2006,74
44257,Villar del Cobo,0-16,2007,12
44257,Villar del Cobo,16-64,2007,131
44257,Villar del Cobo,65-100,2007,73
44257,Villar del Cobo,0-16,2008,17
44257,Villar del Cobo,16-64,2008,131
44257,Villar del Cobo,65-100,2008,69
44257,Villar del Cobo,0-16,2009,17
44257,Villar del Cobo,16-64,2009,131
44257,Villar del Cobo,65-100,2009,69
44257,Villar del Cobo,0-16,2010,18
44257,Villar del Cobo,16-64,2010,120
44257,Villar del Cobo,65-100,2010,70
44257,Villar del Cobo,0-16,2011,17
44257,Villar del Cobo,16-64,2011,122
44257,Villar del Cobo,65-100,2011,66
44257,Villar del Cobo,0-16,2012,17
44257,Villar del Cobo,16-64,2012,119
44257,Villar del Cobo,65-100,2012,66
44257,Villar del Cobo,0-16,2013,14
44257,Villar del Cobo,16-64,2013,111
44257,Villar del Cobo,65-100,2013,67
44257,Villar del Cobo,0-16,2014,13
44257,Villar del Cobo,16-64,2014,111
44257,Villar del Cobo,65-100,2014,66
44257,Villar del Cobo,0-16,2015,14
44257,Villar del Cobo,16-64,2015,107
44257,Villar del Cobo,65-100,2015,68
44257,Villar del Cobo,0-16,2016,17
44257,Villar del Cobo,16-64,2016,107
44257,Villar del Cobo,65-100,2016,64
44257,Villar del Cobo,0-16,2017,9
44257,Villar del Cobo,16-64,2017,99
44257,Villar del Cobo,65-100,2017,67
44257,Villar del Cobo,0-16,2018,4
44257,Villar del Cobo,16-64,2018,92
44257,Villar del Cobo,65-100,2018,68
44257,Villar del Cobo,0-16,2019,5
44257,Villar del Cobo,16-64,2019,94
44257,Villar del Cobo,65-100,2019,65
44257,Villar del Cobo,0-16,2020,7
44257,Villar del Cobo,16-64,2020,89
44257,Villar del Cobo,65-100,2020,64
44257,Villar del Cobo,0-16,2021,7
44257,Villar del Cobo,16-64,2021,91
44257,Villar del Cobo,65-100,2021,65
44257,Villar del Cobo,0-16,2022,8
44257,Villar del Cobo,16-64,2022,94
44257,Villar del Cobo,65-100,2022,63
44257,Villar del Cobo,0-16,2023,8
44257,Villar del Cobo,16-64,2023,93
44257,Villar del Cobo,65-100,2023,62
44257,Villar del Cobo,0-16,2024,8
44257,Villar del Cobo,16-64,2024,92
44257,Villar del Cobo,65-100,2024,61
44257,Villar del Cobo,0-16,2025,6
44257,Villar del Cobo,16-64,2025,94
44257,Villar del Cobo,65-100,2025,63
44258,Villar del Salz,0-16,2003,7
44258,Villar del Salz,16-64,2003,52
44258,Villar del Salz,65-100,2003,49
44258,Villar del Salz,0-16,2004,5
44258,Villar del Salz,16-64,2004,50
44258,Villar del Salz,65-100,2004,49
44258,Villar del Salz,0-16,2005,3
44258,Villar del Salz,16-64,2005,48
44258,Villar del Salz,65-100,2005,47
44258,Villar del Salz,0-16,2006,3
44258,Villar del Salz,16-64,2006,44
44258,Villar del Salz,65-100,2006,48
44258,Villar del Salz,0-16,2007,3
44258,Villar del Salz,16-64,2007,43
44258,Villar del Salz,65-100,2007,47
44258,Villar del Salz,0-16,2008,3
44258,Villar del Salz,16-64,2008,39
44258,Villar del Salz,65-100,2008,46
44258,Villar del Salz,0-16,2009,2
44258,Villar del Salz,16-64,2009,38
44258,Villar del Salz,65-100,2009,45
44258,Villar del Salz,0-16,2010,2
44258,Villar del Salz,16-64,2010,39
44258,Villar del Salz,65-100,2010,42
44258,Villar del Salz,0-16,2011,3
44258,Villar del Salz,16-64,2011,38
44258,Villar del Salz,65-100,2011,39
44258,Villar del Salz,0-16,2012,3
44258,Villar del Salz,16-64,2012,38
44258,Villar del Salz,65-100,2012,38
44258,Villar del Salz,0-16,2013,2
44258,Villar del Salz,16-64,2013,37
44258,Villar del Salz,65-100,2013,34
44258,Villar del Salz,0-16,2014,2
44258,Villar del Salz,16-64,2014,39
44258,Villar del Salz,65-100,2014,34
44258,Villar del Salz,0-16,2015,2
44258,Villar del Salz,16-64,2015,39
44258,Villar del Salz,65-100,2015,33
44258,Villar del Salz,0-16,2016,2
44258,Villar del Salz,16-64,2016,36
44258,Villar del Salz,65-100,2016,32
44258,Villar del Salz,0-16,2017,1
44258,Villar del Salz,16-64,2017,29
44258,Villar del Salz,65-100,2017,29
44258,Villar del Salz,0-16,2018,1
44258,Villar del Salz,16-64,2018,32
44258,Villar del Salz,65-100,2018,27
44258,Villar del Salz,0-16,2019,1
44258,Villar del Salz,16-64,2019,31
44258,Villar del Salz,65-100,2019,23
44258,Villar del Salz,0-16,2020,3
44258,Villar del Salz,16-64,2020,36
44258,Villar del Salz,65-100,2020,22
44258,Villar del Salz,0-16,2021,6
44258,Villar del Salz,16-64,2021,38
44258,Villar del Salz,65-100,2021,22
44258,Villar del Salz,0-16,2022,5
44258,Villar del Salz,16-64,2022,35
44258,Villar del Salz,65-100,2022,23
44258,Villar del Salz,0-16,2023,5
44258,Villar del Salz,16-64,2023,37
44258,Villar del Salz,65-100,2023,20
44258,Villar del Salz,0-16,2024,2
44258,Villar del Salz,16-64,2024,32
44258,Villar del Salz,65-100,2024,20
44258,Villar del Salz,0-16,2025,4
44258,Villar del Salz,16-64,2025,35
44258,Villar del Salz,65-100,2025,20
44260,Villarluengo,0-16,2003,23
44260,Villarluengo,16-64,2003,121
44260,Villarluengo,65-100,2003,69
44260,Villarluengo,0-16,2004,18
44260,Villarluengo,16-64,2004,126
44260,Villarluengo,65-100,2004,68
44260,Villarluengo,0-16,2005,19
44260,Villarluengo,16-64,2005,127
44260,Villarluengo,65-100,2005,66
44260,Villarluengo,0-16,2006,18
44260,Villarluengo,16-64,2006,123
44260,Villarluengo,65-100,2006,66
44260,Villarluengo,0-16,2007,17
44260,Villarluengo,16-64,2007,121
44260,Villarluengo,65-100,2007,66
44260,Villarluengo,0-16,2008,14
44260,Villarluengo,16-64,2008,136
44260,Villarluengo,65-100,2008,63
44260,Villarluengo,0-16,2009,11
44260,Villarluengo,16-64,2009,125
44260,Villarluengo,65-100,2009,55
44260,Villarluengo,0-16,2010,15
44260,Villarluengo,16-64,2010,125
44260,Villarluengo,65-100,2010,48
44260,Villarluengo,0-16,2011,15
44260,Villarluengo,16-64,2011,132
44260,Villarluengo,65-100,2011,47
44260,Villarluengo,0-16,2012,19
44260,Villarluengo,16-64,2012,140
44260,Villarluengo,65-100,2012,41
44260,Villarluengo,0-16,2013,18
44260,Villarluengo,16-64,2013,136
44260,Villarluengo,65-100,2013,41
44260,Villarluengo,0-16,2014,18
44260,Villarluengo,16-64,2014,133
44260,Villarluengo,65-100,2014,43
44260,Villarluengo,0-16,2015,20
44260,Villarluengo,16-64,2015,126
44260,Villarluengo,65-100,2015,43
44260,Villarluengo,0-16,2016,18
44260,Villarluengo,16-64,2016,118
44260,Villarluengo,65-100,2016,40
44260,Villarluengo,0-16,2017,16
44260,Villarluengo,16-64,2017,110
44260,Villarluengo,65-100,2017,43
44260,Villarluengo,0-16,2018,21
44260,Villarluengo,16-64,2018,115
44260,Villarluengo,65-100,2018,41
44260,Villarluengo,0-16,2019,16
44260,Villarluengo,16-64,2019,111
44260,Villarluengo,65-100,2019,43
44260,Villarluengo,0-16,2020,17
44260,Villarluengo,16-64,2020,112
44260,Villarluengo,65-100,2020,42
44260,Villarluengo,0-16,2021,19
44260,Villarluengo,16-64,2021,106
44260,Villarluengo,65-100,2021,44
44260,Villarluengo,0-16,2022,23
44260,Villarluengo,16-64,2022,106
44260,Villarluengo,65-100,2022,45
44260,Villarluengo,0-16,2023,22
44260,Villarluengo,16-64,2023,112
44260,Villarluengo,65-100,2023,47
44260,Villarluengo,0-16,2024,17
44260,Villarluengo,16-64,2024,97
44260,Villarluengo,65-100,2024,51
44260,Villarluengo,0-16,2025,15
44260,Villarluengo,16-64,2025,92
44260,Villarluengo,65-100,2025,50
44261,Villarquemado,0-16,2003,104
44261,Villarquemado,16-64,2003,503
44261,Villarquemado,65-100,2003,321
44261,Villarquemado,0-16,2004,100
44261,Villarquemado,16-64,2004,521
44261,Villarquemado,65-100,2004,317
44261,Villarquemado,0-16,2005,92
44261,Villarquemado,16-64,2005,519
44261,Villarquemado,65-100,2005,305
44261,Villarquemado,0-16,2006,92
44261,Villarquemado,16-64,2006,525
44261,Villarquemado,65-100,2006,307
44261,Villarquemado,0-16,2007,98
44261,Villarquemado,16-64,2007,533
44261,Villarquemado,65-100,2007,303
44261,Villarquemado,0-16,2008,96
44261,Villarquemado,16-64,2008,542
44261,Villarquemado,65-100,2008,306
44261,Villarquemado,0-16,2009,106
44261,Villarquemado,16-64,2009,562
44261,Villarquemado,65-100,2009,300
44261,Villarquemado,0-16,2010,105
44261,Villarquemado,16-64,2010,551
44261,Villarquemado,65-100,2010,284
44261,Villarquemado,0-16,2011,93
44261,Villarquemado,16-64,2011,537
44261,Villarquemado,65-100,2011,276
44261,Villarquemado,0-16,2012,90
44261,Villarquemado,16-64,2012,537
44261,Villarquemado,65-100,2012,277
44261,Villarquemado,0-16,2013,87
44261,Villarquemado,16-64,2013,531
44261,Villarquemado,65-100,2013,271
44261,Villarquemado,0-16,2014,86
44261,Villarquemado,16-64,2014,537
44261,Villarquemado,65-100,2014,263
44261,Villarquemado,0-16,2015,84
44261,Villarquemado,16-64,2015,530
44261,Villarquemado,65-100,2015,255
44261,Villarquemado,0-16,2016,88
44261,Villarquemado,16-64,2016,523
44261,Villarquemado,65-100,2016,252
44261,Villarquemado,0-16,2017,94
44261,Villarquemado,16-64,2017,524
44261,Villarquemado,65-100,2017,257
44261,Villarquemado,0-16,2018,91
44261,Villarquemado,16-64,2018,524
44261,Villarquemado,65-100,2018,247
44261,Villarquemado,0-16,2019,92
44261,Villarquemado,16-64,2019,525
44261,Villarquemado,65-100,2019,246
44261,Villarquemado,0-16,2020,87
44261,Villarquemado,16-64,2020,507
44261,Villarquemado,65-100,2020,247
44261,Villarquemado,0-16,2021,81
44261,Villarquemado,16-64,2021,517
44261,Villarquemado,65-100,2021,248
44261,Villarquemado,0-16,2022,86
44261,Villarquemado,16-64,2022,517
44261,Villarquemado,65-100,2022,254
44261,Villarquemado,0-16,2023,95
44261,Villarquemado,16-64,2023,520
44261,Villarquemado,65-100,2023,254
44261,Villarquemado,0-16,2024,100
44261,Villarquemado,16-64,2024,519
44261,Villarquemado,65-100,2024,252
44261,Villarquemado,0-16,2025,106
44261,Villarquemado,16-64,2025,535
44261,Villarquemado,65-100,2025,259
44262,Villarroya de los Pinares,0-16,2003,16
44262,Villarroya de los Pinares,16-64,2003,97
44262,Villarroya de los Pinares,65-100,2003,80
44262,Villarroya de los Pinares,0-16,2004,18
44262,Villarroya de los Pinares,16-64,2004,98
44262,Villarroya de los Pinares,65-100,2004,74
44262,Villarroya de los Pinares,0-16,2005,18
44262,Villarroya de los Pinares,16-64,2005,97
44262,Villarroya de los Pinares,65-100,2005,73
44262,Villarroya de los Pinares,0-16,2006,18
44262,Villarroya de los Pinares,16-64,2006,101
44262,Villarroya de los Pinares,65-100,2006,75
44262,Villarroya de los Pinares,0-16,2007,21
44262,Villarroya de los Pinares,16-64,2007,100
44262,Villarroya de los Pinares,65-100,2007,73
44262,Villarroya de los Pinares,0-16,2008,22
44262,Villarroya de los Pinares,16-64,2008,95
44262,Villarroya de los Pinares,65-100,2008,70
44262,Villarroya de los Pinares,0-16,2009,24
44262,Villarroya de los Pinares,16-64,2009,98
44262,Villarroya de los Pinares,65-100,2009,68
44262,Villarroya de los Pinares,0-16,2010,23
44262,Villarroya de los Pinares,16-64,2010,94
44262,Villarroya de los Pinares,65-100,2010,60
44262,Villarroya de los Pinares,0-16,2011,23
44262,Villarroya de los Pinares,16-64,2011,90
44262,Villarroya de los Pinares,65-100,2011,59
44262,Villarroya de los Pinares,0-16,2012,23
44262,Villarroya de los Pinares,16-64,2012,84
44262,Villarroya de los Pinares,65-100,2012,56
44262,Villarroya de los Pinares,0-16,2013,21
44262,Villarroya de los Pinares,16-64,2013,88
44262,Villarroya de los Pinares,65-100,2013,55
44262,Villarroya de los Pinares,0-16,2014,22
44262,Villarroya de los Pinares,16-64,2014,88
44262,Villarroya de los Pinares,65-100,2014,50
44262,Villarroya de los Pinares,0-16,2015,21
44262,Villarroya de los Pinares,16-64,2015,92
44262,Villarroya de los Pinares,65-100,2015,50
44262,Villarroya de los Pinares,0-16,2016,19
44262,Villarroya de los Pinares,16-64,2016,94
44262,Villarroya de los Pinares,65-100,2016,47
44262,Villarroya de los Pinares,0-16,2017,19
44262,Villarroya de los Pinares,16-64,2017,89
44262,Villarroya de los Pinares,65-100,2017,47
44262,Villarroya de los Pinares,0-16,2018,18
44262,Villarroya de los Pinares,16-64,2018,97
44262,Villarroya de los Pinares,65-100,2018,45
44262,Villarroya de los Pinares,0-16,2019,19
44262,Villarroya de los Pinares,16-64,2019,105
44262,Villarroya de los Pinares,65-100,2019,48
44262,Villarroya de los Pinares,0-16,2020,20
44262,Villarroya de los Pinares,16-64,2020,102
44262,Villarroya de los Pinares,65-100,2020,39
44262,Villarroya de los Pinares,0-16,2021,24
44262,Villarroya de los Pinares,16-64,2021,115
44262,Villarroya de los Pinares,65-100,2021,36
44262,Villarroya de los Pinares,0-16,2022,23
44262,Villarroya de los Pinares,16-64,2022,111
44262,Villarroya de los Pinares,65-100,2022,38
44262,Villarroya de los Pinares,0-16,2023,18
44262,Villarroya de los Pinares,16-64,2023,112
44262,Villarroya de los Pinares,65-100,2023,38
44262,Villarroya de los Pinares,0-16,2024,19
44262,Villarroya de los Pinares,16-64,2024,106
44262,Villarroya de los Pinares,65-100,2024,39
44262,Villarroya de los Pinares,0-16,2025,18
44262,Villarroya de los Pinares,16-64,2025,100
44262,Villarroya de los Pinares,65-100,2025,42
44263,Villastar,0-16,2003,36
44263,Villastar,16-64,2003,172
44263,Villastar,65-100,2003,130
44263,Villastar,0-16,2004,33
44263,Villastar,16-64,2004,168
44263,Villastar,65-100,2004,126
44263,Villastar,0-16,2005,38
44263,Villastar,16-64,2005,167
44263,Villastar,65-100,2005,128
44263,Villastar,0-16,2006,41
44263,Villastar,16-64,2006,176
44263,Villastar,65-100,2006,130
44263,Villastar,0-16,2007,41
44263,Villastar,16-64,2007,190
44263,Villastar,65-100,2007,120
44263,Villastar,0-16,2008,46
44263,Villastar,16-64,2008,198
44263,Villastar,65-100,2008,115
44263,Villastar,0-16,2009,61
44263,Villastar,16-64,2009,251
44263,Villastar,65-100,2009,115
44263,Villastar,0-16,2010,78
44263,Villastar,16-64,2010,268
44263,Villastar,65-100,2010,104
44263,Villastar,0-16,2011,77
44263,Villastar,16-64,2011,273
44263,Villastar,65-100,2011,98
44263,Villastar,0-16,2012,87
44263,Villastar,16-64,2012,297
44263,Villastar,65-100,2012,96
44263,Villastar,0-16,2013,91
44263,Villastar,16-64,2013,309
44263,Villastar,65-100,2013,98
44263,Villastar,0-16,2014,98
44263,Villastar,16-64,2014,328
44263,Villastar,65-100,2014,96
44263,Villastar,0-16,2015,102
44263,Villastar,16-64,2015,337
44263,Villastar,65-100,2015,87
44263,Villastar,0-16,2016,89
44263,Villastar,16-64,2016,321
44263,Villastar,65-100,2016,93
44263,Villastar,0-16,2017,89
44263,Villastar,16-64,2017,323
44263,Villastar,65-100,2017,89
44263,Villastar,0-16,2018,81
44263,Villastar,16-64,2018,324
44263,Villastar,65-100,2018,89
44263,Villastar,0-16,2019,89
44263,Villastar,16-64,2019,324
44263,Villastar,65-100,2019,92
44263,Villastar,0-16,2020,91
44263,Villastar,16-64,2020,331
44263,Villastar,65-100,2020,85
44263,Villastar,0-16,2021,113
44263,Villastar,16-64,2021,350
44263,Villastar,65-100,2021,85
44263,Villastar,0-16,2022,106
44263,Villastar,16-64,2022,348
44263,Villastar,65-100,2022,89
44263,Villastar,0-16,2023,105
44263,Villastar,16-64,2023,347
44263,Villastar,65-100,2023,88
44263,Villastar,0-16,2024,106
44263,Villastar,16-64,2024,359
44263,Villastar,65-100,2024,83
44263,Villastar,0-16,2025,108
44263,Villastar,16-64,2025,369
44263,Villastar,65-100,2025,89
44264,Villel,0-16,2003,22
44264,Villel,16-64,2003,192
44264,Villel,65-100,2003,133
44264,Villel,0-16,2004,26
44264,Villel,16-64,2004,203
44264,Villel,65-100,2004,125
44264,Villel,0-16,2005,24
44264,Villel,16-64,2005,183
44264,Villel,65-100,2005,115
44264,Villel,0-16,2006,23
44264,Villel,16-64,2006,212
44264,Villel,65-100,2006,112
44264,Villel,0-16,2007,29
44264,Villel,16-64,2007,220
44264,Villel,65-100,2007,118
44264,Villel,0-16,2008,34
44264,Villel,16-64,2008,227
44264,Villel,65-100,2008,116
44264,Villel,0-16,2009,39
44264,Villel,16-64,2009,223
44264,Villel,65-100,2009,120
44264,Villel,0-16,2010,45
44264,Villel,16-64,2010,201
44264,Villel,65-100,2010,120
44264,Villel,0-16,2011,39
44264,Villel,16-64,2011,194
44264,Villel,65-100,2011,109
44264,Villel,0-16,2012,45
44264,Villel,16-64,2012,196
44264,Villel,65-100,2012,106
44264,Villel,0-16,2013,43
44264,Villel,16-64,2013,208
44264,Villel,65-100,2013,104
44264,Villel,0-16,2014,38
44264,Villel,16-64,2014,212
44264,Villel,65-100,2014,98
44264,Villel,0-16,2015,39
44264,Villel,16-64,2015,210
44264,Villel,65-100,2015,93
44264,Villel,0-16,2016,40
44264,Villel,16-64,2016,208
44264,Villel,65-100,2016,90
44264,Villel,0-16,2017,38
44264,Villel,16-64,2017,203
44264,Villel,65-100,2017,89
44264,Villel,0-16,2018,37
44264,Villel,16-64,2018,199
44264,Villel,65-100,2018,91
44264,Villel,0-16,2019,42
44264,Villel,16-64,2019,194
44264,Villel,65-100,2019,93
44264,Villel,0-16,2020,40
44264,Villel,16-64,2020,204
44264,Villel,65-100,2020,89
44264,Villel,0-16,2021,42
44264,Villel,16-64,2021,196
44264,Villel,65-100,2021,87
44264,Villel,0-16,2022,43
44264,Villel,16-64,2022,202
44264,Villel,65-100,2022,84
44264,Villel,0-16,2023,46
44264,Villel,16-64,2023,197
44264,Villel,65-100,2023,86
44264,Villel,0-16,2024,49
44264,Villel,16-64,2024,209
44264,Villel,65-100,2024,80
44264,Villel,0-16,2025,49
44264,Villel,16-64,2025,209
44264,Villel,65-100,2025,80
44265,Vinaceite,0-16,2003,21
44265,Vinaceite,16-64,2003,159
44265,Vinaceite,65-100,2003,102
44265,Vinaceite,0-16,2004,22
44265,Vinaceite,16-64,2004,151
44265,Vinaceite,65-100,2004,108
44265,Vinaceite,0-16,2005,18
44265,Vinaceite,16-64,2005,147
44265,Vinaceite,65-100,2005,106
44265,Vinaceite,0-16,2006,14
44265,Vinaceite,16-64,2006,127
44265,Vinaceite,65-100,2006,108
44265,Vinaceite,0-16,2007,30
44265,Vinaceite,16-64,2007,194
44265,Vinaceite,65-100,2007,108
44265,Vinaceite,0-16,2008,32
44265,Vinaceite,16-64,2008,191
44265,Vinaceite,65-100,2008,99
44265,Vinaceite,0-16,2009,35
44265,Vinaceite,16-64,2009,197
44265,Vinaceite,65-100,2009,98
44265,Vinaceite,0-16,2010,29
44265,Vinaceite,16-64,2010,189
44265,Vinaceite,65-100,2010,96
44265,Vinaceite,0-16,2011,31
44265,Vinaceite,16-64,2011,183
44265,Vinaceite,65-100,2011,87
44265,Vinaceite,0-16,2012,38
44265,Vinaceite,16-64,2012,182
44265,Vinaceite,65-100,2012,88
44265,Vinaceite,0-16,2013,25
44265,Vinaceite,16-64,2013,172
44265,Vinaceite,65-100,2013,90
44265,Vinaceite,0-16,2014,27
44265,Vinaceite,16-64,2014,158
44265,Vinaceite,65-100,2014,89
44265,Vinaceite,0-16,2015,26
44265,Vinaceite,16-64,2015,147
44265,Vinaceite,65-100,2015,89
44265,Vinaceite,0-16,2016,26
44265,Vinaceite,16-64,2016,147
44265,Vinaceite,65-100,2016,89
44265,Vinaceite,0-16,2017,29
44265,Vinaceite,16-64,2017,147
44265,Vinaceite,65-100,2017,86
44265,Vinaceite,0-16,2018,26
44265,Vinaceite,16-64,2018,139
44265,Vinaceite,65-100,2018,84
44265,Vinaceite,0-16,2019,28
44265,Vinaceite,16-64,2019,137
44265,Vinaceite,65-100,2019,86
44265,Vinaceite,0-16,2020,21
44265,Vinaceite,16-64,2020,126
44265,Vinaceite,65-100,2020,84
44265,Vinaceite,0-16,2021,18
44265,Vinaceite,16-64,2021,119
44265,Vinaceite,65-100,2021,78
44265,Vinaceite,0-16,2022,16
44265,Vinaceite,16-64,2022,121
44265,Vinaceite,65-100,2022,74
44265,Vinaceite,0-16,2023,13
44265,Vinaceite,16-64,2023,121
44265,Vinaceite,65-100,2023,66
44265,Vinaceite,0-16,2024,11
44265,Vinaceite,16-64,2024,109
44265,Vinaceite,65-100,2024,60
44265,Vinaceite,0-16,2025,14
44265,Vinaceite,16-64,2025,107
44265,Vinaceite,65-100,2025,59
44266,Visiedo,0-16,2003,12
44266,Visiedo,16-64,2003,95
44266,Visiedo,65-100,2003,82
44266,Visiedo,0-16,2004,12
44266,Visiedo,16-64,2004,94
44266,Visiedo,65-100,2004,82
44266,Visiedo,0-16,2005,10
44266,Visiedo,16-64,2005,86
44266,Visiedo,65-100,2005,78
44266,Visiedo,0-16,2006,9
44266,Visiedo,16-64,2006,82
44266,Visiedo,65-100,2006,73
44266,Visiedo,0-16,2007,8
44266,Visiedo,16-64,2007,79
44266,Visiedo,65-100,2007,70
44266,Visiedo,0-16,2008,10
44266,Visiedo,16-64,2008,83
44266,Visiedo,65-100,2008,69
44266,Visiedo,0-16,2009,9
44266,Visiedo,16-64,2009,80
44266,Visiedo,65-100,2009,65
44266,Visiedo,0-16,2010,8
44266,Visiedo,16-64,2010,77
44266,Visiedo,65-100,2010,64
44266,Visiedo,0-16,2011,7
44266,Visiedo,16-64,2011,78
44266,Visiedo,65-100,2011,63
44266,Visiedo,0-16,2012,5
44266,Visiedo,16-64,2012,75
44266,Visiedo,65-100,2012,65
44266,Visiedo,0-16,2013,5
44266,Visiedo,16-64,2013,65
44266,Visiedo,65-100,2013,71
44266,Visiedo,0-16,2014,6
44266,Visiedo,16-64,2014,59
44266,Visiedo,65-100,2014,72
44266,Visiedo,0-16,2015,7
44266,Visiedo,16-64,2015,52
44266,Visiedo,65-100,2015,74
44266,Visiedo,0-16,2016,10
44266,Visiedo,16-64,2016,54
44266,Visiedo,65-100,2016,74
44266,Visiedo,0-16,2017,15
44266,Visiedo,16-64,2017,51
44266,Visiedo,65-100,2017,69
44266,Visiedo,0-16,2018,11
44266,Visiedo,16-64,2018,47
44266,Visiedo,65-100,2018,67
44266,Visiedo,0-16,2019,9
44266,Visiedo,16-64,2019,46
44266,Visiedo,65-100,2019,64
44266,Visiedo,0-16,2020,13
44266,Visiedo,16-64,2020,54
44266,Visiedo,65-100,2020,64
44266,Visiedo,0-16,2021,11
44266,Visiedo,16-64,2021,49
44266,Visiedo,65-100,2021,64
44266,Visiedo,0-16,2022,10
44266,Visiedo,16-64,2022,47
44266,Visiedo,65-100,2022,61
44266,Visiedo,0-16,2023,10
44266,Visiedo,16-64,2023,53
44266,Visiedo,65-100,2023,63
44266,Visiedo,0-16,2024,13
44266,Visiedo,16-64,2024,52
44266,Visiedo,65-100,2024,66
44266,Visiedo,0-16,2025,13
44266,Visiedo,16-64,2025,58
44266,Visiedo,65-100,2025,62
44267,Vivel del Río Martín,0-16,2003,1
44267,Vivel del Río Martín,16-64,2003,46
44267,Vivel del Río Martín,65-100,2003,37
44267,Vivel del Río Martín,0-16,2004,3
44267,Vivel del Río Martín,16-64,2004,44
44267,Vivel del Río Martín,65-100,2004,37
44267,Vivel del Río Martín,0-16,2005,3
44267,Vivel del Río Martín,16-64,2005,42
44267,Vivel del Río Martín,65-100,2005,39
44267,Vivel del Río Martín,0-16,2006,2
44267,Vivel del Río Martín,16-64,2006,52
44267,Vivel del Río Martín,65-100,2006,42
44267,Vivel del Río Martín,0-16,2007,2
44267,Vivel del Río Martín,16-64,2007,46
44267,Vivel del Río Martín,65-100,2007,44
44267,Vivel del Río Martín,0-16,2008,4
44267,Vivel del Río Martín,16-64,2008,47
44267,Vivel del Río Martín,65-100,2008,41
44267,Vivel del Río Martín,0-16,2009,4
44267,Vivel del Río Martín,16-64,2009,47
44267,Vivel del Río Martín,65-100,2009,40
44267,Vivel del Río Martín,0-16,2010,4
44267,Vivel del Río Martín,16-64,2010,44
44267,Vivel del Río Martín,65-100,2010,38
44267,Vivel del Río Martín,0-16,2011,4
44267,Vivel del Río Martín,16-64,2011,45
44267,Vivel del Río Martín,65-100,2011,42
44267,Vivel del Río Martín,0-16,2012,3
44267,Vivel del Río Martín,16-64,2012,40
44267,Vivel del Río Martín,65-100,2012,43
44267,Vivel del Río Martín,0-16,2013,3
44267,Vivel del Río Martín,16-64,2013,35
44267,Vivel del Río Martín,65-100,2013,43
44267,Vivel del Río Martín,0-16,2014,1
44267,Vivel del Río Martín,16-64,2014,32
44267,Vivel del Río Martín,65-100,2014,45
44267,Vivel del Río Martín,0-16,2015,3
44267,Vivel del Río Martín,16-64,2015,35
44267,Vivel del Río Martín,65-100,2015,45
44267,Vivel del Río Martín,0-16,2016,2
44267,Vivel del Río Martín,16-64,2016,35
44267,Vivel del Río Martín,65-100,2016,41
44267,Vivel del Río Martín,0-16,2017,1
44267,Vivel del Río Martín,16-64,2017,29
44267,Vivel del Río Martín,65-100,2017,41
44267,Vivel del Río Martín,0-16,2018,2
44267,Vivel del Río Martín,16-64,2018,38
44267,Vivel del Río Martín,65-100,2018,39
44267,Vivel del Río Martín,0-16,2019,0
44267,Vivel del Río Martín,16-64,2019,32
44267,Vivel del Río Martín,65-100,2019,41
44267,Vivel del Río Martín,0-16,2020,0
44267,Vivel del Río Martín,16-64,2020,31
44267,Vivel del Río Martín,65-100,2020,41
44267,Vivel del Río Martín,0-16,2021,1
44267,Vivel del Río Martín,16-64,2021,34
44267,Vivel del Río Martín,65-100,2021,40
44267,Vivel del Río Martín,0-16,2022,2
44267,Vivel del Río Martín,16-64,2022,32
44267,Vivel del Río Martín,65-100,2022,34
44267,Vivel del Río Martín,0-16,2023,2
44267,Vivel del Río Martín,16-64,2023,30
44267,Vivel del Río Martín,65-100,2023,35
44267,Vivel del Río Martín,0-16,2024,2
44267,Vivel del Río Martín,16-64,2024,28
44267,Vivel del Río Martín,65-100,2024,33
44267,Vivel del Río Martín,0-16,2025,4
44267,Vivel del Río Martín,16-64,2025,30
44267,Vivel del Río Martín,65-100,2025,29
44268,La Zoma,0-16,2003,3
44268,La Zoma,16-64,2003,14
44268,La Zoma,65-100,2003,11
44268,La Zoma,0-16,2004,3
44268,La Zoma,16-64,2004,14
44268,La Zoma,65-100,2004,10
44268,La Zoma,0-16,2005,2
44268,La Zoma,16-64,2005,15
44268,La Zoma,65-100,2005,10
44268,La Zoma,0-16,2006,1
44268,La Zoma,16-64,2006,13
44268,La Zoma,65-100,2006,10
44268,La Zoma,0-16,2007,1
44268,La Zoma,16-64,2007,12
44268,La Zoma,65-100,2007,10
44268,La Zoma,0-16,2008,1
44268,La Zoma,16-64,2008,12
44268,La Zoma,65-100,2008,9
44268,La Zoma,0-16,2009,0
44268,La Zoma,16-64,2009,11
44268,La Zoma,65-100,2009,11
44268,La Zoma,0-16,2010,0
44268,La Zoma,16-64,2010,11
44268,La Zoma,65-100,2010,11
44268,La Zoma,0-16,2011,0
44268,La Zoma,16-64,2011,11
44268,La Zoma,65-100,2011,11
44268,La Zoma,0-16,2012,0
44268,La Zoma,16-64,2012,11
44268,La Zoma,65-100,2012,11
44268,La Zoma,0-16,2013,0
44268,La Zoma,16-64,2013,9
44268,La Zoma,65-100,2013,10
44268,La Zoma,0-16,2014,0
44268,La Zoma,16-64,2014,9
44268,La Zoma,65-100,2014,10
44268,La Zoma,0-16,2015,0
44268,La Zoma,16-64,2015,9
44268,La Zoma,65-100,2015,9
44268,La Zoma,0-16,2016,0
44268,La Zoma,16-64,2016,7
44268,La Zoma,65-100,2016,9
44268,La Zoma,0-16,2017,0
44268,La Zoma,16-64,2017,9
44268,La Zoma,65-100,2017,9
44268,La Zoma,0-16,2018,0
44268,La Zoma,16-64,2018,8
44268,La Zoma,65-100,2018,8
44268,La Zoma,0-16,2019,0
44268,La Zoma,16-64,2019,23
44268,La Zoma,65-100,2019,10
44268,La Zoma,0-16,2020,0
44268,La Zoma,16-64,2020,22
44268,La Zoma,65-100,2020,10
44268,La Zoma,0-16,2021,0
44268,La Zoma,16-64,2021,21
44268,La Zoma,65-100,2021,10
44268,La Zoma,0-16,2022,0
44268,La Zoma,16-64,2022,19
44268,La Zoma,65-100,2022,11
44268,La Zoma,0-16,2023,0
44268,La Zoma,16-64,2023,18
44268,La Zoma,65-100,2023,9
44268,La Zoma,0-16,2024,0
44268,La Zoma,16-64,2024,17
44268,La Zoma,65-100,2024,10
44268,La Zoma,0-16,2025,0
44268,La Zoma,16-64,2025,17
44268,La Zoma,65-100,2025,11
