year,cp,name,population,superficie
1900,44001,Ababuj,459,54
1900,44002,Abejuela,698,86.67
1900,44003,Aguatón,181,21.64
1900,44004,Aguaviva,1781,42.15
1900,44005,Aguilar del Alfambra,524,39.04
1900,44006,Alacón,931,47
1900,44007,Alba,634,69.53
1900,44008,Albalate del Arzobispo,4291,205.69
1900,44009,Albarracín,1932,452.72
1900,44010,Albentosa,1003,68
1900,44011,Alcaine,1103,57.38
1900,44012,Alcalá de la Selva,1648,104.95
1900,44013,Alcañiz,7699,472.12
1900,44014,Alcorisa,3119,121
1900,44016,Alfambra,1355,122.44
1900,44017,Aliaga,1754,193.08
1900,44018,Almohaja,243,25.55
1900,44019,Alobras,546,30.72
1900,44020,Alpeñés,224,28.62
1900,44021,Allepuz,1040,67.26
1900,44022,Alloza,1773,81
1900,44023,Allueva,216,18.65
1900,44024,Anadón,355,24.62
1900,44025,Andorra,2704,141.36
1900,44026,Arcos de las Salinas,1353,112.99
1900,44027,Arens de Lledó,759,34.27
1900,44028,Argente,716,62.58
1900,44029,Ariño,1366,81.93
1900,44031,Azaila,742,81.44
1900,44032,Bádenas,454,31.31
1900,44033,Báguena,1420,25.17
1900,44034,Bañón,693,54.27
1900,44035,Barrachina,697,24.86
1900,44036,Bea,170,23.37
1900,44037,Beceite,2252,96.72
1900,44038,Belmonte de San José,817,33.99
1900,44039,Bello,989,52.49
1900,44040,Berge,816,42.64
1900,44041,Bezas,357,26.32
1900,44042,Blancas,859,73
1900,44043,Blesa,1325,80.39
1900,44044,Bordón,586,29.98
1900,44045,Bronchales,950,59
1900,44046,Bueña,352,40.75
1900,44047,Burbáguena,1350,39.02
1900,44048,Cabra de Mora,563,34.31
1900,44049,Calaceite,2579,81.33
1900,44050,Calamocha,6017,316.63
1900,44051,Calanda,3924,112.25
1900,44052,Calomarde,422,28.18
1900,44053,Camañas,450,78.67
1900,44054,Camarena de la Sierra,882,79.54
1900,44055,Camarillas,816,50.55
1900,44056,Caminreal,1349,44.39
1900,44059,Cantavieja,1962,124.56
1900,44060,Cañada de Benatanduz,642,34.89
1900,44061,La Cañada de Verich,287,10.86
1900,44062,Cañada Vellida,201,23
1900,44063,Cañizar del Olivar,507,22.29
1900,44064,Cascante del Río,574,32.38
1900,44065,Castejón de Tornos,475,30.89
1900,44066,Castel de Cabra,623,29.44
1900,44067,Castelnou,680,37.09
1900,44068,Castelserás,2177,31.52
1900,44070,El Castellar,489,50.33
1900,44071,Castellote,5122,235.18
1900,44074,Cedrillas,957,73.57
1900,44075,Celadas,876,100.45
1900,44076,Cella,2567,124.68
1900,44077,La Cerollera,450,33.75
1900,44080,La Codoñera,1342,20.97
1900,44082,Corbalán,484,82.44
1900,44084,Cortes de Aragón,492,24.43
1900,44085,Cosa,385,54.81
1900,44086,Cretas,1562,52.66
1900,44087,Crivillén,937,42.03
1900,44088,La Cuba,357,6.51
1900,44089,Cubla,363,48.63
1900,44090,Cucalón,525,31.93
1900,44092,El Cuervo,576,20.76
1900,44093,Cuevas de Almudén,243,35.85
1900,44094,Cuevas Labradas,401,40.81
1900,44096,Ejulve,1291,109.49
1900,44097,Escorihuela,493,56.99
1900,44099,Escucha,707,41.57
1900,44100,Estercuel,964,55.59
1900,44101,Ferreruela de Huerva,262,20.44
1900,44102,Fonfría,205,20.58
1900,44103,Formiche Alto,1029,78.17
1900,44105,Fórnoles,742,32.56
1900,44106,Fortanete,1570,168.21
1900,44107,Foz-Calanda,786,37.87
1900,44108,La Fresneda,1799,39.48
1900,44109,Frías de Albarracín,665,50.79
1900,44110,Fuenferrada,402,24.53
1900,44111,Fuentes Calientes,243,25.01
1900,44112,Fuentes Claras,1123,36.91
1900,44113,Fuentes de Rubielos,895,38.91
1900,44114,Fuentespalda,927,39
1900,44115,Galve,468,61.23
1900,44116,Gargallo,644,30.08
1900,44117,Gea de Albarracín,1168,57
1900,44118,La Ginebrosa,1116,80
1900,44119,Griegos,415,31.77
1900,44120,Guadalaviar,492,28.08
1900,44121,Gúdar,730,60.77
1900,44122,Híjar,3330,165.36
1900,44123,Hinojosa de Jarque,546,36.47
1900,44124,La Hoz de la Vieja,924,43.73
1900,44125,Huesa del Común,1284,61.69
1900,44126,La Iglesuela del Cid,1485,40.29
1900,44127,Jabaloyas,934,61.73
1900,44128,Jarque de la Val,277,29.23
1900,44129,Jatiel,255,10.84
1900,44130,Jorcas,462,26
1900,44131,Josa,615,28.23
1900,44132,Lagueruela,252,26.32
1900,44133,Lanzuela,243,14.22
1900,44135,Libros,607,37.91
1900,44136,Lidón,308,40
1900,44137,Linares de Mora,1592,116.28
1900,44138,Loscos,1507,83.99
1900,44141,Lledó,580,15.61
1900,44142,Maicas,391,24.74
1900,44143,Manzanera,2750,168.66
1900,44144,Martín del Río,729,54.88
1900,44145,Mas de las Matas,1981,29.99
1900,44146,La Mata de los Olmos,458,23.73
1900,44147,Mazaleón,1403,86.25
1900,44148,Mezquita de Jarque,327,31.14
1900,44149,Mirambel,835,45.47
1900,44150,Miravete de la Sierra,486,36.51
1900,44151,Molinos,1405,79.61
1900,44152,Monforte de Moyuela,694,47.74
1900,44153,Monreal del Campo,2330,89.05
1900,44154,Monroyo,1284,79.23
1900,44155,Montalbán,2020,82.04
1900,44156,Monteagudo del Castillo,489,44.36
1900,44157,Monterde de Albarracín,488,45.21
1900,44158,Mora de Rubielos,3213,166.23
1900,44159,Moscardón,494,26.93
1900,44160,Mosqueruela,3103,265.03
1900,44161,Muniesa,1860,129
1900,44163,Noguera de Albarracín,489,47.44
1900,44164,Nogueras,359,18.85
1900,44165,Nogueruelas,1156,99.49
1900,44167,Obón,1257,68.38
1900,44168,Odón,974,74.24
1900,44169,Ojos Negros,1436,90.92
1900,44171,Olba,1802,20.99
1900,44172,Oliete,2146,85.48
1900,44173,Los Olmos,600,43.97
1900,44174,Orihuela del Tremedal,945,71.52
1900,44175,Orrios,430,44.23
1900,44176,Palomar de Arroyos,612,33.62
1900,44177,Pancrudo,1000,100.12
1900,44178,Las Parras de Castellote,1107,42.13
1900,44179,Peñarroya de Tastavins,1702,83.28
1900,44180,Peracense,385,28.66
1900,44181,Peralejos,286,36
1900,44182,Perales del Alfambra,817,104.24
1900,44183,Pitarque,938,54.35
1900,44184,Plou,529,17.21
1900,44185,El Pobo,497,63
1900,44187,La Portellada,860,21.37
1900,44189,Pozondón,539,67.64
1900,44190,Pozuel del Campo,598,27.85
1900,44191,La Puebla de Híjar,1921,60.80
1900,44192,La Puebla de Valverde,1982,282.76
1900,44193,Puertomingalvo,1271,103.62
1900,44194,Ráfales,859,35.61
1900,44195,Rillo,502,53.31
1900,44196,Riodeva,716,34.34
1900,44197,Ródenas,415,44.26
1900,44198,Royuela,459,32
1900,44199,Rubiales,290,27.42
1900,44200,Rubielos de la Cérida,501,66
1900,44201,Rubielos de Mora,2284,66
1900,44203,Salcedillo,155,16.89
1900,44204,Saldón,435,28.37
1900,44205,Samper de Calanda,2647,142
1900,44206,San Agustín,1204,56.57
1900,44207,San Martín del Río,1330,16.57
1900,44208,Santa Cruz de Nogueras,346,15.17
1900,44209,Santa Eulalia,1164,80.97
1900,44210,Sarrión,2233,140.44
1900,44211,Segura de los Baños,795,54.15
1900,44212,Seno,453,17.85
1900,44213,Singra,399,36.72
1900,44215,Terriente,1109,47.98
1900,44216,Teruel,12745,440.41
1900,44217,Toril y Masegoso,366,30.67
1900,44218,Tormón,303,29.34
1900,44219,Tornos,578,48.95
1900,44220,Torralba de los Sisones,608,44.78
1900,44221,Torrecilla de Alcañiz,1105,26.76
1900,44222,Torrecilla del Rebollar,891,63.44
1900,44223,Torre de Arcas,485,34.28
1900,44224,Torre de las Arcas,545,37.17
1900,44225,Torre del Compte,748,19.46
1900,44226,Torrelacárcel,521,35.54
1900,44227,Torre los Negros,456,29.15
1900,44228,Torremocha de Jiloca,420,33.94
1900,44229,Torres de Albarracín,591,28.31
1900,44230,Torrevelilla,776,33.44
1900,44231,Torrijas,689,57.34
1900,44232,Torrijo del Campo,1308,44.04
1900,44234,Tramacastiel,668,47.29
1900,44235,Tramacastilla,455,24.81
1900,44236,Tronchón,997,57.11
1900,44237,Urrea de Gaén,1195,41.12
1900,44238,Utrillas,712,39.82
1900,44239,Valacloche,219,15.02
1900,44240,Valbona,675,40.72
1900,44241,Valdealgorfa,1665,46.93
1900,44243,Valdecuenca,320,18.64
1900,44244,Valdelinares,825,55.09
1900,44245,Valdeltormo,699,16
1900,44246,Valderrobres,3058,124.04
1900,44247,Valjunquera,1225,41.84
1900,44249,El Vallecillo,467,21.59
1900,44250,Veguillas de la Sierra,292,13.67
1900,44251,Villafranca del Campo,988,63.64
1900,44252,Villahermosa del Campo,236,19
1900,44256,Villanueva del Rebollar de la Sierra,309,18.99
1900,44257,Villar del Cobo,596,54.13
1900,44258,Villar del Salz,412,38.69
1900,44260,Villarluengo,2128,157.89
1900,44261,Villarquemado,872,56.43
1900,44262,Villarroya de los Pinares,1095,66.43
1900,44263,Villastar,737,39.05
1900,44264,Villel,1182,85.38
1900,44265,Vinaceite,544,50.07
1900,44266,Visiedo,656,55.53
1900,44267,Vivel del Río Martín,946,51.16
1900,44268,La Zoma,181,14
1910,44001,Ababuj,458,54
1910,44002,Abejuela,711,86.67
1910,44003,Aguatón,185,21.64
1910,44004,Aguaviva,1793,42.15
1910,44005,Aguilar del Alfambra,496,39.04
1910,44006,Alacón,1007,47
1910,44007,Alba,694,69.53
1910,44008,Albalate del Arzobispo,4537,205.69
1910,44009,Albarracín,1752,452.72
1910,44010,Albentosa,1038,68
1910,44011,Alcaine,1347,57.38
1910,44012,Alcalá de la Selva,1647,104.95
1910,44013,Alcañiz,8397,472.12
1910,44014,Alcorisa,3575,121
1910,44016,Alfambra,1340,122.44
1910,44017,Aliaga,1799,193.08
1910,44018,Almohaja,271,25.55
1910,44019,Alobras,561,30.72
1910,44020,Alpeñés,241,28.62
1910,44021,Allepuz,1014,67.26
1910,44022,Alloza,1926,81
1910,44023,Allueva,208,18.65
1910,44024,Anadón,391,24.62
1910,44025,Andorra,2979,141.36
1910,44026,Arcos de las Salinas,1280,112.99
1910,44027,Arens de Lledó,766,34.27
1910,44028,Argente,710,62.58
1910,44029,Ariño,1506,81.93
1910,44031,Azaila,778,81.44
1910,44032,Bádenas,451,31.31
1910,44033,Báguena,1402,25.17
1910,44034,Bañón,720,54.27
1910,44035,Barrachina,722,24.86
1910,44036,Bea,167,23.37
1910,44037,Beceite,1902,96.72
1910,44038,Belmonte de San José,820,33.99
1910,44039,Bello,1145,52.49
1910,44040,Berge,804,42.64
1910,44041,Bezas,336,26.32
1910,44042,Blancas,921,73
1910,44043,Blesa,1430,80.39
1910,44044,Bordón,527,29.98
1910,44045,Bronchales,991,59
1910,44046,Bueña,368,40.75
1910,44047,Burbáguena,1168,39.02
1910,44048,Cabra de Mora,538,34.31
1910,44049,Calaceite,2777,81.33
1910,44050,Calamocha,6385,316.63
1910,44051,Calanda,4286,112.25
1910,44052,Calomarde,431,28.18
1910,44053,Camañas,500,78.67
1910,44054,Camarena de la Sierra,881,79.54
1910,44055,Camarillas,782,50.55
1910,44056,Caminreal,1420,44.39
1910,44059,Cantavieja,2049,124.56
1910,44060,Cañada de Benatanduz,611,34.89
1910,44061,La Cañada de Verich,318,10.86
1910,44062,Cañada Vellida,192,23
1910,44063,Cañizar del Olivar,579,22.29
1910,44064,Cascante del Río,612,32.38
1910,44065,Castejón de Tornos,492,30.89
1910,44066,Castel de Cabra,603,29.44
1910,44067,Castelnou,549,37.09
1910,44068,Castelserás,2154,31.52
1910,44070,El Castellar,491,50.33
1910,44071,Castellote,5398,235.18
1910,44074,Cedrillas,987,73.57
1910,44075,Celadas,883,100.45
1910,44076,Cella,2751,124.68
1910,44077,La Cerollera,465,33.75
1910,44080,La Codoñera,1099,20.97
1910,44082,Corbalán,480,82.44
1910,44084,Cortes de Aragón,531,24.43
1910,44085,Cosa,415,54.81
1910,44086,Cretas,1698,52.66
1910,44087,Crivillén,997,42.03
1910,44088,La Cuba,396,6.51
1910,44089,Cubla,309,48.63
1910,44090,Cucalón,523,31.93
1910,44092,El Cuervo,481,20.76
1910,44093,Cuevas de Almudén,233,35.85
1910,44094,Cuevas Labradas,401,40.81
1910,44096,Ejulve,1413,109.49
1910,44097,Escorihuela,546,56.99
1910,44099,Escucha,751,41.57
1910,44100,Estercuel,1256,55.59
1910,44101,Ferreruela de Huerva,293,20.44
1910,44102,Fonfría,189,20.58
1910,44103,Formiche Alto,942,78.17
1910,44105,Fórnoles,753,32.56
1910,44106,Fortanete,1406,168.21
1910,44107,Foz-Calanda,764,37.87
1910,44108,La Fresneda,1915,39.48
1910,44109,Frías de Albarracín,696,50.79
1910,44110,Fuenferrada,407,24.53
1910,44111,Fuentes Calientes,253,25.01
1910,44112,Fuentes Claras,1179,36.91
1910,44113,Fuentes de Rubielos,882,38.91
1910,44114,Fuentespalda,938,39
1910,44115,Galve,450,61.23
1910,44116,Gargallo,609,30.08
1910,44117,Gea de Albarracín,1110,57
1910,44118,La Ginebrosa,1152,80
1910,44119,Griegos,429,31.77
1910,44120,Guadalaviar,562,28.08
1910,44121,Gúdar,689,60.77
1910,44122,Híjar,3776,165.36
1910,44123,Hinojosa de Jarque,521,36.47
1910,44124,La Hoz de la Vieja,975,43.73
1910,44125,Huesa del Común,1432,61.69
1910,44126,La Iglesuela del Cid,1486,40.29
1910,44127,Jabaloyas,959,61.73
1910,44128,Jarque de la Val,290,29.23
1910,44129,Jatiel,252,10.84
1910,44130,Jorcas,429,26
1910,44131,Josa,646,28.23
1910,44132,Lagueruela,294,26.32
1910,44133,Lanzuela,224,14.22
1910,44135,Libros,755,37.91
1910,44136,Lidón,316,40
1910,44137,Linares de Mora,1679,116.28
1910,44138,Loscos,1522,83.99
1910,44141,Lledó,629,15.61
1910,44142,Maicas,440,24.74
1910,44143,Manzanera,2985,168.66
1910,44144,Martín del Río,825,54.88
1910,44145,Mas de las Matas,2223,29.99
1910,44146,La Mata de los Olmos,467,23.73
1910,44147,Mazaleón,1443,86.25
1910,44148,Mezquita de Jarque,319,31.14
1910,44149,Mirambel,851,45.47
1910,44150,Miravete de la Sierra,496,36.51
1910,44151,Molinos,1410,79.61
1910,44152,Monforte de Moyuela,745,47.74
1910,44153,Monreal del Campo,2606,89.05
1910,44154,Monroyo,1311,79.23
1910,44155,Montalbán,2229,82.04
1910,44156,Monteagudo del Castillo,476,44.36
1910,44157,Monterde de Albarracín,505,45.21
1910,44158,Mora de Rubielos,3101,166.23
1910,44159,Moscardón,496,26.93
1910,44160,Mosqueruela,3140,265.03
1910,44161,Muniesa,1917,129
1910,44163,Noguera de Albarracín,493,47.44
1910,44164,Nogueras,380,18.85
1910,44165,Nogueruelas,1244,99.49
1910,44167,Obón,1343,68.38
1910,44168,Odón,925,74.24
1910,44169,Ojos Negros,2573,90.92
1910,44171,Olba,1743,20.99
1910,44172,Oliete,2533,85.48
1910,44173,Los Olmos,586,43.97
1910,44174,Orihuela del Tremedal,897,71.52
1910,44175,Orrios,418,44.23
1910,44176,Palomar de Arroyos,654,33.62
1910,44177,Pancrudo,1013,100.12
1910,44178,Las Parras de Castellote,1201,42.13
1910,44179,Peñarroya de Tastavins,1608,83.28
1910,44180,Peracense,419,28.66
1910,44181,Peralejos,272,36
1910,44182,Perales del Alfambra,778,104.24
1910,44183,Pitarque,883,54.35
1910,44184,Plou,574,17.21
1910,44185,El Pobo,556,63
1910,44187,La Portellada,815,21.37
1910,44189,Pozondón,592,67.64
1910,44190,Pozuel del Campo,603,27.85
1910,44191,La Puebla de Híjar,2360,60.80
1910,44192,La Puebla de Valverde,2193,282.76
1910,44193,Puertomingalvo,1406,103.62
1910,44194,Ráfales,900,35.61
1910,44195,Rillo,447,53.31
1910,44196,Riodeva,697,34.34
1910,44197,Ródenas,487,44.26
1910,44198,Royuela,476,32
1910,44199,Rubiales,269,27.42
1910,44200,Rubielos de la Cérida,472,66
1910,44201,Rubielos de Mora,2388,66
1910,44203,Salcedillo,159,16.89
1910,44204,Saldón,479,28.37
1910,44205,Samper de Calanda,2815,142
1910,44206,San Agustín,1240,56.57
1910,44207,San Martín del Río,983,16.57
1910,44208,Santa Cruz de Nogueras,367,15.17
1910,44209,Santa Eulalia,1469,80.97
1910,44210,Sarrión,2390,140.44
1910,44211,Segura de los Baños,840,54.15
1910,44212,Seno,455,17.85
1910,44213,Singra,435,36.72
1910,44215,Terriente,1145,47.98
1910,44216,Teruel,15832,440.41
1910,44217,Toril y Masegoso,362,30.67
1910,44218,Tormón,267,29.34
1910,44219,Tornos,584,48.95
1910,44220,Torralba de los Sisones,623,44.78
1910,44221,Torrecilla de Alcañiz,1128,26.76
1910,44222,Torrecilla del Rebollar,849,63.44
1910,44223,Torre de Arcas,463,34.28
1910,44224,Torre de las Arcas,551,37.17
1910,44225,Torre del Compte,790,19.46
1910,44226,Torrelacárcel,635,35.54
1910,44227,Torre los Negros,462,29.15
1910,44228,Torremocha de Jiloca,458,33.94
1910,44229,Torres de Albarracín,599,28.31
1910,44230,Torrevelilla,890,33.44
1910,44231,Torrijas,620,57.34
1910,44232,Torrijo del Campo,1379,44.04
1910,44234,Tramacastiel,608,47.29
1910,44235,Tramacastilla,409,24.81
1910,44236,Tronchón,991,57.11
1910,44237,Urrea de Gaén,1258,41.12
1910,44238,Utrillas,1196,39.82
1910,44239,Valacloche,219,15.02
1910,44240,Valbona,765,40.72
1910,44241,Valdealgorfa,1819,46.93
1910,44243,Valdecuenca,388,18.64
1910,44244,Valdelinares,816,55.09
1910,44245,Valdeltormo,774,16
1910,44246,Valderrobres,3262,124.04
1910,44247,Valjunquera,1297,41.84
1910,44249,El Vallecillo,510,21.59
1910,44250,Veguillas de la Sierra,272,13.67
1910,44251,Villafranca del Campo,1027,63.64
1910,44252,Villahermosa del Campo,248,19
1910,44256,Villanueva del Rebollar de la Sierra,314,18.99
1910,44257,Villar del Cobo,648,54.13
1910,44258,Villar del Salz,644,38.69
1910,44260,Villarluengo,1968,157.89
1910,44261,Villarquemado,998,56.43
1910,44262,Villarroya de los Pinares,942,66.43
1910,44263,Villastar,731,39.05
1910,44264,Villel,1210,85.38
1910,44265,Vinaceite,654,50.07
1910,44266,Visiedo,593,55.53
1910,44267,Vivel del Río Martín,981,51.16
1910,44268,La Zoma,167,14
1920,44001,Ababuj,409,54
1920,44002,Abejuela,696,86.67
1920,44003,Aguatón,179,21.64
1920,44004,Aguaviva,1761,42.15
1920,44005,Aguilar del Alfambra,536,39.04
1920,44006,Alacón,1070,47
1920,44007,Alba,732,69.53
1920,44008,Albalate del Arzobispo,4726,205.69
1920,44009,Albarracín,1780,452.72
1920,44010,Albentosa,1168,68
1920,44011,Alcaine,1108,57.38
1920,44012,Alcalá de la Selva,1667,104.95
1920,44013,Alcañiz,8596,472.12
1920,44014,Alcorisa,3654,121
1920,44016,Alfambra,1399,122.44
1920,44017,Aliaga,1638,193.08
1920,44018,Almohaja,258,25.55
1920,44019,Alobras,533,30.72
1920,44020,Alpeñés,248,28.62
1920,44021,Allepuz,941,67.26
1920,44022,Alloza,1882,81
1920,44023,Allueva,220,18.65
1920,44024,Anadón,349,24.62
1920,44025,Andorra,3084,141.36
1920,44026,Arcos de las Salinas,1160,112.99
1920,44027,Arens de Lledó,725,34.27
1920,44028,Argente,699,62.58
1920,44029,Ariño,1555,81.93
1920,44031,Azaila,777,81.44
1920,44032,Bádenas,368,31.31
1920,44033,Báguena,1430,25.17
1920,44034,Bañón,676,54.27
1920,44035,Barrachina,658,24.86
1920,44036,Bea,186,23.37
1920,44037,Beceite,1965,96.72
1920,44038,Belmonte de San José,745,33.99
1920,44039,Bello,1275,52.49
1920,44040,Berge,743,42.64
1920,44041,Bezas,368,26.32
1920,44042,Blancas,965,73
1920,44043,Blesa,1392,80.39
1920,44044,Bordón,567,29.98
1920,44045,Bronchales,1110,59
1920,44046,Bueña,419,40.75
1920,44047,Burbáguena,1227,39.02
1920,44048,Cabra de Mora,463,34.31
1920,44049,Calaceite,2899,81.33
1920,44050,Calamocha,7099,316.63
1920,44051,Calanda,4251,112.25
1920,44052,Calomarde,382,28.18
1920,44053,Camañas,445,78.67
1920,44054,Camarena de la Sierra,900,79.54
1920,44055,Camarillas,717,50.55
1920,44056,Caminreal,1649,44.39
1920,44059,Cantavieja,2005,124.56
1920,44060,Cañada de Benatanduz,522,34.89
1920,44061,La Cañada de Verich,274,10.86
1920,44062,Cañada Vellida,211,23
1920,44063,Cañizar del Olivar,503,22.29
1920,44064,Cascante del Río,576,32.38
1920,44065,Castejón de Tornos,518,30.89
1920,44066,Castel de Cabra,530,29.44
1920,44067,Castelnou,505,37.09
1920,44068,Castelserás,2186,31.52
1920,44070,El Castellar,489,50.33
1920,44071,Castellote,4890,235.18
1920,44074,Cedrillas,1029,73.57
1920,44075,Celadas,907,100.45
1920,44076,Cella,3197,124.68
1920,44077,La Cerollera,415,33.75
1920,44080,La Codoñera,1223,20.97
1920,44082,Corbalán,469,82.44
1920,44084,Cortes de Aragón,519,24.43
1920,44085,Cosa,419,54.81
1920,44086,Cretas,1801,52.66
1920,44087,Crivillén,845,42.03
1920,44088,La Cuba,376,6.51
1920,44089,Cubla,327,48.63
1920,44090,Cucalón,515,31.93
1920,44092,El Cuervo,567,20.76
1920,44093,Cuevas de Almudén,252,35.85
1920,44094,Cuevas Labradas,393,40.81
1920,44096,Ejulve,1352,109.49
1920,44097,Escorihuela,537,56.99
1920,44099,Escucha,806,41.57
1920,44100,Estercuel,1152,55.59
1920,44101,Ferreruela de Huerva,297,20.44
1920,44102,Fonfría,207,20.58
1920,44103,Formiche Alto,962,78.17
1920,44105,Fórnoles,792,32.56
1920,44106,Fortanete,1355,168.21
1920,44107,Foz-Calanda,710,37.87
1920,44108,La Fresneda,2008,39.48
1920,44109,Frías de Albarracín,672,50.79
1920,44110,Fuenferrada,339,24.53
1920,44111,Fuentes Calientes,268,25.01
1920,44112,Fuentes Claras,1178,36.91
1920,44113,Fuentes de Rubielos,871,38.91
1920,44114,Fuentespalda,821,39
1920,44115,Galve,407,61.23
1920,44116,Gargallo,614,30.08
1920,44117,Gea de Albarracín,1076,57
1920,44118,La Ginebrosa,991,80
1920,44119,Griegos,481,31.77
1920,44120,Guadalaviar,631,28.08
1920,44121,Gúdar,657,60.77
1920,44122,Híjar,3850,165.36
1920,44123,Hinojosa de Jarque,510,36.47
1920,44124,La Hoz de la Vieja,977,43.73
1920,44125,Huesa del Común,1223,61.69
1920,44126,La Iglesuela del Cid,1430,40.29
1920,44127,Jabaloyas,708,61.73
1920,44128,Jarque de la Val,338,29.23
1920,44129,Jatiel,257,10.84
1920,44130,Jorcas,384,26
1920,44131,Josa,526,28.23
1920,44132,Lagueruela,283,26.32
1920,44133,Lanzuela,238,14.22
1920,44135,Libros,794,37.91
1920,44136,Lidón,345,40
1920,44137,Linares de Mora,1515,116.28
1920,44138,Loscos,1461,83.99
1920,44141,Lledó,543,15.61
1920,44142,Maicas,390,24.74
1920,44143,Manzanera,2368,168.66
1920,44144,Martín del Río,882,54.88
1920,44145,Mas de las Matas,2142,29.99
1920,44146,La Mata de los Olmos,445,23.73
1920,44147,Mazaleón,1627,86.25
1920,44148,Mezquita de Jarque,326,31.14
1920,44149,Mirambel,791,45.47
1920,44150,Miravete de la Sierra,399,36.51
1920,44151,Molinos,1150,79.61
1920,44152,Monforte de Moyuela,740,47.74
1920,44153,Monreal del Campo,2737,89.05
1920,44154,Monroyo,1184,79.23
1920,44155,Montalbán,2339,82.04
1920,44156,Monteagudo del Castillo,531,44.36
1920,44157,Monterde de Albarracín,531,45.21
1920,44158,Mora de Rubielos,2898,166.23
1920,44159,Moscardón,503,26.93
1920,44160,Mosqueruela,3010,265.03
1920,44161,Muniesa,2112,129
1920,44163,Noguera de Albarracín,583,47.44
1920,44164,Nogueras,333,18.85
1920,44165,Nogueruelas,1006,99.49
1920,44167,Obón,1130,68.38
1920,44168,Odón,958,74.24
1920,44169,Ojos Negros,2114,90.92
1920,44171,Olba,1793,20.99
1920,44172,Oliete,2327,85.48
1920,44173,Los Olmos,518,43.97
1920,44174,Orihuela del Tremedal,1052,71.52
1920,44175,Orrios,409,44.23
1920,44176,Palomar de Arroyos,612,33.62
1920,44177,Pancrudo,1097,100.12
1920,44178,Las Parras de Castellote,985,42.13
1920,44179,Peñarroya de Tastavins,1600,83.28
1920,44180,Peracense,431,28.66
1920,44181,Peralejos,279,36
1920,44182,Perales del Alfambra,848,104.24
1920,44183,Pitarque,889,54.35
1920,44184,Plou,493,17.21
1920,44185,El Pobo,553,63
1920,44187,La Portellada,823,21.37
1920,44189,Pozondón,595,67.64
1920,44190,Pozuel del Campo,602,27.85
1920,44191,La Puebla de Híjar,2724,60.80
1920,44192,La Puebla de Valverde,2242,282.76
1920,44193,Puertomingalvo,1421,103.62
1920,44194,Ráfales,907,35.61
1920,44195,Rillo,527,53.31
1920,44196,Riodeva,765,34.34
1920,44197,Ródenas,503,44.26
1920,44198,Royuela,482,32
1920,44199,Rubiales,254,27.42
1920,44200,Rubielos de la Cérida,474,66
1920,44201,Rubielos de Mora,2129,66
1920,44203,Salcedillo,134,16.89
1920,44204,Saldón,470,28.37
1920,44205,Samper de Calanda,2626,142
1920,44206,San Agustín,1477,56.57
1920,44207,San Martín del Río,919,16.57
1920,44208,Santa Cruz de Nogueras,345,15.17
1920,44209,Santa Eulalia,2140,80.97
1920,44210,Sarrión,2396,140.44
1920,44211,Segura de los Baños,754,54.15
1920,44212,Seno,389,17.85
1920,44213,Singra,455,36.72
1920,44215,Terriente,1135,47.98
1920,44216,Teruel,15145,440.41
1920,44217,Toril y Masegoso,344,30.67
1920,44218,Tormón,310,29.34
1920,44219,Tornos,740,48.95
1920,44220,Torralba de los Sisones,609,44.78
1920,44221,Torrecilla de Alcañiz,1087,26.76
1920,44222,Torrecilla del Rebollar,918,63.44
1920,44223,Torre de Arcas,524,34.28
1920,44224,Torre de las Arcas,521,37.17
1920,44225,Torre del Compte,848,19.46
1920,44226,Torrelacárcel,705,35.54
1920,44227,Torre los Negros,496,29.15
1920,44228,Torremocha de Jiloca,512,33.94
1920,44229,Torres de Albarracín,540,28.31
1920,44230,Torrevelilla,798,33.44
1920,44231,Torrijas,571,57.34
1920,44232,Torrijo del Campo,1443,44.04
1920,44234,Tramacastiel,600,47.29
1920,44235,Tramacastilla,387,24.81
1920,44236,Tronchón,880,57.11
1920,44237,Urrea de Gaén,1372,41.12
1920,44238,Utrillas,1381,39.82
1920,44239,Valacloche,238,15.02
1920,44240,Valbona,709,40.72
1920,44241,Valdealgorfa,1882,46.93
1920,44243,Valdecuenca,432,18.64
1920,44244,Valdelinares,724,55.09
1920,44245,Valdeltormo,831,16
1920,44246,Valderrobres,3197,124.04
1920,44247,Valjunquera,1322,41.84
1920,44249,El Vallecillo,442,21.59
1920,44250,Veguillas de la Sierra,211,13.67
1920,44251,Villafranca del Campo,1098,63.64
1920,44252,Villahermosa del Campo,274,19
1920,44256,Villanueva del Rebollar de la Sierra,330,18.99
1920,44257,Villar del Cobo,586,54.13
1920,44258,Villar del Salz,466,38.69
1920,44260,Villarluengo,1733,157.89
1920,44261,Villarquemado,1310,56.43
1920,44262,Villarroya de los Pinares,875,66.43
1920,44263,Villastar,719,39.05
1920,44264,Villel,1282,85.38
1920,44265,Vinaceite,653,50.07
1920,44266,Visiedo,620,55.53
1920,44267,Vivel del Río Martín,956,51.16
1920,44268,La Zoma,160,14
1930,44001,Ababuj,373,54
1930,44002,Abejuela,597,86.67
1930,44003,Aguatón,194,21.64
1930,44004,Aguaviva,1863,42.15
1930,44005,Aguilar del Alfambra,494,39.04
1930,44006,Alacón,1038,47
1930,44007,Alba,786,69.53
1930,44008,Albalate del Arzobispo,4640,205.69
1930,44009,Albarracín,1688,452.72
1930,44010,Albentosa,1195,68
1930,44011,Alcaine,968,57.38
1930,44012,Alcalá de la Selva,1648,104.95
1930,44013,Alcañiz,8961,472.12
1930,44014,Alcorisa,3809,121
1930,44016,Alfambra,1586,122.44
1930,44017,Aliaga,1578,193.08
1930,44018,Almohaja,218,25.55
1930,44019,Alobras,449,30.72
1930,44020,Alpeñés,226,28.62
1930,44021,Allepuz,893,67.26
1930,44022,Alloza,1651,81
1930,44023,Allueva,254,18.65
1930,44024,Anadón,366,24.62
1930,44025,Andorra,3195,141.36
1930,44026,Arcos de las Salinas,971,112.99
1930,44027,Arens de Lledó,660,34.27
1930,44028,Argente,724,62.58
1930,44029,Ariño,1329,81.93
1930,44031,Azaila,672,81.44
1930,44032,Bádenas,326,31.31
1930,44033,Báguena,1474,25.17
1930,44034,Bañón,766,54.27
1930,44035,Barrachina,655,24.86
1930,44036,Bea,194,23.37
1930,44037,Beceite,1761,96.72
1930,44038,Belmonte de San José,626,33.99
1930,44039,Bello,1435,52.49
1930,44040,Berge,677,42.64
1930,44041,Bezas,388,26.32
1930,44042,Blancas,1059,73
1930,44043,Blesa,1359,80.39
1930,44044,Bordón,579,29.98
1930,44045,Bronchales,1039,59
1930,44046,Bueña,439,40.75
1930,44047,Burbáguena,1282,39.02
1930,44048,Cabra de Mora,418,34.31
1930,44049,Calaceite,2751,81.33
1930,44050,Calamocha,7647,316.63
1930,44051,Calanda,4052,112.25
1930,44052,Calomarde,377,28.18
1930,44053,Camañas,516,78.67
1930,44054,Camarena de la Sierra,787,79.54
1930,44055,Camarillas,677,50.55
1930,44056,Caminreal,1691,44.39
1930,44059,Cantavieja,1866,124.56
1930,44060,Cañada de Benatanduz,490,34.89
1930,44061,La Cañada de Verich,225,10.86
1930,44062,Cañada Vellida,201,23
1930,44063,Cañizar del Olivar,385,22.29
1930,44064,Cascante del Río,584,32.38
1930,44065,Castejón de Tornos,537,30.89
1930,44066,Castel de Cabra,548,29.44
1930,44067,Castelnou,492,37.09
1930,44068,Castelserás,2087,31.52
1930,44070,El Castellar,471,50.33
1930,44071,Castellote,4400,235.18
1930,44074,Cedrillas,1034,73.57
1930,44075,Celadas,962,100.45
1930,44076,Cella,3685,124.68
1930,44077,La Cerollera,341,33.75
1930,44080,La Codoñera,982,20.97
1930,44082,Corbalán,510,82.44
1930,44084,Cortes de Aragón,537,24.43
1930,44085,Cosa,490,54.81
1930,44086,Cretas,1704,52.66
1930,44087,Crivillén,762,42.03
1930,44088,La Cuba,339,6.51
1930,44089,Cubla,377,48.63
1930,44090,Cucalón,567,31.93
1930,44092,El Cuervo,502,20.76
1930,44093,Cuevas de Almudén,251,35.85
1930,44094,Cuevas Labradas,394,40.81
1930,44096,Ejulve,1139,109.49
1930,44097,Escorihuela,604,56.99
1930,44099,Escucha,773,41.57
1930,44100,Estercuel,1088,55.59
1930,44101,Ferreruela de Huerva,323,20.44
1930,44102,Fonfría,214,20.58
1930,44103,Formiche Alto,853,78.17
1930,44105,Fórnoles,739,32.56
1930,44106,Fortanete,1301,168.21
1930,44107,Foz-Calanda,713,37.87
1930,44108,La Fresneda,1698,39.48
1930,44109,Frías de Albarracín,605,50.79
1930,44110,Fuenferrada,374,24.53
1930,44111,Fuentes Calientes,278,25.01
1930,44112,Fuentes Claras,1318,36.91
1930,44113,Fuentes de Rubielos,772,38.91
1930,44114,Fuentespalda,825,39
1930,44115,Galve,386,61.23
1930,44116,Gargallo,503,30.08
1930,44117,Gea de Albarracín,1151,57
1930,44118,La Ginebrosa,912,80
1930,44119,Griegos,455,31.77
1930,44120,Guadalaviar,591,28.08
1930,44121,Gúdar,508,60.77
1930,44122,Híjar,3807,165.36
1930,44123,Hinojosa de Jarque,536,36.47
1930,44124,La Hoz de la Vieja,979,43.73
1930,44125,Huesa del Común,1194,61.69
1930,44126,La Iglesuela del Cid,1345,40.29
1930,44127,Jabaloyas,783,61.73
1930,44128,Jarque de la Val,318,29.23
1930,44129,Jatiel,254,10.84
1930,44130,Jorcas,377,26
1930,44131,Josa,454,28.23
1930,44132,Lagueruela,363,26.32
1930,44133,Lanzuela,249,14.22
1930,44135,Libros,1586,37.91
1930,44136,Lidón,384,40
1930,44137,Linares de Mora,1359,116.28
1930,44138,Loscos,1467,83.99
1930,44141,Lledó,550,15.61
1930,44142,Maicas,384,24.74
1930,44143,Manzanera,2387,168.66
1930,44144,Martín del Río,895,54.88
1930,44145,Mas de las Matas,2102,29.99
1930,44146,La Mata de los Olmos,455,23.73
1930,44147,Mazaleón,1653,86.25
1930,44148,Mezquita de Jarque,355,31.14
1930,44149,Mirambel,810,45.47
1930,44150,Miravete de la Sierra,341,36.51
1930,44151,Molinos,1130,79.61
1930,44152,Monforte de Moyuela,677,47.74
1930,44153,Monreal del Campo,3253,89.05
1930,44154,Monroyo,1080,79.23
1930,44155,Montalbán,2150,82.04
1930,44156,Monteagudo del Castillo,507,44.36
1930,44157,Monterde de Albarracín,566,45.21
1930,44158,Mora de Rubielos,2790,166.23
1930,44159,Moscardón,459,26.93
1930,44160,Mosqueruela,2639,265.03
1930,44161,Muniesa,2266,129
1930,44163,Noguera de Albarracín,550,47.44
1930,44164,Nogueras,404,18.85
1930,44165,Nogueruelas,810,99.49
1930,44167,Obón,1069,68.38
1930,44168,Odón,946,74.24
1930,44169,Ojos Negros,2815,90.92
1930,44171,Olba,1469,20.99
1930,44172,Oliete,2258,85.48
1930,44173,Los Olmos,513,43.97
1930,44174,Orihuela del Tremedal,1118,71.52
1930,44175,Orrios,430,44.23
1930,44176,Palomar de Arroyos,607,33.62
1930,44177,Pancrudo,1012,100.12
1930,44178,Las Parras de Castellote,860,42.13
1930,44179,Peñarroya de Tastavins,1507,83.28
1930,44180,Peracense,455,28.66
1930,44181,Peralejos,339,36
1930,44182,Perales del Alfambra,832,104.24
1930,44183,Pitarque,860,54.35
1930,44184,Plou,433,17.21
1930,44185,El Pobo,512,63
1930,44187,La Portellada,765,21.37
1930,44189,Pozondón,616,67.64
1930,44190,Pozuel del Campo,634,27.85
1930,44191,La Puebla de Híjar,2849,60.80
1930,44192,La Puebla de Valverde,2133,282.76
1930,44193,Puertomingalvo,1309,103.62
1930,44194,Ráfales,809,35.61
1930,44195,Rillo,520,53.31
1930,44196,Riodeva,805,34.34
1930,44197,Ródenas,470,44.26
1930,44198,Royuela,529,32
1930,44199,Rubiales,265,27.42
1930,44200,Rubielos de la Cérida,480,66
1930,44201,Rubielos de Mora,1873,66
1930,44203,Salcedillo,164,16.89
1930,44204,Saldón,502,28.37
1930,44205,Samper de Calanda,2698,142
1930,44206,San Agustín,1332,56.57
1930,44207,San Martín del Río,1072,16.57
1930,44208,Santa Cruz de Nogueras,315,15.17
1930,44209,Santa Eulalia,2626,80.97
1930,44210,Sarrión,2517,140.44
1930,44211,Segura de los Baños,768,54.15
1930,44212,Seno,354,17.85
1930,44213,Singra,469,36.72
1930,44215,Terriente,1030,47.98
1930,44216,Teruel,16384,440.41
1930,44217,Toril y Masegoso,328,30.67
1930,44218,Tormón,342,29.34
1930,44219,Tornos,852,48.95
1930,44220,Torralba de los Sisones,675,44.78
1930,44221,Torrecilla de Alcañiz,1075,26.76
1930,44222,Torrecilla del Rebollar,897,63.44
1930,44223,Torre de Arcas,469,34.28
1930,44224,Torre de las Arcas,448,37.17
1930,44225,Torre del Compte,855,19.46
1930,44226,Torrelacárcel,822,35.54
1930,44227,Torre los Negros,470,29.15
1930,44228,Torremocha de Jiloca,555,33.94
1930,44229,Torres de Albarracín,504,28.31
1930,44230,Torrevelilla,735,33.44
1930,44231,Torrijas,527,57.34
1930,44232,Torrijo del Campo,1586,44.04
1930,44234,Tramacastiel,524,47.29
1930,44235,Tramacastilla,391,24.81
1930,44236,Tronchón,802,57.11
1930,44237,Urrea de Gaén,1361,41.12
1930,44238,Utrillas,1652,39.82
1930,44239,Valacloche,205,15.02
1930,44240,Valbona,806,40.72
1930,44241,Valdealgorfa,1917,46.93
1930,44243,Valdecuenca,445,18.64
1930,44244,Valdelinares,645,55.09
1930,44245,Valdeltormo,774,16
1930,44246,Valderrobres,3148,124.04
1930,44247,Valjunquera,1213,41.84
1930,44249,El Vallecillo,409,21.59
1930,44250,Veguillas de la Sierra,217,13.67
1930,44251,Villafranca del Campo,1085,63.64
1930,44252,Villahermosa del Campo,287,19
1930,44256,Villanueva del Rebollar de la Sierra,330,18.99
1930,44257,Villar del Cobo,517,54.13
1930,44258,Villar del Salz,587,38.69
1930,44260,Villarluengo,1487,157.89
1930,44261,Villarquemado,1661,56.43
1930,44262,Villarroya de los Pinares,772,66.43
1930,44263,Villastar,846,39.05
1930,44264,Villel,1227,85.38
1930,44265,Vinaceite,729,50.07
1930,44266,Visiedo,629,55.53
1930,44267,Vivel del Río Martín,913,51.16
1930,44268,La Zoma,143,14
1940,44001,Ababuj,409,54
1940,44002,Abejuela,561,86.67
1940,44003,Aguatón,139,21.64
1940,44004,Aguaviva,1723,42.15
1940,44005,Aguilar del Alfambra,442,39.04
1940,44006,Alacón,1071,47
1940,44007,Alba,761,69.53
1940,44008,Albalate del Arzobispo,4367,205.69
1940,44009,Albarracín,1404,452.72
1940,44010,Albentosa,1057,68
1940,44011,Alcaine,909,57.38
1940,44012,Alcalá de la Selva,1528,104.95
1940,44013,Alcañiz,8691,472.12
1940,44014,Alcorisa,3429,121
1940,44016,Alfambra,1304,122.44
1940,44017,Aliaga,1513,193.08
1940,44018,Almohaja,214,25.55
1940,44019,Alobras,441,30.72
1940,44020,Alpeñés,161,28.62
1940,44021,Allepuz,767,67.26
1940,44022,Alloza,1773,81
1940,44023,Allueva,224,18.65
1940,44024,Anadón,209,24.62
1940,44025,Andorra,3195,141.36
1940,44026,Arcos de las Salinas,860,112.99
1940,44027,Arens de Lledó,589,34.27
1940,44028,Argente,643,62.58
1940,44029,Ariño,1288,81.93
1940,44031,Azaila,599,81.44
1940,44032,Bádenas,245,31.31
1940,44033,Báguena,1526,25.17
1940,44034,Bañón,742,54.27
1940,44035,Barrachina,635,24.86
1940,44036,Bea,179,23.37
1940,44037,Beceite,1278,96.72
1940,44038,Belmonte de San José,524,33.99
1940,44039,Bello,1396,52.49
1940,44040,Berge,645,42.64
1940,44041,Bezas,345,26.32
1940,44042,Blancas,1011,73
1940,44043,Blesa,1081,80.39
1940,44044,Bordón,524,29.98
1940,44045,Bronchales,1009,59
1940,44046,Bueña,417,40.75
1940,44047,Burbáguena,1331,39.02
1940,44048,Cabra de Mora,367,34.31
1940,44049,Calaceite,2134,81.33
1940,44050,Calamocha,8128,316.63
1940,44051,Calanda,3975,112.25
1940,44052,Calomarde,352,28.18
1940,44053,Camañas,410,78.67
1940,44054,Camarena de la Sierra,584,79.54
1940,44055,Camarillas,675,50.55
1940,44056,Caminreal,1835,44.39
1940,44059,Cantavieja,1674,124.56
1940,44060,Cañada de Benatanduz,452,34.89
1940,44061,La Cañada de Verich,242,10.86
1940,44062,Cañada Vellida,191,23
1940,44063,Cañizar del Olivar,483,22.29
1940,44064,Cascante del Río,553,32.38
1940,44065,Castejón de Tornos,510,30.89
1940,44066,Castel de Cabra,518,29.44
1940,44067,Castelnou,442,37.09
1940,44068,Castelserás,1857,31.52
1940,44070,El Castellar,501,50.33
1940,44071,Castellote,3700,235.18
1940,44074,Cedrillas,1012,73.57
1940,44075,Celadas,777,100.45
1940,44076,Cella,3834,124.68
1940,44077,La Cerollera,355,33.75
1940,44080,La Codoñera,878,20.97
1940,44082,Corbalán,457,82.44
1940,44084,Cortes de Aragón,465,24.43
1940,44085,Cosa,483,54.81
1940,44086,Cretas,1512,52.66
1940,44087,Crivillén,795,42.03
1940,44088,La Cuba,336,6.51
1940,44089,Cubla,359,48.63
1940,44090,Cucalón,545,31.93
1940,44092,El Cuervo,474,20.76
1940,44093,Cuevas de Almudén,241,35.85
1940,44094,Cuevas Labradas,391,40.81
1940,44096,Ejulve,967,109.49
1940,44097,Escorihuela,576,56.99
1940,44099,Escucha,818,41.57
1940,44100,Estercuel,1109,55.59
1940,44101,Ferreruela de Huerva,371,20.44
1940,44102,Fonfría,191,20.58
1940,44103,Formiche Alto,769,78.17
1940,44105,Fórnoles,677,32.56
1940,44106,Fortanete,1095,168.21
1940,44107,Foz-Calanda,722,37.87
1940,44108,La Fresneda,1591,39.48
1940,44109,Frías de Albarracín,536,50.79
1940,44110,Fuenferrada,323,24.53
1940,44111,Fuentes Calientes,279,25.01
1940,44112,Fuentes Claras,1540,36.91
1940,44113,Fuentes de Rubielos,677,38.91
1940,44114,Fuentespalda,762,39
1940,44115,Galve,405,61.23
1940,44116,Gargallo,494,30.08
1940,44117,Gea de Albarracín,1086,57
1940,44118,La Ginebrosa,957,80
1940,44119,Griegos,294,31.77
1940,44120,Guadalaviar,474,28.08
1940,44121,Gúdar,437,60.77
1940,44122,Híjar,3688,165.36
1940,44123,Hinojosa de Jarque,512,36.47
1940,44124,La Hoz de la Vieja,967,43.73
1940,44125,Huesa del Común,915,61.69
1940,44126,La Iglesuela del Cid,1229,40.29
1940,44127,Jabaloyas,590,61.73
1940,44128,Jarque de la Val,294,29.23
1940,44129,Jatiel,260,10.84
1940,44130,Jorcas,369,26
1940,44131,Josa,384,28.23
1940,44132,Lagueruela,405,26.32
1940,44133,Lanzuela,247,14.22
1940,44135,Libros,1278,37.91
1940,44136,Lidón,348,40
1940,44137,Linares de Mora,1222,116.28
1940,44138,Loscos,1482,83.99
1940,44141,Lledó,490,15.61
1940,44142,Maicas,351,24.74
1940,44143,Manzanera,2083,168.66
1940,44144,Martín del Río,771,54.88
1940,44145,Mas de las Matas,2107,29.99
1940,44146,La Mata de los Olmos,499,23.73
1940,44147,Mazaleón,1347,86.25
1940,44148,Mezquita de Jarque,326,31.14
1940,44149,Mirambel,732,45.47
1940,44150,Miravete de la Sierra,293,36.51
1940,44151,Molinos,1113,79.61
1940,44152,Monforte de Moyuela,596,47.74
1940,44153,Monreal del Campo,3578,89.05
1940,44154,Monroyo,1002,79.23
1940,44155,Montalbán,2368,82.04
1940,44156,Monteagudo del Castillo,499,44.36
1940,44157,Monterde de Albarracín,538,45.21
1940,44158,Mora de Rubielos,2454,166.23
1940,44159,Moscardón,402,26.93
1940,44160,Mosqueruela,2214,265.03
1940,44161,Muniesa,1947,129
1940,44163,Noguera de Albarracín,435,47.44
1940,44164,Nogueras,316,18.85
1940,44165,Nogueruelas,754,99.49
1940,44167,Obón,1107,68.38
1940,44168,Odón,899,74.24
1940,44169,Ojos Negros,1888,90.92
1940,44171,Olba,1434,20.99
1940,44172,Oliete,2044,85.48
1940,44173,Los Olmos,539,43.97
1940,44174,Orihuela del Tremedal,1093,71.52
1940,44175,Orrios,455,44.23
1940,44176,Palomar de Arroyos,684,33.62
1940,44177,Pancrudo,766,100.12
1940,44178,Las Parras de Castellote,778,42.13
1940,44179,Peñarroya de Tastavins,1392,83.28
1940,44180,Peracense,430,28.66
1940,44181,Peralejos,282,36
1940,44182,Perales del Alfambra,789,104.24
1940,44183,Pitarque,746,54.35
1940,44184,Plou,312,17.21
1940,44185,El Pobo,503,63
1940,44187,La Portellada,693,21.37
1940,44189,Pozondón,576,67.64
1940,44190,Pozuel del Campo,614,27.85
1940,44191,La Puebla de Híjar,2542,60.80
1940,44192,La Puebla de Valverde,1800,282.76
1940,44193,Puertomingalvo,1181,103.62
1940,44194,Ráfales,715,35.61
1940,44195,Rillo,486,53.31
1940,44196,Riodeva,842,34.34
1940,44197,Ródenas,428,44.26
1940,44198,Royuela,532,32
1940,44199,Rubiales,186,27.42
1940,44200,Rubielos de la Cérida,428,66
1940,44201,Rubielos de Mora,1505,66
1940,44203,Salcedillo,108,16.89
1940,44204,Saldón,490,28.37
1940,44205,Samper de Calanda,2524,142
1940,44206,San Agustín,1267,56.57
1940,44207,San Martín del Río,1053,16.57
1940,44208,Santa Cruz de Nogueras,208,15.17
1940,44209,Santa Eulalia,2887,80.97
1940,44210,Sarrión,1958,140.44
1940,44211,Segura de los Baños,553,54.15
1940,44212,Seno,297,17.85
1940,44213,Singra,456,36.72
1940,44215,Terriente,896,47.98
1940,44216,Teruel,16436,440.41
1940,44217,Toril y Masegoso,251,30.67
1940,44218,Tormón,265,29.34
1940,44219,Tornos,916,48.95
1940,44220,Torralba de los Sisones,666,44.78
1940,44221,Torrecilla de Alcañiz,1047,26.76
1940,44222,Torrecilla del Rebollar,858,63.44
1940,44223,Torre de Arcas,432,34.28
1940,44224,Torre de las Arcas,394,37.17
1940,44225,Torre del Compte,678,19.46
1940,44226,Torrelacárcel,844,35.54
1940,44227,Torre los Negros,433,29.15
1940,44228,Torremocha de Jiloca,507,33.94
1940,44229,Torres de Albarracín,523,28.31
1940,44230,Torrevelilla,524,33.44
1940,44231,Torrijas,447,57.34
1940,44232,Torrijo del Campo,1550,44.04
1940,44234,Tramacastiel,549,47.29
1940,44235,Tramacastilla,403,24.81
1940,44236,Tronchón,757,57.11
1940,44237,Urrea de Gaén,1285,41.12
1940,44238,Utrillas,1512,39.82
1940,44239,Valacloche,170,15.02
1940,44240,Valbona,727,40.72
1940,44241,Valdealgorfa,1662,46.93
1940,44243,Valdecuenca,350,18.64
1940,44244,Valdelinares,550,55.09
1940,44245,Valdeltormo,754,16
1940,44246,Valderrobres,2929,124.04
1940,44247,Valjunquera,1145,41.84
1940,44249,El Vallecillo,441,21.59
1940,44250,Veguillas de la Sierra,210,13.67
1940,44251,Villafranca del Campo,1032,63.64
1940,44252,Villahermosa del Campo,276,19
1940,44256,Villanueva del Rebollar de la Sierra,269,18.99
1940,44257,Villar del Cobo,480,54.13
1940,44258,Villar del Salz,449,38.69
1940,44260,Villarluengo,1293,157.89
1940,44261,Villarquemado,1591,56.43
1940,44262,Villarroya de los Pinares,641,66.43
1940,44263,Villastar,757,39.05
1940,44264,Villel,1155,85.38
1940,44265,Vinaceite,655,50.07
1940,44266,Visiedo,555,55.53
1940,44267,Vivel del Río Martín,874,51.16
1940,44268,La Zoma,141,14
1950,44001,Ababuj,400,54
1950,44002,Abejuela,503,86.67
1950,44003,Aguatón,153,21.64
1950,44004,Aguaviva,1547,42.15
1950,44005,Aguilar del Alfambra,392,39.04
1950,44006,Alacón,1060,47
1950,44007,Alba,701,69.53
1950,44008,Albalate del Arzobispo,4341,205.69
1950,44009,Albarracín,1501,452.72
1950,44010,Albentosa,1075,68
1950,44011,Alcaine,750,57.38
1950,44012,Alcalá de la Selva,1333,104.95
1950,44013,Alcañiz,9812,472.12
1950,44014,Alcorisa,3208,121
1950,44016,Alfambra,1579,122.44
1950,44017,Aliaga,2019,193.08
1950,44018,Almohaja,205,25.55
1950,44019,Alobras,371,30.72
1950,44020,Alpeñés,160,28.62
1950,44021,Allepuz,743,67.26
1950,44022,Alloza,1730,81
1950,44023,Allueva,159,18.65
1950,44024,Anadón,224,24.62
1950,44025,Andorra,4472,141.36
1950,44026,Arcos de las Salinas,814,112.99
1950,44027,Arens de Lledó,595,34.27
1950,44028,Argente,661,62.58
1950,44029,Ariño,1571,81.93
1950,44031,Azaila,579,81.44
1950,44032,Bádenas,258,31.31
1950,44033,Báguena,1523,25.17
1950,44034,Bañón,728,54.27
1950,44035,Barrachina,648,24.86
1950,44036,Bea,196,23.37
1950,44037,Beceite,1239,96.72
1950,44038,Belmonte de San José,507,33.99
1950,44039,Bello,1475,52.49
1950,44040,Berge,549,42.64
1950,44041,Bezas,339,26.32
1950,44042,Blancas,932,73
1950,44043,Blesa,973,80.39
1950,44044,Bordón,471,29.98
1950,44045,Bronchales,757,59
1950,44046,Bueña,403,40.75
1950,44047,Burbáguena,1396,39.02
1950,44048,Cabra de Mora,330,34.31
1950,44049,Calaceite,2122,81.33
1950,44050,Calamocha,7881,316.63
1950,44051,Calanda,3544,112.25
1950,44052,Calomarde,381,28.18
1950,44053,Camañas,431,78.67
1950,44054,Camarena de la Sierra,572,79.54
1950,44055,Camarillas,684,50.55
1950,44056,Caminreal,1840,44.39
1950,44059,Cantavieja,1587,124.56
1950,44060,Cañada de Benatanduz,405,34.89
1950,44061,La Cañada de Verich,261,10.86
1950,44062,Cañada Vellida,206,23
1950,44063,Cañizar del Olivar,509,22.29
1950,44064,Cascante del Río,496,32.38
1950,44065,Castejón de Tornos,493,30.89
1950,44066,Castel de Cabra,533,29.44
1950,44067,Castelnou,352,37.09
1950,44068,Castelserás,1513,31.52
1950,44070,El Castellar,396,50.33
1950,44071,Castellote,3312,235.18
1950,44074,Cedrillas,1031,73.57
1950,44075,Celadas,875,100.45
1950,44076,Cella,3909,124.68
1950,44077,La Cerollera,301,33.75
1950,44080,La Codoñera,801,20.97
1950,44082,Corbalán,405,82.44
1950,44084,Cortes de Aragón,401,24.43
1950,44085,Cosa,470,54.81
1950,44086,Cretas,1390,52.66
1950,44087,Crivillén,778,42.03
1950,44088,La Cuba,286,6.51
1950,44089,Cubla,344,48.63
1950,44090,Cucalón,536,31.93
1950,44092,El Cuervo,401,20.76
1950,44093,Cuevas de Almudén,244,35.85
1950,44094,Cuevas Labradas,390,40.81
1950,44096,Ejulve,923,109.49
1950,44097,Escorihuela,577,56.99
1950,44099,Escucha,1270,41.57
1950,44100,Estercuel,1139,55.59
1950,44101,Ferreruela de Huerva,363,20.44
1950,44102,Fonfría,184,20.58
1950,44103,Formiche Alto,711,78.17
1950,44105,Fórnoles,501,32.56
1950,44106,Fortanete,944,168.21
1950,44107,Foz-Calanda,585,37.87
1950,44108,La Fresneda,1171,39.48
1950,44109,Frías de Albarracín,506,50.79
1950,44110,Fuenferrada,318,24.53
1950,44111,Fuentes Calientes,340,25.01
1950,44112,Fuentes Claras,1421,36.91
1950,44113,Fuentes de Rubielos,560,38.91
1950,44114,Fuentespalda,677,39
1950,44115,Galve,376,61.23
1950,44116,Gargallo,480,30.08
1950,44117,Gea de Albarracín,1022,57
1950,44118,La Ginebrosa,867,80
1950,44119,Griegos,396,31.77
1950,44120,Guadalaviar,554,28.08
1950,44121,Gúdar,308,60.77
1950,44122,Híjar,3586,165.36
1950,44123,Hinojosa de Jarque,549,36.47
1950,44124,La Hoz de la Vieja,816,43.73
1950,44125,Huesa del Común,824,61.69
1950,44126,La Iglesuela del Cid,1119,40.29
1950,44127,Jabaloyas,549,61.73
1950,44128,Jarque de la Val,263,29.23
1950,44129,Jatiel,218,10.84
1950,44130,Jorcas,388,26
1950,44131,Josa,340,28.23
1950,44132,Lagueruela,373,26.32
1950,44133,Lanzuela,223,14.22
1950,44135,Libros,1008,37.91
1950,44136,Lidón,335,40
1950,44137,Linares de Mora,1079,116.28
1950,44138,Loscos,1217,83.99
1950,44141,Lledó,437,15.61
1950,44142,Maicas,277,24.74
1950,44143,Manzanera,1722,168.66
1950,44144,Martín del Río,1023,54.88
1950,44145,Mas de las Matas,1985,29.99
1950,44146,La Mata de los Olmos,494,23.73
1950,44147,Mazaleón,1258,86.25
1950,44148,Mezquita de Jarque,345,31.14
1950,44149,Mirambel,588,45.47
1950,44150,Miravete de la Sierra,250,36.51
1950,44151,Molinos,947,79.61
1950,44152,Monforte de Moyuela,481,47.74
1950,44153,Monreal del Campo,3554,89.05
1950,44154,Monroyo,913,79.23
1950,44155,Montalbán,2672,82.04
1950,44156,Monteagudo del Castillo,423,44.36
1950,44157,Monterde de Albarracín,501,45.21
1950,44158,Mora de Rubielos,2276,166.23
1950,44159,Moscardón,375,26.93
1950,44160,Mosqueruela,1939,265.03
1950,44161,Muniesa,1969,129
1950,44163,Noguera de Albarracín,399,47.44
1950,44164,Nogueras,309,18.85
1950,44165,Nogueruelas,679,99.49
1950,44167,Obón,1012,68.38
1950,44168,Odón,881,74.24
1950,44169,Ojos Negros,1853,90.92
1950,44171,Olba,1261,20.99
1950,44172,Oliete,1943,85.48
1950,44173,Los Olmos,493,43.97
1950,44174,Orihuela del Tremedal,1079,71.52
1950,44175,Orrios,496,44.23
1950,44176,Palomar de Arroyos,791,33.62
1950,44177,Pancrudo,1024,100.12
1950,44178,Las Parras de Castellote,752,42.13
1950,44179,Peñarroya de Tastavins,1286,83.28
1950,44180,Peracense,374,28.66
1950,44181,Peralejos,273,36
1950,44182,Perales del Alfambra,840,104.24
1950,44183,Pitarque,657,54.35
1950,44184,Plou,330,17.21
1950,44185,El Pobo,555,63
1950,44187,La Portellada,661,21.37
1950,44189,Pozondón,544,67.64
1950,44190,Pozuel del Campo,547,27.85
1950,44191,La Puebla de Híjar,2738,60.80
1950,44192,La Puebla de Valverde,1743,282.76
1950,44193,Puertomingalvo,971,103.62
1950,44194,Ráfales,644,35.61
1950,44195,Rillo,542,53.31
1950,44196,Riodeva,816,34.34
1950,44197,Ródenas,449,44.26
1950,44198,Royuela,573,32
1950,44199,Rubiales,177,27.42
1950,44200,Rubielos de la Cérida,428,66
1950,44201,Rubielos de Mora,1391,66
1950,44203,Salcedillo,102,16.89
1950,44204,Saldón,413,28.37
1950,44205,Samper de Calanda,2408,142
1950,44206,San Agustín,1037,56.57
1950,44207,San Martín del Río,1033,16.57
1950,44208,Santa Cruz de Nogueras,215,15.17
1950,44209,Santa Eulalia,2649,80.97
1950,44210,Sarrión,1993,140.44
1950,44211,Segura de los Baños,538,54.15
1950,44212,Seno,247,17.85
1950,44213,Singra,413,36.72
1950,44215,Terriente,900,47.98
1950,44216,Teruel,20337,440.41
1950,44217,Toril y Masegoso,242,30.67
1950,44218,Tormón,213,29.34
1950,44219,Tornos,998,48.95
1950,44220,Torralba de los Sisones,568,44.78
1950,44221,Torrecilla de Alcañiz,900,26.76
1950,44222,Torrecilla del Rebollar,918,63.44
1950,44223,Torre de Arcas,404,34.28
1950,44224,Torre de las Arcas,300,37.17
1950,44225,Torre del Compte,594,19.46
1950,44226,Torrelacárcel,781,35.54
1950,44227,Torre los Negros,409,29.15
1950,44228,Torremocha de Jiloca,480,33.94
1950,44229,Torres de Albarracín,448,28.31
1950,44230,Torrevelilla,530,33.44
1950,44231,Torrijas,413,57.34
1950,44232,Torrijo del Campo,1417,44.04
1950,44234,Tramacastiel,462,47.29
1950,44235,Tramacastilla,384,24.81
1950,44236,Tronchón,714,57.11
1950,44237,Urrea de Gaén,1144,41.12
1950,44238,Utrillas,2180,39.82
1950,44239,Valacloche,143,15.02
1950,44240,Valbona,681,40.72
1950,44241,Valdealgorfa,1505,46.93
1950,44243,Valdecuenca,299,18.64
1950,44244,Valdelinares,477,55.09
1950,44245,Valdeltormo,693,16
1950,44246,Valderrobres,2697,124.04
1950,44247,Valjunquera,998,41.84
1950,44249,El Vallecillo,385,21.59
1950,44250,Veguillas de la Sierra,167,13.67
1950,44251,Villafranca del Campo,934,63.64
1950,44252,Villahermosa del Campo,318,19
1950,44256,Villanueva del Rebollar de la Sierra,289,18.99
1950,44257,Villar del Cobo,494,54.13
1950,44258,Villar del Salz,488,38.69
1950,44260,Villarluengo,1060,157.89
1950,44261,Villarquemado,1630,56.43
1950,44262,Villarroya de los Pinares,628,66.43
1950,44263,Villastar,777,39.05
1950,44264,Villel,1173,85.38
1950,44265,Vinaceite,626,50.07
1950,44266,Visiedo,589,55.53
1950,44267,Vivel del Río Martín,819,51.16
1950,44268,La Zoma,133,14
1960,44001,Ababuj,362,54
1960,44002,Abejuela,372,86.67
1960,44003,Aguatón,129,21.64
1960,44004,Aguaviva,1263,42.15
1960,44005,Aguilar del Alfambra,314,39.04
1960,44006,Alacón,990,47
1960,44007,Alba,626,69.53
1960,44008,Albalate del Arzobispo,3926,205.69
1960,44009,Albarracín,1432,452.72
1960,44010,Albentosa,803,68
1960,44011,Alcaine,444,57.38
1960,44012,Alcalá de la Selva,1043,104.95
1960,44013,Alcañiz,10166,472.12
1960,44014,Alcorisa,3406,121
1960,44016,Alfambra,1551,122.44
1960,44017,Aliaga,2466,193.08
1960,44018,Almohaja,160,25.55
1960,44019,Alobras,305,30.72
1960,44020,Alpeñés,146,28.62
1960,44021,Allepuz,724,67.26
1960,44022,Alloza,1791,81
1960,44023,Allueva,82,18.65
1960,44024,Anadón,172,24.62
1960,44025,Andorra,7821,141.36
1960,44026,Arcos de las Salinas,625,112.99
1960,44027,Arens de Lledó,486,34.27
1960,44028,Argente,591,62.58
1960,44029,Ariño,1744,81.93
1960,44031,Azaila,496,81.44
1960,44032,Bádenas,202,31.31
1960,44033,Báguena,1328,25.17
1960,44034,Bañón,597,54.27
1960,44035,Barrachina,549,24.86
1960,44036,Bea,126,23.37
1960,44037,Beceite,1193,96.72
1960,44038,Belmonte de San José,422,33.99
1960,44039,Bello,1324,52.49
1960,44040,Berge,452,42.64
1960,44041,Bezas,363,26.32
1960,44042,Blancas,793,73
1960,44043,Blesa,746,80.39
1960,44044,Bordón,385,29.98
1960,44045,Bronchales,716,59
1960,44046,Bueña,324,40.75
1960,44047,Burbáguena,1018,39.02
1960,44048,Cabra de Mora,306,34.31
1960,44049,Calaceite,1752,81.33
1960,44050,Calamocha,6746,316.63
1960,44051,Calanda,3023,112.25
1960,44052,Calomarde,320,28.18
1960,44053,Camañas,419,78.67
1960,44054,Camarena de la Sierra,423,79.54
1960,44055,Camarillas,622,50.55
1960,44056,Caminreal,1602,44.39
1960,44059,Cantavieja,1338,124.56
1960,44060,Cañada de Benatanduz,388,34.89
1960,44061,La Cañada de Verich,319,10.86
1960,44062,Cañada Vellida,208,23
1960,44063,Cañizar del Olivar,398,22.29
1960,44064,Cascante del Río,424,32.38
1960,44065,Castejón de Tornos,417,30.89
1960,44066,Castel de Cabra,534,29.44
1960,44067,Castelnou,300,37.09
1960,44068,Castelserás,1295,31.52
1960,44070,El Castellar,306,50.33
1960,44071,Castellote,2696,235.18
1960,44074,Cedrillas,967,73.57
1960,44075,Celadas,787,100.45
1960,44076,Cella,3802,124.68
1960,44077,La Cerollera,287,33.75
1960,44080,La Codoñera,651,20.97
1960,44082,Corbalán,379,82.44
1960,44084,Cortes de Aragón,319,24.43
1960,44085,Cosa,429,54.81
1960,44086,Cretas,1121,52.66
1960,44087,Crivillén,653,42.03
1960,44088,La Cuba,204,6.51
1960,44089,Cubla,298,48.63
1960,44090,Cucalón,374,31.93
1960,44092,El Cuervo,333,20.76
1960,44093,Cuevas de Almudén,232,35.85
1960,44094,Cuevas Labradas,370,40.81
1960,44096,Ejulve,791,109.49
1960,44097,Escorihuela,575,56.99
1960,44099,Escucha,1434,41.57
1960,44100,Estercuel,1041,55.59
1960,44101,Ferreruela de Huerva,326,20.44
1960,44102,Fonfría,126,20.58
1960,44103,Formiche Alto,581,78.17
1960,44105,Fórnoles,413,32.56
1960,44106,Fortanete,756,168.21
1960,44107,Foz-Calanda,452,37.87
1960,44108,La Fresneda,916,39.48
1960,44109,Frías de Albarracín,542,50.79
1960,44110,Fuenferrada,234,24.53
1960,44111,Fuentes Calientes,381,25.01
1960,44112,Fuentes Claras,1369,36.91
1960,44113,Fuentes de Rubielos,409,38.91
1960,44114,Fuentespalda,613,39
1960,44115,Galve,325,61.23
1960,44116,Gargallo,376,30.08
1960,44117,Gea de Albarracín,913,57
1960,44118,La Ginebrosa,769,80
1960,44119,Griegos,344,31.77
1960,44120,Guadalaviar,575,28.08
1960,44121,Gúdar,286,60.77
1960,44122,Híjar,3128,165.36
1960,44123,Hinojosa de Jarque,491,36.47
1960,44124,La Hoz de la Vieja,691,43.73
1960,44125,Huesa del Común,667,61.69
1960,44126,La Iglesuela del Cid,1000,40.29
1960,44127,Jabaloyas,409,61.73
1960,44128,Jarque de la Val,274,29.23
1960,44129,Jatiel,186,10.84
1960,44130,Jorcas,291,26
1960,44131,Josa,268,28.23
1960,44132,Lagueruela,257,26.32
1960,44133,Lanzuela,187,14.22
1960,44135,Libros,593,37.91
1960,44136,Lidón,282,40
1960,44137,Linares de Mora,834,116.28
1960,44138,Loscos,1032,83.99
1960,44141,Lledó,373,15.61
1960,44142,Maicas,195,24.74
1960,44143,Manzanera,1485,168.66
1960,44144,Martín del Río,975,54.88
1960,44145,Mas de las Matas,1854,29.99
1960,44146,La Mata de los Olmos,453,23.73
1960,44147,Mazaleón,1030,86.25
1960,44148,Mezquita de Jarque,314,31.14
1960,44149,Mirambel,432,45.47
1960,44150,Miravete de la Sierra,247,36.51
1960,44151,Molinos,729,79.61
1960,44152,Monforte de Moyuela,372,47.74
1960,44153,Monreal del Campo,3144,89.05
1960,44154,Monroyo,733,79.23
1960,44155,Montalbán,2879,82.04
1960,44156,Monteagudo del Castillo,403,44.36
1960,44157,Monterde de Albarracín,383,45.21
1960,44158,Mora de Rubielos,2147,166.23
1960,44159,Moscardón,274,26.93
1960,44160,Mosqueruela,1632,265.03
1960,44161,Muniesa,1715,129
1960,44163,Noguera de Albarracín,344,47.44
1960,44164,Nogueras,274,18.85
1960,44165,Nogueruelas,577,99.49
1960,44167,Obón,739,68.38
1960,44168,Odón,717,74.24
1960,44169,Ojos Negros,2033,90.92
1960,44171,Olba,691,20.99
1960,44172,Oliete,1711,85.48
1960,44173,Los Olmos,356,43.97
1960,44174,Orihuela del Tremedal,1042,71.52
1960,44175,Orrios,479,44.23
1960,44176,Palomar de Arroyos,568,33.62
1960,44177,Pancrudo,873,100.12
1960,44178,Las Parras de Castellote,540,42.13
1960,44179,Peñarroya de Tastavins,996,83.28
1960,44180,Peracense,311,28.66
1960,44181,Peralejos,275,36
1960,44182,Perales del Alfambra,814,104.24
1960,44183,Pitarque,467,54.35
1960,44184,Plou,243,17.21
1960,44185,El Pobo,478,63
1960,44187,La Portellada,545,21.37
1960,44189,Pozondón,430,67.64
1960,44190,Pozuel del Campo,486,27.85
1960,44191,La Puebla de Híjar,2559,60.80
1960,44192,La Puebla de Valverde,1378,282.76
1960,44193,Puertomingalvo,793,103.62
1960,44194,Ráfales,575,35.61
1960,44195,Rillo,700,53.31
1960,44196,Riodeva,631,34.34
1960,44197,Ródenas,359,44.26
1960,44198,Royuela,543,32
1960,44199,Rubiales,166,27.42
1960,44200,Rubielos de la Cérida,391,66
1960,44201,Rubielos de Mora,1213,66
1960,44203,Salcedillo,57,16.89
1960,44204,Saldón,361,28.37
1960,44205,Samper de Calanda,2028,142
1960,44206,San Agustín,843,56.57
1960,44207,San Martín del Río,881,16.57
1960,44208,Santa Cruz de Nogueras,165,15.17
1960,44209,Santa Eulalia,2485,80.97
1960,44210,Sarrión,1792,140.44
1960,44211,Segura de los Baños,426,54.15
1960,44212,Seno,209,17.85
1960,44213,Singra,338,36.72
1960,44215,Terriente,760,47.98
1960,44216,Teruel,21800,440.41
1960,44217,Toril y Masegoso,181,30.67
1960,44218,Tormón,172,29.34
1960,44219,Tornos,783,48.95
1960,44220,Torralba de los Sisones,494,44.78
1960,44221,Torrecilla de Alcañiz,767,26.76
1960,44222,Torrecilla del Rebollar,747,63.44
1960,44223,Torre de Arcas,282,34.28
1960,44224,Torre de las Arcas,234,37.17
1960,44225,Torre del Compte,403,19.46
1960,44226,Torrelacárcel,703,35.54
1960,44227,Torre los Negros,371,29.15
1960,44228,Torremocha de Jiloca,445,33.94
1960,44229,Torres de Albarracín,415,28.31
1960,44230,Torrevelilla,461,33.44
1960,44231,Torrijas,294,57.34
1960,44232,Torrijo del Campo,1222,44.04
1960,44234,Tramacastiel,409,47.29
1960,44235,Tramacastilla,349,24.81
1960,44236,Tronchón,600,57.11
1960,44237,Urrea de Gaén,1027,41.12
1960,44238,Utrillas,3532,39.82
1960,44239,Valacloche,85,15.02
1960,44240,Valbona,577,40.72
1960,44241,Valdealgorfa,1238,46.93
1960,44243,Valdecuenca,204,18.64
1960,44244,Valdelinares,417,55.09
1960,44245,Valdeltormo,633,16
1960,44246,Valderrobres,2339,124.04
1960,44247,Valjunquera,811,41.84
1960,44249,El Vallecillo,283,21.59
1960,44250,Veguillas de la Sierra,129,13.67
1960,44251,Villafranca del Campo,863,63.64
1960,44252,Villahermosa del Campo,295,19
1960,44256,Villanueva del Rebollar de la Sierra,234,18.99
1960,44257,Villar del Cobo,424,54.13
1960,44258,Villar del Salz,453,38.69
1960,44260,Villarluengo,810,157.89
1960,44261,Villarquemado,1573,56.43
1960,44262,Villarroya de los Pinares,574,66.43
1960,44263,Villastar,681,39.05
1960,44264,Villel,1024,85.38
1960,44265,Vinaceite,535,50.07
1960,44266,Visiedo,580,55.53
1960,44267,Vivel del Río Martín,623,51.16
1960,44268,La Zoma,118,14
1970,44001,Ababuj,193,54
1970,44002,Abejuela,178,86.67
1970,44003,Aguatón,73,21.64
1970,44004,Aguaviva,889,42.15
1970,44005,Aguilar del Alfambra,220,39.04
1970,44006,Alacón,729,47
1970,44007,Alba,557,69.53
1970,44008,Albalate del Arzobispo,3044,205.69
1970,44009,Albarracín,1258,452.72
1970,44010,Albentosa,523,68
1970,44011,Alcaine,114,57.38
1970,44012,Alcalá de la Selva,774,104.95
1970,44013,Alcañiz,10851,472.12
1970,44014,Alcorisa,3058,121
1970,44016,Alfambra,1169,122.44
1970,44017,Aliaga,1265,193.08
1970,44018,Almohaja,67,25.55
1970,44019,Alobras,231,30.72
1970,44020,Alpeñés,69,28.62
1970,44021,Allepuz,501,67.26
1970,44022,Alloza,1169,81
1970,44023,Allueva,10,18.65
1970,44024,Anadón,71,24.62
1970,44025,Andorra,6609,141.36
1970,44026,Arcos de las Salinas,252,112.99
1970,44027,Arens de Lledó,354,34.27
1970,44028,Argente,471,62.58
1970,44029,Ariño,1125,81.93
1970,44031,Azaila,392,81.44
1970,44032,Bádenas,83,31.31
1970,44033,Báguena,1060,25.17
1970,44034,Bañón,423,54.27
1970,44035,Barrachina,328,24.86
1970,44036,Bea,50,23.37
1970,44037,Beceite,1006,96.72
1970,44038,Belmonte de San José,236,33.99
1970,44039,Bello,883,52.49
1970,44040,Berge,341,42.64
1970,44041,Bezas,249,26.32
1970,44042,Blancas,434,73
1970,44043,Blesa,358,80.39
1970,44044,Bordón,266,29.98
1970,44045,Bronchales,564,59
1970,44046,Bueña,262,40.75
1970,44047,Burbáguena,637,39.02
1970,44048,Cabra de Mora,166,34.31
1970,44049,Calaceite,1625,81.33
1970,44050,Calamocha,5041,316.63
1970,44051,Calanda,3125,112.25
1970,44052,Calomarde,211,28.18
1970,44053,Camañas,281,78.67
1970,44054,Camarena de la Sierra,252,79.54
1970,44055,Camarillas,362,50.55
1970,44056,Caminreal,1373,44.39
1970,44059,Cantavieja,1060,124.56
1970,44060,Cañada de Benatanduz,253,34.89
1970,44061,La Cañada de Verich,238,10.86
1970,44062,Cañada Vellida,155,23
1970,44063,Cañizar del Olivar,273,22.29
1970,44064,Cascante del Río,261,32.38
1970,44065,Castejón de Tornos,260,30.89
1970,44066,Castel de Cabra,393,29.44
1970,44067,Castelnou,216,37.09
1970,44068,Castelserás,1099,31.52
1970,44070,El Castellar,175,50.33
1970,44071,Castellote,1493,235.18
1970,44074,Cedrillas,785,73.57
1970,44075,Celadas,660,100.45
1970,44076,Cella,3340,124.68
1970,44077,La Cerollera,210,33.75
1970,44080,La Codoñera,524,20.97
1970,44082,Corbalán,228,82.44
1970,44084,Cortes de Aragón,239,24.43
1970,44085,Cosa,239,54.81
1970,44086,Cretas,913,52.66
1970,44087,Crivillén,334,42.03
1970,44088,La Cuba,161,6.51
1970,44089,Cubla,199,48.63
1970,44090,Cucalón,221,31.93
1970,44092,El Cuervo,248,20.76
1970,44093,Cuevas de Almudén,168,35.85
1970,44094,Cuevas Labradas,254,40.81
1970,44096,Ejulve,431,109.49
1970,44097,Escorihuela,443,56.99
1970,44099,Escucha,1338,41.57
1970,44100,Estercuel,630,55.59
1970,44101,Ferreruela de Huerva,194,20.44
1970,44102,Fonfría,80,20.58
1970,44103,Formiche Alto,352,78.17
1970,44105,Fórnoles,258,32.56
1970,44106,Fortanete,506,168.21
1970,44107,Foz-Calanda,342,37.87
1970,44108,La Fresneda,666,39.48
1970,44109,Frías de Albarracín,403,50.79
1970,44110,Fuenferrada,108,24.53
1970,44111,Fuentes Calientes,264,25.01
1970,44112,Fuentes Claras,1103,36.91
1970,44113,Fuentes de Rubielos,183,38.91
1970,44114,Fuentespalda,524,39
1970,44115,Galve,214,61.23
1970,44116,Gargallo,180,30.08
1970,44117,Gea de Albarracín,722,57
1970,44118,La Ginebrosa,468,80
1970,44119,Griegos,238,31.77
1970,44120,Guadalaviar,437,28.08
1970,44121,Gúdar,151,60.77
1970,44122,Híjar,2501,165.36
1970,44123,Hinojosa de Jarque,360,36.47
1970,44124,La Hoz de la Vieja,408,43.73
1970,44125,Huesa del Común,369,61.69
1970,44126,La Iglesuela del Cid,718,40.29
1970,44127,Jabaloyas,267,61.73
1970,44128,Jarque de la Val,184,29.23
1970,44129,Jatiel,104,10.84
1970,44130,Jorcas,152,26
1970,44131,Josa,138,28.23
1970,44132,Lagueruela,142,26.32
1970,44133,Lanzuela,109,14.22
1970,44135,Libros,393,37.91
1970,44136,Lidón,190,40
1970,44137,Linares de Mora,582,116.28
1970,44138,Loscos,580,83.99
1970,44141,Lledó,321,15.61
1970,44142,Maicas,51,24.74
1970,44143,Manzanera,1050,168.66
1970,44144,Martín del Río,722,54.88
1970,44145,Mas de las Matas,1573,29.99
1970,44146,La Mata de los Olmos,332,23.73
1970,44147,Mazaleón,823,86.25
1970,44148,Mezquita de Jarque,261,31.14
1970,44149,Mirambel,273,45.47
1970,44150,Miravete de la Sierra,155,36.51
1970,44151,Molinos,528,79.61
1970,44152,Monforte de Moyuela,216,47.74
1970,44153,Monreal del Campo,2823,89.05
1970,44154,Monroyo,539,79.23
1970,44155,Montalbán,2394,82.04
1970,44156,Monteagudo del Castillo,198,44.36
1970,44157,Monterde de Albarracín,192,45.21
1970,44158,Mora de Rubielos,1680,166.23
1970,44159,Moscardón,140,26.93
1970,44160,Mosqueruela,1157,265.03
1970,44161,Muniesa,1331,129
1970,44163,Noguera de Albarracín,250,47.44
1970,44164,Nogueras,124,18.85
1970,44165,Nogueruelas,406,99.49
1970,44167,Obón,251,68.38
1970,44168,Odón,433,74.24
1970,44169,Ojos Negros,1343,90.92
1970,44171,Olba,364,20.99
1970,44172,Oliete,1035,85.48
1970,44173,Los Olmos,259,43.97
1970,44174,Orihuela del Tremedal,882,71.52
1970,44175,Orrios,306,44.23
1970,44176,Palomar de Arroyos,405,33.62
1970,44177,Pancrudo,514,100.12
1970,44178,Las Parras de Castellote,240,42.13
1970,44179,Peñarroya de Tastavins,794,83.28
1970,44180,Peracense,191,28.66
1970,44181,Peralejos,171,36
1970,44182,Perales del Alfambra,514,104.24
1970,44183,Pitarque,252,54.35
1970,44184,Plou,122,17.21
1970,44185,El Pobo,346,63
1970,44187,La Portellada,430,21.37
1970,44189,Pozondón,219,67.64
1970,44190,Pozuel del Campo,318,27.85
1970,44191,La Puebla de Híjar,2118,60.80
1970,44192,La Puebla de Valverde,1003,282.76
1970,44193,Puertomingalvo,413,103.62
1970,44194,Ráfales,426,35.61
1970,44195,Rillo,398,53.31
1970,44196,Riodeva,406,34.34
1970,44197,Ródenas,200,44.26
1970,44198,Royuela,405,32
1970,44199,Rubiales,68,27.42
1970,44200,Rubielos de la Cérida,241,66
1970,44201,Rubielos de Mora,936,66
1970,44203,Salcedillo,15,16.89
1970,44204,Saldón,193,28.37
1970,44205,Samper de Calanda,1609,142
1970,44206,San Agustín,502,56.57
1970,44207,San Martín del Río,654,16.57
1970,44208,Santa Cruz de Nogueras,89,15.17
1970,44209,Santa Eulalia,2044,80.97
1970,44210,Sarrión,1307,140.44
1970,44211,Segura de los Baños,197,54.15
1970,44212,Seno,106,17.85
1970,44213,Singra,207,36.72
1970,44215,Terriente,450,47.98
1970,44216,Teruel,22100,440.41
1970,44217,Toril y Masegoso,137,30.67
1970,44218,Tormón,119,29.34
1970,44219,Tornos,457,48.95
1970,44220,Torralba de los Sisones,347,44.78
1970,44221,Torrecilla de Alcañiz,618,26.76
1970,44222,Torrecilla del Rebollar,436,63.44
1970,44223,Torre de Arcas,213,34.28
1970,44224,Torre de las Arcas,123,37.17
1970,44225,Torre del Compte,319,19.46
1970,44226,Torrelacárcel,557,35.54
1970,44227,Torre los Negros,237,29.15
1970,44228,Torremocha de Jiloca,340,33.94
1970,44229,Torres de Albarracín,314,28.31
1970,44230,Torrevelilla,293,33.44
1970,44231,Torrijas,176,57.34
1970,44232,Torrijo del Campo,921,44.04
1970,44234,Tramacastiel,256,47.29
1970,44235,Tramacastilla,274,24.81
1970,44236,Tronchón,331,57.11
1970,44237,Urrea de Gaén,835,41.12
1970,44238,Utrillas,4055,39.82
1970,44239,Valacloche,75,15.02
1970,44240,Valbona,347,40.72
1970,44241,Valdealgorfa,1035,46.93
1970,44243,Valdecuenca,79,18.64
1970,44244,Valdelinares,244,55.09
1970,44245,Valdeltormo,575,16
1970,44246,Valderrobres,2006,124.04
1970,44247,Valjunquera,683,41.84
1970,44249,El Vallecillo,127,21.59
1970,44250,Veguillas de la Sierra,66,13.67
1970,44251,Villafranca del Campo,665,63.64
1970,44252,Villahermosa del Campo,166,19
1970,44256,Villanueva del Rebollar de la Sierra,134,18.99
1970,44257,Villar del Cobo,352,54.13
1970,44258,Villar del Salz,320,38.69
1970,44260,Villarluengo,492,157.89
1970,44261,Villarquemado,1299,56.43
1970,44262,Villarroya de los Pinares,400,66.43
1970,44263,Villastar,545,39.05
1970,44264,Villel,686,85.38
1970,44265,Vinaceite,473,50.07
1970,44266,Visiedo,448,55.53
1970,44267,Vivel del Río Martín,344,51.16
1970,44268,La Zoma,64,14
1981,44001,Ababuj,115,54
1981,44002,Abejuela,63,86.67
1981,44003,Aguatón,50,21.64
1981,44004,Aguaviva,706,42.15
1981,44005,Aguilar del Alfambra,131,39.04
1981,44006,Alacón,543,47
1981,44007,Alba,403,69.53
1981,44008,Albalate del Arzobispo,2739,205.69
1981,44009,Albarracín,1127,452.72
1981,44010,Albentosa,350,68
1981,44011,Alcaine,54,57.38
1981,44012,Alcalá de la Selva,579,104.95
1981,44013,Alcañiz,11651,472.12
1981,44014,Alcorisa,3112,121
1981,44016,Alfambra,934,122.44
1981,44017,Aliaga,866,193.08
1981,44018,Almohaja,34,25.55
1981,44019,Alobras,150,30.72
1981,44020,Alpeñés,35,28.62
1981,44021,Allepuz,236,67.26
1981,44022,Alloza,1006,81
1981,44023,Allueva,9,18.65
1981,44024,Anadón,41,24.62
1981,44025,Andorra,8221,141.36
1981,44026,Arcos de las Salinas,169,112.99
1981,44027,Arens de Lledó,305,34.27
1981,44028,Argente,385,62.58
1981,44029,Ariño,923,81.93
1981,44031,Azaila,293,81.44
1981,44032,Bádenas,38,31.31
1981,44033,Báguena,773,25.17
1981,44034,Bañón,276,54.27
1981,44035,Barrachina,239,24.86
1981,44036,Bea,19,23.37
1981,44037,Beceite,733,96.72
1981,44038,Belmonte de San José,212,33.99
1981,44039,Bello,596,52.49
1981,44040,Berge,274,42.64
1981,44041,Bezas,88,26.32
1981,44042,Blancas,330,73
1981,44043,Blesa,215,80.39
1981,44044,Bordón,156,29.98
1981,44045,Bronchales,438,59
1981,44046,Bueña,178,40.75
1981,44047,Burbáguena,486,39.02
1981,44048,Cabra de Mora,133,34.31
1981,44049,Calaceite,1456,81.33
1981,44050,Calamocha,4764,316.63
1981,44051,Calanda,3323,112.25
1981,44052,Calomarde,117,28.18
1981,44053,Camañas,208,78.67
1981,44054,Camarena de la Sierra,175,79.54
1981,44055,Camarillas,179,50.55
1981,44056,Caminreal,1075,44.39
1981,44059,Cantavieja,877,124.56
1981,44060,Cañada de Benatanduz,91,34.89
1981,44061,La Cañada de Verich,154,10.86
1981,44062,Cañada Vellida,101,23
1981,44063,Cañizar del Olivar,163,22.29
1981,44064,Cascante del Río,181,32.38
1981,44065,Castejón de Tornos,155,30.89
1981,44066,Castel de Cabra,286,29.44
1981,44067,Castelnou,148,37.09
1981,44068,Castelserás,1009,31.52
1981,44070,El Castellar,122,50.33
1981,44071,Castellote,1050,235.18
1981,44074,Cedrillas,592,73.57
1981,44075,Celadas,555,100.45
1981,44076,Cella,3218,124.68
1981,44077,La Cerollera,127,33.75
1981,44080,La Codoñera,436,20.97
1981,44082,Corbalán,129,82.44
1981,44084,Cortes de Aragón,192,24.43
1981,44085,Cosa,147,54.81
1981,44086,Cretas,737,52.66
1981,44087,Crivillén,161,42.03
1981,44088,La Cuba,121,6.51
1981,44089,Cubla,96,48.63
1981,44090,Cucalón,136,31.93
1981,44092,El Cuervo,184,20.76
1981,44093,Cuevas de Almudén,138,35.85
1981,44094,Cuevas Labradas,248,40.81
1981,44096,Ejulve,289,109.49
1981,44097,Escorihuela,321,56.99
1981,44099,Escucha,1593,41.57
1981,44100,Estercuel,423,55.59
1981,44101,Ferreruela de Huerva,142,20.44
1981,44102,Fonfría,45,20.58
1981,44103,Formiche Alto,240,78.17
1981,44105,Fórnoles,166,32.56
1981,44106,Fortanete,325,168.21
1981,44107,Foz-Calanda,299,37.87
1981,44108,La Fresneda,581,39.48
1981,44109,Frías de Albarracín,237,50.79
1981,44110,Fuenferrada,59,24.53
1981,44111,Fuentes Calientes,211,25.01
1981,44112,Fuentes Claras,909,36.91
1981,44113,Fuentes de Rubielos,96,38.91
1981,44114,Fuentespalda,462,39
1981,44115,Galve,161,61.23
1981,44116,Gargallo,151,30.08
1981,44117,Gea de Albarracín,550,57
1981,44118,La Ginebrosa,354,80
1981,44119,Griegos,180,31.77
1981,44120,Guadalaviar,346,28.08
1981,44121,Gúdar,98,60.77
1981,44122,Híjar,2240,165.36
1981,44123,Hinojosa de Jarque,308,36.47
1981,44124,La Hoz de la Vieja,239,43.73
1981,44125,Huesa del Común,230,61.69
1981,44126,La Iglesuela del Cid,606,40.29
1981,44127,Jabaloyas,157,61.73
1981,44128,Jarque de la Val,139,29.23
1981,44129,Jatiel,66,10.84
1981,44130,Jorcas,98,26
1981,44131,Josa,77,28.23
1981,44132,Lagueruela,107,26.32
1981,44133,Lanzuela,63,14.22
1981,44135,Libros,265,37.91
1981,44136,Lidón,133,40
1981,44137,Linares de Mora,416,116.28
1981,44138,Loscos,301,83.99
1981,44141,Lledó,276,15.61
1981,44142,Maicas,27,24.74
1981,44143,Manzanera,575,168.66
1981,44144,Martín del Río,607,54.88
1981,44145,Mas de las Matas,1557,29.99
1981,44146,La Mata de los Olmos,315,23.73
1981,44147,Mazaleón,710,86.25
1981,44148,Mezquita de Jarque,204,31.14
1981,44149,Mirambel,159,45.47
1981,44150,Miravete de la Sierra,67,36.51
1981,44151,Molinos,418,79.61
1981,44152,Monforte de Moyuela,133,47.74
1981,44153,Monreal del Campo,2518,89.05
1981,44154,Monroyo,412,79.23
1981,44155,Montalbán,2135,82.04
1981,44156,Monteagudo del Castillo,110,44.36
1981,44157,Monterde de Albarracín,101,45.21
1981,44158,Mora de Rubielos,1414,166.23
1981,44159,Moscardón,85,26.93
1981,44160,Mosqueruela,853,265.03
1981,44161,Muniesa,1009,129
1981,44163,Noguera de Albarracín,202,47.44
1981,44164,Nogueras,47,18.85
1981,44165,Nogueruelas,280,99.49
1981,44167,Obón,93,68.38
1981,44168,Odón,354,74.24
1981,44169,Ojos Negros,1029,90.92
1981,44171,Olba,252,20.99
1981,44172,Oliete,711,85.48
1981,44173,Los Olmos,215,43.97
1981,44174,Orihuela del Tremedal,738,71.52
1981,44175,Orrios,236,44.23
1981,44176,Palomar de Arroyos,341,33.62
1981,44177,Pancrudo,305,100.12
1981,44178,Las Parras de Castellote,155,42.13
1981,44179,Peñarroya de Tastavins,683,83.28
1981,44180,Peracense,112,28.66
1981,44181,Peralejos,134,36
1981,44182,Perales del Alfambra,381,104.24
1981,44183,Pitarque,159,54.35
1981,44184,Plou,67,17.21
1981,44185,El Pobo,227,63
1981,44187,La Portellada,396,21.37
1981,44189,Pozondón,132,67.64
1981,44190,Pozuel del Campo,179,27.85
1981,44191,La Puebla de Híjar,1597,60.80
1981,44192,La Puebla de Valverde,579,282.76
1981,44193,Puertomingalvo,213,103.62
1981,44194,Ráfales,328,35.61
1981,44195,Rillo,263,53.31
1981,44196,Riodeva,324,34.34
1981,44197,Ródenas,122,44.26
1981,44198,Royuela,290,32
1981,44199,Rubiales,28,27.42
1981,44200,Rubielos de la Cérida,97,66
1981,44201,Rubielos de Mora,678,66
1981,44203,Salcedillo,9,16.89
1981,44204,Saldón,59,28.37
1981,44205,Samper de Calanda,1403,142
1981,44206,San Agustín,233,56.57
1981,44207,San Martín del Río,439,16.57
1981,44208,Santa Cruz de Nogueras,38,15.17
1981,44209,Santa Eulalia,1919,80.97
1981,44210,Sarrión,1149,140.44
1981,44211,Segura de los Baños,96,54.15
1981,44212,Seno,63,17.85
1981,44213,Singra,148,36.72
1981,44215,Terriente,265,47.98
1981,44216,Teruel,25935,440.41
1981,44217,Toril y Masegoso,61,30.67
1981,44218,Tormón,61,29.34
1981,44219,Tornos,364,48.95
1981,44220,Torralba de los Sisones,282,44.78
1981,44221,Torrecilla de Alcañiz,533,26.76
1981,44222,Torrecilla del Rebollar,236,63.44
1981,44223,Torre de Arcas,171,34.28
1981,44224,Torre de las Arcas,61,37.17
1981,44225,Torre del Compte,236,19.46
1981,44226,Torrelacárcel,433,35.54
1981,44227,Torre los Negros,127,29.15
1981,44228,Torremocha de Jiloca,258,33.94
1981,44229,Torres de Albarracín,243,28.31
1981,44230,Torrevelilla,232,33.44
1981,44231,Torrijas,93,57.34
1981,44232,Torrijo del Campo,728,44.04
1981,44234,Tramacastiel,154,47.29
1981,44235,Tramacastilla,165,24.81
1981,44236,Tronchón,161,57.11
1981,44237,Urrea de Gaén,757,41.12
1981,44238,Utrillas,4556,39.82
1981,44239,Valacloche,46,15.02
1981,44240,Valbona,215,40.72
1981,44241,Valdealgorfa,870,46.93
1981,44243,Valdecuenca,60,18.64
1981,44244,Valdelinares,164,55.09
1981,44245,Valdeltormo,500,16
1981,44246,Valderrobres,1877,124.04
1981,44247,Valjunquera,618,41.84
1981,44249,El Vallecillo,17,21.59
1981,44250,Veguillas de la Sierra,51,13.67
1981,44251,Villafranca del Campo,553,63.64
1981,44252,Villahermosa del Campo,114,19
1981,44256,Villanueva del Rebollar de la Sierra,64,18.99
1981,44257,Villar del Cobo,285,54.13
1981,44258,Villar del Salz,184,38.69
1981,44260,Villarluengo,289,157.89
1981,44261,Villarquemado,1176,56.43
1981,44262,Villarroya de los Pinares,249,66.43
1981,44263,Villastar,425,39.05
1981,44264,Villel,462,85.38
1981,44265,Vinaceite,422,50.07
1981,44266,Visiedo,328,55.53
1981,44267,Vivel del Río Martín,191,51.16
1981,44268,La Zoma,49,14
1991,44001,Ababuj,83,54
1991,44002,Abejuela,65,86.67
1991,44003,Aguatón,32,21.64
1991,44004,Aguaviva,618,42.15
1991,44005,Aguilar del Alfambra,101,39.04
1991,44006,Alacón,527,47
1991,44007,Alba,323,69.53
1991,44008,Albalate del Arzobispo,2449,205.69
1991,44009,Albarracín,1065,452.72
1991,44010,Albentosa,288,68
1991,44011,Alcaine,49,57.38
1991,44012,Alcalá de la Selva,462,104.95
1991,44013,Alcañiz,12642,472.12
1991,44014,Alcorisa,3234,121
1991,44016,Alfambra,777,122.44
1991,44017,Aliaga,442,193.08
1991,44018,Almohaja,40,25.55
1991,44019,Alobras,111,30.72
1991,44020,Alpeñés,35,28.62
1991,44021,Allepuz,147,67.26
1991,44022,Alloza,913,81
1991,44023,Allueva,12,18.65
1991,44024,Anadón,28,24.62
1991,44025,Andorra,8680,141.36
1991,44026,Arcos de las Salinas,186,112.99
1991,44027,Arens de Lledó,272,34.27
1991,44028,Argente,299,62.58
1991,44029,Ariño,956,81.93
1991,44031,Azaila,243,81.44
1991,44032,Bádenas,29,31.31
1991,44033,Báguena,624,25.17
1991,44034,Bañón,226,54.27
1991,44035,Barrachina,200,24.86
1991,44036,Bea,28,23.37
1991,44037,Beceite,701,96.72
1991,44038,Belmonte de San José,172,33.99
1991,44039,Bello,474,52.49
1991,44040,Berge,260,42.64
1991,44041,Bezas,76,26.32
1991,44042,Blancas,243,73
1991,44043,Blesa,165,80.39
1991,44044,Bordón,142,29.98
1991,44045,Bronchales,475,59
1991,44046,Bueña,123,40.75
1991,44047,Burbáguena,367,39.02
1991,44048,Cabra de Mora,102,34.31
1991,44049,Calaceite,1281,81.33
1991,44050,Calamocha,4276,316.63
1991,44051,Calanda,3552,112.25
1991,44052,Calomarde,105,28.18
1991,44053,Camañas,170,78.67
1991,44054,Camarena de la Sierra,149,79.54
1991,44055,Camarillas,132,50.55
1991,44056,Caminreal,913,44.39
1991,44059,Cantavieja,750,124.56
1991,44060,Cañada de Benatanduz,82,34.89
1991,44061,La Cañada de Verich,112,10.86
1991,44062,Cañada Vellida,74,23
1991,44063,Cañizar del Olivar,156,22.29
1991,44064,Cascante del Río,138,32.38
1991,44065,Castejón de Tornos,122,30.89
1991,44066,Castel de Cabra,229,29.44
1991,44067,Castelnou,123,37.09
1991,44068,Castelserás,938,31.52
1991,44070,El Castellar,103,50.33
1991,44071,Castellote,927,235.18
1991,44074,Cedrillas,557,73.57
1991,44075,Celadas,488,100.45
1991,44076,Cella,3066,124.68
1991,44077,La Cerollera,98,33.75
1991,44080,La Codoñera,363,20.97
1991,44082,Corbalán,80,82.44
1991,44084,Cortes de Aragón,145,24.43
1991,44085,Cosa,137,54.81
1991,44086,Cretas,693,52.66
1991,44087,Crivillén,157,42.03
1991,44088,La Cuba,84,6.51
1991,44089,Cubla,72,48.63
1991,44090,Cucalón,102,31.93
1991,44092,El Cuervo,151,20.76
1991,44093,Cuevas de Almudén,120,35.85
1991,44094,Cuevas Labradas,216,40.81
1991,44096,Ejulve,236,109.49
1991,44097,Escorihuela,273,56.99
1991,44099,Escucha,1212,41.57
1991,44100,Estercuel,423,55.59
1991,44101,Ferreruela de Huerva,100,20.44
1991,44102,Fonfría,36,20.58
1991,44103,Formiche Alto,217,78.17
1991,44105,Fórnoles,130,32.56
1991,44106,Fortanete,212,168.21
1991,44107,Foz-Calanda,263,37.87
1991,44108,La Fresneda,480,39.48
1991,44109,Frías de Albarracín,206,50.79
1991,44110,Fuenferrada,53,24.53
1991,44111,Fuentes Calientes,165,25.01
1991,44112,Fuentes Claras,742,36.91
1991,44113,Fuentes de Rubielos,82,38.91
1991,44114,Fuentespalda,429,39
1991,44115,Galve,138,61.23
1991,44116,Gargallo,140,30.08
1991,44117,Gea de Albarracín,501,57
1991,44118,La Ginebrosa,287,80
1991,44119,Griegos,142,31.77
1991,44120,Guadalaviar,304,28.08
1991,44121,Gúdar,89,60.77
1991,44122,Híjar,2102,165.36
1991,44123,Hinojosa de Jarque,221,36.47
1991,44124,La Hoz de la Vieja,171,43.73
1991,44125,Huesa del Común,155,61.69
1991,44126,La Iglesuela del Cid,519,40.29
1991,44127,Jabaloyas,121,61.73
1991,44128,Jarque de la Val,116,29.23
1991,44129,Jatiel,76,10.84
1991,44130,Jorcas,51,26
1991,44131,Josa,45,28.23
1991,44132,Lagueruela,89,26.32
1991,44133,Lanzuela,41,14.22
1991,44135,Libros,213,37.91
1991,44136,Lidón,111,40
1991,44137,Linares de Mora,351,116.28
1991,44138,Loscos,210,83.99
1991,44141,Lledó,229,15.61
1991,44142,Maicas,20,24.74
1991,44143,Manzanera,490,168.66
1991,44144,Martín del Río,574,54.88
1991,44145,Mas de las Matas,1512,29.99
1991,44146,La Mata de los Olmos,285,23.73
1991,44147,Mazaleón,629,86.25
1991,44148,Mezquita de Jarque,178,31.14
1991,44149,Mirambel,160,45.47
1991,44150,Miravete de la Sierra,49,36.51
1991,44151,Molinos,397,79.61
1991,44152,Monforte de Moyuela,116,47.74
1991,44153,Monreal del Campo,2308,89.05
1991,44154,Monroyo,403,79.23
1991,44155,Montalbán,1789,82.04
1991,44156,Monteagudo del Castillo,87,44.36
1991,44157,Monterde de Albarracín,87,45.21
1991,44158,Mora de Rubielos,1333,166.23
1991,44159,Moscardón,73,26.93
1991,44160,Mosqueruela,722,265.03
1991,44161,Muniesa,808,129
1991,44163,Noguera de Albarracín,172,47.44
1991,44164,Nogueras,31,18.85
1991,44165,Nogueruelas,248,99.49
1991,44167,Obón,70,68.38
1991,44168,Odón,311,74.24
1991,44169,Ojos Negros,780,90.92
1991,44171,Olba,233,20.99
1991,44172,Oliete,574,85.48
1991,44173,Los Olmos,174,43.97
1991,44174,Orihuela del Tremedal,627,71.52
1991,44175,Orrios,223,44.23
1991,44176,Palomar de Arroyos,320,33.62
1991,44177,Pancrudo,228,100.12
1991,44178,Las Parras de Castellote,104,42.13
1991,44179,Peñarroya de Tastavins,591,83.28
1991,44180,Peracense,103,28.66
1991,44181,Peralejos,111,36
1991,44182,Perales del Alfambra,297,104.24
1991,44183,Pitarque,135,54.35
1991,44184,Plou,55,17.21
1991,44185,El Pobo,170,63
1991,44187,La Portellada,352,21.37
1991,44189,Pozondón,101,67.64
1991,44190,Pozuel del Campo,148,27.85
1991,44191,La Puebla de Híjar,1247,60.80
1991,44192,La Puebla de Valverde,498,282.76
1991,44193,Puertomingalvo,164,103.62
1991,44194,Ráfales,257,35.61
1991,44195,Rillo,163,53.31
1991,44196,Riodeva,267,34.34
1991,44197,Ródenas,103,44.26
1991,44198,Royuela,246,32
1991,44199,Rubiales,58,27.42
1991,44200,Rubielos de la Cérida,73,66
1991,44201,Rubielos de Mora,633,66
1991,44203,Salcedillo,9,16.89
1991,44204,Saldón,53,28.37
1991,44205,Samper de Calanda,1185,142
1991,44206,San Agustín,184,56.57
1991,44207,San Martín del Río,351,16.57
1991,44208,Santa Cruz de Nogueras,32,15.17
1991,44209,Santa Eulalia,1424,80.97
1991,44210,Sarrión,1066,140.44
1991,44211,Segura de los Baños,67,54.15
1991,44212,Seno,58,17.85
1991,44213,Singra,118,36.72
1991,44215,Terriente,205,47.98
1991,44216,Teruel,28487,440.41
1991,44217,Toril y Masegoso,50,30.67
1991,44218,Tormón,50,29.34
1991,44219,Tornos,300,48.95
1991,44220,Torralba de los Sisones,252,44.78
1991,44221,Torrecilla de Alcañiz,487,26.76
1991,44222,Torrecilla del Rebollar,199,63.44
1991,44223,Torre de Arcas,133,34.28
1991,44224,Torre de las Arcas,43,37.17
1991,44225,Torre del Compte,205,19.46
1991,44226,Torrelacárcel,357,35.54
1991,44227,Torre los Negros,102,29.15
1991,44228,Torremocha de Jiloca,202,33.94
1991,44229,Torres de Albarracín,190,28.31
1991,44230,Torrevelilla,207,33.44
1991,44231,Torrijas,74,57.34
1991,44232,Torrijo del Campo,685,44.04
1991,44234,Tramacastiel,136,47.29
1991,44235,Tramacastilla,144,24.81
1991,44236,Tronchón,119,57.11
1991,44237,Urrea de Gaén,700,41.12
1991,44238,Utrillas,3743,39.82
1991,44239,Valacloche,29,15.02
1991,44240,Valbona,212,40.72
1991,44241,Valdealgorfa,829,46.93
1991,44243,Valdecuenca,49,18.64
1991,44244,Valdelinares,131,55.09
1991,44245,Valdeltormo,441,16
1991,44246,Valderrobres,1903,124.04
1991,44247,Valjunquera,474,41.84
1991,44249,El Vallecillo,25,21.59
1991,44250,Veguillas de la Sierra,33,13.67
1991,44251,Villafranca del Campo,403,63.64
1991,44252,Villahermosa del Campo,89,19
1991,44256,Villanueva del Rebollar de la Sierra,52,18.99
1991,44257,Villar del Cobo,239,54.13
1991,44258,Villar del Salz,145,38.69
1991,44260,Villarluengo,243,157.89
1991,44261,Villarquemado,1053,56.43
1991,44262,Villarroya de los Pinares,218,66.43
1991,44263,Villastar,381,39.05
1991,44264,Villel,376,85.38
1991,44265,Vinaceite,359,50.07
1991,44266,Visiedo,273,55.53
1991,44267,Vivel del Río Martín,140,51.16
1991,44268,La Zoma,51,14
2001,44001,Ababuj,85,54
2001,44002,Abejuela,56,86.67
2001,44003,Aguatón,26,21.64
2001,44004,Aguaviva,658,42.15
2001,44005,Aguilar del Alfambra,80,39.04
2001,44006,Alacón,409,47
2001,44007,Alba,255,69.53
2001,44008,Albalate del Arzobispo,2185,205.69
2001,44009,Albarracín,1050,452.72
2001,44010,Albentosa,252,68
2001,44011,Alcaine,72,57.38
2001,44012,Alcalá de la Selva,510,104.95
2001,44013,Alcañiz,13431,472.12
2001,44014,Alcorisa,3339,121
2001,44016,Alfambra,624,122.44
2001,44017,Aliaga,397,193.08
2001,44018,Almohaja,27,25.55
2001,44019,Alobras,85,30.72
2001,44020,Alpeñés,30,28.62
2001,44021,Allepuz,135,67.26
2001,44022,Alloza,720,81
2001,44023,Allueva,13,18.65
2001,44024,Anadón,18,24.62
2001,44025,Andorra,7816,141.36
2001,44026,Arcos de las Salinas,139,112.99
2001,44027,Arens de Lledó,232,34.27
2001,44028,Argente,266,62.58
2001,44029,Ariño,853,81.93
2001,44031,Azaila,171,81.44
2001,44032,Bádenas,25,31.31
2001,44033,Báguena,463,25.17
2001,44034,Bañón,168,54.27
2001,44035,Barrachina,154,24.86
2001,44036,Bea,38,23.37
2001,44037,Beceite,619,96.72
2001,44038,Belmonte de San José,138,33.99
2001,44039,Bello,369,52.49
2001,44040,Berge,248,42.64
2001,44041,Bezas,65,26.32
2001,44042,Blancas,179,73
2001,44043,Blesa,139,80.39
2001,44044,Bordón,138,29.98
2001,44045,Bronchales,472,59
2001,44046,Bueña,90,40.75
2001,44047,Burbáguena,303,39.02
2001,44048,Cabra de Mora,108,34.31
2001,44049,Calaceite,1153,81.33
2001,44050,Calamocha,4040,316.63
2001,44051,Calanda,3474,112.25
2001,44052,Calomarde,69,28.18
2001,44053,Camañas,140,78.67
2001,44054,Camarena de la Sierra,165,79.54
2001,44055,Camarillas,102,50.55
2001,44056,Caminreal,777,44.39
2001,44059,Cantavieja,759,124.56
2001,44060,Cañada de Benatanduz,58,34.89
2001,44061,La Cañada de Verich,104,10.86
2001,44062,Cañada Vellida,54,23
2001,44063,Cañizar del Olivar,116,22.29
2001,44064,Cascante del Río,107,32.38
2001,44065,Castejón de Tornos,92,30.89
2001,44066,Castel de Cabra,158,29.44
2001,44067,Castelnou,109,37.09
2001,44068,Castelserás,824,31.52
2001,44070,El Castellar,87,50.33
2001,44071,Castellote,802,235.18
2001,44074,Cedrillas,538,73.57
2001,44075,Celadas,398,100.45
2001,44076,Cella,2825,124.68
2001,44077,La Cerollera,119,33.75
2001,44080,La Codoñera,329,20.97
2001,44082,Corbalán,79,82.44
2001,44084,Cortes de Aragón,118,24.43
2001,44085,Cosa,93,54.81
2001,44086,Cretas,632,52.66
2001,44087,Crivillén,122,42.03
2001,44088,La Cuba,57,6.51
2001,44089,Cubla,44,48.63
2001,44090,Cucalón,80,31.93
2001,44092,El Cuervo,115,20.76
2001,44093,Cuevas de Almudén,104,35.85
2001,44094,Cuevas Labradas,153,40.81
2001,44096,Ejulve,220,109.49
2001,44097,Escorihuela,210,56.99
2001,44099,Escucha,1090,41.57
2001,44100,Estercuel,314,55.59
2001,44101,Ferreruela de Huerva,80,20.44
2001,44102,Fonfría,31,20.58
2001,44103,Formiche Alto,204,78.17
2001,44105,Fórnoles,94,32.56
2001,44106,Fortanete,180,168.21
2001,44107,Foz-Calanda,257,37.87
2001,44108,La Fresneda,419,39.48
2001,44109,Frías de Albarracín,154,50.79
2001,44110,Fuenferrada,48,24.53
2001,44111,Fuentes Calientes,125,25.01
2001,44112,Fuentes Claras,625,36.91
2001,44113,Fuentes de Rubielos,98,38.91
2001,44114,Fuentespalda,355,39
2001,44115,Galve,141,61.23
2001,44116,Gargallo,126,30.08
2001,44117,Gea de Albarracín,431,57
2001,44118,La Ginebrosa,238,80
2001,44119,Griegos,136,31.77
2001,44120,Guadalaviar,275,28.08
2001,44121,Gúdar,75,60.77
2001,44122,Híjar,1928,165.36
2001,44123,Hinojosa de Jarque,170,36.47
2001,44124,La Hoz de la Vieja,123,43.73
2001,44125,Huesa del Común,136,61.69
2001,44126,La Iglesuela del Cid,489,40.29
2001,44127,Jabaloyas,84,61.73
2001,44128,Jarque de la Val,93,29.23
2001,44129,Jatiel,54,10.84
2001,44130,Jorcas,45,26
2001,44131,Josa,30,28.23
2001,44132,Lagueruela,64,26.32
2001,44133,Lanzuela,28,14.22
2001,44135,Libros,157,37.91
2001,44136,Lidón,75,40
2001,44137,Linares de Mora,303,116.28
2001,44138,Loscos,188,83.99
2001,44141,Lledó,209,15.61
2001,44142,Maicas,42,24.74
2001,44143,Manzanera,464,168.66
2001,44144,Martín del Río,476,54.88
2001,44145,Mas de las Matas,1432,29.99
2001,44146,La Mata de los Olmos,273,23.73
2001,44147,Mazaleón,604,86.25
2001,44148,Mezquita de Jarque,135,31.14
2001,44149,Mirambel,145,45.47
2001,44150,Miravete de la Sierra,42,36.51
2001,44151,Molinos,298,79.61
2001,44152,Monforte de Moyuela,77,47.74
2001,44153,Monreal del Campo,2343,89.05
2001,44154,Monroyo,362,79.23
2001,44155,Montalbán,1538,82.04
2001,44156,Monteagudo del Castillo,67,44.36
2001,44157,Monterde de Albarracín,73,45.21
2001,44158,Mora de Rubielos,1359,166.23
2001,44159,Moscardón,55,26.93
2001,44160,Mosqueruela,712,265.03
2001,44161,Muniesa,684,129
2001,44163,Noguera de Albarracín,165,47.44
2001,44164,Nogueras,19,18.85
2001,44165,Nogueruelas,218,99.49
2001,44167,Obón,76,68.38
2001,44168,Odón,261,74.24
2001,44169,Ojos Negros,545,90.92
2001,44171,Olba,210,20.99
2001,44172,Oliete,454,85.48
2001,44173,Los Olmos,144,43.97
2001,44174,Orihuela del Tremedal,604,71.52
2001,44175,Orrios,186,44.23
2001,44176,Palomar de Arroyos,246,33.62
2001,44177,Pancrudo,157,100.12
2001,44178,Las Parras de Castellote,79,42.13
2001,44179,Peñarroya de Tastavins,539,83.28
2001,44180,Peracense,98,28.66
2001,44181,Peralejos,81,36
2001,44182,Perales del Alfambra,293,104.24
2001,44183,Pitarque,104,54.35
2001,44184,Plou,53,17.21
2001,44185,El Pobo,129,63
2001,44187,La Portellada,292,21.37
2001,44189,Pozondón,80,67.64
2001,44190,Pozuel del Campo,112,27.85
2001,44191,La Puebla de Híjar,1046,60.80
2001,44192,La Puebla de Valverde,485,282.76
2001,44193,Puertomingalvo,153,103.62
2001,44194,Ráfales,199,35.61
2001,44195,Rillo,137,53.31
2001,44196,Riodeva,201,34.34
2001,44197,Ródenas,82,44.26
2001,44198,Royuela,230,32
2001,44199,Rubiales,53,27.42
2001,44200,Rubielos de la Cérida,59,66
2001,44201,Rubielos de Mora,609,66
2001,44203,Salcedillo,7,16.89
2001,44204,Saldón,32,28.37
2001,44205,Samper de Calanda,971,142
2001,44206,San Agustín,127,56.57
2001,44207,San Martín del Río,269,16.57
2001,44208,Santa Cruz de Nogueras,29,15.17
2001,44209,Santa Eulalia,1132,80.97
2001,44210,Sarrión,1017,140.44
2001,44211,Segura de los Baños,40,54.15
2001,44212,Seno,47,17.85
2001,44213,Singra,87,36.72
2001,44215,Terriente,171,47.98
2001,44216,Teruel,31158,440.41
2001,44217,Toril y Masegoso,26,30.67
2001,44218,Tormón,35,29.34
2001,44219,Tornos,245,48.95
2001,44220,Torralba de los Sisones,231,44.78
2001,44221,Torrecilla de Alcañiz,439,26.76
2001,44222,Torrecilla del Rebollar,177,63.44
2001,44223,Torre de Arcas,102,34.28
2001,44224,Torre de las Arcas,37,37.17
2001,44225,Torre del Compte,174,19.46
2001,44226,Torrelacárcel,277,35.54
2001,44227,Torre los Negros,94,29.15
2001,44228,Torremocha de Jiloca,159,33.94
2001,44229,Torres de Albarracín,158,28.31
2001,44230,Torrevelilla,209,33.44
2001,44231,Torrijas,67,57.34
2001,44232,Torrijo del Campo,559,44.04
2001,44234,Tramacastiel,111,47.29
2001,44235,Tramacastilla,135,24.81
2001,44236,Tronchón,102,57.11
2001,44237,Urrea de Gaén,582,41.12
2001,44238,Utrillas,3178,39.82
2001,44239,Valacloche,20,15.02
2001,44240,Valbona,200,40.72
2001,44241,Valdealgorfa,734,46.93
2001,44243,Valdecuenca,32,18.64
2001,44244,Valdelinares,124,55.09
2001,44245,Valdeltormo,363,16
2001,44246,Valderrobres,1945,124.04
2001,44247,Valjunquera,423,41.84
2001,44249,El Vallecillo,49,21.59
2001,44250,Veguillas de la Sierra,27,13.67
2001,44251,Villafranca del Campo,378,63.64
2001,44252,Villahermosa del Campo,75,19
2001,44256,Villanueva del Rebollar de la Sierra,48,18.99
2001,44257,Villar del Cobo,222,54.13
2001,44258,Villar del Salz,95,38.69
2001,44260,Villarluengo,207,157.89
2001,44261,Villarquemado,942,56.43
2001,44262,Villarroya de los Pinares,197,66.43
2001,44263,Villastar,343,39.05
2001,44264,Villel,331,85.38
2001,44265,Vinaceite,283,50.07
2001,44266,Visiedo,195,55.53
2001,44267,Vivel del Río Martín,84,51.16
2001,44268,La Zoma,29,14
2011,44001,Ababuj,71,54
2011,44002,Abejuela,58,86.67
2011,44003,Aguatón,20,21.64
2011,44004,Aguaviva,648,42.15
2011,44005,Aguilar del Alfambra,74,39.04
2011,44006,Alacón,333,47
2011,44007,Alba,228,69.53
2011,44008,Albalate del Arzobispo,2079,205.69
2011,44009,Albarracín,1102,452.72
2011,44010,Albentosa,291,68
2011,44011,Alcaine,69,57.38
2011,44012,Alcalá de la Selva,498,104.95
2011,44013,Alcañiz,16402,472.12
2011,44014,Alcorisa,3557,121
2011,44016,Alfambra,619,122.44
2011,44017,Aliaga,364,193.08
2011,44018,Almohaja,29,25.55
2011,44019,Alobras,77,30.72
2011,44020,Alpeñés,25,28.62
2011,44021,Allepuz,122,67.26
2011,44022,Alloza,671,81
2011,44023,Allueva,20,18.65
2011,44024,Anadón,26,24.62
2011,44025,Andorra,8212,141.36
2011,44026,Arcos de las Salinas,105,112.99
2011,44027,Arens de Lledó,201,34.27
2011,44028,Argente,222,62.58
2011,44029,Ariño,861,81.93
2011,44031,Azaila,129,81.44
2011,44032,Bádenas,21,31.31
2011,44033,Báguena,365,25.17
2011,44034,Bañón,162,54.27
2011,44035,Barrachina,140,24.86
2011,44036,Bea,30,23.37
2011,44037,Beceite,591,96.72
2011,44038,Belmonte de San José,125,33.99
2011,44039,Bello,276,52.49
2011,44040,Berge,258,42.64
2011,44041,Bezas,78,26.32
2011,44042,Blancas,163,73
2011,44043,Blesa,127,80.39
2011,44044,Bordón,128,29.98
2011,44045,Bronchales,465,59
2011,44046,Bueña,62,40.75
2011,44047,Burbáguena,290,39.02
2011,44048,Cabra de Mora,82,34.31
2011,44049,Calaceite,1097,81.33
2011,44050,Calamocha,4571,316.63
2011,44051,Calanda,3963,112.25
2011,44052,Calomarde,91,28.18
2011,44053,Camañas,130,78.67
2011,44054,Camarena de la Sierra,145,79.54
2011,44055,Camarillas,116,50.55
2011,44056,Caminreal,714,44.39
2011,44059,Cantavieja,740,124.56
2011,44060,Cañada de Benatanduz,39,34.89
2011,44061,La Cañada de Verich,103,10.86
2011,44062,Cañada Vellida,38,23
2011,44063,Cañizar del Olivar,105,22.29
2011,44064,Cascante del Río,94,32.38
2011,44065,Castejón de Tornos,64,30.89
2011,44066,Castel de Cabra,140,29.44
2011,44067,Castelnou,178,37.09
2011,44068,Castelserás,835,31.52
2011,44070,El Castellar,66,50.33
2011,44071,Castellote,801,235.18
2011,44074,Cedrillas,629,73.57
2011,44075,Celadas,418,100.45
2011,44076,Cella,2881,124.68
2011,44077,La Cerollera,112,33.75
2011,44080,La Codoñera,365,20.97
2011,44082,Corbalán,107,82.44
2011,44084,Cortes de Aragón,72,24.43
2011,44085,Cosa,62,54.81
2011,44086,Cretas,593,52.66
2011,44087,Crivillén,89,42.03
2011,44088,La Cuba,49,6.51
2011,44089,Cubla,66,48.63
2011,44090,Cucalón,107,31.93
2011,44092,El Cuervo,91,20.76
2011,44093,Cuevas de Almudén,149,35.85
2011,44094,Cuevas Labradas,126,40.81
2011,44096,Ejulve,205,109.49
2011,44097,Escorihuela,183,56.99
2011,44099,Escucha,985,41.57
2011,44100,Estercuel,266,55.59
2011,44101,Ferreruela de Huerva,71,20.44
2011,44102,Fonfría,30,20.58
2011,44103,Formiche Alto,173,78.17
2011,44105,Fórnoles,101,32.56
2011,44106,Fortanete,218,168.21
2011,44107,Foz-Calanda,284,37.87
2011,44108,La Fresneda,487,39.48
2011,44109,Frías de Albarracín,156,50.79
2011,44110,Fuenferrada,61,24.53
2011,44111,Fuentes Calientes,117,25.01
2011,44112,Fuentes Claras,568,36.91
2011,44113,Fuentes de Rubielos,128,38.91
2011,44114,Fuentespalda,317,39
2011,44115,Galve,171,61.23
2011,44116,Gargallo,124,30.08
2011,44117,Gea de Albarracín,410,57
2011,44118,La Ginebrosa,218,80
2011,44119,Griegos,140,31.77
2011,44120,Guadalaviar,240,28.08
2011,44121,Gúdar,79,60.77
2011,44122,Híjar,1813,165.36
2011,44123,Hinojosa de Jarque,153,36.47
2011,44124,La Hoz de la Vieja,80,43.73
2011,44125,Huesa del Común,86,61.69
2011,44126,La Iglesuela del Cid,484,40.29
2011,44127,Jabaloyas,87,61.73
2011,44128,Jarque de la Val,91,29.23
2011,44129,Jatiel,49,10.84
2011,44130,Jorcas,43,26
2011,44131,Josa,39,28.23
2011,44132,Lagueruela,68,26.32
2011,44133,Lanzuela,29,14.22
2011,44135,Libros,145,37.91
2011,44136,Lidón,54,40
2011,44137,Linares de Mora,285,116.28
2011,44138,Loscos,170,83.99
2011,44141,Lledó,165,15.61
2011,44142,Maicas,39,24.74
2011,44143,Manzanera,563,168.66
2011,44144,Martín del Río,425,54.88
2011,44145,Mas de las Matas,1360,29.99
2011,44146,La Mata de los Olmos,280,23.73
2011,44147,Mazaleón,573,86.25
2011,44148,Mezquita de Jarque,116,31.14
2011,44149,Mirambel,127,45.47
2011,44150,Miravete de la Sierra,33,36.51
2011,44151,Molinos,286,79.61
2011,44152,Monforte de Moyuela,63,47.74
2011,44153,Monreal del Campo,2681,89.05
2011,44154,Monroyo,386,79.23
2011,44155,Montalbán,1355,82.04
2011,44156,Monteagudo del Castillo,67,44.36
2011,44157,Monterde de Albarracín,65,45.21
2011,44158,Mora de Rubielos,1625,166.23
2011,44159,Moscardón,63,26.93
2011,44160,Mosqueruela,615,265.03
2011,44161,Muniesa,651,129
2011,44163,Noguera de Albarracín,154,47.44
2011,44164,Nogueras,31,18.85
2011,44165,Nogueruelas,214,99.49
2011,44167,Obón,40,68.38
2011,44168,Odón,214,74.24
2011,44169,Ojos Negros,444,90.92
2011,44171,Olba,249,20.99
2011,44172,Oliete,448,85.48
2011,44173,Los Olmos,121,43.97
2011,44174,Orihuela del Tremedal,568,71.52
2011,44175,Orrios,153,44.23
2011,44176,Palomar de Arroyos,188,33.62
2011,44177,Pancrudo,133,100.12
2011,44178,Las Parras de Castellote,69,42.13
2011,44179,Peñarroya de Tastavins,495,83.28
2011,44180,Peracense,80,28.66
2011,44181,Peralejos,85,36
2011,44182,Perales del Alfambra,267,104.24
2011,44183,Pitarque,88,54.35
2011,44184,Plou,46,17.21
2011,44185,El Pobo,140,63
2011,44187,La Portellada,254,21.37
2011,44189,Pozondón,71,67.64
2011,44190,Pozuel del Campo,89,27.85
2011,44191,La Puebla de Híjar,988,60.80
2011,44192,La Puebla de Valverde,547,282.76
2011,44193,Puertomingalvo,137,103.62
2011,44194,Ráfales,158,35.61
2011,44195,Rillo,110,53.31
2011,44196,Riodeva,176,34.34
2011,44197,Ródenas,71,44.26
2011,44198,Royuela,244,32
2011,44199,Rubiales,62,27.42
2011,44200,Rubielos de la Cérida,43,66
2011,44201,Rubielos de Mora,739,66
2011,44203,Salcedillo,7,16.89
2011,44204,Saldón,27,28.37
2011,44205,Samper de Calanda,884,142
2011,44206,San Agustín,175,56.57
2011,44207,San Martín del Río,190,16.57
2011,44208,Santa Cruz de Nogueras,38,15.17
2011,44209,Santa Eulalia,1127,80.97
2011,44210,Sarrión,1132,140.44
2011,44211,Segura de los Baños,41,54.15
2011,44212,Seno,47,17.85
2011,44213,Singra,84,36.72
2011,44215,Terriente,190,47.98
2011,44216,Teruel,35659,440.41
2011,44217,Toril y Masegoso,36,30.67
2011,44218,Tormón,34,29.34
2011,44219,Tornos,225,48.95
2011,44220,Torralba de los Sisones,175,44.78
2011,44221,Torrecilla de Alcañiz,440,26.76
2011,44222,Torrecilla del Rebollar,144,63.44
2011,44223,Torre de Arcas,96,34.28
2011,44224,Torre de las Arcas,33,37.17
2011,44225,Torre del Compte,148,19.46
2011,44226,Torrelacárcel,200,35.54
2011,44227,Torre los Negros,97,29.15
2011,44228,Torremocha de Jiloca,133,33.94
2011,44229,Torres de Albarracín,167,28.31
2011,44230,Torrevelilla,193,33.44
2011,44231,Torrijas,59,57.34
2011,44232,Torrijo del Campo,499,44.04
2011,44234,Tramacastiel,90,47.29
2011,44235,Tramacastilla,117,24.81
2011,44236,Tronchón,99,57.11
2011,44237,Urrea de Gaén,514,41.12
2011,44238,Utrillas,3235,39.82
2011,44239,Valacloche,27,15.02
2011,44240,Valbona,206,40.72
2011,44241,Valdealgorfa,657,46.93
2011,44243,Valdecuenca,55,18.64
2011,44244,Valdelinares,107,55.09
2011,44245,Valdeltormo,318,16
2011,44246,Valderrobres,2318,124.04
2011,44247,Valjunquera,386,41.84
2011,44249,El Vallecillo,55,21.59
2011,44250,Veguillas de la Sierra,20,13.67
2011,44251,Villafranca del Campo,332,63.64
2011,44252,Villahermosa del Campo,99,19
2011,44256,Villanueva del Rebollar de la Sierra,48,18.99
2011,44257,Villar del Cobo,204,54.13
2011,44258,Villar del Salz,79,38.69
2011,44260,Villarluengo,202,157.89
2011,44261,Villarquemado,908,56.43
2011,44262,Villarroya de los Pinares,163,66.43
2011,44263,Villastar,472,39.05
2011,44264,Villel,347,85.38
2011,44265,Vinaceite,298,50.07
2011,44266,Visiedo,146,55.53
2011,44267,Vivel del Río Martín,89,51.16
2011,44268,La Zoma,23,14
2012,44001,Ababuj,73,54
2012,44002,Abejuela,55,86.67
2012,44003,Aguatón,20,21.64
2012,44004,Aguaviva,660,42.15
2012,44005,Aguilar del Alfambra,73,39.04
2012,44006,Alacón,331,47
2012,44007,Alba,231,69.53
2012,44008,Albalate del Arzobispo,2087,205.69
2012,44009,Albarracín,1102,452.72
2012,44010,Albentosa,290,68
2012,44011,Alcaine,69,57.38
2012,44012,Alcalá de la Selva,496,104.95
2012,44013,Alcañiz,16424,472.12
2012,44014,Alcorisa,3556,121
2012,44016,Alfambra,622,122.44
2012,44017,Aliaga,366,193.08
2012,44018,Almohaja,28,25.55
2012,44019,Alobras,79,30.72
2012,44020,Alpeñés,25,28.62
2012,44021,Allepuz,121,67.26
2012,44022,Alloza,673,81
2012,44023,Allueva,21,18.65
2012,44024,Anadón,27,24.62
2012,44025,Andorra,8266,141.36
2012,44026,Arcos de las Salinas,105,112.99
2012,44027,Arens de Lledó,205,34.27
2012,44028,Argente,224,62.58
2012,44029,Ariño,893,81.93
2012,44031,Azaila,133,81.44
2012,44032,Bádenas,21,31.31
2012,44033,Báguena,370,25.17
2012,44034,Bañón,162,54.27
2012,44035,Barrachina,143,24.86
2012,44036,Bea,30,23.37
2012,44037,Beceite,607,96.72
2012,44038,Belmonte de San José,126,33.99
2012,44039,Bello,282,52.49
2012,44040,Berge,254,42.64
2012,44041,Bezas,78,26.32
2012,44042,Blancas,158,73
2012,44043,Blesa,125,80.39
2012,44044,Bordón,131,29.98
2012,44045,Bronchales,472,59
2012,44046,Bueña,63,40.75
2012,44047,Burbáguena,292,39.02
2012,44048,Cabra de Mora,79,34.31
2012,44049,Calaceite,1105,81.33
2012,44050,Calamocha,4579,316.63
2012,44051,Calanda,3956,112.25
2012,44052,Calomarde,90,28.18
2012,44053,Camañas,135,78.67
2012,44054,Camarena de la Sierra,145,79.54
2012,44055,Camarillas,117,50.55
2012,44056,Caminreal,735,44.39
2012,44059,Cantavieja,745,124.56
2012,44060,Cañada de Benatanduz,39,34.89
2012,44061,La Cañada de Verich,106,10.86
2012,44062,Cañada Vellida,38,23
2012,44063,Cañizar del Olivar,110,22.29
2012,44064,Cascante del Río,91,32.38
2012,44065,Castejón de Tornos,64,30.89
2012,44066,Castel de Cabra,138,29.44
2012,44067,Castelnou,177,37.09
2012,44068,Castelserás,834,31.52
2012,44070,El Castellar,64,50.33
2012,44071,Castellote,794,235.18
2012,44074,Cedrillas,631,73.57
2012,44075,Celadas,406,100.45
2012,44076,Cella,2878,124.68
2012,44077,La Cerollera,116,33.75
2012,44080,La Codoñera,377,20.97
2012,44082,Corbalán,107,82.44
2012,44084,Cortes de Aragón,72,24.43
2012,44085,Cosa,61,54.81
2012,44086,Cretas,598,52.66
2012,44087,Crivillén,88,42.03
2012,44088,La Cuba,50,6.51
2012,44089,Cubla,62,48.63
2012,44090,Cucalón,108,31.93
2012,44092,El Cuervo,91,20.76
2012,44093,Cuevas de Almudén,148,35.85
2012,44094,Cuevas Labradas,128,40.81
2012,44096,Ejulve,208,109.49
2012,44097,Escorihuela,177,56.99
2012,44099,Escucha,995,41.57
2012,44100,Estercuel,259,55.59
2012,44101,Ferreruela de Huerva,70,20.44
2012,44102,Fonfría,30,20.58
2012,44103,Formiche Alto,175,78.17
2012,44105,Fórnoles,105,32.56
2012,44106,Fortanete,222,168.21
2012,44107,Foz-Calanda,279,37.87
2012,44108,La Fresneda,486,39.48
2012,44109,Frías de Albarracín,151,50.79
2012,44110,Fuenferrada,62,24.53
2012,44111,Fuentes Calientes,116,25.01
2012,44112,Fuentes Claras,576,36.91
2012,44113,Fuentes de Rubielos,125,38.91
2012,44114,Fuentespalda,317,39
2012,44115,Galve,170,61.23
2012,44116,Gargallo,122,30.08
2012,44117,Gea de Albarracín,405,57
2012,44118,La Ginebrosa,216,80
2012,44119,Griegos,143,31.77
2012,44120,Guadalaviar,236,28.08
2012,44121,Gúdar,77,60.77
2012,44122,Híjar,1806,165.36
2012,44123,Hinojosa de Jarque,151,36.47
2012,44124,La Hoz de la Vieja,79,43.73
2012,44125,Huesa del Común,86,61.69
2012,44126,La Iglesuela del Cid,496,40.29
2012,44127,Jabaloyas,83,61.73
2012,44128,Jarque de la Val,91,29.23
2012,44129,Jatiel,49,10.84
2012,44130,Jorcas,41,26
2012,44131,Josa,38,28.23
2012,44132,Lagueruela,69,26.32
2012,44133,Lanzuela,28,14.22
2012,44135,Libros,141,37.91
2012,44136,Lidón,55,40
2012,44137,Linares de Mora,296,116.28
2012,44138,Loscos,175,83.99
2012,44141,Lledó,169,15.61
2012,44142,Maicas,38,24.74
2012,44143,Manzanera,554,168.66
2012,44144,Martín del Río,429,54.88
2012,44145,Mas de las Matas,1360,29.99
2012,44146,La Mata de los Olmos,281,23.73
2012,44147,Mazaleón,567,86.25
2012,44148,Mezquita de Jarque,118,31.14
2012,44149,Mirambel,129,45.47
2012,44150,Miravete de la Sierra,33,36.51
2012,44151,Molinos,286,79.61
2012,44152,Monforte de Moyuela,63,47.74
2012,44153,Monreal del Campo,2709,89.05
2012,44154,Monroyo,390,79.23
2012,44155,Montalbán,1350,82.04
2012,44156,Monteagudo del Castillo,67,44.36
2012,44157,Monterde de Albarracín,66,45.21
2012,44158,Mora de Rubielos,1649,166.23
2012,44159,Moscardón,64,26.93
2012,44160,Mosqueruela,621,265.03
2012,44161,Muniesa,653,129
2012,44163,Noguera de Albarracín,152,47.44
2012,44164,Nogueras,31,18.85
2012,44165,Nogueruelas,219,99.49
2012,44167,Obón,39,68.38
2012,44168,Odón,229,74.24
2012,44169,Ojos Negros,445,90.92
2012,44171,Olba,249,20.99
2012,44172,Oliete,459,85.48
2012,44173,Los Olmos,124,43.97
2012,44174,Orihuela del Tremedal,572,71.52
2012,44175,Orrios,152,44.23
2012,44176,Palomar de Arroyos,189,33.62
2012,44177,Pancrudo,133,100.12
2012,44178,Las Parras de Castellote,69,42.13
2012,44179,Peñarroya de Tastavins,497,83.28
2012,44180,Peracense,77,28.66
2012,44181,Peralejos,83,36
2012,44182,Perales del Alfambra,269,104.24
2012,44183,Pitarque,93,54.35
2012,44184,Plou,48,17.21
2012,44185,El Pobo,142,63
2012,44187,La Portellada,254,21.37
2012,44189,Pozondón,71,67.64
2012,44190,Pozuel del Campo,90,27.85
2012,44191,La Puebla de Híjar,982,60.80
2012,44192,La Puebla de Valverde,550,282.76
2012,44193,Puertomingalvo,144,103.62
2012,44194,Ráfales,159,35.61
2012,44195,Rillo,111,53.31
2012,44196,Riodeva,173,34.34
2012,44197,Ródenas,79,44.26
2012,44198,Royuela,247,32
2012,44199,Rubiales,61,27.42
2012,44200,Rubielos de la Cérida,43,66
2012,44201,Rubielos de Mora,755,66
2012,44203,Salcedillo,10,16.89
2012,44204,Saldón,28,28.37
2012,44205,Samper de Calanda,884,142
2012,44206,San Agustín,177,56.57
2012,44207,San Martín del Río,191,16.57
2012,44208,Santa Cruz de Nogueras,39,15.17
2012,44209,Santa Eulalia,1122,80.97
2012,44210,Sarrión,1129,140.44
2012,44211,Segura de los Baños,40,54.15
2012,44212,Seno,45,17.85
2012,44213,Singra,84,36.72
2012,44215,Terriente,191,47.98
2012,44216,Teruel,35841,440.41
2012,44217,Toril y Masegoso,35,30.67
2012,44218,Tormón,34,29.34
2012,44219,Tornos,231,48.95
2012,44220,Torralba de los Sisones,181,44.78
2012,44221,Torrecilla de Alcañiz,447,26.76
2012,44222,Torrecilla del Rebollar,142,63.44
2012,44223,Torre de Arcas,88,34.28
2012,44224,Torre de las Arcas,30,37.17
2012,44225,Torre del Compte,148,19.46
2012,44226,Torrelacárcel,200,35.54
2012,44227,Torre los Negros,98,29.15
2012,44228,Torremocha de Jiloca,128,33.94
2012,44229,Torres de Albarracín,167,28.31
2012,44230,Torrevelilla,199,33.44
2012,44231,Torrijas,57,57.34
2012,44232,Torrijo del Campo,506,44.04
2012,44234,Tramacastiel,85,47.29
2012,44235,Tramacastilla,125,24.81
2012,44236,Tronchón,100,57.11
2012,44237,Urrea de Gaén,516,41.12
2012,44238,Utrillas,3238,39.82
2012,44239,Valacloche,28,15.02
2012,44240,Valbona,211,40.72
2012,44241,Valdealgorfa,651,46.93
2012,44243,Valdecuenca,56,18.64
2012,44244,Valdelinares,106,55.09
2012,44245,Valdeltormo,317,16
2012,44246,Valderrobres,2335,124.04
2012,44247,Valjunquera,386,41.84
2012,44249,El Vallecillo,54,21.59
2012,44250,Veguillas de la Sierra,20,13.67
2012,44251,Villafranca del Campo,323,63.64
2012,44252,Villahermosa del Campo,99,19
2012,44256,Villanueva del Rebollar de la Sierra,47,18.99
2012,44257,Villar del Cobo,202,54.13
2012,44258,Villar del Salz,79,38.69
2012,44260,Villarluengo,200,157.89
2012,44261,Villarquemado,904,56.43
2012,44262,Villarroya de los Pinares,163,66.43
2012,44263,Villastar,480,39.05
2012,44264,Villel,347,85.38
2012,44265,Vinaceite,308,50.07
2012,44266,Visiedo,145,55.53
2012,44267,Vivel del Río Martín,86,51.16
2012,44268,La Zoma,22,14
2013,44001,Ababuj,65,54
2013,44002,Abejuela,39,86.67
2013,44003,Aguatón,19,21.64
2013,44004,Aguaviva,654,42.15
2013,44005,Aguilar del Alfambra,75,39.04
2013,44006,Alacón,306,47
2013,44007,Alba,215,69.53
2013,44008,Albalate del Arzobispo,2049,205.69
2013,44009,Albarracín,1093,452.72
2013,44010,Albentosa,296,68
2013,44011,Alcaine,69,57.38
2013,44012,Alcalá de la Selva,457,104.95
2013,44013,Alcañiz,16384,472.12
2013,44014,Alcorisa,3501,121
2013,44016,Alfambra,584,122.44
2013,44017,Aliaga,361,193.08
2013,44018,Almohaja,21,25.55
2013,44019,Alobras,79,30.72
2013,44020,Alpeñés,19,28.62
2013,44021,Allepuz,119,67.26
2013,44022,Alloza,667,81
2013,44023,Allueva,15,18.65
2013,44024,Anadón,23,24.62
2013,44025,Andorra,8278,141.36
2013,44026,Arcos de las Salinas,96,112.99
2013,44027,Arens de Lledó,215,34.27
2013,44028,Argente,225,62.58
2013,44029,Ariño,769,81.93
2013,44031,Azaila,124,81.44
2013,44032,Bádenas,20,31.31
2013,44033,Báguena,353,25.17
2013,44034,Bañón,163,54.27
2013,44035,Barrachina,148,24.86
2013,44036,Bea,30,23.37
2013,44037,Beceite,599,96.72
2013,44038,Belmonte de San José,117,33.99
2013,44039,Bello,250,52.49
2013,44040,Berge,251,42.64
2013,44041,Bezas,75,26.32
2013,44042,Blancas,157,73
2013,44043,Blesa,118,80.39
2013,44044,Bordón,120,29.98
2013,44045,Bronchales,461,59
2013,44046,Bueña,62,40.75
2013,44047,Burbáguena,294,39.02
2013,44048,Cabra de Mora,66,34.31
2013,44049,Calaceite,1106,81.33
2013,44050,Calamocha,4515,316.63
2013,44051,Calanda,3949,112.25
2013,44052,Calomarde,84,28.18
2013,44053,Camañas,127,78.67
2013,44054,Camarena de la Sierra,138,79.54
2013,44055,Camarillas,110,50.55
2013,44056,Caminreal,724,44.39
2013,44059,Cantavieja,724,124.56
2013,44060,Cañada de Benatanduz,38,34.89
2013,44061,La Cañada de Verich,94,10.86
2013,44062,Cañada Vellida,38,23
2013,44063,Cañizar del Olivar,98,22.29
2013,44064,Cascante del Río,80,32.38
2013,44065,Castejón de Tornos,66,30.89
2013,44066,Castel de Cabra,131,29.44
2013,44067,Castelnou,152,37.09
2013,44068,Castelserás,833,31.52
2013,44070,El Castellar,62,50.33
2013,44071,Castellote,782,235.18
2013,44074,Cedrillas,630,73.57
2013,44075,Celadas,404,100.45
2013,44076,Cella,2886,124.68
2013,44077,La Cerollera,104,33.75
2013,44080,La Codoñera,368,20.97
2013,44082,Corbalán,109,82.44
2013,44084,Cortes de Aragón,57,24.43
2013,44085,Cosa,60,54.81
2013,44086,Cretas,597,52.66
2013,44087,Crivillén,76,42.03
2013,44088,La Cuba,47,6.51
2013,44089,Cubla,61,48.63
2013,44090,Cucalón,110,31.93
2013,44092,El Cuervo,98,20.76
2013,44093,Cuevas de Almudén,141,35.85
2013,44094,Cuevas Labradas,135,40.81
2013,44096,Ejulve,204,109.49
2013,44097,Escorihuela,162,56.99
2013,44099,Escucha,1003,41.57
2013,44100,Estercuel,261,55.59
2013,44101,Ferreruela de Huerva,67,20.44
2013,44102,Fonfría,30,20.58
2013,44103,Formiche Alto,170,78.17
2013,44105,Fórnoles,93,32.56
2013,44106,Fortanete,208,168.21
2013,44107,Foz-Calanda,269,37.87
2013,44108,La Fresneda,495,39.48
2013,44109,Frías de Albarracín,143,50.79
2013,44110,Fuenferrada,61,24.53
2013,44111,Fuentes Calientes,113,25.01
2013,44112,Fuentes Claras,553,36.91
2013,44113,Fuentes de Rubielos,128,38.91
2013,44114,Fuentespalda,308,39
2013,44115,Galve,168,61.23
2013,44116,Gargallo,122,30.08
2013,44117,Gea de Albarracín,410,57
2013,44118,La Ginebrosa,216,80
2013,44119,Griegos,139,31.77
2013,44120,Guadalaviar,245,28.08
2013,44121,Gúdar,84,60.77
2013,44122,Híjar,1774,165.36
2013,44123,Hinojosa de Jarque,146,36.47
2013,44124,La Hoz de la Vieja,83,43.73
2013,44125,Huesa del Común,82,61.69
2013,44126,La Iglesuela del Cid,469,40.29
2013,44127,Jabaloyas,78,61.73
2013,44128,Jarque de la Val,87,29.23
2013,44129,Jatiel,50,10.84
2013,44130,Jorcas,38,26
2013,44131,Josa,36,28.23
2013,44132,Lagueruela,72,26.32
2013,44133,Lanzuela,27,14.22
2013,44135,Libros,137,37.91
2013,44136,Lidón,54,40
2013,44137,Linares de Mora,276,116.28
2013,44138,Loscos,156,83.99
2013,44141,Lledó,172,15.61
2013,44142,Maicas,36,24.74
2013,44143,Manzanera,539,168.66
2013,44144,Martín del Río,437,54.88
2013,44145,Mas de las Matas,1349,29.99
2013,44146,La Mata de los Olmos,280,23.73
2013,44147,Mazaleón,558,86.25
2013,44148,Mezquita de Jarque,121,31.14
2013,44149,Mirambel,113,45.47
2013,44150,Miravete de la Sierra,29,36.51
2013,44151,Molinos,276,79.61
2013,44152,Monforte de Moyuela,66,47.74
2013,44153,Monreal del Campo,2680,89.05
2013,44154,Monroyo,367,79.23
2013,44155,Montalbán,1341,82.04
2013,44156,Monteagudo del Castillo,59,44.36
2013,44157,Monterde de Albarracín,62,45.21
2013,44158,Mora de Rubielos,1632,166.23
2013,44159,Moscardón,62,26.93
2013,44160,Mosqueruela,607,265.03
2013,44161,Muniesa,640,129
2013,44163,Noguera de Albarracín,146,47.44
2013,44164,Nogueras,30,18.85
2013,44165,Nogueruelas,210,99.49
2013,44167,Obón,38,68.38
2013,44168,Odón,228,74.24
2013,44169,Ojos Negros,435,90.92
2013,44171,Olba,250,20.99
2013,44172,Oliete,430,85.48
2013,44173,Los Olmos,131,43.97
2013,44174,Orihuela del Tremedal,552,71.52
2013,44175,Orrios,145,44.23
2013,44176,Palomar de Arroyos,186,33.62
2013,44177,Pancrudo,123,100.12
2013,44178,Las Parras de Castellote,63,42.13
2013,44179,Peñarroya de Tastavins,480,83.28
2013,44180,Peracense,73,28.66
2013,44181,Peralejos,90,36
2013,44182,Perales del Alfambra,265,104.24
2013,44183,Pitarque,89,54.35
2013,44184,Plou,45,17.21
2013,44185,El Pobo,145,63
2013,44187,La Portellada,245,21.37
2013,44189,Pozondón,66,67.64
2013,44190,Pozuel del Campo,80,27.85
2013,44191,La Puebla de Híjar,974,60.80
2013,44192,La Puebla de Valverde,547,282.76
2013,44193,Puertomingalvo,135,103.62
2013,44194,Ráfales,138,35.61
2013,44195,Rillo,109,53.31
2013,44196,Riodeva,165,34.34
2013,44197,Ródenas,78,44.26
2013,44198,Royuela,230,32
2013,44199,Rubiales,55,27.42
2013,44200,Rubielos de la Cérida,43,66
2013,44201,Rubielos de Mora,722,66
2013,44203,Salcedillo,10,16.89
2013,44204,Saldón,29,28.37
2013,44205,Samper de Calanda,867,142
2013,44206,San Agustín,151,56.57
2013,44207,San Martín del Río,182,16.57
2013,44208,Santa Cruz de Nogueras,38,15.17
2013,44209,Santa Eulalia,1118,80.97
2013,44210,Sarrión,1149,140.44
2013,44211,Segura de los Baños,40,54.15
2013,44212,Seno,43,17.85
2013,44213,Singra,73,36.72
2013,44215,Terriente,179,47.98
2013,44216,Teruel,35961,440.41
2013,44217,Toril y Masegoso,35,30.67
2013,44218,Tormón,31,29.34
2013,44219,Tornos,234,48.95
2013,44220,Torralba de los Sisones,174,44.78
2013,44221,Torrecilla de Alcañiz,437,26.76
2013,44222,Torrecilla del Rebollar,142,63.44
2013,44223,Torre de Arcas,95,34.28
2013,44224,Torre de las Arcas,31,37.17
2013,44225,Torre del Compte,147,19.46
2013,44226,Torrelacárcel,193,35.54
2013,44227,Torre los Negros,91,29.15
2013,44228,Torremocha de Jiloca,125,33.94
2013,44229,Torres de Albarracín,159,28.31
2013,44230,Torrevelilla,211,33.44
2013,44231,Torrijas,44,57.34
2013,44232,Torrijo del Campo,496,44.04
2013,44234,Tramacastiel,76,47.29
2013,44235,Tramacastilla,114,24.81
2013,44236,Tronchón,91,57.11
2013,44237,Urrea de Gaén,491,41.12
2013,44238,Utrillas,3268,39.82
2013,44239,Valacloche,23,15.02
2013,44240,Valbona,197,40.72
2013,44241,Valdealgorfa,621,46.93
2013,44243,Valdecuenca,44,18.64
2013,44244,Valdelinares,100,55.09
2013,44245,Valdeltormo,322,16
2013,44246,Valderrobres,2310,124.04
2013,44247,Valjunquera,383,41.84
2013,44249,El Vallecillo,52,21.59
2013,44250,Veguillas de la Sierra,22,13.67
2013,44251,Villafranca del Campo,323,63.64
2013,44252,Villahermosa del Campo,102,19
2013,44256,Villanueva del Rebollar de la Sierra,46,18.99
2013,44257,Villar del Cobo,192,54.13
2013,44258,Villar del Salz,73,38.69
2013,44260,Villarluengo,195,157.89
2013,44261,Villarquemado,889,56.43
2013,44262,Villarroya de los Pinares,164,66.43
2013,44263,Villastar,498,39.05
2013,44264,Villel,355,85.38
2013,44265,Vinaceite,287,50.07
2013,44266,Visiedo,141,55.53
2013,44267,Vivel del Río Martín,81,51.16
2013,44268,La Zoma,19,14
2014,44001,Ababuj,65,54
2014,44002,Abejuela,41,86.67
2014,44003,Aguatón,18,21.64
2014,44004,Aguaviva,605,42.15
2014,44005,Aguilar del Alfambra,77,39.04
2014,44006,Alacón,314,47
2014,44007,Alba,212,69.53
2014,44008,Albalate del Arzobispo,2025,205.69
2014,44009,Albarracín,1059,452.72
2014,44010,Albentosa,279,68
2014,44011,Alcaine,72,57.38
2014,44012,Alcalá de la Selva,424,104.95
2014,44013,Alcañiz,16333,472.12
2014,44014,Alcorisa,3433,121
2014,44016,Alfambra,587,122.44
2014,44017,Aliaga,358,193.08
2014,44018,Almohaja,21,25.55
2014,44019,Alobras,75,30.72
2014,44020,Alpeñés,19,28.62
2014,44021,Allepuz,117,67.26
2014,44022,Alloza,638,81
2014,44023,Allueva,15,18.65
2014,44024,Anadón,24,24.62
2014,44025,Andorra,8148,141.36
2014,44026,Arcos de las Salinas,100,112.99
2014,44027,Arens de Lledó,208,34.27
2014,44028,Argente,217,62.58
2014,44029,Ariño,775,81.93
2014,44031,Azaila,119,81.44
2014,44032,Bádenas,19,31.31
2014,44033,Báguena,337,25.17
2014,44034,Bañón,154,54.27
2014,44035,Barrachina,137,24.86
2014,44036,Bea,28,23.37
2014,44037,Beceite,583,96.72
2014,44038,Belmonte de San José,120,33.99
2014,44039,Bello,244,52.49
2014,44040,Berge,247,42.64
2014,44041,Bezas,77,26.32
2014,44042,Blancas,152,73
2014,44043,Blesa,109,80.39
2014,44044,Bordón,114,29.98
2014,44045,Bronchales,427,59
2014,44046,Bueña,62,40.75
2014,44047,Burbáguena,281,39.02
2014,44048,Cabra de Mora,70,34.31
2014,44049,Calaceite,1076,81.33
2014,44050,Calamocha,4469,316.63
2014,44051,Calanda,3920,112.25
2014,44052,Calomarde,88,28.18
2014,44053,Camañas,128,78.67
2014,44054,Camarena de la Sierra,137,79.54
2014,44055,Camarillas,103,50.55
2014,44056,Caminreal,684,44.39
2014,44059,Cantavieja,724,124.56
2014,44060,Cañada de Benatanduz,41,34.89
2014,44061,La Cañada de Verich,102,10.86
2014,44062,Cañada Vellida,37,23
2014,44063,Cañizar del Olivar,99,22.29
2014,44064,Cascante del Río,82,32.38
2014,44065,Castejón de Tornos,63,30.89
2014,44066,Castel de Cabra,128,29.44
2014,44067,Castelnou,140,37.09
2014,44068,Castelserás,830,31.52
2014,44070,El Castellar,60,50.33
2014,44071,Castellote,754,235.18
2014,44074,Cedrillas,619,73.57
2014,44075,Celadas,399,100.45
2014,44076,Cella,2818,124.68
2014,44077,La Cerollera,106,33.75
2014,44080,La Codoñera,374,20.97
2014,44082,Corbalán,106,82.44
2014,44084,Cortes de Aragón,61,24.43
2014,44085,Cosa,56,54.81
2014,44086,Cretas,601,52.66
2014,44087,Crivillén,75,42.03
2014,44088,La Cuba,45,6.51
2014,44089,Cubla,55,48.63
2014,44090,Cucalón,103,31.93
2014,44092,El Cuervo,85,20.76
2014,44093,Cuevas de Almudén,145,35.85
2014,44094,Cuevas Labradas,127,40.81
2014,44096,Ejulve,194,109.49
2014,44097,Escorihuela,160,56.99
2014,44099,Escucha,981,41.57
2014,44100,Estercuel,230,55.59
2014,44101,Ferreruela de Huerva,64,20.44
2014,44102,Fonfría,30,20.58
2014,44103,Formiche Alto,168,78.17
2014,44105,Fórnoles,78,32.56
2014,44106,Fortanete,201,168.21
2014,44107,Foz-Calanda,269,37.87
2014,44108,La Fresneda,468,39.48
2014,44109,Frías de Albarracín,144,50.79
2014,44110,Fuenferrada,62,24.53
2014,44111,Fuentes Calientes,111,25.01
2014,44112,Fuentes Claras,531,36.91
2014,44113,Fuentes de Rubielos,121,38.91
2014,44114,Fuentespalda,299,39
2014,44115,Galve,164,61.23
2014,44116,Gargallo,110,30.08
2014,44117,Gea de Albarracín,397,57
2014,44118,La Ginebrosa,206,80
2014,44119,Griegos,142,31.77
2014,44120,Guadalaviar,248,28.08
2014,44121,Gúdar,76,60.77
2014,44122,Híjar,1763,165.36
2014,44123,Hinojosa de Jarque,136,36.47
2014,44124,La Hoz de la Vieja,81,43.73
2014,44125,Huesa del Común,73,61.69
2014,44126,La Iglesuela del Cid,462,40.29
2014,44127,Jabaloyas,73,61.73
2014,44128,Jarque de la Val,82,29.23
2014,44129,Jatiel,48,10.84
2014,44130,Jorcas,37,26
2014,44131,Josa,36,28.23
2014,44132,Lagueruela,78,26.32
2014,44133,Lanzuela,30,14.22
2014,44135,Libros,129,37.91
2014,44136,Lidón,54,40
2014,44137,Linares de Mora,274,116.28
2014,44138,Loscos,154,83.99
2014,44141,Lledó,169,15.61
2014,44142,Maicas,35,24.74
2014,44143,Manzanera,526,168.66
2014,44144,Martín del Río,437,54.88
2014,44145,Mas de las Matas,1324,29.99
2014,44146,La Mata de los Olmos,268,23.73
2014,44147,Mazaleón,540,86.25
2014,44148,Mezquita de Jarque,117,31.14
2014,44149,Mirambel,117,45.47
2014,44150,Miravete de la Sierra,34,36.51
2014,44151,Molinos,264,79.61
2014,44152,Monforte de Moyuela,63,47.74
2014,44153,Monreal del Campo,2636,89.05
2014,44154,Monroyo,364,79.23
2014,44155,Montalbán,1335,82.04
2014,44156,Monteagudo del Castillo,55,44.36
2014,44157,Monterde de Albarracín,73,45.21
2014,44158,Mora de Rubielos,1612,166.23
2014,44159,Moscardón,60,26.93
2014,44160,Mosqueruela,601,265.03
2014,44161,Muniesa,638,129
2014,44163,Noguera de Albarracín,137,47.44
2014,44164,Nogueras,30,18.85
2014,44165,Nogueruelas,214,99.49
2014,44167,Obón,42,68.38
2014,44168,Odón,237,74.24
2014,44169,Ojos Negros,421,90.92
2014,44171,Olba,263,20.99
2014,44172,Oliete,422,85.48
2014,44173,Los Olmos,130,43.97
2014,44174,Orihuela del Tremedal,539,71.52
2014,44175,Orrios,140,44.23
2014,44176,Palomar de Arroyos,184,33.62
2014,44177,Pancrudo,117,100.12
2014,44178,Las Parras de Castellote,58,42.13
2014,44179,Peñarroya de Tastavins,487,83.28
2014,44180,Peracense,69,28.66
2014,44181,Peralejos,85,36
2014,44182,Perales del Alfambra,253,104.24
2014,44183,Pitarque,93,54.35
2014,44184,Plou,46,17.21
2014,44185,El Pobo,148,63
2014,44187,La Portellada,234,21.37
2014,44189,Pozondón,63,67.64
2014,44190,Pozuel del Campo,81,27.85
2014,44191,La Puebla de Híjar,965,60.80
2014,44192,La Puebla de Valverde,521,282.76
2014,44193,Puertomingalvo,117,103.62
2014,44194,Ráfales,142,35.61
2014,44195,Rillo,106,53.31
2014,44196,Riodeva,165,34.34
2014,44197,Ródenas,75,44.26
2014,44198,Royuela,227,32
2014,44199,Rubiales,51,27.42
2014,44200,Rubielos de la Cérida,41,66
2014,44201,Rubielos de Mora,687,66
2014,44203,Salcedillo,10,16.89
2014,44204,Saldón,27,28.37
2014,44205,Samper de Calanda,861,142
2014,44206,San Agustín,141,56.57
2014,44207,San Martín del Río,179,16.57
2014,44208,Santa Cruz de Nogueras,42,15.17
2014,44209,Santa Eulalia,1111,80.97
2014,44210,Sarrión,1152,140.44
2014,44211,Segura de los Baños,39,54.15
2014,44212,Seno,42,17.85
2014,44213,Singra,76,36.72
2014,44215,Terriente,177,47.98
2014,44216,Teruel,35675,440.41
2014,44217,Toril y Masegoso,32,30.67
2014,44218,Tormón,28,29.34
2014,44219,Tornos,231,48.95
2014,44220,Torralba de los Sisones,170,44.78
2014,44221,Torrecilla de Alcañiz,415,26.76
2014,44222,Torrecilla del Rebollar,142,63.44
2014,44223,Torre de Arcas,83,34.28
2014,44224,Torre de las Arcas,28,37.17
2014,44225,Torre del Compte,142,19.46
2014,44226,Torrelacárcel,197,35.54
2014,44227,Torre los Negros,94,29.15
2014,44228,Torremocha de Jiloca,126,33.94
2014,44229,Torres de Albarracín,174,28.31
2014,44230,Torrevelilla,208,33.44
2014,44231,Torrijas,45,57.34
2014,44232,Torrijo del Campo,509,44.04
2014,44234,Tramacastiel,74,47.29
2014,44235,Tramacastilla,120,24.81
2014,44236,Tronchón,82,57.11
2014,44237,Urrea de Gaén,494,41.12
2014,44238,Utrillas,3194,39.82
2014,44239,Valacloche,23,15.02
2014,44240,Valbona,198,40.72
2014,44241,Valdealgorfa,650,46.93
2014,44243,Valdecuenca,40,18.64
2014,44244,Valdelinares,90,55.09
2014,44245,Valdeltormo,315,16
2014,44246,Valderrobres,2337,124.04
2014,44247,Valjunquera,365,41.84
2014,44249,El Vallecillo,50,21.59
2014,44250,Veguillas de la Sierra,23,13.67
2014,44251,Villafranca del Campo,314,63.64
2014,44252,Villahermosa del Campo,104,19
2014,44256,Villanueva del Rebollar de la Sierra,52,18.99
2014,44257,Villar del Cobo,190,54.13
2014,44258,Villar del Salz,75,38.69
2014,44260,Villarluengo,194,157.89
2014,44261,Villarquemado,886,56.43
2014,44262,Villarroya de los Pinares,160,66.43
2014,44263,Villastar,522,39.05
2014,44264,Villel,348,85.38
2014,44265,Vinaceite,274,50.07
2014,44266,Visiedo,137,55.53
2014,44267,Vivel del Río Martín,78,51.16
2014,44268,La Zoma,19,14
2015,44001,Ababuj,73,54
2015,44002,Abejuela,54,86.67
2015,44003,Aguatón,19,21.64
2015,44004,Aguaviva,586,42.15
2015,44005,Aguilar del Alfambra,66,39.04
2015,44006,Alacón,293,47
2015,44007,Alba,210,69.53
2015,44008,Albalate del Arzobispo,2001,205.69
2015,44009,Albarracín,1049,452.72
2015,44010,Albentosa,270,68
2015,44011,Alcaine,74,57.38
2015,44012,Alcalá de la Selva,399,104.95
2015,44013,Alcañiz,16230,472.12
2015,44014,Alcorisa,3374,121
2015,44016,Alfambra,571,122.44
2015,44017,Aliaga,365,193.08
2015,44018,Almohaja,20,25.55
2015,44019,Alobras,70,30.72
2015,44020,Alpeñés,21,28.62
2015,44021,Allepuz,118,67.26
2015,44022,Alloza,604,81
2015,44023,Allueva,27,18.65
2015,44024,Anadón,25,24.62
2015,44025,Andorra,8065,141.36
2015,44026,Arcos de las Salinas,105,112.99
2015,44027,Arens de Lledó,206,34.27
2015,44028,Argente,214,62.58
2015,44029,Ariño,763,81.93
2015,44031,Azaila,116,81.44
2015,44032,Bádenas,19,31.31
2015,44033,Báguena,327,25.17
2015,44034,Bañón,150,54.27
2015,44035,Barrachina,133,24.86
2015,44036,Bea,26,23.37
2015,44037,Beceite,566,96.72
2015,44038,Belmonte de San José,117,33.99
2015,44039,Bello,238,52.49
2015,44040,Berge,246,42.64
2015,44041,Bezas,67,26.32
2015,44042,Blancas,149,73
2015,44043,Blesa,109,80.39
2015,44044,Bordón,117,29.98
2015,44045,Bronchales,423,59
2015,44046,Bueña,55,40.75
2015,44047,Burbáguena,254,39.02
2015,44048,Cabra de Mora,73,34.31
2015,44049,Calaceite,1052,81.33
2015,44050,Calamocha,4417,316.63
2015,44051,Calanda,3893,112.25
2015,44052,Calomarde,87,28.18
2015,44053,Camañas,125,78.67
2015,44054,Camarena de la Sierra,123,79.54
2015,44055,Camarillas,99,50.55
2015,44056,Caminreal,659,44.39
2015,44059,Cantavieja,741,124.56
2015,44060,Cañada de Benatanduz,41,34.89
2015,44061,La Cañada de Verich,102,10.86
2015,44062,Cañada Vellida,36,23
2015,44063,Cañizar del Olivar,103,22.29
2015,44064,Cascante del Río,80,32.38
2015,44065,Castejón de Tornos,60,30.89
2015,44066,Castel de Cabra,122,29.44
2015,44067,Castelnou,142,37.09
2015,44068,Castelserás,840,31.52
2015,44070,El Castellar,58,50.33
2015,44071,Castellote,728,235.18
2015,44074,Cedrillas,619,73.57
2015,44075,Celadas,398,100.45
2015,44076,Cella,2776,124.68
2015,44077,La Cerollera,106,33.75
2015,44080,La Codoñera,365,20.97
2015,44082,Corbalán,110,82.44
2015,44084,Cortes de Aragón,58,24.43
2015,44085,Cosa,57,54.81
2015,44086,Cretas,573,52.66
2015,44087,Crivillén,74,42.03
2015,44088,La Cuba,37,6.51
2015,44089,Cubla,54,48.63
2015,44090,Cucalón,104,31.93
2015,44092,El Cuervo,87,20.76
2015,44093,Cuevas de Almudén,140,35.85
2015,44094,Cuevas Labradas,123,40.81
2015,44096,Ejulve,200,109.49
2015,44097,Escorihuela,158,56.99
2015,44099,Escucha,953,41.57
2015,44100,Estercuel,229,55.59
2015,44101,Ferreruela de Huerva,69,20.44
2015,44102,Fonfría,31,20.58
2015,44103,Formiche Alto,180,78.17
2015,44105,Fórnoles,86,32.56
2015,44106,Fortanete,203,168.21
2015,44107,Foz-Calanda,269,37.87
2015,44108,La Fresneda,474,39.48
2015,44109,Frías de Albarracín,131,50.79
2015,44110,Fuenferrada,57,24.53
2015,44111,Fuentes Calientes,93,25.01
2015,44112,Fuentes Claras,528,36.91
2015,44113,Fuentes de Rubielos,121,38.91
2015,44114,Fuentespalda,285,39
2015,44115,Galve,167,61.23
2015,44116,Gargallo,103,30.08
2015,44117,Gea de Albarracín,387,57
2015,44118,La Ginebrosa,203,80
2015,44119,Griegos,157,31.77
2015,44120,Guadalaviar,247,28.08
2015,44121,Gúdar,77,60.77
2015,44122,Híjar,1761,165.36
2015,44123,Hinojosa de Jarque,136,36.47
2015,44124,La Hoz de la Vieja,82,43.73
2015,44125,Huesa del Común,73,61.69
2015,44126,La Iglesuela del Cid,432,40.29
2015,44127,Jabaloyas,77,61.73
2015,44128,Jarque de la Val,78,29.23
2015,44129,Jatiel,48,10.84
2015,44130,Jorcas,41,26
2015,44131,Josa,36,28.23
2015,44132,Lagueruela,81,26.32
2015,44133,Lanzuela,29,14.22
2015,44135,Libros,124,37.91
2015,44136,Lidón,52,40
2015,44137,Linares de Mora,287,116.28
2015,44138,Loscos,151,83.99
2015,44141,Lledó,169,15.61
2015,44142,Maicas,36,24.74
2015,44143,Manzanera,510,168.66
2015,44144,Martín del Río,441,54.88
2015,44145,Mas de las Matas,1318,29.99
2015,44146,La Mata de los Olmos,261,23.73
2015,44147,Mazaleón,534,86.25
2015,44148,Mezquita de Jarque,115,31.14
2015,44149,Mirambel,119,45.47
2015,44150,Miravete de la Sierra,29,36.51
2015,44151,Molinos,258,79.61
2015,44152,Monforte de Moyuela,66,47.74
2015,44153,Monreal del Campo,2611,89.05
2015,44154,Monroyo,360,79.23
2015,44155,Montalbán,1327,82.04
2015,44156,Monteagudo del Castillo,52,44.36
2015,44157,Monterde de Albarracín,69,45.21
2015,44158,Mora de Rubielos,1585,166.23
2015,44159,Moscardón,58,26.93
2015,44160,Mosqueruela,593,265.03
2015,44161,Muniesa,635,129
2015,44163,Noguera de Albarracín,151,47.44
2015,44164,Nogueras,29,18.85
2015,44165,Nogueruelas,207,99.49
2015,44167,Obón,48,68.38
2015,44168,Odón,226,74.24
2015,44169,Ojos Negros,413,90.92
2015,44171,Olba,240,20.99
2015,44172,Oliete,412,85.48
2015,44173,Los Olmos,127,43.97
2015,44174,Orihuela del Tremedal,535,71.52
2015,44175,Orrios,137,44.23
2015,44176,Palomar de Arroyos,182,33.62
2015,44177,Pancrudo,112,100.12
2015,44178,Las Parras de Castellote,59,42.13
2015,44179,Peñarroya de Tastavins,477,83.28
2015,44180,Peracense,72,28.66
2015,44181,Peralejos,86,36
2015,44182,Perales del Alfambra,238,104.24
2015,44183,Pitarque,90,54.35
2015,44184,Plou,52,17.21
2015,44185,El Pobo,142,63
2015,44187,La Portellada,240,21.37
2015,44189,Pozondón,62,67.64
2015,44190,Pozuel del Campo,74,27.85
2015,44191,La Puebla de Híjar,947,60.80
2015,44192,La Puebla de Valverde,500,282.76
2015,44193,Puertomingalvo,119,103.62
2015,44194,Ráfales,133,35.61
2015,44195,Rillo,97,53.31
2015,44196,Riodeva,163,34.34
2015,44197,Ródenas,66,44.26
2015,44198,Royuela,221,32
2015,44199,Rubiales,53,27.42
2015,44200,Rubielos de la Cérida,41,66
2015,44201,Rubielos de Mora,661,66
2015,44203,Salcedillo,13,16.89
2015,44204,Saldón,27,28.37
2015,44205,Samper de Calanda,854,142
2015,44206,San Agustín,141,56.57
2015,44207,San Martín del Río,174,16.57
2015,44208,Santa Cruz de Nogueras,39,15.17
2015,44209,Santa Eulalia,1081,80.97
2015,44210,Sarrión,1167,140.44
2015,44211,Segura de los Baños,40,54.15
2015,44212,Seno,43,17.85
2015,44213,Singra,80,36.72
2015,44215,Terriente,178,47.98
2015,44216,Teruel,35590,440.41
2015,44217,Toril y Masegoso,30,30.67
2015,44218,Tormón,34,29.34
2015,44219,Tornos,235,48.95
2015,44220,Torralba de los Sisones,157,44.78
2015,44221,Torrecilla de Alcañiz,407,26.76
2015,44222,Torrecilla del Rebollar,144,63.44
2015,44223,Torre de Arcas,81,34.28
2015,44224,Torre de las Arcas,29,37.17
2015,44225,Torre del Compte,137,19.46
2015,44226,Torrelacárcel,184,35.54
2015,44227,Torre los Negros,90,29.15
2015,44228,Torremocha de Jiloca,110,33.94
2015,44229,Torres de Albarracín,181,28.31
2015,44230,Torrevelilla,200,33.44
2015,44231,Torrijas,45,57.34
2015,44232,Torrijo del Campo,489,44.04
2015,44234,Tramacastiel,75,47.29
2015,44235,Tramacastilla,107,24.81
2015,44236,Tronchón,68,57.11
2015,44237,Urrea de Gaén,488,41.12
2015,44238,Utrillas,3110,39.82
2015,44239,Valacloche,27,15.02
2015,44240,Valbona,193,40.72
2015,44241,Valdealgorfa,664,46.93
2015,44243,Valdecuenca,40,18.64
2015,44244,Valdelinares,85,55.09
2015,44245,Valdeltormo,312,16
2015,44246,Valderrobres,2342,124.04
2015,44247,Valjunquera,358,41.84
2015,44249,El Vallecillo,60,21.59
2015,44250,Veguillas de la Sierra,22,13.67
2015,44251,Villafranca del Campo,299,63.64
2015,44252,Villahermosa del Campo,103,19
2015,44256,Villanueva del Rebollar de la Sierra,51,18.99
2015,44257,Villar del Cobo,189,54.13
2015,44258,Villar del Salz,74,38.69
2015,44260,Villarluengo,189,157.89
2015,44261,Villarquemado,869,56.43
2015,44262,Villarroya de los Pinares,163,66.43
2015,44263,Villastar,526,39.05
2015,44264,Villel,342,85.38
2015,44265,Vinaceite,262,50.07
2015,44266,Visiedo,133,55.53
2015,44267,Vivel del Río Martín,83,51.16
2015,44268,La Zoma,18,14
2016,44001,Ababuj,76,54
2016,44002,Abejuela,56,86.67
2016,44003,Aguatón,19,21.64
2016,44004,Aguaviva,550,42.15
2016,44005,Aguilar del Alfambra,64,39.04
2016,44006,Alacón,279,47
2016,44007,Alba,196,69.53
2016,44008,Albalate del Arzobispo,2003,205.69
2016,44009,Albarracín,1054,452.72
2016,44010,Albentosa,267,68
2016,44011,Alcaine,70,57.38
2016,44012,Alcalá de la Selva,398,104.95
2016,44013,Alcañiz,16043,472.12
2016,44014,Alcorisa,3326,121
2016,44016,Alfambra,568,122.44
2016,44017,Aliaga,348,193.08
2016,44018,Almohaja,19,25.55
2016,44019,Alobras,63,30.72
2016,44020,Alpeñés,23,28.62
2016,44021,Allepuz,128,67.26
2016,44022,Alloza,602,81
2016,44023,Allueva,29,18.65
2016,44024,Anadón,27,24.62
2016,44025,Andorra,7875,141.36
2016,44026,Arcos de las Salinas,106,112.99
2016,44027,Arens de Lledó,212,34.27
2016,44028,Argente,207,62.58
2016,44029,Ariño,738,81.93
2016,44031,Azaila,106,81.44
2016,44032,Bádenas,19,31.31
2016,44033,Báguena,316,25.17
2016,44034,Bañón,158,54.27
2016,44035,Barrachina,129,24.86
2016,44036,Bea,35,23.37
2016,44037,Beceite,561,96.72
2016,44038,Belmonte de San José,119,33.99
2016,44039,Bello,245,52.49
2016,44040,Berge,248,42.64
2016,44041,Bezas,65,26.32
2016,44042,Blancas,147,73
2016,44043,Blesa,101,80.39
2016,44044,Bordón,114,29.98
2016,44045,Bronchales,417,59
2016,44046,Bueña,53,40.75
2016,44047,Burbáguena,254,39.02
2016,44048,Cabra de Mora,68,34.31
2016,44049,Calaceite,1039,81.33
2016,44050,Calamocha,4368,316.63
2016,44051,Calanda,3846,112.25
2016,44052,Calomarde,80,28.18
2016,44053,Camañas,130,78.67
2016,44054,Camarena de la Sierra,127,79.54
2016,44055,Camarillas,94,50.55
2016,44056,Caminreal,637,44.39
2016,44059,Cantavieja,712,124.56
2016,44060,Cañada de Benatanduz,41,34.89
2016,44061,La Cañada de Verich,94,10.86
2016,44062,Cañada Vellida,35,23
2016,44063,Cañizar del Olivar,94,22.29
2016,44064,Cascante del Río,74,32.38
2016,44065,Castejón de Tornos,62,30.89
2016,44066,Castel de Cabra,120,29.44
2016,44067,Castelnou,137,37.09
2016,44068,Castelserás,827,31.52
2016,44070,El Castellar,56,50.33
2016,44071,Castellote,706,235.18
2016,44074,Cedrillas,619,73.57
2016,44075,Celadas,403,100.45
2016,44076,Cella,2673,124.68
2016,44077,La Cerollera,96,33.75
2016,44080,La Codoñera,368,20.97
2016,44082,Corbalán,109,82.44
2016,44084,Cortes de Aragón,63,24.43
2016,44085,Cosa,55,54.81
2016,44086,Cretas,554,52.66
2016,44087,Crivillén,71,42.03
2016,44088,La Cuba,38,6.51
2016,44089,Cubla,52,48.63
2016,44090,Cucalón,96,31.93
2016,44092,El Cuervo,89,20.76
2016,44093,Cuevas de Almudén,141,35.85
2016,44094,Cuevas Labradas,127,40.81
2016,44096,Ejulve,189,109.49
2016,44097,Escorihuela,152,56.99
2016,44099,Escucha,954,41.57
2016,44100,Estercuel,237,55.59
2016,44101,Ferreruela de Huerva,67,20.44
2016,44102,Fonfría,31,20.58
2016,44103,Formiche Alto,164,78.17
2016,44105,Fórnoles,86,32.56
2016,44106,Fortanete,204,168.21
2016,44107,Foz-Calanda,264,37.87
2016,44108,La Fresneda,470,39.48
2016,44109,Frías de Albarracín,130,50.79
2016,44110,Fuenferrada,56,24.53
2016,44111,Fuentes Calientes,105,25.01
2016,44112,Fuentes Claras,494,36.91
2016,44113,Fuentes de Rubielos,114,38.91
2016,44114,Fuentespalda,291,39
2016,44115,Galve,159,61.23
2016,44116,Gargallo,102,30.08
2016,44117,Gea de Albarracín,374,57
2016,44118,La Ginebrosa,199,80
2016,44119,Griegos,160,31.77
2016,44120,Guadalaviar,245,28.08
2016,44121,Gúdar,73,60.77
2016,44122,Híjar,1724,165.36
2016,44123,Hinojosa de Jarque,131,36.47
2016,44124,La Hoz de la Vieja,79,43.73
2016,44125,Huesa del Común,69,61.69
2016,44126,La Iglesuela del Cid,424,40.29
2016,44127,Jabaloyas,77,61.73
2016,44128,Jarque de la Val,74,29.23
2016,44129,Jatiel,42,10.84
2016,44130,Jorcas,38,26
2016,44131,Josa,34,28.23
2016,44132,Lagueruela,79,26.32
2016,44133,Lanzuela,27,14.22
2016,44135,Libros,113,37.91
2016,44136,Lidón,55,40
2016,44137,Linares de Mora,267,116.28
2016,44138,Loscos,138,83.99
2016,44141,Lledó,163,15.61
2016,44142,Maicas,35,24.74
2016,44143,Manzanera,502,168.66
2016,44144,Martín del Río,429,54.88
2016,44145,Mas de las Matas,1302,29.99
2016,44146,La Mata de los Olmos,263,23.73
2016,44147,Mazaleón,540,86.25
2016,44148,Mezquita de Jarque,109,31.14
2016,44149,Mirambel,122,45.47
2016,44150,Miravete de la Sierra,28,36.51
2016,44151,Molinos,251,79.61
2016,44152,Monforte de Moyuela,66,47.74
2016,44153,Monreal del Campo,2526,89.05
2016,44154,Monroyo,338,79.23
2016,44155,Montalbán,1281,82.04
2016,44156,Monteagudo del Castillo,52,44.36
2016,44157,Monterde de Albarracín,66,45.21
2016,44158,Mora de Rubielos,1574,166.23
2016,44159,Moscardón,56,26.93
2016,44160,Mosqueruela,581,265.03
2016,44161,Muniesa,629,129
2016,44163,Noguera de Albarracín,146,47.44
2016,44164,Nogueras,29,18.85
2016,44165,Nogueruelas,214,99.49
2016,44167,Obón,44,68.38
2016,44168,Odón,225,74.24
2016,44169,Ojos Negros,405,90.92
2016,44171,Olba,230,20.99
2016,44172,Oliete,365,85.48
2016,44173,Los Olmos,127,43.97
2016,44174,Orihuela del Tremedal,504,71.52
2016,44175,Orrios,133,44.23
2016,44176,Palomar de Arroyos,174,33.62
2016,44177,Pancrudo,116,100.12
2016,44178,Las Parras de Castellote,57,42.13
2016,44179,Peñarroya de Tastavins,465,83.28
2016,44180,Peracense,75,28.66
2016,44181,Peralejos,86,36
2016,44182,Perales del Alfambra,227,104.24
2016,44183,Pitarque,91,54.35
2016,44184,Plou,49,17.21
2016,44185,El Pobo,132,63
2016,44187,La Portellada,240,21.37
2016,44189,Pozondón,60,67.64
2016,44190,Pozuel del Campo,72,27.85
2016,44191,La Puebla de Híjar,930,60.80
2016,44192,La Puebla de Valverde,460,282.76
2016,44193,Puertomingalvo,112,103.62
2016,44194,Ráfales,138,35.61
2016,44195,Rillo,92,53.31
2016,44196,Riodeva,151,34.34
2016,44197,Ródenas,64,44.26
2016,44198,Royuela,215,32
2016,44199,Rubiales,50,27.42
2016,44200,Rubielos de la Cérida,39,66
2016,44201,Rubielos de Mora,658,66
2016,44203,Salcedillo,17,16.89
2016,44204,Saldón,26,28.37
2016,44205,Samper de Calanda,845,142
2016,44206,San Agustín,132,56.57
2016,44207,San Martín del Río,163,16.57
2016,44208,Santa Cruz de Nogueras,40,15.17
2016,44209,Santa Eulalia,1059,80.97
2016,44210,Sarrión,1125,140.44
2016,44211,Segura de los Baños,44,54.15
2016,44212,Seno,41,17.85
2016,44213,Singra,80,36.72
2016,44215,Terriente,173,47.98
2016,44216,Teruel,35564,440.41
2016,44217,Toril y Masegoso,30,30.67
2016,44218,Tormón,34,29.34
2016,44219,Tornos,228,48.95
2016,44220,Torralba de los Sisones,163,44.78
2016,44221,Torrecilla de Alcañiz,424,26.76
2016,44222,Torrecilla del Rebollar,137,63.44
2016,44223,Torre de Arcas,81,34.28
2016,44224,Torre de las Arcas,29,37.17
2016,44225,Torre del Compte,129,19.46
2016,44226,Torrelacárcel,176,35.54
2016,44227,Torre los Negros,87,29.15
2016,44228,Torremocha de Jiloca,110,33.94
2016,44229,Torres de Albarracín,179,28.31
2016,44230,Torrevelilla,203,33.44
2016,44231,Torrijas,45,57.34
2016,44232,Torrijo del Campo,462,44.04
2016,44234,Tramacastiel,66,47.29
2016,44235,Tramacastilla,108,24.81
2016,44236,Tronchón,67,57.11
2016,44237,Urrea de Gaén,475,41.12
2016,44238,Utrillas,3056,39.82
2016,44239,Valacloche,23,15.02
2016,44240,Valbona,186,40.72
2016,44241,Valdealgorfa,645,46.93
2016,44243,Valdecuenca,34,18.64
2016,44244,Valdelinares,90,55.09
2016,44245,Valdeltormo,296,16
2016,44246,Valderrobres,2311,124.04
2016,44247,Valjunquera,363,41.84
2016,44249,El Vallecillo,59,21.59
2016,44250,Veguillas de la Sierra,19,13.67
2016,44251,Villafranca del Campo,300,63.64
2016,44252,Villahermosa del Campo,99,19
2016,44256,Villanueva del Rebollar de la Sierra,49,18.99
2016,44257,Villar del Cobo,188,54.13
2016,44258,Villar del Salz,70,38.69
2016,44260,Villarluengo,176,157.89
2016,44261,Villarquemado,863,56.43
2016,44262,Villarroya de los Pinares,160,66.43
2016,44263,Villastar,503,39.05
2016,44264,Villel,338,85.38
2016,44265,Vinaceite,262,50.07
2016,44266,Visiedo,138,55.53
2016,44267,Vivel del Río Martín,78,51.16
2016,44268,La Zoma,16,14
2017,44001,Ababuj,73,54
2017,44002,Abejuela,50,86.67
2017,44003,Aguatón,19,21.64
2017,44004,Aguaviva,531,42.15
2017,44005,Aguilar del Alfambra,65,39.04
2017,44006,Alacón,274,47
2017,44007,Alba,185,69.53
2017,44008,Albalate del Arzobispo,1978,205.69
2017,44009,Albarracín,1044,452.72
2017,44010,Albentosa,255,68
2017,44011,Alcaine,62,57.38
2017,44012,Alcalá de la Selva,369,104.95
2017,44013,Alcañiz,15937,472.12
2017,44014,Alcorisa,3313,121
2017,44016,Alfambra,554,122.44
2017,44017,Aliaga,348,193.08
2017,44018,Almohaja,18,25.55
2017,44019,Alobras,65,30.72
2017,44020,Alpeñés,23,28.62
2017,44021,Allepuz,129,67.26
2017,44022,Alloza,594,81
2017,44023,Allueva,31,18.65
2017,44024,Anadón,27,24.62
2017,44025,Andorra,7799,141.36
2017,44026,Arcos de las Salinas,106,112.99
2017,44027,Arens de Lledó,199,34.27
2017,44028,Argente,207,62.58
2017,44029,Ariño,733,81.93
2017,44031,Azaila,97,81.44
2017,44032,Bádenas,18,31.31
2017,44033,Báguena,318,25.17
2017,44034,Bañón,149,54.27
2017,44035,Barrachina,121,24.86
2017,44036,Bea,30,23.37
2017,44037,Beceite,551,96.72
2017,44038,Belmonte de San José,113,33.99
2017,44039,Bello,244,52.49
2017,44040,Berge,245,42.64
2017,44041,Bezas,62,26.32
2017,44042,Blancas,134,73
2017,44043,Blesa,97,80.39
2017,44044,Bordón,108,29.98
2017,44045,Bronchales,440,59
2017,44046,Bueña,57,40.75
2017,44047,Burbáguena,254,39.02
2017,44048,Cabra de Mora,64,34.31
2017,44049,Calaceite,1038,81.33
2017,44050,Calamocha,4353,316.63
2017,44051,Calanda,3729,112.25
2017,44052,Calomarde,78,28.18
2017,44053,Camañas,129,78.67
2017,44054,Camarena de la Sierra,116,79.54
2017,44055,Camarillas,89,50.55
2017,44056,Caminreal,616,44.39
2017,44059,Cantavieja,717,124.56
2017,44060,Cañada de Benatanduz,42,34.89
2017,44061,La Cañada de Verich,85,10.86
2017,44062,Cañada Vellida,35,23
2017,44063,Cañizar del Olivar,93,22.29
2017,44064,Cascante del Río,73,32.38
2017,44065,Castejón de Tornos,62,30.89
2017,44066,Castel de Cabra,112,29.44
2017,44067,Castelnou,146,37.09
2017,44068,Castelserás,823,31.52
2017,44070,El Castellar,54,50.33
2017,44071,Castellote,688,235.18
2017,44074,Cedrillas,611,73.57
2017,44075,Celadas,408,100.45
2017,44076,Cella,2640,124.68
2017,44077,La Cerollera,98,33.75
2017,44080,La Codoñera,362,20.97
2017,44082,Corbalán,109,82.44
2017,44084,Cortes de Aragón,57,24.43
2017,44085,Cosa,55,54.81
2017,44086,Cretas,572,52.66
2017,44087,Crivillén,71,42.03
2017,44088,La Cuba,36,6.51
2017,44089,Cubla,55,48.63
2017,44090,Cucalón,91,31.93
2017,44092,El Cuervo,93,20.76
2017,44093,Cuevas de Almudén,138,35.85
2017,44094,Cuevas Labradas,126,40.81
2017,44096,Ejulve,187,109.49
2017,44097,Escorihuela,147,56.99
2017,44099,Escucha,913,41.57
2017,44100,Estercuel,223,55.59
2017,44101,Ferreruela de Huerva,65,20.44
2017,44102,Fonfría,30,20.58
2017,44103,Formiche Alto,155,78.17
2017,44105,Fórnoles,78,32.56
2017,44106,Fortanete,203,168.21
2017,44107,Foz-Calanda,260,37.87
2017,44108,La Fresneda,436,39.48
2017,44109,Frías de Albarracín,125,50.79
2017,44110,Fuenferrada,51,24.53
2017,44111,Fuentes Calientes,111,25.01
2017,44112,Fuentes Claras,482,36.91
2017,44113,Fuentes de Rubielos,112,38.91
2017,44114,Fuentespalda,298,39
2017,44115,Galve,162,61.23
2017,44116,Gargallo,101,30.08
2017,44117,Gea de Albarracín,372,57
2017,44118,La Ginebrosa,197,80
2017,44119,Griegos,151,31.77
2017,44120,Guadalaviar,241,28.08
2017,44121,Gúdar,81,60.77
2017,44122,Híjar,1697,165.36
2017,44123,Hinojosa de Jarque,132,36.47
2017,44124,La Hoz de la Vieja,86,43.73
2017,44125,Huesa del Común,67,61.69
2017,44126,La Iglesuela del Cid,414,40.29
2017,44127,Jabaloyas,68,61.73
2017,44128,Jarque de la Val,72,29.23
2017,44129,Jatiel,41,10.84
2017,44130,Jorcas,32,26
2017,44131,Josa,32,28.23
2017,44132,Lagueruela,84,26.32
2017,44133,Lanzuela,27,14.22
2017,44135,Libros,103,37.91
2017,44136,Lidón,53,40
2017,44137,Linares de Mora,260,116.28
2017,44138,Loscos,139,83.99
2017,44141,Lledó,166,15.61
2017,44142,Maicas,31,24.74
2017,44143,Manzanera,512,168.66
2017,44144,Martín del Río,432,54.88
2017,44145,Mas de las Matas,1270,29.99
2017,44146,La Mata de los Olmos,272,23.73
2017,44147,Mazaleón,543,86.25
2017,44148,Mezquita de Jarque,102,31.14
2017,44149,Mirambel,119,45.47
2017,44150,Miravete de la Sierra,31,36.51
2017,44151,Molinos,245,79.61
2017,44152,Monforte de Moyuela,64,47.74
2017,44153,Monreal del Campo,2478,89.05
2017,44154,Monroyo,335,79.23
2017,44155,Montalbán,1256,82.04
2017,44156,Monteagudo del Castillo,51,44.36
2017,44157,Monterde de Albarracín,62,45.21
2017,44158,Mora de Rubielos,1565,166.23
2017,44159,Moscardón,57,26.93
2017,44160,Mosqueruela,558,265.03
2017,44161,Muniesa,630,129
2017,44163,Noguera de Albarracín,134,47.44
2017,44164,Nogueras,28,18.85
2017,44165,Nogueruelas,211,99.49
2017,44167,Obón,44,68.38
2017,44168,Odón,217,74.24
2017,44169,Ojos Negros,393,90.92
2017,44171,Olba,227,20.99
2017,44172,Oliete,357,85.48
2017,44173,Los Olmos,122,43.97
2017,44174,Orihuela del Tremedal,493,71.52
2017,44175,Orrios,127,44.23
2017,44176,Palomar de Arroyos,169,33.62
2017,44177,Pancrudo,119,100.12
2017,44178,Las Parras de Castellote,61,42.13
2017,44179,Peñarroya de Tastavins,461,83.28
2017,44180,Peracense,75,28.66
2017,44181,Peralejos,87,36
2017,44182,Perales del Alfambra,221,104.24
2017,44183,Pitarque,84,54.35
2017,44184,Plou,45,17.21
2017,44185,El Pobo,129,63
2017,44187,La Portellada,246,21.37
2017,44189,Pozondón,54,67.64
2017,44190,Pozuel del Campo,70,27.85
2017,44191,La Puebla de Híjar,944,60.80
2017,44192,La Puebla de Valverde,457,282.76
2017,44193,Puertomingalvo,117,103.62
2017,44194,Ráfales,146,35.61
2017,44195,Rillo,92,53.31
2017,44196,Riodeva,149,34.34
2017,44197,Ródenas,62,44.26
2017,44198,Royuela,209,32
2017,44199,Rubiales,52,27.42
2017,44200,Rubielos de la Cérida,38,66
2017,44201,Rubielos de Mora,626,66
2017,44203,Salcedillo,17,16.89
2017,44204,Saldón,26,28.37
2017,44205,Samper de Calanda,821,142
2017,44206,San Agustín,131,56.57
2017,44207,San Martín del Río,155,16.57
2017,44208,Santa Cruz de Nogueras,38,15.17
2017,44209,Santa Eulalia,1033,80.97
2017,44210,Sarrión,1125,140.44
2017,44211,Segura de los Baños,43,54.15
2017,44212,Seno,40,17.85
2017,44213,Singra,79,36.72
2017,44215,Terriente,178,47.98
2017,44216,Teruel,35484,440.41
2017,44217,Toril y Masegoso,29,30.67
2017,44218,Tormón,34,29.34
2017,44219,Tornos,222,48.95
2017,44220,Torralba de los Sisones,162,44.78
2017,44221,Torrecilla de Alcañiz,426,26.76
2017,44222,Torrecilla del Rebollar,136,63.44
2017,44223,Torre de Arcas,83,34.28
2017,44224,Torre de las Arcas,28,37.17
2017,44225,Torre del Compte,130,19.46
2017,44226,Torrelacárcel,169,35.54
2017,44227,Torre los Negros,86,29.15
2017,44228,Torremocha de Jiloca,107,33.94
2017,44229,Torres de Albarracín,178,28.31
2017,44230,Torrevelilla,192,33.44
2017,44231,Torrijas,39,57.34
2017,44232,Torrijo del Campo,447,44.04
2017,44234,Tramacastiel,67,47.29
2017,44235,Tramacastilla,107,24.81
2017,44236,Tronchón,69,57.11
2017,44237,Urrea de Gaén,461,41.12
2017,44238,Utrillas,3014,39.82
2017,44239,Valacloche,23,15.02
2017,44240,Valbona,181,40.72
2017,44241,Valdealgorfa,632,46.93
2017,44243,Valdecuenca,37,18.64
2017,44244,Valdelinares,89,55.09
2017,44245,Valdeltormo,298,16
2017,44246,Valderrobres,2338,124.04
2017,44247,Valjunquera,341,41.84
2017,44249,El Vallecillo,49,21.59
2017,44250,Veguillas de la Sierra,19,13.67
2017,44251,Villafranca del Campo,289,63.64
2017,44252,Villahermosa del Campo,94,19
2017,44256,Villanueva del Rebollar de la Sierra,43,18.99
2017,44257,Villar del Cobo,175,54.13
2017,44258,Villar del Salz,59,38.69
2017,44260,Villarluengo,169,157.89
2017,44261,Villarquemado,875,56.43
2017,44262,Villarroya de los Pinares,155,66.43
2017,44263,Villastar,501,39.05
2017,44264,Villel,330,85.38
2017,44265,Vinaceite,262,50.07
2017,44266,Visiedo,135,55.53
2017,44267,Vivel del Río Martín,71,51.16
2017,44268,La Zoma,18,14
2018,44001,Ababuj,76,54
2018,44002,Abejuela,49,86.67
2018,44003,Aguatón,18,21.64
2018,44004,Aguaviva,522,42.15
2018,44005,Aguilar del Alfambra,63,39.04
2018,44006,Alacón,264,47
2018,44007,Alba,178,69.53
2018,44008,Albalate del Arzobispo,2004,205.69
2018,44009,Albarracín,1016,452.72
2018,44010,Albentosa,257,68
2018,44011,Alcaine,63,57.38
2018,44012,Alcalá de la Selva,347,104.95
2018,44013,Alcañiz,15939,472.12
2018,44014,Alcorisa,3276,121
2018,44016,Alfambra,531,122.44
2018,44017,Aliaga,358,193.08
2018,44018,Almohaja,16,25.55
2018,44019,Alobras,62,30.72
2018,44020,Alpeñés,22,28.62
2018,44021,Allepuz,126,67.26
2018,44022,Alloza,582,81
2018,44023,Allueva,29,18.65
2018,44024,Anadón,27,24.62
2018,44025,Andorra,7633,141.36
2018,44026,Arcos de las Salinas,105,112.99
2018,44027,Arens de Lledó,206,34.27
2018,44028,Argente,198,62.58
2018,44029,Ariño,708,81.93
2018,44031,Azaila,94,81.44
2018,44032,Bádenas,20,31.31
2018,44033,Báguena,311,25.17
2018,44034,Bañón,153,54.27
2018,44035,Barrachina,118,24.86
2018,44036,Bea,31,23.37
2018,44037,Beceite,541,96.72
2018,44038,Belmonte de San José,113,33.99
2018,44039,Bello,225,52.49
2018,44040,Berge,244,42.64
2018,44041,Bezas,70,26.32
2018,44042,Blancas,125,73
2018,44043,Blesa,95,80.39
2018,44044,Bordón,106,29.98
2018,44045,Bronchales,443,59
2018,44046,Bueña,63,40.75
2018,44047,Burbáguena,243,39.02
2018,44048,Cabra de Mora,55,34.31
2018,44049,Calaceite,1011,81.33
2018,44050,Calamocha,4319,316.63
2018,44051,Calanda,3708,112.25
2018,44052,Calomarde,74,28.18
2018,44053,Camañas,124,78.67
2018,44054,Camarena de la Sierra,113,79.54
2018,44055,Camarillas,86,50.55
2018,44056,Caminreal,619,44.39
2018,44059,Cantavieja,714,124.56
2018,44060,Cañada de Benatanduz,39,34.89
2018,44061,La Cañada de Verich,87,10.86
2018,44062,Cañada Vellida,35,23
2018,44063,Cañizar del Olivar,98,22.29
2018,44064,Cascante del Río,71,32.38
2018,44065,Castejón de Tornos,62,30.89
2018,44066,Castel de Cabra,104,29.44
2018,44067,Castelnou,160,37.09
2018,44068,Castelserás,831,31.52
2018,44070,El Castellar,52,50.33
2018,44071,Castellote,676,235.18
2018,44074,Cedrillas,630,73.57
2018,44075,Celadas,396,100.45
2018,44076,Cella,2606,124.68
2018,44077,La Cerollera,100,33.75
2018,44080,La Codoñera,344,20.97
2018,44082,Corbalán,109,82.44
2018,44084,Cortes de Aragón,61,24.43
2018,44085,Cosa,52,54.81
2018,44086,Cretas,571,52.66
2018,44087,Crivillén,68,42.03
2018,44088,La Cuba,41,6.51
2018,44089,Cubla,54,48.63
2018,44090,Cucalón,80,31.93
2018,44092,El Cuervo,86,20.76
2018,44093,Cuevas de Almudén,122,35.85
2018,44094,Cuevas Labradas,131,40.81
2018,44096,Ejulve,180,109.49
2018,44097,Escorihuela,139,56.99
2018,44099,Escucha,885,41.57
2018,44100,Estercuel,210,55.59
2018,44101,Ferreruela de Huerva,63,20.44
2018,44102,Fonfría,28,20.58
2018,44103,Formiche Alto,151,78.17
2018,44105,Fórnoles,75,32.56
2018,44106,Fortanete,205,168.21
2018,44107,Foz-Calanda,238,37.87
2018,44108,La Fresneda,443,39.48
2018,44109,Frías de Albarracín,116,50.79
2018,44110,Fuenferrada,42,24.53
2018,44111,Fuentes Calientes,101,25.01
2018,44112,Fuentes Claras,461,36.91
2018,44113,Fuentes de Rubielos,114,38.91
2018,44114,Fuentespalda,286,39
2018,44115,Galve,161,61.23
2018,44116,Gargallo,89,30.08
2018,44117,Gea de Albarracín,376,57
2018,44118,La Ginebrosa,200,80
2018,44119,Griegos,143,31.77
2018,44120,Guadalaviar,242,28.08
2018,44121,Gúdar,72,60.77
2018,44122,Híjar,1709,165.36
2018,44123,Hinojosa de Jarque,119,36.47
2018,44124,La Hoz de la Vieja,85,43.73
2018,44125,Huesa del Común,67,61.69
2018,44126,La Iglesuela del Cid,414,40.29
2018,44127,Jabaloyas,65,61.73
2018,44128,Jarque de la Val,70,29.23
2018,44129,Jatiel,40,10.84
2018,44130,Jorcas,34,26
2018,44131,Josa,34,28.23
2018,44132,Lagueruela,78,26.32
2018,44133,Lanzuela,24,14.22
2018,44135,Libros,101,37.91
2018,44136,Lidón,55,40
2018,44137,Linares de Mora,249,116.28
2018,44138,Loscos,129,83.99
2018,44141,Lledó,172,15.61
2018,44142,Maicas,27,24.74
2018,44143,Manzanera,519,168.66
2018,44144,Martín del Río,417,54.88
2018,44145,Mas de las Matas,1272,29.99
2018,44146,La Mata de los Olmos,265,23.73
2018,44147,Mazaleón,539,86.25
2018,44148,Mezquita de Jarque,98,31.14
2018,44149,Mirambel,116,45.47
2018,44150,Miravete de la Sierra,35,36.51
2018,44151,Molinos,243,79.61
2018,44152,Monforte de Moyuela,65,47.74
2018,44153,Monreal del Campo,2433,89.05
2018,44154,Monroyo,340,79.23
2018,44155,Montalbán,1243,82.04
2018,44156,Monteagudo del Castillo,50,44.36
2018,44157,Monterde de Albarracín,63,45.21
2018,44158,Mora de Rubielos,1541,166.23
2018,44159,Moscardón,55,26.93
2018,44160,Mosqueruela,551,265.03
2018,44161,Muniesa,599,129
2018,44163,Noguera de Albarracín,133,47.44
2018,44164,Nogueras,25,18.85
2018,44165,Nogueruelas,217,99.49
2018,44167,Obón,45,68.38
2018,44168,Odón,205,74.24
2018,44169,Ojos Negros,377,90.92
2018,44171,Olba,226,20.99
2018,44172,Oliete,364,85.48
2018,44173,Los Olmos,122,43.97
2018,44174,Orihuela del Tremedal,487,71.52
2018,44175,Orrios,126,44.23
2018,44176,Palomar de Arroyos,169,33.62
2018,44177,Pancrudo,110,100.12
2018,44178,Las Parras de Castellote,53,42.13
2018,44179,Peñarroya de Tastavins,439,83.28
2018,44180,Peracense,76,28.66
2018,44181,Peralejos,88,36
2018,44182,Perales del Alfambra,221,104.24
2018,44183,Pitarque,79,54.35
2018,44184,Plou,43,17.21
2018,44185,El Pobo,114,63
2018,44187,La Portellada,243,21.37
2018,44189,Pozondón,48,67.64
2018,44190,Pozuel del Campo,68,27.85
2018,44191,La Puebla de Híjar,908,60.80
2018,44192,La Puebla de Valverde,453,282.76
2018,44193,Puertomingalvo,112,103.62
2018,44194,Ráfales,143,35.61
2018,44195,Rillo,93,53.31
2018,44196,Riodeva,144,34.34
2018,44197,Ródenas,61,44.26
2018,44198,Royuela,206,32
2018,44199,Rubiales,50,27.42
2018,44200,Rubielos de la Cérida,38,66
2018,44201,Rubielos de Mora,627,66
2018,44203,Salcedillo,17,16.89
2018,44204,Saldón,26,28.37
2018,44205,Samper de Calanda,783,142
2018,44206,San Agustín,125,56.57
2018,44207,San Martín del Río,148,16.57
2018,44208,Santa Cruz de Nogueras,37,15.17
2018,44209,Santa Eulalia,1037,80.97
2018,44210,Sarrión,1133,140.44
2018,44211,Segura de los Baños,39,54.15
2018,44212,Seno,39,17.85
2018,44213,Singra,80,36.72
2018,44215,Terriente,183,47.98
2018,44216,Teruel,35691,440.41
2018,44217,Toril y Masegoso,30,30.67
2018,44218,Tormón,31,29.34
2018,44219,Tornos,213,48.95
2018,44220,Torralba de los Sisones,156,44.78
2018,44221,Torrecilla de Alcañiz,423,26.76
2018,44222,Torrecilla del Rebollar,127,63.44
2018,44223,Torre de Arcas,89,34.28
2018,44224,Torre de las Arcas,28,37.17
2018,44225,Torre del Compte,132,19.46
2018,44226,Torrelacárcel,154,35.54
2018,44227,Torre los Negros,88,29.15
2018,44228,Torremocha de Jiloca,107,33.94
2018,44229,Torres de Albarracín,183,28.31
2018,44230,Torrevelilla,189,33.44
2018,44231,Torrijas,38,57.34
2018,44232,Torrijo del Campo,447,44.04
2018,44234,Tramacastiel,64,47.29
2018,44235,Tramacastilla,106,24.81
2018,44236,Tronchón,65,57.11
2018,44237,Urrea de Gaén,436,41.12
2018,44238,Utrillas,2970,39.82
2018,44239,Valacloche,21,15.02
2018,44240,Valbona,174,40.72
2018,44241,Valdealgorfa,622,46.93
2018,44243,Valdecuenca,35,18.64
2018,44244,Valdelinares,87,55.09
2018,44245,Valdeltormo,279,16
2018,44246,Valderrobres,2388,124.04
2018,44247,Valjunquera,325,41.84
2018,44249,El Vallecillo,48,21.59
2018,44250,Veguillas de la Sierra,20,13.67
2018,44251,Villafranca del Campo,297,63.64
2018,44252,Villahermosa del Campo,94,19
2018,44256,Villanueva del Rebollar de la Sierra,47,18.99
2018,44257,Villar del Cobo,164,54.13
2018,44258,Villar del Salz,60,38.69
2018,44260,Villarluengo,177,157.89
2018,44261,Villarquemado,862,56.43
2018,44262,Villarroya de los Pinares,160,66.43
2018,44263,Villastar,494,39.05
2018,44264,Villel,327,85.38
2018,44265,Vinaceite,249,50.07
2018,44266,Visiedo,125,55.53
2018,44267,Vivel del Río Martín,79,51.16
2018,44268,La Zoma,16,14
2019,44001,Ababuj,73,54
2019,44002,Abejuela,48,86.67
2019,44003,Aguatón,18,21.64
2019,44004,Aguaviva,514,42.15
2019,44005,Aguilar del Alfambra,63,39.04
2019,44006,Alacón,252,47
2019,44007,Alba,170,69.53
2019,44008,Albalate del Arzobispo,1980,205.69
2019,44009,Albarracín,1025,452.72
2019,44010,Albentosa,276,68
2019,44011,Alcaine,59,57.38
2019,44012,Alcalá de la Selva,343,104.95
2019,44013,Alcañiz,15947,472.12
2019,44014,Alcorisa,3266,121
2019,44016,Alfambra,508,122.44
2019,44017,Aliaga,341,193.08
2019,44018,Almohaja,16,25.55
2019,44019,Alobras,64,30.72
2019,44020,Alpeñés,22,28.62
2019,44021,Allepuz,125,67.26
2019,44022,Alloza,558,81
2019,44023,Allueva,26,18.65
2019,44024,Anadón,28,24.62
2019,44025,Andorra,7472,141.36
2019,44026,Arcos de las Salinas,119,112.99
2019,44027,Arens de Lledó,211,34.27
2019,44028,Argente,195,62.58
2019,44029,Ariño,724,81.93
2019,44031,Azaila,90,81.44
2019,44032,Bádenas,19,31.31
2019,44033,Báguena,287,25.17
2019,44034,Bañón,144,54.27
2019,44035,Barrachina,112,24.86
2019,44036,Bea,31,23.37
2019,44037,Beceite,541,96.72
2019,44038,Belmonte de San José,113,33.99
2019,44039,Bello,224,52.49
2019,44040,Berge,235,42.64
2019,44041,Bezas,70,26.32
2019,44042,Blancas,126,73
2019,44043,Blesa,94,80.39
2019,44044,Bordón,100,29.98
2019,44045,Bronchales,432,59
2019,44046,Bueña,50,40.75
2019,44047,Burbáguena,249,39.02
2019,44048,Cabra de Mora,54,34.31
2019,44049,Calaceite,994,81.33
2019,44050,Calamocha,4339,316.63
2019,44051,Calanda,3748,112.25
2019,44052,Calomarde,75,28.18
2019,44053,Camañas,134,78.67
2019,44054,Camarena de la Sierra,105,79.54
2019,44055,Camarillas,100,50.55
2019,44056,Caminreal,620,44.39
2019,44059,Cantavieja,709,124.56
2019,44060,Cañada de Benatanduz,36,34.89
2019,44061,La Cañada de Verich,89,10.86
2019,44062,Cañada Vellida,31,23
2019,44063,Cañizar del Olivar,100,22.29
2019,44064,Cascante del Río,67,32.38
2019,44065,Castejón de Tornos,60,30.89
2019,44066,Castel de Cabra,96,29.44
2019,44067,Castelnou,141,37.09
2019,44068,Castelserás,815,31.52
2019,44070,El Castellar,58,50.33
2019,44071,Castellote,681,235.18
2019,44074,Cedrillas,664,73.57
2019,44075,Celadas,388,100.45
2019,44076,Cella,2574,124.68
2019,44077,La Cerollera,93,33.75
2019,44080,La Codoñera,336,20.97
2019,44082,Corbalán,107,82.44
2019,44084,Cortes de Aragón,61,24.43
2019,44085,Cosa,50,54.81
2019,44086,Cretas,567,52.66
2019,44087,Crivillén,62,42.03
2019,44088,La Cuba,43,6.51
2019,44089,Cubla,58,48.63
2019,44090,Cucalón,78,31.93
2019,44092,El Cuervo,78,20.76
2019,44093,Cuevas de Almudén,126,35.85
2019,44094,Cuevas Labradas,132,40.81
2019,44096,Ejulve,175,109.49
2019,44097,Escorihuela,136,56.99
2019,44099,Escucha,852,41.57
2019,44100,Estercuel,203,55.59
2019,44101,Ferreruela de Huerva,56,20.44
2019,44102,Fonfría,27,20.58
2019,44103,Formiche Alto,141,78.17
2019,44105,Fórnoles,80,32.56
2019,44106,Fortanete,205,168.21
2019,44107,Foz-Calanda,245,37.87
2019,44108,La Fresneda,438,39.48
2019,44109,Frías de Albarracín,115,50.79
2019,44110,Fuenferrada,37,24.53
2019,44111,Fuentes Calientes,92,25.01
2019,44112,Fuentes Claras,461,36.91
2019,44113,Fuentes de Rubielos,118,38.91
2019,44114,Fuentespalda,284,39
2019,44115,Galve,162,61.23
2019,44116,Gargallo,93,30.08
2019,44117,Gea de Albarracín,360,57
2019,44118,La Ginebrosa,194,80
2019,44119,Griegos,136,31.77
2019,44120,Guadalaviar,241,28.08
2019,44121,Gúdar,76,60.77
2019,44122,Híjar,1721,165.36
2019,44123,Hinojosa de Jarque,111,36.47
2019,44124,La Hoz de la Vieja,83,43.73
2019,44125,Huesa del Común,73,61.69
2019,44126,La Iglesuela del Cid,410,40.29
2019,44127,Jabaloyas,63,61.73
2019,44128,Jarque de la Val,66,29.23
2019,44129,Jatiel,37,10.84
2019,44130,Jorcas,30,26
2019,44131,Josa,34,28.23
2019,44132,Lagueruela,73,26.32
2019,44133,Lanzuela,22,14.22
2019,44135,Libros,102,37.91
2019,44136,Lidón,57,40
2019,44137,Linares de Mora,234,116.28
2019,44138,Loscos,122,83.99
2019,44141,Lledó,159,15.61
2019,44142,Maicas,28,24.74
2019,44143,Manzanera,531,168.66
2019,44144,Martín del Río,401,54.88
2019,44145,Mas de las Matas,1262,29.99
2019,44146,La Mata de los Olmos,257,23.73
2019,44147,Mazaleón,522,86.25
2019,44148,Mezquita de Jarque,96,31.14
2019,44149,Mirambel,116,45.47
2019,44150,Miravete de la Sierra,31,36.51
2019,44151,Molinos,239,79.61
2019,44152,Monforte de Moyuela,67,47.74
2019,44153,Monreal del Campo,2434,89.05
2019,44154,Monroyo,340,79.23
2019,44155,Montalbán,1233,82.04
2019,44156,Monteagudo del Castillo,54,44.36
2019,44157,Monterde de Albarracín,64,45.21
2019,44158,Mora de Rubielos,1548,166.23
2019,44159,Moscardón,54,26.93
2019,44160,Mosqueruela,537,265.03
2019,44161,Muniesa,583,129
2019,44163,Noguera de Albarracín,140,47.44
2019,44164,Nogueras,22,18.85
2019,44165,Nogueruelas,217,99.49
2019,44167,Obón,44,68.38
2019,44168,Odón,206,74.24
2019,44169,Ojos Negros,360,90.92
2019,44171,Olba,228,20.99
2019,44172,Oliete,351,85.48
2019,44173,Los Olmos,120,43.97
2019,44174,Orihuela del Tremedal,463,71.52
2019,44175,Orrios,125,44.23
2019,44176,Palomar de Arroyos,168,33.62
2019,44177,Pancrudo,113,100.12
2019,44178,Las Parras de Castellote,55,42.13
2019,44179,Peñarroya de Tastavins,439,83.28
2019,44180,Peracense,77,28.66
2019,44181,Peralejos,79,36
2019,44182,Perales del Alfambra,229,104.24
2019,44183,Pitarque,73,54.35
2019,44184,Plou,43,17.21
2019,44185,El Pobo,110,63
2019,44187,La Portellada,235,21.37
2019,44189,Pozondón,50,67.64
2019,44190,Pozuel del Campo,65,27.85
2019,44191,La Puebla de Híjar,897,60.80
2019,44192,La Puebla de Valverde,457,282.76
2019,44193,Puertomingalvo,109,103.62
2019,44194,Ráfales,138,35.61
2019,44195,Rillo,88,53.31
2019,44196,Riodeva,142,34.34
2019,44197,Ródenas,63,44.26
2019,44198,Royuela,204,32
2019,44199,Rubiales,52,27.42
2019,44200,Rubielos de la Cérida,39,66
2019,44201,Rubielos de Mora,621,66
2019,44203,Salcedillo,14,16.89
2019,44204,Saldón,27,28.37
2019,44205,Samper de Calanda,755,142
2019,44206,San Agustín,119,56.57
2019,44207,San Martín del Río,137,16.57
2019,44208,Santa Cruz de Nogueras,29,15.17
2019,44209,Santa Eulalia,1061,80.97
2019,44210,Sarrión,1128,140.44
2019,44211,Segura de los Baños,38,54.15
2019,44212,Seno,43,17.85
2019,44213,Singra,75,36.72
2019,44215,Terriente,183,47.98
2019,44216,Teruel,35890,440.41
2019,44217,Toril y Masegoso,32,30.67
2019,44218,Tormón,30,29.34
2019,44219,Tornos,206,48.95
2019,44220,Torralba de los Sisones,155,44.78
2019,44221,Torrecilla de Alcañiz,433,26.76
2019,44222,Torrecilla del Rebollar,124,63.44
2019,44223,Torre de Arcas,90,34.28
2019,44224,Torre de las Arcas,28,37.17
2019,44225,Torre del Compte,120,19.46
2019,44226,Torrelacárcel,151,35.54
2019,44227,Torre los Negros,84,29.15
2019,44228,Torremocha de Jiloca,109,33.94
2019,44229,Torres de Albarracín,180,28.31
2019,44230,Torrevelilla,186,33.44
2019,44231,Torrijas,41,57.34
2019,44232,Torrijo del Campo,455,44.04
2019,44234,Tramacastiel,72,47.29
2019,44235,Tramacastilla,103,24.81
2019,44236,Tronchón,67,57.11
2019,44237,Urrea de Gaén,435,41.12
2019,44238,Utrillas,2978,39.82
2019,44239,Valacloche,22,15.02
2019,44240,Valbona,167,40.72
2019,44241,Valdealgorfa,612,46.93
2019,44243,Valdecuenca,34,18.64
2019,44244,Valdelinares,88,55.09
2019,44245,Valdeltormo,283,16
2019,44246,Valderrobres,2425,124.04
2019,44247,Valjunquera,330,41.84
2019,44249,El Vallecillo,47,21.59
2019,44250,Veguillas de la Sierra,19,13.67
2019,44251,Villafranca del Campo,298,63.64
2019,44252,Villahermosa del Campo,89,19
2019,44256,Villanueva del Rebollar de la Sierra,39,18.99
2019,44257,Villar del Cobo,164,54.13
2019,44258,Villar del Salz,55,38.69
2019,44260,Villarluengo,170,157.89
2019,44261,Villarquemado,863,56.43
2019,44262,Villarroya de los Pinares,172,66.43
2019,44263,Villastar,505,39.05
2019,44264,Villel,329,85.38
2019,44265,Vinaceite,251,50.07
2019,44266,Visiedo,119,55.53
2019,44267,Vivel del Río Martín,73,51.16
2019,44268,La Zoma,33,14
2020,44001,Ababuj,77,54
2020,44002,Abejuela,50,86.67
2020,44003,Aguatón,19,21.64
2020,44004,Aguaviva,516,42.15
2020,44005,Aguilar del Alfambra,69,39.04
2020,44006,Alacón,238,47
2020,44007,Alba,165,69.53
2020,44008,Albalate del Arzobispo,1972,205.69
2020,44009,Albarracín,1006,452.72
2020,44010,Albentosa,289,68
2020,44011,Alcaine,53,57.38
2020,44012,Alcalá de la Selva,331,104.95
2020,44013,Alcañiz,16006,472.12
2020,44014,Alcorisa,3298,121
2020,44016,Alfambra,482,122.44
2020,44017,Aliaga,326,193.08
2020,44018,Almohaja,14,25.55
2020,44019,Alobras,64,30.72
2020,44020,Alpeñés,21,28.62
2020,44021,Allepuz,124,67.26
2020,44022,Alloza,572,81
2020,44023,Allueva,24,18.65
2020,44024,Anadón,32,24.62
2020,44025,Andorra,7345,141.36
2020,44026,Arcos de las Salinas,118,112.99
2020,44027,Arens de Lledó,205,34.27
2020,44028,Argente,193,62.58
2020,44029,Ariño,714,81.93
2020,44031,Azaila,93,81.44
2020,44032,Bádenas,19,31.31
2020,44033,Báguena,285,25.17
2020,44034,Bañón,146,54.27
2020,44035,Barrachina,109,24.86
2020,44036,Bea,29,23.37
2020,44037,Beceite,531,96.72
2020,44038,Belmonte de San José,123,33.99
2020,44039,Bello,219,52.49
2020,44040,Berge,241,42.64
2020,44041,Bezas,67,26.32
2020,44042,Blancas,125,73
2020,44043,Blesa,92,80.39
2020,44044,Bordón,105,29.98
2020,44045,Bronchales,417,59
2020,44046,Bueña,49,40.75
2020,44047,Burbáguena,211,39.02
2020,44048,Cabra de Mora,51,34.31
2020,44049,Calaceite,978,81.33
2020,44050,Calamocha,4429,316.63
2020,44051,Calanda,3822,112.25
2020,44052,Calomarde,74,28.18
2020,44053,Camañas,133,78.67
2020,44054,Camarena de la Sierra,107,79.54
2020,44055,Camarillas,92,50.55
2020,44056,Caminreal,615,44.39
2020,44059,Cantavieja,729,124.56
2020,44060,Cañada de Benatanduz,33,34.89
2020,44061,La Cañada de Verich,92,10.86
2020,44062,Cañada Vellida,36,23
2020,44063,Cañizar del Olivar,100,22.29
2020,44064,Cascante del Río,67,32.38
2020,44065,Castejón de Tornos,55,30.89
2020,44066,Castel de Cabra,93,29.44
2020,44067,Castelnou,134,37.09
2020,44068,Castelserás,800,31.52
2020,44070,El Castellar,55,50.33
2020,44071,Castellote,676,235.18
2020,44074,Cedrillas,639,73.57
2020,44075,Celadas,367,100.45
2020,44076,Cella,2571,124.68
2020,44077,La Cerollera,88,33.75
2020,44080,La Codoñera,319,20.97
2020,44082,Corbalán,109,82.44
2020,44084,Cortes de Aragón,60,24.43
2020,44085,Cosa,51,54.81
2020,44086,Cretas,554,52.66
2020,44087,Crivillén,86,42.03
2020,44088,La Cuba,43,6.51
2020,44089,Cubla,55,48.63
2020,44090,Cucalón,78,31.93
2020,44092,El Cuervo,80,20.76
2020,44093,Cuevas de Almudén,118,35.85
2020,44094,Cuevas Labradas,137,40.81
2020,44096,Ejulve,177,109.49
2020,44097,Escorihuela,136,56.99
2020,44099,Escucha,801,41.57
2020,44100,Estercuel,205,55.59
2020,44101,Ferreruela de Huerva,64,20.44
2020,44102,Fonfría,26,20.58
2020,44103,Formiche Alto,148,78.17
2020,44105,Fórnoles,74,32.56
2020,44106,Fortanete,202,168.21
2020,44107,Foz-Calanda,258,37.87
2020,44108,La Fresneda,443,39.48
2020,44109,Frías de Albarracín,104,50.79
2020,44110,Fuenferrada,36,24.53
2020,44111,Fuentes Calientes,91,25.01
2020,44112,Fuentes Claras,445,36.91
2020,44113,Fuentes de Rubielos,124,38.91
2020,44114,Fuentespalda,282,39
2020,44115,Galve,160,61.23
2020,44116,Gargallo,97,30.08
2020,44117,Gea de Albarracín,370,57
2020,44118,La Ginebrosa,197,80
2020,44119,Griegos,138,31.77
2020,44120,Guadalaviar,244,28.08
2020,44121,Gúdar,77,60.77
2020,44122,Híjar,1754,165.36
2020,44123,Hinojosa de Jarque,112,36.47
2020,44124,La Hoz de la Vieja,81,43.73
2020,44125,Huesa del Común,69,61.69
2020,44126,La Iglesuela del Cid,402,40.29
2020,44127,Jabaloyas,59,61.73
2020,44128,Jarque de la Val,62,29.23
2020,44129,Jatiel,39,10.84
2020,44130,Jorcas,29,26
2020,44131,Josa,34,28.23
2020,44132,Lagueruela,69,26.32
2020,44133,Lanzuela,22,14.22
2020,44135,Libros,100,37.91
2020,44136,Lidón,54,40
2020,44137,Linares de Mora,225,116.28
2020,44138,Loscos,125,83.99
2020,44141,Lledó,155,15.61
2020,44142,Maicas,31,24.74
2020,44143,Manzanera,516,168.66
2020,44144,Martín del Río,387,54.88
2020,44145,Mas de las Matas,1258,29.99
2020,44146,La Mata de los Olmos,261,23.73
2020,44147,Mazaleón,511,86.25
2020,44148,Mezquita de Jarque,89,31.14
2020,44149,Mirambel,116,45.47
2020,44150,Miravete de la Sierra,38,36.51
2020,44151,Molinos,222,79.61
2020,44152,Monforte de Moyuela,71,47.74
2020,44153,Monreal del Campo,2487,89.05
2020,44154,Monroyo,332,79.23
2020,44155,Montalbán,1245,82.04
2020,44156,Monteagudo del Castillo,49,44.36
2020,44157,Monterde de Albarracín,56,45.21
2020,44158,Mora de Rubielos,1512,166.23
2020,44159,Moscardón,55,26.93
2020,44160,Mosqueruela,532,265.03
2020,44161,Muniesa,583,129
2020,44163,Noguera de Albarracín,139,47.44
2020,44164,Nogueras,21,18.85
2020,44165,Nogueruelas,210,99.49
2020,44167,Obón,34,68.38
2020,44168,Odón,203,74.24
2020,44169,Ojos Negros,341,90.92
2020,44171,Olba,233,20.99
2020,44172,Oliete,343,85.48
2020,44173,Los Olmos,118,43.97
2020,44174,Orihuela del Tremedal,450,71.52
2020,44175,Orrios,128,44.23
2020,44176,Palomar de Arroyos,170,33.62
2020,44177,Pancrudo,119,100.12
2020,44178,Las Parras de Castellote,55,42.13
2020,44179,Peñarroya de Tastavins,446,83.28
2020,44180,Peracense,77,28.66
2020,44181,Peralejos,83,36
2020,44182,Perales del Alfambra,236,104.24
2020,44183,Pitarque,68,54.35
2020,44184,Plou,50,17.21
2020,44185,El Pobo,108,63
2020,44187,La Portellada,236,21.37
2020,44189,Pozondón,43,67.64
2020,44190,Pozuel del Campo,63,27.85
2020,44191,La Puebla de Híjar,899,60.80
2020,44192,La Puebla de Valverde,451,282.76
2020,44193,Puertomingalvo,117,103.62
2020,44194,Ráfales,139,35.61
2020,44195,Rillo,85,53.31
2020,44196,Riodeva,134,34.34
2020,44197,Ródenas,62,44.26
2020,44198,Royuela,210,32
2020,44199,Rubiales,49,27.42
2020,44200,Rubielos de la Cérida,39,66
2020,44201,Rubielos de Mora,635,66
2020,44203,Salcedillo,11,16.89
2020,44204,Saldón,24,28.37
2020,44205,Samper de Calanda,721,142
2020,44206,San Agustín,123,56.57
2020,44207,San Martín del Río,132,16.57
2020,44208,Santa Cruz de Nogueras,30,15.17
2020,44209,Santa Eulalia,1050,80.97
2020,44210,Sarrión,1148,140.44
2020,44211,Segura de los Baños,41,54.15
2020,44212,Seno,39,17.85
2020,44213,Singra,83,36.72
2020,44215,Terriente,180,47.98
2020,44216,Teruel,36240,440.41
2020,44217,Toril y Masegoso,33,30.67
2020,44218,Tormón,25,29.34
2020,44219,Tornos,202,48.95
2020,44220,Torralba de los Sisones,157,44.78
2020,44221,Torrecilla de Alcañiz,439,26.76
2020,44222,Torrecilla del Rebollar,123,63.44
2020,44223,Torre de Arcas,94,34.28
2020,44224,Torre de las Arcas,29,37.17
2020,44225,Torre del Compte,117,19.46
2020,44226,Torrelacárcel,143,35.54
2020,44227,Torre los Negros,83,29.15
2020,44228,Torremocha de Jiloca,107,33.94
2020,44229,Torres de Albarracín,185,28.31
2020,44230,Torrevelilla,170,33.44
2020,44231,Torrijas,43,57.34
2020,44232,Torrijo del Campo,447,44.04
2020,44234,Tramacastiel,67,47.29
2020,44235,Tramacastilla,104,24.81
2020,44236,Tronchón,68,57.11
2020,44237,Urrea de Gaén,427,41.12
2020,44238,Utrillas,3006,39.82
2020,44239,Valacloche,20,15.02
2020,44240,Valbona,172,40.72
2020,44241,Valdealgorfa,595,46.93
2020,44243,Valdecuenca,32,18.64
2020,44244,Valdelinares,92,55.09
2020,44245,Valdeltormo,281,16
2020,44246,Valderrobres,2435,124.04
2020,44247,Valjunquera,338,41.84
2020,44249,El Vallecillo,44,21.59
2020,44250,Veguillas de la Sierra,21,13.67
2020,44251,Villafranca del Campo,285,63.64
2020,44252,Villahermosa del Campo,83,19
2020,44256,Villanueva del Rebollar de la Sierra,42,18.99
2020,44257,Villar del Cobo,160,54.13
2020,44258,Villar del Salz,61,38.69
2020,44260,Villarluengo,171,157.89
2020,44261,Villarquemado,841,56.43
2020,44262,Villarroya de los Pinares,161,66.43
2020,44263,Villastar,507,39.05
2020,44264,Villel,333,85.38
2020,44265,Vinaceite,231,50.07
2020,44266,Visiedo,131,55.53
2020,44267,Vivel del Río Martín,72,51.16
2020,44268,La Zoma,32,14
2021,44001,Ababuj,76,54
2021,44002,Abejuela,57,86.67
2021,44003,Aguatón,17,21.64
2021,44004,Aguaviva,547,42.15
2021,44005,Aguilar del Alfambra,76,39.04
2021,44006,Alacón,235,47
2021,44007,Alba,184,69.53
2021,44008,Albalate del Arzobispo,1977,205.69
2021,44009,Albarracín,990,452.72
2021,44010,Albentosa,294,68
2021,44011,Alcaine,46,57.38
2021,44012,Alcalá de la Selva,352,104.95
2021,44013,Alcañiz,16029,472.12
2021,44014,Alcorisa,3293,121
2021,44016,Alfambra,483,122.44
2021,44017,Aliaga,333,193.08
2021,44018,Almohaja,14,25.55
2021,44019,Alobras,65,30.72
2021,44020,Alpeñés,20,28.62
2021,44021,Allepuz,128,67.26
2021,44022,Alloza,577,81
2021,44023,Allueva,22,18.65
2021,44024,Anadón,32,24.62
2021,44025,Andorra,7327,141.36
2021,44026,Arcos de las Salinas,112,112.99
2021,44027,Arens de Lledó,221,34.27
2021,44028,Argente,199,62.58
2021,44029,Ariño,685,81.93
2021,44031,Azaila,100,81.44
2021,44032,Bádenas,18,31.31
2021,44033,Báguena,278,25.17
2021,44034,Bañón,149,54.27
2021,44035,Barrachina,113,24.86
2021,44036,Bea,31,23.37
2021,44037,Beceite,544,96.72
2021,44038,Belmonte de San José,123,33.99
2021,44039,Bello,224,52.49
2021,44040,Berge,237,42.64
2021,44041,Bezas,63,26.32
2021,44042,Blancas,132,73
2021,44043,Blesa,85,80.39
2021,44044,Bordón,116,29.98
2021,44045,Bronchales,424,59
2021,44046,Bueña,52,40.75
2021,44047,Burbáguena,207,39.02
2021,44048,Cabra de Mora,68,34.31
2021,44049,Calaceite,982,81.33
2021,44050,Calamocha,4473,316.63
2021,44051,Calanda,3753,112.25
2021,44052,Calomarde,78,28.18
2021,44053,Camañas,140,78.67
2021,44054,Camarena de la Sierra,116,79.54
2021,44055,Camarillas,82,50.55
2021,44056,Caminreal,634,44.39
2021,44059,Cantavieja,734,124.56
2021,44060,Cañada de Benatanduz,34,34.89
2021,44061,La Cañada de Verich,101,10.86
2021,44062,Cañada Vellida,37,23
2021,44063,Cañizar del Olivar,105,22.29
2021,44064,Cascante del Río,69,32.38
2021,44065,Castejón de Tornos,52,30.89
2021,44066,Castel de Cabra,95,29.44
2021,44067,Castelnou,120,37.09
2021,44068,Castelserás,789,31.52
2021,44070,El Castellar,56,50.33
2021,44071,Castellote,687,235.18
2021,44074,Cedrillas,609,73.57
2021,44075,Celadas,374,100.45
2021,44076,Cella,2578,124.68
2021,44077,La Cerollera,84,33.75
2021,44080,La Codoñera,317,20.97
2021,44082,Corbalán,108,82.44
2021,44084,Cortes de Aragón,63,24.43
2021,44085,Cosa,55,54.81
2021,44086,Cretas,555,52.66
2021,44087,Crivillén,87,42.03
2021,44088,La Cuba,42,6.51
2021,44089,Cubla,52,48.63
2021,44090,Cucalón,82,31.93
2021,44092,El Cuervo,74,20.76
2021,44093,Cuevas de Almudén,118,35.85
2021,44094,Cuevas Labradas,137,40.81
2021,44096,Ejulve,178,109.49
2021,44097,Escorihuela,141,56.99
2021,44099,Escucha,782,41.57
2021,44100,Estercuel,209,55.59
2021,44101,Ferreruela de Huerva,74,20.44
2021,44102,Fonfría,29,20.58
2021,44103,Formiche Alto,155,78.17
2021,44105,Fórnoles,81,32.56
2021,44106,Fortanete,200,168.21
2021,44107,Foz-Calanda,271,37.87
2021,44108,La Fresneda,457,39.48
2021,44109,Frías de Albarracín,105,50.79
2021,44110,Fuenferrada,40,24.53
2021,44111,Fuentes Calientes,92,25.01
2021,44112,Fuentes Claras,433,36.91
2021,44113,Fuentes de Rubielos,154,38.91
2021,44114,Fuentespalda,293,39
2021,44115,Galve,163,61.23
2021,44116,Gargallo,98,30.08
2021,44117,Gea de Albarracín,378,57
2021,44118,La Ginebrosa,201,80
2021,44119,Griegos,138,31.77
2021,44120,Guadalaviar,253,28.08
2021,44121,Gúdar,79,60.77
2021,44122,Híjar,1771,165.36
2021,44123,Hinojosa de Jarque,110,36.47
2021,44124,La Hoz de la Vieja,91,43.73
2021,44125,Huesa del Común,73,61.69
2021,44126,La Iglesuela del Cid,407,40.29
2021,44127,Jabaloyas,61,61.73
2021,44128,Jarque de la Val,60,29.23
2021,44129,Jatiel,45,10.84
2021,44130,Jorcas,34,26
2021,44131,Josa,36,28.23
2021,44132,Lagueruela,66,26.32
2021,44133,Lanzuela,25,14.22
2021,44135,Libros,104,37.91
2021,44136,Lidón,54,40
2021,44137,Linares de Mora,226,116.28
2021,44138,Loscos,122,83.99
2021,44141,Lledó,172,15.61
2021,44142,Maicas,31,24.74
2021,44143,Manzanera,527,168.66
2021,44144,Martín del Río,372,54.88
2021,44145,Mas de las Matas,1271,29.99
2021,44146,La Mata de los Olmos,257,23.73
2021,44147,Mazaleón,503,86.25
2021,44148,Mezquita de Jarque,87,31.14
2021,44149,Mirambel,111,45.47
2021,44150,Miravete de la Sierra,38,36.51
2021,44151,Molinos,238,79.61
2021,44152,Monforte de Moyuela,71,47.74
2021,44153,Monreal del Campo,2522,89.05
2021,44154,Monroyo,318,79.23
2021,44155,Montalbán,1237,82.04
2021,44156,Monteagudo del Castillo,51,44.36
2021,44157,Monterde de Albarracín,57,45.21
2021,44158,Mora de Rubielos,1539,166.23
2021,44159,Moscardón,53,26.93
2021,44160,Mosqueruela,531,265.03
2021,44161,Muniesa,571,129
2021,44163,Noguera de Albarracín,142,47.44
2021,44164,Nogueras,28,18.85
2021,44165,Nogueruelas,207,99.49
2021,44167,Obón,32,68.38
2021,44168,Odón,218,74.24
2021,44169,Ojos Negros,330,90.92
2021,44171,Olba,264,20.99
2021,44172,Oliete,340,85.48
2021,44173,Los Olmos,118,43.97
2021,44174,Orihuela del Tremedal,454,71.52
2021,44175,Orrios,130,44.23
2021,44176,Palomar de Arroyos,168,33.62
2021,44177,Pancrudo,119,100.12
2021,44178,Las Parras de Castellote,56,42.13
2021,44179,Peñarroya de Tastavins,450,83.28
2021,44180,Peracense,85,28.66
2021,44181,Peralejos,85,36
2021,44182,Perales del Alfambra,251,104.24
2021,44183,Pitarque,69,54.35
2021,44184,Plou,48,17.21
2021,44185,El Pobo,112,63
2021,44187,La Portellada,230,21.37
2021,44189,Pozondón,47,67.64
2021,44190,Pozuel del Campo,62,27.85
2021,44191,La Puebla de Híjar,909,60.80
2021,44192,La Puebla de Valverde,445,282.76
2021,44193,Puertomingalvo,125,103.62
2021,44194,Ráfales,144,35.61
2021,44195,Rillo,92,53.31
2021,44196,Riodeva,128,34.34
2021,44197,Ródenas,61,44.26
2021,44198,Royuela,212,32
2021,44199,Rubiales,42,27.42
2021,44200,Rubielos de la Cérida,37,66
2021,44201,Rubielos de Mora,632,66
2021,44203,Salcedillo,11,16.89
2021,44204,Saldón,25,28.37
2021,44205,Samper de Calanda,731,142
2021,44206,San Agustín,138,56.57
2021,44207,San Martín del Río,137,16.57
2021,44208,Santa Cruz de Nogueras,30,15.17
2021,44209,Santa Eulalia,1066,80.97
2021,44210,Sarrión,1194,140.44
2021,44211,Segura de los Baños,38,54.15
2021,44212,Seno,44,17.85
2021,44213,Singra,80,36.72
2021,44215,Terriente,181,47.98
2021,44216,Teruel,35994,440.41
2021,44217,Toril y Masegoso,36,30.67
2021,44218,Tormón,25,29.34
2021,44219,Tornos,201,48.95
2021,44220,Torralba de los Sisones,162,44.78
2021,44221,Torrecilla de Alcañiz,450,26.76
2021,44222,Torrecilla del Rebollar,122,63.44
2021,44223,Torre de Arcas,93,34.28
2021,44224,Torre de las Arcas,25,37.17
2021,44225,Torre del Compte,122,19.46
2021,44226,Torrelacárcel,142,35.54
2021,44227,Torre los Negros,82,29.15
2021,44228,Torremocha de Jiloca,108,33.94
2021,44229,Torres de Albarracín,171,28.31
2021,44230,Torrevelilla,180,33.44
2021,44231,Torrijas,38,57.34
2021,44232,Torrijo del Campo,470,44.04
2021,44234,Tramacastiel,67,47.29
2021,44235,Tramacastilla,105,24.81
2021,44236,Tronchón,65,57.11
2021,44237,Urrea de Gaén,435,41.12
2021,44238,Utrillas,3003,39.82
2021,44239,Valacloche,24,15.02
2021,44240,Valbona,184,40.72
2021,44241,Valdealgorfa,589,46.93
2021,44243,Valdecuenca,29,18.64
2021,44244,Valdelinares,82,55.09
2021,44245,Valdeltormo,293,16
2021,44246,Valderrobres,2457,124.04
2021,44247,Valjunquera,342,41.84
2021,44249,El Vallecillo,39,21.59
2021,44250,Veguillas de la Sierra,21,13.67
2021,44251,Villafranca del Campo,302,63.64
2021,44252,Villahermosa del Campo,88,19
2021,44256,Villanueva del Rebollar de la Sierra,42,18.99
2021,44257,Villar del Cobo,163,54.13
2021,44258,Villar del Salz,66,38.69
2021,44260,Villarluengo,169,157.89
2021,44261,Villarquemado,846,56.43
2021,44262,Villarroya de los Pinares,175,66.43
2021,44263,Villastar,548,39.05
2021,44264,Villel,325,85.38
2021,44265,Vinaceite,215,50.07
2021,44266,Visiedo,124,55.53
2021,44267,Vivel del Río Martín,75,51.16
2021,44268,La Zoma,31,14
2022,44001,Ababuj,72,54
2022,44002,Abejuela,56,86.67
2022,44003,Aguatón,16,21.64
2022,44004,Aguaviva,556,42.15
2022,44005,Aguilar del Alfambra,81,39.04
2022,44006,Alacón,219,47
2022,44007,Alba,181,69.53
2022,44008,Albalate del Arzobispo,1959,205.69
2022,44009,Albarracín,1008,452.72
2022,44010,Albentosa,275,68
2022,44011,Alcaine,46,57.38
2022,44012,Alcalá de la Selva,383,104.95
2022,44013,Alcañiz,16054,472.12
2022,44014,Alcorisa,3252,121
2022,44016,Alfambra,490,122.44
2022,44017,Aliaga,323,193.08
2022,44018,Almohaja,16,25.55
2022,44019,Alobras,67,30.72
2022,44020,Alpeñés,20,28.62
2022,44021,Allepuz,124,67.26
2022,44022,Alloza,553,81
2022,44023,Allueva,21,18.65
2022,44024,Anadón,33,24.62
2022,44025,Andorra,7201,141.36
2022,44026,Arcos de las Salinas,117,112.99
2022,44027,Arens de Lledó,214,34.27
2022,44028,Argente,208,62.58
2022,44029,Ariño,665,81.93
2022,44031,Azaila,105,81.44
2022,44032,Bádenas,19,31.31
2022,44033,Báguena,271,25.17
2022,44034,Bañón,157,54.27
2022,44035,Barrachina,116,24.86
2022,44036,Bea,33,23.37
2022,44037,Beceite,550,96.72
2022,44038,Belmonte de San José,136,33.99
2022,44039,Bello,230,52.49
2022,44040,Berge,231,42.64
2022,44041,Bezas,63,26.32
2022,44042,Blancas,140,73
2022,44043,Blesa,88,80.39
2022,44044,Bordón,111,29.98
2022,44045,Bronchales,435,59
2022,44046,Bueña,51,40.75
2022,44047,Burbáguena,278,39.02
2022,44048,Cabra de Mora,69,34.31
2022,44049,Calaceite,993,81.33
2022,44050,Calamocha,4485,316.63
2022,44051,Calanda,3755,112.25
2022,44052,Calomarde,77,28.18
2022,44053,Camañas,137,78.67
2022,44054,Camarena de la Sierra,123,79.54
2022,44055,Camarillas,84,50.55
2022,44056,Caminreal,625,44.39
2022,44059,Cantavieja,707,124.56
2022,44060,Cañada de Benatanduz,35,34.89
2022,44061,La Cañada de Verich,97,10.86
2022,44062,Cañada Vellida,38,23
2022,44063,Cañizar del Olivar,103,22.29
2022,44064,Cascante del Río,66,32.38
2022,44065,Castejón de Tornos,53,30.89
2022,44066,Castel de Cabra,95,29.44
2022,44067,Castelnou,113,37.09
2022,44068,Castelserás,793,31.52
2022,44070,El Castellar,55,50.33
2022,44071,Castellote,677,235.18
2022,44074,Cedrillas,634,73.57
2022,44075,Celadas,362,100.45
2022,44076,Cella,2611,124.68
2022,44077,La Cerollera,74,33.75
2022,44080,La Codoñera,317,20.97
2022,44082,Corbalán,110,82.44
2022,44084,Cortes de Aragón,62,24.43
2022,44085,Cosa,50,54.81
2022,44086,Cretas,563,52.66
2022,44087,Crivillén,90,42.03
2022,44088,La Cuba,42,6.51
2022,44089,Cubla,60,48.63
2022,44090,Cucalón,78,31.93
2022,44092,El Cuervo,72,20.76
2022,44093,Cuevas de Almudén,126,35.85
2022,44094,Cuevas Labradas,133,40.81
2022,44096,Ejulve,186,109.49
2022,44097,Escorihuela,138,56.99
2022,44099,Escucha,773,41.57
2022,44100,Estercuel,205,55.59
2022,44101,Ferreruela de Huerva,70,20.44
2022,44102,Fonfría,30,20.58
2022,44103,Formiche Alto,159,78.17
2022,44105,Fórnoles,86,32.56
2022,44106,Fortanete,209,168.21
2022,44107,Foz-Calanda,273,37.87
2022,44108,La Fresneda,462,39.48
2022,44109,Frías de Albarracín,105,50.79
2022,44110,Fuenferrada,35,24.53
2022,44111,Fuentes Calientes,89,25.01
2022,44112,Fuentes Claras,434,36.91
2022,44113,Fuentes de Rubielos,160,38.91
2022,44114,Fuentespalda,293,39
2022,44115,Galve,150,61.23
2022,44116,Gargallo,98,30.08
2022,44117,Gea de Albarracín,434,57
2022,44118,La Ginebrosa,200,80
2022,44119,Griegos,140,31.77
2022,44120,Guadalaviar,249,28.08
2022,44121,Gúdar,73,60.77
2022,44122,Híjar,1751,165.36
2022,44123,Hinojosa de Jarque,106,36.47
2022,44124,La Hoz de la Vieja,90,43.73
2022,44125,Huesa del Común,71,61.69
2022,44126,La Iglesuela del Cid,395,40.29
2022,44127,Jabaloyas,65,61.73
2022,44128,Jarque de la Val,56,29.23
2022,44129,Jatiel,46,10.84
2022,44130,Jorcas,36,26
2022,44131,Josa,42,28.23
2022,44132,Lagueruela,71,26.32
2022,44133,Lanzuela,25,14.22
2022,44135,Libros,102,37.91
2022,44136,Lidón,53,40
2022,44137,Linares de Mora,235,116.28
2022,44138,Loscos,118,83.99
2022,44141,Lledó,171,15.61
2022,44142,Maicas,31,24.74
2022,44143,Manzanera,533,168.66
2022,44144,Martín del Río,372,54.88
2022,44145,Mas de las Matas,1255,29.99
2022,44146,La Mata de los Olmos,270,23.73
2022,44147,Mazaleón,487,86.25
2022,44148,Mezquita de Jarque,84,31.14
2022,44149,Mirambel,111,45.47
2022,44150,Miravete de la Sierra,27,36.51
2022,44151,Molinos,227,79.61
2022,44152,Monforte de Moyuela,75,47.74
2022,44153,Monreal del Campo,2499,89.05
2022,44154,Monroyo,312,79.23
2022,44155,Montalbán,1209,82.04
2022,44156,Monteagudo del Castillo,43,44.36
2022,44157,Monterde de Albarracín,55,45.21
2022,44158,Mora de Rubielos,1569,166.23
2022,44159,Moscardón,52,26.93
2022,44160,Mosqueruela,551,265.03
2022,44161,Muniesa,571,129
2022,44163,Noguera de Albarracín,138,47.44
2022,44164,Nogueras,27,18.85
2022,44165,Nogueruelas,205,99.49
2022,44167,Obón,35,68.38
2022,44168,Odón,214,74.24
2022,44169,Ojos Negros,328,90.92
2022,44171,Olba,266,20.99
2022,44172,Oliete,330,85.48
2022,44173,Los Olmos,120,43.97
2022,44174,Orihuela del Tremedal,454,71.52
2022,44175,Orrios,123,44.23
2022,44176,Palomar de Arroyos,172,33.62
2022,44177,Pancrudo,123,100.12
2022,44178,Las Parras de Castellote,60,42.13
2022,44179,Peñarroya de Tastavins,450,83.28
2022,44180,Peracense,78,28.66
2022,44181,Peralejos,85,36
2022,44182,Perales del Alfambra,264,104.24
2022,44183,Pitarque,69,54.35
2022,44184,Plou,47,17.21
2022,44185,El Pobo,106,63
2022,44187,La Portellada,236,21.37
2022,44189,Pozondón,48,67.64
2022,44190,Pozuel del Campo,60,27.85
2022,44191,La Puebla de Híjar,914,60.80
2022,44192,La Puebla de Valverde,448,282.76
2022,44193,Puertomingalvo,141,103.62
2022,44194,Ráfales,146,35.61
2022,44195,Rillo,86,53.31
2022,44196,Riodeva,136,34.34
2022,44197,Ródenas,62,44.26
2022,44198,Royuela,225,32
2022,44199,Rubiales,43,27.42
2022,44200,Rubielos de la Cérida,32,66
2022,44201,Rubielos de Mora,624,66
2022,44203,Salcedillo,11,16.89
2022,44204,Saldón,22,28.37
2022,44205,Samper de Calanda,731,142
2022,44206,San Agustín,134,56.57
2022,44207,San Martín del Río,132,16.57
2022,44208,Santa Cruz de Nogueras,25,15.17
2022,44209,Santa Eulalia,1033,80.97
2022,44210,Sarrión,1201,140.44
2022,44211,Segura de los Baños,42,54.15
2022,44212,Seno,43,17.85
2022,44213,Singra,80,36.72
2022,44215,Terriente,191,47.98
2022,44216,Teruel,35900,440.41
2022,44217,Toril y Masegoso,37,30.67
2022,44218,Tormón,26,29.34
2022,44219,Tornos,196,48.95
2022,44220,Torralba de los Sisones,151,44.78
2022,44221,Torrecilla de Alcañiz,460,26.76
2022,44222,Torrecilla del Rebollar,121,63.44
2022,44223,Torre de Arcas,82,34.28
2022,44224,Torre de las Arcas,24,37.17
2022,44225,Torre del Compte,125,19.46
2022,44226,Torrelacárcel,140,35.54
2022,44227,Torre los Negros,81,29.15
2022,44228,Torremocha de Jiloca,106,33.94
2022,44229,Torres de Albarracín,168,28.31
2022,44230,Torrevelilla,170,33.44
2022,44231,Torrijas,35,57.34
2022,44232,Torrijo del Campo,482,44.04
2022,44234,Tramacastiel,66,47.29
2022,44235,Tramacastilla,117,24.81
2022,44236,Tronchón,61,57.11
2022,44237,Urrea de Gaén,440,41.12
2022,44238,Utrillas,3011,39.82
2022,44239,Valacloche,26,15.02
2022,44240,Valbona,188,40.72
2022,44241,Valdealgorfa,591,46.93
2022,44243,Valdecuenca,31,18.64
2022,44244,Valdelinares,78,55.09
2022,44245,Valdeltormo,301,16
2022,44246,Valderrobres,2498,124.04
2022,44247,Valjunquera,337,41.84
2022,44249,El Vallecillo,41,21.59
2022,44250,Veguillas de la Sierra,21,13.67
2022,44251,Villafranca del Campo,301,63.64
2022,44252,Villahermosa del Campo,90,19
2022,44256,Villanueva del Rebollar de la Sierra,44,18.99
2022,44257,Villar del Cobo,165,54.13
2022,44258,Villar del Salz,63,38.69
2022,44260,Villarluengo,174,157.89
2022,44261,Villarquemado,857,56.43
2022,44262,Villarroya de los Pinares,172,66.43
2022,44263,Villastar,543,39.05
2022,44264,Villel,329,85.38
2022,44265,Vinaceite,211,50.07
2022,44266,Visiedo,118,55.53
2022,44267,Vivel del Río Martín,68,51.16
2022,44268,La Zoma,30,14
2023,44001,Ababuj,70,54
2023,44002,Abejuela,55,86.67
2023,44003,Aguatón,15,21.64
2023,44004,Aguaviva,565,42.15
2023,44005,Aguilar del Alfambra,83,39.04
2023,44006,Alacón,212,47
2023,44007,Alba,187,69.53
2023,44008,Albalate del Arzobispo,1955,205.69
2023,44009,Albarracín,1015,452.72
2023,44010,Albentosa,302,68
2023,44011,Alcaine,48,57.38
2023,44012,Alcalá de la Selva,382,104.95
2023,44013,Alcañiz,16151,472.12
2023,44014,Alcorisa,3243,121
2023,44016,Alfambra,482,122.44
2023,44017,Aliaga,343,193.08
2023,44018,Almohaja,17,25.55
2023,44019,Alobras,71,30.72
2023,44020,Alpeñés,25,28.62
2023,44021,Allepuz,121,67.26
2023,44022,Alloza,540,81
2023,44023,Allueva,27,18.65
2023,44024,Anadón,33,24.62
2023,44025,Andorra,7214,141.36
2023,44026,Arcos de las Salinas,116,112.99
2023,44027,Arens de Lledó,205,34.27
2023,44028,Argente,193,62.58
2023,44029,Ariño,649,81.93
2023,44031,Azaila,98,81.44
2023,44032,Bádenas,21,31.31
2023,44033,Báguena,270,25.17
2023,44034,Bañón,151,54.27
2023,44035,Barrachina,120,24.86
2023,44036,Bea,28,23.37
2023,44037,Beceite,569,96.72
2023,44038,Belmonte de San José,127,33.99
2023,44039,Bello,217,52.49
2023,44040,Berge,226,42.64
2023,44041,Bezas,64,26.32
2023,44042,Blancas,135,73
2023,44043,Blesa,78,80.39
2023,44044,Bordón,112,29.98
2023,44045,Bronchales,454,59
2023,44046,Bueña,54,40.75
2023,44047,Burbáguena,376,39.02
2023,44048,Cabra de Mora,71,34.31
2023,44049,Calaceite,979,81.33
2023,44050,Calamocha,4505,316.63
2023,44051,Calanda,3759,112.25
2023,44052,Calomarde,73,28.18
2023,44053,Camañas,132,78.67
2023,44054,Camarena de la Sierra,134,79.54
2023,44055,Camarillas,119,50.55
2023,44056,Caminreal,617,44.39
2023,44059,Cantavieja,726,124.56
2023,44060,Cañada de Benatanduz,34,34.89
2023,44061,La Cañada de Verich,88,10.86
2023,44062,Cañada Vellida,40,23
2023,44063,Cañizar del Olivar,103,22.29
2023,44064,Cascante del Río,70,32.38
2023,44065,Castejón de Tornos,68,30.89
2023,44066,Castel de Cabra,89,29.44
2023,44067,Castelnou,108,37.09
2023,44068,Castelserás,795,31.52
2023,44070,El Castellar,55,50.33
2023,44071,Castellote,678,235.18
2023,44074,Cedrillas,653,73.57
2023,44075,Celadas,345,100.45
2023,44076,Cella,2644,124.68
2023,44077,La Cerollera,75,33.75
2023,44080,La Codoñera,320,20.97
2023,44082,Corbalán,113,82.44
2023,44084,Cortes de Aragón,61,24.43
2023,44085,Cosa,61,54.81
2023,44086,Cretas,556,52.66
2023,44087,Crivillén,90,42.03
2023,44088,La Cuba,49,6.51
2023,44089,Cubla,71,48.63
2023,44090,Cucalón,78,31.93
2023,44092,El Cuervo,98,20.76
2023,44093,Cuevas de Almudén,119,35.85
2023,44094,Cuevas Labradas,135,40.81
2023,44096,Ejulve,176,109.49
2023,44097,Escorihuela,141,56.99
2023,44099,Escucha,766,41.57
2023,44100,Estercuel,196,55.59
2023,44101,Ferreruela de Huerva,71,20.44
2023,44102,Fonfría,32,20.58
2023,44103,Formiche Alto,159,78.17
2023,44105,Fórnoles,84,32.56
2023,44106,Fortanete,222,168.21
2023,44107,Foz-Calanda,279,37.87
2023,44108,La Fresneda,463,39.48
2023,44109,Frías de Albarracín,111,50.79
2023,44110,Fuenferrada,37,24.53
2023,44111,Fuentes Calientes,81,25.01
2023,44112,Fuentes Claras,435,36.91
2023,44113,Fuentes de Rubielos,169,38.91
2023,44114,Fuentespalda,288,39
2023,44115,Galve,144,61.23
2023,44116,Gargallo,91,30.08
2023,44117,Gea de Albarracín,452,57
2023,44118,La Ginebrosa,192,80
2023,44119,Griegos,140,31.77
2023,44120,Guadalaviar,242,28.08
2023,44121,Gúdar,70,60.77
2023,44122,Híjar,1797,165.36
2023,44123,Hinojosa de Jarque,104,36.47
2023,44124,La Hoz de la Vieja,87,43.73
2023,44125,Huesa del Común,64,61.69
2023,44126,La Iglesuela del Cid,382,40.29
2023,44127,Jabaloyas,74,61.73
2023,44128,Jarque de la Val,64,29.23
2023,44129,Jatiel,46,10.84
2023,44130,Jorcas,43,26
2023,44131,Josa,37,28.23
2023,44132,Lagueruela,72,26.32
2023,44133,Lanzuela,28,14.22
2023,44135,Libros,101,37.91
2023,44136,Lidón,51,40
2023,44137,Linares de Mora,232,116.28
2023,44138,Loscos,116,83.99
2023,44141,Lledó,171,15.61
2023,44142,Maicas,32,24.74
2023,44143,Manzanera,540,168.66
2023,44144,Martín del Río,370,54.88
2023,44145,Mas de las Matas,1237,29.99
2023,44146,La Mata de los Olmos,281,23.73
2023,44147,Mazaleón,487,86.25
2023,44148,Mezquita de Jarque,82,31.14
2023,44149,Mirambel,105,45.47
2023,44150,Miravete de la Sierra,28,36.51
2023,44151,Molinos,225,79.61
2023,44152,Monforte de Moyuela,83,47.74
2023,44153,Monreal del Campo,2486,89.05
2023,44154,Monroyo,315,79.23
2023,44155,Montalbán,1180,82.04
2023,44156,Monteagudo del Castillo,43,44.36
2023,44157,Monterde de Albarracín,56,45.21
2023,44158,Mora de Rubielos,1568,166.23
2023,44159,Moscardón,56,26.93
2023,44160,Mosqueruela,538,265.03
2023,44161,Muniesa,571,129
2023,44163,Noguera de Albarracín,131,47.44
2023,44164,Nogueras,32,18.85
2023,44165,Nogueruelas,192,99.49
2023,44167,Obón,35,68.38
2023,44168,Odón,207,74.24
2023,44169,Ojos Negros,330,90.92
2023,44171,Olba,279,20.99
2023,44172,Oliete,349,85.48
2023,44173,Los Olmos,119,43.97
2023,44174,Orihuela del Tremedal,453,71.52
2023,44175,Orrios,122,44.23
2023,44176,Palomar de Arroyos,167,33.62
2023,44177,Pancrudo,114,100.12
2023,44178,Las Parras de Castellote,61,42.13
2023,44179,Peñarroya de Tastavins,443,83.28
2023,44180,Peracense,75,28.66
2023,44181,Peralejos,86,36
2023,44182,Perales del Alfambra,264,104.24
2023,44183,Pitarque,65,54.35
2023,44184,Plou,49,17.21
2023,44185,El Pobo,102,63
2023,44187,La Portellada,242,21.37
2023,44189,Pozondón,54,67.64
2023,44190,Pozuel del Campo,66,27.85
2023,44191,La Puebla de Híjar,917,60.80
2023,44192,La Puebla de Valverde,470,282.76
2023,44193,Puertomingalvo,137,103.62
2023,44194,Ráfales,150,35.61
2023,44195,Rillo,97,53.31
2023,44196,Riodeva,132,34.34
2023,44197,Ródenas,62,44.26
2023,44198,Royuela,231,32
2023,44199,Rubiales,42,27.42
2023,44200,Rubielos de la Cérida,30,66
2023,44201,Rubielos de Mora,627,66
2023,44203,Salcedillo,10,16.89
2023,44204,Saldón,21,28.37
2023,44205,Samper de Calanda,725,142
2023,44206,San Agustín,134,56.57
2023,44207,San Martín del Río,135,16.57
2023,44208,Santa Cruz de Nogueras,23,15.17
2023,44209,Santa Eulalia,1017,80.97
2023,44210,Sarrión,1197,140.44
2023,44211,Segura de los Baños,42,54.15
2023,44212,Seno,41,17.85
2023,44213,Singra,80,36.72
2023,44215,Terriente,206,47.98
2023,44216,Teruel,36267,440.41
2023,44217,Toril y Masegoso,33,30.67
2023,44218,Tormón,33,29.34
2023,44219,Tornos,191,48.95
2023,44220,Torralba de los Sisones,148,44.78
2023,44221,Torrecilla de Alcañiz,440,26.76
2023,44222,Torrecilla del Rebollar,125,63.44
2023,44223,Torre de Arcas,82,34.28
2023,44224,Torre de las Arcas,24,37.17
2023,44225,Torre del Compte,118,19.46
2023,44226,Torrelacárcel,135,35.54
2023,44227,Torre los Negros,76,29.15
2023,44228,Torremocha de Jiloca,110,33.94
2023,44229,Torres de Albarracín,191,28.31
2023,44230,Torrevelilla,169,33.44
2023,44231,Torrijas,36,57.34
2023,44232,Torrijo del Campo,502,44.04
2023,44234,Tramacastiel,62,47.29
2023,44235,Tramacastilla,109,24.81
2023,44236,Tronchón,61,57.11
2023,44237,Urrea de Gaén,447,41.12
2023,44238,Utrillas,3088,39.82
2023,44239,Valacloche,26,15.02
2023,44240,Valbona,192,40.72
2023,44241,Valdealgorfa,589,46.93
2023,44243,Valdecuenca,31,18.64
2023,44244,Valdelinares,80,55.09
2023,44245,Valdeltormo,313,16
2023,44246,Valderrobres,2517,124.04
2023,44247,Valjunquera,331,41.84
2023,44249,El Vallecillo,37,21.59
2023,44250,Veguillas de la Sierra,20,13.67
2023,44251,Villafranca del Campo,302,63.64
2023,44252,Villahermosa del Campo,93,19
2023,44256,Villanueva del Rebollar de la Sierra,44,18.99
2023,44257,Villar del Cobo,163,54.13
2023,44258,Villar del Salz,59,38.69
2023,44260,Villarluengo,181,157.89
2023,44261,Villarquemado,865,56.43
2023,44262,Villarroya de los Pinares,168,66.43
2023,44263,Villastar,543,39.05
2023,44264,Villel,326,85.38
2023,44265,Vinaceite,200,50.07
2023,44266,Visiedo,130,55.53
2023,44267,Vivel del Río Martín,67,51.16
2023,44268,La Zoma,27,14
2024,44001,Ababuj,74,54
2024,44002,Abejuela,57,86.67
2024,44003,Aguatón,17,21.64
2024,44004,Aguaviva,547,42.15
2024,44005,Aguilar del Alfambra,82,39.04
2024,44006,Alacón,208,47
2024,44007,Alba,187,69.53
2024,44008,Albalate del Arzobispo,1933,205.69
2024,44009,Albarracín,1002,452.72
2024,44010,Albentosa,299,68
2024,44011,Alcaine,39,57.38
2024,44012,Alcalá de la Selva,378,104.95
2024,44013,Alcañiz,16247,472.12
2024,44014,Alcorisa,3234,121
2024,44016,Alfambra,487,122.44
2024,44017,Aliaga,345,193.08
2024,44018,Almohaja,12,25.55
2024,44019,Alobras,69,30.72
2024,44020,Alpeñés,26,28.62
2024,44021,Allepuz,124,67.26
2024,44022,Alloza,551,81
2024,44023,Allueva,30,18.65
2024,44024,Anadón,34,24.62
2024,44025,Andorra,7258,141.36
2024,44026,Arcos de las Salinas,110,112.99
2024,44027,Arens de Lledó,194,34.27
2024,44028,Argente,201,62.58
2024,44029,Ariño,632,81.93
2024,44031,Azaila,95,81.44
2024,44032,Bádenas,24,31.31
2024,44033,Báguena,295,25.17
2024,44034,Bañón,155,54.27
2024,44035,Barrachina,115,24.86
2024,44036,Bea,27,23.37
2024,44037,Beceite,562,96.72
2024,44038,Belmonte de San José,135,33.99
2024,44039,Bello,213,52.49
2024,44040,Berge,216,42.64
2024,44041,Bezas,68,26.32
2024,44042,Blancas,134,73
2024,44043,Blesa,76,80.39
2024,44044,Bordón,113,29.98
2024,44045,Bronchales,451,59
2024,44046,Bueña,55,40.75
2024,44047,Burbáguena,352,39.02
2024,44048,Cabra de Mora,66,34.31
2024,44049,Calaceite,960,81.33
2024,44050,Calamocha,4542,316.63
2024,44051,Calanda,3678,112.25
2024,44052,Calomarde,74,28.18
2024,44053,Camañas,127,78.67
2024,44054,Camarena de la Sierra,142,79.54
2024,44055,Camarillas,120,50.55
2024,44056,Caminreal,603,44.39
2024,44059,Cantavieja,719,124.56
2024,44060,Cañada de Benatanduz,39,34.89
2024,44061,La Cañada de Verich,80,10.86
2024,44062,Cañada Vellida,38,23
2024,44063,Cañizar del Olivar,111,22.29
2024,44064,Cascante del Río,65,32.38
2024,44065,Castejón de Tornos,66,30.89
2024,44066,Castel de Cabra,84,29.44
2024,44067,Castelnou,99,37.09
2024,44068,Castelserás,801,31.52
2024,44070,El Castellar,56,50.33
2024,44071,Castellote,663,235.18
2024,44074,Cedrillas,647,73.57
2024,44075,Celadas,329,100.45
2024,44076,Cella,2690,124.68
2024,44077,La Cerollera,77,33.75
2024,44080,La Codoñera,321,20.97
2024,44082,Corbalán,118,82.44
2024,44084,Cortes de Aragón,65,24.43
2024,44085,Cosa,62,54.81
2024,44086,Cretas,570,52.66
2024,44087,Crivillén,91,42.03
2024,44088,La Cuba,50,6.51
2024,44089,Cubla,58,48.63
2024,44090,Cucalón,79,31.93
2024,44092,El Cuervo,95,20.76
2024,44093,Cuevas de Almudén,115,35.85
2024,44094,Cuevas Labradas,136,40.81
2024,44096,Ejulve,169,109.49
2024,44097,Escorihuela,141,56.99
2024,44099,Escucha,772,41.57
2024,44100,Estercuel,203,55.59
2024,44101,Ferreruela de Huerva,78,20.44
2024,44102,Fonfría,35,20.58
2024,44103,Formiche Alto,158,78.17
2024,44105,Fórnoles,72,32.56
2024,44106,Fortanete,216,168.21
2024,44107,Foz-Calanda,281,37.87
2024,44108,La Fresneda,459,39.48
2024,44109,Frías de Albarracín,112,50.79
2024,44110,Fuenferrada,35,24.53
2024,44111,Fuentes Calientes,82,25.01
2024,44112,Fuentes Claras,435,36.91
2024,44113,Fuentes de Rubielos,156,38.91
2024,44114,Fuentespalda,289,39
2024,44115,Galve,144,61.23
2024,44116,Gargallo,87,30.08
2024,44117,Gea de Albarracín,467,57
2024,44118,La Ginebrosa,196,80
2024,44119,Griegos,142,31.77
2024,44120,Guadalaviar,237,28.08
2024,44121,Gúdar,73,60.77
2024,44122,Híjar,1760,165.36
2024,44123,Hinojosa de Jarque,99,36.47
2024,44124,La Hoz de la Vieja,87,43.73
2024,44125,Huesa del Común,57,61.69
2024,44126,La Iglesuela del Cid,377,40.29
2024,44127,Jabaloyas,63,61.73
2024,44128,Jarque de la Val,62,29.23
2024,44129,Jatiel,49,10.84
2024,44130,Jorcas,39,26
2024,44131,Josa,35,28.23
2024,44132,Lagueruela,71,26.32
2024,44133,Lanzuela,24,14.22
2024,44135,Libros,102,37.91
2024,44136,Lidón,56,40
2024,44137,Linares de Mora,233,116.28
2024,44138,Loscos,112,83.99
2024,44141,Lledó,153,15.61
2024,44142,Maicas,35,24.74
2024,44143,Manzanera,539,168.66
2024,44144,Martín del Río,370,54.88
2024,44145,Mas de las Matas,1225,29.99
2024,44146,La Mata de los Olmos,271,23.73
2024,44147,Mazaleón,481,86.25
2024,44148,Mezquita de Jarque,81,31.14
2024,44149,Mirambel,107,45.47
2024,44150,Miravete de la Sierra,32,36.51
2024,44151,Molinos,228,79.61
2024,44152,Monforte de Moyuela,75,47.74
2024,44153,Monreal del Campo,2541,89.05
2024,44154,Monroyo,308,79.23
2024,44155,Montalbán,1165,82.04
2024,44156,Monteagudo del Castillo,43,44.36
2024,44157,Monterde de Albarracín,58,45.21
2024,44158,Mora de Rubielos,1618,166.23
2024,44159,Moscardón,61,26.93
2024,44160,Mosqueruela,544,265.03
2024,44161,Muniesa,572,129
2024,44163,Noguera de Albarracín,130,47.44
2024,44164,Nogueras,32,18.85
2024,44165,Nogueruelas,193,99.49
2024,44167,Obón,31,68.38
2024,44168,Odón,197,74.24
2024,44169,Ojos Negros,328,90.92
2024,44171,Olba,294,20.99
2024,44172,Oliete,367,85.48
2024,44173,Los Olmos,117,43.97
2024,44174,Orihuela del Tremedal,458,71.52
2024,44175,Orrios,119,44.23
2024,44176,Palomar de Arroyos,160,33.62
2024,44177,Pancrudo,113,100.12
2024,44178,Las Parras de Castellote,57,42.13
2024,44179,Peñarroya de Tastavins,460,83.28
2024,44180,Peracense,74,28.66
2024,44181,Peralejos,89,36
2024,44182,Perales del Alfambra,271,104.24
2024,44183,Pitarque,61,54.35
2024,44184,Plou,46,17.21
2024,44185,El Pobo,98,63
2024,44187,La Portellada,241,21.37
2024,44189,Pozondón,54,67.64
2024,44190,Pozuel del Campo,66,27.85
2024,44191,La Puebla de Híjar,934,60.80
2024,44192,La Puebla de Valverde,465,282.76
2024,44193,Puertomingalvo,141,103.62
2024,44194,Ráfales,149,35.61
2024,44195,Rillo,98,53.31
2024,44196,Riodeva,121,34.34
2024,44197,Ródenas,61,44.26
2024,44198,Royuela,225,32
2024,44199,Rubiales,43,27.42
2024,44200,Rubielos de la Cérida,26,66
2024,44201,Rubielos de Mora,615,66
2024,44203,Salcedillo,13,16.89
2024,44204,Saldón,26,28.37
2024,44205,Samper de Calanda,730,142
2024,44206,San Agustín,137,56.57
2024,44207,San Martín del Río,136,16.57
2024,44208,Santa Cruz de Nogueras,24,15.17
2024,44209,Santa Eulalia,1020,80.97
2024,44210,Sarrión,1216,140.44
2024,44211,Segura de los Baños,48,54.15
2024,44212,Seno,38,17.85
2024,44213,Singra,75,36.72
2024,44215,Terriente,210,47.98
2024,44216,Teruel,36713,440.41
2024,44217,Toril y Masegoso,34,30.67
2024,44218,Tormón,31,29.34
2024,44219,Tornos,182,48.95
2024,44220,Torralba de los Sisones,146,44.78
2024,44221,Torrecilla de Alcañiz,436,26.76
2024,44222,Torrecilla del Rebollar,117,63.44
2024,44223,Torre de Arcas,82,34.28
2024,44224,Torre de las Arcas,20,37.17
2024,44225,Torre del Compte,122,19.46
2024,44226,Torrelacárcel,131,35.54
2024,44227,Torre los Negros,80,29.15
2024,44228,Torremocha de Jiloca,103,33.94
2024,44229,Torres de Albarracín,191,28.31
2024,44230,Torrevelilla,182,33.44
2024,44231,Torrijas,36,57.34
2024,44232,Torrijo del Campo,502,44.04
2024,44234,Tramacastiel,58,47.29
2024,44235,Tramacastilla,130,24.81
2024,44236,Tronchón,60,57.11
2024,44237,Urrea de Gaén,440,41.12
2024,44238,Utrillas,3102,39.82
2024,44239,Valacloche,32,15.02
2024,44240,Valbona,192,40.72
2024,44241,Valdealgorfa,580,46.93
2024,44243,Valdecuenca,28,18.64
2024,44244,Valdelinares,75,55.09
2024,44245,Valdeltormo,305,16
2024,44246,Valderrobres,2545,124.04
2024,44247,Valjunquera,328,41.84
2024,44249,El Vallecillo,37,21.59
2024,44250,Veguillas de la Sierra,24,13.67
2024,44251,Villafranca del Campo,296,63.64
2024,44252,Villahermosa del Campo,93,19
2024,44256,Villanueva del Rebollar de la Sierra,48,18.99
2024,44257,Villar del Cobo,162,54.13
2024,44258,Villar del Salz,53,38.69
2024,44260,Villarluengo,163,157.89
2024,44261,Villarquemado,870,56.43
2024,44262,Villarroya de los Pinares,163,66.43
2024,44263,Villastar,551,39.05
2024,44264,Villel,337,85.38
2024,44265,Vinaceite,182,50.07
2024,44266,Visiedo,131,55.53
2024,44267,Vivel del Río Martín,63,51.16
2024,44268,La Zoma,27,14
2025,44001,Ababuj,73,54
2025,44002,Abejuela,62,86.67
2025,44003,Aguatón,18,21.64
2025,44004,Aguaviva,562,42.15
2025,44005,Aguilar del Alfambra,82,39.04
2025,44006,Alacón,204,47
2025,44007,Alba,186,69.53
2025,44008,Albalate del Arzobispo,1936,205.69
2025,44009,Albarracín,998,452.72
2025,44010,Albentosa,290,68
2025,44011,Alcaine,38,57.38
2025,44012,Alcalá de la Selva,382,104.95
2025,44013,Alcañiz,16505,472.12
2025,44014,Alcorisa,3243,121
2025,44016,Alfambra,485,122.44
2025,44017,Aliaga,344,193.08
2025,44018,Almohaja,10,25.55
2025,44019,Alobras,63,30.72
2025,44020,Alpeñés,27,28.62
2025,44021,Allepuz,123,67.26
2025,44022,Alloza,556,81
2025,44023,Allueva,31,18.65
2025,44024,Anadón,35,24.62
2025,44025,Andorra,7223,141.36
2025,44026,Arcos de las Salinas,105,112.99
2025,44027,Arens de Lledó,181,34.27
2025,44028,Argente,204,62.58
2025,44029,Ariño,605,81.93
2025,44031,Azaila,94,81.44
2025,44032,Bádenas,28,31.31
2025,44033,Báguena,278,25.17
2025,44034,Bañón,152,54.27
2025,44035,Barrachina,113,24.86
2025,44036,Bea,30,23.37
2025,44037,Beceite,572,96.72
2025,44038,Belmonte de San José,114,33.99
2025,44039,Bello,204,52.49
2025,44040,Berge,218,42.64
2025,44041,Bezas,73,26.32
2025,44042,Blancas,132,73
2025,44043,Blesa,74,80.39
2025,44044,Bordón,116,29.98
2025,44045,Bronchales,465,59
2025,44046,Bueña,65,40.75
2025,44047,Burbáguena,396,39.02
2025,44048,Cabra de Mora,66,34.31
2025,44049,Calaceite,961,81.33
2025,44050,Calamocha,4655,316.63
2025,44051,Calanda,3745,112.25
2025,44052,Calomarde,76,28.18
2025,44053,Camañas,136,78.67
2025,44054,Camarena de la Sierra,137,79.54
2025,44055,Camarillas,100,50.55
2025,44056,Caminreal,606,44.39
2025,44059,Cantavieja,729,124.56
2025,44060,Cañada de Benatanduz,40,34.89
2025,44061,La Cañada de Verich,72,10.86
2025,44062,Cañada Vellida,36,23
2025,44063,Cañizar del Olivar,112,22.29
2025,44064,Cascante del Río,73,32.38
2025,44065,Castejón de Tornos,64,30.89
2025,44066,Castel de Cabra,79,29.44
2025,44067,Castelnou,94,37.09
2025,44068,Castelserás,804,31.52
2025,44070,El Castellar,54,50.33
2025,44071,Castellote,665,235.18
2025,44074,Cedrillas,652,73.57
2025,44075,Celadas,331,100.45
2025,44076,Cella,2702,124.68
2025,44077,La Cerollera,77,33.75
2025,44080,La Codoñera,312,20.97
2025,44082,Corbalán,117,82.44
2025,44084,Cortes de Aragón,62,24.43
2025,44085,Cosa,63,54.81
2025,44086,Cretas,559,52.66
2025,44087,Crivillén,92,42.03
2025,44088,La Cuba,53,6.51
2025,44089,Cubla,56,48.63
2025,44090,Cucalón,77,31.93
2025,44092,El Cuervo,88,20.76
2025,44093,Cuevas de Almudén,119,35.85
2025,44094,Cuevas Labradas,126,40.81
2025,44096,Ejulve,172,109.49
2025,44097,Escorihuela,130,56.99
2025,44099,Escucha,788,41.57
2025,44100,Estercuel,198,55.59
2025,44101,Ferreruela de Huerva,81,20.44
2025,44102,Fonfría,35,20.58
2025,44103,Formiche Alto,156,78.17
2025,44105,Fórnoles,71,32.56
2025,44106,Fortanete,195,168.21
2025,44107,Foz-Calanda,272,37.87
2025,44108,La Fresneda,459,39.48
2025,44109,Frías de Albarracín,109,50.79
2025,44110,Fuenferrada,38,24.53
2025,44111,Fuentes Calientes,89,25.01
2025,44112,Fuentes Claras,428,36.91
2025,44113,Fuentes de Rubielos,148,38.91
2025,44114,Fuentespalda,305,39
2025,44115,Galve,149,61.23
2025,44116,Gargallo,88,30.08
2025,44117,Gea de Albarracín,459,57
2025,44118,La Ginebrosa,188,80
2025,44119,Griegos,154,31.77
2025,44120,Guadalaviar,238,28.08
2025,44121,Gúdar,73,60.77
2025,44122,Híjar,1766,165.36
2025,44123,Hinojosa de Jarque,104,36.47
2025,44124,La Hoz de la Vieja,85,43.73
2025,44125,Huesa del Común,55,61.69
2025,44126,La Iglesuela del Cid,357,40.29
2025,44127,Jabaloyas,66,61.73
2025,44128,Jarque de la Val,66,29.23
2025,44129,Jatiel,48,10.84
2025,44130,Jorcas,42,26
2025,44131,Josa,34,28.23
2025,44132,Lagueruela,73,26.32
2025,44133,Lanzuela,24,14.22
2025,44135,Libros,102,37.91
2025,44136,Lidón,56,40
2025,44137,Linares de Mora,242,116.28
2025,44138,Loscos,121,83.99
2025,44141,Lledó,150,15.61
2025,44142,Maicas,35,24.74
2025,44143,Manzanera,530,168.66
2025,44144,Martín del Río,367,54.88
2025,44145,Mas de las Matas,1230,29.99
2025,44146,La Mata de los Olmos,255,23.73
2025,44147,Mazaleón,474,86.25
2025,44148,Mezquita de Jarque,83,31.14
2025,44149,Mirambel,110,45.47
2025,44150,Miravete de la Sierra,31,36.51
2025,44151,Molinos,232,79.61
2025,44152,Monforte de Moyuela,84,47.74
2025,44153,Monreal del Campo,2578,89.05
2025,44154,Monroyo,324,79.23
2025,44155,Montalbán,1162,82.04
2025,44156,Monteagudo del Castillo,43,44.36
2025,44157,Monterde de Albarracín,62,45.21
2025,44158,Mora de Rubielos,1752,166.23
2025,44159,Moscardón,62,26.93
2025,44160,Mosqueruela,563,265.03
2025,44161,Muniesa,575,129
2025,44163,Noguera de Albarracín,131,47.44
2025,44164,Nogueras,36,18.85
2025,44165,Nogueruelas,188,99.49
2025,44167,Obón,35,68.38
2025,44168,Odón,191,74.24
2025,44169,Ojos Negros,321,90.92
2025,44171,Olba,286,20.99
2025,44172,Oliete,351,85.48
2025,44173,Los Olmos,111,43.97
2025,44174,Orihuela del Tremedal,450,71.52
2025,44175,Orrios,112,44.23
2025,44176,Palomar de Arroyos,166,33.62
2025,44177,Pancrudo,118,100.12
2025,44178,Las Parras de Castellote,61,42.13
2025,44179,Peñarroya de Tastavins,467,83.28
2025,44180,Peracense,68,28.66
2025,44181,Peralejos,89,36
2025,44182,Perales del Alfambra,293,104.24
2025,44183,Pitarque,62,54.35
2025,44184,Plou,42,17.21
2025,44185,El Pobo,97,63
2025,44187,La Portellada,249,21.37
2025,44189,Pozondón,53,67.64
2025,44190,Pozuel del Campo,76,27.85
2025,44191,La Puebla de Híjar,935,60.80
2025,44192,La Puebla de Valverde,485,282.76
2025,44193,Puertomingalvo,135,103.62
2025,44194,Ráfales,149,35.61
2025,44195,Rillo,95,53.31
2025,44196,Riodeva,113,34.34
2025,44197,Ródenas,57,44.26
2025,44198,Royuela,229,32
2025,44199,Rubiales,43,27.42
2025,44200,Rubielos de la Cérida,20,66
2025,44201,Rubielos de Mora,600,66
2025,44203,Salcedillo,14,16.89
2025,44204,Saldón,32,28.37
2025,44205,Samper de Calanda,734,142
2025,44206,San Agustín,132,56.57
2025,44207,San Martín del Río,135,16.57
2025,44208,Santa Cruz de Nogueras,24,15.17
2025,44209,Santa Eulalia,1004,80.97
2025,44210,Sarrión,1261,140.44
2025,44211,Segura de los Baños,55,54.15
2025,44212,Seno,39,17.85
2025,44213,Singra,76,36.72
2025,44215,Terriente,198,47.98
2025,44216,Teruel,36655,440.41
2025,44217,Toril y Masegoso,31,30.67
2025,44218,Tormón,29,29.34
2025,44219,Tornos,175,48.95
2025,44220,Torralba de los Sisones,145,44.78
2025,44221,Torrecilla de Alcañiz,436,26.76
2025,44222,Torrecilla del Rebollar,114,63.44
2025,44223,Torre de Arcas,76,34.28
2025,44224,Torre de las Arcas,19,37.17
2025,44225,Torre del Compte,120,19.46
2025,44226,Torrelacárcel,131,35.54
2025,44227,Torre los Negros,77,29.15
2025,44228,Torremocha de Jiloca,115,33.94
2025,44229,Torres de Albarracín,187,28.31
2025,44230,Torrevelilla,161,33.44
2025,44231,Torrijas,36,57.34
2025,44232,Torrijo del Campo,501,44.04
2025,44234,Tramacastiel,62,47.29
2025,44235,Tramacastilla,133,24.81
2025,44236,Tronchón,56,57.11
2025,44237,Urrea de Gaén,455,41.12
2025,44238,Utrillas,3069,39.82
2025,44239,Valacloche,33,15.02
2025,44240,Valbona,187,40.72
2025,44241,Valdealgorfa,581,46.93
2025,44243,Valdecuenca,33,18.64
2025,44244,Valdelinares,82,55.09
2025,44245,Valdeltormo,304,16
2025,44246,Valderrobres,2555,124.04
2025,44247,Valjunquera,336,41.84
2025,44249,El Vallecillo,40,21.59
2025,44250,Veguillas de la Sierra,27,13.67
2025,44251,Villafranca del Campo,290,63.64
2025,44252,Villahermosa del Campo,91,19
2025,44256,Villanueva del Rebollar de la Sierra,49,18.99
2025,44257,Villar del Cobo,158,54.13
2025,44258,Villar del Salz,58,38.69
2025,44260,Villarluengo,159,157.89
2025,44261,Villarquemado,901,56.43
2025,44262,Villarroya de los Pinares,160,66.43
2025,44263,Villastar,566,39.05
2025,44264,Villel,336,85.38
2025,44265,Vinaceite,176,50.07
2025,44266,Visiedo,132,55.53
2025,44267,Vivel del Río Martín,63,51.16
2025,44268,La Zoma,28,14
