year,cp,name,population
1900,44001,Ababuj,459
1900,44002,Abejuela,698
1900,44003,Aguatón,181
1900,44004,Aguaviva,1781
1900,44005,Aguilar del Alfambra,524
1900,44006,Alacón,931
1900,44007,Alba,634
1900,44008,Albalate del Arzobispo,4291
1900,44009,Albarracín,1932
1900,44010,Albentosa,1003
1900,44011,Alcaine,1103
1900,44012,Alcalá de la Selva,1648
1900,44013,Alcañiz,7699
1900,44014,Alcorisa,3119
1900,44016,Alfambra,1355
1900,44017,Aliaga,1754
1900,44018,Almohaja,243
1900,44019,Alobras,546
1900,44020,Alpeñés,224
1900,44021,Allepuz,1040
1900,44022,Alloza,1773
1900,44023,Allueva,216
1900,44024,Anadón,355
1900,44025,Andorra,2704
1900,44026,Arcos de las Salinas,1353
1900,44027,Arens de Lledó,759
1900,44028,Argente,716
1900,44029,Ariño,1366
1900,44031,Azaila,742
1900,44032,Bádenas,454
1900,44033,Báguena,1420
1900,44034,Bañón,693
1900,44035,Barrachina,697
1900,44036,Bea,170
1900,44037,Beceite,2252
1900,44038,Belmonte de San José,817
1900,44039,Bello,989
1900,44040,Berge,816
1900,44041,Bezas,357
1900,44042,Blancas,859
1900,44043,Blesa,1325
1900,44044,Bordón,586
1900,44045,Bronchales,950
1900,44046,Bueña,352
1900,44047,Burbáguena,1350
1900,44048,Cabra de Mora,563
1900,44049,Calaceite,2579
1900,44050,Calamocha,6017
1900,44051,Calanda,3924
1900,44052,Calomarde,422
1900,44053,Camañas,450
1900,44054,Camarena de la Sierra,882
1900,44055,Camarillas,816
1900,44056,Caminreal,1349
1900,44059,Cantavieja,1962
1900,44060,Cañada de Benatanduz,642
1900,44061,La Cañada de Verich,287
1900,44062,Cañada Vellida,201
1900,44063,Cañizar del Olivar,507
1900,44064,Cascante del Río,574
1900,44065,Castejón de Tornos,475
1900,44066,Castel de Cabra,623
1900,44067,Castelnou,680
1900,44068,Castelserás,2177
1900,44070,El Castellar,489
1900,44071,Castellote,5122
1900,44074,Cedrillas,957
1900,44075,Celadas,876
1900,44076,Cella,2567
1900,44077,La Cerollera,450
1900,44080,La Codoñera,1342
1900,44082,Corbalán,484
1900,44084,Cortes de Aragón,492
1900,44085,Cosa,385
1900,44086,Cretas,1562
1900,44087,Crivillén,937
1900,44088,La Cuba,357
1900,44089,Cubla,363
1900,44090,Cucalón,525
1900,44092,El Cuervo,576
1900,44093,Cuevas de Almudén,243
1900,44094,Cuevas Labradas,401
1900,44096,Ejulve,1291
1900,44097,Escorihuela,493
1900,44099,Escucha,707
1900,44100,Estercuel,964
1900,44101,Ferreruela de Huerva,262
1900,44102,Fonfría,205
1900,44103,Formiche Alto,1029
1900,44105,Fórnoles,742
1900,44106,Fortanete,1570
1900,44107,Foz-Calanda,786
1900,44108,La Fresneda,1799
1900,44109,Frías de Albarracín,665
1900,44110,Fuenferrada,402
1900,44111,Fuentes Calientes,243
1900,44112,Fuentes Claras,1123
1900,44113,Fuentes de Rubielos,895
1900,44114,Fuentespalda,927
1900,44115,Galve,468
1900,44116,Gargallo,644
1900,44117,Gea de Albarracín,1168
1900,44118,La Ginebrosa,1116
1900,44119,Griegos,415
1900,44120,Guadalaviar,492
1900,44121,Gúdar,730
1900,44122,Híjar,3330
1900,44123,Hinojosa de Jarque,546
1900,44124,La Hoz de la Vieja,924
1900,44125,Huesa del Común,1284
1900,44126,La Iglesuela del Cid,1485
1900,44127,Jabaloyas,934
1900,44128,Jarque de la Val,277
1900,44129,Jatiel,255
1900,44130,Jorcas,462
1900,44131,Josa,615
1900,44132,Lagueruela,252
1900,44133,Lanzuela,243
1900,44135,Libros,607
1900,44136,Lidón,308
1900,44137,Linares de Mora,1592
1900,44138,Loscos,1507
1900,44141,Lledó,580
1900,44142,Maicas,391
1900,44143,Manzanera,2750
1900,44144,Martín del Río,729
1900,44145,Mas de las Matas,1981
1900,44146,La Mata de los Olmos,458
1900,44147,Mazaleón,1403
1900,44148,Mezquita de Jarque,327
1900,44149,Mirambel,835
1900,44150,Miravete de la Sierra,486
1900,44151,Molinos,1405
1900,44152,Monforte de Moyuela,694
1900,44153,Monreal del Campo,2330
1900,44154,Monroyo,1284
1900,44155,Montalbán,2020
1900,44156,Monteagudo del Castillo,489
1900,44157,Monterde de Albarracín,488
1900,44158,Mora de Rubielos,3213
1900,44159,Moscardón,494
1900,44160,Mosqueruela,3103
1900,44161,Muniesa,1860
1900,44163,Noguera de Albarracín,489
1900,44164,Nogueras,359
1900,44165,Nogueruelas,1156
1900,44167,Obón,1257
1900,44168,Odón,974
1900,44169,Ojos Negros,1436
1900,44171,Olba,1802
1900,44172,Oliete,2146
1900,44173,Los Olmos,600
1900,44174,Orihuela del Tremedal,945
1900,44175,Orrios,430
1900,44176,Palomar de Arroyos,612
1900,44177,Pancrudo,1000
1900,44178,Las Parras de Castellote,1107
1900,44179,Peñarroya de Tastavins,1702
1900,44180,Peracense,385
1900,44181,Peralejos,286
1900,44182,Perales del Alfambra,817
1900,44183,Pitarque,938
1900,44184,Plou,529
1900,44185,El Pobo,497
1900,44187,La Portellada,860
1900,44189,Pozondón,539
1900,44190,Pozuel del Campo,598
1900,44191,La Puebla de Híjar,1921
1900,44192,La Puebla de Valverde,1982
1900,44193,Puertomingalvo,1271
1900,44194,Ráfales,859
1900,44195,Rillo,502
1900,44196,Riodeva,716
1900,44197,Ródenas,415
1900,44198,Royuela,459
1900,44199,Rubiales,290
1900,44200,Rubielos de la Cérida,501
1900,44201,Rubielos de Mora,2284
1900,44203,Salcedillo,155
1900,44204,Saldón,435
1900,44205,Samper de Calanda,2647
1900,44206,San Agustín,1204
1900,44207,San Martín del Río,1330
1900,44208,Santa Cruz de Nogueras,346
1900,44209,Santa Eulalia,1164
1900,44210,Sarrión,2233
1900,44211,Segura de los Baños,795
1900,44212,Seno,453
1900,44213,Singra,399
1900,44215,Terriente,1109
1900,44216,Teruel,12745
1900,44217,Toril y Masegoso,366
1900,44218,Tormón,303
1900,44219,Tornos,578
1900,44220,Torralba de los Sisones,608
1900,44221,Torrecilla de Alcañiz,1105
1900,44222,Torrecilla del Rebollar,891
1900,44223,Torre de Arcas,485
1900,44224,Torre de las Arcas,545
1900,44225,Torre del Compte,748
1900,44226,Torrelacárcel,521
1900,44227,Torre los Negros,456
1900,44228,Torremocha de Jiloca,420
1900,44229,Torres de Albarracín,591
1900,44230,Torrevelilla,776
1900,44231,Torrijas,689
1900,44232,Torrijo del Campo,1308
1900,44234,Tramacastiel,668
1900,44235,Tramacastilla,455
1900,44236,Tronchón,997
1900,44237,Urrea de Gaén,1195
1900,44238,Utrillas,712
1900,44239,Valacloche,219
1900,44240,Valbona,675
1900,44241,Valdealgorfa,1665
1900,44243,Valdecuenca,320
1900,44244,Valdelinares,825
1900,44245,Valdeltormo,699
1900,44246,Valderrobres,3058
1900,44247,Valjunquera,1225
1900,44249,El Vallecillo,467
1900,44250,Veguillas de la Sierra,292
1900,44251,Villafranca del Campo,988
1900,44252,Villahermosa del Campo,236
1900,44256,Villanueva del Rebollar de la Sierra,309
1900,44257,Villar del Cobo,596
1900,44258,Villar del Salz,412
1900,44260,Villarluengo,2128
1900,44261,Villarquemado,872
1900,44262,Villarroya de los Pinares,1095
1900,44263,Villastar,737
1900,44264,Villel,1182
1900,44265,Vinaceite,544
1900,44266,Visiedo,656
1900,44267,Vivel del Río Martín,946
1900,44268,La Zoma,181
1910,44001,Ababuj,458
1910,44002,Abejuela,711
1910,44003,Aguatón,185
1910,44004,Aguaviva,1793
1910,44005,Aguilar del Alfambra,496
1910,44006,Alacón,1007
1910,44007,Alba,694
1910,44008,Albalate del Arzobispo,4537
1910,44009,Albarracín,1752
1910,44010,Albentosa,1038
1910,44011,Alcaine,1347
1910,44012,Alcalá de la Selva,1647
1910,44013,Alcañiz,8397
1910,44014,Alcorisa,3575
1910,44016,Alfambra,1340
1910,44017,Aliaga,1799
1910,44018,Almohaja,271
1910,44019,Alobras,561
1910,44020,Alpeñés,241
1910,44021,Allepuz,1014
1910,44022,Alloza,1926
1910,44023,Allueva,208
1910,44024,Anadón,391
1910,44025,Andorra,2979
1910,44026,Arcos de las Salinas,1280
1910,44027,Arens de Lledó,766
1910,44028,Argente,710
1910,44029,Ariño,1506
1910,44031,Azaila,778
1910,44032,Bádenas,451
1910,44033,Báguena,1402
1910,44034,Bañón,720
1910,44035,Barrachina,722
1910,44036,Bea,167
1910,44037,Beceite,1902
1910,44038,Belmonte de San José,820
1910,44039,Bello,1145
1910,44040,Berge,804
1910,44041,Bezas,336
1910,44042,Blancas,921
1910,44043,Blesa,1430
1910,44044,Bordón,527
1910,44045,Bronchales,991
1910,44046,Bueña,368
1910,44047,Burbáguena,1168
1910,44048,Cabra de Mora,538
1910,44049,Calaceite,2777
1910,44050,Calamocha,6385
1910,44051,Calanda,4286
1910,44052,Calomarde,431
1910,44053,Camañas,500
1910,44054,Camarena de la Sierra,881
1910,44055,Camarillas,782
1910,44056,Caminreal,1420
1910,44059,Cantavieja,2049
1910,44060,Cañada de Benatanduz,611
1910,44061,La Cañada de Verich,318
1910,44062,Cañada Vellida,192
1910,44063,Cañizar del Olivar,579
1910,44064,Cascante del Río,612
1910,44065,Castejón de Tornos,492
1910,44066,Castel de Cabra,603
1910,44067,Castelnou,549
1910,44068,Castelserás,2154
1910,44070,El Castellar,491
1910,44071,Castellote,5398
1910,44074,Cedrillas,987
1910,44075,Celadas,883
1910,44076,Cella,2751
1910,44077,La Cerollera,465
1910,44080,La Codoñera,1099
1910,44082,Corbalán,480
1910,44084,Cortes de Aragón,531
1910,44085,Cosa,415
1910,44086,Cretas,1698
1910,44087,Crivillén,997
1910,44088,La Cuba,396
1910,44089,Cubla,309
1910,44090,Cucalón,523
1910,44092,El Cuervo,481
1910,44093,Cuevas de Almudén,233
1910,44094,Cuevas Labradas,401
1910,44096,Ejulve,1413
1910,44097,Escorihuela,546
1910,44099,Escucha,751
1910,44100,Estercuel,1256
1910,44101,Ferreruela de Huerva,293
1910,44102,Fonfría,189
1910,44103,Formiche Alto,942
1910,44105,Fórnoles,753
1910,44106,Fortanete,1406
1910,44107,Foz-Calanda,764
1910,44108,La Fresneda,1915
1910,44109,Frías de Albarracín,696
1910,44110,Fuenferrada,407
1910,44111,Fuentes Calientes,253
1910,44112,Fuentes Claras,1179
1910,44113,Fuentes de Rubielos,882
1910,44114,Fuentespalda,938
1910,44115,Galve,450
1910,44116,Gargallo,609
1910,44117,Gea de Albarracín,1110
1910,44118,La Ginebrosa,1152
1910,44119,Griegos,429
1910,44120,Guadalaviar,562
1910,44121,Gúdar,689
1910,44122,Híjar,3776
1910,44123,Hinojosa de Jarque,521
1910,44124,La Hoz de la Vieja,975
1910,44125,Huesa del Común,1432
1910,44126,La Iglesuela del Cid,1486
1910,44127,Jabaloyas,959
1910,44128,Jarque de la Val,290
1910,44129,Jatiel,252
1910,44130,Jorcas,429
1910,44131,Josa,646
1910,44132,Lagueruela,294
1910,44133,Lanzuela,224
1910,44135,Libros,755
1910,44136,Lidón,316
1910,44137,Linares de Mora,1679
1910,44138,Loscos,1522
1910,44141,Lledó,629
1910,44142,Maicas,440
1910,44143,Manzanera,2985
1910,44144,Martín del Río,825
1910,44145,Mas de las Matas,2223
1910,44146,La Mata de los Olmos,467
1910,44147,Mazaleón,1443
1910,44148,Mezquita de Jarque,319
1910,44149,Mirambel,851
1910,44150,Miravete de la Sierra,496
1910,44151,Molinos,1410
1910,44152,Monforte de Moyuela,745
1910,44153,Monreal del Campo,2606
1910,44154,Monroyo,1311
1910,44155,Montalbán,2229
1910,44156,Monteagudo del Castillo,476
1910,44157,Monterde de Albarracín,505
1910,44158,Mora de Rubielos,3101
1910,44159,Moscardón,496
1910,44160,Mosqueruela,3140
1910,44161,Muniesa,1917
1910,44163,Noguera de Albarracín,493
1910,44164,Nogueras,380
1910,44165,Nogueruelas,1244
1910,44167,Obón,1343
1910,44168,Odón,925
1910,44169,Ojos Negros,2573
1910,44171,Olba,1743
1910,44172,Oliete,2533
1910,44173,Los Olmos,586
1910,44174,Orihuela del Tremedal,897
1910,44175,Orrios,418
1910,44176,Palomar de Arroyos,654
1910,44177,Pancrudo,1013
1910,44178,Las Parras de Castellote,1201
1910,44179,Peñarroya de Tastavins,1608
1910,44180,Peracense,419
1910,44181,Peralejos,272
1910,44182,Perales del Alfambra,778
1910,44183,Pitarque,883
1910,44184,Plou,574
1910,44185,El Pobo,556
1910,44187,La Portellada,815
1910,44189,Pozondón,592
1910,44190,Pozuel del Campo,603
1910,44191,La Puebla de Híjar,2360
1910,44192,La Puebla de Valverde,2193
1910,44193,Puertomingalvo,1406
1910,44194,Ráfales,900
1910,44195,Rillo,447
1910,44196,Riodeva,697
1910,44197,Ródenas,487
1910,44198,Royuela,476
1910,44199,Rubiales,269
1910,44200,Rubielos de la Cérida,472
1910,44201,Rubielos de Mora,2388
1910,44203,Salcedillo,159
1910,44204,Saldón,479
1910,44205,Samper de Calanda,2815
1910,44206,San Agustín,1240
1910,44207,San Martín del Río,983
1910,44208,Santa Cruz de Nogueras,367
1910,44209,Santa Eulalia,1469
1910,44210,Sarrión,2390
1910,44211,Segura de los Baños,840
1910,44212,Seno,455
1910,44213,Singra,435
1910,44215,Terriente,1145
1910,44216,Teruel,15832
1910,44217,Toril y Masegoso,362
1910,44218,Tormón,267
1910,44219,Tornos,584
1910,44220,Torralba de los Sisones,623
1910,44221,Torrecilla de Alcañiz,1128
1910,44222,Torrecilla del Rebollar,849
1910,44223,Torre de Arcas,463
1910,44224,Torre de las Arcas,551
1910,44225,Torre del Compte,790
1910,44226,Torrelacárcel,635
1910,44227,Torre los Negros,462
1910,44228,Torremocha de Jiloca,458
1910,44229,Torres de Albarracín,599
1910,44230,Torrevelilla,890
1910,44231,Torrijas,620
1910,44232,Torrijo del Campo,1379
1910,44234,Tramacastiel,608
1910,44235,Tramacastilla,409
1910,44236,Tronchón,991
1910,44237,Urrea de Gaén,1258
1910,44238,Utrillas,1196
1910,44239,Valacloche,219
1910,44240,Valbona,765
1910,44241,Valdealgorfa,1819
1910,44243,Valdecuenca,388
1910,44244,Valdelinares,816
1910,44245,Valdeltormo,774
1910,44246,Valderrobres,3262
1910,44247,Valjunquera,1297
1910,44249,El Vallecillo,510
1910,44250,Veguillas de la Sierra,272
1910,44251,Villafranca del Campo,1027
1910,44252,Villahermosa del Campo,248
1910,44256,Villanueva del Rebollar de la Sierra,314
1910,44257,Villar del Cobo,648
1910,44258,Villar del Salz,644
1910,44260,Villarluengo,1968
1910,44261,Villarquemado,998
1910,44262,Villarroya de los Pinares,942
1910,44263,Villastar,731
1910,44264,Villel,1210
1910,44265,Vinaceite,654
1910,44266,Visiedo,593
1910,44267,Vivel del Río Martín,981
1910,44268,La Zoma,167
1920,44001,Ababuj,409
1920,44002,Abejuela,696
1920,44003,Aguatón,179
1920,44004,Aguaviva,1761
1920,44005,Aguilar del Alfambra,536
1920,44006,Alacón,1070
1920,44007,Alba,732
1920,44008,Albalate del Arzobispo,4726
1920,44009,Albarracín,1780
1920,44010,Albentosa,1168
1920,44011,Alcaine,1108
1920,44012,Alcalá de la Selva,1667
1920,44013,Alcañiz,8596
1920,44014,Alcorisa,3654
1920,44016,Alfambra,1399
1920,44017,Aliaga,1638
1920,44018,Almohaja,258
1920,44019,Alobras,533
1920,44020,Alpeñés,248
1920,44021,Allepuz,941
1920,44022,Alloza,1882
1920,44023,Allueva,220
1920,44024,Anadón,349
1920,44025,Andorra,3084
1920,44026,Arcos de las Salinas,1160
1920,44027,Arens de Lledó,725
1920,44028,Argente,699
1920,44029,Ariño,1555
1920,44031,Azaila,777
1920,44032,Bádenas,368
1920,44033,Báguena,1430
1920,44034,Bañón,676
1920,44035,Barrachina,658
1920,44036,Bea,186
1920,44037,Beceite,1965
1920,44038,Belmonte de San José,745
1920,44039,Bello,1275
1920,44040,Berge,743
1920,44041,Bezas,368
1920,44042,Blancas,965
1920,44043,Blesa,1392
1920,44044,Bordón,567
1920,44045,Bronchales,1110
1920,44046,Bueña,419
1920,44047,Burbáguena,1227
1920,44048,Cabra de Mora,463
1920,44049,Calaceite,2899
1920,44050,Calamocha,7099
1920,44051,Calanda,4251
1920,44052,Calomarde,382
1920,44053,Camañas,445
1920,44054,Camarena de la Sierra,900
1920,44055,Camarillas,717
1920,44056,Caminreal,1649
1920,44059,Cantavieja,2005
1920,44060,Cañada de Benatanduz,522
1920,44061,La Cañada de Verich,274
1920,44062,Cañada Vellida,211
1920,44063,Cañizar del Olivar,503
1920,44064,Cascante del Río,576
1920,44065,Castejón de Tornos,518
1920,44066,Castel de Cabra,530
1920,44067,Castelnou,505
1920,44068,Castelserás,2186
1920,44070,El Castellar,489
1920,44071,Castellote,4890
1920,44074,Cedrillas,1029
1920,44075,Celadas,907
1920,44076,Cella,3197
1920,44077,La Cerollera,415
1920,44080,La Codoñera,1223
1920,44082,Corbalán,469
1920,44084,Cortes de Aragón,519
1920,44085,Cosa,419
1920,44086,Cretas,1801
1920,44087,Crivillén,845
1920,44088,La Cuba,376
1920,44089,Cubla,327
1920,44090,Cucalón,515
1920,44092,El Cuervo,567
1920,44093,Cuevas de Almudén,252
1920,44094,Cuevas Labradas,393
1920,44096,Ejulve,1352
1920,44097,Escorihuela,537
1920,44099,Escucha,806
1920,44100,Estercuel,1152
1920,44101,Ferreruela de Huerva,297
1920,44102,Fonfría,207
1920,44103,Formiche Alto,962
1920,44105,Fórnoles,792
1920,44106,Fortanete,1355
1920,44107,Foz-Calanda,710
1920,44108,La Fresneda,2008
1920,44109,Frías de Albarracín,672
1920,44110,Fuenferrada,339
1920,44111,Fuentes Calientes,268
1920,44112,Fuentes Claras,1178
1920,44113,Fuentes de Rubielos,871
1920,44114,Fuentespalda,821
1920,44115,Galve,407
1920,44116,Gargallo,614
1920,44117,Gea de Albarracín,1076
1920,44118,La Ginebrosa,991
1920,44119,Griegos,481
1920,44120,Guadalaviar,631
1920,44121,Gúdar,657
1920,44122,Híjar,3850
1920,44123,Hinojosa de Jarque,510
1920,44124,La Hoz de la Vieja,977
1920,44125,Huesa del Común,1223
1920,44126,La Iglesuela del Cid,1430
1920,44127,Jabaloyas,708
1920,44128,Jarque de la Val,338
1920,44129,Jatiel,257
1920,44130,Jorcas,384
1920,44131,Josa,526
1920,44132,Lagueruela,283
1920,44133,Lanzuela,238
1920,44135,Libros,794
1920,44136,Lidón,345
1920,44137,Linares de Mora,1515
1920,44138,Loscos,1461
1920,44141,Lledó,543
1920,44142,Maicas,390
1920,44143,Manzanera,2368
1920,44144,Martín del Río,882
1920,44145,Mas de las Matas,2142
1920,44146,La Mata de los Olmos,445
1920,44147,Mazaleón,1627
1920,44148,Mezquita de Jarque,326
1920,44149,Mirambel,791
1920,44150,Miravete de la Sierra,399
1920,44151,Molinos,1150
1920,44152,Monforte de Moyuela,740
1920,44153,Monreal del Campo,2737
1920,44154,Monroyo,1184
1920,44155,Montalbán,2339
1920,44156,Monteagudo del Castillo,531
1920,44157,Monterde de Albarracín,531
1920,44158,Mora de Rubielos,2898
1920,44159,Moscardón,503
1920,44160,Mosqueruela,3010
1920,44161,Muniesa,2112
1920,44163,Noguera de Albarracín,583
1920,44164,Nogueras,333
1920,44165,Nogueruelas,1006
1920,44167,Obón,1130
1920,44168,Odón,958
1920,44169,Ojos Negros,2114
1920,44171,Olba,1793
1920,44172,Oliete,2327
1920,44173,Los Olmos,518
1920,44174,Orihuela del Tremedal,1052
1920,44175,Orrios,409
1920,44176,Palomar de Arroyos,612
1920,44177,Pancrudo,1097
1920,44178,Las Parras de Castellote,985
1920,44179,Peñarroya de Tastavins,1600
1920,44180,Peracense,431
1920,44181,Peralejos,279
1920,44182,Perales del Alfambra,848
1920,44183,Pitarque,889
1920,44184,Plou,493
1920,44185,El Pobo,553
1920,44187,La Portellada,823
1920,44189,Pozondón,595
1920,44190,Pozuel del Campo,602
1920,44191,La Puebla de Híjar,2724
1920,44192,La Puebla de Valverde,2242
1920,44193,Puertomingalvo,1421
1920,44194,Ráfales,907
1920,44195,Rillo,527
1920,44196,Riodeva,765
1920,44197,Ródenas,503
1920,44198,Royuela,482
1920,44199,Rubiales,254
1920,44200,Rubielos de la Cérida,474
1920,44201,Rubielos de Mora,2129
1920,44203,Salcedillo,134
1920,44204,Saldón,470
1920,44205,Samper de Calanda,2626
1920,44206,San Agustín,1477
1920,44207,San Martín del Río,919
1920,44208,Santa Cruz de Nogueras,345
1920,44209,Santa Eulalia,2140
1920,44210,Sarrión,2396
1920,44211,Segura de los Baños,754
1920,44212,Seno,389
1920,44213,Singra,455
1920,44215,Terriente,1135
1920,44216,Teruel,15145
1920,44217,Toril y Masegoso,344
1920,44218,Tormón,310
1920,44219,Tornos,740
1920,44220,Torralba de los Sisones,609
1920,44221,Torrecilla de Alcañiz,1087
1920,44222,Torrecilla del Rebollar,918
1920,44223,Torre de Arcas,524
1920,44224,Torre de las Arcas,521
1920,44225,Torre del Compte,848
1920,44226,Torrelacárcel,705
1920,44227,Torre los Negros,496
1920,44228,Torremocha de Jiloca,512
1920,44229,Torres de Albarracín,540
1920,44230,Torrevelilla,798
1920,44231,Torrijas,571
1920,44232,Torrijo del Campo,1443
1920,44234,Tramacastiel,600
1920,44235,Tramacastilla,387
1920,44236,Tronchón,880
1920,44237,Urrea de Gaén,1372
1920,44238,Utrillas,1381
1920,44239,Valacloche,238
1920,44240,Valbona,709
1920,44241,Valdealgorfa,1882
1920,44243,Valdecuenca,432
1920,44244,Valdelinares,724
1920,44245,Valdeltormo,831
1920,44246,Valderrobres,3197
1920,44247,Valjunquera,1322
1920,44249,El Vallecillo,442
1920,44250,Veguillas de la Sierra,211
1920,44251,Villafranca del Campo,1098
1920,44252,Villahermosa del Campo,274
1920,44256,Villanueva del Rebollar de la Sierra,330
1920,44257,Villar del Cobo,586
1920,44258,Villar del Salz,466
1920,44260,Villarluengo,1733
1920,44261,Villarquemado,1310
1920,44262,Villarroya de los Pinares,875
1920,44263,Villastar,719
1920,44264,Villel,1282
1920,44265,Vinaceite,653
1920,44266,Visiedo,620
1920,44267,Vivel del Río Martín,956
1920,44268,La Zoma,160
1930,44001,Ababuj,373
1930,44002,Abejuela,597
1930,44003,Aguatón,194
1930,44004,Aguaviva,1863
1930,44005,Aguilar del Alfambra,494
1930,44006,Alacón,1038
1930,44007,Alba,786
1930,44008,Albalate del Arzobispo,4640
1930,44009,Albarracín,1688
1930,44010,Albentosa,1195
1930,44011,Alcaine,968
1930,44012,Alcalá de la Selva,1648
1930,44013,Alcañiz,8961
1930,44014,Alcorisa,3809
1930,44016,Alfambra,1586
1930,44017,Aliaga,1578
1930,44018,Almohaja,218
1930,44019,Alobras,449
1930,44020,Alpeñés,226
1930,44021,Allepuz,893
1930,44022,Alloza,1651
1930,44023,Allueva,254
1930,44024,Anadón,366
1930,44025,Andorra,3195
1930,44026,Arcos de las Salinas,971
1930,44027,Arens de Lledó,660
1930,44028,Argente,724
1930,44029,Ariño,1329
1930,44031,Azaila,672
1930,44032,Bádenas,326
1930,44033,Báguena,1474
1930,44034,Bañón,766
1930,44035,Barrachina,655
1930,44036,Bea,194
1930,44037,Beceite,1761
1930,44038,Belmonte de San José,626
1930,44039,Bello,1435
1930,44040,Berge,677
1930,44041,Bezas,388
1930,44042,Blancas,1059
1930,44043,Blesa,1359
1930,44044,Bordón,579
1930,44045,Bronchales,1039
1930,44046,Bueña,439
1930,44047,Burbáguena,1282
1930,44048,Cabra de Mora,418
1930,44049,Calaceite,2751
1930,44050,Calamocha,7647
1930,44051,Calanda,4052
1930,44052,Calomarde,377
1930,44053,Camañas,516
1930,44054,Camarena de la Sierra,787
1930,44055,Camarillas,677
1930,44056,Caminreal,1691
1930,44059,Cantavieja,1866
1930,44060,Cañada de Benatanduz,490
1930,44061,La Cañada de Verich,225
1930,44062,Cañada Vellida,201
1930,44063,Cañizar del Olivar,385
1930,44064,Cascante del Río,584
1930,44065,Castejón de Tornos,537
1930,44066,Castel de Cabra,548
1930,44067,Castelnou,492
1930,44068,Castelserás,2087
1930,44070,El Castellar,471
1930,44071,Castellote,4400
1930,44074,Cedrillas,1034
1930,44075,Celadas,962
1930,44076,Cella,3685
1930,44077,La Cerollera,341
1930,44080,La Codoñera,982
1930,44082,Corbalán,510
1930,44084,Cortes de Aragón,537
1930,44085,Cosa,490
1930,44086,Cretas,1704
1930,44087,Crivillén,762
1930,44088,La Cuba,339
1930,44089,Cubla,377
1930,44090,Cucalón,567
1930,44092,El Cuervo,502
1930,44093,Cuevas de Almudén,251
1930,44094,Cuevas Labradas,394
1930,44096,Ejulve,1139
1930,44097,Escorihuela,604
1930,44099,Escucha,773
1930,44100,Estercuel,1088
1930,44101,Ferreruela de Huerva,323
1930,44102,Fonfría,214
1930,44103,Formiche Alto,853
1930,44105,Fórnoles,739
1930,44106,Fortanete,1301
1930,44107,Foz-Calanda,713
1930,44108,La Fresneda,1698
1930,44109,Frías de Albarracín,605
1930,44110,Fuenferrada,374
1930,44111,Fuentes Calientes,278
1930,44112,Fuentes Claras,1318
1930,44113,Fuentes de Rubielos,772
1930,44114,Fuentespalda,825
1930,44115,Galve,386
1930,44116,Gargallo,503
1930,44117,Gea de Albarracín,1151
1930,44118,La Ginebrosa,912
1930,44119,Griegos,455
1930,44120,Guadalaviar,591
1930,44121,Gúdar,508
1930,44122,Híjar,3807
1930,44123,Hinojosa de Jarque,536
1930,44124,La Hoz de la Vieja,979
1930,44125,Huesa del Común,1194
1930,44126,La Iglesuela del Cid,1345
1930,44127,Jabaloyas,783
1930,44128,Jarque de la Val,318
1930,44129,Jatiel,254
1930,44130,Jorcas,377
1930,44131,Josa,454
1930,44132,Lagueruela,363
1930,44133,Lanzuela,249
1930,44135,Libros,1586
1930,44136,Lidón,384
1930,44137,Linares de Mora,1359
1930,44138,Loscos,1467
1930,44141,Lledó,550
1930,44142,Maicas,384
1930,44143,Manzanera,2387
1930,44144,Martín del Río,895
1930,44145,Mas de las Matas,2102
1930,44146,La Mata de los Olmos,455
1930,44147,Mazaleón,1653
1930,44148,Mezquita de Jarque,355
1930,44149,Mirambel,810
1930,44150,Miravete de la Sierra,341
1930,44151,Molinos,1130
1930,44152,Monforte de Moyuela,677
1930,44153,Monreal del Campo,3253
1930,44154,Monroyo,1080
1930,44155,Montalbán,2150
1930,44156,Monteagudo del Castillo,507
1930,44157,Monterde de Albarracín,566
1930,44158,Mora de Rubielos,2790
1930,44159,Moscardón,459
1930,44160,Mosqueruela,2639
1930,44161,Muniesa,2266
1930,44163,Noguera de Albarracín,550
1930,44164,Nogueras,404
1930,44165,Nogueruelas,810
1930,44167,Obón,1069
1930,44168,Odón,946
1930,44169,Ojos Negros,2815
1930,44171,Olba,1469
1930,44172,Oliete,2258
1930,44173,Los Olmos,513
1930,44174,Orihuela del Tremedal,1118
1930,44175,Orrios,430
1930,44176,Palomar de Arroyos,607
1930,44177,Pancrudo,1012
1930,44178,Las Parras de Castellote,860
1930,44179,Peñarroya de Tastavins,1507
1930,44180,Peracense,455
1930,44181,Peralejos,339
1930,44182,Perales del Alfambra,832
1930,44183,Pitarque,860
1930,44184,Plou,433
1930,44185,El Pobo,512
1930,44187,La Portellada,765
1930,44189,Pozondón,616
1930,44190,Pozuel del Campo,634
1930,44191,La Puebla de Híjar,2849
1930,44192,La Puebla de Valverde,2133
1930,44193,Puertomingalvo,1309
1930,44194,Ráfales,809
1930,44195,Rillo,520
1930,44196,Riodeva,805
1930,44197,Ródenas,470
1930,44198,Royuela,529
1930,44199,Rubiales,265
1930,44200,Rubielos de la Cérida,480
1930,44201,Rubielos de Mora,1873
1930,44203,Salcedillo,164
1930,44204,Saldón,502
1930,44205,Samper de Calanda,2698
1930,44206,San Agustín,1332
1930,44207,San Martín del Río,1072
1930,44208,Santa Cruz de Nogueras,315
1930,44209,Santa Eulalia,2626
1930,44210,Sarrión,2517
1930,44211,Segura de los Baños,768
1930,44212,Seno,354
1930,44213,Singra,469
1930,44215,Terriente,1030
1930,44216,Teruel,16384
1930,44217,Toril y Masegoso,328
1930,44218,Tormón,342
1930,44219,Tornos,852
1930,44220,Torralba de los Sisones,675
1930,44221,Torrecilla de Alcañiz,1075
1930,44222,Torrecilla del Rebollar,897
1930,44223,Torre de Arcas,469
1930,44224,Torre de las Arcas,448
1930,44225,Torre del Compte,855
1930,44226,Torrelacárcel,822
1930,44227,Torre los Negros,470
1930,44228,Torremocha de Jiloca,555
1930,44229,Torres de Albarracín,504
1930,44230,Torrevelilla,735
1930,44231,Torrijas,527
1930,44232,Torrijo del Campo,1586
1930,44234,Tramacastiel,524
1930,44235,Tramacastilla,391
1930,44236,Tronchón,802
1930,44237,Urrea de Gaén,1361
1930,44238,Utrillas,1652
1930,44239,Valacloche,205
1930,44240,Valbona,806
1930,44241,Valdealgorfa,1917
1930,44243,Valdecuenca,445
1930,44244,Valdelinares,645
1930,44245,Valdeltormo,774
1930,44246,Valderrobres,3148
1930,44247,Valjunquera,1213
1930,44249,El Vallecillo,409
1930,44250,Veguillas de la Sierra,217
1930,44251,Villafranca del Campo,1085
1930,44252,Villahermosa del Campo,287
1930,44256,Villanueva del Rebollar de la Sierra,330
1930,44257,Villar del Cobo,517
1930,44258,Villar del Salz,587
1930,44260,Villarluengo,1487
1930,44261,Villarquemado,1661
1930,44262,Villarroya de los Pinares,772
1930,44263,Villastar,846
1930,44264,Villel,1227
1930,44265,Vinaceite,729
1930,44266,Visiedo,629
1930,44267,Vivel del Río Martín,913
1930,44268,La Zoma,143
1940,44001,Ababuj,409
1940,44002,Abejuela,561
1940,44003,Aguatón,139
1940,44004,Aguaviva,1723
1940,44005,Aguilar del Alfambra,442
1940,44006,Alacón,1071
1940,44007,Alba,761
1940,44008,Albalate del Arzobispo,4367
1940,44009,Albarracín,1404
1940,44010,Albentosa,1057
1940,44011,Alcaine,909
1940,44012,Alcalá de la Selva,1528
1940,44013,Alcañiz,8691
1940,44014,Alcorisa,3429
1940,44016,Alfambra,1304
1940,44017,Aliaga,1513
1940,44018,Almohaja,214
1940,44019,Alobras,441
1940,44020,Alpeñés,161
1940,44021,Allepuz,767
1940,44022,Alloza,1773
1940,44023,Allueva,224
1940,44024,Anadón,209
1940,44025,Andorra,3195
1940,44026,Arcos de las Salinas,860
1940,44027,Arens de Lledó,589
1940,44028,Argente,643
1940,44029,Ariño,1288
1940,44031,Azaila,599
1940,44032,Bádenas,245
1940,44033,Báguena,1526
1940,44034,Bañón,742
1940,44035,Barrachina,635
1940,44036,Bea,179
1940,44037,Beceite,1278
1940,44038,Belmonte de San José,524
1940,44039,Bello,1396
1940,44040,Berge,645
1940,44041,Bezas,345
1940,44042,Blancas,1011
1940,44043,Blesa,1081
1940,44044,Bordón,524
1940,44045,Bronchales,1009
1940,44046,Bueña,417
1940,44047,Burbáguena,1331
1940,44048,Cabra de Mora,367
1940,44049,Calaceite,2134
1940,44050,Calamocha,8128
1940,44051,Calanda,3975
1940,44052,Calomarde,352
1940,44053,Camañas,410
1940,44054,Camarena de la Sierra,584
1940,44055,Camarillas,675
1940,44056,Caminreal,1835
1940,44059,Cantavieja,1674
1940,44060,Cañada de Benatanduz,452
1940,44061,La Cañada de Verich,242
1940,44062,Cañada Vellida,191
1940,44063,Cañizar del Olivar,483
1940,44064,Cascante del Río,553
1940,44065,Castejón de Tornos,510
1940,44066,Castel de Cabra,518
1940,44067,Castelnou,442
1940,44068,Castelserás,1857
1940,44070,El Castellar,501
1940,44071,Castellote,3700
1940,44074,Cedrillas,1012
1940,44075,Celadas,777
1940,44076,Cella,3834
1940,44077,La Cerollera,355
1940,44080,La Codoñera,878
1940,44082,Corbalán,457
1940,44084,Cortes de Aragón,465
1940,44085,Cosa,483
1940,44086,Cretas,1512
1940,44087,Crivillén,795
1940,44088,La Cuba,336
1940,44089,Cubla,359
1940,44090,Cucalón,545
1940,44092,El Cuervo,474
1940,44093,Cuevas de Almudén,241
1940,44094,Cuevas Labradas,391
1940,44096,Ejulve,967
1940,44097,Escorihuela,576
1940,44099,Escucha,818
1940,44100,Estercuel,1109
1940,44101,Ferreruela de Huerva,371
1940,44102,Fonfría,191
1940,44103,Formiche Alto,769
1940,44105,Fórnoles,677
1940,44106,Fortanete,1095
1940,44107,Foz-Calanda,722
1940,44108,La Fresneda,1591
1940,44109,Frías de Albarracín,536
1940,44110,Fuenferrada,323
1940,44111,Fuentes Calientes,279
1940,44112,Fuentes Claras,1540
1940,44113,Fuentes de Rubielos,677
1940,44114,Fuentespalda,762
1940,44115,Galve,405
1940,44116,Gargallo,494
1940,44117,Gea de Albarracín,1086
1940,44118,La Ginebrosa,957
1940,44119,Griegos,294
1940,44120,Guadalaviar,474
1940,44121,Gúdar,437
1940,44122,Híjar,3688
1940,44123,Hinojosa de Jarque,512
1940,44124,La Hoz de la Vieja,967
1940,44125,Huesa del Común,915
1940,44126,La Iglesuela del Cid,1229
1940,44127,Jabaloyas,590
1940,44128,Jarque de la Val,294
1940,44129,Jatiel,260
1940,44130,Jorcas,369
1940,44131,Josa,384
1940,44132,Lagueruela,405
1940,44133,Lanzuela,247
1940,44135,Libros,1278
1940,44136,Lidón,348
1940,44137,Linares de Mora,1222
1940,44138,Loscos,1482
1940,44141,Lledó,490
1940,44142,Maicas,351
1940,44143,Manzanera,2083
1940,44144,Martín del Río,771
1940,44145,Mas de las Matas,2107
1940,44146,La Mata de los Olmos,499
1940,44147,Mazaleón,1347
1940,44148,Mezquita de Jarque,326
1940,44149,Mirambel,732
1940,44150,Miravete de la Sierra,293
1940,44151,Molinos,1113
1940,44152,Monforte de Moyuela,596
1940,44153,Monreal del Campo,3578
1940,44154,Monroyo,1002
1940,44155,Montalbán,2368
1940,44156,Monteagudo del Castillo,499
1940,44157,Monterde de Albarracín,538
1940,44158,Mora de Rubielos,2454
1940,44159,Moscardón,402
1940,44160,Mosqueruela,2214
1940,44161,Muniesa,1947
1940,44163,Noguera de Albarracín,435
1940,44164,Nogueras,316
1940,44165,Nogueruelas,754
1940,44167,Obón,1107
1940,44168,Odón,899
1940,44169,Ojos Negros,1888
1940,44171,Olba,1434
1940,44172,Oliete,2044
1940,44173,Los Olmos,539
1940,44174,Orihuela del Tremedal,1093
1940,44175,Orrios,455
1940,44176,Palomar de Arroyos,684
1940,44177,Pancrudo,766
1940,44178,Las Parras de Castellote,778
1940,44179,Peñarroya de Tastavins,1392
1940,44180,Peracense,430
1940,44181,Peralejos,282
1940,44182,Perales del Alfambra,789
1940,44183,Pitarque,746
1940,44184,Plou,312
1940,44185,El Pobo,503
1940,44187,La Portellada,693
1940,44189,Pozondón,576
1940,44190,Pozuel del Campo,614
1940,44191,La Puebla de Híjar,2542
1940,44192,La Puebla de Valverde,1800
1940,44193,Puertomingalvo,1181
1940,44194,Ráfales,715
1940,44195,Rillo,486
1940,44196,Riodeva,842
1940,44197,Ródenas,428
1940,44198,Royuela,532
1940,44199,Rubiales,186
1940,44200,Rubielos de la Cérida,428
1940,44201,Rubielos de Mora,1505
1940,44203,Salcedillo,108
1940,44204,Saldón,490
1940,44205,Samper de Calanda,2524
1940,44206,San Agustín,1267
1940,44207,San Martín del Río,1053
1940,44208,Santa Cruz de Nogueras,208
1940,44209,Santa Eulalia,2887
1940,44210,Sarrión,1958
1940,44211,Segura de los Baños,553
1940,44212,Seno,297
1940,44213,Singra,456
1940,44215,Terriente,896
1940,44216,Teruel,16436
1940,44217,Toril y Masegoso,251
1940,44218,Tormón,265
1940,44219,Tornos,916
1940,44220,Torralba de los Sisones,666
1940,44221,Torrecilla de Alcañiz,1047
1940,44222,Torrecilla del Rebollar,858
1940,44223,Torre de Arcas,432
1940,44224,Torre de las Arcas,394
1940,44225,Torre del Compte,678
1940,44226,Torrelacárcel,844
1940,44227,Torre los Negros,433
1940,44228,Torremocha de Jiloca,507
1940,44229,Torres de Albarracín,523
1940,44230,Torrevelilla,524
1940,44231,Torrijas,447
1940,44232,Torrijo del Campo,1550
1940,44234,Tramacastiel,549
1940,44235,Tramacastilla,403
1940,44236,Tronchón,757
1940,44237,Urrea de Gaén,1285
1940,44238,Utrillas,1512
1940,44239,Valacloche,170
1940,44240,Valbona,727
1940,44241,Valdealgorfa,1662
1940,44243,Valdecuenca,350
1940,44244,Valdelinares,550
1940,44245,Valdeltormo,754
1940,44246,Valderrobres,2929
1940,44247,Valjunquera,1145
1940,44249,El Vallecillo,441
1940,44250,Veguillas de la Sierra,210
1940,44251,Villafranca del Campo,1032
1940,44252,Villahermosa del Campo,276
1940,44256,Villanueva del Rebollar de la Sierra,269
1940,44257,Villar del Cobo,480
1940,44258,Villar del Salz,449
1940,44260,Villarluengo,1293
1940,44261,Villarquemado,1591
1940,44262,Villarroya de los Pinares,641
1940,44263,Villastar,757
1940,44264,Villel,1155
1940,44265,Vinaceite,655
1940,44266,Visiedo,555
1940,44267,Vivel del Río Martín,874
1940,44268,La Zoma,141
1950,44001,Ababuj,400
1950,44002,Abejuela,503
1950,44003,Aguatón,153
1950,44004,Aguaviva,1547
1950,44005,Aguilar del Alfambra,392
1950,44006,Alacón,1060
1950,44007,Alba,701
1950,44008,Albalate del Arzobispo,4341
1950,44009,Albarracín,1501
1950,44010,Albentosa,1075
1950,44011,Alcaine,750
1950,44012,Alcalá de la Selva,1333
1950,44013,Alcañiz,9812
1950,44014,Alcorisa,3208
1950,44016,Alfambra,1579
1950,44017,Aliaga,2019
1950,44018,Almohaja,205
1950,44019,Alobras,371
1950,44020,Alpeñés,160
1950,44021,Allepuz,743
1950,44022,Alloza,1730
1950,44023,Allueva,159
1950,44024,Anadón,224
1950,44025,Andorra,4472
1950,44026,Arcos de las Salinas,814
1950,44027,Arens de Lledó,595
1950,44028,Argente,661
1950,44029,Ariño,1571
1950,44031,Azaila,579
1950,44032,Bádenas,258
1950,44033,Báguena,1523
1950,44034,Bañón,728
1950,44035,Barrachina,648
1950,44036,Bea,196
1950,44037,Beceite,1239
1950,44038,Belmonte de San José,507
1950,44039,Bello,1475
1950,44040,Berge,549
1950,44041,Bezas,339
1950,44042,Blancas,932
1950,44043,Blesa,973
1950,44044,Bordón,471
1950,44045,Bronchales,757
1950,44046,Bueña,403
1950,44047,Burbáguena,1396
1950,44048,Cabra de Mora,330
1950,44049,Calaceite,2122
1950,44050,Calamocha,7881
1950,44051,Calanda,3544
1950,44052,Calomarde,381
1950,44053,Camañas,431
1950,44054,Camarena de la Sierra,572
1950,44055,Camarillas,684
1950,44056,Caminreal,1840
1950,44059,Cantavieja,1587
1950,44060,Cañada de Benatanduz,405
1950,44061,La Cañada de Verich,261
1950,44062,Cañada Vellida,206
1950,44063,Cañizar del Olivar,509
1950,44064,Cascante del Río,496
1950,44065,Castejón de Tornos,493
1950,44066,Castel de Cabra,533
1950,44067,Castelnou,352
1950,44068,Castelserás,1513
1950,44070,El Castellar,396
1950,44071,Castellote,3312
1950,44074,Cedrillas,1031
1950,44075,Celadas,875
1950,44076,Cella,3909
1950,44077,La Cerollera,301
1950,44080,La Codoñera,801
1950,44082,Corbalán,405
1950,44084,Cortes de Aragón,401
1950,44085,Cosa,470
1950,44086,Cretas,1390
1950,44087,Crivillén,778
1950,44088,La Cuba,286
1950,44089,Cubla,344
1950,44090,Cucalón,536
1950,44092,El Cuervo,401
1950,44093,Cuevas de Almudén,244
1950,44094,Cuevas Labradas,390
1950,44096,Ejulve,923
1950,44097,Escorihuela,577
1950,44099,Escucha,1270
1950,44100,Estercuel,1139
1950,44101,Ferreruela de Huerva,363
1950,44102,Fonfría,184
1950,44103,Formiche Alto,711
1950,44105,Fórnoles,501
1950,44106,Fortanete,944
1950,44107,Foz-Calanda,585
1950,44108,La Fresneda,1171
1950,44109,Frías de Albarracín,506
1950,44110,Fuenferrada,318
1950,44111,Fuentes Calientes,340
1950,44112,Fuentes Claras,1421
1950,44113,Fuentes de Rubielos,560
1950,44114,Fuentespalda,677
1950,44115,Galve,376
1950,44116,Gargallo,480
1950,44117,Gea de Albarracín,1022
1950,44118,La Ginebrosa,867
1950,44119,Griegos,396
1950,44120,Guadalaviar,554
1950,44121,Gúdar,308
1950,44122,Híjar,3586
1950,44123,Hinojosa de Jarque,549
1950,44124,La Hoz de la Vieja,816
1950,44125,Huesa del Común,824
1950,44126,La Iglesuela del Cid,1119
1950,44127,Jabaloyas,549
1950,44128,Jarque de la Val,263
1950,44129,Jatiel,218
1950,44130,Jorcas,388
1950,44131,Josa,340
1950,44132,Lagueruela,373
1950,44133,Lanzuela,223
1950,44135,Libros,1008
1950,44136,Lidón,335
1950,44137,Linares de Mora,1079
1950,44138,Loscos,1217
1950,44141,Lledó,437
1950,44142,Maicas,277
1950,44143,Manzanera,1722
1950,44144,Martín del Río,1023
1950,44145,Mas de las Matas,1985
1950,44146,La Mata de los Olmos,494
1950,44147,Mazaleón,1258
1950,44148,Mezquita de Jarque,345
1950,44149,Mirambel,588
1950,44150,Miravete de la Sierra,250
1950,44151,Molinos,947
1950,44152,Monforte de Moyuela,481
1950,44153,Monreal del Campo,3554
1950,44154,Monroyo,913
1950,44155,Montalbán,2672
1950,44156,Monteagudo del Castillo,423
1950,44157,Monterde de Albarracín,501
1950,44158,Mora de Rubielos,2276
1950,44159,Moscardón,375
1950,44160,Mosqueruela,1939
1950,44161,Muniesa,1969
1950,44163,Noguera de Albarracín,399
1950,44164,Nogueras,309
1950,44165,Nogueruelas,679
1950,44167,Obón,1012
1950,44168,Odón,881
1950,44169,Ojos Negros,1853
1950,44171,Olba,1261
1950,44172,Oliete,1943
1950,44173,Los Olmos,493
1950,44174,Orihuela del Tremedal,1079
1950,44175,Orrios,496
1950,44176,Palomar de Arroyos,791
1950,44177,Pancrudo,1024
1950,44178,Las Parras de Castellote,752
1950,44179,Peñarroya de Tastavins,1286
1950,44180,Peracense,374
1950,44181,Peralejos,273
1950,44182,Perales del Alfambra,840
1950,44183,Pitarque,657
1950,44184,Plou,330
1950,44185,El Pobo,555
1950,44187,La Portellada,661
1950,44189,Pozondón,544
1950,44190,Pozuel del Campo,547
1950,44191,La Puebla de Híjar,2738
1950,44192,La Puebla de Valverde,1743
1950,44193,Puertomingalvo,971
1950,44194,Ráfales,644
1950,44195,Rillo,542
1950,44196,Riodeva,816
1950,44197,Ródenas,449
1950,44198,Royuela,573
1950,44199,Rubiales,177
1950,44200,Rubielos de la Cérida,428
1950,44201,Rubielos de Mora,1391
1950,44203,Salcedillo,102
1950,44204,Saldón,413
1950,44205,Samper de Calanda,2408
1950,44206,San Agustín,1037
1950,44207,San Martín del Río,1033
1950,44208,Santa Cruz de Nogueras,215
1950,44209,Santa Eulalia,2649
1950,44210,Sarrión,1993
1950,44211,Segura de los Baños,538
1950,44212,Seno,247
1950,44213,Singra,413
1950,44215,Terriente,900
1950,44216,Teruel,20337
1950,44217,Toril y Masegoso,242
1950,44218,Tormón,213
1950,44219,Tornos,998
1950,44220,Torralba de los Sisones,568
1950,44221,Torrecilla de Alcañiz,900
1950,44222,Torrecilla del Rebollar,918
1950,44223,Torre de Arcas,404
1950,44224,Torre de las Arcas,300
1950,44225,Torre del Compte,594
1950,44226,Torrelacárcel,781
1950,44227,Torre los Negros,409
1950,44228,Torremocha de Jiloca,480
1950,44229,Torres de Albarracín,448
1950,44230,Torrevelilla,530
1950,44231,Torrijas,413
1950,44232,Torrijo del Campo,1417
1950,44234,Tramacastiel,462
1950,44235,Tramacastilla,384
1950,44236,Tronchón,714
1950,44237,Urrea de Gaén,1144
1950,44238,Utrillas,2180
1950,44239,Valacloche,143
1950,44240,Valbona,681
1950,44241,Valdealgorfa,1505
1950,44243,Valdecuenca,299
1950,44244,Valdelinares,477
1950,44245,Valdeltormo,693
1950,44246,Valderrobres,2697
1950,44247,Valjunquera,998
1950,44249,El Vallecillo,385
1950,44250,Veguillas de la Sierra,167
1950,44251,Villafranca del Campo,934
1950,44252,Villahermosa del Campo,318
1950,44256,Villanueva del Rebollar de la Sierra,289
1950,44257,Villar del Cobo,494
1950,44258,Villar del Salz,488
1950,44260,Villarluengo,1060
1950,44261,Villarquemado,1630
1950,44262,Villarroya de los Pinares,628
1950,44263,Villastar,777
1950,44264,Villel,1173
1950,44265,Vinaceite,626
1950,44266,Visiedo,589
1950,44267,Vivel del Río Martín,819
1950,44268,La Zoma,133
1960,44001,Ababuj,362
1960,44002,Abejuela,372
1960,44003,Aguatón,129
1960,44004,Aguaviva,1263
1960,44005,Aguilar del Alfambra,314
1960,44006,Alacón,990
1960,44007,Alba,626
1960,44008,Albalate del Arzobispo,3926
1960,44009,Albarracín,1432
1960,44010,Albentosa,803
1960,44011,Alcaine,444
1960,44012,Alcalá de la Selva,1043
1960,44013,Alcañiz,10166
1960,44014,Alcorisa,3406
1960,44016,Alfambra,1551
1960,44017,Aliaga,2466
1960,44018,Almohaja,160
1960,44019,Alobras,305
1960,44020,Alpeñés,146
1960,44021,Allepuz,724
1960,44022,Alloza,1791
1960,44023,Allueva,82
1960,44024,Anadón,172
1960,44025,Andorra,7821
1960,44026,Arcos de las Salinas,625
1960,44027,Arens de Lledó,486
1960,44028,Argente,591
1960,44029,Ariño,1744
1960,44031,Azaila,496
1960,44032,Bádenas,202
1960,44033,Báguena,1328
1960,44034,Bañón,597
1960,44035,Barrachina,549
1960,44036,Bea,126
1960,44037,Beceite,1193
1960,44038,Belmonte de San José,422
1960,44039,Bello,1324
1960,44040,Berge,452
1960,44041,Bezas,363
1960,44042,Blancas,793
1960,44043,Blesa,746
1960,44044,Bordón,385
1960,44045,Bronchales,716
1960,44046,Bueña,324
1960,44047,Burbáguena,1018
1960,44048,Cabra de Mora,306
1960,44049,Calaceite,1752
1960,44050,Calamocha,6746
1960,44051,Calanda,3023
1960,44052,Calomarde,320
1960,44053,Camañas,419
1960,44054,Camarena de la Sierra,423
1960,44055,Camarillas,622
1960,44056,Caminreal,1602
1960,44059,Cantavieja,1338
1960,44060,Cañada de Benatanduz,388
1960,44061,La Cañada de Verich,319
1960,44062,Cañada Vellida,208
1960,44063,Cañizar del Olivar,398
1960,44064,Cascante del Río,424
1960,44065,Castejón de Tornos,417
1960,44066,Castel de Cabra,534
1960,44067,Castelnou,300
1960,44068,Castelserás,1295
1960,44070,El Castellar,306
1960,44071,Castellote,2696
1960,44074,Cedrillas,967
1960,44075,Celadas,787
1960,44076,Cella,3802
1960,44077,La Cerollera,287
1960,44080,La Codoñera,651
1960,44082,Corbalán,379
1960,44084,Cortes de Aragón,319
1960,44085,Cosa,429
1960,44086,Cretas,1121
1960,44087,Crivillén,653
1960,44088,La Cuba,204
1960,44089,Cubla,298
1960,44090,Cucalón,374
1960,44092,El Cuervo,333
1960,44093,Cuevas de Almudén,232
1960,44094,Cuevas Labradas,370
1960,44096,Ejulve,791
1960,44097,Escorihuela,575
1960,44099,Escucha,1434
1960,44100,Estercuel,1041
1960,44101,Ferreruela de Huerva,326
1960,44102,Fonfría,126
1960,44103,Formiche Alto,581
1960,44105,Fórnoles,413
1960,44106,Fortanete,756
1960,44107,Foz-Calanda,452
1960,44108,La Fresneda,916
1960,44109,Frías de Albarracín,542
1960,44110,Fuenferrada,234
1960,44111,Fuentes Calientes,381
1960,44112,Fuentes Claras,1369
1960,44113,Fuentes de Rubielos,409
1960,44114,Fuentespalda,613
1960,44115,Galve,325
1960,44116,Gargallo,376
1960,44117,Gea de Albarracín,913
1960,44118,La Ginebrosa,769
1960,44119,Griegos,344
1960,44120,Guadalaviar,575
1960,44121,Gúdar,286
1960,44122,Híjar,3128
1960,44123,Hinojosa de Jarque,491
1960,44124,La Hoz de la Vieja,691
1960,44125,Huesa del Común,667
1960,44126,La Iglesuela del Cid,1000
1960,44127,Jabaloyas,409
1960,44128,Jarque de la Val,274
1960,44129,Jatiel,186
1960,44130,Jorcas,291
1960,44131,Josa,268
1960,44132,Lagueruela,257
1960,44133,Lanzuela,187
1960,44135,Libros,593
1960,44136,Lidón,282
1960,44137,Linares de Mora,834
1960,44138,Loscos,1032
1960,44141,Lledó,373
1960,44142,Maicas,195
1960,44143,Manzanera,1485
1960,44144,Martín del Río,975
1960,44145,Mas de las Matas,1854
1960,44146,La Mata de los Olmos,453
1960,44147,Mazaleón,1030
1960,44148,Mezquita de Jarque,314
1960,44149,Mirambel,432
1960,44150,Miravete de la Sierra,247
1960,44151,Molinos,729
1960,44152,Monforte de Moyuela,372
1960,44153,Monreal del Campo,3144
1960,44154,Monroyo,733
1960,44155,Montalbán,2879
1960,44156,Monteagudo del Castillo,403
1960,44157,Monterde de Albarracín,383
1960,44158,Mora de Rubielos,2147
1960,44159,Moscardón,274
1960,44160,Mosqueruela,1632
1960,44161,Muniesa,1715
1960,44163,Noguera de Albarracín,344
1960,44164,Nogueras,274
1960,44165,Nogueruelas,577
1960,44167,Obón,739
1960,44168,Odón,717
1960,44169,Ojos Negros,2033
1960,44171,Olba,691
1960,44172,Oliete,1711
1960,44173,Los Olmos,356
1960,44174,Orihuela del Tremedal,1042
1960,44175,Orrios,479
1960,44176,Palomar de Arroyos,568
1960,44177,Pancrudo,873
1960,44178,Las Parras de Castellote,540
1960,44179,Peñarroya de Tastavins,996
1960,44180,Peracense,311
1960,44181,Peralejos,275
1960,44182,Perales del Alfambra,814
1960,44183,Pitarque,467
1960,44184,Plou,243
1960,44185,El Pobo,478
1960,44187,La Portellada,545
1960,44189,Pozondón,430
1960,44190,Pozuel del Campo,486
1960,44191,La Puebla de Híjar,2559
1960,44192,La Puebla de Valverde,1378
1960,44193,Puertomingalvo,793
1960,44194,Ráfales,575
1960,44195,Rillo,700
1960,44196,Riodeva,631
1960,44197,Ródenas,359
1960,44198,Royuela,543
1960,44199,Rubiales,166
1960,44200,Rubielos de la Cérida,391
1960,44201,Rubielos de Mora,1213
1960,44203,Salcedillo,57
1960,44204,Saldón,361
1960,44205,Samper de Calanda,2028
1960,44206,San Agustín,843
1960,44207,San Martín del Río,881
1960,44208,Santa Cruz de Nogueras,165
1960,44209,Santa Eulalia,2485
1960,44210,Sarrión,1792
1960,44211,Segura de los Baños,426
1960,44212,Seno,209
1960,44213,Singra,338
1960,44215,Terriente,760
1960,44216,Teruel,21800
1960,44217,Toril y Masegoso,181
1960,44218,Tormón,172
1960,44219,Tornos,783
1960,44220,Torralba de los Sisones,494
1960,44221,Torrecilla de Alcañiz,767
1960,44222,Torrecilla del Rebollar,747
1960,44223,Torre de Arcas,282
1960,44224,Torre de las Arcas,234
1960,44225,Torre del Compte,403
1960,44226,Torrelacárcel,703
1960,44227,Torre los Negros,371
1960,44228,Torremocha de Jiloca,445
1960,44229,Torres de Albarracín,415
1960,44230,Torrevelilla,461
1960,44231,Torrijas,294
1960,44232,Torrijo del Campo,1222
1960,44234,Tramacastiel,409
1960,44235,Tramacastilla,349
1960,44236,Tronchón,600
1960,44237,Urrea de Gaén,1027
1960,44238,Utrillas,3532
1960,44239,Valacloche,85
1960,44240,Valbona,577
1960,44241,Valdealgorfa,1238
1960,44243,Valdecuenca,204
1960,44244,Valdelinares,417
1960,44245,Valdeltormo,633
1960,44246,Valderrobres,2339
1960,44247,Valjunquera,811
1960,44249,El Vallecillo,283
1960,44250,Veguillas de la Sierra,129
1960,44251,Villafranca del Campo,863
1960,44252,Villahermosa del Campo,295
1960,44256,Villanueva del Rebollar de la Sierra,234
1960,44257,Villar del Cobo,424
1960,44258,Villar del Salz,453
1960,44260,Villarluengo,810
1960,44261,Villarquemado,1573
1960,44262,Villarroya de los Pinares,574
1960,44263,Villastar,681
1960,44264,Villel,1024
1960,44265,Vinaceite,535
1960,44266,Visiedo,580
1960,44267,Vivel del Río Martín,623
1960,44268,La Zoma,118
1970,44001,Ababuj,193
1970,44002,Abejuela,178
1970,44003,Aguatón,73
1970,44004,Aguaviva,889
1970,44005,Aguilar del Alfambra,220
1970,44006,Alacón,729
1970,44007,Alba,557
1970,44008,Albalate del Arzobispo,3044
1970,44009,Albarracín,1258
1970,44010,Albentosa,523
1970,44011,Alcaine,114
1970,44012,Alcalá de la Selva,774
1970,44013,Alcañiz,10851
1970,44014,Alcorisa,3058
1970,44016,Alfambra,1169
1970,44017,Aliaga,1265
1970,44018,Almohaja,67
1970,44019,Alobras,231
1970,44020,Alpeñés,69
1970,44021,Allepuz,501
1970,44022,Alloza,1169
1970,44023,Allueva,10
1970,44024,Anadón,71
1970,44025,Andorra,6609
1970,44026,Arcos de las Salinas,252
1970,44027,Arens de Lledó,354
1970,44028,Argente,471
1970,44029,Ariño,1125
1970,44031,Azaila,392
1970,44032,Bádenas,83
1970,44033,Báguena,1060
1970,44034,Bañón,423
1970,44035,Barrachina,328
1970,44036,Bea,50
1970,44037,Beceite,1006
1970,44038,Belmonte de San José,236
1970,44039,Bello,883
1970,44040,Berge,341
1970,44041,Bezas,249
1970,44042,Blancas,434
1970,44043,Blesa,358
1970,44044,Bordón,266
1970,44045,Bronchales,564
1970,44046,Bueña,262
1970,44047,Burbáguena,637
1970,44048,Cabra de Mora,166
1970,44049,Calaceite,1625
1970,44050,Calamocha,5041
1970,44051,Calanda,3125
1970,44052,Calomarde,211
1970,44053,Camañas,281
1970,44054,Camarena de la Sierra,252
1970,44055,Camarillas,362
1970,44056,Caminreal,1373
1970,44059,Cantavieja,1060
1970,44060,Cañada de Benatanduz,253
1970,44061,La Cañada de Verich,238
1970,44062,Cañada Vellida,155
1970,44063,Cañizar del Olivar,273
1970,44064,Cascante del Río,261
1970,44065,Castejón de Tornos,260
1970,44066,Castel de Cabra,393
1970,44067,Castelnou,216
1970,44068,Castelserás,1099
1970,44070,El Castellar,175
1970,44071,Castellote,1493
1970,44074,Cedrillas,785
1970,44075,Celadas,660
1970,44076,Cella,3340
1970,44077,La Cerollera,210
1970,44080,La Codoñera,524
1970,44082,Corbalán,228
1970,44084,Cortes de Aragón,239
1970,44085,Cosa,239
1970,44086,Cretas,913
1970,44087,Crivillén,334
1970,44088,La Cuba,161
1970,44089,Cubla,199
1970,44090,Cucalón,221
1970,44092,El Cuervo,248
1970,44093,Cuevas de Almudén,168
1970,44094,Cuevas Labradas,254
1970,44096,Ejulve,431
1970,44097,Escorihuela,443
1970,44099,Escucha,1338
1970,44100,Estercuel,630
1970,44101,Ferreruela de Huerva,194
1970,44102,Fonfría,80
1970,44103,Formiche Alto,352
1970,44105,Fórnoles,258
1970,44106,Fortanete,506
1970,44107,Foz-Calanda,342
1970,44108,La Fresneda,666
1970,44109,Frías de Albarracín,403
1970,44110,Fuenferrada,108
1970,44111,Fuentes Calientes,264
1970,44112,Fuentes Claras,1103
1970,44113,Fuentes de Rubielos,183
1970,44114,Fuentespalda,524
1970,44115,Galve,214
1970,44116,Gargallo,180
1970,44117,Gea de Albarracín,722
1970,44118,La Ginebrosa,468
1970,44119,Griegos,238
1970,44120,Guadalaviar,437
1970,44121,Gúdar,151
1970,44122,Híjar,2501
1970,44123,Hinojosa de Jarque,360
1970,44124,La Hoz de la Vieja,408
1970,44125,Huesa del Común,369
1970,44126,La Iglesuela del Cid,718
1970,44127,Jabaloyas,267
1970,44128,Jarque de la Val,184
1970,44129,Jatiel,104
1970,44130,Jorcas,152
1970,44131,Josa,138
1970,44132,Lagueruela,142
1970,44133,Lanzuela,109
1970,44135,Libros,393
1970,44136,Lidón,190
1970,44137,Linares de Mora,582
1970,44138,Loscos,580
1970,44141,Lledó,321
1970,44142,Maicas,51
1970,44143,Manzanera,1050
1970,44144,Martín del Río,722
1970,44145,Mas de las Matas,1573
1970,44146,La Mata de los Olmos,332
1970,44147,Mazaleón,823
1970,44148,Mezquita de Jarque,261
1970,44149,Mirambel,273
1970,44150,Miravete de la Sierra,155
1970,44151,Molinos,528
1970,44152,Monforte de Moyuela,216
1970,44153,Monreal del Campo,2823
1970,44154,Monroyo,539
1970,44155,Montalbán,2394
1970,44156,Monteagudo del Castillo,198
1970,44157,Monterde de Albarracín,192
1970,44158,Mora de Rubielos,1680
1970,44159,Moscardón,140
1970,44160,Mosqueruela,1157
1970,44161,Muniesa,1331
1970,44163,Noguera de Albarracín,250
1970,44164,Nogueras,124
1970,44165,Nogueruelas,406
1970,44167,Obón,251
1970,44168,Odón,433
1970,44169,Ojos Negros,1343
1970,44171,Olba,364
1970,44172,Oliete,1035
1970,44173,Los Olmos,259
1970,44174,Orihuela del Tremedal,882
1970,44175,Orrios,306
1970,44176,Palomar de Arroyos,405
1970,44177,Pancrudo,514
1970,44178,Las Parras de Castellote,240
1970,44179,Peñarroya de Tastavins,794
1970,44180,Peracense,191
1970,44181,Peralejos,171
1970,44182,Perales del Alfambra,514
1970,44183,Pitarque,252
1970,44184,Plou,122
1970,44185,El Pobo,346
1970,44187,La Portellada,430
1970,44189,Pozondón,219
1970,44190,Pozuel del Campo,318
1970,44191,La Puebla de Híjar,2118
1970,44192,La Puebla de Valverde,1003
1970,44193,Puertomingalvo,413
1970,44194,Ráfales,426
1970,44195,Rillo,398
1970,44196,Riodeva,406
1970,44197,Ródenas,200
1970,44198,Royuela,405
1970,44199,Rubiales,68
1970,44200,Rubielos de la Cérida,241
1970,44201,Rubielos de Mora,936
1970,44203,Salcedillo,15
1970,44204,Saldón,193
1970,44205,Samper de Calanda,1609
1970,44206,San Agustín,502
1970,44207,San Martín del Río,654
1970,44208,Santa Cruz de Nogueras,89
1970,44209,Santa Eulalia,2044
1970,44210,Sarrión,1307
1970,44211,Segura de los Baños,197
1970,44212,Seno,106
1970,44213,Singra,207
1970,44215,Terriente,450
1970,44216,Teruel,22100
1970,44217,Toril y Masegoso,137
1970,44218,Tormón,119
1970,44219,Tornos,457
1970,44220,Torralba de los Sisones,347
1970,44221,Torrecilla de Alcañiz,618
1970,44222,Torrecilla del Rebollar,436
1970,44223,Torre de Arcas,213
1970,44224,Torre de las Arcas,123
1970,44225,Torre del Compte,319
1970,44226,Torrelacárcel,557
1970,44227,Torre los Negros,237
1970,44228,Torremocha de Jiloca,340
1970,44229,Torres de Albarracín,314
1970,44230,Torrevelilla,293
1970,44231,Torrijas,176
1970,44232,Torrijo del Campo,921
1970,44234,Tramacastiel,256
1970,44235,Tramacastilla,274
1970,44236,Tronchón,331
1970,44237,Urrea de Gaén,835
1970,44238,Utrillas,4055
1970,44239,Valacloche,75
1970,44240,Valbona,347
1970,44241,Valdealgorfa,1035
1970,44243,Valdecuenca,79
1970,44244,Valdelinares,244
1970,44245,Valdeltormo,575
1970,44246,Valderrobres,2006
1970,44247,Valjunquera,683
1970,44249,El Vallecillo,127
1970,44250,Veguillas de la Sierra,66
1970,44251,Villafranca del Campo,665
1970,44252,Villahermosa del Campo,166
1970,44256,Villanueva del Rebollar de la Sierra,134
1970,44257,Villar del Cobo,352
1970,44258,Villar del Salz,320
1970,44260,Villarluengo,492
1970,44261,Villarquemado,1299
1970,44262,Villarroya de los Pinares,400
1970,44263,Villastar,545
1970,44264,Villel,686
1970,44265,Vinaceite,473
1970,44266,Visiedo,448
1970,44267,Vivel del Río Martín,344
1970,44268,La Zoma,64
1981,44001,Ababuj,115
1981,44002,Abejuela,63
1981,44003,Aguatón,50
1981,44004,Aguaviva,706
1981,44005,Aguilar del Alfambra,131
1981,44006,Alacón,543
1981,44007,Alba,403
1981,44008,Albalate del Arzobispo,2739
1981,44009,Albarracín,1127
1981,44010,Albentosa,350
1981,44011,Alcaine,54
1981,44012,Alcalá de la Selva,579
1981,44013,Alcañiz,11651
1981,44014,Alcorisa,3112
1981,44016,Alfambra,934
1981,44017,Aliaga,866
1981,44018,Almohaja,34
1981,44019,Alobras,150
1981,44020,Alpeñés,35
1981,44021,Allepuz,236
1981,44022,Alloza,1006
1981,44023,Allueva,9
1981,44024,Anadón,41
1981,44025,Andorra,8221
1981,44026,Arcos de las Salinas,169
1981,44027,Arens de Lledó,305
1981,44028,Argente,385
1981,44029,Ariño,923
1981,44031,Azaila,293
1981,44032,Bádenas,38
1981,44033,Báguena,773
1981,44034,Bañón,276
1981,44035,Barrachina,239
1981,44036,Bea,19
1981,44037,Beceite,733
1981,44038,Belmonte de San José,212
1981,44039,Bello,596
1981,44040,Berge,274
1981,44041,Bezas,88
1981,44042,Blancas,330
1981,44043,Blesa,215
1981,44044,Bordón,156
1981,44045,Bronchales,438
1981,44046,Bueña,178
1981,44047,Burbáguena,486
1981,44048,Cabra de Mora,133
1981,44049,Calaceite,1456
1981,44050,Calamocha,4764
1981,44051,Calanda,3323
1981,44052,Calomarde,117
1981,44053,Camañas,208
1981,44054,Camarena de la Sierra,175
1981,44055,Camarillas,179
1981,44056,Caminreal,1075
1981,44059,Cantavieja,877
1981,44060,Cañada de Benatanduz,91
1981,44061,La Cañada de Verich,154
1981,44062,Cañada Vellida,101
1981,44063,Cañizar del Olivar,163
1981,44064,Cascante del Río,181
1981,44065,Castejón de Tornos,155
1981,44066,Castel de Cabra,286
1981,44067,Castelnou,148
1981,44068,Castelserás,1009
1981,44070,El Castellar,122
1981,44071,Castellote,1050
1981,44074,Cedrillas,592
1981,44075,Celadas,555
1981,44076,Cella,3218
1981,44077,La Cerollera,127
1981,44080,La Codoñera,436
1981,44082,Corbalán,129
1981,44084,Cortes de Aragón,192
1981,44085,Cosa,147
1981,44086,Cretas,737
1981,44087,Crivillén,161
1981,44088,La Cuba,121
1981,44089,Cubla,96
1981,44090,Cucalón,136
1981,44092,El Cuervo,184
1981,44093,Cuevas de Almudén,138
1981,44094,Cuevas Labradas,248
1981,44096,Ejulve,289
1981,44097,Escorihuela,321
1981,44099,Escucha,1593
1981,44100,Estercuel,423
1981,44101,Ferreruela de Huerva,142
1981,44102,Fonfría,45
1981,44103,Formiche Alto,240
1981,44105,Fórnoles,166
1981,44106,Fortanete,325
1981,44107,Foz-Calanda,299
1981,44108,La Fresneda,581
1981,44109,Frías de Albarracín,237
1981,44110,Fuenferrada,59
1981,44111,Fuentes Calientes,211
1981,44112,Fuentes Claras,909
1981,44113,Fuentes de Rubielos,96
1981,44114,Fuentespalda,462
1981,44115,Galve,161
1981,44116,Gargallo,151
1981,44117,Gea de Albarracín,550
1981,44118,La Ginebrosa,354
1981,44119,Griegos,180
1981,44120,Guadalaviar,346
1981,44121,Gúdar,98
1981,44122,Híjar,2240
1981,44123,Hinojosa de Jarque,308
1981,44124,La Hoz de la Vieja,239
1981,44125,Huesa del Común,230
1981,44126,La Iglesuela del Cid,606
1981,44127,Jabaloyas,157
1981,44128,Jarque de la Val,139
1981,44129,Jatiel,66
1981,44130,Jorcas,98
1981,44131,Josa,77
1981,44132,Lagueruela,107
1981,44133,Lanzuela,63
1981,44135,Libros,265
1981,44136,Lidón,133
1981,44137,Linares de Mora,416
1981,44138,Loscos,301
1981,44141,Lledó,276
1981,44142,Maicas,27
1981,44143,Manzanera,575
1981,44144,Martín del Río,607
1981,44145,Mas de las Matas,1557
1981,44146,La Mata de los Olmos,315
1981,44147,Mazaleón,710
1981,44148,Mezquita de Jarque,204
1981,44149,Mirambel,159
1981,44150,Miravete de la Sierra,67
1981,44151,Molinos,418
1981,44152,Monforte de Moyuela,133
1981,44153,Monreal del Campo,2518
1981,44154,Monroyo,412
1981,44155,Montalbán,2135
1981,44156,Monteagudo del Castillo,110
1981,44157,Monterde de Albarracín,101
1981,44158,Mora de Rubielos,1414
1981,44159,Moscardón,85
1981,44160,Mosqueruela,853
1981,44161,Muniesa,1009
1981,44163,Noguera de Albarracín,202
1981,44164,Nogueras,47
1981,44165,Nogueruelas,280
1981,44167,Obón,93
1981,44168,Odón,354
1981,44169,Ojos Negros,1029
1981,44171,Olba,252
1981,44172,Oliete,711
1981,44173,Los Olmos,215
1981,44174,Orihuela del Tremedal,738
1981,44175,Orrios,236
1981,44176,Palomar de Arroyos,341
1981,44177,Pancrudo,305
1981,44178,Las Parras de Castellote,155
1981,44179,Peñarroya de Tastavins,683
1981,44180,Peracense,112
1981,44181,Peralejos,134
1981,44182,Perales del Alfambra,381
1981,44183,Pitarque,159
1981,44184,Plou,67
1981,44185,El Pobo,227
1981,44187,La Portellada,396
1981,44189,Pozondón,132
1981,44190,Pozuel del Campo,179
1981,44191,La Puebla de Híjar,1597
1981,44192,La Puebla de Valverde,579
1981,44193,Puertomingalvo,213
1981,44194,Ráfales,328
1981,44195,Rillo,263
1981,44196,Riodeva,324
1981,44197,Ródenas,122
1981,44198,Royuela,290
1981,44199,Rubiales,28
1981,44200,Rubielos de la Cérida,97
1981,44201,Rubielos de Mora,678
1981,44203,Salcedillo,9
1981,44204,Saldón,59
1981,44205,Samper de Calanda,1403
1981,44206,San Agustín,233
1981,44207,San Martín del Río,439
1981,44208,Santa Cruz de Nogueras,38
1981,44209,Santa Eulalia,1919
1981,44210,Sarrión,1149
1981,44211,Segura de los Baños,96
1981,44212,Seno,63
1981,44213,Singra,148
1981,44215,Terriente,265
1981,44216,Teruel,25935
1981,44217,Toril y Masegoso,61
1981,44218,Tormón,61
1981,44219,Tornos,364
1981,44220,Torralba de los Sisones,282
1981,44221,Torrecilla de Alcañiz,533
1981,44222,Torrecilla del Rebollar,236
1981,44223,Torre de Arcas,171
1981,44224,Torre de las Arcas,61
1981,44225,Torre del Compte,236
1981,44226,Torrelacárcel,433
1981,44227,Torre los Negros,127
1981,44228,Torremocha de Jiloca,258
1981,44229,Torres de Albarracín,243
1981,44230,Torrevelilla,232
1981,44231,Torrijas,93
1981,44232,Torrijo del Campo,728
1981,44234,Tramacastiel,154
1981,44235,Tramacastilla,165
1981,44236,Tronchón,161
1981,44237,Urrea de Gaén,757
1981,44238,Utrillas,4556
1981,44239,Valacloche,46
1981,44240,Valbona,215
1981,44241,Valdealgorfa,870
1981,44243,Valdecuenca,60
1981,44244,Valdelinares,164
1981,44245,Valdeltormo,500
1981,44246,Valderrobres,1877
1981,44247,Valjunquera,618
1981,44249,El Vallecillo,17
1981,44250,Veguillas de la Sierra,51
1981,44251,Villafranca del Campo,553
1981,44252,Villahermosa del Campo,114
1981,44256,Villanueva del Rebollar de la Sierra,64
1981,44257,Villar del Cobo,285
1981,44258,Villar del Salz,184
1981,44260,Villarluengo,289
1981,44261,Villarquemado,1176
1981,44262,Villarroya de los Pinares,249
1981,44263,Villastar,425
1981,44264,Villel,462
1981,44265,Vinaceite,422
1981,44266,Visiedo,328
1981,44267,Vivel del Río Martín,191
1981,44268,La Zoma,49
1991,44001,Ababuj,83
1991,44002,Abejuela,65
1991,44003,Aguatón,32
1991,44004,Aguaviva,618
1991,44005,Aguilar del Alfambra,101
1991,44006,Alacón,527
1991,44007,Alba,323
1991,44008,Albalate del Arzobispo,2449
1991,44009,Albarracín,1065
1991,44010,Albentosa,288
1991,44011,Alcaine,49
1991,44012,Alcalá de la Selva,462
1991,44013,Alcañiz,12642
1991,44014,Alcorisa,3234
1991,44016,Alfambra,777
1991,44017,Aliaga,442
1991,44018,Almohaja,40
1991,44019,Alobras,111
1991,44020,Alpeñés,35
1991,44021,Allepuz,147
1991,44022,Alloza,913
1991,44023,Allueva,12
1991,44024,Anadón,28
1991,44025,Andorra,8680
1991,44026,Arcos de las Salinas,186
1991,44027,Arens de Lledó,272
1991,44028,Argente,299
1991,44029,Ariño,956
1991,44031,Azaila,243
1991,44032,Bádenas,29
1991,44033,Báguena,624
1991,44034,Bañón,226
1991,44035,Barrachina,200
1991,44036,Bea,28
1991,44037,Beceite,701
1991,44038,Belmonte de San José,172
1991,44039,Bello,474
1991,44040,Berge,260
1991,44041,Bezas,76
1991,44042,Blancas,243
1991,44043,Blesa,165
1991,44044,Bordón,142
1991,44045,Bronchales,475
1991,44046,Bueña,123
1991,44047,Burbáguena,367
1991,44048,Cabra de Mora,102
1991,44049,Calaceite,1281
1991,44050,Calamocha,4276
1991,44051,Calanda,3552
1991,44052,Calomarde,105
1991,44053,Camañas,170
1991,44054,Camarena de la Sierra,149
1991,44055,Camarillas,132
1991,44056,Caminreal,913
1991,44059,Cantavieja,750
1991,44060,Cañada de Benatanduz,82
1991,44061,La Cañada de Verich,112
1991,44062,Cañada Vellida,74
1991,44063,Cañizar del Olivar,156
1991,44064,Cascante del Río,138
1991,44065,Castejón de Tornos,122
1991,44066,Castel de Cabra,229
1991,44067,Castelnou,123
1991,44068,Castelserás,938
1991,44070,El Castellar,103
1991,44071,Castellote,927
1991,44074,Cedrillas,557
1991,44075,Celadas,488
1991,44076,Cella,3066
1991,44077,La Cerollera,98
1991,44080,La Codoñera,363
1991,44082,Corbalán,80
1991,44084,Cortes de Aragón,145
1991,44085,Cosa,137
1991,44086,Cretas,693
1991,44087,Crivillén,157
1991,44088,La Cuba,84
1991,44089,Cubla,72
1991,44090,Cucalón,102
1991,44092,El Cuervo,151
1991,44093,Cuevas de Almudén,120
1991,44094,Cuevas Labradas,216
1991,44096,Ejulve,236
1991,44097,Escorihuela,273
1991,44099,Escucha,1212
1991,44100,Estercuel,423
1991,44101,Ferreruela de Huerva,100
1991,44102,Fonfría,36
1991,44103,Formiche Alto,217
1991,44105,Fórnoles,130
1991,44106,Fortanete,212
1991,44107,Foz-Calanda,263
1991,44108,La Fresneda,480
1991,44109,Frías de Albarracín,206
1991,44110,Fuenferrada,53
1991,44111,Fuentes Calientes,165
1991,44112,Fuentes Claras,742
1991,44113,Fuentes de Rubielos,82
1991,44114,Fuentespalda,429
1991,44115,Galve,138
1991,44116,Gargallo,140
1991,44117,Gea de Albarracín,501
1991,44118,La Ginebrosa,287
1991,44119,Griegos,142
1991,44120,Guadalaviar,304
1991,44121,Gúdar,89
1991,44122,Híjar,2102
1991,44123,Hinojosa de Jarque,221
1991,44124,La Hoz de la Vieja,171
1991,44125,Huesa del Común,155
1991,44126,La Iglesuela del Cid,519
1991,44127,Jabaloyas,121
1991,44128,Jarque de la Val,116
1991,44129,Jatiel,76
1991,44130,Jorcas,51
1991,44131,Josa,45
1991,44132,Lagueruela,89
1991,44133,Lanzuela,41
1991,44135,Libros,213
1991,44136,Lidón,111
1991,44137,Linares de Mora,351
1991,44138,Loscos,210
1991,44141,Lledó,229
1991,44142,Maicas,20
1991,44143,Manzanera,490
1991,44144,Martín del Río,574
1991,44145,Mas de las Matas,1512
1991,44146,La Mata de los Olmos,285
1991,44147,Mazaleón,629
1991,44148,Mezquita de Jarque,178
1991,44149,Mirambel,160
1991,44150,Miravete de la Sierra,49
1991,44151,Molinos,397
1991,44152,Monforte de Moyuela,116
1991,44153,Monreal del Campo,2308
1991,44154,Monroyo,403
1991,44155,Montalbán,1789
1991,44156,Monteagudo del Castillo,87
1991,44157,Monterde de Albarracín,87
1991,44158,Mora de Rubielos,1333
1991,44159,Moscardón,73
1991,44160,Mosqueruela,722
1991,44161,Muniesa,808
1991,44163,Noguera de Albarracín,172
1991,44164,Nogueras,31
1991,44165,Nogueruelas,248
1991,44167,Obón,70
1991,44168,Odón,311
1991,44169,Ojos Negros,780
1991,44171,Olba,233
1991,44172,Oliete,574
1991,44173,Los Olmos,174
1991,44174,Orihuela del Tremedal,627
1991,44175,Orrios,223
1991,44176,Palomar de Arroyos,320
1991,44177,Pancrudo,228
1991,44178,Las Parras de Castellote,104
1991,44179,Peñarroya de Tastavins,591
1991,44180,Peracense,103
1991,44181,Peralejos,111
1991,44182,Perales del Alfambra,297
1991,44183,Pitarque,135
1991,44184,Plou,55
1991,44185,El Pobo,170
1991,44187,La Portellada,352
1991,44189,Pozondón,101
1991,44190,Pozuel del Campo,148
1991,44191,La Puebla de Híjar,1247
1991,44192,La Puebla de Valverde,498
1991,44193,Puertomingalvo,164
1991,44194,Ráfales,257
1991,44195,Rillo,163
1991,44196,Riodeva,267
1991,44197,Ródenas,103
1991,44198,Royuela,246
1991,44199,Rubiales,58
1991,44200,Rubielos de la Cérida,73
1991,44201,Rubielos de Mora,633
1991,44203,Salcedillo,9
1991,44204,Saldón,53
1991,44205,Samper de Calanda,1185
1991,44206,San Agustín,184
1991,44207,San Martín del Río,351
1991,44208,Santa Cruz de Nogueras,32
1991,44209,Santa Eulalia,1424
1991,44210,Sarrión,1066
1991,44211,Segura de los Baños,67
1991,44212,Seno,58
1991,44213,Singra,118
1991,44215,Terriente,205
1991,44216,Teruel,28487
1991,44217,Toril y Masegoso,50
1991,44218,Tormón,50
1991,44219,Tornos,300
1991,44220,Torralba de los Sisones,252
1991,44221,Torrecilla de Alcañiz,487
1991,44222,Torrecilla del Rebollar,199
1991,44223,Torre de Arcas,133
1991,44224,Torre de las Arcas,43
1991,44225,Torre del Compte,205
1991,44226,Torrelacárcel,357
1991,44227,Torre los Negros,102
1991,44228,Torremocha de Jiloca,202
1991,44229,Torres de Albarracín,190
1991,44230,Torrevelilla,207
1991,44231,Torrijas,74
1991,44232,Torrijo del Campo,685
1991,44234,Tramacastiel,136
1991,44235,Tramacastilla,144
1991,44236,Tronchón,119
1991,44237,Urrea de Gaén,700
1991,44238,Utrillas,3743
1991,44239,Valacloche,29
1991,44240,Valbona,212
1991,44241,Valdealgorfa,829
1991,44243,Valdecuenca,49
1991,44244,Valdelinares,131
1991,44245,Valdeltormo,441
1991,44246,Valderrobres,1903
1991,44247,Valjunquera,474
1991,44249,El Vallecillo,25
1991,44250,Veguillas de la Sierra,33
1991,44251,Villafranca del Campo,403
1991,44252,Villahermosa del Campo,89
1991,44256,Villanueva del Rebollar de la Sierra,52
1991,44257,Villar del Cobo,239
1991,44258,Villar del Salz,145
1991,44260,Villarluengo,243
1991,44261,Villarquemado,1053
1991,44262,Villarroya de los Pinares,218
1991,44263,Villastar,381
1991,44264,Villel,376
1991,44265,Vinaceite,359
1991,44266,Visiedo,273
1991,44267,Vivel del Río Martín,140
1991,44268,La Zoma,51
2001,44001,Ababuj,85
2001,44002,Abejuela,56
2001,44003,Aguatón,26
2001,44004,Aguaviva,658
2001,44005,Aguilar del Alfambra,80
2001,44006,Alacón,409
2001,44007,Alba,255
2001,44008,Albalate del Arzobispo,2185
2001,44009,Albarracín,1050
2001,44010,Albentosa,252
2001,44011,Alcaine,72
2001,44012,Alcalá de la Selva,510
2001,44013,Alcañiz,13431
2001,44014,Alcorisa,3339
2001,44016,Alfambra,624
2001,44017,Aliaga,397
2001,44018,Almohaja,27
2001,44019,Alobras,85
2001,44020,Alpeñés,30
2001,44021,Allepuz,135
2001,44022,Alloza,720
2001,44023,Allueva,13
2001,44024,Anadón,18
2001,44025,Andorra,7816
2001,44026,Arcos de las Salinas,139
2001,44027,Arens de Lledó,232
2001,44028,Argente,266
2001,44029,Ariño,853
2001,44031,Azaila,171
2001,44032,Bádenas,25
2001,44033,Báguena,463
2001,44034,Bañón,168
2001,44035,Barrachina,154
2001,44036,Bea,38
2001,44037,Beceite,619
2001,44038,Belmonte de San José,138
2001,44039,Bello,369
2001,44040,Berge,248
2001,44041,Bezas,65
2001,44042,Blancas,179
2001,44043,Blesa,139
2001,44044,Bordón,138
2001,44045,Bronchales,472
2001,44046,Bueña,90
2001,44047,Burbáguena,303
2001,44048,Cabra de Mora,108
2001,44049,Calaceite,1153
2001,44050,Calamocha,4040
2001,44051,Calanda,3474
2001,44052,Calomarde,69
2001,44053,Camañas,140
2001,44054,Camarena de la Sierra,165
2001,44055,Camarillas,102
2001,44056,Caminreal,777
2001,44059,Cantavieja,759
2001,44060,Cañada de Benatanduz,58
2001,44061,La Cañada de Verich,104
2001,44062,Cañada Vellida,54
2001,44063,Cañizar del Olivar,116
2001,44064,Cascante del Río,107
2001,44065,Castejón de Tornos,92
2001,44066,Castel de Cabra,158
2001,44067,Castelnou,109
2001,44068,Castelserás,824
2001,44070,El Castellar,87
2001,44071,Castellote,802
2001,44074,Cedrillas,538
2001,44075,Celadas,398
2001,44076,Cella,2825
2001,44077,La Cerollera,119
2001,44080,La Codoñera,329
2001,44082,Corbalán,79
2001,44084,Cortes de Aragón,118
2001,44085,Cosa,93
2001,44086,Cretas,632
2001,44087,Crivillén,122
2001,44088,La Cuba,57
2001,44089,Cubla,44
2001,44090,Cucalón,80
2001,44092,El Cuervo,115
2001,44093,Cuevas de Almudén,104
2001,44094,Cuevas Labradas,153
2001,44096,Ejulve,220
2001,44097,Escorihuela,210
2001,44099,Escucha,1090
2001,44100,Estercuel,314
2001,44101,Ferreruela de Huerva,80
2001,44102,Fonfría,31
2001,44103,Formiche Alto,204
2001,44105,Fórnoles,94
2001,44106,Fortanete,180
2001,44107,Foz-Calanda,257
2001,44108,La Fresneda,419
2001,44109,Frías de Albarracín,154
2001,44110,Fuenferrada,48
2001,44111,Fuentes Calientes,125
2001,44112,Fuentes Claras,625
2001,44113,Fuentes de Rubielos,98
2001,44114,Fuentespalda,355
2001,44115,Galve,141
2001,44116,Gargallo,126
2001,44117,Gea de Albarracín,431
2001,44118,La Ginebrosa,238
2001,44119,Griegos,136
2001,44120,Guadalaviar,275
2001,44121,Gúdar,75
2001,44122,Híjar,1928
2001,44123,Hinojosa de Jarque,170
2001,44124,La Hoz de la Vieja,123
2001,44125,Huesa del Común,136
2001,44126,La Iglesuela del Cid,489
2001,44127,Jabaloyas,84
2001,44128,Jarque de la Val,93
2001,44129,Jatiel,54
2001,44130,Jorcas,45
2001,44131,Josa,30
2001,44132,Lagueruela,64
2001,44133,Lanzuela,28
2001,44135,Libros,157
2001,44136,Lidón,75
2001,44137,Linares de Mora,303
2001,44138,Loscos,188
2001,44141,Lledó,209
2001,44142,Maicas,42
2001,44143,Manzanera,464
2001,44144,Martín del Río,476
2001,44145,Mas de las Matas,1432
2001,44146,La Mata de los Olmos,273
2001,44147,Mazaleón,604
2001,44148,Mezquita de Jarque,135
2001,44149,Mirambel,145
2001,44150,Miravete de la Sierra,42
2001,44151,Molinos,298
2001,44152,Monforte de Moyuela,77
2001,44153,Monreal del Campo,2343
2001,44154,Monroyo,362
2001,44155,Montalbán,1538
2001,44156,Monteagudo del Castillo,67
2001,44157,Monterde de Albarracín,73
2001,44158,Mora de Rubielos,1359
2001,44159,Moscardón,55
2001,44160,Mosqueruela,712
2001,44161,Muniesa,684
2001,44163,Noguera de Albarracín,165
2001,44164,Nogueras,19
2001,44165,Nogueruelas,218
2001,44167,Obón,76
2001,44168,Odón,261
2001,44169,Ojos Negros,545
2001,44171,Olba,210
2001,44172,Oliete,454
2001,44173,Los Olmos,144
2001,44174,Orihuela del Tremedal,604
2001,44175,Orrios,186
2001,44176,Palomar de Arroyos,246
2001,44177,Pancrudo,157
2001,44178,Las Parras de Castellote,79
2001,44179,Peñarroya de Tastavins,539
2001,44180,Peracense,98
2001,44181,Peralejos,81
2001,44182,Perales del Alfambra,293
2001,44183,Pitarque,104
2001,44184,Plou,53
2001,44185,El Pobo,129
2001,44187,La Portellada,292
2001,44189,Pozondón,80
2001,44190,Pozuel del Campo,112
2001,44191,La Puebla de Híjar,1046
2001,44192,La Puebla de Valverde,485
2001,44193,Puertomingalvo,153
2001,44194,Ráfales,199
2001,44195,Rillo,137
2001,44196,Riodeva,201
2001,44197,Ródenas,82
2001,44198,Royuela,230
2001,44199,Rubiales,53
2001,44200,Rubielos de la Cérida,59
2001,44201,Rubielos de Mora,609
2001,44203,Salcedillo,7
2001,44204,Saldón,32
2001,44205,Samper de Calanda,971
2001,44206,San Agustín,127
2001,44207,San Martín del Río,269
2001,44208,Santa Cruz de Nogueras,29
2001,44209,Santa Eulalia,1132
2001,44210,Sarrión,1017
2001,44211,Segura de los Baños,40
2001,44212,Seno,47
2001,44213,Singra,87
2001,44215,Terriente,171
2001,44216,Teruel,31158
2001,44217,Toril y Masegoso,26
2001,44218,Tormón,35
2001,44219,Tornos,245
2001,44220,Torralba de los Sisones,231
2001,44221,Torrecilla de Alcañiz,439
2001,44222,Torrecilla del Rebollar,177
2001,44223,Torre de Arcas,102
2001,44224,Torre de las Arcas,37
2001,44225,Torre del Compte,174
2001,44226,Torrelacárcel,277
2001,44227,Torre los Negros,94
2001,44228,Torremocha de Jiloca,159
2001,44229,Torres de Albarracín,158
2001,44230,Torrevelilla,209
2001,44231,Torrijas,67
2001,44232,Torrijo del Campo,559
2001,44234,Tramacastiel,111
2001,44235,Tramacastilla,135
2001,44236,Tronchón,102
2001,44237,Urrea de Gaén,582
2001,44238,Utrillas,3178
2001,44239,Valacloche,20
2001,44240,Valbona,200
2001,44241,Valdealgorfa,734
2001,44243,Valdecuenca,32
2001,44244,Valdelinares,124
2001,44245,Valdeltormo,363
2001,44246,Valderrobres,1945
2001,44247,Valjunquera,423
2001,44249,El Vallecillo,49
2001,44250,Veguillas de la Sierra,27
2001,44251,Villafranca del Campo,378
2001,44252,Villahermosa del Campo,75
2001,44256,Villanueva del Rebollar de la Sierra,48
2001,44257,Villar del Cobo,222
2001,44258,Villar del Salz,95
2001,44260,Villarluengo,207
2001,44261,Villarquemado,942
2001,44262,Villarroya de los Pinares,197
2001,44263,Villastar,343
2001,44264,Villel,331
2001,44265,Vinaceite,283
2001,44266,Visiedo,195
2001,44267,Vivel del Río Martín,84
2001,44268,La Zoma,29
2011,44001,Ababuj,71
2011,44002,Abejuela,58
2011,44003,Aguatón,20
2011,44004,Aguaviva,648
2011,44005,Aguilar del Alfambra,74
2011,44006,Alacón,333
2011,44007,Alba,228
2011,44008,Albalate del Arzobispo,2079
2011,44009,Albarracín,1102
2011,44010,Albentosa,291
2011,44011,Alcaine,69
2011,44012,Alcalá de la Selva,498
2011,44013,Alcañiz,16402
2011,44014,Alcorisa,3557
2011,44016,Alfambra,619
2011,44017,Aliaga,364
2011,44018,Almohaja,29
2011,44019,Alobras,77
2011,44020,Alpeñés,25
2011,44021,Allepuz,122
2011,44022,Alloza,671
2011,44023,Allueva,20
2011,44024,Anadón,26
2011,44025,Andorra,8212
2011,44026,Arcos de las Salinas,105
2011,44027,Arens de Lledó,201
2011,44028,Argente,222
2011,44029,Ariño,861
2011,44031,Azaila,129
2011,44032,Bádenas,21
2011,44033,Báguena,365
2011,44034,Bañón,162
2011,44035,Barrachina,140
2011,44036,Bea,30
2011,44037,Beceite,591
2011,44038,Belmonte de San José,125
2011,44039,Bello,276
2011,44040,Berge,258
2011,44041,Bezas,78
2011,44042,Blancas,163
2011,44043,Blesa,127
2011,44044,Bordón,128
2011,44045,Bronchales,465
2011,44046,Bueña,62
2011,44047,Burbáguena,290
2011,44048,Cabra de Mora,82
2011,44049,Calaceite,1097
2011,44050,Calamocha,4571
2011,44051,Calanda,3963
2011,44052,Calomarde,91
2011,44053,Camañas,130
2011,44054,Camarena de la Sierra,145
2011,44055,Camarillas,116
2011,44056,Caminreal,714
2011,44059,Cantavieja,740
2011,44060,Cañada de Benatanduz,39
2011,44061,La Cañada de Verich,103
2011,44062,Cañada Vellida,38
2011,44063,Cañizar del Olivar,105
2011,44064,Cascante del Río,94
2011,44065,Castejón de Tornos,64
2011,44066,Castel de Cabra,140
2011,44067,Castelnou,178
2011,44068,Castelserás,835
2011,44070,El Castellar,66
2011,44071,Castellote,801
2011,44074,Cedrillas,629
2011,44075,Celadas,418
2011,44076,Cella,2881
2011,44077,La Cerollera,112
2011,44080,La Codoñera,365
2011,44082,Corbalán,107
2011,44084,Cortes de Aragón,72
2011,44085,Cosa,62
2011,44086,Cretas,593
2011,44087,Crivillén,89
2011,44088,La Cuba,49
2011,44089,Cubla,66
2011,44090,Cucalón,107
2011,44092,El Cuervo,91
2011,44093,Cuevas de Almudén,149
2011,44094,Cuevas Labradas,126
2011,44096,Ejulve,205
2011,44097,Escorihuela,183
2011,44099,Escucha,985
2011,44100,Estercuel,266
2011,44101,Ferreruela de Huerva,71
2011,44102,Fonfría,30
2011,44103,Formiche Alto,173
2011,44105,Fórnoles,101
2011,44106,Fortanete,218
2011,44107,Foz-Calanda,284
2011,44108,La Fresneda,487
2011,44109,Frías de Albarracín,156
2011,44110,Fuenferrada,61
2011,44111,Fuentes Calientes,117
2011,44112,Fuentes Claras,568
2011,44113,Fuentes de Rubielos,128
2011,44114,Fuentespalda,317
2011,44115,Galve,171
2011,44116,Gargallo,124
2011,44117,Gea de Albarracín,410
2011,44118,La Ginebrosa,218
2011,44119,Griegos,140
2011,44120,Guadalaviar,240
2011,44121,Gúdar,79
2011,44122,Híjar,1813
2011,44123,Hinojosa de Jarque,153
2011,44124,La Hoz de la Vieja,80
2011,44125,Huesa del Común,86
2011,44126,La Iglesuela del Cid,484
2011,44127,Jabaloyas,87
2011,44128,Jarque de la Val,91
2011,44129,Jatiel,49
2011,44130,Jorcas,43
2011,44131,Josa,39
2011,44132,Lagueruela,68
2011,44133,Lanzuela,29
2011,44135,Libros,145
2011,44136,Lidón,54
2011,44137,Linares de Mora,285
2011,44138,Loscos,170
2011,44141,Lledó,165
2011,44142,Maicas,39
2011,44143,Manzanera,563
2011,44144,Martín del Río,425
2011,44145,Mas de las Matas,1360
2011,44146,La Mata de los Olmos,280
2011,44147,Mazaleón,573
2011,44148,Mezquita de Jarque,116
2011,44149,Mirambel,127
2011,44150,Miravete de la Sierra,33
2011,44151,Molinos,286
2011,44152,Monforte de Moyuela,63
2011,44153,Monreal del Campo,2681
2011,44154,Monroyo,386
2011,44155,Montalbán,1355
2011,44156,Monteagudo del Castillo,67
2011,44157,Monterde de Albarracín,65
2011,44158,Mora de Rubielos,1625
2011,44159,Moscardón,63
2011,44160,Mosqueruela,615
2011,44161,Muniesa,651
2011,44163,Noguera de Albarracín,154
2011,44164,Nogueras,31
2011,44165,Nogueruelas,214
2011,44167,Obón,40
2011,44168,Odón,214
2011,44169,Ojos Negros,444
2011,44171,Olba,249
2011,44172,Oliete,448
2011,44173,Los Olmos,121
2011,44174,Orihuela del Tremedal,568
2011,44175,Orrios,153
2011,44176,Palomar de Arroyos,188
2011,44177,Pancrudo,133
2011,44178,Las Parras de Castellote,69
2011,44179,Peñarroya de Tastavins,495
2011,44180,Peracense,80
2011,44181,Peralejos,85
2011,44182,Perales del Alfambra,267
2011,44183,Pitarque,88
2011,44184,Plou,46
2011,44185,El Pobo,140
2011,44187,La Portellada,254
2011,44189,Pozondón,71
2011,44190,Pozuel del Campo,89
2011,44191,La Puebla de Híjar,988
2011,44192,La Puebla de Valverde,547
2011,44193,Puertomingalvo,137
2011,44194,Ráfales,158
2011,44195,Rillo,110
2011,44196,Riodeva,176
2011,44197,Ródenas,71
2011,44198,Royuela,244
2011,44199,Rubiales,62
2011,44200,Rubielos de la Cérida,43
2011,44201,Rubielos de Mora,739
2011,44203,Salcedillo,7
2011,44204,Saldón,27
2011,44205,Samper de Calanda,884
2011,44206,San Agustín,175
2011,44207,San Martín del Río,190
2011,44208,Santa Cruz de Nogueras,38
2011,44209,Santa Eulalia,1127
2011,44210,Sarrión,1132
2011,44211,Segura de los Baños,41
2011,44212,Seno,47
2011,44213,Singra,84
2011,44215,Terriente,190
2011,44216,Teruel,35659
2011,44217,Toril y Masegoso,36
2011,44218,Tormón,34
2011,44219,Tornos,225
2011,44220,Torralba de los Sisones,175
2011,44221,Torrecilla de Alcañiz,440
2011,44222,Torrecilla del Rebollar,144
2011,44223,Torre de Arcas,96
2011,44224,Torre de las Arcas,33
2011,44225,Torre del Compte,148
2011,44226,Torrelacárcel,200
2011,44227,Torre los Negros,97
2011,44228,Torremocha de Jiloca,133
2011,44229,Torres de Albarracín,167
2011,44230,Torrevelilla,193
2011,44231,Torrijas,59
2011,44232,Torrijo del Campo,499
2011,44234,Tramacastiel,90
2011,44235,Tramacastilla,117
2011,44236,Tronchón,99
2011,44237,Urrea de Gaén,514
2011,44238,Utrillas,3235
2011,44239,Valacloche,27
2011,44240,Valbona,206
2011,44241,Valdealgorfa,657
2011,44243,Valdecuenca,55
2011,44244,Valdelinares,107
2011,44245,Valdeltormo,318
2011,44246,Valderrobres,2318
2011,44247,Valjunquera,386
2011,44249,El Vallecillo,55
2011,44250,Veguillas de la Sierra,20
2011,44251,Villafranca del Campo,332
2011,44252,Villahermosa del Campo,99
2011,44256,Villanueva del Rebollar de la Sierra,48
2011,44257,Villar del Cobo,204
2011,44258,Villar del Salz,79
2011,44260,Villarluengo,202
2011,44261,Villarquemado,908
2011,44262,Villarroya de los Pinares,163
2011,44263,Villastar,472
2011,44264,Villel,347
2011,44265,Vinaceite,298
2011,44266,Visiedo,146
2011,44267,Vivel del Río Martín,89
2011,44268,La Zoma,23
2012,44001,Ababuj,73
2012,44002,Abejuela,55
2012,44003,Aguatón,20
2012,44004,Aguaviva,660
2012,44005,Aguilar del Alfambra,73
2012,44006,Alacón,331
2012,44007,Alba,231
2012,44008,Albalate del Arzobispo,2087
2012,44009,Albarracín,1102
2012,44010,Albentosa,290
2012,44011,Alcaine,69
2012,44012,Alcalá de la Selva,496
2012,44013,Alcañiz,16424
2012,44014,Alcorisa,3556
2012,44016,Alfambra,622
2012,44017,Aliaga,366
2012,44018,Almohaja,28
2012,44019,Alobras,79
2012,44020,Alpeñés,25
2012,44021,Allepuz,121
2012,44022,Alloza,673
2012,44023,Allueva,21
2012,44024,Anadón,27
2012,44025,Andorra,8266
2012,44026,Arcos de las Salinas,105
2012,44027,Arens de Lledó,205
2012,44028,Argente,224
2012,44029,Ariño,893
2012,44031,Azaila,133
2012,44032,Bádenas,21
2012,44033,Báguena,370
2012,44034,Bañón,162
2012,44035,Barrachina,143
2012,44036,Bea,30
2012,44037,Beceite,607
2012,44038,Belmonte de San José,126
2012,44039,Bello,282
2012,44040,Berge,254
2012,44041,Bezas,78
2012,44042,Blancas,158
2012,44043,Blesa,125
2012,44044,Bordón,131
2012,44045,Bronchales,472
2012,44046,Bueña,63
2012,44047,Burbáguena,292
2012,44048,Cabra de Mora,79
2012,44049,Calaceite,1105
2012,44050,Calamocha,4579
2012,44051,Calanda,3956
2012,44052,Calomarde,90
2012,44053,Camañas,135
2012,44054,Camarena de la Sierra,145
2012,44055,Camarillas,117
2012,44056,Caminreal,735
2012,44059,Cantavieja,745
2012,44060,Cañada de Benatanduz,39
2012,44061,La Cañada de Verich,106
2012,44062,Cañada Vellida,38
2012,44063,Cañizar del Olivar,110
2012,44064,Cascante del Río,91
2012,44065,Castejón de Tornos,64
2012,44066,Castel de Cabra,138
2012,44067,Castelnou,177
2012,44068,Castelserás,834
2012,44070,El Castellar,64
2012,44071,Castellote,794
2012,44074,Cedrillas,631
2012,44075,Celadas,406
2012,44076,Cella,2878
2012,44077,La Cerollera,116
2012,44080,La Codoñera,377
2012,44082,Corbalán,107
2012,44084,Cortes de Aragón,72
2012,44085,Cosa,61
2012,44086,Cretas,598
2012,44087,Crivillén,88
2012,44088,La Cuba,50
2012,44089,Cubla,62
2012,44090,Cucalón,108
2012,44092,El Cuervo,91
2012,44093,Cuevas de Almudén,148
2012,44094,Cuevas Labradas,128
2012,44096,Ejulve,208
2012,44097,Escorihuela,177
2012,44099,Escucha,995
2012,44100,Estercuel,259
2012,44101,Ferreruela de Huerva,70
2012,44102,Fonfría,30
2012,44103,Formiche Alto,175
2012,44105,Fórnoles,105
2012,44106,Fortanete,222
2012,44107,Foz-Calanda,279
2012,44108,La Fresneda,486
2012,44109,Frías de Albarracín,151
2012,44110,Fuenferrada,62
2012,44111,Fuentes Calientes,116
2012,44112,Fuentes Claras,576
2012,44113,Fuentes de Rubielos,125
2012,44114,Fuentespalda,317
2012,44115,Galve,170
2012,44116,Gargallo,122
2012,44117,Gea de Albarracín,405
2012,44118,La Ginebrosa,216
2012,44119,Griegos,143
2012,44120,Guadalaviar,236
2012,44121,Gúdar,77
2012,44122,Híjar,1806
2012,44123,Hinojosa de Jarque,151
2012,44124,La Hoz de la Vieja,79
2012,44125,Huesa del Común,86
2012,44126,La Iglesuela del Cid,496
2012,44127,Jabaloyas,83
2012,44128,Jarque de la Val,91
2012,44129,Jatiel,49
2012,44130,Jorcas,41
2012,44131,Josa,38
2012,44132,Lagueruela,69
2012,44133,Lanzuela,28
2012,44135,Libros,141
2012,44136,Lidón,55
2012,44137,Linares de Mora,296
2012,44138,Loscos,175
2012,44141,Lledó,169
2012,44142,Maicas,38
2012,44143,Manzanera,554
2012,44144,Martín del Río,429
2012,44145,Mas de las Matas,1360
2012,44146,La Mata de los Olmos,281
2012,44147,Mazaleón,567
2012,44148,Mezquita de Jarque,118
2012,44149,Mirambel,129
2012,44150,Miravete de la Sierra,33
2012,44151,Molinos,286
2012,44152,Monforte de Moyuela,63
2012,44153,Monreal del Campo,2709
2012,44154,Monroyo,390
2012,44155,Montalbán,1350
2012,44156,Monteagudo del Castillo,67
2012,44157,Monterde de Albarracín,66
2012,44158,Mora de Rubielos,1649
2012,44159,Moscardón,64
2012,44160,Mosqueruela,621
2012,44161,Muniesa,653
2012,44163,Noguera de Albarracín,152
2012,44164,Nogueras,31
2012,44165,Nogueruelas,219
2012,44167,Obón,39
2012,44168,Odón,229
2012,44169,Ojos Negros,445
2012,44171,Olba,249
2012,44172,Oliete,459
2012,44173,Los Olmos,124
2012,44174,Orihuela del Tremedal,572
2012,44175,Orrios,152
2012,44176,Palomar de Arroyos,189
2012,44177,Pancrudo,133
2012,44178,Las Parras de Castellote,69
2012,44179,Peñarroya de Tastavins,497
2012,44180,Peracense,77
2012,44181,Peralejos,83
2012,44182,Perales del Alfambra,269
2012,44183,Pitarque,93
2012,44184,Plou,48
2012,44185,El Pobo,142
2012,44187,La Portellada,254
2012,44189,Pozondón,71
2012,44190,Pozuel del Campo,90
2012,44191,La Puebla de Híjar,982
2012,44192,La Puebla de Valverde,550
2012,44193,Puertomingalvo,144
2012,44194,Ráfales,159
2012,44195,Rillo,111
2012,44196,Riodeva,173
2012,44197,Ródenas,79
2012,44198,Royuela,247
2012,44199,Rubiales,61
2012,44200,Rubielos de la Cérida,43
2012,44201,Rubielos de Mora,755
2012,44203,Salcedillo,10
2012,44204,Saldón,28
2012,44205,Samper de Calanda,884
2012,44206,San Agustín,177
2012,44207,San Martín del Río,191
2012,44208,Santa Cruz de Nogueras,39
2012,44209,Santa Eulalia,1122
2012,44210,Sarrión,1129
2012,44211,Segura de los Baños,40
2012,44212,Seno,45
2012,44213,Singra,84
2012,44215,Terriente,191
2012,44216,Teruel,35841
2012,44217,Toril y Masegoso,35
2012,44218,Tormón,34
2012,44219,Tornos,231
2012,44220,Torralba de los Sisones,181
2012,44221,Torrecilla de Alcañiz,447
2012,44222,Torrecilla del Rebollar,142
2012,44223,Torre de Arcas,88
2012,44224,Torre de las Arcas,30
2012,44225,Torre del Compte,148
2012,44226,Torrelacárcel,200
2012,44227,Torre los Negros,98
2012,44228,Torremocha de Jiloca,128
2012,44229,Torres de Albarracín,167
2012,44230,Torrevelilla,199
2012,44231,Torrijas,57
2012,44232,Torrijo del Campo,506
2012,44234,Tramacastiel,85
2012,44235,Tramacastilla,125
2012,44236,Tronchón,100
2012,44237,Urrea de Gaén,516
2012,44238,Utrillas,3238
2012,44239,Valacloche,28
2012,44240,Valbona,211
2012,44241,Valdealgorfa,651
2012,44243,Valdecuenca,56
2012,44244,Valdelinares,106
2012,44245,Valdeltormo,317
2012,44246,Valderrobres,2335
2012,44247,Valjunquera,386
2012,44249,El Vallecillo,54
2012,44250,Veguillas de la Sierra,20
2012,44251,Villafranca del Campo,323
2012,44252,Villahermosa del Campo,99
2012,44256,Villanueva del Rebollar de la Sierra,47
2012,44257,Villar del Cobo,202
2012,44258,Villar del Salz,79
2012,44260,Villarluengo,200
2012,44261,Villarquemado,904
2012,44262,Villarroya de los Pinares,163
2012,44263,Villastar,480
2012,44264,Villel,347
2012,44265,Vinaceite,308
2012,44266,Visiedo,145
2012,44267,Vivel del Río Martín,86
2012,44268,La Zoma,22
2013,44001,Ababuj,65
2013,44002,Abejuela,39
2013,44003,Aguatón,19
2013,44004,Aguaviva,654
2013,44005,Aguilar del Alfambra,75
2013,44006,Alacón,306
2013,44007,Alba,215
2013,44008,Albalate del Arzobispo,2049
2013,44009,Albarracín,1093
2013,44010,Albentosa,296
2013,44011,Alcaine,69
2013,44012,Alcalá de la Selva,457
2013,44013,Alcañiz,16384
2013,44014,Alcorisa,3501
2013,44016,Alfambra,584
2013,44017,Aliaga,361
2013,44018,Almohaja,21
2013,44019,Alobras,79
2013,44020,Alpeñés,19
2013,44021,Allepuz,119
2013,44022,Alloza,667
2013,44023,Allueva,15
2013,44024,Anadón,23
2013,44025,Andorra,8278
2013,44026,Arcos de las Salinas,96
2013,44027,Arens de Lledó,215
2013,44028,Argente,225
2013,44029,Ariño,769
2013,44031,Azaila,124
2013,44032,Bádenas,20
2013,44033,Báguena,353
2013,44034,Bañón,163
2013,44035,Barrachina,148
2013,44036,Bea,30
2013,44037,Beceite,599
2013,44038,Belmonte de San José,117
2013,44039,Bello,250
2013,44040,Berge,251
2013,44041,Bezas,75
2013,44042,Blancas,157
2013,44043,Blesa,118
2013,44044,Bordón,120
2013,44045,Bronchales,461
2013,44046,Bueña,62
2013,44047,Burbáguena,294
2013,44048,Cabra de Mora,66
2013,44049,Calaceite,1106
2013,44050,Calamocha,4515
2013,44051,Calanda,3949
2013,44052,Calomarde,84
2013,44053,Camañas,127
2013,44054,Camarena de la Sierra,138
2013,44055,Camarillas,110
2013,44056,Caminreal,724
2013,44059,Cantavieja,724
2013,44060,Cañada de Benatanduz,38
2013,44061,La Cañada de Verich,94
2013,44062,Cañada Vellida,38
2013,44063,Cañizar del Olivar,98
2013,44064,Cascante del Río,80
2013,44065,Castejón de Tornos,66
2013,44066,Castel de Cabra,131
2013,44067,Castelnou,152
2013,44068,Castelserás,833
2013,44070,El Castellar,62
2013,44071,Castellote,782
2013,44074,Cedrillas,630
2013,44075,Celadas,404
2013,44076,Cella,2886
2013,44077,La Cerollera,104
2013,44080,La Codoñera,368
2013,44082,Corbalán,109
2013,44084,Cortes de Aragón,57
2013,44085,Cosa,60
2013,44086,Cretas,597
2013,44087,Crivillén,76
2013,44088,La Cuba,47
2013,44089,Cubla,61
2013,44090,Cucalón,110
2013,44092,El Cuervo,98
2013,44093,Cuevas de Almudén,141
2013,44094,Cuevas Labradas,135
2013,44096,Ejulve,204
2013,44097,Escorihuela,162
2013,44099,Escucha,1003
2013,44100,Estercuel,261
2013,44101,Ferreruela de Huerva,67
2013,44102,Fonfría,30
2013,44103,Formiche Alto,170
2013,44105,Fórnoles,93
2013,44106,Fortanete,208
2013,44107,Foz-Calanda,269
2013,44108,La Fresneda,495
2013,44109,Frías de Albarracín,143
2013,44110,Fuenferrada,61
2013,44111,Fuentes Calientes,113
2013,44112,Fuentes Claras,553
2013,44113,Fuentes de Rubielos,128
2013,44114,Fuentespalda,308
2013,44115,Galve,168
2013,44116,Gargallo,122
2013,44117,Gea de Albarracín,410
2013,44118,La Ginebrosa,216
2013,44119,Griegos,139
2013,44120,Guadalaviar,245
2013,44121,Gúdar,84
2013,44122,Híjar,1774
2013,44123,Hinojosa de Jarque,146
2013,44124,La Hoz de la Vieja,83
2013,44125,Huesa del Común,82
2013,44126,La Iglesuela del Cid,469
2013,44127,Jabaloyas,78
2013,44128,Jarque de la Val,87
2013,44129,Jatiel,50
2013,44130,Jorcas,38
2013,44131,Josa,36
2013,44132,Lagueruela,72
2013,44133,Lanzuela,27
2013,44135,Libros,137
2013,44136,Lidón,54
2013,44137,Linares de Mora,276
2013,44138,Loscos,156
2013,44141,Lledó,172
2013,44142,Maicas,36
2013,44143,Manzanera,539
2013,44144,Martín del Río,437
2013,44145,Mas de las Matas,1349
2013,44146,La Mata de los Olmos,280
2013,44147,Mazaleón,558
2013,44148,Mezquita de Jarque,121
2013,44149,Mirambel,113
2013,44150,Miravete de la Sierra,29
2013,44151,Molinos,276
2013,44152,Monforte de Moyuela,66
2013,44153,Monreal del Campo,2680
2013,44154,Monroyo,367
2013,44155,Montalbán,1341
2013,44156,Monteagudo del Castillo,59
2013,44157,Monterde de Albarracín,62
2013,44158,Mora de Rubielos,1632
2013,44159,Moscardón,62
2013,44160,Mosqueruela,607
2013,44161,Muniesa,640
2013,44163,Noguera de Albarracín,146
2013,44164,Nogueras,30
2013,44165,Nogueruelas,210
2013,44167,Obón,38
2013,44168,Odón,228
2013,44169,Ojos Negros,435
2013,44171,Olba,250
2013,44172,Oliete,430
2013,44173,Los Olmos,131
2013,44174,Orihuela del Tremedal,552
2013,44175,Orrios,145
2013,44176,Palomar de Arroyos,186
2013,44177,Pancrudo,123
2013,44178,Las Parras de Castellote,63
2013,44179,Peñarroya de Tastavins,480
2013,44180,Peracense,73
2013,44181,Peralejos,90
2013,44182,Perales del Alfambra,265
2013,44183,Pitarque,89
2013,44184,Plou,45
2013,44185,El Pobo,145
2013,44187,La Portellada,245
2013,44189,Pozondón,66
2013,44190,Pozuel del Campo,80
2013,44191,La Puebla de Híjar,974
2013,44192,La Puebla de Valverde,547
2013,44193,Puertomingalvo,135
2013,44194,Ráfales,138
2013,44195,Rillo,109
2013,44196,Riodeva,165
2013,44197,Ródenas,78
2013,44198,Royuela,230
2013,44199,Rubiales,55
2013,44200,Rubielos de la Cérida,43
2013,44201,Rubielos de Mora,722
2013,44203,Salcedillo,10
2013,44204,Saldón,29
2013,44205,Samper de Calanda,867
2013,44206,San Agustín,151
2013,44207,San Martín del Río,182
2013,44208,Santa Cruz de Nogueras,38
2013,44209,Santa Eulalia,1118
2013,44210,Sarrión,1149
2013,44211,Segura de los Baños,40
2013,44212,Seno,43
2013,44213,Singra,73
2013,44215,Terriente,179
2013,44216,Teruel,35961
2013,44217,Toril y Masegoso,35
2013,44218,Tormón,31
2013,44219,Tornos,234
2013,44220,Torralba de los Sisones,174
2013,44221,Torrecilla de Alcañiz,437
2013,44222,Torrecilla del Rebollar,142
2013,44223,Torre de Arcas,95
2013,44224,Torre de las Arcas,31
2013,44225,Torre del Compte,147
2013,44226,Torrelacárcel,193
2013,44227,Torre los Negros,91
2013,44228,Torremocha de Jiloca,125
2013,44229,Torres de Albarracín,159
2013,44230,Torrevelilla,211
2013,44231,Torrijas,44
2013,44232,Torrijo del Campo,496
2013,44234,Tramacastiel,76
2013,44235,Tramacastilla,114
2013,44236,Tronchón,91
2013,44237,Urrea de Gaén,491
2013,44238,Utrillas,3268
2013,44239,Valacloche,23
2013,44240,Valbona,197
2013,44241,Valdealgorfa,621
2013,44243,Valdecuenca,44
2013,44244,Valdelinares,100
2013,44245,Valdeltormo,322
2013,44246,Valderrobres,2310
2013,44247,Valjunquera,383
2013,44249,El Vallecillo,52
2013,44250,Veguillas de la Sierra,22
2013,44251,Villafranca del Campo,323
2013,44252,Villahermosa del Campo,102
2013,44256,Villanueva del Rebollar de la Sierra,46
2013,44257,Villar del Cobo,192
2013,44258,Villar del Salz,73
2013,44260,Villarluengo,195
2013,44261,Villarquemado,889
2013,44262,Villarroya de los Pinares,164
2013,44263,Villastar,498
2013,44264,Villel,355
2013,44265,Vinaceite,287
2013,44266,Visiedo,141
2013,44267,Vivel del Río Martín,81
2013,44268,La Zoma,19
2014,44001,Ababuj,65
2014,44002,Abejuela,41
2014,44003,Aguatón,18
2014,44004,Aguaviva,605
2014,44005,Aguilar del Alfambra,77
2014,44006,Alacón,314
2014,44007,Alba,212
2014,44008,Albalate del Arzobispo,2025
2014,44009,Albarracín,1059
2014,44010,Albentosa,279
2014,44011,Alcaine,72
2014,44012,Alcalá de la Selva,424
2014,44013,Alcañiz,16333
2014,44014,Alcorisa,3433
2014,44016,Alfambra,587
2014,44017,Aliaga,358
2014,44018,Almohaja,21
2014,44019,Alobras,75
2014,44020,Alpeñés,19
2014,44021,Allepuz,117
2014,44022,Alloza,638
2014,44023,Allueva,15
2014,44024,Anadón,24
2014,44025,Andorra,8148
2014,44026,Arcos de las Salinas,100
2014,44027,Arens de Lledó,208
2014,44028,Argente,217
2014,44029,Ariño,775
2014,44031,Azaila,119
2014,44032,Bádenas,19
2014,44033,Báguena,337
2014,44034,Bañón,154
2014,44035,Barrachina,137
2014,44036,Bea,28
2014,44037,Beceite,583
2014,44038,Belmonte de San José,120
2014,44039,Bello,244
2014,44040,Berge,247
2014,44041,Bezas,77
2014,44042,Blancas,152
2014,44043,Blesa,109
2014,44044,Bordón,114
2014,44045,Bronchales,427
2014,44046,Bueña,62
2014,44047,Burbáguena,281
2014,44048,Cabra de Mora,70
2014,44049,Calaceite,1076
2014,44050,Calamocha,4469
2014,44051,Calanda,3920
2014,44052,Calomarde,88
2014,44053,Camañas,128
2014,44054,Camarena de la Sierra,137
2014,44055,Camarillas,103
2014,44056,Caminreal,684
2014,44059,Cantavieja,724
2014,44060,Cañada de Benatanduz,41
2014,44061,La Cañada de Verich,102
2014,44062,Cañada Vellida,37
2014,44063,Cañizar del Olivar,99
2014,44064,Cascante del Río,82
2014,44065,Castejón de Tornos,63
2014,44066,Castel de Cabra,128
2014,44067,Castelnou,140
2014,44068,Castelserás,830
2014,44070,El Castellar,60
2014,44071,Castellote,754
2014,44074,Cedrillas,619
2014,44075,Celadas,399
2014,44076,Cella,2818
2014,44077,La Cerollera,106
2014,44080,La Codoñera,374
2014,44082,Corbalán,106
2014,44084,Cortes de Aragón,61
2014,44085,Cosa,56
2014,44086,Cretas,601
2014,44087,Crivillén,75
2014,44088,La Cuba,45
2014,44089,Cubla,55
2014,44090,Cucalón,103
2014,44092,El Cuervo,85
2014,44093,Cuevas de Almudén,145
2014,44094,Cuevas Labradas,127
2014,44096,Ejulve,194
2014,44097,Escorihuela,160
2014,44099,Escucha,981
2014,44100,Estercuel,230
2014,44101,Ferreruela de Huerva,64
2014,44102,Fonfría,30
2014,44103,Formiche Alto,168
2014,44105,Fórnoles,78
2014,44106,Fortanete,201
2014,44107,Foz-Calanda,269
2014,44108,La Fresneda,468
2014,44109,Frías de Albarracín,144
2014,44110,Fuenferrada,62
2014,44111,Fuentes Calientes,111
2014,44112,Fuentes Claras,531
2014,44113,Fuentes de Rubielos,121
2014,44114,Fuentespalda,299
2014,44115,Galve,164
2014,44116,Gargallo,110
2014,44117,Gea de Albarracín,397
2014,44118,La Ginebrosa,206
2014,44119,Griegos,142
2014,44120,Guadalaviar,248
2014,44121,Gúdar,76
2014,44122,Híjar,1763
2014,44123,Hinojosa de Jarque,136
2014,44124,La Hoz de la Vieja,81
2014,44125,Huesa del Común,73
2014,44126,La Iglesuela del Cid,462
2014,44127,Jabaloyas,73
2014,44128,Jarque de la Val,82
2014,44129,Jatiel,48
2014,44130,Jorcas,37
2014,44131,Josa,36
2014,44132,Lagueruela,78
2014,44133,Lanzuela,30
2014,44135,Libros,129
2014,44136,Lidón,54
2014,44137,Linares de Mora,274
2014,44138,Loscos,154
2014,44141,Lledó,169
2014,44142,Maicas,35
2014,44143,Manzanera,526
2014,44144,Martín del Río,437
2014,44145,Mas de las Matas,1324
2014,44146,La Mata de los Olmos,268
2014,44147,Mazaleón,540
2014,44148,Mezquita de Jarque,117
2014,44149,Mirambel,117
2014,44150,Miravete de la Sierra,34
2014,44151,Molinos,264
2014,44152,Monforte de Moyuela,63
2014,44153,Monreal del Campo,2636
2014,44154,Monroyo,364
2014,44155,Montalbán,1335
2014,44156,Monteagudo del Castillo,55
2014,44157,Monterde de Albarracín,73
2014,44158,Mora de Rubielos,1612
2014,44159,Moscardón,60
2014,44160,Mosqueruela,601
2014,44161,Muniesa,638
2014,44163,Noguera de Albarracín,137
2014,44164,Nogueras,30
2014,44165,Nogueruelas,214
2014,44167,Obón,42
2014,44168,Odón,237
2014,44169,Ojos Negros,421
2014,44171,Olba,263
2014,44172,Oliete,422
2014,44173,Los Olmos,130
2014,44174,Orihuela del Tremedal,539
2014,44175,Orrios,140
2014,44176,Palomar de Arroyos,184
2014,44177,Pancrudo,117
2014,44178,Las Parras de Castellote,58
2014,44179,Peñarroya de Tastavins,487
2014,44180,Peracense,69
2014,44181,Peralejos,85
2014,44182,Perales del Alfambra,253
2014,44183,Pitarque,93
2014,44184,Plou,46
2014,44185,El Pobo,148
2014,44187,La Portellada,234
2014,44189,Pozondón,63
2014,44190,Pozuel del Campo,81
2014,44191,La Puebla de Híjar,965
2014,44192,La Puebla de Valverde,521
2014,44193,Puertomingalvo,117
2014,44194,Ráfales,142
2014,44195,Rillo,106
2014,44196,Riodeva,165
2014,44197,Ródenas,75
2014,44198,Royuela,227
2014,44199,Rubiales,51
2014,44200,Rubielos de la Cérida,41
2014,44201,Rubielos de Mora,687
2014,44203,Salcedillo,10
2014,44204,Saldón,27
2014,44205,Samper de Calanda,861
2014,44206,San Agustín,141
2014,44207,San Martín del Río,179
2014,44208,Santa Cruz de Nogueras,42
2014,44209,Santa Eulalia,1111
2014,44210,Sarrión,1152
2014,44211,Segura de los Baños,39
2014,44212,Seno,42
2014,44213,Singra,76
2014,44215,Terriente,177
2014,44216,Teruel,35675
2014,44217,Toril y Masegoso,32
2014,44218,Tormón,28
2014,44219,Tornos,231
2014,44220,Torralba de los Sisones,170
2014,44221,Torrecilla de Alcañiz,415
2014,44222,Torrecilla del Rebollar,142
2014,44223,Torre de Arcas,83
2014,44224,Torre de las Arcas,28
2014,44225,Torre del Compte,142
2014,44226,Torrelacárcel,197
2014,44227,Torre los Negros,94
2014,44228,Torremocha de Jiloca,126
2014,44229,Torres de Albarracín,174
2014,44230,Torrevelilla,208
2014,44231,Torrijas,45
2014,44232,Torrijo del Campo,509
2014,44234,Tramacastiel,74
2014,44235,Tramacastilla,120
2014,44236,Tronchón,82
2014,44237,Urrea de Gaén,494
2014,44238,Utrillas,3194
2014,44239,Valacloche,23
2014,44240,Valbona,198
2014,44241,Valdealgorfa,650
2014,44243,Valdecuenca,40
2014,44244,Valdelinares,90
2014,44245,Valdeltormo,315
2014,44246,Valderrobres,2337
2014,44247,Valjunquera,365
2014,44249,El Vallecillo,50
2014,44250,Veguillas de la Sierra,23
2014,44251,Villafranca del Campo,314
2014,44252,Villahermosa del Campo,104
2014,44256,Villanueva del Rebollar de la Sierra,52
2014,44257,Villar del Cobo,190
2014,44258,Villar del Salz,75
2014,44260,Villarluengo,194
2014,44261,Villarquemado,886
2014,44262,Villarroya de los Pinares,160
2014,44263,Villastar,522
2014,44264,Villel,348
2014,44265,Vinaceite,274
2014,44266,Visiedo,137
2014,44267,Vivel del Río Martín,78
2014,44268,La Zoma,19
2015,44001,Ababuj,73
2015,44002,Abejuela,54
2015,44003,Aguatón,19
2015,44004,Aguaviva,586
2015,44005,Aguilar del Alfambra,66
2015,44006,Alacón,293
2015,44007,Alba,210
2015,44008,Albalate del Arzobispo,2001
2015,44009,Albarracín,1049
2015,44010,Albentosa,270
2015,44011,Alcaine,74
2015,44012,Alcalá de la Selva,399
2015,44013,Alcañiz,16230
2015,44014,Alcorisa,3374
2015,44016,Alfambra,571
2015,44017,Aliaga,365
2015,44018,Almohaja,20
2015,44019,Alobras,70
2015,44020,Alpeñés,21
2015,44021,Allepuz,118
2015,44022,Alloza,604
2015,44023,Allueva,27
2015,44024,Anadón,25
2015,44025,Andorra,8065
2015,44026,Arcos de las Salinas,105
2015,44027,Arens de Lledó,206
2015,44028,Argente,214
2015,44029,Ariño,763
2015,44031,Azaila,116
2015,44032,Bádenas,19
2015,44033,Báguena,327
2015,44034,Bañón,150
2015,44035,Barrachina,133
2015,44036,Bea,26
2015,44037,Beceite,566
2015,44038,Belmonte de San José,117
2015,44039,Bello,238
2015,44040,Berge,246
2015,44041,Bezas,67
2015,44042,Blancas,149
2015,44043,Blesa,109
2015,44044,Bordón,117
2015,44045,Bronchales,423
2015,44046,Bueña,55
2015,44047,Burbáguena,254
2015,44048,Cabra de Mora,73
2015,44049,Calaceite,1052
2015,44050,Calamocha,4417
2015,44051,Calanda,3893
2015,44052,Calomarde,87
2015,44053,Camañas,125
2015,44054,Camarena de la Sierra,123
2015,44055,Camarillas,99
2015,44056,Caminreal,659
2015,44059,Cantavieja,741
2015,44060,Cañada de Benatanduz,41
2015,44061,La Cañada de Verich,102
2015,44062,Cañada Vellida,36
2015,44063,Cañizar del Olivar,103
2015,44064,Cascante del Río,80
2015,44065,Castejón de Tornos,60
2015,44066,Castel de Cabra,122
2015,44067,Castelnou,142
2015,44068,Castelserás,840
2015,44070,El Castellar,58
2015,44071,Castellote,728
2015,44074,Cedrillas,619
2015,44075,Celadas,398
2015,44076,Cella,2776
2015,44077,La Cerollera,106
2015,44080,La Codoñera,365
2015,44082,Corbalán,110
2015,44084,Cortes de Aragón,58
2015,44085,Cosa,57
2015,44086,Cretas,573
2015,44087,Crivillén,74
2015,44088,La Cuba,37
2015,44089,Cubla,54
2015,44090,Cucalón,104
2015,44092,El Cuervo,87
2015,44093,Cuevas de Almudén,140
2015,44094,Cuevas Labradas,123
2015,44096,Ejulve,200
2015,44097,Escorihuela,158
2015,44099,Escucha,953
2015,44100,Estercuel,229
2015,44101,Ferreruela de Huerva,69
2015,44102,Fonfría,31
2015,44103,Formiche Alto,180
2015,44105,Fórnoles,86
2015,44106,Fortanete,203
2015,44107,Foz-Calanda,269
2015,44108,La Fresneda,474
2015,44109,Frías de Albarracín,131
2015,44110,Fuenferrada,57
2015,44111,Fuentes Calientes,93
2015,44112,Fuentes Claras,528
2015,44113,Fuentes de Rubielos,121
2015,44114,Fuentespalda,285
2015,44115,Galve,167
2015,44116,Gargallo,103
2015,44117,Gea de Albarracín,387
2015,44118,La Ginebrosa,203
2015,44119,Griegos,157
2015,44120,Guadalaviar,247
2015,44121,Gúdar,77
2015,44122,Híjar,1761
2015,44123,Hinojosa de Jarque,136
2015,44124,La Hoz de la Vieja,82
2015,44125,Huesa del Común,73
2015,44126,La Iglesuela del Cid,432
2015,44127,Jabaloyas,77
2015,44128,Jarque de la Val,78
2015,44129,Jatiel,48
2015,44130,Jorcas,41
2015,44131,Josa,36
2015,44132,Lagueruela,81
2015,44133,Lanzuela,29
2015,44135,Libros,124
2015,44136,Lidón,52
2015,44137,Linares de Mora,287
2015,44138,Loscos,151
2015,44141,Lledó,169
2015,44142,Maicas,36
2015,44143,Manzanera,510
2015,44144,Martín del Río,441
2015,44145,Mas de las Matas,1318
2015,44146,La Mata de los Olmos,261
2015,44147,Mazaleón,534
2015,44148,Mezquita de Jarque,115
2015,44149,Mirambel,119
2015,44150,Miravete de la Sierra,29
2015,44151,Molinos,258
2015,44152,Monforte de Moyuela,66
2015,44153,Monreal del Campo,2611
2015,44154,Monroyo,360
2015,44155,Montalbán,1327
2015,44156,Monteagudo del Castillo,52
2015,44157,Monterde de Albarracín,69
2015,44158,Mora de Rubielos,1585
2015,44159,Moscardón,58
2015,44160,Mosqueruela,593
2015,44161,Muniesa,635
2015,44163,Noguera de Albarracín,151
2015,44164,Nogueras,29
2015,44165,Nogueruelas,207
2015,44167,Obón,48
2015,44168,Odón,226
2015,44169,Ojos Negros,413
2015,44171,Olba,240
2015,44172,Oliete,412
2015,44173,Los Olmos,127
2015,44174,Orihuela del Tremedal,535
2015,44175,Orrios,137
2015,44176,Palomar de Arroyos,182
2015,44177,Pancrudo,112
2015,44178,Las Parras de Castellote,59
2015,44179,Peñarroya de Tastavins,477
2015,44180,Peracense,72
2015,44181,Peralejos,86
2015,44182,Perales del Alfambra,238
2015,44183,Pitarque,90
2015,44184,Plou,52
2015,44185,El Pobo,142
2015,44187,La Portellada,240
2015,44189,Pozondón,62
2015,44190,Pozuel del Campo,74
2015,44191,La Puebla de Híjar,947
2015,44192,La Puebla de Valverde,500
2015,44193,Puertomingalvo,119
2015,44194,Ráfales,133
2015,44195,Rillo,97
2015,44196,Riodeva,163
2015,44197,Ródenas,66
2015,44198,Royuela,221
2015,44199,Rubiales,53
2015,44200,Rubielos de la Cérida,41
2015,44201,Rubielos de Mora,661
2015,44203,Salcedillo,13
2015,44204,Saldón,27
2015,44205,Samper de Calanda,854
2015,44206,San Agustín,141
2015,44207,San Martín del Río,174
2015,44208,Santa Cruz de Nogueras,39
2015,44209,Santa Eulalia,1081
2015,44210,Sarrión,1167
2015,44211,Segura de los Baños,40
2015,44212,Seno,43
2015,44213,Singra,80
2015,44215,Terriente,178
2015,44216,Teruel,35590
2015,44217,Toril y Masegoso,30
2015,44218,Tormón,34
2015,44219,Tornos,235
2015,44220,Torralba de los Sisones,157
2015,44221,Torrecilla de Alcañiz,407
2015,44222,Torrecilla del Rebollar,144
2015,44223,Torre de Arcas,81
2015,44224,Torre de las Arcas,29
2015,44225,Torre del Compte,137
2015,44226,Torrelacárcel,184
2015,44227,Torre los Negros,90
2015,44228,Torremocha de Jiloca,110
2015,44229,Torres de Albarracín,181
2015,44230,Torrevelilla,200
2015,44231,Torrijas,45
2015,44232,Torrijo del Campo,489
2015,44234,Tramacastiel,75
2015,44235,Tramacastilla,107
2015,44236,Tronchón,68
2015,44237,Urrea de Gaén,488
2015,44238,Utrillas,3110
2015,44239,Valacloche,27
2015,44240,Valbona,193
2015,44241,Valdealgorfa,664
2015,44243,Valdecuenca,40
2015,44244,Valdelinares,85
2015,44245,Valdeltormo,312
2015,44246,Valderrobres,2342
2015,44247,Valjunquera,358
2015,44249,El Vallecillo,60
2015,44250,Veguillas de la Sierra,22
2015,44251,Villafranca del Campo,299
2015,44252,Villahermosa del Campo,103
2015,44256,Villanueva del Rebollar de la Sierra,51
2015,44257,Villar del Cobo,189
2015,44258,Villar del Salz,74
2015,44260,Villarluengo,189
2015,44261,Villarquemado,869
2015,44262,Villarroya de los Pinares,163
2015,44263,Villastar,526
2015,44264,Villel,342
2015,44265,Vinaceite,262
2015,44266,Visiedo,133
2015,44267,Vivel del Río Martín,83
2015,44268,La Zoma,18
2016,44001,Ababuj,76
2016,44002,Abejuela,56
2016,44003,Aguatón,19
2016,44004,Aguaviva,550
2016,44005,Aguilar del Alfambra,64
2016,44006,Alacón,279
2016,44007,Alba,196
2016,44008,Albalate del Arzobispo,2003
2016,44009,Albarracín,1054
2016,44010,Albentosa,267
2016,44011,Alcaine,70
2016,44012,Alcalá de la Selva,398
2016,44013,Alcañiz,16043
2016,44014,Alcorisa,3326
2016,44016,Alfambra,568
2016,44017,Aliaga,348
2016,44018,Almohaja,19
2016,44019,Alobras,63
2016,44020,Alpeñés,23
2016,44021,Allepuz,128
2016,44022,Alloza,602
2016,44023,Allueva,29
2016,44024,Anadón,27
2016,44025,Andorra,7875
2016,44026,Arcos de las Salinas,106
2016,44027,Arens de Lledó,212
2016,44028,Argente,207
2016,44029,Ariño,738
2016,44031,Azaila,106
2016,44032,Bádenas,19
2016,44033,Báguena,316
2016,44034,Bañón,158
2016,44035,Barrachina,129
2016,44036,Bea,35
2016,44037,Beceite,561
2016,44038,Belmonte de San José,119
2016,44039,Bello,245
2016,44040,Berge,248
2016,44041,Bezas,65
2016,44042,Blancas,147
2016,44043,Blesa,101
2016,44044,Bordón,114
2016,44045,Bronchales,417
2016,44046,Bueña,53
2016,44047,Burbáguena,254
2016,44048,Cabra de Mora,68
2016,44049,Calaceite,1039
2016,44050,Calamocha,4368
2016,44051,Calanda,3846
2016,44052,Calomarde,80
2016,44053,Camañas,130
2016,44054,Camarena de la Sierra,127
2016,44055,Camarillas,94
2016,44056,Caminreal,637
2016,44059,Cantavieja,712
2016,44060,Cañada de Benatanduz,41
2016,44061,La Cañada de Verich,94
2016,44062,Cañada Vellida,35
2016,44063,Cañizar del Olivar,94
2016,44064,Cascante del Río,74
2016,44065,Castejón de Tornos,62
2016,44066,Castel de Cabra,120
2016,44067,Castelnou,137
2016,44068,Castelserás,827
2016,44070,El Castellar,56
2016,44071,Castellote,706
2016,44074,Cedrillas,619
2016,44075,Celadas,403
2016,44076,Cella,2673
2016,44077,La Cerollera,96
2016,44080,La Codoñera,368
2016,44082,Corbalán,109
2016,44084,Cortes de Aragón,63
2016,44085,Cosa,55
2016,44086,Cretas,554
2016,44087,Crivillén,71
2016,44088,La Cuba,38
2016,44089,Cubla,52
2016,44090,Cucalón,96
2016,44092,El Cuervo,89
2016,44093,Cuevas de Almudén,141
2016,44094,Cuevas Labradas,127
2016,44096,Ejulve,189
2016,44097,Escorihuela,152
2016,44099,Escucha,954
2016,44100,Estercuel,237
2016,44101,Ferreruela de Huerva,67
2016,44102,Fonfría,31
2016,44103,Formiche Alto,164
2016,44105,Fórnoles,86
2016,44106,Fortanete,204
2016,44107,Foz-Calanda,264
2016,44108,La Fresneda,470
2016,44109,Frías de Albarracín,130
2016,44110,Fuenferrada,56
2016,44111,Fuentes Calientes,105
2016,44112,Fuentes Claras,494
2016,44113,Fuentes de Rubielos,114
2016,44114,Fuentespalda,291
2016,44115,Galve,159
2016,44116,Gargallo,102
2016,44117,Gea de Albarracín,374
2016,44118,La Ginebrosa,199
2016,44119,Griegos,160
2016,44120,Guadalaviar,245
2016,44121,Gúdar,73
2016,44122,Híjar,1724
2016,44123,Hinojosa de Jarque,131
2016,44124,La Hoz de la Vieja,79
2016,44125,Huesa del Común,69
2016,44126,La Iglesuela del Cid,424
2016,44127,Jabaloyas,77
2016,44128,Jarque de la Val,74
2016,44129,Jatiel,42
2016,44130,Jorcas,38
2016,44131,Josa,34
2016,44132,Lagueruela,79
2016,44133,Lanzuela,27
2016,44135,Libros,113
2016,44136,Lidón,55
2016,44137,Linares de Mora,267
2016,44138,Loscos,138
2016,44141,Lledó,163
2016,44142,Maicas,35
2016,44143,Manzanera,502
2016,44144,Martín del Río,429
2016,44145,Mas de las Matas,1302
2016,44146,La Mata de los Olmos,263
2016,44147,Mazaleón,540
2016,44148,Mezquita de Jarque,109
2016,44149,Mirambel,122
2016,44150,Miravete de la Sierra,28
2016,44151,Molinos,251
2016,44152,Monforte de Moyuela,66
2016,44153,Monreal del Campo,2526
2016,44154,Monroyo,338
2016,44155,Montalbán,1281
2016,44156,Monteagudo del Castillo,52
2016,44157,Monterde de Albarracín,66
2016,44158,Mora de Rubielos,1574
2016,44159,Moscardón,56
2016,44160,Mosqueruela,581
2016,44161,Muniesa,629
2016,44163,Noguera de Albarracín,146
2016,44164,Nogueras,29
2016,44165,Nogueruelas,214
2016,44167,Obón,44
2016,44168,Odón,225
2016,44169,Ojos Negros,405
2016,44171,Olba,230
2016,44172,Oliete,365
2016,44173,Los Olmos,127
2016,44174,Orihuela del Tremedal,504
2016,44175,Orrios,133
2016,44176,Palomar de Arroyos,174
2016,44177,Pancrudo,116
2016,44178,Las Parras de Castellote,57
2016,44179,Peñarroya de Tastavins,465
2016,44180,Peracense,75
2016,44181,Peralejos,86
2016,44182,Perales del Alfambra,227
2016,44183,Pitarque,91
2016,44184,Plou,49
2016,44185,El Pobo,132
2016,44187,La Portellada,240
2016,44189,Pozondón,60
2016,44190,Pozuel del Campo,72
2016,44191,La Puebla de Híjar,930
2016,44192,La Puebla de Valverde,460
2016,44193,Puertomingalvo,112
2016,44194,Ráfales,138
2016,44195,Rillo,92
2016,44196,Riodeva,151
2016,44197,Ródenas,64
2016,44198,Royuela,215
2016,44199,Rubiales,50
2016,44200,Rubielos de la Cérida,39
2016,44201,Rubielos de Mora,658
2016,44203,Salcedillo,17
2016,44204,Saldón,26
2016,44205,Samper de Calanda,845
2016,44206,San Agustín,132
2016,44207,San Martín del Río,163
2016,44208,Santa Cruz de Nogueras,40
2016,44209,Santa Eulalia,1059
2016,44210,Sarrión,1125
2016,44211,Segura de los Baños,44
2016,44212,Seno,41
2016,44213,Singra,80
2016,44215,Terriente,173
2016,44216,Teruel,35564
2016,44217,Toril y Masegoso,30
2016,44218,Tormón,34
2016,44219,Tornos,228
2016,44220,Torralba de los Sisones,163
2016,44221,Torrecilla de Alcañiz,424
2016,44222,Torrecilla del Rebollar,137
2016,44223,Torre de Arcas,81
2016,44224,Torre de las Arcas,29
2016,44225,Torre del Compte,129
2016,44226,Torrelacárcel,176
2016,44227,Torre los Negros,87
2016,44228,Torremocha de Jiloca,110
2016,44229,Torres de Albarracín,179
2016,44230,Torrevelilla,203
2016,44231,Torrijas,45
2016,44232,Torrijo del Campo,462
2016,44234,Tramacastiel,66
2016,44235,Tramacastilla,108
2016,44236,Tronchón,67
2016,44237,Urrea de Gaén,475
2016,44238,Utrillas,3056
2016,44239,Valacloche,23
2016,44240,Valbona,186
2016,44241,Valdealgorfa,645
2016,44243,Valdecuenca,34
2016,44244,Valdelinares,90
2016,44245,Valdeltormo,296
2016,44246,Valderrobres,2311
2016,44247,Valjunquera,363
2016,44249,El Vallecillo,59
2016,44250,Veguillas de la Sierra,19
2016,44251,Villafranca del Campo,300
2016,44252,Villahermosa del Campo,99
2016,44256,Villanueva del Rebollar de la Sierra,49
2016,44257,Villar del Cobo,188
2016,44258,Villar del Salz,70
2016,44260,Villarluengo,176
2016,44261,Villarquemado,863
2016,44262,Villarroya de los Pinares,160
2016,44263,Villastar,503
2016,44264,Villel,338
2016,44265,Vinaceite,262
2016,44266,Visiedo,138
2016,44267,Vivel del Río Martín,78
2016,44268,La Zoma,16
2017,44001,Ababuj,73
2017,44002,Abejuela,50
2017,44003,Aguatón,19
2017,44004,Aguaviva,531
2017,44005,Aguilar del Alfambra,65
2017,44006,Alacón,274
2017,44007,Alba,185
2017,44008,Albalate del Arzobispo,1978
2017,44009,Albarracín,1044
2017,44010,Albentosa,255
2017,44011,Alcaine,62
2017,44012,Alcalá de la Selva,369
2017,44013,Alcañiz,15937
2017,44014,Alcorisa,3313
2017,44016,Alfambra,554
2017,44017,Aliaga,348
2017,44018,Almohaja,18
2017,44019,Alobras,65
2017,44020,Alpeñés,23
2017,44021,Allepuz,129
2017,44022,Alloza,594
2017,44023,Allueva,31
2017,44024,Anadón,27
2017,44025,Andorra,7799
2017,44026,Arcos de las Salinas,106
2017,44027,Arens de Lledó,199
2017,44028,Argente,207
2017,44029,Ariño,733
2017,44031,Azaila,97
2017,44032,Bádenas,18
2017,44033,Báguena,318
2017,44034,Bañón,149
2017,44035,Barrachina,121
2017,44036,Bea,30
2017,44037,Beceite,551
2017,44038,Belmonte de San José,113
2017,44039,Bello,244
2017,44040,Berge,245
2017,44041,Bezas,62
2017,44042,Blancas,134
2017,44043,Blesa,97
2017,44044,Bordón,108
2017,44045,Bronchales,440
2017,44046,Bueña,57
2017,44047,Burbáguena,254
2017,44048,Cabra de Mora,64
2017,44049,Calaceite,1038
2017,44050,Calamocha,4353
2017,44051,Calanda,3729
2017,44052,Calomarde,78
2017,44053,Camañas,129
2017,44054,Camarena de la Sierra,116
2017,44055,Camarillas,89
2017,44056,Caminreal,616
2017,44059,Cantavieja,717
2017,44060,Cañada de Benatanduz,42
2017,44061,La Cañada de Verich,85
2017,44062,Cañada Vellida,35
2017,44063,Cañizar del Olivar,93
2017,44064,Cascante del Río,73
2017,44065,Castejón de Tornos,62
2017,44066,Castel de Cabra,112
2017,44067,Castelnou,146
2017,44068,Castelserás,823
2017,44070,El Castellar,54
2017,44071,Castellote,688
2017,44074,Cedrillas,611
2017,44075,Celadas,408
2017,44076,Cella,2640
2017,44077,La Cerollera,98
2017,44080,La Codoñera,362
2017,44082,Corbalán,109
2017,44084,Cortes de Aragón,57
2017,44085,Cosa,55
2017,44086,Cretas,572
2017,44087,Crivillén,71
2017,44088,La Cuba,36
2017,44089,Cubla,55
2017,44090,Cucalón,91
2017,44092,El Cuervo,93
2017,44093,Cuevas de Almudén,138
2017,44094,Cuevas Labradas,126
2017,44096,Ejulve,187
2017,44097,Escorihuela,147
2017,44099,Escucha,913
2017,44100,Estercuel,223
2017,44101,Ferreruela de Huerva,65
2017,44102,Fonfría,30
2017,44103,Formiche Alto,155
2017,44105,Fórnoles,78
2017,44106,Fortanete,203
2017,44107,Foz-Calanda,260
2017,44108,La Fresneda,436
2017,44109,Frías de Albarracín,125
2017,44110,Fuenferrada,51
2017,44111,Fuentes Calientes,111
2017,44112,Fuentes Claras,482
2017,44113,Fuentes de Rubielos,112
2017,44114,Fuentespalda,298
2017,44115,Galve,162
2017,44116,Gargallo,101
2017,44117,Gea de Albarracín,372
2017,44118,La Ginebrosa,197
2017,44119,Griegos,151
2017,44120,Guadalaviar,241
2017,44121,Gúdar,81
2017,44122,Híjar,1697
2017,44123,Hinojosa de Jarque,132
2017,44124,La Hoz de la Vieja,86
2017,44125,Huesa del Común,67
2017,44126,La Iglesuela del Cid,414
2017,44127,Jabaloyas,68
2017,44128,Jarque de la Val,72
2017,44129,Jatiel,41
2017,44130,Jorcas,32
2017,44131,Josa,32
2017,44132,Lagueruela,84
2017,44133,Lanzuela,27
2017,44135,Libros,103
2017,44136,Lidón,53
2017,44137,Linares de Mora,260
2017,44138,Loscos,139
2017,44141,Lledó,166
2017,44142,Maicas,31
2017,44143,Manzanera,512
2017,44144,Martín del Río,432
2017,44145,Mas de las Matas,1270
2017,44146,La Mata de los Olmos,272
2017,44147,Mazaleón,543
2017,44148,Mezquita de Jarque,102
2017,44149,Mirambel,119
2017,44150,Miravete de la Sierra,31
2017,44151,Molinos,245
2017,44152,Monforte de Moyuela,64
2017,44153,Monreal del Campo,2478
2017,44154,Monroyo,335
2017,44155,Montalbán,1256
2017,44156,Monteagudo del Castillo,51
2017,44157,Monterde de Albarracín,62
2017,44158,Mora de Rubielos,1565
2017,44159,Moscardón,57
2017,44160,Mosqueruela,558
2017,44161,Muniesa,630
2017,44163,Noguera de Albarracín,134
2017,44164,Nogueras,28
2017,44165,Nogueruelas,211
2017,44167,Obón,44
2017,44168,Odón,217
2017,44169,Ojos Negros,393
2017,44171,Olba,227
2017,44172,Oliete,357
2017,44173,Los Olmos,122
2017,44174,Orihuela del Tremedal,493
2017,44175,Orrios,127
2017,44176,Palomar de Arroyos,169
2017,44177,Pancrudo,119
2017,44178,Las Parras de Castellote,61
2017,44179,Peñarroya de Tastavins,461
2017,44180,Peracense,75
2017,44181,Peralejos,87
2017,44182,Perales del Alfambra,221
2017,44183,Pitarque,84
2017,44184,Plou,45
2017,44185,El Pobo,129
2017,44187,La Portellada,246
2017,44189,Pozondón,54
2017,44190,Pozuel del Campo,70
2017,44191,La Puebla de Híjar,944
2017,44192,La Puebla de Valverde,457
2017,44193,Puertomingalvo,117
2017,44194,Ráfales,146
2017,44195,Rillo,92
2017,44196,Riodeva,149
2017,44197,Ródenas,62
2017,44198,Royuela,209
2017,44199,Rubiales,52
2017,44200,Rubielos de la Cérida,38
2017,44201,Rubielos de Mora,626
2017,44203,Salcedillo,17
2017,44204,Saldón,26
2017,44205,Samper de Calanda,821
2017,44206,San Agustín,131
2017,44207,San Martín del Río,155
2017,44208,Santa Cruz de Nogueras,38
2017,44209,Santa Eulalia,1033
2017,44210,Sarrión,1125
2017,44211,Segura de los Baños,43
2017,44212,Seno,40
2017,44213,Singra,79
2017,44215,Terriente,178
2017,44216,Teruel,35484
2017,44217,Toril y Masegoso,29
2017,44218,Tormón,34
2017,44219,Tornos,222
2017,44220,Torralba de los Sisones,162
2017,44221,Torrecilla de Alcañiz,426
2017,44222,Torrecilla del Rebollar,136
2017,44223,Torre de Arcas,83
2017,44224,Torre de las Arcas,28
2017,44225,Torre del Compte,130
2017,44226,Torrelacárcel,169
2017,44227,Torre los Negros,86
2017,44228,Torremocha de Jiloca,107
2017,44229,Torres de Albarracín,178
2017,44230,Torrevelilla,192
2017,44231,Torrijas,39
2017,44232,Torrijo del Campo,447
2017,44234,Tramacastiel,67
2017,44235,Tramacastilla,107
2017,44236,Tronchón,69
2017,44237,Urrea de Gaén,461
2017,44238,Utrillas,3014
2017,44239,Valacloche,23
2017,44240,Valbona,181
2017,44241,Valdealgorfa,632
2017,44243,Valdecuenca,37
2017,44244,Valdelinares,89
2017,44245,Valdeltormo,298
2017,44246,Valderrobres,2338
2017,44247,Valjunquera,341
2017,44249,El Vallecillo,49
2017,44250,Veguillas de la Sierra,19
2017,44251,Villafranca del Campo,289
2017,44252,Villahermosa del Campo,94
2017,44256,Villanueva del Rebollar de la Sierra,43
2017,44257,Villar del Cobo,175
2017,44258,Villar del Salz,59
2017,44260,Villarluengo,169
2017,44261,Villarquemado,875
2017,44262,Villarroya de los Pinares,155
2017,44263,Villastar,501
2017,44264,Villel,330
2017,44265,Vinaceite,262
2017,44266,Visiedo,135
2017,44267,Vivel del Río Martín,71
2017,44268,La Zoma,18
2018,44001,Ababuj,76
2018,44002,Abejuela,49
2018,44003,Aguatón,18
2018,44004,Aguaviva,522
2018,44005,Aguilar del Alfambra,63
2018,44006,Alacón,264
2018,44007,Alba,178
2018,44008,Albalate del Arzobispo,2004
2018,44009,Albarracín,1016
2018,44010,Albentosa,257
2018,44011,Alcaine,63
2018,44012,Alcalá de la Selva,347
2018,44013,Alcañiz,15939
2018,44014,Alcorisa,3276
2018,44016,Alfambra,531
2018,44017,Aliaga,358
2018,44018,Almohaja,16
2018,44019,Alobras,62
2018,44020,Alpeñés,22
2018,44021,Allepuz,126
2018,44022,Alloza,582
2018,44023,Allueva,29
2018,44024,Anadón,27
2018,44025,Andorra,7633
2018,44026,Arcos de las Salinas,105
2018,44027,Arens de Lledó,206
2018,44028,Argente,198
2018,44029,Ariño,708
2018,44031,Azaila,94
2018,44032,Bádenas,20
2018,44033,Báguena,311
2018,44034,Bañón,153
2018,44035,Barrachina,118
2018,44036,Bea,31
2018,44037,Beceite,541
2018,44038,Belmonte de San José,113
2018,44039,Bello,225
2018,44040,Berge,244
2018,44041,Bezas,70
2018,44042,Blancas,125
2018,44043,Blesa,95
2018,44044,Bordón,106
2018,44045,Bronchales,443
2018,44046,Bueña,63
2018,44047,Burbáguena,243
2018,44048,Cabra de Mora,55
2018,44049,Calaceite,1011
2018,44050,Calamocha,4319
2018,44051,Calanda,3708
2018,44052,Calomarde,74
2018,44053,Camañas,124
2018,44054,Camarena de la Sierra,113
2018,44055,Camarillas,86
2018,44056,Caminreal,619
2018,44059,Cantavieja,714
2018,44060,Cañada de Benatanduz,39
2018,44061,La Cañada de Verich,87
2018,44062,Cañada Vellida,35
2018,44063,Cañizar del Olivar,98
2018,44064,Cascante del Río,71
2018,44065,Castejón de Tornos,62
2018,44066,Castel de Cabra,104
2018,44067,Castelnou,160
2018,44068,Castelserás,831
2018,44070,El Castellar,52
2018,44071,Castellote,676
2018,44074,Cedrillas,630
2018,44075,Celadas,396
2018,44076,Cella,2606
2018,44077,La Cerollera,100
2018,44080,La Codoñera,344
2018,44082,Corbalán,109
2018,44084,Cortes de Aragón,61
2018,44085,Cosa,52
2018,44086,Cretas,571
2018,44087,Crivillén,68
2018,44088,La Cuba,41
2018,44089,Cubla,54
2018,44090,Cucalón,80
2018,44092,El Cuervo,86
2018,44093,Cuevas de Almudén,122
2018,44094,Cuevas Labradas,131
2018,44096,Ejulve,180
2018,44097,Escorihuela,139
2018,44099,Escucha,885
2018,44100,Estercuel,210
2018,44101,Ferreruela de Huerva,63
2018,44102,Fonfría,28
2018,44103,Formiche Alto,151
2018,44105,Fórnoles,75
2018,44106,Fortanete,205
2018,44107,Foz-Calanda,238
2018,44108,La Fresneda,443
2018,44109,Frías de Albarracín,116
2018,44110,Fuenferrada,42
2018,44111,Fuentes Calientes,101
2018,44112,Fuentes Claras,461
2018,44113,Fuentes de Rubielos,114
2018,44114,Fuentespalda,286
2018,44115,Galve,161
2018,44116,Gargallo,89
2018,44117,Gea de Albarracín,376
2018,44118,La Ginebrosa,200
2018,44119,Griegos,143
2018,44120,Guadalaviar,242
2018,44121,Gúdar,72
2018,44122,Híjar,1709
2018,44123,Hinojosa de Jarque,119
2018,44124,La Hoz de la Vieja,85
2018,44125,Huesa del Común,67
2018,44126,La Iglesuela del Cid,414
2018,44127,Jabaloyas,65
2018,44128,Jarque de la Val,70
2018,44129,Jatiel,40
2018,44130,Jorcas,34
2018,44131,Josa,34
2018,44132,Lagueruela,78
2018,44133,Lanzuela,24
2018,44135,Libros,101
2018,44136,Lidón,55
2018,44137,Linares de Mora,249
2018,44138,Loscos,129
2018,44141,Lledó,172
2018,44142,Maicas,27
2018,44143,Manzanera,519
2018,44144,Martín del Río,417
2018,44145,Mas de las Matas,1272
2018,44146,La Mata de los Olmos,265
2018,44147,Mazaleón,539
2018,44148,Mezquita de Jarque,98
2018,44149,Mirambel,116
2018,44150,Miravete de la Sierra,35
2018,44151,Molinos,243
2018,44152,Monforte de Moyuela,65
2018,44153,Monreal del Campo,2433
2018,44154,Monroyo,340
2018,44155,Montalbán,1243
2018,44156,Monteagudo del Castillo,50
2018,44157,Monterde de Albarracín,63
2018,44158,Mora de Rubielos,1541
2018,44159,Moscardón,55
2018,44160,Mosqueruela,551
2018,44161,Muniesa,599
2018,44163,Noguera de Albarracín,133
2018,44164,Nogueras,25
2018,44165,Nogueruelas,217
2018,44167,Obón,45
2018,44168,Odón,205
2018,44169,Ojos Negros,377
2018,44171,Olba,226
2018,44172,Oliete,364
2018,44173,Los Olmos,122
2018,44174,Orihuela del Tremedal,487
2018,44175,Orrios,126
2018,44176,Palomar de Arroyos,169
2018,44177,Pancrudo,110
2018,44178,Las Parras de Castellote,53
2018,44179,Peñarroya de Tastavins,439
2018,44180,Peracense,76
2018,44181,Peralejos,88
2018,44182,Perales del Alfambra,221
2018,44183,Pitarque,79
2018,44184,Plou,43
2018,44185,El Pobo,114
2018,44187,La Portellada,243
2018,44189,Pozondón,48
2018,44190,Pozuel del Campo,68
2018,44191,La Puebla de Híjar,908
2018,44192,La Puebla de Valverde,453
2018,44193,Puertomingalvo,112
2018,44194,Ráfales,143
2018,44195,Rillo,93
2018,44196,Riodeva,144
2018,44197,Ródenas,61
2018,44198,Royuela,206
2018,44199,Rubiales,50
2018,44200,Rubielos de la Cérida,38
2018,44201,Rubielos de Mora,627
2018,44203,Salcedillo,17
2018,44204,Saldón,26
2018,44205,Samper de Calanda,783
2018,44206,San Agustín,125
2018,44207,San Martín del Río,148
2018,44208,Santa Cruz de Nogueras,37
2018,44209,Santa Eulalia,1037
2018,44210,Sarrión,1133
2018,44211,Segura de los Baños,39
2018,44212,Seno,39
2018,44213,Singra,80
2018,44215,Terriente,183
2018,44216,Teruel,35691
2018,44217,Toril y Masegoso,30
2018,44218,Tormón,31
2018,44219,Tornos,213
2018,44220,Torralba de los Sisones,156
2018,44221,Torrecilla de Alcañiz,423
2018,44222,Torrecilla del Rebollar,127
2018,44223,Torre de Arcas,89
2018,44224,Torre de las Arcas,28
2018,44225,Torre del Compte,132
2018,44226,Torrelacárcel,154
2018,44227,Torre los Negros,88
2018,44228,Torremocha de Jiloca,107
2018,44229,Torres de Albarracín,183
2018,44230,Torrevelilla,189
2018,44231,Torrijas,38
2018,44232,Torrijo del Campo,447
2018,44234,Tramacastiel,64
2018,44235,Tramacastilla,106
2018,44236,Tronchón,65
2018,44237,Urrea de Gaén,436
2018,44238,Utrillas,2970
2018,44239,Valacloche,21
2018,44240,Valbona,174
2018,44241,Valdealgorfa,622
2018,44243,Valdecuenca,35
2018,44244,Valdelinares,87
2018,44245,Valdeltormo,279
2018,44246,Valderrobres,2388
2018,44247,Valjunquera,325
2018,44249,El Vallecillo,48
2018,44250,Veguillas de la Sierra,20
2018,44251,Villafranca del Campo,297
2018,44252,Villahermosa del Campo,94
2018,44256,Villanueva del Rebollar de la Sierra,47
2018,44257,Villar del Cobo,164
2018,44258,Villar del Salz,60
2018,44260,Villarluengo,177
2018,44261,Villarquemado,862
2018,44262,Villarroya de los Pinares,160
2018,44263,Villastar,494
2018,44264,Villel,327
2018,44265,Vinaceite,249
2018,44266,Visiedo,125
2018,44267,Vivel del Río Martín,79
2018,44268,La Zoma,16
2019,44001,Ababuj,73
2019,44002,Abejuela,48
2019,44003,Aguatón,18
2019,44004,Aguaviva,514
2019,44005,Aguilar del Alfambra,63
2019,44006,Alacón,252
2019,44007,Alba,170
2019,44008,Albalate del Arzobispo,1980
2019,44009,Albarracín,1025
2019,44010,Albentosa,276
2019,44011,Alcaine,59
2019,44012,Alcalá de la Selva,343
2019,44013,Alcañiz,15947
2019,44014,Alcorisa,3266
2019,44016,Alfambra,508
2019,44017,Aliaga,341
2019,44018,Almohaja,16
2019,44019,Alobras,64
2019,44020,Alpeñés,22
2019,44021,Allepuz,125
2019,44022,Alloza,558
2019,44023,Allueva,26
2019,44024,Anadón,28
2019,44025,Andorra,7472
2019,44026,Arcos de las Salinas,119
2019,44027,Arens de Lledó,211
2019,44028,Argente,195
2019,44029,Ariño,724
2019,44031,Azaila,90
2019,44032,Bádenas,19
2019,44033,Báguena,287
2019,44034,Bañón,144
2019,44035,Barrachina,112
2019,44036,Bea,31
2019,44037,Beceite,541
2019,44038,Belmonte de San José,113
2019,44039,Bello,224
2019,44040,Berge,235
2019,44041,Bezas,70
2019,44042,Blancas,126
2019,44043,Blesa,94
2019,44044,Bordón,100
2019,44045,Bronchales,432
2019,44046,Bueña,50
2019,44047,Burbáguena,249
2019,44048,Cabra de Mora,54
2019,44049,Calaceite,994
2019,44050,Calamocha,4339
2019,44051,Calanda,3748
2019,44052,Calomarde,75
2019,44053,Camañas,134
2019,44054,Camarena de la Sierra,105
2019,44055,Camarillas,100
2019,44056,Caminreal,620
2019,44059,Cantavieja,709
2019,44060,Cañada de Benatanduz,36
2019,44061,La Cañada de Verich,89
2019,44062,Cañada Vellida,31
2019,44063,Cañizar del Olivar,100
2019,44064,Cascante del Río,67
2019,44065,Castejón de Tornos,60
2019,44066,Castel de Cabra,96
2019,44067,Castelnou,141
2019,44068,Castelserás,815
2019,44070,El Castellar,58
2019,44071,Castellote,681
2019,44074,Cedrillas,664
2019,44075,Celadas,388
2019,44076,Cella,2574
2019,44077,La Cerollera,93
2019,44080,La Codoñera,336
2019,44082,Corbalán,107
2019,44084,Cortes de Aragón,61
2019,44085,Cosa,50
2019,44086,Cretas,567
2019,44087,Crivillén,62
2019,44088,La Cuba,43
2019,44089,Cubla,58
2019,44090,Cucalón,78
2019,44092,El Cuervo,78
2019,44093,Cuevas de Almudén,126
2019,44094,Cuevas Labradas,132
2019,44096,Ejulve,175
2019,44097,Escorihuela,136
2019,44099,Escucha,852
2019,44100,Estercuel,203
2019,44101,Ferreruela de Huerva,56
2019,44102,Fonfría,27
2019,44103,Formiche Alto,141
2019,44105,Fórnoles,80
2019,44106,Fortanete,205
2019,44107,Foz-Calanda,245
2019,44108,La Fresneda,438
2019,44109,Frías de Albarracín,115
2019,44110,Fuenferrada,37
2019,44111,Fuentes Calientes,92
2019,44112,Fuentes Claras,461
2019,44113,Fuentes de Rubielos,118
2019,44114,Fuentespalda,284
2019,44115,Galve,162
2019,44116,Gargallo,93
2019,44117,Gea de Albarracín,360
2019,44118,La Ginebrosa,194
2019,44119,Griegos,136
2019,44120,Guadalaviar,241
2019,44121,Gúdar,76
2019,44122,Híjar,1721
2019,44123,Hinojosa de Jarque,111
2019,44124,La Hoz de la Vieja,83
2019,44125,Huesa del Común,73
2019,44126,La Iglesuela del Cid,410
2019,44127,Jabaloyas,63
2019,44128,Jarque de la Val,66
2019,44129,Jatiel,37
2019,44130,Jorcas,30
2019,44131,Josa,34
2019,44132,Lagueruela,73
2019,44133,Lanzuela,22
2019,44135,Libros,102
2019,44136,Lidón,57
2019,44137,Linares de Mora,234
2019,44138,Loscos,122
2019,44141,Lledó,159
2019,44142,Maicas,28
2019,44143,Manzanera,531
2019,44144,Martín del Río,401
2019,44145,Mas de las Matas,1262
2019,44146,La Mata de los Olmos,257
2019,44147,Mazaleón,522
2019,44148,Mezquita de Jarque,96
2019,44149,Mirambel,116
2019,44150,Miravete de la Sierra,31
2019,44151,Molinos,239
2019,44152,Monforte de Moyuela,67
2019,44153,Monreal del Campo,2434
2019,44154,Monroyo,340
2019,44155,Montalbán,1233
2019,44156,Monteagudo del Castillo,54
2019,44157,Monterde de Albarracín,64
2019,44158,Mora de Rubielos,1548
2019,44159,Moscardón,54
2019,44160,Mosqueruela,537
2019,44161,Muniesa,583
2019,44163,Noguera de Albarracín,140
2019,44164,Nogueras,22
2019,44165,Nogueruelas,217
2019,44167,Obón,44
2019,44168,Odón,206
2019,44169,Ojos Negros,360
2019,44171,Olba,228
2019,44172,Oliete,351
2019,44173,Los Olmos,120
2019,44174,Orihuela del Tremedal,463
2019,44175,Orrios,125
2019,44176,Palomar de Arroyos,168
2019,44177,Pancrudo,113
2019,44178,Las Parras de Castellote,55
2019,44179,Peñarroya de Tastavins,439
2019,44180,Peracense,77
2019,44181,Peralejos,79
2019,44182,Perales del Alfambra,229
2019,44183,Pitarque,73
2019,44184,Plou,43
2019,44185,El Pobo,110
2019,44187,La Portellada,235
2019,44189,Pozondón,50
2019,44190,Pozuel del Campo,65
2019,44191,La Puebla de Híjar,897
2019,44192,La Puebla de Valverde,457
2019,44193,Puertomingalvo,109
2019,44194,Ráfales,138
2019,44195,Rillo,88
2019,44196,Riodeva,142
2019,44197,Ródenas,63
2019,44198,Royuela,204
2019,44199,Rubiales,52
2019,44200,Rubielos de la Cérida,39
2019,44201,Rubielos de Mora,621
2019,44203,Salcedillo,14
2019,44204,Saldón,27
2019,44205,Samper de Calanda,755
2019,44206,San Agustín,119
2019,44207,San Martín del Río,137
2019,44208,Santa Cruz de Nogueras,29
2019,44209,Santa Eulalia,1061
2019,44210,Sarrión,1128
2019,44211,Segura de los Baños,38
2019,44212,Seno,43
2019,44213,Singra,75
2019,44215,Terriente,183
2019,44216,Teruel,35890
2019,44217,Toril y Masegoso,32
2019,44218,Tormón,30
2019,44219,Tornos,206
2019,44220,Torralba de los Sisones,155
2019,44221,Torrecilla de Alcañiz,433
2019,44222,Torrecilla del Rebollar,124
2019,44223,Torre de Arcas,90
2019,44224,Torre de las Arcas,28
2019,44225,Torre del Compte,120
2019,44226,Torrelacárcel,151
2019,44227,Torre los Negros,84
2019,44228,Torremocha de Jiloca,109
2019,44229,Torres de Albarracín,180
2019,44230,Torrevelilla,186
2019,44231,Torrijas,41
2019,44232,Torrijo del Campo,455
2019,44234,Tramacastiel,72
2019,44235,Tramacastilla,103
2019,44236,Tronchón,67
2019,44237,Urrea de Gaén,435
2019,44238,Utrillas,2978
2019,44239,Valacloche,22
2019,44240,Valbona,167
2019,44241,Valdealgorfa,612
2019,44243,Valdecuenca,34
2019,44244,Valdelinares,88
2019,44245,Valdeltormo,283
2019,44246,Valderrobres,2425
2019,44247,Valjunquera,330
2019,44249,El Vallecillo,47
2019,44250,Veguillas de la Sierra,19
2019,44251,Villafranca del Campo,298
2019,44252,Villahermosa del Campo,89
2019,44256,Villanueva del Rebollar de la Sierra,39
2019,44257,Villar del Cobo,164
2019,44258,Villar del Salz,55
2019,44260,Villarluengo,170
2019,44261,Villarquemado,863
2019,44262,Villarroya de los Pinares,172
2019,44263,Villastar,505
2019,44264,Villel,329
2019,44265,Vinaceite,251
2019,44266,Visiedo,119
2019,44267,Vivel del Río Martín,73
2019,44268,La Zoma,33
2020,44001,Ababuj,77
2020,44002,Abejuela,50
2020,44003,Aguatón,19
2020,44004,Aguaviva,516
2020,44005,Aguilar del Alfambra,69
2020,44006,Alacón,238
2020,44007,Alba,165
2020,44008,Albalate del Arzobispo,1972
2020,44009,Albarracín,1006
2020,44010,Albentosa,289
2020,44011,Alcaine,53
2020,44012,Alcalá de la Selva,331
2020,44013,Alcañiz,16006
2020,44014,Alcorisa,3298
2020,44016,Alfambra,482
2020,44017,Aliaga,326
2020,44018,Almohaja,14
2020,44019,Alobras,64
2020,44020,Alpeñés,21
2020,44021,Allepuz,124
2020,44022,Alloza,572
2020,44023,Allueva,24
2020,44024,Anadón,32
2020,44025,Andorra,7345
2020,44026,Arcos de las Salinas,118
2020,44027,Arens de Lledó,205
2020,44028,Argente,193
2020,44029,Ariño,714
2020,44031,Azaila,93
2020,44032,Bádenas,19
2020,44033,Báguena,285
2020,44034,Bañón,146
2020,44035,Barrachina,109
2020,44036,Bea,29
2020,44037,Beceite,531
2020,44038,Belmonte de San José,123
2020,44039,Bello,219
2020,44040,Berge,241
2020,44041,Bezas,67
2020,44042,Blancas,125
2020,44043,Blesa,92
2020,44044,Bordón,105
2020,44045,Bronchales,417
2020,44046,Bueña,49
2020,44047,Burbáguena,211
2020,44048,Cabra de Mora,51
2020,44049,Calaceite,978
2020,44050,Calamocha,4429
2020,44051,Calanda,3822
2020,44052,Calomarde,74
2020,44053,Camañas,133
2020,44054,Camarena de la Sierra,107
2020,44055,Camarillas,92
2020,44056,Caminreal,615
2020,44059,Cantavieja,729
2020,44060,Cañada de Benatanduz,33
2020,44061,La Cañada de Verich,92
2020,44062,Cañada Vellida,36
2020,44063,Cañizar del Olivar,100
2020,44064,Cascante del Río,67
2020,44065,Castejón de Tornos,55
2020,44066,Castel de Cabra,93
2020,44067,Castelnou,134
2020,44068,Castelserás,800
2020,44070,El Castellar,55
2020,44071,Castellote,676
2020,44074,Cedrillas,639
2020,44075,Celadas,367
2020,44076,Cella,2571
2020,44077,La Cerollera,88
2020,44080,La Codoñera,319
2020,44082,Corbalán,109
2020,44084,Cortes de Aragón,60
2020,44085,Cosa,51
2020,44086,Cretas,554
2020,44087,Crivillén,86
2020,44088,La Cuba,43
2020,44089,Cubla,55
2020,44090,Cucalón,78
2020,44092,El Cuervo,80
2020,44093,Cuevas de Almudén,118
2020,44094,Cuevas Labradas,137
2020,44096,Ejulve,177
2020,44097,Escorihuela,136
2020,44099,Escucha,801
2020,44100,Estercuel,205
2020,44101,Ferreruela de Huerva,64
2020,44102,Fonfría,26
2020,44103,Formiche Alto,148
2020,44105,Fórnoles,74
2020,44106,Fortanete,202
2020,44107,Foz-Calanda,258
2020,44108,La Fresneda,443
2020,44109,Frías de Albarracín,104
2020,44110,Fuenferrada,36
2020,44111,Fuentes Calientes,91
2020,44112,Fuentes Claras,445
2020,44113,Fuentes de Rubielos,124
2020,44114,Fuentespalda,282
2020,44115,Galve,160
2020,44116,Gargallo,97
2020,44117,Gea de Albarracín,370
2020,44118,La Ginebrosa,197
2020,44119,Griegos,138
2020,44120,Guadalaviar,244
2020,44121,Gúdar,77
2020,44122,Híjar,1754
2020,44123,Hinojosa de Jarque,112
2020,44124,La Hoz de la Vieja,81
2020,44125,Huesa del Común,69
2020,44126,La Iglesuela del Cid,402
2020,44127,Jabaloyas,59
2020,44128,Jarque de la Val,62
2020,44129,Jatiel,39
2020,44130,Jorcas,29
2020,44131,Josa,34
2020,44132,Lagueruela,69
2020,44133,Lanzuela,22
2020,44135,Libros,100
2020,44136,Lidón,54
2020,44137,Linares de Mora,225
2020,44138,Loscos,125
2020,44141,Lledó,155
2020,44142,Maicas,31
2020,44143,Manzanera,516
2020,44144,Martín del Río,387
2020,44145,Mas de las Matas,1258
2020,44146,La Mata de los Olmos,261
2020,44147,Mazaleón,511
2020,44148,Mezquita de Jarque,89
2020,44149,Mirambel,116
2020,44150,Miravete de la Sierra,38
2020,44151,Molinos,222
2020,44152,Monforte de Moyuela,71
2020,44153,Monreal del Campo,2487
2020,44154,Monroyo,332
2020,44155,Montalbán,1245
2020,44156,Monteagudo del Castillo,49
2020,44157,Monterde de Albarracín,56
2020,44158,Mora de Rubielos,1512
2020,44159,Moscardón,55
2020,44160,Mosqueruela,532
2020,44161,Muniesa,583
2020,44163,Noguera de Albarracín,139
2020,44164,Nogueras,21
2020,44165,Nogueruelas,210
2020,44167,Obón,34
2020,44168,Odón,203
2020,44169,Ojos Negros,341
2020,44171,Olba,233
2020,44172,Oliete,343
2020,44173,Los Olmos,118
2020,44174,Orihuela del Tremedal,450
2020,44175,Orrios,128
2020,44176,Palomar de Arroyos,170
2020,44177,Pancrudo,119
2020,44178,Las Parras de Castellote,55
2020,44179,Peñarroya de Tastavins,446
2020,44180,Peracense,77
2020,44181,Peralejos,83
2020,44182,Perales del Alfambra,236
2020,44183,Pitarque,68
2020,44184,Plou,50
2020,44185,El Pobo,108
2020,44187,La Portellada,236
2020,44189,Pozondón,43
2020,44190,Pozuel del Campo,63
2020,44191,La Puebla de Híjar,899
2020,44192,La Puebla de Valverde,451
2020,44193,Puertomingalvo,117
2020,44194,Ráfales,139
2020,44195,Rillo,85
2020,44196,Riodeva,134
2020,44197,Ródenas,62
2020,44198,Royuela,210
2020,44199,Rubiales,49
2020,44200,Rubielos de la Cérida,39
2020,44201,Rubielos de Mora,635
2020,44203,Salcedillo,11
2020,44204,Saldón,24
2020,44205,Samper de Calanda,721
2020,44206,San Agustín,123
2020,44207,San Martín del Río,132
2020,44208,Santa Cruz de Nogueras,30
2020,44209,Santa Eulalia,1050
2020,44210,Sarrión,1148
2020,44211,Segura de los Baños,41
2020,44212,Seno,39
2020,44213,Singra,83
2020,44215,Terriente,180
2020,44216,Teruel,36240
2020,44217,Toril y Masegoso,33
2020,44218,Tormón,25
2020,44219,Tornos,202
2020,44220,Torralba de los Sisones,157
2020,44221,Torrecilla de Alcañiz,439
2020,44222,Torrecilla del Rebollar,123
2020,44223,Torre de Arcas,94
2020,44224,Torre de las Arcas,29
2020,44225,Torre del Compte,117
2020,44226,Torrelacárcel,143
2020,44227,Torre los Negros,83
2020,44228,Torremocha de Jiloca,107
2020,44229,Torres de Albarracín,185
2020,44230,Torrevelilla,170
2020,44231,Torrijas,43
2020,44232,Torrijo del Campo,447
2020,44234,Tramacastiel,67
2020,44235,Tramacastilla,104
2020,44236,Tronchón,68
2020,44237,Urrea de Gaén,427
2020,44238,Utrillas,3006
2020,44239,Valacloche,20
2020,44240,Valbona,172
2020,44241,Valdealgorfa,595
2020,44243,Valdecuenca,32
2020,44244,Valdelinares,92
2020,44245,Valdeltormo,281
2020,44246,Valderrobres,2435
2020,44247,Valjunquera,338
2020,44249,El Vallecillo,44
2020,44250,Veguillas de la Sierra,21
2020,44251,Villafranca del Campo,285
2020,44252,Villahermosa del Campo,83
2020,44256,Villanueva del Rebollar de la Sierra,42
2020,44257,Villar del Cobo,160
2020,44258,Villar del Salz,61
2020,44260,Villarluengo,171
2020,44261,Villarquemado,841
2020,44262,Villarroya de los Pinares,161
2020,44263,Villastar,507
2020,44264,Villel,333
2020,44265,Vinaceite,231
2020,44266,Visiedo,131
2020,44267,Vivel del Río Martín,72
2020,44268,La Zoma,32
2021,44001,Ababuj,76
2021,44002,Abejuela,57
2021,44003,Aguatón,17
2021,44004,Aguaviva,547
2021,44005,Aguilar del Alfambra,76
2021,44006,Alacón,235
2021,44007,Alba,184
2021,44008,Albalate del Arzobispo,1977
2021,44009,Albarracín,990
2021,44010,Albentosa,294
2021,44011,Alcaine,46
2021,44012,Alcalá de la Selva,352
2021,44013,Alcañiz,16029
2021,44014,Alcorisa,3293
2021,44016,Alfambra,483
2021,44017,Aliaga,333
2021,44018,Almohaja,14
2021,44019,Alobras,65
2021,44020,Alpeñés,20
2021,44021,Allepuz,128
2021,44022,Alloza,577
2021,44023,Allueva,22
2021,44024,Anadón,32
2021,44025,Andorra,7327
2021,44026,Arcos de las Salinas,112
2021,44027,Arens de Lledó,221
2021,44028,Argente,199
2021,44029,Ariño,685
2021,44031,Azaila,100
2021,44032,Bádenas,18
2021,44033,Báguena,278
2021,44034,Bañón,149
2021,44035,Barrachina,113
2021,44036,Bea,31
2021,44037,Beceite,544
2021,44038,Belmonte de San José,123
2021,44039,Bello,224
2021,44040,Berge,237
2021,44041,Bezas,63
2021,44042,Blancas,132
2021,44043,Blesa,85
2021,44044,Bordón,116
2021,44045,Bronchales,424
2021,44046,Bueña,52
2021,44047,Burbáguena,207
2021,44048,Cabra de Mora,68
2021,44049,Calaceite,982
2021,44050,Calamocha,4473
2021,44051,Calanda,3753
2021,44052,Calomarde,78
2021,44053,Camañas,140
2021,44054,Camarena de la Sierra,116
2021,44055,Camarillas,82
2021,44056,Caminreal,634
2021,44059,Cantavieja,734
2021,44060,Cañada de Benatanduz,34
2021,44061,La Cañada de Verich,101
2021,44062,Cañada Vellida,37
2021,44063,Cañizar del Olivar,105
2021,44064,Cascante del Río,69
2021,44065,Castejón de Tornos,52
2021,44066,Castel de Cabra,95
2021,44067,Castelnou,120
2021,44068,Castelserás,789
2021,44070,El Castellar,56
2021,44071,Castellote,687
2021,44074,Cedrillas,609
2021,44075,Celadas,374
2021,44076,Cella,2578
2021,44077,La Cerollera,84
2021,44080,La Codoñera,317
2021,44082,Corbalán,108
2021,44084,Cortes de Aragón,63
2021,44085,Cosa,55
2021,44086,Cretas,555
2021,44087,Crivillén,87
2021,44088,La Cuba,42
2021,44089,Cubla,52
2021,44090,Cucalón,82
2021,44092,El Cuervo,74
2021,44093,Cuevas de Almudén,118
2021,44094,Cuevas Labradas,137
2021,44096,Ejulve,178
2021,44097,Escorihuela,141
2021,44099,Escucha,782
2021,44100,Estercuel,209
2021,44101,Ferreruela de Huerva,74
2021,44102,Fonfría,29
2021,44103,Formiche Alto,155
2021,44105,Fórnoles,81
2021,44106,Fortanete,200
2021,44107,Foz-Calanda,271
2021,44108,La Fresneda,457
2021,44109,Frías de Albarracín,105
2021,44110,Fuenferrada,40
2021,44111,Fuentes Calientes,92
2021,44112,Fuentes Claras,433
2021,44113,Fuentes de Rubielos,154
2021,44114,Fuentespalda,293
2021,44115,Galve,163
2021,44116,Gargallo,98
2021,44117,Gea de Albarracín,378
2021,44118,La Ginebrosa,201
2021,44119,Griegos,138
2021,44120,Guadalaviar,253
2021,44121,Gúdar,79
2021,44122,Híjar,1771
2021,44123,Hinojosa de Jarque,110
2021,44124,La Hoz de la Vieja,91
2021,44125,Huesa del Común,73
2021,44126,La Iglesuela del Cid,407
2021,44127,Jabaloyas,61
2021,44128,Jarque de la Val,60
2021,44129,Jatiel,45
2021,44130,Jorcas,34
2021,44131,Josa,36
2021,44132,Lagueruela,66
2021,44133,Lanzuela,25
2021,44135,Libros,104
2021,44136,Lidón,54
2021,44137,Linares de Mora,226
2021,44138,Loscos,122
2021,44141,Lledó,172
2021,44142,Maicas,31
2021,44143,Manzanera,527
2021,44144,Martín del Río,372
2021,44145,Mas de las Matas,1271
2021,44146,La Mata de los Olmos,257
2021,44147,Mazaleón,503
2021,44148,Mezquita de Jarque,87
2021,44149,Mirambel,111
2021,44150,Miravete de la Sierra,38
2021,44151,Molinos,238
2021,44152,Monforte de Moyuela,71
2021,44153,Monreal del Campo,2522
2021,44154,Monroyo,318
2021,44155,Montalbán,1237
2021,44156,Monteagudo del Castillo,51
2021,44157,Monterde de Albarracín,57
2021,44158,Mora de Rubielos,1539
2021,44159,Moscardón,53
2021,44160,Mosqueruela,531
2021,44161,Muniesa,571
2021,44163,Noguera de Albarracín,142
2021,44164,Nogueras,28
2021,44165,Nogueruelas,207
2021,44167,Obón,32
2021,44168,Odón,218
2021,44169,Ojos Negros,330
2021,44171,Olba,264
2021,44172,Oliete,340
2021,44173,Los Olmos,118
2021,44174,Orihuela del Tremedal,454
2021,44175,Orrios,130
2021,44176,Palomar de Arroyos,168
2021,44177,Pancrudo,119
2021,44178,Las Parras de Castellote,56
2021,44179,Peñarroya de Tastavins,450
2021,44180,Peracense,85
2021,44181,Peralejos,85
2021,44182,Perales del Alfambra,251
2021,44183,Pitarque,69
2021,44184,Plou,48
2021,44185,El Pobo,112
2021,44187,La Portellada,230
2021,44189,Pozondón,47
2021,44190,Pozuel del Campo,62
2021,44191,La Puebla de Híjar,909
2021,44192,La Puebla de Valverde,445
2021,44193,Puertomingalvo,125
2021,44194,Ráfales,144
2021,44195,Rillo,92
2021,44196,Riodeva,128
2021,44197,Ródenas,61
2021,44198,Royuela,212
2021,44199,Rubiales,42
2021,44200,Rubielos de la Cérida,37
2021,44201,Rubielos de Mora,632
2021,44203,Salcedillo,11
2021,44204,Saldón,25
2021,44205,Samper de Calanda,731
2021,44206,San Agustín,138
2021,44207,San Martín del Río,137
2021,44208,Santa Cruz de Nogueras,30
2021,44209,Santa Eulalia,1066
2021,44210,Sarrión,1194
2021,44211,Segura de los Baños,38
2021,44212,Seno,44
2021,44213,Singra,80
2021,44215,Terriente,181
2021,44216,Teruel,35994
2021,44217,Toril y Masegoso,36
2021,44218,Tormón,25
2021,44219,Tornos,201
2021,44220,Torralba de los Sisones,162
2021,44221,Torrecilla de Alcañiz,450
2021,44222,Torrecilla del Rebollar,122
2021,44223,Torre de Arcas,93
2021,44224,Torre de las Arcas,25
2021,44225,Torre del Compte,122
2021,44226,Torrelacárcel,142
2021,44227,Torre los Negros,82
2021,44228,Torremocha de Jiloca,108
2021,44229,Torres de Albarracín,171
2021,44230,Torrevelilla,180
2021,44231,Torrijas,38
2021,44232,Torrijo del Campo,470
2021,44234,Tramacastiel,67
2021,44235,Tramacastilla,105
2021,44236,Tronchón,65
2021,44237,Urrea de Gaén,435
2021,44238,Utrillas,3003
2021,44239,Valacloche,24
2021,44240,Valbona,184
2021,44241,Valdealgorfa,589
2021,44243,Valdecuenca,29
2021,44244,Valdelinares,82
2021,44245,Valdeltormo,293
2021,44246,Valderrobres,2457
2021,44247,Valjunquera,342
2021,44249,El Vallecillo,39
2021,44250,Veguillas de la Sierra,21
2021,44251,Villafranca del Campo,302
2021,44252,Villahermosa del Campo,88
2021,44256,Villanueva del Rebollar de la Sierra,42
2021,44257,Villar del Cobo,163
2021,44258,Villar del Salz,66
2021,44260,Villarluengo,169
2021,44261,Villarquemado,846
2021,44262,Villarroya de los Pinares,175
2021,44263,Villastar,548
2021,44264,Villel,325
2021,44265,Vinaceite,215
2021,44266,Visiedo,124
2021,44267,Vivel del Río Martín,75
2021,44268,La Zoma,31
2022,44001,Ababuj,72
2022,44002,Abejuela,56
2022,44003,Aguatón,16
2022,44004,Aguaviva,556
2022,44005,Aguilar del Alfambra,81
2022,44006,Alacón,219
2022,44007,Alba,181
2022,44008,Albalate del Arzobispo,1959
2022,44009,Albarracín,1008
2022,44010,Albentosa,275
2022,44011,Alcaine,46
2022,44012,Alcalá de la Selva,383
2022,44013,Alcañiz,16054
2022,44014,Alcorisa,3252
2022,44016,Alfambra,490
2022,44017,Aliaga,323
2022,44018,Almohaja,16
2022,44019,Alobras,67
2022,44020,Alpeñés,20
2022,44021,Allepuz,124
2022,44022,Alloza,553
2022,44023,Allueva,21
2022,44024,Anadón,33
2022,44025,Andorra,7201
2022,44026,Arcos de las Salinas,117
2022,44027,Arens de Lledó,214
2022,44028,Argente,208
2022,44029,Ariño,665
2022,44031,Azaila,105
2022,44032,Bádenas,19
2022,44033,Báguena,271
2022,44034,Bañón,157
2022,44035,Barrachina,116
2022,44036,Bea,33
2022,44037,Beceite,550
2022,44038,Belmonte de San José,136
2022,44039,Bello,230
2022,44040,Berge,231
2022,44041,Bezas,63
2022,44042,Blancas,140
2022,44043,Blesa,88
2022,44044,Bordón,111
2022,44045,Bronchales,435
2022,44046,Bueña,51
2022,44047,Burbáguena,278
2022,44048,Cabra de Mora,69
2022,44049,Calaceite,993
2022,44050,Calamocha,4485
2022,44051,Calanda,3755
2022,44052,Calomarde,77
2022,44053,Camañas,137
2022,44054,Camarena de la Sierra,123
2022,44055,Camarillas,84
2022,44056,Caminreal,625
2022,44059,Cantavieja,707
2022,44060,Cañada de Benatanduz,35
2022,44061,La Cañada de Verich,97
2022,44062,Cañada Vellida,38
2022,44063,Cañizar del Olivar,103
2022,44064,Cascante del Río,66
2022,44065,Castejón de Tornos,53
2022,44066,Castel de Cabra,95
2022,44067,Castelnou,113
2022,44068,Castelserás,793
2022,44070,El Castellar,55
2022,44071,Castellote,677
2022,44074,Cedrillas,634
2022,44075,Celadas,362
2022,44076,Cella,2611
2022,44077,La Cerollera,74
2022,44080,La Codoñera,317
2022,44082,Corbalán,110
2022,44084,Cortes de Aragón,62
2022,44085,Cosa,50
2022,44086,Cretas,563
2022,44087,Crivillén,90
2022,44088,La Cuba,42
2022,44089,Cubla,60
2022,44090,Cucalón,78
2022,44092,El Cuervo,72
2022,44093,Cuevas de Almudén,126
2022,44094,Cuevas Labradas,133
2022,44096,Ejulve,186
2022,44097,Escorihuela,138
2022,44099,Escucha,773
2022,44100,Estercuel,205
2022,44101,Ferreruela de Huerva,70
2022,44102,Fonfría,30
2022,44103,Formiche Alto,159
2022,44105,Fórnoles,86
2022,44106,Fortanete,209
2022,44107,Foz-Calanda,273
2022,44108,La Fresneda,462
2022,44109,Frías de Albarracín,105
2022,44110,Fuenferrada,35
2022,44111,Fuentes Calientes,89
2022,44112,Fuentes Claras,434
2022,44113,Fuentes de Rubielos,160
2022,44114,Fuentespalda,293
2022,44115,Galve,150
2022,44116,Gargallo,98
2022,44117,Gea de Albarracín,434
2022,44118,La Ginebrosa,200
2022,44119,Griegos,140
2022,44120,Guadalaviar,249
2022,44121,Gúdar,73
2022,44122,Híjar,1751
2022,44123,Hinojosa de Jarque,106
2022,44124,La Hoz de la Vieja,90
2022,44125,Huesa del Común,71
2022,44126,La Iglesuela del Cid,395
2022,44127,Jabaloyas,65
2022,44128,Jarque de la Val,56
2022,44129,Jatiel,46
2022,44130,Jorcas,36
2022,44131,Josa,42
2022,44132,Lagueruela,71
2022,44133,Lanzuela,25
2022,44135,Libros,102
2022,44136,Lidón,53
2022,44137,Linares de Mora,235
2022,44138,Loscos,118
2022,44141,Lledó,171
2022,44142,Maicas,31
2022,44143,Manzanera,533
2022,44144,Martín del Río,372
2022,44145,Mas de las Matas,1255
2022,44146,La Mata de los Olmos,270
2022,44147,Mazaleón,487
2022,44148,Mezquita de Jarque,84
2022,44149,Mirambel,111
2022,44150,Miravete de la Sierra,27
2022,44151,Molinos,227
2022,44152,Monforte de Moyuela,75
2022,44153,Monreal del Campo,2499
2022,44154,Monroyo,312
2022,44155,Montalbán,1209
2022,44156,Monteagudo del Castillo,43
2022,44157,Monterde de Albarracín,55
2022,44158,Mora de Rubielos,1569
2022,44159,Moscardón,52
2022,44160,Mosqueruela,551
2022,44161,Muniesa,571
2022,44163,Noguera de Albarracín,138
2022,44164,Nogueras,27
2022,44165,Nogueruelas,205
2022,44167,Obón,35
2022,44168,Odón,214
2022,44169,Ojos Negros,328
2022,44171,Olba,266
2022,44172,Oliete,330
2022,44173,Los Olmos,120
2022,44174,Orihuela del Tremedal,454
2022,44175,Orrios,123
2022,44176,Palomar de Arroyos,172
2022,44177,Pancrudo,123
2022,44178,Las Parras de Castellote,60
2022,44179,Peñarroya de Tastavins,450
2022,44180,Peracense,78
2022,44181,Peralejos,85
2022,44182,Perales del Alfambra,264
2022,44183,Pitarque,69
2022,44184,Plou,47
2022,44185,El Pobo,106
2022,44187,La Portellada,236
2022,44189,Pozondón,48
2022,44190,Pozuel del Campo,60
2022,44191,La Puebla de Híjar,914
2022,44192,La Puebla de Valverde,448
2022,44193,Puertomingalvo,141
2022,44194,Ráfales,146
2022,44195,Rillo,86
2022,44196,Riodeva,136
2022,44197,Ródenas,62
2022,44198,Royuela,225
2022,44199,Rubiales,43
2022,44200,Rubielos de la Cérida,32
2022,44201,Rubielos de Mora,624
2022,44203,Salcedillo,11
2022,44204,Saldón,22
2022,44205,Samper de Calanda,731
2022,44206,San Agustín,134
2022,44207,San Martín del Río,132
2022,44208,Santa Cruz de Nogueras,25
2022,44209,Santa Eulalia,1033
2022,44210,Sarrión,1201
2022,44211,Segura de los Baños,42
2022,44212,Seno,43
2022,44213,Singra,80
2022,44215,Terriente,191
2022,44216,Teruel,35900
2022,44217,Toril y Masegoso,37
2022,44218,Tormón,26
2022,44219,Tornos,196
2022,44220,Torralba de los Sisones,151
2022,44221,Torrecilla de Alcañiz,460
2022,44222,Torrecilla del Rebollar,121
2022,44223,Torre de Arcas,82
2022,44224,Torre de las Arcas,24
2022,44225,Torre del Compte,125
2022,44226,Torrelacárcel,140
2022,44227,Torre los Negros,81
2022,44228,Torremocha de Jiloca,106
2022,44229,Torres de Albarracín,168
2022,44230,Torrevelilla,170
2022,44231,Torrijas,35
2022,44232,Torrijo del Campo,482
2022,44234,Tramacastiel,66
2022,44235,Tramacastilla,117
2022,44236,Tronchón,61
2022,44237,Urrea de Gaén,440
2022,44238,Utrillas,3011
2022,44239,Valacloche,26
2022,44240,Valbona,188
2022,44241,Valdealgorfa,591
2022,44243,Valdecuenca,31
2022,44244,Valdelinares,78
2022,44245,Valdeltormo,301
2022,44246,Valderrobres,2498
2022,44247,Valjunquera,337
2022,44249,El Vallecillo,41
2022,44250,Veguillas de la Sierra,21
2022,44251,Villafranca del Campo,301
2022,44252,Villahermosa del Campo,90
2022,44256,Villanueva del Rebollar de la Sierra,44
2022,44257,Villar del Cobo,165
2022,44258,Villar del Salz,63
2022,44260,Villarluengo,174
2022,44261,Villarquemado,857
2022,44262,Villarroya de los Pinares,172
2022,44263,Villastar,543
2022,44264,Villel,329
2022,44265,Vinaceite,211
2022,44266,Visiedo,118
2022,44267,Vivel del Río Martín,68
2022,44268,La Zoma,30
2023,44001,Ababuj,70
2023,44002,Abejuela,55
2023,44003,Aguatón,15
2023,44004,Aguaviva,565
2023,44005,Aguilar del Alfambra,83
2023,44006,Alacón,212
2023,44007,Alba,187
2023,44008,Albalate del Arzobispo,1955
2023,44009,Albarracín,1015
2023,44010,Albentosa,302
2023,44011,Alcaine,48
2023,44012,Alcalá de la Selva,382
2023,44013,Alcañiz,16151
2023,44014,Alcorisa,3243
2023,44016,Alfambra,482
2023,44017,Aliaga,343
2023,44018,Almohaja,17
2023,44019,Alobras,71
2023,44020,Alpeñés,25
2023,44021,Allepuz,121
2023,44022,Alloza,540
2023,44023,Allueva,27
2023,44024,Anadón,33
2023,44025,Andorra,7214
2023,44026,Arcos de las Salinas,116
2023,44027,Arens de Lledó,205
2023,44028,Argente,193
2023,44029,Ariño,649
2023,44031,Azaila,98
2023,44032,Bádenas,21
2023,44033,Báguena,270
2023,44034,Bañón,151
2023,44035,Barrachina,120
2023,44036,Bea,28
2023,44037,Beceite,569
2023,44038,Belmonte de San José,127
2023,44039,Bello,217
2023,44040,Berge,226
2023,44041,Bezas,64
2023,44042,Blancas,135
2023,44043,Blesa,78
2023,44044,Bordón,112
2023,44045,Bronchales,454
2023,44046,Bueña,54
2023,44047,Burbáguena,376
2023,44048,Cabra de Mora,71
2023,44049,Calaceite,979
2023,44050,Calamocha,4505
2023,44051,Calanda,3759
2023,44052,Calomarde,73
2023,44053,Camañas,132
2023,44054,Camarena de la Sierra,134
2023,44055,Camarillas,119
2023,44056,Caminreal,617
2023,44059,Cantavieja,726
2023,44060,Cañada de Benatanduz,34
2023,44061,La Cañada de Verich,88
2023,44062,Cañada Vellida,40
2023,44063,Cañizar del Olivar,103
2023,44064,Cascante del Río,70
2023,44065,Castejón de Tornos,68
2023,44066,Castel de Cabra,89
2023,44067,Castelnou,108
2023,44068,Castelserás,795
2023,44070,El Castellar,55
2023,44071,Castellote,678
2023,44074,Cedrillas,653
2023,44075,Celadas,345
2023,44076,Cella,2644
2023,44077,La Cerollera,75
2023,44080,La Codoñera,320
2023,44082,Corbalán,113
2023,44084,Cortes de Aragón,61
2023,44085,Cosa,61
2023,44086,Cretas,556
2023,44087,Crivillén,90
2023,44088,La Cuba,49
2023,44089,Cubla,71
2023,44090,Cucalón,78
2023,44092,El Cuervo,98
2023,44093,Cuevas de Almudén,119
2023,44094,Cuevas Labradas,135
2023,44096,Ejulve,176
2023,44097,Escorihuela,141
2023,44099,Escucha,766
2023,44100,Estercuel,196
2023,44101,Ferreruela de Huerva,71
2023,44102,Fonfría,32
2023,44103,Formiche Alto,159
2023,44105,Fórnoles,84
2023,44106,Fortanete,222
2023,44107,Foz-Calanda,279
2023,44108,La Fresneda,463
2023,44109,Frías de Albarracín,111
2023,44110,Fuenferrada,37
2023,44111,Fuentes Calientes,81
2023,44112,Fuentes Claras,435
2023,44113,Fuentes de Rubielos,169
2023,44114,Fuentespalda,288
2023,44115,Galve,144
2023,44116,Gargallo,91
2023,44117,Gea de Albarracín,452
2023,44118,La Ginebrosa,192
2023,44119,Griegos,140
2023,44120,Guadalaviar,242
2023,44121,Gúdar,70
2023,44122,Híjar,1797
2023,44123,Hinojosa de Jarque,104
2023,44124,La Hoz de la Vieja,87
2023,44125,Huesa del Común,64
2023,44126,La Iglesuela del Cid,382
2023,44127,Jabaloyas,74
2023,44128,Jarque de la Val,64
2023,44129,Jatiel,46
2023,44130,Jorcas,43
2023,44131,Josa,37
2023,44132,Lagueruela,72
2023,44133,Lanzuela,28
2023,44135,Libros,101
2023,44136,Lidón,51
2023,44137,Linares de Mora,232
2023,44138,Loscos,116
2023,44141,Lledó,171
2023,44142,Maicas,32
2023,44143,Manzanera,540
2023,44144,Martín del Río,370
2023,44145,Mas de las Matas,1237
2023,44146,La Mata de los Olmos,281
2023,44147,Mazaleón,487
2023,44148,Mezquita de Jarque,82
2023,44149,Mirambel,105
2023,44150,Miravete de la Sierra,28
2023,44151,Molinos,225
2023,44152,Monforte de Moyuela,83
2023,44153,Monreal del Campo,2486
2023,44154,Monroyo,315
2023,44155,Montalbán,1180
2023,44156,Monteagudo del Castillo,43
2023,44157,Monterde de Albarracín,56
2023,44158,Mora de Rubielos,1568
2023,44159,Moscardón,56
2023,44160,Mosqueruela,538
2023,44161,Muniesa,571
2023,44163,Noguera de Albarracín,131
2023,44164,Nogueras,32
2023,44165,Nogueruelas,192
2023,44167,Obón,35
2023,44168,Odón,207
2023,44169,Ojos Negros,330
2023,44171,Olba,279
2023,44172,Oliete,349
2023,44173,Los Olmos,119
2023,44174,Orihuela del Tremedal,453
2023,44175,Orrios,122
2023,44176,Palomar de Arroyos,167
2023,44177,Pancrudo,114
2023,44178,Las Parras de Castellote,61
2023,44179,Peñarroya de Tastavins,443
2023,44180,Peracense,75
2023,44181,Peralejos,86
2023,44182,Perales del Alfambra,264
2023,44183,Pitarque,65
2023,44184,Plou,49
2023,44185,El Pobo,102
2023,44187,La Portellada,242
2023,44189,Pozondón,54
2023,44190,Pozuel del Campo,66
2023,44191,La Puebla de Híjar,917
2023,44192,La Puebla de Valverde,470
2023,44193,Puertomingalvo,137
2023,44194,Ráfales,150
2023,44195,Rillo,97
2023,44196,Riodeva,132
2023,44197,Ródenas,62
2023,44198,Royuela,231
2023,44199,Rubiales,42
2023,44200,Rubielos de la Cérida,30
2023,44201,Rubielos de Mora,627
2023,44203,Salcedillo,10
2023,44204,Saldón,21
2023,44205,Samper de Calanda,725
2023,44206,San Agustín,134
2023,44207,San Martín del Río,135
2023,44208,Santa Cruz de Nogueras,23
2023,44209,Santa Eulalia,1017
2023,44210,Sarrión,1197
2023,44211,Segura de los Baños,42
2023,44212,Seno,41
2023,44213,Singra,80
2023,44215,Terriente,206
2023,44216,Teruel,36267
2023,44217,Toril y Masegoso,33
2023,44218,Tormón,33
2023,44219,Tornos,191
2023,44220,Torralba de los Sisones,148
2023,44221,Torrecilla de Alcañiz,440
2023,44222,Torrecilla del Rebollar,125
2023,44223,Torre de Arcas,82
2023,44224,Torre de las Arcas,24
2023,44225,Torre del Compte,118
2023,44226,Torrelacárcel,135
2023,44227,Torre los Negros,76
2023,44228,Torremocha de Jiloca,110
2023,44229,Torres de Albarracín,191
2023,44230,Torrevelilla,169
2023,44231,Torrijas,36
2023,44232,Torrijo del Campo,502
2023,44234,Tramacastiel,62
2023,44235,Tramacastilla,109
2023,44236,Tronchón,61
2023,44237,Urrea de Gaén,447
2023,44238,Utrillas,3088
2023,44239,Valacloche,26
2023,44240,Valbona,192
2023,44241,Valdealgorfa,589
2023,44243,Valdecuenca,31
2023,44244,Valdelinares,80
2023,44245,Valdeltormo,313
2023,44246,Valderrobres,2517
2023,44247,Valjunquera,331
2023,44249,El Vallecillo,37
2023,44250,Veguillas de la Sierra,20
2023,44251,Villafranca del Campo,302
2023,44252,Villahermosa del Campo,93
2023,44256,Villanueva del Rebollar de la Sierra,44
2023,44257,Villar del Cobo,163
2023,44258,Villar del Salz,59
2023,44260,Villarluengo,181
2023,44261,Villarquemado,865
2023,44262,Villarroya de los Pinares,168
2023,44263,Villastar,543
2023,44264,Villel,326
2023,44265,Vinaceite,200
2023,44266,Visiedo,130
2023,44267,Vivel del Río Martín,67
2023,44268,La Zoma,27
2024,44001,Ababuj,74
2024,44002,Abejuela,57
2024,44003,Aguatón,17
2024,44004,Aguaviva,547
2024,44005,Aguilar del Alfambra,82
2024,44006,Alacón,208
2024,44007,Alba,187
2024,44008,Albalate del Arzobispo,1933
2024,44009,Albarracín,1002
2024,44010,Albentosa,299
2024,44011,Alcaine,39
2024,44012,Alcalá de la Selva,378
2024,44013,Alcañiz,16247
2024,44014,Alcorisa,3234
2024,44016,Alfambra,487
2024,44017,Aliaga,345
2024,44018,Almohaja,12
2024,44019,Alobras,69
2024,44020,Alpeñés,26
2024,44021,Allepuz,124
2024,44022,Alloza,551
2024,44023,Allueva,30
2024,44024,Anadón,34
2024,44025,Andorra,7258
2024,44026,Arcos de las Salinas,110
2024,44027,Arens de Lledó,194
2024,44028,Argente,201
2024,44029,Ariño,632
2024,44031,Azaila,95
2024,44032,Bádenas,24
2024,44033,Báguena,295
2024,44034,Bañón,155
2024,44035,Barrachina,115
2024,44036,Bea,27
2024,44037,Beceite,562
2024,44038,Belmonte de San José,135
2024,44039,Bello,213
2024,44040,Berge,216
2024,44041,Bezas,68
2024,44042,Blancas,134
2024,44043,Blesa,76
2024,44044,Bordón,113
2024,44045,Bronchales,451
2024,44046,Bueña,55
2024,44047,Burbáguena,352
2024,44048,Cabra de Mora,66
2024,44049,Calaceite,960
2024,44050,Calamocha,4542
2024,44051,Calanda,3678
2024,44052,Calomarde,74
2024,44053,Camañas,127
2024,44054,Camarena de la Sierra,142
2024,44055,Camarillas,120
2024,44056,Caminreal,603
2024,44059,Cantavieja,719
2024,44060,Cañada de Benatanduz,39
2024,44061,La Cañada de Verich,80
2024,44062,Cañada Vellida,38
2024,44063,Cañizar del Olivar,111
2024,44064,Cascante del Río,65
2024,44065,Castejón de Tornos,66
2024,44066,Castel de Cabra,84
2024,44067,Castelnou,99
2024,44068,Castelserás,801
2024,44070,El Castellar,56
2024,44071,Castellote,663
2024,44074,Cedrillas,647
2024,44075,Celadas,329
2024,44076,Cella,2690
2024,44077,La Cerollera,77
2024,44080,La Codoñera,321
2024,44082,Corbalán,118
2024,44084,Cortes de Aragón,65
2024,44085,Cosa,62
2024,44086,Cretas,570
2024,44087,Crivillén,91
2024,44088,La Cuba,50
2024,44089,Cubla,58
2024,44090,Cucalón,79
2024,44092,El Cuervo,95
2024,44093,Cuevas de Almudén,115
2024,44094,Cuevas Labradas,136
2024,44096,Ejulve,169
2024,44097,Escorihuela,141
2024,44099,Escucha,772
2024,44100,Estercuel,203
2024,44101,Ferreruela de Huerva,78
2024,44102,Fonfría,35
2024,44103,Formiche Alto,158
2024,44105,Fórnoles,72
2024,44106,Fortanete,216
2024,44107,Foz-Calanda,281
2024,44108,La Fresneda,459
2024,44109,Frías de Albarracín,112
2024,44110,Fuenferrada,35
2024,44111,Fuentes Calientes,82
2024,44112,Fuentes Claras,435
2024,44113,Fuentes de Rubielos,156
2024,44114,Fuentespalda,289
2024,44115,Galve,144
2024,44116,Gargallo,87
2024,44117,Gea de Albarracín,467
2024,44118,La Ginebrosa,196
2024,44119,Griegos,142
2024,44120,Guadalaviar,237
2024,44121,Gúdar,73
2024,44122,Híjar,1760
2024,44123,Hinojosa de Jarque,99
2024,44124,La Hoz de la Vieja,87
2024,44125,Huesa del Común,57
2024,44126,La Iglesuela del Cid,377
2024,44127,Jabaloyas,63
2024,44128,Jarque de la Val,62
2024,44129,Jatiel,49
2024,44130,Jorcas,39
2024,44131,Josa,35
2024,44132,Lagueruela,71
2024,44133,Lanzuela,24
2024,44135,Libros,102
2024,44136,Lidón,56
2024,44137,Linares de Mora,233
2024,44138,Loscos,112
2024,44141,Lledó,153
2024,44142,Maicas,35
2024,44143,Manzanera,539
2024,44144,Martín del Río,370
2024,44145,Mas de las Matas,1225
2024,44146,La Mata de los Olmos,271
2024,44147,Mazaleón,481
2024,44148,Mezquita de Jarque,81
2024,44149,Mirambel,107
2024,44150,Miravete de la Sierra,32
2024,44151,Molinos,228
2024,44152,Monforte de Moyuela,75
2024,44153,Monreal del Campo,2541
2024,44154,Monroyo,308
2024,44155,Montalbán,1165
2024,44156,Monteagudo del Castillo,43
2024,44157,Monterde de Albarracín,58
2024,44158,Mora de Rubielos,1618
2024,44159,Moscardón,61
2024,44160,Mosqueruela,544
2024,44161,Muniesa,572
2024,44163,Noguera de Albarracín,130
2024,44164,Nogueras,32
2024,44165,Nogueruelas,193
2024,44167,Obón,31
2024,44168,Odón,197
2024,44169,Ojos Negros,328
2024,44171,Olba,294
2024,44172,Oliete,367
2024,44173,Los Olmos,117
2024,44174,Orihuela del Tremedal,458
2024,44175,Orrios,119
2024,44176,Palomar de Arroyos,160
2024,44177,Pancrudo,113
2024,44178,Las Parras de Castellote,57
2024,44179,Peñarroya de Tastavins,460
2024,44180,Peracense,74
2024,44181,Peralejos,89
2024,44182,Perales del Alfambra,271
2024,44183,Pitarque,61
2024,44184,Plou,46
2024,44185,El Pobo,98
2024,44187,La Portellada,241
2024,44189,Pozondón,54
2024,44190,Pozuel del Campo,66
2024,44191,La Puebla de Híjar,934
2024,44192,La Puebla de Valverde,465
2024,44193,Puertomingalvo,141
2024,44194,Ráfales,149
2024,44195,Rillo,98
2024,44196,Riodeva,121
2024,44197,Ródenas,61
2024,44198,Royuela,225
2024,44199,Rubiales,43
2024,44200,Rubielos de la Cérida,26
2024,44201,Rubielos de Mora,615
2024,44203,Salcedillo,13
2024,44204,Saldón,26
2024,44205,Samper de Calanda,730
2024,44206,San Agustín,137
2024,44207,San Martín del Río,136
2024,44208,Santa Cruz de Nogueras,24
2024,44209,Santa Eulalia,1020
2024,44210,Sarrión,1216
2024,44211,Segura de los Baños,48
2024,44212,Seno,38
2024,44213,Singra,75
2024,44215,Terriente,210
2024,44216,Teruel,36713
2024,44217,Toril y Masegoso,34
2024,44218,Tormón,31
2024,44219,Tornos,182
2024,44220,Torralba de los Sisones,146
2024,44221,Torrecilla de Alcañiz,436
2024,44222,Torrecilla del Rebollar,117
2024,44223,Torre de Arcas,82
2024,44224,Torre de las Arcas,20
2024,44225,Torre del Compte,122
2024,44226,Torrelacárcel,131
2024,44227,Torre los Negros,80
2024,44228,Torremocha de Jiloca,103
2024,44229,Torres de Albarracín,191
2024,44230,Torrevelilla,182
2024,44231,Torrijas,36
2024,44232,Torrijo del Campo,502
2024,44234,Tramacastiel,58
2024,44235,Tramacastilla,130
2024,44236,Tronchón,60
2024,44237,Urrea de Gaén,440
2024,44238,Utrillas,3102
2024,44239,Valacloche,32
2024,44240,Valbona,192
2024,44241,Valdealgorfa,580
2024,44243,Valdecuenca,28
2024,44244,Valdelinares,75
2024,44245,Valdeltormo,305
2024,44246,Valderrobres,2545
2024,44247,Valjunquera,328
2024,44249,El Vallecillo,37
2024,44250,Veguillas de la Sierra,24
2024,44251,Villafranca del Campo,296
2024,44252,Villahermosa del Campo,93
2024,44256,Villanueva del Rebollar de la Sierra,48
2024,44257,Villar del Cobo,162
2024,44258,Villar del Salz,53
2024,44260,Villarluengo,163
2024,44261,Villarquemado,870
2024,44262,Villarroya de los Pinares,163
2024,44263,Villastar,551
2024,44264,Villel,337
2024,44265,Vinaceite,182
2024,44266,Visiedo,131
2024,44267,Vivel del Río Martín,63
2024,44268,La Zoma,27
2025,44001,Ababuj,73
2025,44002,Abejuela,62
2025,44003,Aguatón,18
2025,44004,Aguaviva,562
2025,44005,Aguilar del Alfambra,82
2025,44006,Alacón,204
2025,44007,Alba,186
2025,44008,Albalate del Arzobispo,1936
2025,44009,Albarracín,998
2025,44010,Albentosa,290
2025,44011,Alcaine,38
2025,44012,Alcalá de la Selva,382
2025,44013,Alcañiz,16505
2025,44014,Alcorisa,3243
2025,44016,Alfambra,485
2025,44017,Aliaga,344
2025,44018,Almohaja,10
2025,44019,Alobras,63
2025,44020,Alpeñés,27
2025,44021,Allepuz,123
2025,44022,Alloza,556
2025,44023,Allueva,31
2025,44024,Anadón,35
2025,44025,Andorra,7223
2025,44026,Arcos de las Salinas,105
2025,44027,Arens de Lledó,181
2025,44028,Argente,204
2025,44029,Ariño,605
2025,44031,Azaila,94
2025,44032,Bádenas,28
2025,44033,Báguena,278
2025,44034,Bañón,152
2025,44035,Barrachina,113
2025,44036,Bea,30
2025,44037,Beceite,572
2025,44038,Belmonte de San José,114
2025,44039,Bello,204
2025,44040,Berge,218
2025,44041,Bezas,73
2025,44042,Blancas,132
2025,44043,Blesa,74
2025,44044,Bordón,116
2025,44045,Bronchales,465
2025,44046,Bueña,65
2025,44047,Burbáguena,396
2025,44048,Cabra de Mora,66
2025,44049,Calaceite,961
2025,44050,Calamocha,4655
2025,44051,Calanda,3745
2025,44052,Calomarde,76
2025,44053,Camañas,136
2025,44054,Camarena de la Sierra,137
2025,44055,Camarillas,100
2025,44056,Caminreal,606
2025,44059,Cantavieja,729
2025,44060,Cañada de Benatanduz,40
2025,44061,La Cañada de Verich,72
2025,44062,Cañada Vellida,36
2025,44063,Cañizar del Olivar,112
2025,44064,Cascante del Río,73
2025,44065,Castejón de Tornos,64
2025,44066,Castel de Cabra,79
2025,44067,Castelnou,94
2025,44068,Castelserás,804
2025,44070,El Castellar,54
2025,44071,Castellote,665
2025,44074,Cedrillas,652
2025,44075,Celadas,331
2025,44076,Cella,2702
2025,44077,La Cerollera,77
2025,44080,La Codoñera,312
2025,44082,Corbalán,117
2025,44084,Cortes de Aragón,62
2025,44085,Cosa,63
2025,44086,Cretas,559
2025,44087,Crivillén,92
2025,44088,La Cuba,53
2025,44089,Cubla,56
2025,44090,Cucalón,77
2025,44092,El Cuervo,88
2025,44093,Cuevas de Almudén,119
2025,44094,Cuevas Labradas,126
2025,44096,Ejulve,172
2025,44097,Escorihuela,130
2025,44099,Escucha,788
2025,44100,Estercuel,198
2025,44101,Ferreruela de Huerva,81
2025,44102,Fonfría,35
2025,44103,Formiche Alto,156
2025,44105,Fórnoles,71
2025,44106,Fortanete,195
2025,44107,Foz-Calanda,272
2025,44108,La Fresneda,459
2025,44109,Frías de Albarracín,109
2025,44110,Fuenferrada,38
2025,44111,Fuentes Calientes,89
2025,44112,Fuentes Claras,428
2025,44113,Fuentes de Rubielos,148
2025,44114,Fuentespalda,305
2025,44115,Galve,149
2025,44116,Gargallo,88
2025,44117,Gea de Albarracín,459
2025,44118,La Ginebrosa,188
2025,44119,Griegos,154
2025,44120,Guadalaviar,238
2025,44121,Gúdar,73
2025,44122,Híjar,1766
2025,44123,Hinojosa de Jarque,104
2025,44124,La Hoz de la Vieja,85
2025,44125,Huesa del Común,55
2025,44126,La Iglesuela del Cid,357
2025,44127,Jabaloyas,66
2025,44128,Jarque de la Val,66
2025,44129,Jatiel,48
2025,44130,Jorcas,42
2025,44131,Josa,34
2025,44132,Lagueruela,73
2025,44133,Lanzuela,24
2025,44135,Libros,102
2025,44136,Lidón,56
2025,44137,Linares de Mora,242
2025,44138,Loscos,121
2025,44141,Lledó,150
2025,44142,Maicas,35
2025,44143,Manzanera,530
2025,44144,Martín del Río,367
2025,44145,Mas de las Matas,1230
2025,44146,La Mata de los Olmos,255
2025,44147,Mazaleón,474
2025,44148,Mezquita de Jarque,83
2025,44149,Mirambel,110
2025,44150,Miravete de la Sierra,31
2025,44151,Molinos,232
2025,44152,Monforte de Moyuela,84
2025,44153,Monreal del Campo,2578
2025,44154,Monroyo,324
2025,44155,Montalbán,1162
2025,44156,Monteagudo del Castillo,43
2025,44157,Monterde de Albarracín,62
2025,44158,Mora de Rubielos,1752
2025,44159,Moscardón,62
2025,44160,Mosqueruela,563
2025,44161,Muniesa,575
2025,44163,Noguera de Albarracín,131
2025,44164,Nogueras,36
2025,44165,Nogueruelas,188
2025,44167,Obón,35
2025,44168,Odón,191
2025,44169,Ojos Negros,321
2025,44171,Olba,286
2025,44172,Oliete,351
2025,44173,Los Olmos,111
2025,44174,Orihuela del Tremedal,450
2025,44175,Orrios,112
2025,44176,Palomar de Arroyos,166
2025,44177,Pancrudo,118
2025,44178,Las Parras de Castellote,61
2025,44179,Peñarroya de Tastavins,467
2025,44180,Peracense,68
2025,44181,Peralejos,89
2025,44182,Perales del Alfambra,293
2025,44183,Pitarque,62
2025,44184,Plou,42
2025,44185,El Pobo,97
2025,44187,La Portellada,249
2025,44189,Pozondón,53
2025,44190,Pozuel del Campo,76
2025,44191,La Puebla de Híjar,935
2025,44192,La Puebla de Valverde,485
2025,44193,Puertomingalvo,135
2025,44194,Ráfales,149
2025,44195,Rillo,95
2025,44196,Riodeva,113
2025,44197,Ródenas,57
2025,44198,Royuela,229
2025,44199,Rubiales,43
2025,44200,Rubielos de la Cérida,20
2025,44201,Rubielos de Mora,600
2025,44203,Salcedillo,14
2025,44204,Saldón,32
2025,44205,Samper de Calanda,734
2025,44206,San Agustín,132
2025,44207,San Martín del Río,135
2025,44208,Santa Cruz de Nogueras,24
2025,44209,Santa Eulalia,1004
2025,44210,Sarrión,1261
2025,44211,Segura de los Baños,55
2025,44212,Seno,39
2025,44213,Singra,76
2025,44215,Terriente,198
2025,44216,Teruel,36655
2025,44217,Toril y Masegoso,31
2025,44218,Tormón,29
2025,44219,Tornos,175
2025,44220,Torralba de los Sisones,145
2025,44221,Torrecilla de Alcañiz,436
2025,44222,Torrecilla del Rebollar,114
2025,44223,Torre de Arcas,76
2025,44224,Torre de las Arcas,19
2025,44225,Torre del Compte,120
2025,44226,Torrelacárcel,131
2025,44227,Torre los Negros,77
2025,44228,Torremocha de Jiloca,115
2025,44229,Torres de Albarracín,187
2025,44230,Torrevelilla,161
2025,44231,Torrijas,36
2025,44232,Torrijo del Campo,501
2025,44234,Tramacastiel,62
2025,44235,Tramacastilla,133
2025,44236,Tronchón,56
2025,44237,Urrea de Gaén,455
2025,44238,Utrillas,3069
2025,44239,Valacloche,33
2025,44240,Valbona,187
2025,44241,Valdealgorfa,581
2025,44243,Valdecuenca,33
2025,44244,Valdelinares,82
2025,44245,Valdeltormo,304
2025,44246,Valderrobres,2555
2025,44247,Valjunquera,336
2025,44249,El Vallecillo,40
2025,44250,Veguillas de la Sierra,27
2025,44251,Villafranca del Campo,290
2025,44252,Villahermosa del Campo,91
2025,44256,Villanueva del Rebollar de la Sierra,49
2025,44257,Villar del Cobo,158
2025,44258,Villar del Salz,58
2025,44260,Villarluengo,159
2025,44261,Villarquemado,901
2025,44262,Villarroya de los Pinares,160
2025,44263,Villastar,566
2025,44264,Villel,336
2025,44265,Vinaceite,176
2025,44266,Visiedo,132
2025,44267,Vivel del Río Martín,63
2025,44268,La Zoma,28
