year,cp,name,population,superficie
1900,50001,Abanto,633,63.84
1900,50002,Acered,745,30
1900,50003,Agón,499,18.52
1900,50004,Aguarón,2275,36.62
1900,50005,Aguilón,982,59.45
1900,50006,Ainzón,2061,40.46
1900,50007,Aladrén,353,21.06
1900,50008,Alagón,3454,24.22
1900,50009,Alarba,471,19
1900,50010,Alberite de San Juan,267,11.23
1900,50011,Albeta,318,2.65
1900,50012,Alborge,464,4.84
1900,50013,Alcalá de Ebro,386,9.87
1900,50014,Alcalá de Moncayo,370,13.76
1900,50015,Alconchel de Ariza,667,34.85
1900,50016,Aldehuela de Liestos,257,38.04
1900,50017,Alfajarín,910,137.57
1900,50018,Alfamén,628,102.04
1900,50019,Alforque,387,10.62
1900,50020,Alhama de Aragón,1616,31.14
1900,50021,Almochuel,99,32
1900,50022,La Almolda,1246,131.33
1900,50023,Almonacid de la Cuba,667,55.21
1900,50024,Almonacid de la Sierra,2725,55.21
1900,50025,La Almunia de Doña Godina,3922,56.65
1900,50026,Alpartir,1042,32.54
1900,50027,Ambel,955,61
1900,50028,Anento,387,21.52
1900,50029,Aniñón,1870,52.46
1900,50030,Añón de Moncayo,1106,64.19
1900,50031,Aranda de Moncayo,1585,91
1900,50032,Arándiga,1121,50.22
1900,50033,Ardisa,484,27.28
1900,50034,Ariza,1578,103.08
1900,50035,Artieda,269,13.57
1900,50036,Asín,336,18.47
1900,50037,Atea,1225,34.67
1900,50038,Ateca,3126,84.71
1900,50039,Azuara,2388,165.81
1900,50040,Badules,440,20.09
1900,50041,Bagüés,243,30.72
1900,50042,Balconchán,178,19
1900,50043,Bárboles,640,15.68
1900,50044,Bardallur,834,27.34
1900,50045,Belchite,3333,273.68
1900,50046,Belmonte de Gracián,997,43.68
1900,50047,Berdejo,363,19.39
1900,50048,Berrueco,232,19
1900,50050,Bijuesca,833,57.08
1900,50051,Biota,1383,128
1900,50052,Bisimbre,291,11.22
1900,50053,Boquiñeni,920,18.87
1900,50054,Bordalba,520,41.58
1900,50055,Borja,5667,107.29
1900,50056,Botorrita,351,19.81
1900,50057,Brea de Aragón,1467,13.38
1900,50058,Bubierca,914,29.54
1900,50059,Bujaraloz,1510,120.92
1900,50060,Bulbuente,1052,25.44
1900,50061,Bureta,685,11.91
1900,50062,El Burgo de Ebro,903,24.86
1900,50063,El Buste,428,7.61
1900,50064,Cabañas de Ebro,493,8.53
1900,50065,Cabolafuente,474,39.24
1900,50066,Cadrete,647,11.86
1900,50067,Calatayud,11958,154.25
1900,50068,Calatorao,2300,48.15
1900,50069,Calcena,854,64.74
1900,50070,Calmarza,343,28.15
1900,50071,Campillo de Aragón,701,36.86
1900,50072,Carenas,1181,31.22
1900,50073,Cariñena,3313,82.51
1900,50074,Caspe,7808,503.15
1900,50075,Castejón de Alarba,294,17.56
1900,50076,Castejón de las Armas,750,16.18
1900,50077,Castejón de Valdejasa,1095,110.11
1900,50078,Castiliscar,823,40.68
1900,50079,Cervera de la Cañada,904,29.22
1900,50080,Cerveruela,443,23.49
1900,50081,Cetina,1312,78.76
1900,50082,Cimballa,512,31.95
1900,50083,Cinco Olivas,570,2.25
1900,50084,Clarés de Ribota,444,18
1900,50085,Codo,1026,11.36
1900,50086,Codos,1122,62.69
1900,50087,Contamina,169,14.02
1900,50088,Cosuenda,1304,31.68
1900,50089,Cuarte de Huerva,275,8.95
1900,50090,Cubel,505,58.62
1900,50091,Las Cuerlas,316,32.58
1900,50092,Chiprana,1425,38.98
1900,50093,Chodes,483,15.97
1900,50094,Daroca,3493,52.05
1900,50095,Ejea de los Caballeros,5271,609.92
1900,50096,Embid de Ariza,498,41.26
1900,50098,Encinacorba,1020,36.74
1900,50099,Épila,3713,194.32
1900,50100,Erla,911,18.96
1900,50101,Escatrón,2374,94.64
1900,50102,Fabara,2089,101.63
1900,50104,Farlete,524,104.12
1900,50105,Fayón,1306,67.19
1900,50106,Los Fayos,521,3.88
1900,50107,Figueruelas,367,16.99
1900,50108,Fombuena,226,26.37
1900,50109,El Frago,561,33.76
1900,50110,El Frasno,1551,48.64
1900,50111,Fréscano,505,18.41
1900,50113,Fuendejalón,1354,75.83
1900,50114,Fuendetodos,540,62
1900,50115,Fuentes de Ebro,2498,141.73
1900,50116,Fuentes de Jiloca,1099,27.35
1900,50117,Gallocanta,363,29.71
1900,50118,Gallur,2847,41.71
1900,50119,Gelsa,2096,72.04
1900,50120,Godojos,432,16.77
1900,50121,Gotor,874,15.52
1900,50122,Grisel,497,14.51
1900,50123,Grisén,360,4.75
1900,50124,Herrera de los Navarros,1873,105.01
1900,50125,Ibdes,1251,56.31
1900,50126,Illueca,1823,24.86
1900,50128,Isuerre,347,20.05
1900,50129,Jaraba,491,42.81
1900,50130,Jarque de Moncayo,1472,43
1900,50131,Jaulín,361,46.05
1900,50132,La Joyosa,264,6.52
1900,50133,Lagata,503,23.65
1900,50134,Langa del Castillo,599,50.13
1900,50135,Layana,343,3.69
1900,50136,Lécera,1997,109
1900,50137,Leciñena,1576,178.59
1900,50138,Lechón,157,17.46
1900,50139,Letux,1074,30.15
1900,50140,Litago,634,15
1900,50141,Lituénigo,363,11.38
1900,50142,Lobera de Onsella,496,32.18
1900,50143,Longares,1306,45.96
1900,50144,Longás,469,49.23
1900,50146,Lucena de Jalón,469,10.31
1900,50147,Luceni,796,27.08
1900,50148,Luesia,1573,126.83
1900,50149,Luesma,331,29
1900,50150,Lumpiaque,1431,29.55
1900,50151,Luna,1761,308.92
1900,50152,Maella,3325,174.88
1900,50153,Magallón,2822,78.61
1900,50154,Mainar,471,34.02
1900,50155,Malanquilla,427,36.63
1900,50156,Maleján,535,0.08
1900,50157,Malón,1230,5.66
1900,50159,Maluenda,1400,40.09
1900,50160,Mallén,2401,37.42
1900,50161,Manchones,672,26.83
1900,50162,Mara,706,21.09
1900,50163,María de Huerva,581,108.09
1900,50164,Mediana de Aragón,1416,90.57
1900,50165,Mequinenza,2842,307.45
1900,50166,Mesones de Isuela,613,48.55
1900,50167,Mezalocha,510,60.64
1900,50168,Mianos,221,14.82
1900,50169,Miedes de Aragón,916,55.38
1900,50170,Monegrillo,824,183.16
1900,50171,Moneva,636,61
1900,50172,Monreal de Ariza,680,62.06
1900,50173,Monterde,932,55.94
1900,50174,Montón,499,17.59
1900,50175,Morata de Jalón,2161,45.87
1900,50176,Morata de Jiloca,897,23.09
1900,50177,Morés,1168,21.46
1900,50178,Moros,1209,53
1900,50179,Moyuela,952,42.76
1900,50180,Mozota,378,8.68
1900,50181,Muel,1228,79.17
1900,50182,La Muela,729,143.49
1900,50183,Munébrega,1300,40.99
1900,50184,Murero,519,18.25
1900,50185,Murillo de Gállego,1159,54.71
1900,50186,Navardún,413,24
1900,50187,Nigüella,270,30.42
1900,50188,Nombrevilla,262,17.56
1900,50189,Nonaspe,1681,111.45
1900,50190,Novallas,1527,11
1900,50191,Novillas,908,25.28
1900,50192,Nuévalos,902,41.84
1900,50193,Nuez de Ebro,455,8.21
1900,50194,Olvés,674,20.18
1900,50195,Orcajo,495,28.45
1900,50196,Orera,411,19.82
1900,50197,Orés,734,54.52
1900,50198,Oseja,346,12
1900,50199,Osera de Ebro,497,24.56
1900,50200,Paniza,1820,47.31
1900,50201,Paracuellos de Jiloca,712,32
1900,50202,Paracuellos de la Ribera,908,14.95
1900,50203,Pastriz,707,16.52
1900,50204,Pedrola,2269,113.74
1900,50205,Las Pedrosas,390,18.26
1900,50206,Perdiguera,725,109.77
1900,50207,Piedratajada,300,22.66
1900,50208,Pina de Ebro,2409,309.17
1900,50209,Pinseque,750,16.09
1900,50210,Los Pintanos,773,79.64
1900,50211,Plasencia de Jalón,875,34.77
1900,50212,Pleitas,154,2.14
1900,50213,Plenas,681,37.95
1900,50214,Pomer,474,33.11
1900,50215,Pozuel de Ariza,287,22.63
1900,50216,Pozuelo de Aragón,710,32.11
1900,50217,Pradilla de Ebro,688,25.45
1900,50218,Puebla de Albortón,631,76.31
1900,50219,La Puebla de Alfindén,985,17.03
1900,50220,Puendeluna,228,9.88
1900,50221,Purujosa,463,35.43
1900,50222,Quinto,2521,118.26
1900,50223,Remolinos,1019,18.51
1900,50224,Retascón,180,25.16
1900,50225,Ricla,2503,90.67
1900,50227,Romanos,321,19.53
1900,50228,Rueda de Jalón,896,107.37
1900,50229,Ruesca,163,11.63
1900,50230,Sádaba,1812,129.55
1900,50231,Salillas de Jalón,583,2.51
1900,50232,Salvatierra de Esca,1196,81.24
1900,50233,Samper del Salz,404,11.49
1900,50234,San Martín de la Virgen de Moncayo,385,5.42
1900,50235,San Mateo de Gállego,960,71.62
1900,50236,Santa Cruz de Grío,929,19.51
1900,50237,Santa Cruz de Moncayo,318,3.97
1900,50238,Santa Eulalia de Gállego,924,29.58
1900,50239,Santed,290,17.81
1900,50240,Sástago,2987,300.98
1900,50241,Sabiñán,1759,15.52
1900,50242,Sediles,311,11.71
1900,50243,Sestrica,1298,40.88
1900,50244,Sierra de Luna,651,43.39
1900,50245,Sigüés,1638,101.77
1900,50246,Sisamón,457,41.55
1900,50247,Sobradiel,421,12.06
1900,50248,Sos del Rey Católico,3596,216.62
1900,50249,Tabuenca,1379,85.72
1900,50250,Talamantes,471,46.94
1900,50251,Tarazona,8939,244.01
1900,50252,Tauste,4530,405.23
1900,50253,Terrer,975,33.75
1900,50254,Tierga,682,66.13
1900,50255,Tobed,1002,32.39
1900,50256,Torralba de los Frailes,530,59.19
1900,50257,Torralba de Ribota,654,32.51
1900,50258,Torralbilla,393,25.86
1900,50259,Torrehermosa,258,21.13
1900,50260,Torrelapaja,310,15.68
1900,50261,Torrellas,860,2.53
1900,50262,Torres de Berrellén,1136,53.81
1900,50263,Torrijo de la Cañada,2007,74.57
1900,50264,Tosos,841,68.65
1900,50265,Trasmoz,341,18.26
1900,50266,Trasobares,531,71.76
1900,50267,Uncastillo,2758,230.87
1900,50268,Undués de Lerda,485,42.99
1900,50269,Urrea de Jalón,801,25.64
1900,50270,Urriés,1111,37.27
1900,50271,Used,1432,85.29
1900,50272,Utebo,1382,17.72
1900,50273,Valdehorna,236,7.95
1900,50274,Val de San Martín,345,25.66
1900,50275,Valmadrid,202,50.57
1900,50276,Valpalmas,415,39.79
1900,50277,Valtorres,293,3.29
1900,50278,Velilla de Ebro,1027,59.79
1900,50279,Velilla de Jiloca,486,10
1900,50280,Vera de Moncayo,1329,27.66
1900,50281,Vierlas,230,2.67
1900,50282,La Vilueña,401,8.61
1900,50283,Villadoz,266,17.18
1900,50284,Villafeliche,1374,22
1900,50285,Villafranca de Ebro,663,63.64
1900,50286,Villalba de Perejil,266,13.33
1900,50287,Villalengua,1384,40.16
1900,50288,Villanueva de Gállego,1281,75.99
1900,50289,Villanueva de Jiloca,545,7.34
1900,50290,Villanueva de Huerva,922,75.99
1900,50291,Villar de los Navarros,984,49
1900,50292,Villarreal de Huerva,469,27.13
1900,50293,Villarroya de la Sierra,2405,91
1900,50294,Villarroya del Campo,229,16.94
1900,50295,Vistabella,495,21.82
1900,50296,La Zaida,446,17.27
1900,50297,Zaragoza,98397,973.78
1900,50298,Zuera,2471,332.25
1900,50901,Biel,1659,130.73
1900,50902,Marracos,154,16.92
1900,50903,Villamayor de Gállego,1894,89.36
1910,50001,Abanto,672,63.84
1910,50002,Acered,756,30
1910,50003,Agón,416,18.52
1910,50004,Aguarón,2271,36.62
1910,50005,Aguilón,1091,59.45
1910,50006,Ainzón,1751,40.46
1910,50007,Aladrén,345,21.06
1910,50008,Alagón,4082,24.22
1910,50009,Alarba,428,19
1910,50010,Alberite de San Juan,230,11.23
1910,50011,Albeta,318,2.65
1910,50012,Alborge,432,4.84
1910,50013,Alcalá de Ebro,479,9.87
1910,50014,Alcalá de Moncayo,409,13.76
1910,50015,Alconchel de Ariza,718,34.85
1910,50016,Aldehuela de Liestos,247,38.04
1910,50017,Alfajarín,1180,137.57
1910,50018,Alfamén,716,102.04
1910,50019,Alforque,450,10.62
1910,50020,Alhama de Aragón,1752,31.14
1910,50021,Almochuel,133,32
1910,50022,La Almolda,1253,131.33
1910,50023,Almonacid de la Cuba,739,55.21
1910,50024,Almonacid de la Sierra,2265,55.21
1910,50025,La Almunia de Doña Godina,4209,56.65
1910,50026,Alpartir,1153,32.54
1910,50027,Ambel,945,61
1910,50028,Anento,362,21.52
1910,50029,Aniñón,1884,52.46
1910,50030,Añón de Moncayo,1125,64.19
1910,50031,Aranda de Moncayo,1654,91
1910,50032,Arándiga,1120,50.22
1910,50033,Ardisa,455,27.28
1910,50034,Ariza,1623,103.08
1910,50035,Artieda,270,13.57
1910,50036,Asín,387,18.47
1910,50037,Atea,1192,34.67
1910,50038,Ateca,3065,84.71
1910,50039,Azuara,2756,165.81
1910,50040,Badules,393,20.09
1910,50041,Bagüés,215,30.72
1910,50042,Balconchán,191,19
1910,50043,Bárboles,731,15.68
1910,50044,Bardallur,827,27.34
1910,50045,Belchite,3522,273.68
1910,50046,Belmonte de Gracián,998,43.68
1910,50047,Berdejo,356,19.39
1910,50048,Berrueco,241,19
1910,50050,Bijuesca,884,57.08
1910,50051,Biota,1463,128
1910,50052,Bisimbre,267,11.22
1910,50053,Boquiñeni,894,18.87
1910,50054,Bordalba,524,41.58
1910,50055,Borja,5243,107.29
1910,50056,Botorrita,386,19.81
1910,50057,Brea de Aragón,1325,13.38
1910,50058,Bubierca,808,29.54
1910,50059,Bujaraloz,1542,120.92
1910,50060,Bulbuente,896,25.44
1910,50061,Bureta,628,11.91
1910,50062,El Burgo de Ebro,1060,24.86
1910,50063,El Buste,420,7.61
1910,50064,Cabañas de Ebro,625,8.53
1910,50065,Cabolafuente,615,39.24
1910,50066,Cadrete,655,11.86
1910,50067,Calatayud,11858,154.25
1910,50068,Calatorao,2785,48.15
1910,50069,Calcena,907,64.74
1910,50070,Calmarza,380,28.15
1910,50071,Campillo de Aragón,692,36.86
1910,50072,Carenas,964,31.22
1910,50073,Cariñena,3592,82.51
1910,50074,Caspe,8893,503.15
1910,50075,Castejón de Alarba,357,17.56
1910,50076,Castejón de las Armas,721,16.18
1910,50077,Castejón de Valdejasa,1061,110.11
1910,50078,Castiliscar,870,40.68
1910,50079,Cervera de la Cañada,1019,29.22
1910,50080,Cerveruela,431,23.49
1910,50081,Cetina,1571,78.76
1910,50082,Cimballa,484,31.95
1910,50083,Cinco Olivas,555,2.25
1910,50084,Clarés de Ribota,444,18
1910,50085,Codo,1193,11.36
1910,50086,Codos,919,62.69
1910,50087,Contamina,212,14.02
1910,50088,Cosuenda,1191,31.68
1910,50089,Cuarte de Huerva,298,8.95
1910,50090,Cubel,602,58.62
1910,50091,Las Cuerlas,355,32.58
1910,50092,Chiprana,1565,38.98
1910,50093,Chodes,626,15.97
1910,50094,Daroca,3597,52.05
1910,50095,Ejea de los Caballeros,5861,609.92
1910,50096,Embid de Ariza,573,41.26
1910,50098,Encinacorba,1049,36.74
1910,50099,Épila,4820,194.32
1910,50100,Erla,931,18.96
1910,50101,Escatrón,2281,94.64
1910,50102,Fabara,2273,101.63
1910,50104,Farlete,559,104.12
1910,50105,Fayón,1406,67.19
1910,50106,Los Fayos,490,3.88
1910,50107,Figueruelas,451,16.99
1910,50108,Fombuena,258,26.37
1910,50109,El Frago,615,33.76
1910,50110,El Frasno,1588,48.64
1910,50111,Fréscano,447,18.41
1910,50113,Fuendejalón,1226,75.83
1910,50114,Fuendetodos,591,62
1910,50115,Fuentes de Ebro,2774,141.73
1910,50116,Fuentes de Jiloca,1000,27.35
1910,50117,Gallocanta,396,29.71
1910,50118,Gallur,2862,41.71
1910,50119,Gelsa,2297,72.04
1910,50120,Godojos,448,16.77
1910,50121,Gotor,841,15.52
1910,50122,Grisel,491,14.51
1910,50123,Grisén,440,4.75
1910,50124,Herrera de los Navarros,2047,105.01
1910,50125,Ibdes,1509,56.31
1910,50126,Illueca,1904,24.86
1910,50128,Isuerre,356,20.05
1910,50129,Jaraba,491,42.81
1910,50130,Jarque de Moncayo,1514,43
1910,50131,Jaulín,418,46.05
1910,50132,La Joyosa,271,6.52
1910,50133,Lagata,593,23.65
1910,50134,Langa del Castillo,657,50.13
1910,50135,Layana,405,3.69
1910,50136,Lécera,2236,109
1910,50137,Leciñena,1798,178.59
1910,50138,Lechón,149,17.46
1910,50139,Letux,1132,30.15
1910,50140,Litago,589,15
1910,50141,Lituénigo,343,11.38
1910,50142,Lobera de Onsella,518,32.18
1910,50143,Longares,1506,45.96
1910,50144,Longás,545,49.23
1910,50146,Lucena de Jalón,496,10.31
1910,50147,Luceni,907,27.08
1910,50148,Luesia,1702,126.83
1910,50149,Luesma,344,29
1910,50150,Lumpiaque,1686,29.55
1910,50151,Luna,2054,308.92
1910,50152,Maella,3552,174.88
1910,50153,Magallón,2662,78.61
1910,50154,Mainar,474,34.02
1910,50155,Malanquilla,565,36.63
1910,50156,Maleján,538,0.08
1910,50157,Malón,954,5.66
1910,50159,Maluenda,1612,40.09
1910,50160,Mallén,2501,37.42
1910,50161,Manchones,702,26.83
1910,50162,Mara,784,21.09
1910,50163,María de Huerva,622,108.09
1910,50164,Mediana de Aragón,1431,90.57
1910,50165,Mequinenza,3427,307.45
1910,50166,Mesones de Isuela,641,48.55
1910,50167,Mezalocha,735,60.64
1910,50168,Mianos,229,14.82
1910,50169,Miedes de Aragón,986,55.38
1910,50170,Monegrillo,902,183.16
1910,50171,Moneva,735,61
1910,50172,Monreal de Ariza,652,62.06
1910,50173,Monterde,956,55.94
1910,50174,Montón,498,17.59
1910,50175,Morata de Jalón,2173,45.87
1910,50176,Morata de Jiloca,987,23.09
1910,50177,Morés,1272,21.46
1910,50178,Moros,1395,53
1910,50179,Moyuela,1138,42.76
1910,50180,Mozota,482,8.68
1910,50181,Muel,1504,79.17
1910,50182,La Muela,873,143.49
1910,50183,Munébrega,1323,40.99
1910,50184,Murero,530,18.25
1910,50185,Murillo de Gállego,1213,54.71
1910,50186,Navardún,439,24
1910,50187,Nigüella,296,30.42
1910,50188,Nombrevilla,267,17.56
1910,50189,Nonaspe,1899,111.45
1910,50190,Novallas,1574,11
1910,50191,Novillas,842,25.28
1910,50192,Nuévalos,937,41.84
1910,50193,Nuez de Ebro,505,8.21
1910,50194,Olvés,635,20.18
1910,50195,Orcajo,495,28.45
1910,50196,Orera,438,19.82
1910,50197,Orés,762,54.52
1910,50198,Oseja,333,12
1910,50199,Osera de Ebro,529,24.56
1910,50200,Paniza,1654,47.31
1910,50201,Paracuellos de Jiloca,894,32
1910,50202,Paracuellos de la Ribera,941,14.95
1910,50203,Pastriz,796,16.52
1910,50204,Pedrola,2507,113.74
1910,50205,Las Pedrosas,427,18.26
1910,50206,Perdiguera,807,109.77
1910,50207,Piedratajada,374,22.66
1910,50208,Pina de Ebro,2473,309.17
1910,50209,Pinseque,837,16.09
1910,50210,Los Pintanos,648,79.64
1910,50211,Plasencia de Jalón,956,34.77
1910,50212,Pleitas,185,2.14
1910,50213,Plenas,735,37.95
1910,50214,Pomer,469,33.11
1910,50215,Pozuel de Ariza,319,22.63
1910,50216,Pozuelo de Aragón,655,32.11
1910,50217,Pradilla de Ebro,772,25.45
1910,50218,Puebla de Albortón,659,76.31
1910,50219,La Puebla de Alfindén,1057,17.03
1910,50220,Puendeluna,264,9.88
1910,50221,Purujosa,543,35.43
1910,50222,Quinto,2743,118.26
1910,50223,Remolinos,1208,18.51
1910,50224,Retascón,242,25.16
1910,50225,Ricla,2885,90.67
1910,50227,Romanos,330,19.53
1910,50228,Rueda de Jalón,924,107.37
1910,50229,Ruesca,204,11.63
1910,50230,Sádaba,1983,129.55
1910,50231,Salillas de Jalón,598,2.51
1910,50232,Salvatierra de Esca,1085,81.24
1910,50233,Samper del Salz,439,11.49
1910,50234,San Martín de la Virgen de Moncayo,374,5.42
1910,50235,San Mateo de Gállego,1165,71.62
1910,50236,Santa Cruz de Grío,979,19.51
1910,50237,Santa Cruz de Moncayo,253,3.97
1910,50238,Santa Eulalia de Gállego,936,29.58
1910,50239,Santed,323,17.81
1910,50240,Sástago,3087,300.98
1910,50241,Sabiñán,1648,15.52
1910,50242,Sediles,294,11.71
1910,50243,Sestrica,1337,40.88
1910,50244,Sierra de Luna,708,43.39
1910,50245,Sigüés,1628,101.77
1910,50246,Sisamón,520,41.55
1910,50247,Sobradiel,469,12.06
1910,50248,Sos del Rey Católico,3696,216.62
1910,50249,Tabuenca,1292,85.72
1910,50250,Talamantes,590,46.94
1910,50251,Tarazona,8855,244.01
1910,50252,Tauste,4787,405.23
1910,50253,Terrer,977,33.75
1910,50254,Tierga,802,66.13
1910,50255,Tobed,975,32.39
1910,50256,Torralba de los Frailes,543,59.19
1910,50257,Torralba de Ribota,637,32.51
1910,50258,Torralbilla,392,25.86
1910,50259,Torrehermosa,316,21.13
1910,50260,Torrelapaja,331,15.68
1910,50261,Torrellas,856,2.53
1910,50262,Torres de Berrellén,1291,53.81
1910,50263,Torrijo de la Cañada,1988,74.57
1910,50264,Tosos,829,68.65
1910,50265,Trasmoz,312,18.26
1910,50266,Trasobares,697,71.76
1910,50267,Uncastillo,3094,230.87
1910,50268,Undués de Lerda,510,42.99
1910,50269,Urrea de Jalón,918,25.64
1910,50270,Urriés,1004,37.27
1910,50271,Used,1476,85.29
1910,50272,Utebo,1792,17.72
1910,50273,Valdehorna,194,7.95
1910,50274,Val de San Martín,367,25.66
1910,50275,Valmadrid,245,50.57
1910,50276,Valpalmas,436,39.79
1910,50277,Valtorres,334,3.29
1910,50278,Velilla de Ebro,1171,59.79
1910,50279,Velilla de Jiloca,579,10
1910,50280,Vera de Moncayo,1083,27.66
1910,50281,Vierlas,244,2.67
1910,50282,La Vilueña,447,8.61
1910,50283,Villadoz,305,17.18
1910,50284,Villafeliche,1336,22
1910,50285,Villafranca de Ebro,665,63.64
1910,50286,Villalba de Perejil,272,13.33
1910,50287,Villalengua,1280,40.16
1910,50288,Villanueva de Gállego,1371,75.99
1910,50289,Villanueva de Jiloca,438,7.34
1910,50290,Villanueva de Huerva,1124,75.99
1910,50291,Villar de los Navarros,1175,49
1910,50292,Villarreal de Huerva,458,27.13
1910,50293,Villarroya de la Sierra,2435,91
1910,50294,Villarroya del Campo,252,16.94
1910,50295,Vistabella,621,21.82
1910,50296,La Zaida,485,17.27
1910,50297,Zaragoza,109957,973.78
1910,50298,Zuera,2825,332.25
1910,50901,Biel,1735,130.73
1910,50902,Marracos,182,16.92
1910,50903,Villamayor de Gállego,1870,89.36
1920,50001,Abanto,769,63.84
1920,50002,Acered,798,30
1920,50003,Agón,422,18.52
1920,50004,Aguarón,2264,36.62
1920,50005,Aguilón,1198,59.45
1920,50006,Ainzón,1796,40.46
1920,50007,Aladrén,290,21.06
1920,50008,Alagón,4749,24.22
1920,50009,Alarba,380,19
1920,50010,Alberite de San Juan,247,11.23
1920,50011,Albeta,289,2.65
1920,50012,Alborge,374,4.84
1920,50013,Alcalá de Ebro,547,9.87
1920,50014,Alcalá de Moncayo,423,13.76
1920,50015,Alconchel de Ariza,759,34.85
1920,50016,Aldehuela de Liestos,338,38.04
1920,50017,Alfajarín,1358,137.57
1920,50018,Alfamén,881,102.04
1920,50019,Alforque,415,10.62
1920,50020,Alhama de Aragón,1911,31.14
1920,50021,Almochuel,158,32
1920,50022,La Almolda,1273,131.33
1920,50023,Almonacid de la Cuba,775,55.21
1920,50024,Almonacid de la Sierra,2076,55.21
1920,50025,La Almunia de Doña Godina,4199,56.65
1920,50026,Alpartir,1116,32.54
1920,50027,Ambel,940,61
1920,50028,Anento,341,21.52
1920,50029,Aniñón,1684,52.46
1920,50030,Añón de Moncayo,1101,64.19
1920,50031,Aranda de Moncayo,1437,91
1920,50032,Arándiga,1184,50.22
1920,50033,Ardisa,509,27.28
1920,50034,Ariza,2448,103.08
1920,50035,Artieda,280,13.57
1920,50036,Asín,430,18.47
1920,50037,Atea,1035,34.67
1920,50038,Ateca,3096,84.71
1920,50039,Azuara,2872,165.81
1920,50040,Badules,385,20.09
1920,50041,Bagüés,233,30.72
1920,50042,Balconchán,165,19
1920,50043,Bárboles,753,15.68
1920,50044,Bardallur,752,27.34
1920,50045,Belchite,3469,273.68
1920,50046,Belmonte de Gracián,997,43.68
1920,50047,Berdejo,316,19.39
1920,50048,Berrueco,257,19
1920,50050,Bijuesca,896,57.08
1920,50051,Biota,1764,128
1920,50052,Bisimbre,212,11.22
1920,50053,Boquiñeni,1022,18.87
1920,50054,Bordalba,548,41.58
1920,50055,Borja,5093,107.29
1920,50056,Botorrita,408,19.81
1920,50057,Brea de Aragón,1484,13.38
1920,50058,Bubierca,665,29.54
1920,50059,Bujaraloz,1481,120.92
1920,50060,Bulbuente,853,25.44
1920,50061,Bureta,660,11.91
1920,50062,El Burgo de Ebro,1070,24.86
1920,50063,El Buste,452,7.61
1920,50064,Cabañas de Ebro,669,8.53
1920,50065,Cabolafuente,707,39.24
1920,50066,Cadrete,674,11.86
1920,50067,Calatayud,12574,154.25
1920,50068,Calatorao,3488,48.15
1920,50069,Calcena,1076,64.74
1920,50070,Calmarza,436,28.15
1920,50071,Campillo de Aragón,753,36.86
1920,50072,Carenas,989,31.22
1920,50073,Cariñena,3448,82.51
1920,50074,Caspe,9259,503.15
1920,50075,Castejón de Alarba,321,17.56
1920,50076,Castejón de las Armas,598,16.18
1920,50077,Castejón de Valdejasa,1049,110.11
1920,50078,Castiliscar,943,40.68
1920,50079,Cervera de la Cañada,1028,29.22
1920,50080,Cerveruela,386,23.49
1920,50081,Cetina,2064,78.76
1920,50082,Cimballa,485,31.95
1920,50083,Cinco Olivas,482,2.25
1920,50084,Clarés de Ribota,498,18
1920,50085,Codo,1163,11.36
1920,50086,Codos,982,62.69
1920,50087,Contamina,244,14.02
1920,50088,Cosuenda,1127,31.68
1920,50089,Cuarte de Huerva,295,8.95
1920,50090,Cubel,618,58.62
1920,50091,Las Cuerlas,375,32.58
1920,50092,Chiprana,1433,38.98
1920,50093,Chodes,584,15.97
1920,50094,Daroca,3669,52.05
1920,50095,Ejea de los Caballeros,7829,609.92
1920,50096,Embid de Ariza,574,41.26
1920,50098,Encinacorba,891,36.74
1920,50099,Épila,5466,194.32
1920,50100,Erla,1104,18.96
1920,50101,Escatrón,2140,94.64
1920,50102,Fabara,2265,101.63
1920,50104,Farlete,528,104.12
1920,50105,Fayón,1750,67.19
1920,50106,Los Fayos,538,3.88
1920,50107,Figueruelas,504,16.99
1920,50108,Fombuena,266,26.37
1920,50109,El Frago,575,33.76
1920,50110,El Frasno,1504,48.64
1920,50111,Fréscano,440,18.41
1920,50113,Fuendejalón,1483,75.83
1920,50114,Fuendetodos,623,62
1920,50115,Fuentes de Ebro,2974,141.73
1920,50116,Fuentes de Jiloca,1162,27.35
1920,50117,Gallocanta,446,29.71
1920,50118,Gallur,3438,41.71
1920,50119,Gelsa,2285,72.04
1920,50120,Godojos,464,16.77
1920,50121,Gotor,706,15.52
1920,50122,Grisel,541,14.51
1920,50123,Grisén,545,4.75
1920,50124,Herrera de los Navarros,2124,105.01
1920,50125,Ibdes,1638,56.31
1920,50126,Illueca,1893,24.86
1920,50128,Isuerre,373,20.05
1920,50129,Jaraba,599,42.81
1920,50130,Jarque de Moncayo,1511,43
1920,50131,Jaulín,483,46.05
1920,50132,La Joyosa,304,6.52
1920,50133,Lagata,599,23.65
1920,50134,Langa del Castillo,741,50.13
1920,50135,Layana,446,3.69
1920,50136,Lécera,2475,109
1920,50137,Leciñena,2107,178.59
1920,50138,Lechón,165,17.46
1920,50139,Letux,1159,30.15
1920,50140,Litago,607,15
1920,50141,Lituénigo,324,11.38
1920,50142,Lobera de Onsella,561,32.18
1920,50143,Longares,1454,45.96
1920,50144,Longás,613,49.23
1920,50146,Lucena de Jalón,561,10.31
1920,50147,Luceni,1470,27.08
1920,50148,Luesia,1715,126.83
1920,50149,Luesma,327,29
1920,50150,Lumpiaque,1817,29.55
1920,50151,Luna,2433,308.92
1920,50152,Maella,3776,174.88
1920,50153,Magallón,2504,78.61
1920,50154,Mainar,496,34.02
1920,50155,Malanquilla,572,36.63
1920,50156,Maleján,524,0.08
1920,50157,Malón,1254,5.66
1920,50159,Maluenda,1805,40.09
1920,50160,Mallén,2959,37.42
1920,50161,Manchones,690,26.83
1920,50162,Mara,780,21.09
1920,50163,María de Huerva,659,108.09
1920,50164,Mediana de Aragón,1390,90.57
1920,50165,Mequinenza,4228,307.45
1920,50166,Mesones de Isuela,690,48.55
1920,50167,Mezalocha,744,60.64
1920,50168,Mianos,232,14.82
1920,50169,Miedes de Aragón,1179,55.38
1920,50170,Monegrillo,853,183.16
1920,50171,Moneva,779,61
1920,50172,Monreal de Ariza,732,62.06
1920,50173,Monterde,994,55.94
1920,50174,Montón,526,17.59
1920,50175,Morata de Jalón,2241,45.87
1920,50176,Morata de Jiloca,1170,23.09
1920,50177,Morés,1272,21.46
1920,50178,Moros,1460,53
1920,50179,Moyuela,1217,42.76
1920,50180,Mozota,463,8.68
1920,50181,Muel,1576,79.17
1920,50182,La Muela,1041,143.49
1920,50183,Munébrega,1132,40.99
1920,50184,Murero,536,18.25
1920,50185,Murillo de Gállego,1033,54.71
1920,50186,Navardún,500,24
1920,50187,Nigüella,346,30.42
1920,50188,Nombrevilla,244,17.56
1920,50189,Nonaspe,2097,111.45
1920,50190,Novallas,1619,11
1920,50191,Novillas,972,25.28
1920,50192,Nuévalos,952,41.84
1920,50193,Nuez de Ebro,550,8.21
1920,50194,Olvés,625,20.18
1920,50195,Orcajo,505,28.45
1920,50196,Orera,423,19.82
1920,50197,Orés,742,54.52
1920,50198,Oseja,339,12
1920,50199,Osera de Ebro,546,24.56
1920,50200,Paniza,1425,47.31
1920,50201,Paracuellos de Jiloca,1078,32
1920,50202,Paracuellos de la Ribera,984,14.95
1920,50203,Pastriz,820,16.52
1920,50204,Pedrola,2632,113.74
1920,50205,Las Pedrosas,462,18.26
1920,50206,Perdiguera,874,109.77
1920,50207,Piedratajada,426,22.66
1920,50208,Pina de Ebro,2549,309.17
1920,50209,Pinseque,1024,16.09
1920,50210,Los Pintanos,578,79.64
1920,50211,Plasencia de Jalón,898,34.77
1920,50212,Pleitas,201,2.14
1920,50213,Plenas,740,37.95
1920,50214,Pomer,482,33.11
1920,50215,Pozuel de Ariza,343,22.63
1920,50216,Pozuelo de Aragón,767,32.11
1920,50217,Pradilla de Ebro,808,25.45
1920,50218,Puebla de Albortón,687,76.31
1920,50219,La Puebla de Alfindén,1163,17.03
1920,50220,Puendeluna,273,9.88
1920,50221,Purujosa,564,35.43
1920,50222,Quinto,2818,118.26
1920,50223,Remolinos,1354,18.51
1920,50224,Retascón,341,25.16
1920,50225,Ricla,3023,90.67
1920,50227,Romanos,325,19.53
1920,50228,Rueda de Jalón,1015,107.37
1920,50229,Ruesca,225,11.63
1920,50230,Sádaba,2535,129.55
1920,50231,Salillas de Jalón,775,2.51
1920,50232,Salvatierra de Esca,1133,81.24
1920,50233,Samper del Salz,408,11.49
1920,50234,San Martín de la Virgen de Moncayo,400,5.42
1920,50235,San Mateo de Gállego,1361,71.62
1920,50236,Santa Cruz de Grío,1004,19.51
1920,50237,Santa Cruz de Moncayo,268,3.97
1920,50238,Santa Eulalia de Gállego,907,29.58
1920,50239,Santed,336,17.81
1920,50240,Sástago,3059,300.98
1920,50241,Sabiñán,1765,15.52
1920,50242,Sediles,311,11.71
1920,50243,Sestrica,1318,40.88
1920,50244,Sierra de Luna,739,43.39
1920,50245,Sigüés,1750,101.77
1920,50246,Sisamón,643,41.55
1920,50247,Sobradiel,600,12.06
1920,50248,Sos del Rey Católico,3732,216.62
1920,50249,Tabuenca,1353,85.72
1920,50250,Talamantes,529,46.94
1920,50251,Tarazona,8646,244.01
1920,50252,Tauste,5762,405.23
1920,50253,Terrer,1393,33.75
1920,50254,Tierga,1058,66.13
1920,50255,Tobed,964,32.39
1920,50256,Torralba de los Frailes,624,59.19
1920,50257,Torralba de Ribota,594,32.51
1920,50258,Torralbilla,416,25.86
1920,50259,Torrehermosa,365,21.13
1920,50260,Torrelapaja,348,15.68
1920,50261,Torrellas,1029,2.53
1920,50262,Torres de Berrellén,1602,53.81
1920,50263,Torrijo de la Cañada,1772,74.57
1920,50264,Tosos,940,68.65
1920,50265,Trasmoz,319,18.26
1920,50266,Trasobares,723,71.76
1920,50267,Uncastillo,3439,230.87
1920,50268,Undués de Lerda,502,42.99
1920,50269,Urrea de Jalón,939,25.64
1920,50270,Urriés,1073,37.27
1920,50271,Used,1539,85.29
1920,50272,Utebo,2207,17.72
1920,50273,Valdehorna,195,7.95
1920,50274,Val de San Martín,345,25.66
1920,50275,Valmadrid,237,50.57
1920,50276,Valpalmas,501,39.79
1920,50277,Valtorres,362,3.29
1920,50278,Velilla de Ebro,1095,59.79
1920,50279,Velilla de Jiloca,645,10
1920,50280,Vera de Moncayo,968,27.66
1920,50281,Vierlas,241,2.67
1920,50282,La Vilueña,388,8.61
1920,50283,Villadoz,331,17.18
1920,50284,Villafeliche,1182,22
1920,50285,Villafranca de Ebro,683,63.64
1920,50286,Villalba de Perejil,251,13.33
1920,50287,Villalengua,1236,40.16
1920,50288,Villanueva de Gállego,1778,75.99
1920,50289,Villanueva de Jiloca,515,7.34
1920,50290,Villanueva de Huerva,1346,75.99
1920,50291,Villar de los Navarros,1187,49
1920,50292,Villarreal de Huerva,463,27.13
1920,50293,Villarroya de la Sierra,2274,91
1920,50294,Villarroya del Campo,255,16.94
1920,50295,Vistabella,545,21.82
1920,50296,La Zaida,570,17.27
1920,50297,Zaragoza,138617,973.78
1920,50298,Zuera,3598,332.25
1920,50901,Biel,1601,130.73
1920,50902,Marracos,169,16.92
1920,50903,Villamayor de Gállego,1932,89.36
1930,50001,Abanto,810,63.84
1930,50002,Acered,676,30
1930,50003,Agón,340,18.52
1930,50004,Aguarón,1885,36.62
1930,50005,Aguilón,1163,59.45
1930,50006,Ainzón,1960,40.46
1930,50007,Aladrén,267,21.06
1930,50008,Alagón,5083,24.22
1930,50009,Alarba,441,19
1930,50010,Alberite de San Juan,226,11.23
1930,50011,Albeta,245,2.65
1930,50012,Alborge,306,4.84
1930,50013,Alcalá de Ebro,590,9.87
1930,50014,Alcalá de Moncayo,466,13.76
1930,50015,Alconchel de Ariza,735,34.85
1930,50016,Aldehuela de Liestos,367,38.04
1930,50017,Alfajarín,1335,137.57
1930,50018,Alfamén,1042,102.04
1930,50019,Alforque,374,10.62
1930,50020,Alhama de Aragón,2015,31.14
1930,50021,Almochuel,130,32
1930,50022,La Almolda,1210,131.33
1930,50023,Almonacid de la Cuba,670,55.21
1930,50024,Almonacid de la Sierra,1735,55.21
1930,50025,La Almunia de Doña Godina,4200,56.65
1930,50026,Alpartir,1079,32.54
1930,50027,Ambel,995,61
1930,50028,Anento,388,21.52
1930,50029,Aniñón,1651,52.46
1930,50030,Añón de Moncayo,1111,64.19
1930,50031,Aranda de Moncayo,1451,91
1930,50032,Arándiga,1186,50.22
1930,50033,Ardisa,540,27.28
1930,50034,Ariza,2907,103.08
1930,50035,Artieda,262,13.57
1930,50036,Asín,460,18.47
1930,50037,Atea,1104,34.67
1930,50038,Ateca,3232,84.71
1930,50039,Azuara,2955,165.81
1930,50040,Badules,389,20.09
1930,50041,Bagüés,203,30.72
1930,50042,Balconchán,180,19
1930,50043,Bárboles,808,15.68
1930,50044,Bardallur,779,27.34
1930,50045,Belchite,3604,273.68
1930,50046,Belmonte de Gracián,1002,43.68
1930,50047,Berdejo,329,19.39
1930,50048,Berrueco,184,19
1930,50050,Bijuesca,879,57.08
1930,50051,Biota,1869,128
1930,50052,Bisimbre,213,11.22
1930,50053,Boquiñeni,1136,18.87
1930,50054,Bordalba,566,41.58
1930,50055,Borja,5055,107.29
1930,50056,Botorrita,487,19.81
1930,50057,Brea de Aragón,1904,13.38
1930,50058,Bubierca,600,29.54
1930,50059,Bujaraloz,1303,120.92
1930,50060,Bulbuente,820,25.44
1930,50061,Bureta,636,11.91
1930,50062,El Burgo de Ebro,1096,24.86
1930,50063,El Buste,466,7.61
1930,50064,Cabañas de Ebro,795,8.53
1930,50065,Cabolafuente,650,39.24
1930,50066,Cadrete,691,11.86
1930,50067,Calatayud,15733,154.25
1930,50068,Calatorao,3460,48.15
1930,50069,Calcena,1087,64.74
1930,50070,Calmarza,537,28.15
1930,50071,Campillo de Aragón,738,36.86
1930,50072,Carenas,1120,31.22
1930,50073,Cariñena,3070,82.51
1930,50074,Caspe,9992,503.15
1930,50075,Castejón de Alarba,355,17.56
1930,50076,Castejón de las Armas,575,16.18
1930,50077,Castejón de Valdejasa,1102,110.11
1930,50078,Castiliscar,1026,40.68
1930,50079,Cervera de la Cañada,982,29.22
1930,50080,Cerveruela,363,23.49
1930,50081,Cetina,2517,78.76
1930,50082,Cimballa,466,31.95
1930,50083,Cinco Olivas,400,2.25
1930,50084,Clarés de Ribota,479,18
1930,50085,Codo,1114,11.36
1930,50086,Codos,995,62.69
1930,50087,Contamina,243,14.02
1930,50088,Cosuenda,1001,31.68
1930,50089,Cuarte de Huerva,271,8.95
1930,50090,Cubel,671,58.62
1930,50091,Las Cuerlas,439,32.58
1930,50092,Chiprana,1192,38.98
1930,50093,Chodes,578,15.97
1930,50094,Daroca,3857,52.05
1930,50095,Ejea de los Caballeros,8666,609.92
1930,50096,Embid de Ariza,551,41.26
1930,50098,Encinacorba,931,36.74
1930,50099,Épila,5799,194.32
1930,50100,Erla,1067,18.96
1930,50101,Escatrón,2068,94.64
1930,50102,Fabara,2192,101.63
1930,50104,Farlete,548,104.12
1930,50105,Fayón,1476,67.19
1930,50106,Los Fayos,505,3.88
1930,50107,Figueruelas,559,16.99
1930,50108,Fombuena,247,26.37
1930,50109,El Frago,563,33.76
1930,50110,El Frasno,1426,48.64
1930,50111,Fréscano,352,18.41
1930,50113,Fuendejalón,1418,75.83
1930,50114,Fuendetodos,663,62
1930,50115,Fuentes de Ebro,2941,141.73
1930,50116,Fuentes de Jiloca,1219,27.35
1930,50117,Gallocanta,490,29.71
1930,50118,Gallur,3862,41.71
1930,50119,Gelsa,2172,72.04
1930,50120,Godojos,506,16.77
1930,50121,Gotor,738,15.52
1930,50122,Grisel,509,14.51
1930,50123,Grisén,651,4.75
1930,50124,Herrera de los Navarros,2224,105.01
1930,50125,Ibdes,1769,56.31
1930,50126,Illueca,1963,24.86
1930,50128,Isuerre,302,20.05
1930,50129,Jaraba,705,42.81
1930,50130,Jarque de Moncayo,1331,43
1930,50131,Jaulín,554,46.05
1930,50132,La Joyosa,283,6.52
1930,50133,Lagata,623,23.65
1930,50134,Langa del Castillo,818,50.13
1930,50135,Layana,479,3.69
1930,50136,Lécera,2290,109
1930,50137,Leciñena,2152,178.59
1930,50138,Lechón,181,17.46
1930,50139,Letux,1221,30.15
1930,50140,Litago,584,15
1930,50141,Lituénigo,359,11.38
1930,50142,Lobera de Onsella,507,32.18
1930,50143,Longares,1448,45.96
1930,50144,Longás,479,49.23
1930,50146,Lucena de Jalón,599,10.31
1930,50147,Luceni,1902,27.08
1930,50148,Luesia,1790,126.83
1930,50149,Luesma,290,29
1930,50150,Lumpiaque,1889,29.55
1930,50151,Luna,2611,308.92
1930,50152,Maella,3332,174.88
1930,50153,Magallón,2217,78.61
1930,50154,Mainar,491,34.02
1930,50155,Malanquilla,571,36.63
1930,50156,Maleján,520,0.08
1930,50157,Malón,1241,5.66
1930,50159,Maluenda,1927,40.09
1930,50160,Mallén,3030,37.42
1930,50161,Manchones,740,26.83
1930,50162,Mara,826,21.09
1930,50163,María de Huerva,761,108.09
1930,50164,Mediana de Aragón,1232,90.57
1930,50165,Mequinenza,3296,307.45
1930,50166,Mesones de Isuela,697,48.55
1930,50167,Mezalocha,680,60.64
1930,50168,Mianos,165,14.82
1930,50169,Miedes de Aragón,1167,55.38
1930,50170,Monegrillo,718,183.16
1930,50171,Moneva,865,61
1930,50172,Monreal de Ariza,847,62.06
1930,50173,Monterde,889,55.94
1930,50174,Montón,539,17.59
1930,50175,Morata de Jalón,2280,45.87
1930,50176,Morata de Jiloca,1247,23.09
1930,50177,Morés,1359,21.46
1930,50178,Moros,1446,53
1930,50179,Moyuela,1370,42.76
1930,50180,Mozota,426,8.68
1930,50181,Muel,1569,79.17
1930,50182,La Muela,942,143.49
1930,50183,Munébrega,1281,40.99
1930,50184,Murero,530,18.25
1930,50185,Murillo de Gállego,882,54.71
1930,50186,Navardún,452,24
1930,50187,Nigüella,314,30.42
1930,50188,Nombrevilla,251,17.56
1930,50189,Nonaspe,1882,111.45
1930,50190,Novallas,1636,11
1930,50191,Novillas,1013,25.28
1930,50192,Nuévalos,1057,41.84
1930,50193,Nuez de Ebro,546,8.21
1930,50194,Olvés,539,20.18
1930,50195,Orcajo,435,28.45
1930,50196,Orera,442,19.82
1930,50197,Orés,690,54.52
1930,50198,Oseja,310,12
1930,50199,Osera de Ebro,537,24.56
1930,50200,Paniza,1375,47.31
1930,50201,Paracuellos de Jiloca,1172,32
1930,50202,Paracuellos de la Ribera,1015,14.95
1930,50203,Pastriz,857,16.52
1930,50204,Pedrola,2668,113.74
1930,50205,Las Pedrosas,443,18.26
1930,50206,Perdiguera,796,109.77
1930,50207,Piedratajada,458,22.66
1930,50208,Pina de Ebro,2434,309.17
1930,50209,Pinseque,1169,16.09
1930,50210,Los Pintanos,555,79.64
1930,50211,Plasencia de Jalón,901,34.77
1930,50212,Pleitas,178,2.14
1930,50213,Plenas,768,37.95
1930,50214,Pomer,484,33.11
1930,50215,Pozuel de Ariza,402,22.63
1930,50216,Pozuelo de Aragón,641,32.11
1930,50217,Pradilla de Ebro,1070,25.45
1930,50218,Puebla de Albortón,633,76.31
1930,50219,La Puebla de Alfindén,1262,17.03
1930,50220,Puendeluna,307,9.88
1930,50221,Purujosa,480,35.43
1930,50222,Quinto,2751,118.26
1930,50223,Remolinos,1438,18.51
1930,50224,Retascón,308,25.16
1930,50225,Ricla,2854,90.67
1930,50227,Romanos,380,19.53
1930,50228,Rueda de Jalón,1038,107.37
1930,50229,Ruesca,233,11.63
1930,50230,Sádaba,2748,129.55
1930,50231,Salillas de Jalón,784,2.51
1930,50232,Salvatierra de Esca,1144,81.24
1930,50233,Samper del Salz,419,11.49
1930,50234,San Martín de la Virgen de Moncayo,392,5.42
1930,50235,San Mateo de Gállego,1516,71.62
1930,50236,Santa Cruz de Grío,917,19.51
1930,50237,Santa Cruz de Moncayo,281,3.97
1930,50238,Santa Eulalia de Gállego,851,29.58
1930,50239,Santed,334,17.81
1930,50240,Sástago,3047,300.98
1930,50241,Sabiñán,1799,15.52
1930,50242,Sediles,338,11.71
1930,50243,Sestrica,1315,40.88
1930,50244,Sierra de Luna,800,43.39
1930,50245,Sigüés,1730,101.77
1930,50246,Sisamón,663,41.55
1930,50247,Sobradiel,698,12.06
1930,50248,Sos del Rey Católico,3710,216.62
1930,50249,Tabuenca,1258,85.72
1930,50250,Talamantes,489,46.94
1930,50251,Tarazona,9802,244.01
1930,50252,Tauste,6488,405.23
1930,50253,Terrer,1867,33.75
1930,50254,Tierga,1082,66.13
1930,50255,Tobed,942,32.39
1930,50256,Torralba de los Frailes,678,59.19
1930,50257,Torralba de Ribota,610,32.51
1930,50258,Torralbilla,452,25.86
1930,50259,Torrehermosa,411,21.13
1930,50260,Torrelapaja,356,15.68
1930,50261,Torrellas,982,2.53
1930,50262,Torres de Berrellén,1738,53.81
1930,50263,Torrijo de la Cañada,1833,74.57
1930,50264,Tosos,990,68.65
1930,50265,Trasmoz,330,18.26
1930,50266,Trasobares,1017,71.76
1930,50267,Uncastillo,3832,230.87
1930,50268,Undués de Lerda,453,42.99
1930,50269,Urrea de Jalón,967,25.64
1930,50270,Urriés,1049,37.27
1930,50271,Used,1509,85.29
1930,50272,Utebo,2286,17.72
1930,50273,Valdehorna,212,7.95
1930,50274,Val de San Martín,334,25.66
1930,50275,Valmadrid,232,50.57
1930,50276,Valpalmas,521,39.79
1930,50277,Valtorres,421,3.29
1930,50278,Velilla de Ebro,990,59.79
1930,50279,Velilla de Jiloca,609,10
1930,50280,Vera de Moncayo,1171,27.66
1930,50281,Vierlas,249,2.67
1930,50282,La Vilueña,413,8.61
1930,50283,Villadoz,333,17.18
1930,50284,Villafeliche,1146,22
1930,50285,Villafranca de Ebro,699,63.64
1930,50286,Villalba de Perejil,263,13.33
1930,50287,Villalengua,1206,40.16
1930,50288,Villanueva de Gállego,2110,75.99
1930,50289,Villanueva de Jiloca,516,7.34
1930,50290,Villanueva de Huerva,1270,75.99
1930,50291,Villar de los Navarros,1291,49
1930,50292,Villarreal de Huerva,523,27.13
1930,50293,Villarroya de la Sierra,2193,91
1930,50294,Villarroya del Campo,294,16.94
1930,50295,Vistabella,547,21.82
1930,50296,La Zaida,578,17.27
1930,50297,Zaragoza,160179,973.78
1930,50298,Zuera,3860,332.25
1930,50901,Biel,1492,130.73
1930,50902,Marracos,227,16.92
1930,50903,Villamayor de Gállego,2013,89.36
1940,50001,Abanto,833,63.84
1940,50002,Acered,690,30
1940,50003,Agón,325,18.52
1940,50004,Aguarón,1765,36.62
1940,50005,Aguilón,965,59.45
1940,50006,Ainzón,1926,40.46
1940,50007,Aladrén,250,21.06
1940,50008,Alagón,5805,24.22
1940,50009,Alarba,441,19
1940,50010,Alberite de San Juan,228,11.23
1940,50011,Albeta,254,2.65
1940,50012,Alborge,306,4.84
1940,50013,Alcalá de Ebro,613,9.87
1940,50014,Alcalá de Moncayo,438,13.76
1940,50015,Alconchel de Ariza,766,34.85
1940,50016,Aldehuela de Liestos,417,38.04
1940,50017,Alfajarín,1268,137.57
1940,50018,Alfamén,1343,102.04
1940,50019,Alforque,369,10.62
1940,50020,Alhama de Aragón,2023,31.14
1940,50021,Almochuel,135,32
1940,50022,La Almolda,1256,131.33
1940,50023,Almonacid de la Cuba,688,55.21
1940,50024,Almonacid de la Sierra,1712,55.21
1940,50025,La Almunia de Doña Godina,4125,56.65
1940,50026,Alpartir,1010,32.54
1940,50027,Ambel,924,61
1940,50028,Anento,367,21.52
1940,50029,Aniñón,1800,52.46
1940,50030,Añón de Moncayo,979,64.19
1940,50031,Aranda de Moncayo,1208,91
1940,50032,Arándiga,1249,50.22
1940,50033,Ardisa,445,27.28
1940,50034,Ariza,3076,103.08
1940,50035,Artieda,272,13.57
1940,50036,Asín,449,18.47
1940,50037,Atea,1082,34.67
1940,50038,Ateca,3214,84.71
1940,50039,Azuara,2872,165.81
1940,50040,Badules,383,20.09
1940,50041,Bagüés,162,30.72
1940,50042,Balconchán,146,19
1940,50043,Bárboles,851,15.68
1940,50044,Bardallur,740,27.34
1940,50045,Belchite,2936,273.68
1940,50046,Belmonte de Gracián,957,43.68
1940,50047,Berdejo,307,19.39
1940,50048,Berrueco,198,19
1940,50050,Bijuesca,893,57.08
1940,50051,Biota,1989,128
1940,50052,Bisimbre,221,11.22
1940,50053,Boquiñeni,1150,18.87
1940,50054,Bordalba,553,41.58
1940,50055,Borja,5138,107.29
1940,50056,Botorrita,534,19.81
1940,50057,Brea de Aragón,1862,13.38
1940,50058,Bubierca,602,29.54
1940,50059,Bujaraloz,1391,120.92
1940,50060,Bulbuente,742,25.44
1940,50061,Bureta,577,11.91
1940,50062,El Burgo de Ebro,1059,24.86
1940,50063,El Buste,432,7.61
1940,50064,Cabañas de Ebro,800,8.53
1940,50065,Cabolafuente,671,39.24
1940,50066,Cadrete,767,11.86
1940,50067,Calatayud,18393,154.25
1940,50068,Calatorao,3397,48.15
1940,50069,Calcena,967,64.74
1940,50070,Calmarza,600,28.15
1940,50071,Campillo de Aragón,778,36.86
1940,50072,Carenas,1275,31.22
1940,50073,Cariñena,3049,82.51
1940,50074,Caspe,9844,503.15
1940,50075,Castejón de Alarba,361,17.56
1940,50076,Castejón de las Armas,526,16.18
1940,50077,Castejón de Valdejasa,1162,110.11
1940,50078,Castiliscar,1039,40.68
1940,50079,Cervera de la Cañada,1021,29.22
1940,50080,Cerveruela,276,23.49
1940,50081,Cetina,2584,78.76
1940,50082,Cimballa,539,31.95
1940,50083,Cinco Olivas,388,2.25
1940,50084,Clarés de Ribota,480,18
1940,50085,Codo,945,11.36
1940,50086,Codos,969,62.69
1940,50087,Contamina,247,14.02
1940,50088,Cosuenda,987,31.68
1940,50089,Cuarte de Huerva,322,8.95
1940,50090,Cubel,733,58.62
1940,50091,Las Cuerlas,479,32.58
1940,50092,Chiprana,1289,38.98
1940,50093,Chodes,538,15.97
1940,50094,Daroca,3819,52.05
1940,50095,Ejea de los Caballeros,9652,609.92
1940,50096,Embid de Ariza,555,41.26
1940,50098,Encinacorba,839,36.74
1940,50099,Épila,5900,194.32
1940,50100,Erla,1179,18.96
1940,50101,Escatrón,2076,94.64
1940,50102,Fabara,2048,101.63
1940,50104,Farlete,610,104.12
1940,50105,Fayón,1319,67.19
1940,50106,Los Fayos,522,3.88
1940,50107,Figueruelas,597,16.99
1940,50108,Fombuena,239,26.37
1940,50109,El Frago,499,33.76
1940,50110,El Frasno,1414,48.64
1940,50111,Fréscano,366,18.41
1940,50113,Fuendejalón,1378,75.83
1940,50114,Fuendetodos,498,62
1940,50115,Fuentes de Ebro,2517,141.73
1940,50116,Fuentes de Jiloca,1133,27.35
1940,50117,Gallocanta,529,29.71
1940,50118,Gallur,3982,41.71
1940,50119,Gelsa,2303,72.04
1940,50120,Godojos,455,16.77
1940,50121,Gotor,677,15.52
1940,50122,Grisel,453,14.51
1940,50123,Grisén,705,4.75
1940,50124,Herrera de los Navarros,1890,105.01
1940,50125,Ibdes,1819,56.31
1940,50126,Illueca,2012,24.86
1940,50128,Isuerre,271,20.05
1940,50129,Jaraba,812,42.81
1940,50130,Jarque de Moncayo,1258,43
1940,50131,Jaulín,550,46.05
1940,50132,La Joyosa,318,6.52
1940,50133,Lagata,571,23.65
1940,50134,Langa del Castillo,803,50.13
1940,50135,Layana,468,3.69
1940,50136,Lécera,2378,109
1940,50137,Leciñena,1952,178.59
1940,50138,Lechón,152,17.46
1940,50139,Letux,1265,30.15
1940,50140,Litago,545,15
1940,50141,Lituénigo,359,11.38
1940,50142,Lobera de Onsella,501,32.18
1940,50143,Longares,1464,45.96
1940,50144,Longás,400,49.23
1940,50146,Lucena de Jalón,529,10.31
1940,50147,Luceni,1925,27.08
1940,50148,Luesia,1503,126.83
1940,50149,Luesma,213,29
1940,50150,Lumpiaque,2068,29.55
1940,50151,Luna,2607,308.92
1940,50152,Maella,3327,174.88
1940,50153,Magallón,2197,78.61
1940,50154,Mainar,485,34.02
1940,50155,Malanquilla,561,36.63
1940,50156,Maleján,504,0.08
1940,50157,Malón,1265,5.66
1940,50159,Maluenda,1794,40.09
1940,50160,Mallén,3039,37.42
1940,50161,Manchones,718,26.83
1940,50162,Mara,844,21.09
1940,50163,María de Huerva,826,108.09
1940,50164,Mediana de Aragón,702,90.57
1940,50165,Mequinenza,3566,307.45
1940,50166,Mesones de Isuela,748,48.55
1940,50167,Mezalocha,707,60.64
1940,50168,Mianos,202,14.82
1940,50169,Miedes de Aragón,1220,55.38
1940,50170,Monegrillo,827,183.16
1940,50171,Moneva,814,61
1940,50172,Monreal de Ariza,970,62.06
1940,50173,Monterde,1009,55.94
1940,50174,Montón,550,17.59
1940,50175,Morata de Jalón,2750,45.87
1940,50176,Morata de Jiloca,1189,23.09
1940,50177,Morés,1369,21.46
1940,50178,Moros,1416,53
1940,50179,Moyuela,1223,42.76
1940,50180,Mozota,423,8.68
1940,50181,Muel,1617,79.17
1940,50182,La Muela,1043,143.49
1940,50183,Munébrega,1281,40.99
1940,50184,Murero,589,18.25
1940,50185,Murillo de Gállego,777,54.71
1940,50186,Navardún,412,24
1940,50187,Nigüella,309,30.42
1940,50188,Nombrevilla,248,17.56
1940,50189,Nonaspe,1806,111.45
1940,50190,Novallas,1618,11
1940,50191,Novillas,974,25.28
1940,50192,Nuévalos,1172,41.84
1940,50193,Nuez de Ebro,585,8.21
1940,50194,Olvés,560,20.18
1940,50195,Orcajo,414,28.45
1940,50196,Orera,415,19.82
1940,50197,Orés,681,54.52
1940,50198,Oseja,307,12
1940,50199,Osera de Ebro,539,24.56
1940,50200,Paniza,1319,47.31
1940,50201,Paracuellos de Jiloca,1256,32
1940,50202,Paracuellos de la Ribera,967,14.95
1940,50203,Pastriz,784,16.52
1940,50204,Pedrola,2850,113.74
1940,50205,Las Pedrosas,359,18.26
1940,50206,Perdiguera,726,109.77
1940,50207,Piedratajada,461,22.66
1940,50208,Pina de Ebro,2092,309.17
1940,50209,Pinseque,1126,16.09
1940,50210,Los Pintanos,523,79.64
1940,50211,Plasencia de Jalón,832,34.77
1940,50212,Pleitas,198,2.14
1940,50213,Plenas,737,37.95
1940,50214,Pomer,383,33.11
1940,50215,Pozuel de Ariza,400,22.63
1940,50216,Pozuelo de Aragón,737,32.11
1940,50217,Pradilla de Ebro,1041,25.45
1940,50218,Puebla de Albortón,475,76.31
1940,50219,La Puebla de Alfindén,1151,17.03
1940,50220,Puendeluna,331,9.88
1940,50221,Purujosa,442,35.43
1940,50222,Quinto,2154,118.26
1940,50223,Remolinos,1538,18.51
1940,50224,Retascón,363,25.16
1940,50225,Ricla,2896,90.67
1940,50227,Romanos,387,19.53
1940,50228,Rueda de Jalón,1016,107.37
1940,50229,Ruesca,193,11.63
1940,50230,Sádaba,2820,129.55
1940,50231,Salillas de Jalón,853,2.51
1940,50232,Salvatierra de Esca,1091,81.24
1940,50233,Samper del Salz,347,11.49
1940,50234,San Martín de la Virgen de Moncayo,421,5.42
1940,50235,San Mateo de Gállego,1598,71.62
1940,50236,Santa Cruz de Grío,877,19.51
1940,50237,Santa Cruz de Moncayo,275,3.97
1940,50238,Santa Eulalia de Gállego,737,29.58
1940,50239,Santed,307,17.81
1940,50240,Sástago,2865,300.98
1940,50241,Sabiñán,1716,15.52
1940,50242,Sediles,349,11.71
1940,50243,Sestrica,1324,40.88
1940,50244,Sierra de Luna,847,43.39
1940,50245,Sigüés,1707,101.77
1940,50246,Sisamón,718,41.55
1940,50247,Sobradiel,531,12.06
1940,50248,Sos del Rey Católico,3382,216.62
1940,50249,Tabuenca,1232,85.72
1940,50250,Talamantes,479,46.94
1940,50251,Tarazona,11343,244.01
1940,50252,Tauste,6344,405.23
1940,50253,Terrer,1909,33.75
1940,50254,Tierga,969,66.13
1940,50255,Tobed,975,32.39
1940,50256,Torralba de los Frailes,715,59.19
1940,50257,Torralba de Ribota,613,32.51
1940,50258,Torralbilla,406,25.86
1940,50259,Torrehermosa,437,21.13
1940,50260,Torrelapaja,405,15.68
1940,50261,Torrellas,1020,2.53
1940,50262,Torres de Berrellén,1739,53.81
1940,50263,Torrijo de la Cañada,1711,74.57
1940,50264,Tosos,912,68.65
1940,50265,Trasmoz,327,18.26
1940,50266,Trasobares,948,71.76
1940,50267,Uncastillo,3629,230.87
1940,50268,Undués de Lerda,380,42.99
1940,50269,Urrea de Jalón,923,25.64
1940,50270,Urriés,984,37.27
1940,50271,Used,1508,85.29
1940,50272,Utebo,2423,17.72
1940,50273,Valdehorna,208,7.95
1940,50274,Val de San Martín,352,25.66
1940,50275,Valmadrid,219,50.57
1940,50276,Valpalmas,564,39.79
1940,50277,Valtorres,442,3.29
1940,50278,Velilla de Ebro,983,59.79
1940,50279,Velilla de Jiloca,627,10
1940,50280,Vera de Moncayo,1000,27.66
1940,50281,Vierlas,254,2.67
1940,50282,La Vilueña,421,8.61
1940,50283,Villadoz,349,17.18
1940,50284,Villafeliche,1098,22
1940,50285,Villafranca de Ebro,808,63.64
1940,50286,Villalba de Perejil,272,13.33
1940,50287,Villalengua,1218,40.16
1940,50288,Villanueva de Gállego,2094,75.99
1940,50289,Villanueva de Jiloca,529,7.34
1940,50290,Villanueva de Huerva,1215,75.99
1940,50291,Villar de los Navarros,1101,49
1940,50292,Villarreal de Huerva,573,27.13
1940,50293,Villarroya de la Sierra,2116,91
1940,50294,Villarroya del Campo,284,16.94
1940,50295,Vistabella,505,21.82
1940,50296,La Zaida,620,17.27
1940,50297,Zaragoza,202948,973.78
1940,50298,Zuera,4420,332.25
1940,50901,Biel,1246,130.73
1940,50902,Marracos,388,16.92
1940,50903,Villamayor de Gállego,2253,89.36
1950,50001,Abanto,857,63.84
1950,50002,Acered,726,30
1950,50003,Agón,338,18.52
1950,50004,Aguarón,1698,36.62
1950,50005,Aguilón,1048,59.45
1950,50006,Ainzón,1881,40.46
1950,50007,Aladrén,287,21.06
1950,50008,Alagón,5484,24.22
1950,50009,Alarba,432,19
1950,50010,Alberite de San Juan,218,11.23
1950,50011,Albeta,267,2.65
1950,50012,Alborge,267,4.84
1950,50013,Alcalá de Ebro,559,9.87
1950,50014,Alcalá de Moncayo,454,13.76
1950,50015,Alconchel de Ariza,724,34.85
1950,50016,Aldehuela de Liestos,442,38.04
1950,50017,Alfajarín,1230,137.57
1950,50018,Alfamén,1368,102.04
1950,50019,Alforque,301,10.62
1950,50020,Alhama de Aragón,2064,31.14
1950,50021,Almochuel,142,32
1950,50022,La Almolda,1098,131.33
1950,50023,Almonacid de la Cuba,677,55.21
1950,50024,Almonacid de la Sierra,1699,55.21
1950,50025,La Almunia de Doña Godina,4273,56.65
1950,50026,Alpartir,977,32.54
1950,50027,Ambel,962,61
1950,50028,Anento,351,21.52
1950,50029,Aniñón,1847,52.46
1950,50030,Añón de Moncayo,959,64.19
1950,50031,Aranda de Moncayo,1177,91
1950,50032,Arándiga,1227,50.22
1950,50033,Ardisa,394,27.28
1950,50034,Ariza,2987,103.08
1950,50035,Artieda,227,13.57
1950,50036,Asín,429,18.47
1950,50037,Atea,1088,34.67
1950,50038,Ateca,3410,84.71
1950,50039,Azuara,2593,165.81
1950,50040,Badules,439,20.09
1950,50041,Bagüés,135,30.72
1950,50042,Balconchán,133,19
1950,50043,Bárboles,782,15.68
1950,50044,Bardallur,755,27.34
1950,50045,Belchite,3589,273.68
1950,50046,Belmonte de Gracián,897,43.68
1950,50047,Berdejo,280,19.39
1950,50048,Berrueco,185,19
1950,50050,Bijuesca,821,57.08
1950,50051,Biota,1954,128
1950,50052,Bisimbre,222,11.22
1950,50053,Boquiñeni,1218,18.87
1950,50054,Bordalba,501,41.58
1950,50055,Borja,5024,107.29
1950,50056,Botorrita,477,19.81
1950,50057,Brea de Aragón,1792,13.38
1950,50058,Bubierca,462,29.54
1950,50059,Bujaraloz,1137,120.92
1950,50060,Bulbuente,746,25.44
1950,50061,Bureta,615,11.91
1950,50062,El Burgo de Ebro,1143,24.86
1950,50063,El Buste,406,7.61
1950,50064,Cabañas de Ebro,782,8.53
1950,50065,Cabolafuente,645,39.24
1950,50066,Cadrete,742,11.86
1950,50067,Calatayud,18874,154.25
1950,50068,Calatorao,3410,48.15
1950,50069,Calcena,961,64.74
1950,50070,Calmarza,533,28.15
1950,50071,Campillo de Aragón,746,36.86
1950,50072,Carenas,1145,31.22
1950,50073,Cariñena,3158,82.51
1950,50074,Caspe,10128,503.15
1950,50075,Castejón de Alarba,343,17.56
1950,50076,Castejón de las Armas,508,16.18
1950,50077,Castejón de Valdejasa,1068,110.11
1950,50078,Castiliscar,1045,40.68
1950,50079,Cervera de la Cañada,1020,29.22
1950,50080,Cerveruela,300,23.49
1950,50081,Cetina,2407,78.76
1950,50082,Cimballa,561,31.95
1950,50083,Cinco Olivas,349,2.25
1950,50084,Clarés de Ribota,511,18
1950,50085,Codo,947,11.36
1950,50086,Codos,976,62.69
1950,50087,Contamina,245,14.02
1950,50088,Cosuenda,983,31.68
1950,50089,Cuarte de Huerva,386,8.95
1950,50090,Cubel,747,58.62
1950,50091,Las Cuerlas,451,32.58
1950,50092,Chiprana,1139,38.98
1950,50093,Chodes,528,15.97
1950,50094,Daroca,3786,52.05
1950,50095,Ejea de los Caballeros,9604,609.92
1950,50096,Embid de Ariza,529,41.26
1950,50098,Encinacorba,838,36.74
1950,50099,Épila,5462,194.32
1950,50100,Erla,1038,18.96
1950,50101,Escatrón,3156,94.64
1950,50102,Fabara,1997,101.63
1950,50104,Farlete,637,104.12
1950,50105,Fayón,1310,67.19
1950,50106,Los Fayos,532,3.88
1950,50107,Figueruelas,635,16.99
1950,50108,Fombuena,185,26.37
1950,50109,El Frago,465,33.76
1950,50110,El Frasno,1329,48.64
1950,50111,Fréscano,405,18.41
1950,50113,Fuendejalón,1473,75.83
1950,50114,Fuendetodos,455,62
1950,50115,Fuentes de Ebro,3082,141.73
1950,50116,Fuentes de Jiloca,1143,27.35
1950,50117,Gallocanta,522,29.71
1950,50118,Gallur,4038,41.71
1950,50119,Gelsa,2022,72.04
1950,50120,Godojos,383,16.77
1950,50121,Gotor,597,15.52
1950,50122,Grisel,387,14.51
1950,50123,Grisén,723,4.75
1950,50124,Herrera de los Navarros,1826,105.01
1950,50125,Ibdes,1926,56.31
1950,50126,Illueca,1973,24.86
1950,50128,Isuerre,277,20.05
1950,50129,Jaraba,856,42.81
1950,50130,Jarque de Moncayo,1181,43
1950,50131,Jaulín,526,46.05
1950,50132,La Joyosa,327,6.52
1950,50133,Lagata,524,23.65
1950,50134,Langa del Castillo,782,50.13
1950,50135,Layana,428,3.69
1950,50136,Lécera,2395,109
1950,50137,Leciñena,1993,178.59
1950,50138,Lechón,155,17.46
1950,50139,Letux,1049,30.15
1950,50140,Litago,524,15
1950,50141,Lituénigo,356,11.38
1950,50142,Lobera de Onsella,503,32.18
1950,50143,Longares,1445,45.96
1950,50144,Longás,322,49.23
1950,50146,Lucena de Jalón,542,10.31
1950,50147,Luceni,1840,27.08
1950,50148,Luesia,1438,126.83
1950,50149,Luesma,203,29
1950,50150,Lumpiaque,2031,29.55
1950,50151,Luna,2136,308.92
1950,50152,Maella,3020,174.88
1950,50153,Magallón,2044,78.61
1950,50154,Mainar,472,34.02
1950,50155,Malanquilla,523,36.63
1950,50156,Maleján,521,0.08
1950,50157,Malón,1226,5.66
1950,50159,Maluenda,1717,40.09
1950,50160,Mallén,3177,37.42
1950,50161,Manchones,766,26.83
1950,50162,Mara,768,21.09
1950,50163,María de Huerva,707,108.09
1950,50164,Mediana de Aragón,855,90.57
1950,50165,Mequinenza,3754,307.45
1950,50166,Mesones de Isuela,796,48.55
1950,50167,Mezalocha,582,60.64
1950,50168,Mianos,166,14.82
1950,50169,Miedes de Aragón,1187,55.38
1950,50170,Monegrillo,798,183.16
1950,50171,Moneva,735,61
1950,50172,Monreal de Ariza,1032,62.06
1950,50173,Monterde,1068,55.94
1950,50174,Montón,537,17.59
1950,50175,Morata de Jalón,2786,45.87
1950,50176,Morata de Jiloca,1146,23.09
1950,50177,Morés,1285,21.46
1950,50178,Moros,1374,53
1950,50179,Moyuela,1246,42.76
1950,50180,Mozota,283,8.68
1950,50181,Muel,1484,79.17
1950,50182,La Muela,1002,143.49
1950,50183,Munébrega,1227,40.99
1950,50184,Murero,584,18.25
1950,50185,Murillo de Gállego,659,54.71
1950,50186,Navardún,339,24
1950,50187,Nigüella,302,30.42
1950,50188,Nombrevilla,231,17.56
1950,50189,Nonaspe,1944,111.45
1950,50190,Novallas,1686,11
1950,50191,Novillas,1023,25.28
1950,50192,Nuévalos,1095,41.84
1950,50193,Nuez de Ebro,607,8.21
1950,50194,Olvés,576,20.18
1950,50195,Orcajo,392,28.45
1950,50196,Orera,429,19.82
1950,50197,Orés,513,54.52
1950,50198,Oseja,275,12
1950,50199,Osera de Ebro,404,24.56
1950,50200,Paniza,1330,47.31
1950,50201,Paracuellos de Jiloca,1183,32
1950,50202,Paracuellos de la Ribera,931,14.95
1950,50203,Pastriz,821,16.52
1950,50204,Pedrola,2702,113.74
1950,50205,Las Pedrosas,337,18.26
1950,50206,Perdiguera,783,109.77
1950,50207,Piedratajada,407,22.66
1950,50208,Pina de Ebro,2309,309.17
1950,50209,Pinseque,1221,16.09
1950,50210,Los Pintanos,405,79.64
1950,50211,Plasencia de Jalón,841,34.77
1950,50212,Pleitas,184,2.14
1950,50213,Plenas,647,37.95
1950,50214,Pomer,396,33.11
1950,50215,Pozuel de Ariza,342,22.63
1950,50216,Pozuelo de Aragón,687,32.11
1950,50217,Pradilla de Ebro,1021,25.45
1950,50218,Puebla de Albortón,521,76.31
1950,50219,La Puebla de Alfindén,1226,17.03
1950,50220,Puendeluna,267,9.88
1950,50221,Purujosa,448,35.43
1950,50222,Quinto,2443,118.26
1950,50223,Remolinos,1761,18.51
1950,50224,Retascón,321,25.16
1950,50225,Ricla,2829,90.67
1950,50227,Romanos,389,19.53
1950,50228,Rueda de Jalón,931,107.37
1950,50229,Ruesca,187,11.63
1950,50230,Sádaba,2686,129.55
1950,50231,Salillas de Jalón,827,2.51
1950,50232,Salvatierra de Esca,921,81.24
1950,50233,Samper del Salz,329,11.49
1950,50234,San Martín de la Virgen de Moncayo,420,5.42
1950,50235,San Mateo de Gállego,1814,71.62
1950,50236,Santa Cruz de Grío,871,19.51
1950,50237,Santa Cruz de Moncayo,251,3.97
1950,50238,Santa Eulalia de Gállego,517,29.58
1950,50239,Santed,310,17.81
1950,50240,Sástago,2658,300.98
1950,50241,Sabiñán,1628,15.52
1950,50242,Sediles,335,11.71
1950,50243,Sestrica,1107,40.88
1950,50244,Sierra de Luna,724,43.39
1950,50245,Sigüés,1572,101.77
1950,50246,Sisamón,673,41.55
1950,50247,Sobradiel,655,12.06
1950,50248,Sos del Rey Católico,3068,216.62
1950,50249,Tabuenca,1257,85.72
1950,50250,Talamantes,412,46.94
1950,50251,Tarazona,12329,244.01
1950,50252,Tauste,6565,405.23
1950,50253,Terrer,1742,33.75
1950,50254,Tierga,789,66.13
1950,50255,Tobed,843,32.39
1950,50256,Torralba de los Frailes,711,59.19
1950,50257,Torralba de Ribota,573,32.51
1950,50258,Torralbilla,437,25.86
1950,50259,Torrehermosa,342,21.13
1950,50260,Torrelapaja,383,15.68
1950,50261,Torrellas,966,2.53
1950,50262,Torres de Berrellén,1697,53.81
1950,50263,Torrijo de la Cañada,1586,74.57
1950,50264,Tosos,908,68.65
1950,50265,Trasmoz,305,18.26
1950,50266,Trasobares,998,71.76
1950,50267,Uncastillo,3120,230.87
1950,50268,Undués de Lerda,272,42.99
1950,50269,Urrea de Jalón,938,25.64
1950,50270,Urriés,848,37.27
1950,50271,Used,1391,85.29
1950,50272,Utebo,2652,17.72
1950,50273,Valdehorna,213,7.95
1950,50274,Val de San Martín,369,25.66
1950,50275,Valmadrid,348,50.57
1950,50276,Valpalmas,514,39.79
1950,50277,Valtorres,512,3.29
1950,50278,Velilla de Ebro,793,59.79
1950,50279,Velilla de Jiloca,591,10
1950,50280,Vera de Moncayo,1346,27.66
1950,50281,Vierlas,249,2.67
1950,50282,La Vilueña,504,8.61
1950,50283,Villadoz,345,17.18
1950,50284,Villafeliche,857,22
1950,50285,Villafranca de Ebro,765,63.64
1950,50286,Villalba de Perejil,236,13.33
1950,50287,Villalengua,1124,40.16
1950,50288,Villanueva de Gállego,2138,75.99
1950,50289,Villanueva de Jiloca,487,7.34
1950,50290,Villanueva de Huerva,1289,75.99
1950,50291,Villar de los Navarros,1084,49
1950,50292,Villarreal de Huerva,561,27.13
1950,50293,Villarroya de la Sierra,1954,91
1950,50294,Villarroya del Campo,293,16.94
1950,50295,Vistabella,485,21.82
1950,50296,La Zaida,596,17.27
1950,50297,Zaragoza,241867,973.78
1950,50298,Zuera,4793,332.25
1950,50901,Biel,1066,130.73
1950,50902,Marracos,315,16.92
1950,50903,Villamayor de Gállego,2252,89.36
1960,50001,Abanto,644,63.84
1960,50002,Acered,615,30
1960,50003,Agón,328,18.52
1960,50004,Aguarón,1365,36.62
1960,50005,Aguilón,787,59.45
1960,50006,Ainzón,1741,40.46
1960,50007,Aladrén,248,21.06
1960,50008,Alagón,5334,24.22
1960,50009,Alarba,394,19
1960,50010,Alberite de San Juan,196,11.23
1960,50011,Albeta,247,2.65
1960,50012,Alborge,203,4.84
1960,50013,Alcalá de Ebro,591,9.87
1960,50014,Alcalá de Moncayo,352,13.76
1960,50015,Alconchel de Ariza,573,34.85
1960,50016,Aldehuela de Liestos,350,38.04
1960,50017,Alfajarín,1188,137.57
1960,50018,Alfamén,1393,102.04
1960,50019,Alforque,253,10.62
1960,50020,Alhama de Aragón,2015,31.14
1960,50021,Almochuel,127,32
1960,50022,La Almolda,991,131.33
1960,50023,Almonacid de la Cuba,607,55.21
1960,50024,Almonacid de la Sierra,1376,55.21
1960,50025,La Almunia de Doña Godina,4423,56.65
1960,50026,Alpartir,874,32.54
1960,50027,Ambel,841,61
1960,50028,Anento,270,21.52
1960,50029,Aniñón,1461,52.46
1960,50030,Añón de Moncayo,678,64.19
1960,50031,Aranda de Moncayo,803,91
1960,50032,Arándiga,1132,50.22
1960,50033,Ardisa,285,27.28
1960,50034,Ariza,2654,103.08
1960,50035,Artieda,233,13.57
1960,50036,Asín,338,18.47
1960,50037,Atea,909,34.67
1960,50038,Ateca,2726,84.71
1960,50039,Azuara,2062,165.81
1960,50040,Badules,341,20.09
1960,50041,Bagüés,95,30.72
1960,50042,Balconchán,84,19
1960,50043,Bárboles,740,15.68
1960,50044,Bardallur,678,27.34
1960,50045,Belchite,2816,273.68
1960,50046,Belmonte de Gracián,799,43.68
1960,50047,Berdejo,209,19.39
1960,50048,Berrueco,182,19
1960,50050,Bijuesca,603,57.08
1960,50051,Biota,1900,128
1960,50052,Bisimbre,237,11.22
1960,50053,Boquiñeni,1424,18.87
1960,50054,Bordalba,388,41.58
1960,50055,Borja,4490,107.29
1960,50056,Botorrita,479,19.81
1960,50057,Brea de Aragón,1751,13.38
1960,50058,Bubierca,380,29.54
1960,50059,Bujaraloz,1057,120.92
1960,50060,Bulbuente,545,25.44
1960,50061,Bureta,534,11.91
1960,50062,El Burgo de Ebro,1186,24.86
1960,50063,El Buste,357,7.61
1960,50064,Cabañas de Ebro,744,8.53
1960,50065,Cabolafuente,515,39.24
1960,50066,Cadrete,665,11.86
1960,50067,Calatayud,18251,154.25
1960,50068,Calatorao,3317,48.15
1960,50069,Calcena,639,64.74
1960,50070,Calmarza,422,28.15
1960,50071,Campillo de Aragón,627,36.86
1960,50072,Carenas,918,31.22
1960,50073,Cariñena,3031,82.51
1960,50074,Caspe,9603,503.15
1960,50075,Castejón de Alarba,298,17.56
1960,50076,Castejón de las Armas,401,16.18
1960,50077,Castejón de Valdejasa,902,110.11
1960,50078,Castiliscar,1012,40.68
1960,50079,Cervera de la Cañada,772,29.22
1960,50080,Cerveruela,153,23.49
1960,50081,Cetina,2049,78.76
1960,50082,Cimballa,483,31.95
1960,50083,Cinco Olivas,286,2.25
1960,50084,Clarés de Ribota,409,18
1960,50085,Codo,719,11.36
1960,50086,Codos,852,62.69
1960,50087,Contamina,200,14.02
1960,50088,Cosuenda,866,31.68
1960,50089,Cuarte de Huerva,491,8.95
1960,50090,Cubel,535,58.62
1960,50091,Las Cuerlas,416,32.58
1960,50092,Chiprana,910,38.98
1960,50093,Chodes,406,15.97
1960,50094,Daroca,3323,52.05
1960,50095,Ejea de los Caballeros,11242,609.92
1960,50096,Embid de Ariza,456,41.26
1960,50098,Encinacorba,680,36.74
1960,50099,Épila,5173,194.32
1960,50100,Erla,916,18.96
1960,50101,Escatrón,3668,94.64
1960,50102,Fabara,1781,101.63
1960,50104,Farlete,587,104.12
1960,50105,Fayón,1683,67.19
1960,50106,Los Fayos,452,3.88
1960,50107,Figueruelas,672,16.99
1960,50108,Fombuena,108,26.37
1960,50109,El Frago,371,33.76
1960,50110,El Frasno,1232,48.64
1960,50111,Fréscano,452,18.41
1960,50113,Fuendejalón,1323,75.83
1960,50114,Fuendetodos,401,62
1960,50115,Fuentes de Ebro,3436,141.73
1960,50116,Fuentes de Jiloca,1001,27.35
1960,50117,Gallocanta,476,29.71
1960,50118,Gallur,4328,41.71
1960,50119,Gelsa,1725,72.04
1960,50120,Godojos,374,16.77
1960,50121,Gotor,473,15.52
1960,50122,Grisel,295,14.51
1960,50123,Grisén,708,4.75
1960,50124,Herrera de los Navarros,1484,105.01
1960,50125,Ibdes,1640,56.31
1960,50126,Illueca,2144,24.86
1960,50128,Isuerre,215,20.05
1960,50129,Jaraba,704,42.81
1960,50130,Jarque de Moncayo,1015,43
1960,50131,Jaulín,505,46.05
1960,50132,La Joyosa,485,6.52
1960,50133,Lagata,374,23.65
1960,50134,Langa del Castillo,617,50.13
1960,50135,Layana,385,3.69
1960,50136,Lécera,1906,109
1960,50137,Leciñena,1730,178.59
1960,50138,Lechón,141,17.46
1960,50139,Letux,876,30.15
1960,50140,Litago,453,15
1960,50141,Lituénigo,312,11.38
1960,50142,Lobera de Onsella,448,32.18
1960,50143,Longares,1245,45.96
1960,50144,Longás,222,49.23
1960,50146,Lucena de Jalón,423,10.31
1960,50147,Luceni,1772,27.08
1960,50148,Luesia,1221,126.83
1960,50149,Luesma,186,29
1960,50150,Lumpiaque,2005,29.55
1960,50151,Luna,1893,308.92
1960,50152,Maella,2688,174.88
1960,50153,Magallón,1818,78.61
1960,50154,Mainar,390,34.02
1960,50155,Malanquilla,399,36.63
1960,50156,Maleján,487,0.08
1960,50157,Malón,882,5.66
1960,50159,Maluenda,1634,40.09
1960,50160,Mallén,3521,37.42
1960,50161,Manchones,568,26.83
1960,50162,Mara,656,21.09
1960,50163,María de Huerva,698,108.09
1960,50164,Mediana de Aragón,828,90.57
1960,50165,Mequinenza,5784,307.45
1960,50166,Mesones de Isuela,728,48.55
1960,50167,Mezalocha,494,60.64
1960,50168,Mianos,117,14.82
1960,50169,Miedes de Aragón,1039,55.38
1960,50170,Monegrillo,689,183.16
1960,50171,Moneva,539,61
1960,50172,Monreal de Ariza,836,62.06
1960,50173,Monterde,880,55.94
1960,50174,Montón,464,17.59
1960,50175,Morata de Jalón,2760,45.87
1960,50176,Morata de Jiloca,961,23.09
1960,50177,Morés,1142,21.46
1960,50178,Moros,1195,53
1960,50179,Moyuela,1030,42.76
1960,50180,Mozota,223,8.68
1960,50181,Muel,1379,79.17
1960,50182,La Muela,1011,143.49
1960,50183,Munébrega,1074,40.99
1960,50184,Murero,488,18.25
1960,50185,Murillo de Gállego,470,54.71
1960,50186,Navardún,302,24
1960,50187,Nigüella,273,30.42
1960,50188,Nombrevilla,161,17.56
1960,50189,Nonaspe,1733,111.45
1960,50190,Novallas,1478,11
1960,50191,Novillas,1005,25.28
1960,50192,Nuévalos,823,41.84
1960,50193,Nuez de Ebro,538,8.21
1960,50194,Olvés,500,20.18
1960,50195,Orcajo,243,28.45
1960,50196,Orera,336,19.82
1960,50197,Orés,417,54.52
1960,50198,Oseja,220,12
1960,50199,Osera de Ebro,407,24.56
1960,50200,Paniza,1166,47.31
1960,50201,Paracuellos de Jiloca,1069,32
1960,50202,Paracuellos de la Ribera,800,14.95
1960,50203,Pastriz,929,16.52
1960,50204,Pedrola,2677,113.74
1960,50205,Las Pedrosas,251,18.26
1960,50206,Perdiguera,680,109.77
1960,50207,Piedratajada,354,22.66
1960,50208,Pina de Ebro,2270,309.17
1960,50209,Pinseque,1356,16.09
1960,50210,Los Pintanos,336,79.64
1960,50211,Plasencia de Jalón,728,34.77
1960,50212,Pleitas,164,2.14
1960,50213,Plenas,469,37.95
1960,50214,Pomer,342,33.11
1960,50215,Pozuel de Ariza,290,22.63
1960,50216,Pozuelo de Aragón,559,32.11
1960,50217,Pradilla de Ebro,1016,25.45
1960,50218,Puebla de Albortón,382,76.31
1960,50219,La Puebla de Alfindén,1287,17.03
1960,50220,Puendeluna,227,9.88
1960,50221,Purujosa,264,35.43
1960,50222,Quinto,2572,118.26
1960,50223,Remolinos,1934,18.51
1960,50224,Retascón,229,25.16
1960,50225,Ricla,2716,90.67
1960,50227,Romanos,329,19.53
1960,50228,Rueda de Jalón,803,107.37
1960,50229,Ruesca,184,11.63
1960,50230,Sádaba,2971,129.55
1960,50231,Salillas de Jalón,690,2.51
1960,50232,Salvatierra de Esca,780,81.24
1960,50233,Samper del Salz,239,11.49
1960,50234,San Martín de la Virgen de Moncayo,405,5.42
1960,50235,San Mateo de Gállego,1793,71.62
1960,50236,Santa Cruz de Grío,720,19.51
1960,50237,Santa Cruz de Moncayo,216,3.97
1960,50238,Santa Eulalia de Gállego,305,29.58
1960,50239,Santed,316,17.81
1960,50240,Sástago,2444,300.98
1960,50241,Sabiñán,1616,15.52
1960,50242,Sediles,241,11.71
1960,50243,Sestrica,926,40.88
1960,50244,Sierra de Luna,594,43.39
1960,50245,Sigüés,696,101.77
1960,50246,Sisamón,520,41.55
1960,50247,Sobradiel,684,12.06
1960,50248,Sos del Rey Católico,2199,216.62
1960,50249,Tabuenca,1001,85.72
1960,50250,Talamantes,291,46.94
1960,50251,Tarazona,12020,244.01
1960,50252,Tauste,6667,405.23
1960,50253,Terrer,1624,33.75
1960,50254,Tierga,674,66.13
1960,50255,Tobed,723,32.39
1960,50256,Torralba de los Frailes,575,59.19
1960,50257,Torralba de Ribota,467,32.51
1960,50258,Torralbilla,358,25.86
1960,50259,Torrehermosa,251,21.13
1960,50260,Torrelapaja,299,15.68
1960,50261,Torrellas,746,2.53
1960,50262,Torres de Berrellén,1808,53.81
1960,50263,Torrijo de la Cañada,1311,74.57
1960,50264,Tosos,628,68.65
1960,50265,Trasmoz,241,18.26
1960,50266,Trasobares,801,71.76
1960,50267,Uncastillo,2729,230.87
1960,50268,Undués de Lerda,213,42.99
1960,50269,Urrea de Jalón,857,25.64
1960,50270,Urriés,442,37.27
1960,50271,Used,1045,85.29
1960,50272,Utebo,3289,17.72
1960,50273,Valdehorna,179,7.95
1960,50274,Val de San Martín,271,25.66
1960,50275,Valmadrid,280,50.57
1960,50276,Valpalmas,466,39.79
1960,50277,Valtorres,431,3.29
1960,50278,Velilla de Ebro,652,59.79
1960,50279,Velilla de Jiloca,400,10
1960,50280,Vera de Moncayo,1052,27.66
1960,50281,Vierlas,206,2.67
1960,50282,La Vilueña,386,8.61
1960,50283,Villadoz,279,17.18
1960,50284,Villafeliche,734,22
1960,50285,Villafranca de Ebro,726,63.64
1960,50286,Villalba de Perejil,191,13.33
1960,50287,Villalengua,1009,40.16
1960,50288,Villanueva de Gállego,2157,75.99
1960,50289,Villanueva de Jiloca,358,7.34
1960,50290,Villanueva de Huerva,1079,75.99
1960,50291,Villar de los Navarros,894,49
1960,50292,Villarreal de Huerva,415,27.13
1960,50293,Villarroya de la Sierra,1659,91
1960,50294,Villarroya del Campo,280,16.94
1960,50295,Vistabella,344,21.82
1960,50296,La Zaida,569,17.27
1960,50297,Zaragoza,301655,973.78
1960,50298,Zuera,5340,332.25
1960,50901,Biel,864,130.73
1960,50902,Marracos,302,16.92
1960,50903,Villamayor de Gállego,2320,89.36
1970,50001,Abanto,405,63.84
1970,50002,Acered,502,30
1970,50003,Agón,297,18.52
1970,50004,Aguarón,1106,36.62
1970,50005,Aguilón,612,59.45
1970,50006,Ainzón,1530,40.46
1970,50007,Aladrén,94,21.06
1970,50008,Alagón,5181,24.22
1970,50009,Alarba,281,19
1970,50010,Alberite de San Juan,172,11.23
1970,50011,Albeta,226,2.65
1970,50012,Alborge,157,4.84
1970,50013,Alcalá de Ebro,521,9.87
1970,50014,Alcalá de Moncayo,306,13.76
1970,50015,Alconchel de Ariza,390,34.85
1970,50016,Aldehuela de Liestos,178,38.04
1970,50017,Alfajarín,1238,137.57
1970,50018,Alfamén,1368,102.04
1970,50019,Alforque,153,10.62
1970,50020,Alhama de Aragón,1600,31.14
1970,50021,Almochuel,86,32
1970,50022,La Almolda,880,131.33
1970,50023,Almonacid de la Cuba,509,55.21
1970,50024,Almonacid de la Sierra,1167,55.21
1970,50025,La Almunia de Doña Godina,4892,56.65
1970,50026,Alpartir,814,32.54
1970,50027,Ambel,663,61
1970,50028,Anento,101,21.52
1970,50029,Aniñón,1170,52.46
1970,50030,Añón de Moncayo,474,64.19
1970,50031,Aranda de Moncayo,581,91
1970,50032,Arándiga,1026,50.22
1970,50033,Ardisa,199,27.28
1970,50034,Ariza,2050,103.08
1970,50035,Artieda,169,13.57
1970,50036,Asín,190,18.47
1970,50037,Atea,564,34.67
1970,50038,Ateca,2290,84.71
1970,50039,Azuara,1400,165.81
1970,50040,Badules,206,20.09
1970,50041,Bagüés,20,30.72
1970,50042,Balconchán,62,19
1970,50043,Bárboles,526,15.68
1970,50044,Bardallur,547,27.34
1970,50045,Belchite,2191,273.68
1970,50046,Belmonte de Gracián,595,43.68
1970,50047,Berdejo,102,19.39
1970,50048,Berrueco,107,19
1970,50050,Bijuesca,297,57.08
1970,50051,Biota,1704,128
1970,50052,Bisimbre,200,11.22
1970,50053,Boquiñeni,1359,18.87
1970,50054,Bordalba,223,41.58
1970,50055,Borja,4011,107.29
1970,50056,Botorrita,404,19.81
1970,50057,Brea de Aragón,1889,13.38
1970,50058,Bubierca,245,29.54
1970,50059,Bujaraloz,1148,120.92
1970,50060,Bulbuente,430,25.44
1970,50061,Bureta,471,11.91
1970,50062,El Burgo de Ebro,1380,24.86
1970,50063,El Buste,278,7.61
1970,50064,Cabañas de Ebro,687,8.53
1970,50065,Cabolafuente,241,39.24
1970,50066,Cadrete,692,11.86
1970,50067,Calatayud,17133,154.25
1970,50068,Calatorao,3071,48.15
1970,50069,Calcena,289,64.74
1970,50070,Calmarza,318,28.15
1970,50071,Campillo de Aragón,411,36.86
1970,50072,Carenas,434,31.22
1970,50073,Cariñena,2893,82.51
1970,50074,Caspe,9162,503.15
1970,50075,Castejón de Alarba,235,17.56
1970,50076,Castejón de las Armas,234,16.18
1970,50077,Castejón de Valdejasa,581,110.11
1970,50078,Castiliscar,649,40.68
1970,50079,Cervera de la Cañada,563,29.22
1970,50080,Cerveruela,27,23.49
1970,50081,Cetina,1469,78.76
1970,50082,Cimballa,281,31.95
1970,50083,Cinco Olivas,194,2.25
1970,50084,Clarés de Ribota,291,18
1970,50085,Codo,519,11.36
1970,50086,Codos,645,62.69
1970,50087,Contamina,129,14.02
1970,50088,Cosuenda,597,31.68
1970,50089,Cuarte de Huerva,744,8.95
1970,50090,Cubel,343,58.62
1970,50091,Las Cuerlas,234,32.58
1970,50092,Chiprana,695,38.98
1970,50093,Chodes,263,15.97
1970,50094,Daroca,2968,52.05
1970,50095,Ejea de los Caballeros,14777,609.92
1970,50096,Embid de Ariza,264,41.26
1970,50098,Encinacorba,538,36.74
1970,50099,Épila,3997,194.32
1970,50100,Erla,778,18.96
1970,50101,Escatrón,2413,94.64
1970,50102,Fabara,1667,101.63
1970,50104,Farlete,565,104.12
1970,50105,Fayón,601,67.19
1970,50106,Los Fayos,330,3.88
1970,50107,Figueruelas,691,16.99
1970,50108,Fombuena,22,26.37
1970,50109,El Frago,183,33.76
1970,50110,El Frasno,1017,48.64
1970,50111,Fréscano,419,18.41
1970,50113,Fuendejalón,1125,75.83
1970,50114,Fuendetodos,259,62
1970,50115,Fuentes de Ebro,3671,141.73
1970,50116,Fuentes de Jiloca,740,27.35
1970,50117,Gallocanta,380,29.71
1970,50118,Gallur,4227,41.71
1970,50119,Gelsa,1610,72.04
1970,50120,Godojos,218,16.77
1970,50121,Gotor,451,15.52
1970,50122,Grisel,127,14.51
1970,50123,Grisén,627,4.75
1970,50124,Herrera de los Navarros,1150,105.01
1970,50125,Ibdes,971,56.31
1970,50126,Illueca,2498,24.86
1970,50128,Isuerre,86,20.05
1970,50129,Jaraba,511,42.81
1970,50130,Jarque de Moncayo,773,43
1970,50131,Jaulín,392,46.05
1970,50132,La Joyosa,459,6.52
1970,50133,Lagata,255,23.65
1970,50134,Langa del Castillo,332,50.13
1970,50135,Layana,332,3.69
1970,50136,Lécera,1490,109
1970,50137,Leciñena,1554,178.59
1970,50138,Lechón,108,17.46
1970,50139,Letux,701,30.15
1970,50140,Litago,255,15
1970,50141,Lituénigo,238,11.38
1970,50142,Lobera de Onsella,233,32.18
1970,50143,Longares,1019,45.96
1970,50144,Longás,62,49.23
1970,50146,Lucena de Jalón,396,10.31
1970,50147,Luceni,1604,27.08
1970,50148,Luesia,801,126.83
1970,50149,Luesma,45,29
1970,50150,Lumpiaque,1396,29.55
1970,50151,Luna,1533,308.92
1970,50152,Maella,2562,174.88
1970,50153,Magallón,1646,78.61
1970,50154,Mainar,262,34.02
1970,50155,Malanquilla,199,36.63
1970,50156,Maleján,385,0.08
1970,50157,Malón,777,5.66
1970,50159,Maluenda,1431,40.09
1970,50160,Mallén,3232,37.42
1970,50161,Manchones,327,26.83
1970,50162,Mara,523,21.09
1970,50163,María de Huerva,723,108.09
1970,50164,Mediana de Aragón,669,90.57
1970,50165,Mequinenza,3026,307.45
1970,50166,Mesones de Isuela,590,48.55
1970,50167,Mezalocha,422,60.64
1970,50168,Mianos,70,14.82
1970,50169,Miedes de Aragón,875,55.38
1970,50170,Monegrillo,702,183.16
1970,50171,Moneva,249,61
1970,50172,Monreal de Ariza,655,62.06
1970,50173,Monterde,454,55.94
1970,50174,Montón,310,17.59
1970,50175,Morata de Jalón,2441,45.87
1970,50176,Morata de Jiloca,671,23.09
1970,50177,Morés,879,21.46
1970,50178,Moros,1048,53
1970,50179,Moyuela,752,42.76
1970,50180,Mozota,181,8.68
1970,50181,Muel,1429,79.17
1970,50182,La Muela,897,143.49
1970,50183,Munébrega,825,40.99
1970,50184,Murero,308,18.25
1970,50185,Murillo de Gállego,339,54.71
1970,50186,Navardún,206,24
1970,50187,Nigüella,194,30.42
1970,50188,Nombrevilla,68,17.56
1970,50189,Nonaspe,1432,111.45
1970,50190,Novallas,1153,11
1970,50191,Novillas,934,25.28
1970,50192,Nuévalos,431,41.84
1970,50193,Nuez de Ebro,522,8.21
1970,50194,Olvés,339,20.18
1970,50195,Orcajo,115,28.45
1970,50196,Orera,256,19.82
1970,50197,Orés,298,54.52
1970,50198,Oseja,104,12
1970,50199,Osera de Ebro,348,24.56
1970,50200,Paniza,970,47.31
1970,50201,Paracuellos de Jiloca,886,32
1970,50202,Paracuellos de la Ribera,624,14.95
1970,50203,Pastriz,837,16.52
1970,50204,Pedrola,2442,113.74
1970,50205,Las Pedrosas,174,18.26
1970,50206,Perdiguera,595,109.77
1970,50207,Piedratajada,294,22.66
1970,50208,Pina de Ebro,2360,309.17
1970,50209,Pinseque,1230,16.09
1970,50210,Los Pintanos,121,79.64
1970,50211,Plasencia de Jalón,600,34.77
1970,50212,Pleitas,109,2.14
1970,50213,Plenas,353,37.95
1970,50214,Pomer,80,33.11
1970,50215,Pozuel de Ariza,169,22.63
1970,50216,Pozuelo de Aragón,507,32.11
1970,50217,Pradilla de Ebro,906,25.45
1970,50218,Puebla de Albortón,242,76.31
1970,50219,La Puebla de Alfindén,1252,17.03
1970,50220,Puendeluna,118,9.88
1970,50221,Purujosa,118,35.43
1970,50222,Quinto,2535,118.26
1970,50223,Remolinos,1674,18.51
1970,50224,Retascón,138,25.16
1970,50225,Ricla,2519,90.67
1970,50227,Romanos,240,19.53
1970,50228,Rueda de Jalón,534,107.37
1970,50229,Ruesca,153,11.63
1970,50230,Sádaba,2470,129.55
1970,50231,Salillas de Jalón,591,2.51
1970,50232,Salvatierra de Esca,556,81.24
1970,50233,Samper del Salz,121,11.49
1970,50234,San Martín de la Virgen de Moncayo,371,5.42
1970,50235,San Mateo de Gállego,1759,71.62
1970,50236,Santa Cruz de Grío,520,19.51
1970,50237,Santa Cruz de Moncayo,168,3.97
1970,50238,Santa Eulalia de Gállego,229,29.58
1970,50239,Santed,184,17.81
1970,50240,Sástago,1991,300.98
1970,50241,Sabiñán,1427,15.52
1970,50242,Sediles,209,11.71
1970,50243,Sestrica,677,40.88
1970,50244,Sierra de Luna,464,43.39
1970,50245,Sigüés,380,101.77
1970,50246,Sisamón,282,41.55
1970,50247,Sobradiel,609,12.06
1970,50248,Sos del Rey Católico,1345,216.62
1970,50249,Tabuenca,831,85.72
1970,50250,Talamantes,175,46.94
1970,50251,Tarazona,11486,244.01
1970,50252,Tauste,7196,405.23
1970,50253,Terrer,1402,33.75
1970,50254,Tierga,420,66.13
1970,50255,Tobed,513,32.39
1970,50256,Torralba de los Frailes,259,59.19
1970,50257,Torralba de Ribota,400,32.51
1970,50258,Torralbilla,172,25.86
1970,50259,Torrehermosa,190,21.13
1970,50260,Torrelapaja,184,15.68
1970,50261,Torrellas,564,2.53
1970,50262,Torres de Berrellén,1699,53.81
1970,50263,Torrijo de la Cañada,963,74.57
1970,50264,Tosos,487,68.65
1970,50265,Trasmoz,167,18.26
1970,50266,Trasobares,514,71.76
1970,50267,Uncastillo,1506,230.87
1970,50268,Undués de Lerda,98,42.99
1970,50269,Urrea de Jalón,623,25.64
1970,50270,Urriés,143,37.27
1970,50271,Used,677,85.29
1970,50272,Utebo,4121,17.72
1970,50273,Valdehorna,165,7.95
1970,50274,Val de San Martín,118,25.66
1970,50275,Valmadrid,127,50.57
1970,50276,Valpalmas,334,39.79
1970,50277,Valtorres,275,3.29
1970,50278,Velilla de Ebro,482,59.79
1970,50279,Velilla de Jiloca,292,10
1970,50280,Vera de Moncayo,775,27.66
1970,50281,Vierlas,167,2.67
1970,50282,La Vilueña,245,8.61
1970,50283,Villadoz,194,17.18
1970,50284,Villafeliche,530,22
1970,50285,Villafranca de Ebro,816,63.64
1970,50286,Villalba de Perejil,128,13.33
1970,50287,Villalengua,750,40.16
1970,50288,Villanueva de Gállego,2294,75.99
1970,50289,Villanueva de Jiloca,242,7.34
1970,50290,Villanueva de Huerva,993,75.99
1970,50291,Villar de los Navarros,553,49
1970,50292,Villarreal de Huerva,270,27.13
1970,50293,Villarroya de la Sierra,1360,91
1970,50294,Villarroya del Campo,186,16.94
1970,50295,Vistabella,203,21.82
1970,50296,La Zaida,699,17.27
1970,50297,Zaragoza,467223,973.78
1970,50298,Zuera,5122,332.25
1970,50901,Biel,506,130.73
1970,50902,Marracos,239,16.92
1970,50903,Villamayor de Gállego,2143,89.36
1981,50001,Abanto,287,63.84
1981,50002,Acered,432,30
1981,50003,Agón,254,18.52
1981,50004,Aguarón,894,36.62
1981,50005,Aguilón,354,59.45
1981,50006,Ainzón,1313,40.46
1981,50007,Aladrén,52,21.06
1981,50008,Alagón,5086,24.22
1981,50009,Alarba,193,19
1981,50010,Alberite de San Juan,131,11.23
1981,50011,Albeta,172,2.65
1981,50012,Alborge,130,4.84
1981,50013,Alcalá de Ebro,349,9.87
1981,50014,Alcalá de Moncayo,187,13.76
1981,50015,Alconchel de Ariza,283,34.85
1981,50016,Aldehuela de Liestos,96,38.04
1981,50017,Alfajarín,1283,137.57
1981,50018,Alfamén,1323,102.04
1981,50019,Alforque,96,10.62
1981,50020,Alhama de Aragón,1473,31.14
1981,50021,Almochuel,69,32
1981,50022,La Almolda,826,131.33
1981,50023,Almonacid de la Cuba,427,55.21
1981,50024,Almonacid de la Sierra,979,55.21
1981,50025,La Almunia de Doña Godina,5016,56.65
1981,50026,Alpartir,727,32.54
1981,50027,Ambel,469,61
1981,50028,Anento,11,21.52
1981,50029,Aniñón,1058,52.46
1981,50030,Añón de Moncayo,359,64.19
1981,50031,Aranda de Moncayo,331,91
1981,50032,Arándiga,701,50.22
1981,50033,Ardisa,106,27.28
1981,50034,Ariza,1621,103.08
1981,50035,Artieda,116,13.57
1981,50036,Asín,129,18.47
1981,50037,Atea,436,34.67
1981,50038,Ateca,2131,84.71
1981,50039,Azuara,976,165.81
1981,50040,Badules,148,20.09
1981,50041,Bagüés,15,30.72
1981,50042,Balconchán,42,19
1981,50043,Bárboles,423,15.68
1981,50044,Bardallur,425,27.34
1981,50045,Belchite,1728,273.68
1981,50046,Belmonte de Gracián,460,43.68
1981,50047,Berdejo,32,19.39
1981,50048,Berrueco,45,19
1981,50050,Bijuesca,161,57.08
1981,50051,Biota,1510,128
1981,50052,Bisimbre,180,11.22
1981,50053,Boquiñeni,1132,18.87
1981,50054,Bordalba,154,41.58
1981,50055,Borja,4233,107.29
1981,50056,Botorrita,385,19.81
1981,50057,Brea de Aragón,2065,13.38
1981,50058,Bubierca,175,29.54
1981,50059,Bujaraloz,1220,120.92
1981,50060,Bulbuente,346,25.44
1981,50061,Bureta,400,11.91
1981,50062,El Burgo de Ebro,1171,24.86
1981,50063,El Buste,200,7.61
1981,50064,Cabañas de Ebro,607,8.53
1981,50065,Cabolafuente,175,39.24
1981,50066,Cadrete,680,11.86
1981,50067,Calatayud,17666,154.25
1981,50068,Calatorao,2872,48.15
1981,50069,Calcena,132,64.74
1981,50070,Calmarza,194,28.15
1981,50071,Campillo de Aragón,257,36.86
1981,50072,Carenas,369,31.22
1981,50073,Cariñena,3127,82.51
1981,50074,Caspe,8339,503.15
1981,50075,Castejón de Alarba,179,17.56
1981,50076,Castejón de las Armas,198,16.18
1981,50077,Castejón de Valdejasa,452,110.11
1981,50078,Castiliscar,493,40.68
1981,50079,Cervera de la Cañada,438,29.22
1981,50080,Cerveruela,7,23.49
1981,50081,Cetina,994,78.76
1981,50082,Cimballa,160,31.95
1981,50083,Cinco Olivas,178,2.25
1981,50084,Clarés de Ribota,138,18
1981,50085,Codo,420,11.36
1981,50086,Codos,386,62.69
1981,50087,Contamina,91,14.02
1981,50088,Cosuenda,511,31.68
1981,50089,Cuarte de Huerva,1148,8.95
1981,50090,Cubel,316,58.62
1981,50091,Las Cuerlas,126,32.58
1981,50092,Chiprana,504,38.98
1981,50093,Chodes,197,15.97
1981,50094,Daroca,2560,52.05
1981,50095,Ejea de los Caballeros,15842,609.92
1981,50096,Embid de Ariza,133,41.26
1981,50098,Encinacorba,370,36.74
1981,50099,Épila,3810,194.32
1981,50100,Erla,614,18.96
1981,50101,Escatrón,1521,94.64
1981,50102,Fabara,1578,101.63
1981,50104,Farlete,541,104.12
1981,50105,Fayón,514,67.19
1981,50106,Los Fayos,210,3.88
1981,50107,Figueruelas,705,16.99
1981,50108,Fombuena,9,26.37
1981,50109,El Frago,140,33.76
1981,50110,El Frasno,795,48.64
1981,50111,Fréscano,344,18.41
1981,50113,Fuendejalón,1039,75.83
1981,50114,Fuendetodos,183,62
1981,50115,Fuentes de Ebro,3670,141.73
1981,50116,Fuentes de Jiloca,502,27.35
1981,50117,Gallocanta,235,29.71
1981,50118,Gallur,3486,41.71
1981,50119,Gelsa,1474,72.04
1981,50120,Godojos,115,16.77
1981,50121,Gotor,414,15.52
1981,50122,Grisel,58,14.51
1981,50123,Grisén,501,4.75
1981,50124,Herrera de los Navarros,889,105.01
1981,50125,Ibdes,682,56.31
1981,50126,Illueca,2949,24.86
1981,50128,Isuerre,58,20.05
1981,50129,Jaraba,371,42.81
1981,50130,Jarque de Moncayo,674,43
1981,50131,Jaulín,338,46.05
1981,50132,La Joyosa,357,6.52
1981,50133,Lagata,180,23.65
1981,50134,Langa del Castillo,242,50.13
1981,50135,Layana,230,3.69
1981,50136,Lécera,1185,109
1981,50137,Leciñena,1542,178.59
1981,50138,Lechón,85,17.46
1981,50139,Letux,587,30.15
1981,50140,Litago,227,15
1981,50141,Lituénigo,164,11.38
1981,50142,Lobera de Onsella,103,32.18
1981,50143,Longares,969,45.96
1981,50144,Longás,24,49.23
1981,50146,Lucena de Jalón,340,10.31
1981,50147,Luceni,1321,27.08
1981,50148,Luesia,574,126.83
1981,50149,Luesma,31,29
1981,50150,Lumpiaque,1146,29.55
1981,50151,Luna,1150,308.92
1981,50152,Maella,2397,174.88
1981,50153,Magallón,1463,78.61
1981,50154,Mainar,222,34.02
1981,50155,Malanquilla,141,36.63
1981,50156,Maleján,340,0.08
1981,50157,Malón,604,5.66
1981,50159,Maluenda,1241,40.09
1981,50160,Mallén,2918,37.42
1981,50161,Manchones,203,26.83
1981,50162,Mara,341,21.09
1981,50163,María de Huerva,734,108.09
1981,50164,Mediana de Aragón,581,90.57
1981,50165,Mequinenza,2663,307.45
1981,50166,Mesones de Isuela,505,48.55
1981,50167,Mezalocha,357,60.64
1981,50168,Mianos,58,14.82
1981,50169,Miedes de Aragón,680,55.38
1981,50170,Monegrillo,624,183.16
1981,50171,Moneva,72,61
1981,50172,Monreal de Ariza,464,62.06
1981,50173,Monterde,272,55.94
1981,50174,Montón,223,17.59
1981,50175,Morata de Jalón,1977,45.87
1981,50176,Morata de Jiloca,488,23.09
1981,50177,Morés,660,21.46
1981,50178,Moros,786,53
1981,50179,Moyuela,551,42.76
1981,50180,Mozota,163,8.68
1981,50181,Muel,1346,79.17
1981,50182,La Muela,852,143.49
1981,50183,Munébrega,665,40.99
1981,50184,Murero,217,18.25
1981,50185,Murillo de Gállego,177,54.71
1981,50186,Navardún,116,24
1981,50187,Nigüella,171,30.42
1981,50188,Nombrevilla,39,17.56
1981,50189,Nonaspe,1231,111.45
1981,50190,Novallas,936,11
1981,50191,Novillas,832,25.28
1981,50192,Nuévalos,319,41.84
1981,50193,Nuez de Ebro,481,8.21
1981,50194,Olvés,259,20.18
1981,50195,Orcajo,60,28.45
1981,50196,Orera,188,19.82
1981,50197,Orés,175,54.52
1981,50198,Oseja,19,12
1981,50199,Osera de Ebro,320,24.56
1981,50200,Paniza,848,47.31
1981,50201,Paracuellos de Jiloca,620,32
1981,50202,Paracuellos de la Ribera,463,14.95
1981,50203,Pastriz,775,16.52
1981,50204,Pedrola,2143,113.74
1981,50205,Las Pedrosas,121,18.26
1981,50206,Perdiguera,548,109.77
1981,50207,Piedratajada,173,22.66
1981,50208,Pina de Ebro,2168,309.17
1981,50209,Pinseque,1178,16.09
1981,50210,Los Pintanos,90,79.64
1981,50211,Plasencia de Jalón,430,34.77
1981,50212,Pleitas,88,2.14
1981,50213,Plenas,222,37.95
1981,50214,Pomer,40,33.11
1981,50215,Pozuel de Ariza,57,22.63
1981,50216,Pozuelo de Aragón,444,32.11
1981,50217,Pradilla de Ebro,769,25.45
1981,50218,Puebla de Albortón,201,76.31
1981,50219,La Puebla de Alfindén,1383,17.03
1981,50220,Puendeluna,60,9.88
1981,50221,Purujosa,11,35.43
1981,50222,Quinto,2367,118.26
1981,50223,Remolinos,1473,18.51
1981,50224,Retascón,98,25.16
1981,50225,Ricla,2294,90.67
1981,50227,Romanos,192,19.53
1981,50228,Rueda de Jalón,447,107.37
1981,50229,Ruesca,114,11.63
1981,50230,Sádaba,2034,129.55
1981,50231,Salillas de Jalón,495,2.51
1981,50232,Salvatierra de Esca,377,81.24
1981,50233,Samper del Salz,92,11.49
1981,50234,San Martín de la Virgen de Moncayo,332,5.42
1981,50235,San Mateo de Gállego,1847,71.62
1981,50236,Santa Cruz de Grío,280,19.51
1981,50237,Santa Cruz de Moncayo,112,3.97
1981,50238,Santa Eulalia de Gállego,155,29.58
1981,50239,Santed,117,17.81
1981,50240,Sástago,1803,300.98
1981,50241,Sabiñán,1253,15.52
1981,50242,Sediles,141,11.71
1981,50243,Sestrica,606,40.88
1981,50244,Sierra de Luna,385,43.39
1981,50245,Sigüés,254,101.77
1981,50246,Sisamón,155,41.55
1981,50247,Sobradiel,582,12.06
1981,50248,Sos del Rey Católico,1070,216.62
1981,50249,Tabuenca,621,85.72
1981,50250,Talamantes,81,46.94
1981,50251,Tarazona,10993,244.01
1981,50252,Tauste,7240,405.23
1981,50253,Terrer,923,33.75
1981,50254,Tierga,329,66.13
1981,50255,Tobed,393,32.39
1981,50256,Torralba de los Frailes,151,59.19
1981,50257,Torralba de Ribota,296,32.51
1981,50258,Torralbilla,99,25.86
1981,50259,Torrehermosa,151,21.13
1981,50260,Torrelapaja,92,15.68
1981,50261,Torrellas,422,2.53
1981,50262,Torres de Berrellén,1528,53.81
1981,50263,Torrijo de la Cañada,616,74.57
1981,50264,Tosos,327,68.65
1981,50265,Trasmoz,105,18.26
1981,50266,Trasobares,363,71.76
1981,50267,Uncastillo,999,230.87
1981,50268,Undués de Lerda,51,42.99
1981,50269,Urrea de Jalón,428,25.64
1981,50270,Urriés,101,37.27
1981,50271,Used,534,85.29
1981,50272,Utebo,5673,17.72
1981,50273,Valdehorna,108,7.95
1981,50274,Val de San Martín,83,25.66
1981,50275,Valmadrid,89,50.57
1981,50276,Valpalmas,276,39.79
1981,50277,Valtorres,173,3.29
1981,50278,Velilla de Ebro,341,59.79
1981,50279,Velilla de Jiloca,209,10
1981,50280,Vera de Moncayo,624,27.66
1981,50281,Vierlas,138,2.67
1981,50282,La Vilueña,162,8.61
1981,50283,Villadoz,135,17.18
1981,50284,Villafeliche,349,22
1981,50285,Villafranca de Ebro,725,63.64
1981,50286,Villalba de Perejil,106,13.33
1981,50287,Villalengua,612,40.16
1981,50288,Villanueva de Gállego,2360,75.99
1981,50289,Villanueva de Jiloca,173,7.34
1981,50290,Villanueva de Huerva,817,75.99
1981,50291,Villar de los Navarros,314,49
1981,50292,Villarreal de Huerva,215,27.13
1981,50293,Villarroya de la Sierra,1000,91
1981,50294,Villarroya del Campo,109,16.94
1981,50295,Vistabella,67,21.82
1981,50296,La Zaida,739,17.27
1981,50297,Zaragoza,569830,973.78
1981,50298,Zuera,5168,332.25
1981,50901,Biel,284,130.73
1981,50902,Marracos,142,16.92
1981,50903,Villamayor de Gállego,2025,89.36
1991,50001,Abanto,221,63.84
1991,50002,Acered,325,30
1991,50003,Agón,229,18.52
1991,50004,Aguarón,759,36.62
1991,50005,Aguilón,267,59.45
1991,50006,Ainzón,1226,40.46
1991,50007,Aladrén,44,21.06
1991,50008,Alagón,5522,24.22
1991,50009,Alarba,173,19
1991,50010,Alberite de San Juan,116,11.23
1991,50011,Albeta,140,2.65
1991,50012,Alborge,123,4.84
1991,50013,Alcalá de Ebro,348,9.87
1991,50014,Alcalá de Moncayo,166,13.76
1991,50015,Alconchel de Ariza,188,34.85
1991,50016,Aldehuela de Liestos,81,38.04
1991,50017,Alfajarín,1458,137.57
1991,50018,Alfamén,1299,102.04
1991,50019,Alforque,91,10.62
1991,50020,Alhama de Aragón,1206,31.14
1991,50021,Almochuel,53,32
1991,50022,La Almolda,764,131.33
1991,50023,Almonacid de la Cuba,381,55.21
1991,50024,Almonacid de la Sierra,839,55.21
1991,50025,La Almunia de Doña Godina,5061,56.65
1991,50026,Alpartir,633,32.54
1991,50027,Ambel,421,61
1991,50028,Anento,104,21.52
1991,50029,Aniñón,946,52.46
1991,50030,Añón de Moncayo,345,64.19
1991,50031,Aranda de Moncayo,266,91
1991,50032,Arándiga,577,50.22
1991,50033,Ardisa,79,27.28
1991,50034,Ariza,1375,103.08
1991,50035,Artieda,105,13.57
1991,50036,Asín,115,18.47
1991,50037,Atea,277,34.67
1991,50038,Ateca,2145,84.71
1991,50039,Azuara,830,165.81
1991,50040,Badules,120,20.09
1991,50041,Bagüés,16,30.72
1991,50042,Balconchán,34,19
1991,50043,Bárboles,355,15.68
1991,50044,Bardallur,333,27.34
1991,50045,Belchite,1680,273.68
1991,50046,Belmonte de Gracián,354,43.68
1991,50047,Berdejo,37,19.39
1991,50048,Berrueco,43,19
1991,50050,Bijuesca,138,57.08
1991,50051,Biota,1306,128
1991,50052,Bisimbre,146,11.22
1991,50053,Boquiñeni,1063,18.87
1991,50054,Bordalba,108,41.58
1991,50055,Borja,4060,107.29
1991,50056,Botorrita,465,19.81
1991,50057,Brea de Aragón,2044,13.38
1991,50058,Bubierca,123,29.54
1991,50059,Bujaraloz,1074,120.92
1991,50060,Bulbuente,274,25.44
1991,50061,Bureta,342,11.91
1991,50062,El Burgo de Ebro,1223,24.86
1991,50063,El Buste,137,7.61
1991,50064,Cabañas de Ebro,561,8.53
1991,50065,Cabolafuente,101,39.24
1991,50066,Cadrete,917,11.86
1991,50067,Calatayud,17432,154.25
1991,50068,Calatorao,2626,48.15
1991,50069,Calcena,105,64.74
1991,50070,Calmarza,132,28.15
1991,50071,Campillo de Aragón,223,36.86
1991,50072,Carenas,247,31.22
1991,50073,Cariñena,2877,82.51
1991,50074,Caspe,8029,503.15
1991,50075,Castejón de Alarba,141,17.56
1991,50076,Castejón de las Armas,155,16.18
1991,50077,Castejón de Valdejasa,397,110.11
1991,50078,Castiliscar,469,40.68
1991,50079,Cervera de la Cañada,375,29.22
1991,50080,Cerveruela,4,23.49
1991,50081,Cetina,807,78.76
1991,50082,Cimballa,143,31.95
1991,50083,Cinco Olivas,157,2.25
1991,50084,Clarés de Ribota,123,18
1991,50085,Codo,325,11.36
1991,50086,Codos,329,62.69
1991,50087,Contamina,64,14.02
1991,50088,Cosuenda,449,31.68
1991,50089,Cuarte de Huerva,1353,8.95
1991,50090,Cubel,267,58.62
1991,50091,Las Cuerlas,104,32.58
1991,50092,Chiprana,430,38.98
1991,50093,Chodes,151,15.97
1991,50094,Daroca,2351,52.05
1991,50095,Ejea de los Caballeros,15337,609.92
1991,50096,Embid de Ariza,81,41.26
1991,50098,Encinacorba,336,36.74
1991,50099,Épila,3816,194.32
1991,50100,Erla,547,18.96
1991,50101,Escatrón,1366,94.64
1991,50102,Fabara,1344,101.63
1991,50104,Farlete,496,104.12
1991,50105,Fayón,439,67.19
1991,50106,Los Fayos,174,3.88
1991,50107,Figueruelas,870,16.99
1991,50108,Fombuena,13,26.37
1991,50109,El Frago,123,33.76
1991,50110,El Frasno,657,48.64
1991,50111,Fréscano,275,18.41
1991,50113,Fuendejalón,985,75.83
1991,50114,Fuendetodos,166,62
1991,50115,Fuentes de Ebro,3801,141.73
1991,50116,Fuentes de Jiloca,413,27.35
1991,50117,Gallocanta,192,29.71
1991,50118,Gallur,3066,41.71
1991,50119,Gelsa,1366,72.04
1991,50120,Godojos,83,16.77
1991,50121,Gotor,390,15.52
1991,50122,Grisel,59,14.51
1991,50123,Grisén,485,4.75
1991,50124,Herrera de los Navarros,710,105.01
1991,50125,Ibdes,583,56.31
1991,50126,Illueca,3149,24.86
1991,50128,Isuerre,63,20.05
1991,50129,Jaraba,334,42.81
1991,50130,Jarque de Moncayo,616,43
1991,50131,Jaulín,303,46.05
1991,50132,La Joyosa,345,6.52
1991,50133,Lagata,159,23.65
1991,50134,Langa del Castillo,200,50.13
1991,50135,Layana,192,3.69
1991,50136,Lécera,1009,109
1991,50137,Leciñena,1476,178.59
1991,50138,Lechón,63,17.46
1991,50139,Letux,486,30.15
1991,50140,Litago,189,15
1991,50141,Lituénigo,125,11.38
1991,50142,Lobera de Onsella,62,32.18
1991,50143,Longares,865,45.96
1991,50144,Longás,35,49.23
1991,50146,Lucena de Jalón,306,10.31
1991,50147,Luceni,1089,27.08
1991,50148,Luesia,462,126.83
1991,50149,Luesma,29,29
1991,50150,Lumpiaque,1004,29.55
1991,50151,Luna,1002,308.92
1991,50152,Maella,2180,174.88
1991,50153,Magallón,1365,78.61
1991,50154,Mainar,184,34.02
1991,50155,Malanquilla,136,36.63
1991,50156,Maleján,313,0.08
1991,50157,Malón,532,5.66
1991,50159,Maluenda,1072,40.09
1991,50160,Mallén,3018,37.42
1991,50161,Manchones,168,26.83
1991,50162,Mara,245,21.09
1991,50163,María de Huerva,810,108.09
1991,50164,Mediana de Aragón,549,90.57
1991,50165,Mequinenza,2757,307.45
1991,50166,Mesones de Isuela,440,48.55
1991,50167,Mezalocha,341,60.64
1991,50168,Mianos,41,14.82
1991,50169,Miedes de Aragón,579,55.38
1991,50170,Monegrillo,567,183.16
1991,50171,Moneva,110,61
1991,50172,Monreal de Ariza,347,62.06
1991,50173,Monterde,202,55.94
1991,50174,Montón,166,17.59
1991,50175,Morata de Jalón,1744,45.87
1991,50176,Morata de Jiloca,373,23.09
1991,50177,Morés,543,21.46
1991,50178,Moros,626,53
1991,50179,Moyuela,424,42.76
1991,50180,Mozota,124,8.68
1991,50181,Muel,1196,79.17
1991,50182,La Muela,1006,143.49
1991,50183,Munébrega,524,40.99
1991,50184,Murero,169,18.25
1991,50185,Murillo de Gállego,150,54.71
1991,50186,Navardún,89,24
1991,50187,Nigüella,138,30.42
1991,50188,Nombrevilla,33,17.56
1991,50189,Nonaspe,1132,111.45
1991,50190,Novallas,793,11
1991,50191,Novillas,737,25.28
1991,50192,Nuévalos,287,41.84
1991,50193,Nuez de Ebro,526,8.21
1991,50194,Olvés,196,20.18
1991,50195,Orcajo,53,28.45
1991,50196,Orera,178,19.82
1991,50197,Orés,135,54.52
1991,50198,Oseja,30,12
1991,50199,Osera de Ebro,346,24.56
1991,50200,Paniza,770,47.31
1991,50201,Paracuellos de Jiloca,559,32
1991,50202,Paracuellos de la Ribera,351,14.95
1991,50203,Pastriz,752,16.52
1991,50204,Pedrola,2460,113.74
1991,50205,Las Pedrosas,114,18.26
1991,50206,Perdiguera,480,109.77
1991,50207,Piedratajada,137,22.66
1991,50208,Pina de Ebro,2188,309.17
1991,50209,Pinseque,1363,16.09
1991,50210,Los Pintanos,83,79.64
1991,50211,Plasencia de Jalón,385,34.77
1991,50212,Pleitas,81,2.14
1991,50213,Plenas,185,37.95
1991,50214,Pomer,25,33.11
1991,50215,Pozuel de Ariza,32,22.63
1991,50216,Pozuelo de Aragón,374,32.11
1991,50217,Pradilla de Ebro,699,25.45
1991,50218,Puebla de Albortón,155,76.31
1991,50219,La Puebla de Alfindén,1463,17.03
1991,50220,Puendeluna,65,9.88
1991,50221,Purujosa,35,35.43
1991,50222,Quinto,2196,118.26
1991,50223,Remolinos,1281,18.51
1991,50224,Retascón,80,25.16
1991,50225,Ricla,2056,90.67
1991,50227,Romanos,157,19.53
1991,50228,Rueda de Jalón,369,107.37
1991,50229,Ruesca,87,11.63
1991,50230,Sádaba,1881,129.55
1991,50231,Salillas de Jalón,406,2.51
1991,50232,Salvatierra de Esca,324,81.24
1991,50233,Samper del Salz,107,11.49
1991,50234,San Martín de la Virgen de Moncayo,314,5.42
1991,50235,San Mateo de Gállego,1845,71.62
1991,50236,Santa Cruz de Grío,238,19.51
1991,50237,Santa Cruz de Moncayo,102,3.97
1991,50238,Santa Eulalia de Gállego,126,29.58
1991,50239,Santed,84,17.81
1991,50240,Sástago,1674,300.98
1991,50241,Sabiñán,1056,15.52
1991,50242,Sediles,105,11.71
1991,50243,Sestrica,559,40.88
1991,50244,Sierra de Luna,332,43.39
1991,50245,Sigüés,196,101.77
1991,50246,Sisamón,106,41.55
1991,50247,Sobradiel,598,12.06
1991,50248,Sos del Rey Católico,940,216.62
1991,50249,Tabuenca,547,85.72
1991,50250,Talamantes,64,46.94
1991,50251,Tarazona,10557,244.01
1991,50252,Tauste,7035,405.23
1991,50253,Terrer,726,33.75
1991,50254,Tierga,292,66.13
1991,50255,Tobed,303,32.39
1991,50256,Torralba de los Frailes,131,59.19
1991,50257,Torralba de Ribota,251,32.51
1991,50258,Torralbilla,80,25.86
1991,50259,Torrehermosa,131,21.13
1991,50260,Torrelapaja,58,15.68
1991,50261,Torrellas,347,2.53
1991,50262,Torres de Berrellén,1436,53.81
1991,50263,Torrijo de la Cañada,488,74.57
1991,50264,Tosos,258,68.65
1991,50265,Trasmoz,80,18.26
1991,50266,Trasobares,297,71.76
1991,50267,Uncastillo,961,230.87
1991,50268,Undués de Lerda,47,42.99
1991,50269,Urrea de Jalón,381,25.64
1991,50270,Urriés,78,37.27
1991,50271,Used,453,85.29
1991,50272,Utebo,7671,17.72
1991,50273,Valdehorna,82,7.95
1991,50274,Val de San Martín,70,25.66
1991,50275,Valmadrid,77,50.57
1991,50276,Valpalmas,234,39.79
1991,50277,Valtorres,126,3.29
1991,50278,Velilla de Ebro,290,59.79
1991,50279,Velilla de Jiloca,153,10
1991,50280,Vera de Moncayo,498,27.66
1991,50281,Vierlas,102,2.67
1991,50282,La Vilueña,117,8.61
1991,50283,Villadoz,95,17.18
1991,50284,Villafeliche,259,22
1991,50285,Villafranca de Ebro,670,63.64
1991,50286,Villalba de Perejil,104,13.33
1991,50287,Villalengua,500,40.16
1991,50288,Villanueva de Gállego,2483,75.99
1991,50289,Villanueva de Jiloca,115,7.34
1991,50290,Villanueva de Huerva,678,75.99
1991,50291,Villar de los Navarros,199,49
1991,50292,Villarreal de Huerva,214,27.13
1991,50293,Villarroya de la Sierra,816,91
1991,50294,Villarroya del Campo,76,16.94
1991,50295,Vistabella,34,21.82
1991,50296,La Zaida,653,17.27
1991,50297,Zaragoza,592548,973.78
1991,50298,Zuera,5294,332.25
1991,50901,Biel,226,130.73
1991,50902,Marracos,94,16.92
1991,50903,Villamayor de Gállego,1846,89.36
2001,50001,Abanto,167,63.84
2001,50002,Acered,259,30
2001,50003,Agón,186,18.52
2001,50004,Aguarón,751,36.62
2001,50005,Aguilón,287,59.45
2001,50006,Ainzón,1235,40.46
2001,50007,Aladrén,77,21.06
2001,50008,Alagón,5620,24.22
2001,50009,Alarba,153,19
2001,50010,Alberite de San Juan,95,11.23
2001,50011,Albeta,120,2.65
2001,50012,Alborge,135,4.84
2001,50013,Alcalá de Ebro,295,9.87
2001,50014,Alcalá de Moncayo,127,13.76
2001,50015,Alconchel de Ariza,126,34.85
2001,50016,Aldehuela de Liestos,37,38.04
2001,50017,Alfajarín,1548,137.57
2001,50018,Alfamén,1402,102.04
2001,50019,Alforque,82,10.62
2001,50020,Alhama de Aragón,1145,31.14
2001,50021,Almochuel,50,32
2001,50022,La Almolda,673,131.33
2001,50023,Almonacid de la Cuba,325,55.21
2001,50024,Almonacid de la Sierra,881,55.21
2001,50025,La Almunia de Doña Godina,5715,56.65
2001,50026,Alpartir,609,32.54
2001,50027,Ambel,339,61
2001,50028,Anento,116,21.52
2001,50029,Aniñón,855,52.46
2001,50030,Añón de Moncayo,288,64.19
2001,50031,Aranda de Moncayo,229,91
2001,50032,Arándiga,466,50.22
2001,50033,Ardisa,74,27.28
2001,50034,Ariza,1237,103.08
2001,50035,Artieda,103,13.57
2001,50036,Asín,100,18.47
2001,50037,Atea,206,34.67
2001,50038,Ateca,2012,84.71
2001,50039,Azuara,667,165.81
2001,50040,Badules,112,20.09
2001,50041,Bagüés,39,30.72
2001,50042,Balconchán,28,19
2001,50043,Bárboles,315,15.68
2001,50044,Bardallur,284,27.34
2001,50045,Belchite,1612,273.68
2001,50046,Belmonte de Gracián,246,43.68
2001,50047,Berdejo,53,19.39
2001,50048,Berrueco,37,19
2001,50050,Bijuesca,133,57.08
2001,50051,Biota,1200,128
2001,50052,Bisimbre,124,11.22
2001,50053,Boquiñeni,990,18.87
2001,50054,Bordalba,82,41.58
2001,50055,Borja,4295,107.29
2001,50056,Botorrita,482,19.81
2001,50057,Brea de Aragón,1999,13.38
2001,50058,Bubierca,97,29.54
2001,50059,Bujaraloz,1019,120.92
2001,50060,Bulbuente,246,25.44
2001,50061,Bureta,313,11.91
2001,50062,El Burgo de Ebro,1628,24.86
2001,50063,El Buste,104,7.61
2001,50064,Cabañas de Ebro,544,8.53
2001,50065,Cabolafuente,54,39.24
2001,50066,Cadrete,1784,11.86
2001,50067,Calatayud,18019,154.25
2001,50068,Calatorao,2852,48.15
2001,50069,Calcena,99,64.74
2001,50070,Calmarza,87,28.15
2001,50071,Campillo de Aragón,182,36.86
2001,50072,Carenas,197,31.22
2001,50073,Cariñena,3196,82.51
2001,50074,Caspe,7896,503.15
2001,50075,Castejón de Alarba,103,17.56
2001,50076,Castejón de las Armas,117,16.18
2001,50077,Castejón de Valdejasa,324,110.11
2001,50078,Castiliscar,403,40.68
2001,50079,Cervera de la Cañada,332,29.22
2001,50080,Cerveruela,25,23.49
2001,50081,Cetina,739,78.76
2001,50082,Cimballa,143,31.95
2001,50083,Cinco Olivas,132,2.25
2001,50084,Clarés de Ribota,111,18
2001,50085,Codo,259,11.36
2001,50086,Codos,279,62.69
2001,50087,Contamina,52,14.02
2001,50088,Cosuenda,410,31.68
2001,50089,Cuarte de Huerva,1922,8.95
2001,50090,Cubel,210,58.62
2001,50091,Las Cuerlas,90,32.58
2001,50092,Chiprana,403,38.98
2001,50093,Chodes,117,15.97
2001,50094,Daroca,2212,52.05
2001,50095,Ejea de los Caballeros,16048,609.92
2001,50096,Embid de Ariza,70,41.26
2001,50098,Encinacorba,300,36.74
2001,50099,Épila,4087,194.32
2001,50100,Erla,451,18.96
2001,50101,Escatrón,1111,94.64
2001,50102,Fabara,1230,101.63
2001,50104,Farlete,444,104.12
2001,50105,Fayón,396,67.19
2001,50106,Los Fayos,174,3.88
2001,50107,Figueruelas,1058,16.99
2001,50108,Fombuena,15,26.37
2001,50109,El Frago,132,33.76
2001,50110,El Frasno,547,48.64
2001,50111,Fréscano,248,18.41
2001,50113,Fuendejalón,871,75.83
2001,50114,Fuendetodos,176,62
2001,50115,Fuentes de Ebro,3887,141.73
2001,50116,Fuentes de Jiloca,326,27.35
2001,50117,Gallocanta,157,29.71
2001,50118,Gallur,2900,41.71
2001,50119,Gelsa,1220,72.04
2001,50120,Godojos,75,16.77
2001,50121,Gotor,400,15.52
2001,50122,Grisel,55,14.51
2001,50123,Grisén,470,4.75
2001,50124,Herrera de los Navarros,599,105.01
2001,50125,Ibdes,523,56.31
2001,50126,Illueca,3284,24.86
2001,50128,Isuerre,57,20.05
2001,50129,Jaraba,316,42.81
2001,50130,Jarque de Moncayo,541,43
2001,50131,Jaulín,292,46.05
2001,50132,La Joyosa,430,6.52
2001,50133,Lagata,157,23.65
2001,50134,Langa del Castillo,177,50.13
2001,50135,Layana,137,3.69
2001,50136,Lécera,817,109
2001,50137,Leciñena,1292,178.59
2001,50138,Lechón,59,17.46
2001,50139,Letux,463,30.15
2001,50140,Litago,172,15
2001,50141,Lituénigo,116,11.38
2001,50142,Lobera de Onsella,54,32.18
2001,50143,Longares,911,45.96
2001,50144,Longás,44,49.23
2001,50146,Lucena de Jalón,235,10.31
2001,50147,Luceni,1034,27.08
2001,50148,Luesia,413,126.83
2001,50149,Luesma,32,29
2001,50150,Lumpiaque,917,29.55
2001,50151,Luna,897,308.92
2001,50152,Maella,2056,174.88
2001,50153,Magallón,1177,78.61
2001,50154,Mainar,170,34.02
2001,50155,Malanquilla,150,36.63
2001,50156,Maleján,294,0.08
2001,50157,Malón,436,5.66
2001,50159,Maluenda,993,40.09
2001,50160,Mallén,3109,37.42
2001,50161,Manchones,145,26.83
2001,50162,Mara,202,21.09
2001,50163,María de Huerva,1531,108.09
2001,50164,Mediana de Aragón,485,90.57
2001,50165,Mequinenza,2486,307.45
2001,50166,Mesones de Isuela,350,48.55
2001,50167,Mezalocha,283,60.64
2001,50168,Mianos,47,14.82
2001,50169,Miedes de Aragón,513,55.38
2001,50170,Monegrillo,524,183.16
2001,50171,Moneva,160,61
2001,50172,Monreal de Ariza,303,62.06
2001,50173,Monterde,212,55.94
2001,50174,Montón,126,17.59
2001,50175,Morata de Jalón,1471,45.87
2001,50176,Morata de Jiloca,300,23.09
2001,50177,Morés,459,21.46
2001,50178,Moros,488,53
2001,50179,Moyuela,326,42.76
2001,50180,Mozota,114,8.68
2001,50181,Muel,1108,79.17
2001,50182,La Muela,1773,143.49
2001,50183,Munébrega,449,40.99
2001,50184,Murero,142,18.25
2001,50185,Murillo de Gállego,150,54.71
2001,50186,Navardún,55,24
2001,50187,Nigüella,98,30.42
2001,50188,Nombrevilla,53,17.56
2001,50189,Nonaspe,1024,111.45
2001,50190,Novallas,775,11
2001,50191,Novillas,673,25.28
2001,50192,Nuévalos,332,41.84
2001,50193,Nuez de Ebro,581,8.21
2001,50194,Olvés,147,20.18
2001,50195,Orcajo,50,28.45
2001,50196,Orera,117,19.82
2001,50197,Orés,112,54.52
2001,50198,Oseja,52,12
2001,50199,Osera de Ebro,357,24.56
2001,50200,Paniza,702,47.31
2001,50201,Paracuellos de Jiloca,494,32
2001,50202,Paracuellos de la Ribera,255,14.95
2001,50203,Pastriz,1083,16.52
2001,50204,Pedrola,2812,113.74
2001,50205,Las Pedrosas,103,18.26
2001,50206,Perdiguera,519,109.77
2001,50207,Piedratajada,151,22.66
2001,50208,Pina de Ebro,2233,309.17
2001,50209,Pinseque,1819,16.09
2001,50210,Los Pintanos,87,79.64
2001,50211,Plasencia de Jalón,370,34.77
2001,50212,Pleitas,61,2.14
2001,50213,Plenas,159,37.95
2001,50214,Pomer,35,33.11
2001,50215,Pozuel de Ariza,16,22.63
2001,50216,Pozuelo de Aragón,337,32.11
2001,50217,Pradilla de Ebro,628,25.45
2001,50218,Puebla de Albortón,138,76.31
2001,50219,La Puebla de Alfindén,2296,17.03
2001,50220,Puendeluna,58,9.88
2001,50221,Purujosa,47,35.43
2001,50222,Quinto,2064,118.26
2001,50223,Remolinos,1228,18.51
2001,50224,Retascón,81,25.16
2001,50225,Ricla,2306,90.67
2001,50227,Romanos,133,19.53
2001,50228,Rueda de Jalón,359,107.37
2001,50229,Ruesca,86,11.63
2001,50230,Sádaba,1722,129.55
2001,50231,Salillas de Jalón,352,2.51
2001,50232,Salvatierra de Esca,269,81.24
2001,50233,Samper del Salz,147,11.49
2001,50234,San Martín de la Virgen de Moncayo,296,5.42
2001,50235,San Mateo de Gállego,2212,71.62
2001,50236,Santa Cruz de Grío,212,19.51
2001,50237,Santa Cruz de Moncayo,120,3.97
2001,50238,Santa Eulalia de Gállego,131,29.58
2001,50239,Santed,72,17.81
2001,50240,Sástago,1389,300.98
2001,50241,Sabiñán,921,15.52
2001,50242,Sediles,102,11.71
2001,50243,Sestrica,475,40.88
2001,50244,Sierra de Luna,243,43.39
2001,50245,Sigüés,176,101.77
2001,50246,Sisamón,69,41.55
2001,50247,Sobradiel,708,12.06
2001,50248,Sos del Rey Católico,738,216.62
2001,50249,Tabuenca,460,85.72
2001,50250,Talamantes,59,46.94
2001,50251,Tarazona,10580,244.01
2001,50252,Tauste,7043,405.23
2001,50253,Terrer,601,33.75
2001,50254,Tierga,244,66.13
2001,50255,Tobed,251,32.39
2001,50256,Torralba de los Frailes,96,59.19
2001,50257,Torralba de Ribota,190,32.51
2001,50258,Torralbilla,78,25.86
2001,50259,Torrehermosa,113,21.13
2001,50260,Torrelapaja,42,15.68
2001,50261,Torrellas,313,2.53
2001,50262,Torres de Berrellén,1374,53.81
2001,50263,Torrijo de la Cañada,343,74.57
2001,50264,Tosos,192,68.65
2001,50265,Trasmoz,61,18.26
2001,50266,Trasobares,212,71.76
2001,50267,Uncastillo,883,230.87
2001,50268,Undués de Lerda,48,42.99
2001,50269,Urrea de Jalón,325,25.64
2001,50270,Urriés,75,37.27
2001,50271,Used,364,85.29
2001,50272,Utebo,11896,17.72
2001,50273,Valdehorna,61,7.95
2001,50274,Val de San Martín,84,25.66
2001,50275,Valmadrid,74,50.57
2001,50276,Valpalmas,176,39.79
2001,50277,Valtorres,88,3.29
2001,50278,Velilla de Ebro,261,59.79
2001,50279,Velilla de Jiloca,118,10
2001,50280,Vera de Moncayo,448,27.66
2001,50281,Vierlas,103,2.67
2001,50282,La Vilueña,92,8.61
2001,50283,Villadoz,85,17.18
2001,50284,Villafeliche,241,22
2001,50285,Villafranca de Ebro,677,63.64
2001,50286,Villalba de Perejil,115,13.33
2001,50287,Villalengua,414,40.16
2001,50288,Villanueva de Gállego,3426,75.99
2001,50289,Villanueva de Jiloca,91,7.34
2001,50290,Villanueva de Huerva,588,75.99
2001,50291,Villar de los Navarros,139,49
2001,50292,Villarreal de Huerva,178,27.13
2001,50293,Villarroya de la Sierra,660,91
2001,50294,Villarroya del Campo,74,16.94
2001,50295,Vistabella,36,21.82
2001,50296,La Zaida,584,17.27
2001,50297,Zaragoza,612472,973.78
2001,50298,Zuera,5640,332.25
2001,50901,Biel,230,130.73
2001,50902,Marracos,112,16.92
2001,50903,Villamayor de Gállego,2433,89.36
2011,50001,Abanto,124,63.84
2011,50002,Acered,240,30
2011,50003,Agón,167,18.52
2011,50004,Aguarón,838,36.62
2011,50005,Aguilón,259,59.45
2011,50006,Ainzón,1207,40.46
2011,50007,Aladrén,60,21.06
2011,50008,Alagón,7153,24.22
2011,50009,Alarba,159,19
2011,50010,Alberite de San Juan,94,11.23
2011,50011,Albeta,149,2.65
2011,50012,Alborge,120,4.84
2011,50013,Alcalá de Ebro,285,9.87
2011,50014,Alcalá de Moncayo,190,13.76
2011,50015,Alconchel de Ariza,90,34.85
2011,50016,Aldehuela de Liestos,52,38.04
2011,50017,Alfajarín,2257,137.57
2011,50018,Alfamén,1574,102.04
2011,50019,Alforque,86,10.62
2011,50020,Alhama de Aragón,1163,31.14
2011,50021,Almochuel,42,32
2011,50022,La Almolda,607,131.33
2011,50023,Almonacid de la Cuba,268,55.21
2011,50024,Almonacid de la Sierra,789,55.21
2011,50025,La Almunia de Doña Godina,7818,56.65
2011,50026,Alpartir,570,32.54
2011,50027,Ambel,285,61
2011,50028,Anento,128,21.52
2011,50029,Aniñón,799,52.46
2011,50030,Añón de Moncayo,216,64.19
2011,50031,Aranda de Moncayo,197,91
2011,50032,Arándiga,392,50.22
2011,50033,Ardisa,85,27.28
2011,50034,Ariza,1246,103.08
2011,50035,Artieda,91,13.57
2011,50036,Asín,111,18.47
2011,50037,Atea,151,34.67
2011,50038,Ateca,2069,84.71
2011,50039,Azuara,683,165.81
2011,50040,Badules,104,20.09
2011,50041,Bagüés,23,30.72
2011,50042,Balconchán,15,19
2011,50043,Bárboles,324,15.68
2011,50044,Bardallur,319,27.34
2011,50045,Belchite,1637,273.68
2011,50046,Belmonte de Gracián,238,43.68
2011,50047,Berdejo,69,19.39
2011,50048,Berrueco,45,19
2011,50050,Bijuesca,110,57.08
2011,50051,Biota,1078,128
2011,50052,Bisimbre,101,11.22
2011,50053,Boquiñeni,961,18.87
2011,50054,Bordalba,72,41.58
2011,50055,Borja,5039,107.29
2011,50056,Botorrita,524,19.81
2011,50057,Brea de Aragón,1799,13.38
2011,50058,Bubierca,86,29.54
2011,50059,Bujaraloz,1052,120.92
2011,50060,Bulbuente,235,25.44
2011,50061,Bureta,274,11.91
2011,50062,El Burgo de Ebro,2356,24.86
2011,50063,El Buste,80,7.61
2011,50064,Cabañas de Ebro,552,8.53
2011,50065,Cabolafuente,46,39.24
2011,50066,Cadrete,3294,11.86
2011,50067,Calatayud,21264,154.25
2011,50068,Calatorao,2992,48.15
2011,50069,Calcena,64,64.74
2011,50070,Calmarza,79,28.15
2011,50071,Campillo de Aragón,154,36.86
2011,50072,Carenas,185,31.22
2011,50073,Cariñena,3623,82.51
2011,50074,Caspe,9797,503.15
2011,50075,Castejón de Alarba,91,17.56
2011,50076,Castejón de las Armas,116,16.18
2011,50077,Castejón de Valdejasa,266,110.11
2011,50078,Castiliscar,311,40.68
2011,50079,Cervera de la Cañada,319,29.22
2011,50080,Cerveruela,41,23.49
2011,50081,Cetina,679,78.76
2011,50082,Cimballa,118,31.95
2011,50083,Cinco Olivas,122,2.25
2011,50084,Clarés de Ribota,92,18
2011,50085,Codo,204,11.36
2011,50086,Codos,247,62.69
2011,50087,Contamina,40,14.02
2011,50088,Cosuenda,396,31.68
2011,50089,Cuarte de Huerva,10209,8.95
2011,50090,Cubel,190,58.62
2011,50091,Las Cuerlas,55,32.58
2011,50092,Chiprana,471,38.98
2011,50093,Chodes,147,15.97
2011,50094,Daroca,2264,52.05
2011,50095,Ejea de los Caballeros,17069,609.92
2011,50096,Embid de Ariza,51,41.26
2011,50098,Encinacorba,242,36.74
2011,50099,Épila,4715,194.32
2011,50100,Erla,403,18.96
2011,50101,Escatrón,1123,94.64
2011,50102,Fabara,1242,101.63
2011,50104,Farlete,426,104.12
2011,50105,Fayón,378,67.19
2011,50106,Los Fayos,151,3.88
2011,50107,Figueruelas,1305,16.99
2011,50108,Fombuena,52,26.37
2011,50109,El Frago,105,33.76
2011,50110,El Frasno,461,48.64
2011,50111,Fréscano,208,18.41
2011,50113,Fuendejalón,944,75.83
2011,50114,Fuendetodos,179,62
2011,50115,Fuentes de Ebro,4597,141.73
2011,50116,Fuentes de Jiloca,275,27.35
2011,50117,Gallocanta,155,29.71
2011,50118,Gallur,2876,41.71
2011,50119,Gelsa,1186,72.04
2011,50120,Godojos,43,16.77
2011,50121,Gotor,371,15.52
2011,50122,Grisel,68,14.51
2011,50123,Grisén,592,4.75
2011,50124,Herrera de los Navarros,578,105.01
2011,50125,Ibdes,480,56.31
2011,50126,Illueca,3272,24.86
2011,50128,Isuerre,32,20.05
2011,50129,Jaraba,358,42.81
2011,50130,Jarque de Moncayo,522,43
2011,50131,Jaulín,282,46.05
2011,50132,La Joyosa,949,6.52
2011,50133,Lagata,133,23.65
2011,50134,Langa del Castillo,137,50.13
2011,50135,Layana,125,3.69
2011,50136,Lécera,749,109
2011,50137,Leciñena,1315,178.59
2011,50138,Lechón,48,17.46
2011,50139,Letux,396,30.15
2011,50140,Litago,178,15
2011,50141,Lituénigo,121,11.38
2011,50142,Lobera de Onsella,45,32.18
2011,50143,Longares,860,45.96
2011,50144,Longás,34,49.23
2011,50146,Lucena de Jalón,255,10.31
2011,50147,Luceni,1042,27.08
2011,50148,Luesia,378,126.83
2011,50149,Luesma,50,29
2011,50150,Lumpiaque,919,29.55
2011,50151,Luna,813,308.92
2011,50152,Maella,2002,174.88
2011,50153,Magallón,1206,78.61
2011,50154,Mainar,158,34.02
2011,50155,Malanquilla,123,36.63
2011,50156,Maleján,319,0.08
2011,50157,Malón,376,5.66
2011,50159,Maluenda,1093,40.09
2011,50160,Mallén,3571,37.42
2011,50161,Manchones,131,26.83
2011,50162,Mara,191,21.09
2011,50163,María de Huerva,5208,108.09
2011,50164,Mediana de Aragón,480,90.57
2011,50165,Mequinenza,2424,307.45
2011,50166,Mesones de Isuela,316,48.55
2011,50167,Mezalocha,217,60.64
2011,50168,Mianos,43,14.82
2011,50169,Miedes de Aragón,448,55.38
2011,50170,Monegrillo,462,183.16
2011,50171,Moneva,115,61
2011,50172,Monreal de Ariza,174,62.06
2011,50173,Monterde,169,55.94
2011,50174,Montón,123,17.59
2011,50175,Morata de Jalón,1263,45.87
2011,50176,Morata de Jiloca,274,23.09
2011,50177,Morés,408,21.46
2011,50178,Moros,423,53
2011,50179,Moyuela,288,42.76
2011,50180,Mozota,110,8.68
2011,50181,Muel,1413,79.17
2011,50182,La Muela,5087,143.49
2011,50183,Munébrega,468,40.99
2011,50184,Murero,142,18.25
2011,50185,Murillo de Gállego,184,54.71
2011,50186,Navardún,46,24
2011,50187,Nigüella,73,30.42
2011,50188,Nombrevilla,34,17.56
2011,50189,Nonaspe,1045,111.45
2011,50190,Novallas,930,11
2011,50191,Novillas,600,25.28
2011,50192,Nuévalos,344,41.84
2011,50193,Nuez de Ebro,846,8.21
2011,50194,Olvés,117,20.18
2011,50195,Orcajo,47,28.45
2011,50196,Orera,136,19.82
2011,50197,Orés,97,54.52
2011,50198,Oseja,48,12
2011,50199,Osera de Ebro,449,24.56
2011,50200,Paniza,729,47.31
2011,50201,Paracuellos de Jiloca,592,32
2011,50202,Paracuellos de la Ribera,176,14.95
2011,50203,Pastriz,1382,16.52
2011,50204,Pedrola,3753,113.74
2011,50205,Las Pedrosas,119,18.26
2011,50206,Perdiguera,642,109.77
2011,50207,Piedratajada,133,22.66
2011,50208,Pina de Ebro,2641,309.17
2011,50209,Pinseque,3615,16.09
2011,50210,Los Pintanos,45,79.64
2011,50211,Plasencia de Jalón,386,34.77
2011,50212,Pleitas,52,2.14
2011,50213,Plenas,130,37.95
2011,50214,Pomer,35,33.11
2011,50215,Pozuel de Ariza,22,22.63
2011,50216,Pozuelo de Aragón,326,32.11
2011,50217,Pradilla de Ebro,615,25.45
2011,50218,Puebla de Albortón,131,76.31
2011,50219,La Puebla de Alfindén,5552,17.03
2011,50220,Puendeluna,62,9.88
2011,50221,Purujosa,43,35.43
2011,50222,Quinto,2083,118.26
2011,50223,Remolinos,1158,18.51
2011,50224,Retascón,69,25.16
2011,50225,Ricla,3150,90.67
2011,50227,Romanos,123,19.53
2011,50228,Rueda de Jalón,346,107.37
2011,50229,Ruesca,73,11.63
2011,50230,Sádaba,1562,129.55
2011,50231,Salillas de Jalón,364,2.51
2011,50232,Salvatierra de Esca,215,81.24
2011,50233,Samper del Salz,125,11.49
2011,50234,San Martín de la Virgen de Moncayo,299,5.42
2011,50235,San Mateo de Gállego,3150,71.62
2011,50236,Santa Cruz de Grío,152,19.51
2011,50237,Santa Cruz de Moncayo,134,3.97
2011,50238,Santa Eulalia de Gállego,126,29.58
2011,50239,Santed,64,17.81
2011,50240,Sástago,1266,300.98
2011,50241,Sabiñán,770,15.52
2011,50242,Sediles,104,11.71
2011,50243,Sestrica,397,40.88
2011,50244,Sierra de Luna,284,43.39
2011,50245,Sigüés,123,101.77
2011,50246,Sisamón,40,41.55
2011,50247,Sobradiel,1014,12.06
2011,50248,Sos del Rey Católico,650,216.62
2011,50249,Tabuenca,384,85.72
2011,50250,Talamantes,57,46.94
2011,50251,Tarazona,10959,244.01
2011,50252,Tauste,7343,405.23
2011,50253,Terrer,474,33.75
2011,50254,Tierga,198,66.13
2011,50255,Tobed,232,32.39
2011,50256,Torralba de los Frailes,90,59.19
2011,50257,Torralba de Ribota,207,32.51
2011,50258,Torralbilla,56,25.86
2011,50259,Torrehermosa,81,21.13
2011,50260,Torrelapaja,41,15.68
2011,50261,Torrellas,281,2.53
2011,50262,Torres de Berrellén,1515,53.81
2011,50263,Torrijo de la Cañada,278,74.57
2011,50264,Tosos,228,68.65
2011,50265,Trasmoz,75,18.26
2011,50266,Trasobares,140,71.76
2011,50267,Uncastillo,732,230.87
2011,50268,Undués de Lerda,76,42.99
2011,50269,Urrea de Jalón,399,25.64
2011,50270,Urriés,40,37.27
2011,50271,Used,308,85.29
2011,50272,Utebo,18179,17.72
2011,50273,Valdehorna,34,7.95
2011,50274,Val de San Martín,77,25.66
2011,50275,Valmadrid,118,50.57
2011,50276,Valpalmas,162,39.79
2011,50277,Valtorres,102,3.29
2011,50278,Velilla de Ebro,242,59.79
2011,50279,Velilla de Jiloca,95,10
2011,50280,Vera de Moncayo,402,27.66
2011,50281,Vierlas,97,2.67
2011,50282,La Vilueña,117,8.61
2011,50283,Villadoz,86,17.18
2011,50284,Villafeliche,199,22
2011,50285,Villafranca de Ebro,835,63.64
2011,50286,Villalba de Perejil,109,13.33
2011,50287,Villalengua,388,40.16
2011,50288,Villanueva de Gállego,4604,75.99
2011,50289,Villanueva de Jiloca,64,7.34
2011,50290,Villanueva de Huerva,563,75.99
2011,50291,Villar de los Navarros,116,49
2011,50292,Villarreal de Huerva,221,27.13
2011,50293,Villarroya de la Sierra,555,91
2011,50294,Villarroya del Campo,78,16.94
2011,50295,Vistabella,51,21.82
2011,50296,La Zaida,497,17.27
2011,50297,Zaragoza,678115,973.78
2011,50298,Zuera,7682,332.25
2011,50901,Biel,165,130.73
2011,50902,Marracos,108,16.92
2011,50903,Villamayor de Gállego,2826,89.36
2012,50001,Abanto,127,63.84
2012,50002,Acered,243,30
2012,50003,Agón,167,18.52
2012,50004,Aguarón,848,36.62
2012,50005,Aguilón,254,59.45
2012,50006,Ainzón,1214,40.46
2012,50007,Aladrén,60,21.06
2012,50008,Alagón,7167,24.22
2012,50009,Alarba,161,19
2012,50010,Alberite de San Juan,97,11.23
2012,50011,Albeta,149,2.65
2012,50012,Alborge,118,4.84
2012,50013,Alcalá de Ebro,284,9.87
2012,50014,Alcalá de Moncayo,193,13.76
2012,50015,Alconchel de Ariza,90,34.85
2012,50016,Aldehuela de Liestos,51,38.04
2012,50017,Alfajarín,2259,137.57
2012,50018,Alfamén,1609,102.04
2012,50019,Alforque,86,10.62
2012,50020,Alhama de Aragón,1124,31.14
2012,50021,Almochuel,42,32
2012,50022,La Almolda,611,131.33
2012,50023,Almonacid de la Cuba,252,55.21
2012,50024,Almonacid de la Sierra,781,55.21
2012,50025,La Almunia de Doña Godina,7792,56.65
2012,50026,Alpartir,570,32.54
2012,50027,Ambel,281,61
2012,50028,Anento,126,21.52
2012,50029,Aniñón,801,52.46
2012,50030,Añón de Moncayo,213,64.19
2012,50031,Aranda de Moncayo,198,91
2012,50032,Arándiga,385,50.22
2012,50033,Ardisa,83,27.28
2012,50034,Ariza,1227,103.08
2012,50035,Artieda,90,13.57
2012,50036,Asín,115,18.47
2012,50037,Atea,152,34.67
2012,50038,Ateca,2099,84.71
2012,50039,Azuara,680,165.81
2012,50040,Badules,100,20.09
2012,50041,Bagüés,20,30.72
2012,50042,Balconchán,14,19
2012,50043,Bárboles,327,15.68
2012,50044,Bardallur,325,27.34
2012,50045,Belchite,1655,273.68
2012,50046,Belmonte de Gracián,238,43.68
2012,50047,Berdejo,63,19.39
2012,50048,Berrueco,42,19
2012,50050,Bijuesca,114,57.08
2012,50051,Biota,1073,128
2012,50052,Bisimbre,99,11.22
2012,50053,Boquiñeni,956,18.87
2012,50054,Bordalba,71,41.58
2012,50055,Borja,5057,107.29
2012,50056,Botorrita,532,19.81
2012,50057,Brea de Aragón,1795,13.38
2012,50058,Bubierca,84,29.54
2012,50059,Bujaraloz,1054,120.92
2012,50060,Bulbuente,235,25.44
2012,50061,Bureta,268,11.91
2012,50062,El Burgo de Ebro,2363,24.86
2012,50063,El Buste,82,7.61
2012,50064,Cabañas de Ebro,553,8.53
2012,50065,Cabolafuente,44,39.24
2012,50066,Cadrete,3293,11.86
2012,50067,Calatayud,21174,154.25
2012,50068,Calatorao,3015,48.15
2012,50069,Calcena,65,64.74
2012,50070,Calmarza,77,28.15
2012,50071,Campillo de Aragón,152,36.86
2012,50072,Carenas,184,31.22
2012,50073,Cariñena,3572,82.51
2012,50074,Caspe,9885,503.15
2012,50075,Castejón de Alarba,95,17.56
2012,50076,Castejón de las Armas,118,16.18
2012,50077,Castejón de Valdejasa,257,110.11
2012,50078,Castiliscar,310,40.68
2012,50079,Cervera de la Cañada,318,29.22
2012,50080,Cerveruela,41,23.49
2012,50081,Cetina,677,78.76
2012,50082,Cimballa,118,31.95
2012,50083,Cinco Olivas,119,2.25
2012,50084,Clarés de Ribota,89,18
2012,50085,Codo,205,11.36
2012,50086,Codos,241,62.69
2012,50087,Contamina,39,14.02
2012,50088,Cosuenda,398,31.68
2012,50089,Cuarte de Huerva,10394,8.95
2012,50090,Cubel,187,58.62
2012,50091,Las Cuerlas,55,32.58
2012,50092,Chiprana,465,38.98
2012,50093,Chodes,147,15.97
2012,50094,Daroca,2288,52.05
2012,50095,Ejea de los Caballeros,17180,609.92
2012,50096,Embid de Ariza,52,41.26
2012,50098,Encinacorba,239,36.74
2012,50099,Épila,4746,194.32
2012,50100,Erla,400,18.96
2012,50101,Escatrón,1133,94.64
2012,50102,Fabara,1255,101.63
2012,50104,Farlete,428,104.12
2012,50105,Fayón,384,67.19
2012,50106,Los Fayos,152,3.88
2012,50107,Figueruelas,1322,16.99
2012,50108,Fombuena,52,26.37
2012,50109,El Frago,109,33.76
2012,50110,El Frasno,452,48.64
2012,50111,Fréscano,208,18.41
2012,50113,Fuendejalón,973,75.83
2012,50114,Fuendetodos,172,62
2012,50115,Fuentes de Ebro,4577,141.73
2012,50116,Fuentes de Jiloca,280,27.35
2012,50117,Gallocanta,154,29.71
2012,50118,Gallur,2882,41.71
2012,50119,Gelsa,1173,72.04
2012,50120,Godojos,43,16.77
2012,50121,Gotor,366,15.52
2012,50122,Grisel,66,14.51
2012,50123,Grisén,603,4.75
2012,50124,Herrera de los Navarros,576,105.01
2012,50125,Ibdes,471,56.31
2012,50126,Illueca,3290,24.86
2012,50128,Isuerre,34,20.05
2012,50129,Jaraba,355,42.81
2012,50130,Jarque de Moncayo,531,43
2012,50131,Jaulín,279,46.05
2012,50132,La Joyosa,936,6.52
2012,50133,Lagata,135,23.65
2012,50134,Langa del Castillo,141,50.13
2012,50135,Layana,127,3.69
2012,50136,Lécera,757,109
2012,50137,Leciñena,1306,178.59
2012,50138,Lechón,52,17.46
2012,50139,Letux,404,30.15
2012,50140,Litago,174,15
2012,50141,Lituénigo,120,11.38
2012,50142,Lobera de Onsella,45,32.18
2012,50143,Longares,895,45.96
2012,50144,Longás,34,49.23
2012,50146,Lucena de Jalón,269,10.31
2012,50147,Luceni,1045,27.08
2012,50148,Luesia,366,126.83
2012,50149,Luesma,50,29
2012,50150,Lumpiaque,921,29.55
2012,50151,Luna,825,308.92
2012,50152,Maella,1986,174.88
2012,50153,Magallón,1208,78.61
2012,50154,Mainar,157,34.02
2012,50155,Malanquilla,123,36.63
2012,50156,Maleján,325,0.08
2012,50157,Malón,376,5.66
2012,50159,Maluenda,1123,40.09
2012,50160,Mallén,3714,37.42
2012,50161,Manchones,131,26.83
2012,50162,Mara,190,21.09
2012,50163,María de Huerva,5265,108.09
2012,50164,Mediana de Aragón,468,90.57
2012,50165,Mequinenza,2449,307.45
2012,50166,Mesones de Isuela,318,48.55
2012,50167,Mezalocha,210,60.64
2012,50168,Mianos,40,14.82
2012,50169,Miedes de Aragón,458,55.38
2012,50170,Monegrillo,464,183.16
2012,50171,Moneva,117,61
2012,50172,Monreal de Ariza,226,62.06
2012,50173,Monterde,169,55.94
2012,50174,Montón,133,17.59
2012,50175,Morata de Jalón,1266,45.87
2012,50176,Morata de Jiloca,280,23.09
2012,50177,Morés,402,21.46
2012,50178,Moros,441,53
2012,50179,Moyuela,278,42.76
2012,50180,Mozota,107,8.68
2012,50181,Muel,1379,79.17
2012,50182,La Muela,5062,143.49
2012,50183,Munébrega,470,40.99
2012,50184,Murero,140,18.25
2012,50185,Murillo de Gállego,202,54.71
2012,50186,Navardún,47,24
2012,50187,Nigüella,74,30.42
2012,50188,Nombrevilla,35,17.56
2012,50189,Nonaspe,1064,111.45
2012,50190,Novallas,948,11
2012,50191,Novillas,602,25.28
2012,50192,Nuévalos,350,41.84
2012,50193,Nuez de Ebro,843,8.21
2012,50194,Olvés,117,20.18
2012,50195,Orcajo,47,28.45
2012,50196,Orera,135,19.82
2012,50197,Orés,103,54.52
2012,50198,Oseja,48,12
2012,50199,Osera de Ebro,449,24.56
2012,50200,Paniza,758,47.31
2012,50201,Paracuellos de Jiloca,587,32
2012,50202,Paracuellos de la Ribera,172,14.95
2012,50203,Pastriz,1364,16.52
2012,50204,Pedrola,3780,113.74
2012,50205,Las Pedrosas,116,18.26
2012,50206,Perdiguera,645,109.77
2012,50207,Piedratajada,130,22.66
2012,50208,Pina de Ebro,2635,309.17
2012,50209,Pinseque,3676,16.09
2012,50210,Los Pintanos,45,79.64
2012,50211,Plasencia de Jalón,386,34.77
2012,50212,Pleitas,52,2.14
2012,50213,Plenas,131,37.95
2012,50214,Pomer,35,33.11
2012,50215,Pozuel de Ariza,22,22.63
2012,50216,Pozuelo de Aragón,327,32.11
2012,50217,Pradilla de Ebro,627,25.45
2012,50218,Puebla de Albortón,128,76.31
2012,50219,La Puebla de Alfindén,5603,17.03
2012,50220,Puendeluna,63,9.88
2012,50221,Purujosa,40,35.43
2012,50222,Quinto,2077,118.26
2012,50223,Remolinos,1153,18.51
2012,50224,Retascón,70,25.16
2012,50225,Ricla,3188,90.67
2012,50227,Romanos,121,19.53
2012,50228,Rueda de Jalón,345,107.37
2012,50229,Ruesca,75,11.63
2012,50230,Sádaba,1577,129.55
2012,50231,Salillas de Jalón,373,2.51
2012,50232,Salvatierra de Esca,210,81.24
2012,50233,Samper del Salz,121,11.49
2012,50234,San Martín de la Virgen de Moncayo,297,5.42
2012,50235,San Mateo de Gállego,3158,71.62
2012,50236,Santa Cruz de Grío,148,19.51
2012,50237,Santa Cruz de Moncayo,133,3.97
2012,50238,Santa Eulalia de Gállego,124,29.58
2012,50239,Santed,65,17.81
2012,50240,Sástago,1266,300.98
2012,50241,Sabiñán,749,15.52
2012,50242,Sediles,106,11.71
2012,50243,Sestrica,390,40.88
2012,50244,Sierra de Luna,291,43.39
2012,50245,Sigüés,121,101.77
2012,50246,Sisamón,40,41.55
2012,50247,Sobradiel,1029,12.06
2012,50248,Sos del Rey Católico,646,216.62
2012,50249,Tabuenca,387,85.72
2012,50250,Talamantes,60,46.94
2012,50251,Tarazona,11050,244.01
2012,50252,Tauste,7382,405.23
2012,50253,Terrer,475,33.75
2012,50254,Tierga,197,66.13
2012,50255,Tobed,230,32.39
2012,50256,Torralba de los Frailes,90,59.19
2012,50257,Torralba de Ribota,205,32.51
2012,50258,Torralbilla,56,25.86
2012,50259,Torrehermosa,80,21.13
2012,50260,Torrelapaja,39,15.68
2012,50261,Torrellas,290,2.53
2012,50262,Torres de Berrellén,1521,53.81
2012,50263,Torrijo de la Cañada,281,74.57
2012,50264,Tosos,226,68.65
2012,50265,Trasmoz,76,18.26
2012,50266,Trasobares,139,71.76
2012,50267,Uncastillo,731,230.87
2012,50268,Undués de Lerda,76,42.99
2012,50269,Urrea de Jalón,396,25.64
2012,50270,Urriés,41,37.27
2012,50271,Used,304,85.29
2012,50272,Utebo,18281,17.72
2012,50273,Valdehorna,33,7.95
2012,50274,Val de San Martín,77,25.66
2012,50275,Valmadrid,111,50.57
2012,50276,Valpalmas,161,39.79
2012,50277,Valtorres,101,3.29
2012,50278,Velilla de Ebro,243,59.79
2012,50279,Velilla de Jiloca,115,10
2012,50280,Vera de Moncayo,398,27.66
2012,50281,Vierlas,98,2.67
2012,50282,La Vilueña,111,8.61
2012,50283,Villadoz,87,17.18
2012,50284,Villafeliche,209,22
2012,50285,Villafranca de Ebro,834,63.64
2012,50286,Villalba de Perejil,109,13.33
2012,50287,Villalengua,386,40.16
2012,50288,Villanueva de Gállego,4611,75.99
2012,50289,Villanueva de Jiloca,60,7.34
2012,50290,Villanueva de Huerva,559,75.99
2012,50291,Villar de los Navarros,114,49
2012,50292,Villarreal de Huerva,230,27.13
2012,50293,Villarroya de la Sierra,553,91
2012,50294,Villarroya del Campo,78,16.94
2012,50295,Vistabella,52,21.82
2012,50296,La Zaida,499,17.27
2012,50297,Zaragoza,679624,973.78
2012,50298,Zuera,7738,332.25
2012,50901,Biel,168,130.73
2012,50902,Marracos,106,16.92
2012,50903,Villamayor de Gállego,2838,89.36
2013,50001,Abanto,133,63.84
2013,50002,Acered,245,30
2013,50003,Agón,155,18.52
2013,50004,Aguarón,743,36.62
2013,50005,Aguilón,252,59.45
2013,50006,Ainzón,1187,40.46
2013,50007,Aladrén,54,21.06
2013,50008,Alagón,7175,24.22
2013,50009,Alarba,152,19
2013,50010,Alberite de San Juan,91,11.23
2013,50011,Albeta,144,2.65
2013,50012,Alborge,119,4.84
2013,50013,Alcalá de Ebro,270,9.87
2013,50014,Alcalá de Moncayo,184,13.76
2013,50015,Alconchel de Ariza,85,34.85
2013,50016,Aldehuela de Liestos,48,38.04
2013,50017,Alfajarín,2235,137.57
2013,50018,Alfamén,1517,102.04
2013,50019,Alforque,78,10.62
2013,50020,Alhama de Aragón,1106,31.14
2013,50021,Almochuel,38,32
2013,50022,La Almolda,608,131.33
2013,50023,Almonacid de la Cuba,244,55.21
2013,50024,Almonacid de la Sierra,744,55.21
2013,50025,La Almunia de Doña Godina,7766,56.65
2013,50026,Alpartir,567,32.54
2013,50027,Ambel,270,61
2013,50028,Anento,108,21.52
2013,50029,Aniñón,789,52.46
2013,50030,Añón de Moncayo,212,64.19
2013,50031,Aranda de Moncayo,185,91
2013,50032,Arándiga,367,50.22
2013,50033,Ardisa,81,27.28
2013,50034,Ariza,1207,103.08
2013,50035,Artieda,90,13.57
2013,50036,Asín,103,18.47
2013,50037,Atea,167,34.67
2013,50038,Ateca,2061,84.71
2013,50039,Azuara,643,165.81
2013,50040,Badules,102,20.09
2013,50041,Bagüés,20,30.72
2013,50042,Balconchán,14,19
2013,50043,Bárboles,316,15.68
2013,50044,Bardallur,311,27.34
2013,50045,Belchite,1633,273.68
2013,50046,Belmonte de Gracián,233,43.68
2013,50047,Berdejo,61,19.39
2013,50048,Berrueco,41,19
2013,50050,Bijuesca,108,57.08
2013,50051,Biota,1036,128
2013,50052,Bisimbre,100,11.22
2013,50053,Boquiñeni,923,18.87
2013,50054,Bordalba,68,41.58
2013,50055,Borja,4915,107.29
2013,50056,Botorrita,516,19.81
2013,50057,Brea de Aragón,1754,13.38
2013,50058,Bubierca,78,29.54
2013,50059,Bujaraloz,1044,120.92
2013,50060,Bulbuente,241,25.44
2013,50061,Bureta,268,11.91
2013,50062,El Burgo de Ebro,2366,24.86
2013,50063,El Buste,76,7.61
2013,50064,Cabañas de Ebro,540,8.53
2013,50065,Cabolafuente,41,39.24
2013,50066,Cadrete,3363,11.86
2013,50067,Calatayud,20926,154.25
2013,50068,Calatorao,2998,48.15
2013,50069,Calcena,81,64.74
2013,50070,Calmarza,80,28.15
2013,50071,Campillo de Aragón,148,36.86
2013,50072,Carenas,165,31.22
2013,50073,Cariñena,3537,82.51
2013,50074,Caspe,9858,503.15
2013,50075,Castejón de Alarba,87,17.56
2013,50076,Castejón de las Armas,106,16.18
2013,50077,Castejón de Valdejasa,248,110.11
2013,50078,Castiliscar,300,40.68
2013,50079,Cervera de la Cañada,318,29.22
2013,50080,Cerveruela,42,23.49
2013,50081,Cetina,672,78.76
2013,50082,Cimballa,115,31.95
2013,50083,Cinco Olivas,109,2.25
2013,50084,Clarés de Ribota,84,18
2013,50085,Codo,202,11.36
2013,50086,Codos,227,62.69
2013,50087,Contamina,37,14.02
2013,50088,Cosuenda,390,31.68
2013,50089,Cuarte de Huerva,11043,8.95
2013,50090,Cubel,188,58.62
2013,50091,Las Cuerlas,52,32.58
2013,50092,Chiprana,487,38.98
2013,50093,Chodes,135,15.97
2013,50094,Daroca,2255,52.05
2013,50095,Ejea de los Caballeros,17139,609.92
2013,50096,Embid de Ariza,51,41.26
2013,50098,Encinacorba,238,36.74
2013,50099,Épila,4734,194.32
2013,50100,Erla,393,18.96
2013,50101,Escatrón,1104,94.64
2013,50102,Fabara,1276,101.63
2013,50104,Farlete,411,104.12
2013,50105,Fayón,372,67.19
2013,50106,Los Fayos,151,3.88
2013,50107,Figueruelas,1319,16.99
2013,50108,Fombuena,52,26.37
2013,50109,El Frago,105,33.76
2013,50110,El Frasno,441,48.64
2013,50111,Fréscano,204,18.41
2013,50113,Fuendejalón,948,75.83
2013,50114,Fuendetodos,169,62
2013,50115,Fuentes de Ebro,4656,141.73
2013,50116,Fuentes de Jiloca,261,27.35
2013,50117,Gallocanta,154,29.71
2013,50118,Gallur,2846,41.71
2013,50119,Gelsa,1135,72.04
2013,50120,Godojos,39,16.77
2013,50121,Gotor,352,15.52
2013,50122,Grisel,70,14.51
2013,50123,Grisén,626,4.75
2013,50124,Herrera de los Navarros,569,105.01
2013,50125,Ibdes,460,56.31
2013,50126,Illueca,3216,24.86
2013,50128,Isuerre,33,20.05
2013,50129,Jaraba,340,42.81
2013,50130,Jarque de Moncayo,529,43
2013,50131,Jaulín,265,46.05
2013,50132,La Joyosa,983,6.52
2013,50133,Lagata,142,23.65
2013,50134,Langa del Castillo,134,50.13
2013,50135,Layana,108,3.69
2013,50136,Lécera,754,109
2013,50137,Leciñena,1263,178.59
2013,50138,Lechón,51,17.46
2013,50139,Letux,372,30.15
2013,50140,Litago,173,15
2013,50141,Lituénigo,124,11.38
2013,50142,Lobera de Onsella,40,32.18
2013,50143,Longares,903,45.96
2013,50144,Longás,35,49.23
2013,50146,Lucena de Jalón,264,10.31
2013,50147,Luceni,1032,27.08
2013,50148,Luesia,325,126.83
2013,50149,Luesma,47,29
2013,50150,Lumpiaque,915,29.55
2013,50151,Luna,794,308.92
2013,50152,Maella,1977,174.88
2013,50153,Magallón,1191,78.61
2013,50154,Mainar,158,34.02
2013,50155,Malanquilla,117,36.63
2013,50156,Maleján,305,0.08
2013,50157,Malón,378,5.66
2013,50159,Maluenda,1116,40.09
2013,50160,Mallén,3611,37.42
2013,50161,Manchones,122,26.83
2013,50162,Mara,186,21.09
2013,50163,María de Huerva,5315,108.09
2013,50164,Mediana de Aragón,469,90.57
2013,50165,Mequinenza,2436,307.45
2013,50166,Mesones de Isuela,300,48.55
2013,50167,Mezalocha,244,60.64
2013,50168,Mianos,33,14.82
2013,50169,Miedes de Aragón,470,55.38
2013,50170,Monegrillo,458,183.16
2013,50171,Moneva,116,61
2013,50172,Monreal de Ariza,231,62.06
2013,50173,Monterde,161,55.94
2013,50174,Montón,115,17.59
2013,50175,Morata de Jalón,1259,45.87
2013,50176,Morata de Jiloca,232,23.09
2013,50177,Morés,393,21.46
2013,50178,Moros,434,53
2013,50179,Moyuela,280,42.76
2013,50180,Mozota,117,8.68
2013,50181,Muel,1377,79.17
2013,50182,La Muela,5015,143.49
2013,50183,Munébrega,462,40.99
2013,50184,Murero,135,18.25
2013,50185,Murillo de Gállego,189,54.71
2013,50186,Navardún,45,24
2013,50187,Nigüella,75,30.42
2013,50188,Nombrevilla,34,17.56
2013,50189,Nonaspe,1038,111.45
2013,50190,Novallas,947,11
2013,50191,Novillas,594,25.28
2013,50192,Nuévalos,348,41.84
2013,50193,Nuez de Ebro,863,8.21
2013,50194,Olvés,109,20.18
2013,50195,Orcajo,45,28.45
2013,50196,Orera,133,19.82
2013,50197,Orés,104,54.52
2013,50198,Oseja,44,12
2013,50199,Osera de Ebro,447,24.56
2013,50200,Paniza,754,47.31
2013,50201,Paracuellos de Jiloca,567,32
2013,50202,Paracuellos de la Ribera,172,14.95
2013,50203,Pastriz,1317,16.52
2013,50204,Pedrola,3680,113.74
2013,50205,Las Pedrosas,111,18.26
2013,50206,Perdiguera,616,109.77
2013,50207,Piedratajada,126,22.66
2013,50208,Pina de Ebro,2615,309.17
2013,50209,Pinseque,3687,16.09
2013,50210,Los Pintanos,48,79.64
2013,50211,Plasencia de Jalón,374,34.77
2013,50212,Pleitas,45,2.14
2013,50213,Plenas,128,37.95
2013,50214,Pomer,33,33.11
2013,50215,Pozuel de Ariza,22,22.63
2013,50216,Pozuelo de Aragón,318,32.11
2013,50217,Pradilla de Ebro,624,25.45
2013,50218,Puebla de Albortón,125,76.31
2013,50219,La Puebla de Alfindén,5784,17.03
2013,50220,Puendeluna,55,9.88
2013,50221,Purujosa,39,35.43
2013,50222,Quinto,2085,118.26
2013,50223,Remolinos,1144,18.51
2013,50224,Retascón,70,25.16
2013,50225,Ricla,3225,90.67
2013,50227,Romanos,114,19.53
2013,50228,Rueda de Jalón,343,107.37
2013,50229,Ruesca,76,11.63
2013,50230,Sádaba,1506,129.55
2013,50231,Salillas de Jalón,337,2.51
2013,50232,Salvatierra de Esca,211,81.24
2013,50233,Samper del Salz,109,11.49
2013,50234,San Martín de la Virgen de Moncayo,292,5.42
2013,50235,San Mateo de Gállego,3190,71.62
2013,50236,Santa Cruz de Grío,136,19.51
2013,50237,Santa Cruz de Moncayo,143,3.97
2013,50238,Santa Eulalia de Gállego,123,29.58
2013,50239,Santed,66,17.81
2013,50240,Sástago,1249,300.98
2013,50241,Sabiñán,770,15.52
2013,50242,Sediles,108,11.71
2013,50243,Sestrica,400,40.88
2013,50244,Sierra de Luna,262,43.39
2013,50245,Sigüés,113,101.77
2013,50246,Sisamón,39,41.55
2013,50247,Sobradiel,1054,12.06
2013,50248,Sos del Rey Católico,635,216.62
2013,50249,Tabuenca,369,85.72
2013,50250,Talamantes,60,46.94
2013,50251,Tarazona,10863,244.01
2013,50252,Tauste,7190,405.23
2013,50253,Terrer,586,33.75
2013,50254,Tierga,195,66.13
2013,50255,Tobed,236,32.39
2013,50256,Torralba de los Frailes,88,59.19
2013,50257,Torralba de Ribota,203,32.51
2013,50258,Torralbilla,57,25.86
2013,50259,Torrehermosa,70,21.13
2013,50260,Torrelapaja,37,15.68
2013,50261,Torrellas,287,2.53
2013,50262,Torres de Berrellén,1501,53.81
2013,50263,Torrijo de la Cañada,277,74.57
2013,50264,Tosos,210,68.65
2013,50265,Trasmoz,74,18.26
2013,50266,Trasobares,140,71.76
2013,50267,Uncastillo,712,230.87
2013,50268,Undués de Lerda,60,42.99
2013,50269,Urrea de Jalón,406,25.64
2013,50270,Urriés,41,37.27
2013,50271,Used,303,85.29
2013,50272,Utebo,18336,17.72
2013,50273,Valdehorna,29,7.95
2013,50274,Val de San Martín,76,25.66
2013,50275,Valmadrid,138,50.57
2013,50276,Valpalmas,151,39.79
2013,50277,Valtorres,92,3.29
2013,50278,Velilla de Ebro,243,59.79
2013,50279,Velilla de Jiloca,116,10
2013,50280,Vera de Moncayo,406,27.66
2013,50281,Vierlas,91,2.67
2013,50282,La Vilueña,109,8.61
2013,50283,Villadoz,93,17.18
2013,50284,Villafeliche,206,22
2013,50285,Villafranca de Ebro,834,63.64
2013,50286,Villalba de Perejil,108,13.33
2013,50287,Villalengua,376,40.16
2013,50288,Villanueva de Gállego,4606,75.99
2013,50289,Villanueva de Jiloca,57,7.34
2013,50290,Villanueva de Huerva,534,75.99
2013,50291,Villar de los Navarros,113,49
2013,50292,Villarreal de Huerva,219,27.13
2013,50293,Villarroya de la Sierra,535,91
2013,50294,Villarroya del Campo,78,16.94
2013,50295,Vistabella,49,21.82
2013,50296,La Zaida,486,17.27
2013,50297,Zaragoza,682004,973.78
2013,50298,Zuera,7817,332.25
2013,50901,Biel,167,130.73
2013,50902,Marracos,101,16.92
2013,50903,Villamayor de Gállego,2837,89.36
2014,50001,Abanto,113,63.84
2014,50002,Acered,220,30
2014,50003,Agón,155,18.52
2014,50004,Aguarón,796,36.62
2014,50005,Aguilón,260,59.45
2014,50006,Ainzón,1162,40.46
2014,50007,Aladrén,54,21.06
2014,50008,Alagón,7052,24.22
2014,50009,Alarba,153,19
2014,50010,Alberite de San Juan,86,11.23
2014,50011,Albeta,153,2.65
2014,50012,Alborge,124,4.84
2014,50013,Alcalá de Ebro,281,9.87
2014,50014,Alcalá de Moncayo,183,13.76
2014,50015,Alconchel de Ariza,82,34.85
2014,50016,Aldehuela de Liestos,50,38.04
2014,50017,Alfajarín,2250,137.57
2014,50018,Alfamén,1475,102.04
2014,50019,Alforque,70,10.62
2014,50020,Alhama de Aragón,1115,31.14
2014,50021,Almochuel,35,32
2014,50022,La Almolda,602,131.33
2014,50023,Almonacid de la Cuba,244,55.21
2014,50024,Almonacid de la Sierra,752,55.21
2014,50025,La Almunia de Doña Godina,7836,56.65
2014,50026,Alpartir,574,32.54
2014,50027,Ambel,258,61
2014,50028,Anento,105,21.52
2014,50029,Aniñón,757,52.46
2014,50030,Añón de Moncayo,210,64.19
2014,50031,Aranda de Moncayo,186,91
2014,50032,Arándiga,369,50.22
2014,50033,Ardisa,70,27.28
2014,50034,Ariza,1185,103.08
2014,50035,Artieda,86,13.57
2014,50036,Asín,105,18.47
2014,50037,Atea,155,34.67
2014,50038,Ateca,2019,84.71
2014,50039,Azuara,630,165.81
2014,50040,Badules,97,20.09
2014,50041,Bagüés,15,30.72
2014,50042,Balconchán,12,19
2014,50043,Bárboles,317,15.68
2014,50044,Bardallur,297,27.34
2014,50045,Belchite,1589,273.68
2014,50046,Belmonte de Gracián,221,43.68
2014,50047,Berdejo,55,19.39
2014,50048,Berrueco,38,19
2014,50050,Bijuesca,105,57.08
2014,50051,Biota,1022,128
2014,50052,Bisimbre,97,11.22
2014,50053,Boquiñeni,896,18.87
2014,50054,Bordalba,64,41.58
2014,50055,Borja,4931,107.29
2014,50056,Botorrita,506,19.81
2014,50057,Brea de Aragón,1734,13.38
2014,50058,Bubierca,76,29.54
2014,50059,Bujaraloz,1021,120.92
2014,50060,Bulbuente,239,25.44
2014,50061,Bureta,258,11.91
2014,50062,El Burgo de Ebro,2381,24.86
2014,50063,El Buste,68,7.61
2014,50064,Cabañas de Ebro,536,8.53
2014,50065,Cabolafuente,39,39.24
2014,50066,Cadrete,3538,11.86
2014,50067,Calatayud,20658,154.25
2014,50068,Calatorao,2895,48.15
2014,50069,Calcena,78,64.74
2014,50070,Calmarza,76,28.15
2014,50071,Campillo de Aragón,153,36.86
2014,50072,Carenas,175,31.22
2014,50073,Cariñena,3457,82.51
2014,50074,Caspe,9927,503.15
2014,50075,Castejón de Alarba,84,17.56
2014,50076,Castejón de las Armas,105,16.18
2014,50077,Castejón de Valdejasa,237,110.11
2014,50078,Castiliscar,292,40.68
2014,50079,Cervera de la Cañada,316,29.22
2014,50080,Cerveruela,37,23.49
2014,50081,Cetina,666,78.76
2014,50082,Cimballa,114,31.95
2014,50083,Cinco Olivas,108,2.25
2014,50084,Clarés de Ribota,77,18
2014,50085,Codo,204,11.36
2014,50086,Codos,199,62.69
2014,50087,Contamina,39,14.02
2014,50088,Cosuenda,377,31.68
2014,50089,Cuarte de Huerva,11589,8.95
2014,50090,Cubel,184,58.62
2014,50091,Las Cuerlas,51,32.58
2014,50092,Chiprana,514,38.98
2014,50093,Chodes,135,15.97
2014,50094,Daroca,2193,52.05
2014,50095,Ejea de los Caballeros,16870,609.92
2014,50096,Embid de Ariza,49,41.26
2014,50098,Encinacorba,235,36.74
2014,50099,Épila,4593,194.32
2014,50100,Erla,375,18.96
2014,50101,Escatrón,1113,94.64
2014,50102,Fabara,1231,101.63
2014,50104,Farlete,407,104.12
2014,50105,Fayón,348,67.19
2014,50106,Los Fayos,153,3.88
2014,50107,Figueruelas,1263,16.99
2014,50108,Fombuena,54,26.37
2014,50109,El Frago,104,33.76
2014,50110,El Frasno,439,48.64
2014,50111,Fréscano,207,18.41
2014,50113,Fuendejalón,859,75.83
2014,50114,Fuendetodos,153,62
2014,50115,Fuentes de Ebro,4643,141.73
2014,50116,Fuentes de Jiloca,243,27.35
2014,50117,Gallocanta,158,29.71
2014,50118,Gallur,2779,41.71
2014,50119,Gelsa,1122,72.04
2014,50120,Godojos,36,16.77
2014,50121,Gotor,347,15.52
2014,50122,Grisel,67,14.51
2014,50123,Grisén,636,4.75
2014,50124,Herrera de los Navarros,565,105.01
2014,50125,Ibdes,483,56.31
2014,50126,Illueca,3159,24.86
2014,50128,Isuerre,33,20.05
2014,50129,Jaraba,329,42.81
2014,50130,Jarque de Moncayo,501,43
2014,50131,Jaulín,268,46.05
2014,50132,La Joyosa,1007,6.52
2014,50133,Lagata,133,23.65
2014,50134,Langa del Castillo,136,50.13
2014,50135,Layana,119,3.69
2014,50136,Lécera,730,109
2014,50137,Leciñena,1234,178.59
2014,50138,Lechón,53,17.46
2014,50139,Letux,379,30.15
2014,50140,Litago,174,15
2014,50141,Lituénigo,126,11.38
2014,50142,Lobera de Onsella,42,32.18
2014,50143,Longares,898,45.96
2014,50144,Longás,35,49.23
2014,50146,Lucena de Jalón,252,10.31
2014,50147,Luceni,1014,27.08
2014,50148,Luesia,307,126.83
2014,50149,Luesma,47,29
2014,50150,Lumpiaque,916,29.55
2014,50151,Luna,776,308.92
2014,50152,Maella,1958,174.88
2014,50153,Magallón,1183,78.61
2014,50154,Mainar,162,34.02
2014,50155,Malanquilla,112,36.63
2014,50156,Maleján,300,0.08
2014,50157,Malón,364,5.66
2014,50159,Maluenda,1080,40.09
2014,50160,Mallén,3399,37.42
2014,50161,Manchones,116,26.83
2014,50162,Mara,178,21.09
2014,50163,María de Huerva,5359,108.09
2014,50164,Mediana de Aragón,473,90.57
2014,50165,Mequinenza,2393,307.45
2014,50166,Mesones de Isuela,295,48.55
2014,50167,Mezalocha,241,60.64
2014,50168,Mianos,30,14.82
2014,50169,Miedes de Aragón,464,55.38
2014,50170,Monegrillo,440,183.16
2014,50171,Moneva,111,61
2014,50172,Monreal de Ariza,233,62.06
2014,50173,Monterde,168,55.94
2014,50174,Montón,114,17.59
2014,50175,Morata de Jalón,1209,45.87
2014,50176,Morata de Jiloca,236,23.09
2014,50177,Morés,379,21.46
2014,50178,Moros,406,53
2014,50179,Moyuela,265,42.76
2014,50180,Mozota,121,8.68
2014,50181,Muel,1375,79.17
2014,50182,La Muela,4948,143.49
2014,50183,Munébrega,420,40.99
2014,50184,Murero,133,18.25
2014,50185,Murillo de Gállego,183,54.71
2014,50186,Navardún,43,24
2014,50187,Nigüella,80,30.42
2014,50188,Nombrevilla,37,17.56
2014,50189,Nonaspe,1016,111.45
2014,50190,Novallas,931,11
2014,50191,Novillas,586,25.28
2014,50192,Nuévalos,332,41.84
2014,50193,Nuez de Ebro,843,8.21
2014,50194,Olvés,106,20.18
2014,50195,Orcajo,57,28.45
2014,50196,Orera,131,19.82
2014,50197,Orés,110,54.52
2014,50198,Oseja,48,12
2014,50199,Osera de Ebro,424,24.56
2014,50200,Paniza,729,47.31
2014,50201,Paracuellos de Jiloca,568,32
2014,50202,Paracuellos de la Ribera,175,14.95
2014,50203,Pastriz,1310,16.52
2014,50204,Pedrola,3622,113.74
2014,50205,Las Pedrosas,110,18.26
2014,50206,Perdiguera,613,109.77
2014,50207,Piedratajada,113,22.66
2014,50208,Pina de Ebro,2567,309.17
2014,50209,Pinseque,3625,16.09
2014,50210,Los Pintanos,44,79.64
2014,50211,Plasencia de Jalón,370,34.77
2014,50212,Pleitas,43,2.14
2014,50213,Plenas,120,37.95
2014,50214,Pomer,34,33.11
2014,50215,Pozuel de Ariza,23,22.63
2014,50216,Pozuelo de Aragón,299,32.11
2014,50217,Pradilla de Ebro,584,25.45
2014,50218,Puebla de Albortón,127,76.31
2014,50219,La Puebla de Alfindén,5864,17.03
2014,50220,Puendeluna,51,9.88
2014,50221,Purujosa,39,35.43
2014,50222,Quinto,2055,118.26
2014,50223,Remolinos,1149,18.51
2014,50224,Retascón,75,25.16
2014,50225,Ricla,3203,90.67
2014,50227,Romanos,107,19.53
2014,50228,Rueda de Jalón,344,107.37
2014,50229,Ruesca,73,11.63
2014,50230,Sádaba,1460,129.55
2014,50231,Salillas de Jalón,324,2.51
2014,50232,Salvatierra de Esca,211,81.24
2014,50233,Samper del Salz,106,11.49
2014,50234,San Martín de la Virgen de Moncayo,281,5.42
2014,50235,San Mateo de Gállego,3093,71.62
2014,50236,Santa Cruz de Grío,133,19.51
2014,50237,Santa Cruz de Moncayo,137,3.97
2014,50238,Santa Eulalia de Gállego,127,29.58
2014,50239,Santed,66,17.81
2014,50240,Sástago,1221,300.98
2014,50241,Sabiñán,755,15.52
2014,50242,Sediles,110,11.71
2014,50243,Sestrica,413,40.88
2014,50244,Sierra de Luna,273,43.39
2014,50245,Sigüés,105,101.77
2014,50246,Sisamón,38,41.55
2014,50247,Sobradiel,1083,12.06
2014,50248,Sos del Rey Católico,629,216.62
2014,50249,Tabuenca,369,85.72
2014,50250,Talamantes,59,46.94
2014,50251,Tarazona,10864,244.01
2014,50252,Tauste,7027,405.23
2014,50253,Terrer,532,33.75
2014,50254,Tierga,197,66.13
2014,50255,Tobed,230,32.39
2014,50256,Torralba de los Frailes,88,59.19
2014,50257,Torralba de Ribota,189,32.51
2014,50258,Torralbilla,57,25.86
2014,50259,Torrehermosa,71,21.13
2014,50260,Torrelapaja,35,15.68
2014,50261,Torrellas,275,2.53
2014,50262,Torres de Berrellén,1492,53.81
2014,50263,Torrijo de la Cañada,251,74.57
2014,50264,Tosos,208,68.65
2014,50265,Trasmoz,75,18.26
2014,50266,Trasobares,137,71.76
2014,50267,Uncastillo,688,230.87
2014,50268,Undués de Lerda,56,42.99
2014,50269,Urrea de Jalón,398,25.64
2014,50270,Urriés,38,37.27
2014,50271,Used,294,85.29
2014,50272,Utebo,18429,17.72
2014,50273,Valdehorna,27,7.95
2014,50274,Val de San Martín,71,25.66
2014,50275,Valmadrid,141,50.57
2014,50276,Valpalmas,144,39.79
2014,50277,Valtorres,87,3.29
2014,50278,Velilla de Ebro,241,59.79
2014,50279,Velilla de Jiloca,128,10
2014,50280,Vera de Moncayo,392,27.66
2014,50281,Vierlas,105,2.67
2014,50282,La Vilueña,106,8.61
2014,50283,Villadoz,94,17.18
2014,50284,Villafeliche,200,22
2014,50285,Villafranca de Ebro,820,63.64
2014,50286,Villalba de Perejil,102,13.33
2014,50287,Villalengua,360,40.16
2014,50288,Villanueva de Gállego,4616,75.99
2014,50289,Villanueva de Jiloca,52,7.34
2014,50290,Villanueva de Huerva,511,75.99
2014,50291,Villar de los Navarros,111,49
2014,50292,Villarreal de Huerva,241,27.13
2014,50293,Villarroya de la Sierra,521,91
2014,50294,Villarroya del Campo,83,16.94
2014,50295,Vistabella,47,21.82
2014,50296,La Zaida,481,17.27
2014,50297,Zaragoza,666058,973.78
2014,50298,Zuera,7742,332.25
2014,50901,Biel,157,130.73
2014,50902,Marracos,97,16.92
2014,50903,Villamayor de Gállego,2820,89.36
2015,50001,Abanto,113,63.84
2015,50002,Acered,217,30
2015,50003,Agón,155,18.52
2015,50004,Aguarón,724,36.62
2015,50005,Aguilón,254,59.45
2015,50006,Ainzón,1143,40.46
2015,50007,Aladrén,52,21.06
2015,50008,Alagón,7014,24.22
2015,50009,Alarba,152,19
2015,50010,Alberite de San Juan,84,11.23
2015,50011,Albeta,145,2.65
2015,50012,Alborge,121,4.84
2015,50013,Alcalá de Ebro,279,9.87
2015,50014,Alcalá de Moncayo,186,13.76
2015,50015,Alconchel de Ariza,80,34.85
2015,50016,Aldehuela de Liestos,57,38.04
2015,50017,Alfajarín,2266,137.57
2015,50018,Alfamén,1466,102.04
2015,50019,Alforque,64,10.62
2015,50020,Alhama de Aragón,1077,31.14
2015,50021,Almochuel,34,32
2015,50022,La Almolda,593,131.33
2015,50023,Almonacid de la Cuba,255,55.21
2015,50024,Almonacid de la Sierra,731,55.21
2015,50025,La Almunia de Doña Godina,7680,56.65
2015,50026,Alpartir,564,32.54
2015,50027,Ambel,256,61
2015,50028,Anento,105,21.52
2015,50029,Aniñón,761,52.46
2015,50030,Añón de Moncayo,206,64.19
2015,50031,Aranda de Moncayo,187,91
2015,50032,Arándiga,340,50.22
2015,50033,Ardisa,74,27.28
2015,50034,Ariza,1196,103.08
2015,50035,Artieda,81,13.57
2015,50036,Asín,104,18.47
2015,50037,Atea,112,34.67
2015,50038,Ateca,1968,84.71
2015,50039,Azuara,606,165.81
2015,50040,Badules,95,20.09
2015,50041,Bagüés,13,30.72
2015,50042,Balconchán,13,19
2015,50043,Bárboles,340,15.68
2015,50044,Bardallur,282,27.34
2015,50045,Belchite,1562,273.68
2015,50046,Belmonte de Gracián,211,43.68
2015,50047,Berdejo,53,19.39
2015,50048,Berrueco,37,19
2015,50050,Bijuesca,100,57.08
2015,50051,Biota,1002,128
2015,50052,Bisimbre,97,11.22
2015,50053,Boquiñeni,871,18.87
2015,50054,Bordalba,62,41.58
2015,50055,Borja,4930,107.29
2015,50056,Botorrita,484,19.81
2015,50057,Brea de Aragón,1719,13.38
2015,50058,Bubierca,76,29.54
2015,50059,Bujaraloz,1008,120.92
2015,50060,Bulbuente,236,25.44
2015,50061,Bureta,253,11.91
2015,50062,El Burgo de Ebro,2348,24.86
2015,50063,El Buste,66,7.61
2015,50064,Cabañas de Ebro,527,8.53
2015,50065,Cabolafuente,38,39.24
2015,50066,Cadrete,3602,11.86
2015,50067,Calatayud,19724,154.25
2015,50068,Calatorao,2864,48.15
2015,50069,Calcena,79,64.74
2015,50070,Calmarza,77,28.15
2015,50071,Campillo de Aragón,141,36.86
2015,50072,Carenas,172,31.22
2015,50073,Cariñena,3389,82.51
2015,50074,Caspe,9867,503.15
2015,50075,Castejón de Alarba,95,17.56
2015,50076,Castejón de las Armas,101,16.18
2015,50077,Castejón de Valdejasa,228,110.11
2015,50078,Castiliscar,280,40.68
2015,50079,Cervera de la Cañada,311,29.22
2015,50080,Cerveruela,33,23.49
2015,50081,Cetina,645,78.76
2015,50082,Cimballa,113,31.95
2015,50083,Cinco Olivas,113,2.25
2015,50084,Clarés de Ribota,80,18
2015,50085,Codo,194,11.36
2015,50086,Codos,185,62.69
2015,50087,Contamina,36,14.02
2015,50088,Cosuenda,396,31.68
2015,50089,Cuarte de Huerva,12141,8.95
2015,50090,Cubel,189,58.62
2015,50091,Las Cuerlas,50,32.58
2015,50092,Chiprana,498,38.98
2015,50093,Chodes,132,15.97
2015,50094,Daroca,2113,52.05
2015,50095,Ejea de los Caballeros,16754,609.92
2015,50096,Embid de Ariza,47,41.26
2015,50098,Encinacorba,222,36.74
2015,50099,Épila,4545,194.32
2015,50100,Erla,371,18.96
2015,50101,Escatrón,1084,94.64
2015,50102,Fabara,1227,101.63
2015,50104,Farlete,414,104.12
2015,50105,Fayón,355,67.19
2015,50106,Los Fayos,151,3.88
2015,50107,Figueruelas,1229,16.99
2015,50108,Fombuena,51,26.37
2015,50109,El Frago,104,33.76
2015,50110,El Frasno,415,48.64
2015,50111,Fréscano,205,18.41
2015,50113,Fuendejalón,833,75.83
2015,50114,Fuendetodos,144,62
2015,50115,Fuentes de Ebro,4594,141.73
2015,50116,Fuentes de Jiloca,219,27.35
2015,50117,Gallocanta,160,29.71
2015,50118,Gallur,2695,41.71
2015,50119,Gelsa,1087,72.04
2015,50120,Godojos,35,16.77
2015,50121,Gotor,334,15.52
2015,50122,Grisel,74,14.51
2015,50123,Grisén,656,4.75
2015,50124,Herrera de los Navarros,550,105.01
2015,50125,Ibdes,455,56.31
2015,50126,Illueca,3139,24.86
2015,50128,Isuerre,35,20.05
2015,50129,Jaraba,324,42.81
2015,50130,Jarque de Moncayo,473,43
2015,50131,Jaulín,260,46.05
2015,50132,La Joyosa,1042,6.52
2015,50133,Lagata,124,23.65
2015,50134,Langa del Castillo,137,50.13
2015,50135,Layana,114,3.69
2015,50136,Lécera,729,109
2015,50137,Leciñena,1220,178.59
2015,50138,Lechón,56,17.46
2015,50139,Letux,359,30.15
2015,50140,Litago,174,15
2015,50141,Lituénigo,123,11.38
2015,50142,Lobera de Onsella,42,32.18
2015,50143,Longares,847,45.96
2015,50144,Longás,36,49.23
2015,50146,Lucena de Jalón,242,10.31
2015,50147,Luceni,1006,27.08
2015,50148,Luesia,334,126.83
2015,50149,Luesma,43,29
2015,50150,Lumpiaque,886,29.55
2015,50151,Luna,756,308.92
2015,50152,Maella,1953,174.88
2015,50153,Magallón,1174,78.61
2015,50154,Mainar,152,34.02
2015,50155,Malanquilla,113,36.63
2015,50156,Maleján,267,0.08
2015,50157,Malón,359,5.66
2015,50159,Maluenda,1034,40.09
2015,50160,Mallén,3292,37.42
2015,50161,Manchones,130,26.83
2015,50162,Mara,182,21.09
2015,50163,María de Huerva,5425,108.09
2015,50164,Mediana de Aragón,457,90.57
2015,50165,Mequinenza,2311,307.45
2015,50166,Mesones de Isuela,291,48.55
2015,50167,Mezalocha,235,60.64
2015,50168,Mianos,31,14.82
2015,50169,Miedes de Aragón,479,55.38
2015,50170,Monegrillo,431,183.16
2015,50171,Moneva,112,61
2015,50172,Monreal de Ariza,222,62.06
2015,50173,Monterde,278,55.94
2015,50174,Montón,105,17.59
2015,50175,Morata de Jalón,1204,45.87
2015,50176,Morata de Jiloca,256,23.09
2015,50177,Morés,362,21.46
2015,50178,Moros,397,53
2015,50179,Moyuela,280,42.76
2015,50180,Mozota,121,8.68
2015,50181,Muel,1335,79.17
2015,50182,La Muela,4980,143.49
2015,50183,Munébrega,405,40.99
2015,50184,Murero,131,18.25
2015,50185,Murillo de Gállego,166,54.71
2015,50186,Navardún,41,24
2015,50187,Nigüella,78,30.42
2015,50188,Nombrevilla,34,17.56
2015,50189,Nonaspe,1008,111.45
2015,50190,Novallas,913,11
2015,50191,Novillas,578,25.28
2015,50192,Nuévalos,327,41.84
2015,50193,Nuez de Ebro,826,8.21
2015,50194,Olvés,117,20.18
2015,50195,Orcajo,56,28.45
2015,50196,Orera,127,19.82
2015,50197,Orés,112,54.52
2015,50198,Oseja,61,12
2015,50199,Osera de Ebro,407,24.56
2015,50200,Paniza,691,47.31
2015,50201,Paracuellos de Jiloca,590,32
2015,50202,Paracuellos de la Ribera,168,14.95
2015,50203,Pastriz,1280,16.52
2015,50204,Pedrola,3560,113.74
2015,50205,Las Pedrosas,107,18.26
2015,50206,Perdiguera,597,109.77
2015,50207,Piedratajada,114,22.66
2015,50208,Pina de Ebro,2535,309.17
2015,50209,Pinseque,3606,16.09
2015,50210,Los Pintanos,44,79.64
2015,50211,Plasencia de Jalón,342,34.77
2015,50212,Pleitas,45,2.14
2015,50213,Plenas,111,37.95
2015,50214,Pomer,32,33.11
2015,50215,Pozuel de Ariza,24,22.63
2015,50216,Pozuelo de Aragón,288,32.11
2015,50217,Pradilla de Ebro,560,25.45
2015,50218,Puebla de Albortón,124,76.31
2015,50219,La Puebla de Alfindén,5948,17.03
2015,50220,Puendeluna,51,9.88
2015,50221,Purujosa,37,35.43
2015,50222,Quinto,2020,118.26
2015,50223,Remolinos,1143,18.51
2015,50224,Retascón,79,25.16
2015,50225,Ricla,3122,90.67
2015,50227,Romanos,111,19.53
2015,50228,Rueda de Jalón,332,107.37
2015,50229,Ruesca,73,11.63
2015,50230,Sádaba,1404,129.55
2015,50231,Salillas de Jalón,324,2.51
2015,50232,Salvatierra de Esca,215,81.24
2015,50233,Samper del Salz,123,11.49
2015,50234,San Martín de la Virgen de Moncayo,279,5.42
2015,50235,San Mateo de Gállego,3051,71.62
2015,50236,Santa Cruz de Grío,135,19.51
2015,50237,Santa Cruz de Moncayo,136,3.97
2015,50238,Santa Eulalia de Gállego,110,29.58
2015,50239,Santed,66,17.81
2015,50240,Sástago,1217,300.98
2015,50241,Sabiñán,743,15.52
2015,50242,Sediles,105,11.71
2015,50243,Sestrica,402,40.88
2015,50244,Sierra de Luna,267,43.39
2015,50245,Sigüés,103,101.77
2015,50246,Sisamón,36,41.55
2015,50247,Sobradiel,1077,12.06
2015,50248,Sos del Rey Católico,614,216.62
2015,50249,Tabuenca,352,85.72
2015,50250,Talamantes,58,46.94
2015,50251,Tarazona,10759,244.01
2015,50252,Tauste,6941,405.23
2015,50253,Terrer,520,33.75
2015,50254,Tierga,200,66.13
2015,50255,Tobed,243,32.39
2015,50256,Torralba de los Frailes,86,59.19
2015,50257,Torralba de Ribota,186,32.51
2015,50258,Torralbilla,63,25.86
2015,50259,Torrehermosa,69,21.13
2015,50260,Torrelapaja,35,15.68
2015,50261,Torrellas,269,2.53
2015,50262,Torres de Berrellén,1491,53.81
2015,50263,Torrijo de la Cañada,245,74.57
2015,50264,Tosos,205,68.65
2015,50265,Trasmoz,79,18.26
2015,50266,Trasobares,128,71.76
2015,50267,Uncastillo,684,230.87
2015,50268,Undués de Lerda,61,42.99
2015,50269,Urrea de Jalón,398,25.64
2015,50270,Urriés,37,37.27
2015,50271,Used,288,85.29
2015,50272,Utebo,18430,17.72
2015,50273,Valdehorna,30,7.95
2015,50274,Val de San Martín,70,25.66
2015,50275,Valmadrid,128,50.57
2015,50276,Valpalmas,142,39.79
2015,50277,Valtorres,66,3.29
2015,50278,Velilla de Ebro,250,59.79
2015,50279,Velilla de Jiloca,120,10
2015,50280,Vera de Moncayo,388,27.66
2015,50281,Vierlas,96,2.67
2015,50282,La Vilueña,111,8.61
2015,50283,Villadoz,90,17.18
2015,50284,Villafeliche,195,22
2015,50285,Villafranca de Ebro,836,63.64
2015,50286,Villalba de Perejil,98,13.33
2015,50287,Villalengua,348,40.16
2015,50288,Villanueva de Gállego,4614,75.99
2015,50289,Villanueva de Jiloca,57,7.34
2015,50290,Villanueva de Huerva,491,75.99
2015,50291,Villar de los Navarros,113,49
2015,50292,Villarreal de Huerva,247,27.13
2015,50293,Villarroya de la Sierra,503,91
2015,50294,Villarroya del Campo,80,16.94
2015,50295,Vistabella,45,21.82
2015,50296,La Zaida,473,17.27
2015,50297,Zaragoza,664953,973.78
2015,50298,Zuera,7820,332.25
2015,50901,Biel,148,130.73
2015,50902,Marracos,94,16.92
2015,50903,Villamayor de Gállego,2793,89.36
2016,50001,Abanto,106,63.84
2016,50002,Acered,223,30
2016,50003,Agón,155,18.52
2016,50004,Aguarón,686,36.62
2016,50005,Aguilón,247,59.45
2016,50006,Ainzón,1136,40.46
2016,50007,Aladrén,48,21.06
2016,50008,Alagón,7045,24.22
2016,50009,Alarba,137,19
2016,50010,Alberite de San Juan,80,11.23
2016,50011,Albeta,139,2.65
2016,50012,Alborge,111,4.84
2016,50013,Alcalá de Ebro,263,9.87
2016,50014,Alcalá de Moncayo,175,13.76
2016,50015,Alconchel de Ariza,76,34.85
2016,50016,Aldehuela de Liestos,53,38.04
2016,50017,Alfajarín,2298,137.57
2016,50018,Alfamén,1466,102.04
2016,50019,Alforque,58,10.62
2016,50020,Alhama de Aragón,1034,31.14
2016,50021,Almochuel,31,32
2016,50022,La Almolda,581,131.33
2016,50023,Almonacid de la Cuba,261,55.21
2016,50024,Almonacid de la Sierra,703,55.21
2016,50025,La Almunia de Doña Godina,7692,56.65
2016,50026,Alpartir,547,32.54
2016,50027,Ambel,256,61
2016,50028,Anento,101,21.52
2016,50029,Aniñón,740,52.46
2016,50030,Añón de Moncayo,197,64.19
2016,50031,Aranda de Moncayo,186,91
2016,50032,Arándiga,317,50.22
2016,50033,Ardisa,72,27.28
2016,50034,Ariza,1139,103.08
2016,50035,Artieda,79,13.57
2016,50036,Asín,106,18.47
2016,50037,Atea,131,34.67
2016,50038,Ateca,1856,84.71
2016,50039,Azuara,576,165.81
2016,50040,Badules,88,20.09
2016,50041,Bagüés,12,30.72
2016,50042,Balconchán,14,19
2016,50043,Bárboles,326,15.68
2016,50044,Bardallur,272,27.34
2016,50045,Belchite,1559,273.68
2016,50046,Belmonte de Gracián,211,43.68
2016,50047,Berdejo,52,19.39
2016,50048,Berrueco,35,19
2016,50050,Bijuesca,99,57.08
2016,50051,Biota,971,128
2016,50052,Bisimbre,102,11.22
2016,50053,Boquiñeni,852,18.87
2016,50054,Bordalba,59,41.58
2016,50055,Borja,4955,107.29
2016,50056,Botorrita,489,19.81
2016,50057,Brea de Aragón,1694,13.38
2016,50058,Bubierca,69,29.54
2016,50059,Bujaraloz,996,120.92
2016,50060,Bulbuente,227,25.44
2016,50061,Bureta,237,11.91
2016,50062,El Burgo de Ebro,2383,24.86
2016,50063,El Buste,64,7.61
2016,50064,Cabañas de Ebro,508,8.53
2016,50065,Cabolafuente,35,39.24
2016,50066,Cadrete,3655,11.86
2016,50067,Calatayud,20191,154.25
2016,50068,Calatorao,2829,48.15
2016,50069,Calcena,72,64.74
2016,50070,Calmarza,71,28.15
2016,50071,Campillo de Aragón,142,36.86
2016,50072,Carenas,172,31.22
2016,50073,Cariñena,3384,82.51
2016,50074,Caspe,9538,503.15
2016,50075,Castejón de Alarba,85,17.56
2016,50076,Castejón de las Armas,91,16.18
2016,50077,Castejón de Valdejasa,226,110.11
2016,50078,Castiliscar,264,40.68
2016,50079,Cervera de la Cañada,305,29.22
2016,50080,Cerveruela,34,23.49
2016,50081,Cetina,615,78.76
2016,50082,Cimballa,109,31.95
2016,50083,Cinco Olivas,110,2.25
2016,50084,Clarés de Ribota,80,18
2016,50085,Codo,182,11.36
2016,50086,Codos,226,62.69
2016,50087,Contamina,35,14.02
2016,50088,Cosuenda,384,31.68
2016,50089,Cuarte de Huerva,12581,8.95
2016,50090,Cubel,175,58.62
2016,50091,Las Cuerlas,44,32.58
2016,50092,Chiprana,483,38.98
2016,50093,Chodes,125,15.97
2016,50094,Daroca,2087,52.05
2016,50095,Ejea de los Caballeros,16541,609.92
2016,50096,Embid de Ariza,41,41.26
2016,50098,Encinacorba,205,36.74
2016,50099,Épila,4452,194.32
2016,50100,Erla,364,18.96
2016,50101,Escatrón,1069,94.64
2016,50102,Fabara,1184,101.63
2016,50104,Farlete,404,104.12
2016,50105,Fayón,354,67.19
2016,50106,Los Fayos,147,3.88
2016,50107,Figueruelas,1218,16.99
2016,50108,Fombuena,54,26.37
2016,50109,El Frago,101,33.76
2016,50110,El Frasno,399,48.64
2016,50111,Fréscano,201,18.41
2016,50113,Fuendejalón,786,75.83
2016,50114,Fuendetodos,126,62
2016,50115,Fuentes de Ebro,4566,141.73
2016,50116,Fuentes de Jiloca,269,27.35
2016,50117,Gallocanta,152,29.71
2016,50118,Gallur,2630,41.71
2016,50119,Gelsa,1098,72.04
2016,50120,Godojos,53,16.77
2016,50121,Gotor,326,15.52
2016,50122,Grisel,71,14.51
2016,50123,Grisén,622,4.75
2016,50124,Herrera de los Navarros,536,105.01
2016,50125,Ibdes,429,56.31
2016,50126,Illueca,3109,24.86
2016,50128,Isuerre,32,20.05
2016,50129,Jaraba,315,42.81
2016,50130,Jarque de Moncayo,457,43
2016,50131,Jaulín,254,46.05
2016,50132,La Joyosa,1032,6.52
2016,50133,Lagata,126,23.65
2016,50134,Langa del Castillo,134,50.13
2016,50135,Layana,101,3.69
2016,50136,Lécera,726,109
2016,50137,Leciñena,1215,178.59
2016,50138,Lechón,51,17.46
2016,50139,Letux,350,30.15
2016,50140,Litago,171,15
2016,50141,Lituénigo,118,11.38
2016,50142,Lobera de Onsella,32,32.18
2016,50143,Longares,789,45.96
2016,50144,Longás,35,49.23
2016,50146,Lucena de Jalón,229,10.31
2016,50147,Luceni,989,27.08
2016,50148,Luesia,322,126.83
2016,50149,Luesma,35,29
2016,50150,Lumpiaque,867,29.55
2016,50151,Luna,733,308.92
2016,50152,Maella,1970,174.88
2016,50153,Magallón,1157,78.61
2016,50154,Mainar,147,34.02
2016,50155,Malanquilla,107,36.63
2016,50156,Maleján,254,0.08
2016,50157,Malón,351,5.66
2016,50159,Maluenda,989,40.09
2016,50160,Mallén,3187,37.42
2016,50161,Manchones,120,26.83
2016,50162,Mara,191,21.09
2016,50163,María de Huerva,5550,108.09
2016,50164,Mediana de Aragón,443,90.57
2016,50165,Mequinenza,2316,307.45
2016,50166,Mesones de Isuela,286,48.55
2016,50167,Mezalocha,254,60.64
2016,50168,Mianos,28,14.82
2016,50169,Miedes de Aragón,467,55.38
2016,50170,Monegrillo,418,183.16
2016,50171,Moneva,111,61
2016,50172,Monreal de Ariza,214,62.06
2016,50173,Monterde,198,55.94
2016,50174,Montón,103,17.59
2016,50175,Morata de Jalón,1177,45.87
2016,50176,Morata de Jiloca,272,23.09
2016,50177,Morés,349,21.46
2016,50178,Moros,383,53
2016,50179,Moyuela,265,42.76
2016,50180,Mozota,124,8.68
2016,50181,Muel,1312,79.17
2016,50182,La Muela,5090,143.49
2016,50183,Munébrega,410,40.99
2016,50184,Murero,129,18.25
2016,50185,Murillo de Gállego,168,54.71
2016,50186,Navardún,42,24
2016,50187,Nigüella,76,30.42
2016,50188,Nombrevilla,32,17.56
2016,50189,Nonaspe,992,111.45
2016,50190,Novallas,871,11
2016,50191,Novillas,560,25.28
2016,50192,Nuévalos,335,41.84
2016,50193,Nuez de Ebro,840,8.21
2016,50194,Olvés,120,20.18
2016,50195,Orcajo,58,28.45
2016,50196,Orera,122,19.82
2016,50197,Orés,108,54.52
2016,50198,Oseja,60,12
2016,50199,Osera de Ebro,403,24.56
2016,50200,Paniza,673,47.31
2016,50201,Paracuellos de Jiloca,591,32
2016,50202,Paracuellos de la Ribera,162,14.95
2016,50203,Pastriz,1302,16.52
2016,50204,Pedrola,3450,113.74
2016,50205,Las Pedrosas,107,18.26
2016,50206,Perdiguera,603,109.77
2016,50207,Piedratajada,112,22.66
2016,50208,Pina de Ebro,2443,309.17
2016,50209,Pinseque,3726,16.09
2016,50210,Los Pintanos,43,79.64
2016,50211,Plasencia de Jalón,320,34.77
2016,50212,Pleitas,44,2.14
2016,50213,Plenas,105,37.95
2016,50214,Pomer,33,33.11
2016,50215,Pozuel de Ariza,24,22.63
2016,50216,Pozuelo de Aragón,282,32.11
2016,50217,Pradilla de Ebro,548,25.45
2016,50218,Puebla de Albortón,118,76.31
2016,50219,La Puebla de Alfindén,6028,17.03
2016,50220,Puendeluna,44,9.88
2016,50221,Purujosa,38,35.43
2016,50222,Quinto,1996,118.26
2016,50223,Remolinos,1113,18.51
2016,50224,Retascón,76,25.16
2016,50225,Ricla,3027,90.67
2016,50227,Romanos,127,19.53
2016,50228,Rueda de Jalón,328,107.37
2016,50229,Ruesca,73,11.63
2016,50230,Sádaba,1366,129.55
2016,50231,Salillas de Jalón,304,2.51
2016,50232,Salvatierra de Esca,208,81.24
2016,50233,Samper del Salz,117,11.49
2016,50234,San Martín de la Virgen de Moncayo,286,5.42
2016,50235,San Mateo de Gállego,3060,71.62
2016,50236,Santa Cruz de Grío,123,19.51
2016,50237,Santa Cruz de Moncayo,130,3.97
2016,50238,Santa Eulalia de Gállego,102,29.58
2016,50239,Santed,62,17.81
2016,50240,Sástago,1183,300.98
2016,50241,Sabiñán,722,15.52
2016,50242,Sediles,102,11.71
2016,50243,Sestrica,391,40.88
2016,50244,Sierra de Luna,262,43.39
2016,50245,Sigüés,93,101.77
2016,50246,Sisamón,35,41.55
2016,50247,Sobradiel,1079,12.06
2016,50248,Sos del Rey Católico,605,216.62
2016,50249,Tabuenca,343,85.72
2016,50250,Talamantes,55,46.94
2016,50251,Tarazona,10713,244.01
2016,50252,Tauste,6933,405.23
2016,50253,Terrer,497,33.75
2016,50254,Tierga,197,66.13
2016,50255,Tobed,225,32.39
2016,50256,Torralba de los Frailes,87,59.19
2016,50257,Torralba de Ribota,188,32.51
2016,50258,Torralbilla,58,25.86
2016,50259,Torrehermosa,67,21.13
2016,50260,Torrelapaja,33,15.68
2016,50261,Torrellas,248,2.53
2016,50262,Torres de Berrellén,1477,53.81
2016,50263,Torrijo de la Cañada,231,74.57
2016,50264,Tosos,195,68.65
2016,50265,Trasmoz,96,18.26
2016,50266,Trasobares,126,71.76
2016,50267,Uncastillo,668,230.87
2016,50268,Undués de Lerda,58,42.99
2016,50269,Urrea de Jalón,404,25.64
2016,50270,Urriés,40,37.27
2016,50271,Used,267,85.29
2016,50272,Utebo,18466,17.72
2016,50273,Valdehorna,28,7.95
2016,50274,Val de San Martín,70,25.66
2016,50275,Valmadrid,122,50.57
2016,50276,Valpalmas,147,39.79
2016,50277,Valtorres,73,3.29
2016,50278,Velilla de Ebro,231,59.79
2016,50279,Velilla de Jiloca,114,10
2016,50280,Vera de Moncayo,383,27.66
2016,50281,Vierlas,85,2.67
2016,50282,La Vilueña,100,8.61
2016,50283,Villadoz,82,17.18
2016,50284,Villafeliche,184,22
2016,50285,Villafranca de Ebro,829,63.64
2016,50286,Villalba de Perejil,99,13.33
2016,50287,Villalengua,336,40.16
2016,50288,Villanueva de Gállego,4678,75.99
2016,50289,Villanueva de Jiloca,57,7.34
2016,50290,Villanueva de Huerva,473,75.99
2016,50291,Villar de los Navarros,110,49
2016,50292,Villarreal de Huerva,242,27.13
2016,50293,Villarroya de la Sierra,478,91
2016,50294,Villarroya del Campo,76,16.94
2016,50295,Vistabella,48,21.82
2016,50296,La Zaida,461,17.27
2016,50297,Zaragoza,661108,973.78
2016,50298,Zuera,7978,332.25
2016,50901,Biel,143,130.73
2016,50902,Marracos,91,16.92
2016,50903,Villamayor de Gállego,2753,89.36
2017,50001,Abanto,98,63.84
2017,50002,Acered,171,30
2017,50003,Agón,146,18.52
2017,50004,Aguarón,684,36.62
2017,50005,Aguilón,238,59.45
2017,50006,Ainzón,1095,40.46
2017,50007,Aladrén,47,21.06
2017,50008,Alagón,7025,24.22
2017,50009,Alarba,144,19
2017,50010,Alberite de San Juan,77,11.23
2017,50011,Albeta,134,2.65
2017,50012,Alborge,105,4.84
2017,50013,Alcalá de Ebro,270,9.87
2017,50014,Alcalá de Moncayo,152,13.76
2017,50015,Alconchel de Ariza,70,34.85
2017,50016,Aldehuela de Liestos,53,38.04
2017,50017,Alfajarín,2288,137.57
2017,50018,Alfamén,1460,102.04
2017,50019,Alforque,57,10.62
2017,50020,Alhama de Aragón,1053,31.14
2017,50021,Almochuel,30,32
2017,50022,La Almolda,562,131.33
2017,50023,Almonacid de la Cuba,260,55.21
2017,50024,Almonacid de la Sierra,701,55.21
2017,50025,La Almunia de Doña Godina,7660,56.65
2017,50026,Alpartir,546,32.54
2017,50027,Ambel,254,61
2017,50028,Anento,93,21.52
2017,50029,Aniñón,723,52.46
2017,50030,Añón de Moncayo,200,64.19
2017,50031,Aranda de Moncayo,174,91
2017,50032,Arándiga,308,50.22
2017,50033,Ardisa,72,27.28
2017,50034,Ariza,1133,103.08
2017,50035,Artieda,75,13.57
2017,50036,Asín,102,18.47
2017,50037,Atea,145,34.67
2017,50038,Ateca,1825,84.71
2017,50039,Azuara,551,165.81
2017,50040,Badules,87,20.09
2017,50041,Bagüés,11,30.72
2017,50042,Balconchán,16,19
2017,50043,Bárboles,312,15.68
2017,50044,Bardallur,258,27.34
2017,50045,Belchite,1526,273.68
2017,50046,Belmonte de Gracián,206,43.68
2017,50047,Berdejo,51,19.39
2017,50048,Berrueco,33,19
2017,50050,Bijuesca,99,57.08
2017,50051,Biota,959,128
2017,50052,Bisimbre,99,11.22
2017,50053,Boquiñeni,844,18.87
2017,50054,Bordalba,58,41.58
2017,50055,Borja,4946,107.29
2017,50056,Botorrita,506,19.81
2017,50057,Brea de Aragón,1682,13.38
2017,50058,Bubierca,66,29.54
2017,50059,Bujaraloz,1001,120.92
2017,50060,Bulbuente,218,25.44
2017,50061,Bureta,222,11.91
2017,50062,El Burgo de Ebro,2431,24.86
2017,50063,El Buste,68,7.61
2017,50064,Cabañas de Ebro,501,8.53
2017,50065,Cabolafuente,34,39.24
2017,50066,Cadrete,3749,11.86
2017,50067,Calatayud,20173,154.25
2017,50068,Calatorao,2845,48.15
2017,50069,Calcena,75,64.74
2017,50070,Calmarza,64,28.15
2017,50071,Campillo de Aragón,155,36.86
2017,50072,Carenas,174,31.22
2017,50073,Cariñena,3339,82.51
2017,50074,Caspe,9491,503.15
2017,50075,Castejón de Alarba,91,17.56
2017,50076,Castejón de las Armas,87,16.18
2017,50077,Castejón de Valdejasa,221,110.11
2017,50078,Castiliscar,262,40.68
2017,50079,Cervera de la Cañada,286,29.22
2017,50080,Cerveruela,38,23.49
2017,50081,Cetina,606,78.76
2017,50082,Cimballa,103,31.95
2017,50083,Cinco Olivas,114,2.25
2017,50084,Clarés de Ribota,72,18
2017,50085,Codo,191,11.36
2017,50086,Codos,198,62.69
2017,50087,Contamina,35,14.02
2017,50088,Cosuenda,372,31.68
2017,50089,Cuarte de Huerva,12862,8.95
2017,50090,Cubel,175,58.62
2017,50091,Las Cuerlas,44,32.58
2017,50092,Chiprana,481,38.98
2017,50093,Chodes,112,15.97
2017,50094,Daroca,2044,52.05
2017,50095,Ejea de los Caballeros,16596,609.92
2017,50096,Embid de Ariza,39,41.26
2017,50098,Encinacorba,198,36.74
2017,50099,Épila,4413,194.32
2017,50100,Erla,354,18.96
2017,50101,Escatrón,1046,94.64
2017,50102,Fabara,1172,101.63
2017,50104,Farlete,391,104.12
2017,50105,Fayón,347,67.19
2017,50106,Los Fayos,136,3.88
2017,50107,Figueruelas,1230,16.99
2017,50108,Fombuena,52,26.37
2017,50109,El Frago,107,33.76
2017,50110,El Frasno,386,48.64
2017,50111,Fréscano,203,18.41
2017,50113,Fuendejalón,817,75.83
2017,50114,Fuendetodos,126,62
2017,50115,Fuentes de Ebro,4554,141.73
2017,50116,Fuentes de Jiloca,245,27.35
2017,50117,Gallocanta,162,29.71
2017,50118,Gallur,2643,41.71
2017,50119,Gelsa,1055,72.04
2017,50120,Godojos,52,16.77
2017,50121,Gotor,314,15.52
2017,50122,Grisel,75,14.51
2017,50123,Grisén,625,4.75
2017,50124,Herrera de los Navarros,526,105.01
2017,50125,Ibdes,413,56.31
2017,50126,Illueca,3044,24.86
2017,50128,Isuerre,31,20.05
2017,50129,Jaraba,301,42.81
2017,50130,Jarque de Moncayo,448,43
2017,50131,Jaulín,250,46.05
2017,50132,La Joyosa,1058,6.52
2017,50133,Lagata,119,23.65
2017,50134,Langa del Castillo,133,50.13
2017,50135,Layana,105,3.69
2017,50136,Lécera,687,109
2017,50137,Leciñena,1199,178.59
2017,50138,Lechón,51,17.46
2017,50139,Letux,349,30.15
2017,50140,Litago,171,15
2017,50141,Lituénigo,119,11.38
2017,50142,Lobera de Onsella,30,32.18
2017,50143,Longares,798,45.96
2017,50144,Longás,32,49.23
2017,50146,Lucena de Jalón,237,10.31
2017,50147,Luceni,971,27.08
2017,50148,Luesia,310,126.83
2017,50149,Luesma,34,29
2017,50150,Lumpiaque,834,29.55
2017,50151,Luna,726,308.92
2017,50152,Maella,2004,174.88
2017,50153,Magallón,1150,78.61
2017,50154,Mainar,151,34.02
2017,50155,Malanquilla,105,36.63
2017,50156,Maleján,254,0.08
2017,50157,Malón,349,5.66
2017,50159,Maluenda,951,40.09
2017,50160,Mallén,3140,37.42
2017,50161,Manchones,99,26.83
2017,50162,Mara,185,21.09
2017,50163,María de Huerva,5619,108.09
2017,50164,Mediana de Aragón,468,90.57
2017,50165,Mequinenza,2329,307.45
2017,50166,Mesones de Isuela,274,48.55
2017,50167,Mezalocha,248,60.64
2017,50168,Mianos,32,14.82
2017,50169,Miedes de Aragón,454,55.38
2017,50170,Monegrillo,419,183.16
2017,50171,Moneva,103,61
2017,50172,Monreal de Ariza,208,62.06
2017,50173,Monterde,168,55.94
2017,50174,Montón,94,17.59
2017,50175,Morata de Jalón,1146,45.87
2017,50176,Morata de Jiloca,282,23.09
2017,50177,Morés,335,21.46
2017,50178,Moros,364,53
2017,50179,Moyuela,258,42.76
2017,50180,Mozota,136,8.68
2017,50181,Muel,1324,79.17
2017,50182,La Muela,5238,143.49
2017,50183,Munébrega,403,40.99
2017,50184,Murero,119,18.25
2017,50185,Murillo de Gállego,175,54.71
2017,50186,Navardún,41,24
2017,50187,Nigüella,69,30.42
2017,50188,Nombrevilla,31,17.56
2017,50189,Nonaspe,964,111.45
2017,50190,Novallas,838,11
2017,50191,Novillas,546,25.28
2017,50192,Nuévalos,332,41.84
2017,50193,Nuez de Ebro,838,8.21
2017,50194,Olvés,104,20.18
2017,50195,Orcajo,57,28.45
2017,50196,Orera,120,19.82
2017,50197,Orés,106,54.52
2017,50198,Oseja,55,12
2017,50199,Osera de Ebro,396,24.56
2017,50200,Paniza,650,47.31
2017,50201,Paracuellos de Jiloca,583,32
2017,50202,Paracuellos de la Ribera,171,14.95
2017,50203,Pastriz,1314,16.52
2017,50204,Pedrola,3453,113.74
2017,50205,Las Pedrosas,106,18.26
2017,50206,Perdiguera,596,109.77
2017,50207,Piedratajada,110,22.66
2017,50208,Pina de Ebro,2435,309.17
2017,50209,Pinseque,3850,16.09
2017,50210,Los Pintanos,37,79.64
2017,50211,Plasencia de Jalón,315,34.77
2017,50212,Pleitas,41,2.14
2017,50213,Plenas,102,37.95
2017,50214,Pomer,27,33.11
2017,50215,Pozuel de Ariza,23,22.63
2017,50216,Pozuelo de Aragón,281,32.11
2017,50217,Pradilla de Ebro,562,25.45
2017,50218,Puebla de Albortón,122,76.31
2017,50219,La Puebla de Alfindén,6109,17.03
2017,50220,Puendeluna,46,9.88
2017,50221,Purujosa,37,35.43
2017,50222,Quinto,1960,118.26
2017,50223,Remolinos,1088,18.51
2017,50224,Retascón,73,25.16
2017,50225,Ricla,2894,90.67
2017,50227,Romanos,119,19.53
2017,50228,Rueda de Jalón,316,107.37
2017,50229,Ruesca,72,11.63
2017,50230,Sádaba,1347,129.55
2017,50231,Salillas de Jalón,305,2.51
2017,50232,Salvatierra de Esca,212,81.24
2017,50233,Samper del Salz,112,11.49
2017,50234,San Martín de la Virgen de Moncayo,287,5.42
2017,50235,San Mateo de Gállego,3077,71.62
2017,50236,Santa Cruz de Grío,118,19.51
2017,50237,Santa Cruz de Moncayo,121,3.97
2017,50238,Santa Eulalia de Gállego,99,29.58
2017,50239,Santed,63,17.81
2017,50240,Sástago,1175,300.98
2017,50241,Sabiñán,699,15.52
2017,50242,Sediles,100,11.71
2017,50243,Sestrica,387,40.88
2017,50244,Sierra de Luna,250,43.39
2017,50245,Sigüés,94,101.77
2017,50246,Sisamón,33,41.55
2017,50247,Sobradiel,1074,12.06
2017,50248,Sos del Rey Católico,588,216.62
2017,50249,Tabuenca,331,85.72
2017,50250,Talamantes,52,46.94
2017,50251,Tarazona,10538,244.01
2017,50252,Tauste,6892,405.23
2017,50253,Terrer,479,33.75
2017,50254,Tierga,190,66.13
2017,50255,Tobed,224,32.39
2017,50256,Torralba de los Frailes,88,59.19
2017,50257,Torralba de Ribota,181,32.51
2017,50258,Torralbilla,57,25.86
2017,50259,Torrehermosa,65,21.13
2017,50260,Torrelapaja,34,15.68
2017,50261,Torrellas,254,2.53
2017,50262,Torres de Berrellén,1469,53.81
2017,50263,Torrijo de la Cañada,210,74.57
2017,50264,Tosos,192,68.65
2017,50265,Trasmoz,86,18.26
2017,50266,Trasobares,121,71.76
2017,50267,Uncastillo,662,230.87
2017,50268,Undués de Lerda,59,42.99
2017,50269,Urrea de Jalón,402,25.64
2017,50270,Urriés,38,37.27
2017,50271,Used,276,85.29
2017,50272,Utebo,18593,17.72
2017,50273,Valdehorna,30,7.95
2017,50274,Val de San Martín,65,25.66
2017,50275,Valmadrid,124,50.57
2017,50276,Valpalmas,135,39.79
2017,50277,Valtorres,64,3.29
2017,50278,Velilla de Ebro,224,59.79
2017,50279,Velilla de Jiloca,100,10
2017,50280,Vera de Moncayo,375,27.66
2017,50281,Vierlas,73,2.67
2017,50282,La Vilueña,88,8.61
2017,50283,Villadoz,90,17.18
2017,50284,Villafeliche,168,22
2017,50285,Villafranca de Ebro,821,63.64
2017,50286,Villalba de Perejil,93,13.33
2017,50287,Villalengua,324,40.16
2017,50288,Villanueva de Gállego,4656,75.99
2017,50289,Villanueva de Jiloca,52,7.34
2017,50290,Villanueva de Huerva,462,75.99
2017,50291,Villar de los Navarros,102,49
2017,50292,Villarreal de Huerva,260,27.13
2017,50293,Villarroya de la Sierra,467,91
2017,50294,Villarroya del Campo,71,16.94
2017,50295,Vistabella,50,21.82
2017,50296,La Zaida,463,17.27
2017,50297,Zaragoza,664938,973.78
2017,50298,Zuera,8253,332.25
2017,50901,Biel,133,130.73
2017,50902,Marracos,89,16.92
2017,50903,Villamayor de Gállego,2721,89.36
2018,50001,Abanto,97,63.84
2018,50002,Acered,165,30
2018,50003,Agón,146,18.52
2018,50004,Aguarón,631,36.62
2018,50005,Aguilón,235,59.45
2018,50006,Ainzón,1085,40.46
2018,50007,Aladrén,52,21.06
2018,50008,Alagón,7094,24.22
2018,50009,Alarba,133,19
2018,50010,Alberite de San Juan,72,11.23
2018,50011,Albeta,132,2.65
2018,50012,Alborge,108,4.84
2018,50013,Alcalá de Ebro,251,9.87
2018,50014,Alcalá de Moncayo,144,13.76
2018,50015,Alconchel de Ariza,63,34.85
2018,50016,Aldehuela de Liestos,49,38.04
2018,50017,Alfajarín,2312,137.57
2018,50018,Alfamén,1441,102.04
2018,50019,Alforque,62,10.62
2018,50020,Alhama de Aragón,1036,31.14
2018,50021,Almochuel,29,32
2018,50022,La Almolda,567,131.33
2018,50023,Almonacid de la Cuba,252,55.21
2018,50024,Almonacid de la Sierra,691,55.21
2018,50025,La Almunia de Doña Godina,7819,56.65
2018,50026,Alpartir,579,32.54
2018,50027,Ambel,256,61
2018,50028,Anento,95,21.52
2018,50029,Aniñón,708,52.46
2018,50030,Añón de Moncayo,213,64.19
2018,50031,Aranda de Moncayo,160,91
2018,50032,Arándiga,309,50.22
2018,50033,Ardisa,72,27.28
2018,50034,Ariza,1139,103.08
2018,50035,Artieda,73,13.57
2018,50036,Asín,96,18.47
2018,50037,Atea,156,34.67
2018,50038,Ateca,1793,84.71
2018,50039,Azuara,543,165.81
2018,50040,Badules,83,20.09
2018,50041,Bagüés,12,30.72
2018,50042,Balconchán,17,19
2018,50043,Bárboles,300,15.68
2018,50044,Bardallur,261,27.34
2018,50045,Belchite,1528,273.68
2018,50046,Belmonte de Gracián,198,43.68
2018,50047,Berdejo,47,19.39
2018,50048,Berrueco,33,19
2018,50050,Bijuesca,98,57.08
2018,50051,Biota,948,128
2018,50052,Bisimbre,97,11.22
2018,50053,Boquiñeni,808,18.87
2018,50054,Bordalba,56,41.58
2018,50055,Borja,4922,107.29
2018,50056,Botorrita,498,19.81
2018,50057,Brea de Aragón,1665,13.38
2018,50058,Bubierca,63,29.54
2018,50059,Bujaraloz,1005,120.92
2018,50060,Bulbuente,217,25.44
2018,50061,Bureta,217,11.91
2018,50062,El Burgo de Ebro,2432,24.86
2018,50063,El Buste,72,7.61
2018,50064,Cabañas de Ebro,498,8.53
2018,50065,Cabolafuente,32,39.24
2018,50066,Cadrete,3891,11.86
2018,50067,Calatayud,20035,154.25
2018,50068,Calatorao,2861,48.15
2018,50069,Calcena,75,64.74
2018,50070,Calmarza,59,28.15
2018,50071,Campillo de Aragón,149,36.86
2018,50072,Carenas,177,31.22
2018,50073,Cariñena,3276,82.51
2018,50074,Caspe,9525,503.15
2018,50075,Castejón de Alarba,92,17.56
2018,50076,Castejón de las Armas,90,16.18
2018,50077,Castejón de Valdejasa,221,110.11
2018,50078,Castiliscar,265,40.68
2018,50079,Cervera de la Cañada,271,29.22
2018,50080,Cerveruela,35,23.49
2018,50081,Cetina,592,78.76
2018,50082,Cimballa,93,31.95
2018,50083,Cinco Olivas,112,2.25
2018,50084,Clarés de Ribota,65,18
2018,50085,Codo,198,11.36
2018,50086,Codos,183,62.69
2018,50087,Contamina,37,14.02
2018,50088,Cosuenda,367,31.68
2018,50089,Cuarte de Huerva,13055,8.95
2018,50090,Cubel,168,58.62
2018,50091,Las Cuerlas,39,32.58
2018,50092,Chiprana,508,38.98
2018,50093,Chodes,113,15.97
2018,50094,Daroca,1996,52.05
2018,50095,Ejea de los Caballeros,16605,609.92
2018,50096,Embid de Ariza,36,41.26
2018,50098,Encinacorba,189,36.74
2018,50099,Épila,4402,194.32
2018,50100,Erla,345,18.96
2018,50101,Escatrón,1026,94.64
2018,50102,Fabara,1152,101.63
2018,50104,Farlete,386,104.12
2018,50105,Fayón,354,67.19
2018,50106,Los Fayos,141,3.88
2018,50107,Figueruelas,1240,16.99
2018,50108,Fombuena,54,26.37
2018,50109,El Frago,99,33.76
2018,50110,El Frasno,384,48.64
2018,50111,Fréscano,202,18.41
2018,50113,Fuendejalón,793,75.83
2018,50114,Fuendetodos,121,62
2018,50115,Fuentes de Ebro,4543,141.73
2018,50116,Fuentes de Jiloca,229,27.35
2018,50117,Gallocanta,154,29.71
2018,50118,Gallur,2628,41.71
2018,50119,Gelsa,995,72.04
2018,50120,Godojos,54,16.77
2018,50121,Gotor,306,15.52
2018,50122,Grisel,67,14.51
2018,50123,Grisén,597,4.75
2018,50124,Herrera de los Navarros,506,105.01
2018,50125,Ibdes,404,56.31
2018,50126,Illueca,2964,24.86
2018,50128,Isuerre,31,20.05
2018,50129,Jaraba,280,42.81
2018,50130,Jarque de Moncayo,436,43
2018,50131,Jaulín,237,46.05
2018,50132,La Joyosa,1072,6.52
2018,50133,Lagata,111,23.65
2018,50134,Langa del Castillo,132,50.13
2018,50135,Layana,100,3.69
2018,50136,Lécera,661,109
2018,50137,Leciñena,1162,178.59
2018,50138,Lechón,53,17.46
2018,50139,Letux,342,30.15
2018,50140,Litago,166,15
2018,50141,Lituénigo,127,11.38
2018,50142,Lobera de Onsella,28,32.18
2018,50143,Longares,763,45.96
2018,50144,Longás,35,49.23
2018,50146,Lucena de Jalón,237,10.31
2018,50147,Luceni,945,27.08
2018,50148,Luesia,310,126.83
2018,50149,Luesma,34,29
2018,50150,Lumpiaque,827,29.55
2018,50151,Luna,701,308.92
2018,50152,Maella,2007,174.88
2018,50153,Magallón,1133,78.61
2018,50154,Mainar,151,34.02
2018,50155,Malanquilla,100,36.63
2018,50156,Maleján,259,0.08
2018,50157,Malón,323,5.66
2018,50159,Maluenda,942,40.09
2018,50160,Mallén,3083,37.42
2018,50161,Manchones,98,26.83
2018,50162,Mara,181,21.09
2018,50163,María de Huerva,5663,108.09
2018,50164,Mediana de Aragón,465,90.57
2018,50165,Mequinenza,2301,307.45
2018,50166,Mesones de Isuela,271,48.55
2018,50167,Mezalocha,240,60.64
2018,50168,Mianos,32,14.82
2018,50169,Miedes de Aragón,432,55.38
2018,50170,Monegrillo,413,183.16
2018,50171,Moneva,94,61
2018,50172,Monreal de Ariza,212,62.06
2018,50173,Monterde,159,55.94
2018,50174,Montón,94,17.59
2018,50175,Morata de Jalón,1097,45.87
2018,50176,Morata de Jiloca,282,23.09
2018,50177,Morés,334,21.46
2018,50178,Moros,362,53
2018,50179,Moyuela,245,42.76
2018,50180,Mozota,130,8.68
2018,50181,Muel,1333,79.17
2018,50182,La Muela,5479,143.49
2018,50183,Munébrega,385,40.99
2018,50184,Murero,107,18.25
2018,50185,Murillo de Gállego,174,54.71
2018,50186,Navardún,40,24
2018,50187,Nigüella,66,30.42
2018,50188,Nombrevilla,29,17.56
2018,50189,Nonaspe,962,111.45
2018,50190,Novallas,850,11
2018,50191,Novillas,540,25.28
2018,50192,Nuévalos,325,41.84
2018,50193,Nuez de Ebro,827,8.21
2018,50194,Olvés,106,20.18
2018,50195,Orcajo,59,28.45
2018,50196,Orera,118,19.82
2018,50197,Orés,104,54.52
2018,50198,Oseja,52,12
2018,50199,Osera de Ebro,395,24.56
2018,50200,Paniza,634,47.31
2018,50201,Paracuellos de Jiloca,601,32
2018,50202,Paracuellos de la Ribera,158,14.95
2018,50203,Pastriz,1293,16.52
2018,50204,Pedrola,3509,113.74
2018,50205,Las Pedrosas,90,18.26
2018,50206,Perdiguera,577,109.77
2018,50207,Piedratajada,97,22.66
2018,50208,Pina de Ebro,2373,309.17
2018,50209,Pinseque,3908,16.09
2018,50210,Los Pintanos,37,79.64
2018,50211,Plasencia de Jalón,303,34.77
2018,50212,Pleitas,36,2.14
2018,50213,Plenas,101,37.95
2018,50214,Pomer,22,33.11
2018,50215,Pozuel de Ariza,21,22.63
2018,50216,Pozuelo de Aragón,284,32.11
2018,50217,Pradilla de Ebro,574,25.45
2018,50218,Puebla de Albortón,120,76.31
2018,50219,La Puebla de Alfindén,6173,17.03
2018,50220,Puendeluna,44,9.88
2018,50221,Purujosa,36,35.43
2018,50222,Quinto,1948,118.26
2018,50223,Remolinos,1081,18.51
2018,50224,Retascón,74,25.16
2018,50225,Ricla,2815,90.67
2018,50227,Romanos,119,19.53
2018,50228,Rueda de Jalón,325,107.37
2018,50229,Ruesca,72,11.63
2018,50230,Sádaba,1324,129.55
2018,50231,Salillas de Jalón,304,2.51
2018,50232,Salvatierra de Esca,198,81.24
2018,50233,Samper del Salz,112,11.49
2018,50234,San Martín de la Virgen de Moncayo,286,5.42
2018,50235,San Mateo de Gállego,3134,71.62
2018,50236,Santa Cruz de Grío,108,19.51
2018,50237,Santa Cruz de Moncayo,125,3.97
2018,50238,Santa Eulalia de Gállego,98,29.58
2018,50239,Santed,61,17.81
2018,50240,Sástago,1170,300.98
2018,50241,Sabiñán,691,15.52
2018,50242,Sediles,95,11.71
2018,50243,Sestrica,370,40.88
2018,50244,Sierra de Luna,253,43.39
2018,50245,Sigüés,88,101.77
2018,50246,Sisamón,31,41.55
2018,50247,Sobradiel,1089,12.06
2018,50248,Sos del Rey Católico,588,216.62
2018,50249,Tabuenca,323,85.72
2018,50250,Talamantes,63,46.94
2018,50251,Tarazona,10509,244.01
2018,50252,Tauste,6914,405.23
2018,50253,Terrer,485,33.75
2018,50254,Tierga,192,66.13
2018,50255,Tobed,214,32.39
2018,50256,Torralba de los Frailes,86,59.19
2018,50257,Torralba de Ribota,172,32.51
2018,50258,Torralbilla,61,25.86
2018,50259,Torrehermosa,63,21.13
2018,50260,Torrelapaja,32,15.68
2018,50261,Torrellas,250,2.53
2018,50262,Torres de Berrellén,1446,53.81
2018,50263,Torrijo de la Cañada,206,74.57
2018,50264,Tosos,180,68.65
2018,50265,Trasmoz,89,18.26
2018,50266,Trasobares,120,71.76
2018,50267,Uncastillo,650,230.87
2018,50268,Undués de Lerda,55,42.99
2018,50269,Urrea de Jalón,418,25.64
2018,50270,Urriés,38,37.27
2018,50271,Used,271,85.29
2018,50272,Utebo,18602,17.72
2018,50273,Valdehorna,30,7.95
2018,50274,Val de San Martín,64,25.66
2018,50275,Valmadrid,112,50.57
2018,50276,Valpalmas,142,39.79
2018,50277,Valtorres,68,3.29
2018,50278,Velilla de Ebro,215,59.79
2018,50279,Velilla de Jiloca,90,10
2018,50280,Vera de Moncayo,360,27.66
2018,50281,Vierlas,74,2.67
2018,50282,La Vilueña,77,8.61
2018,50283,Villadoz,88,17.18
2018,50284,Villafeliche,170,22
2018,50285,Villafranca de Ebro,830,63.64
2018,50286,Villalba de Perejil,99,13.33
2018,50287,Villalengua,319,40.16
2018,50288,Villanueva de Gállego,4661,75.99
2018,50289,Villanueva de Jiloca,46,7.34
2018,50290,Villanueva de Huerva,463,75.99
2018,50291,Villar de los Navarros,102,49
2018,50292,Villarreal de Huerva,274,27.13
2018,50293,Villarroya de la Sierra,466,91
2018,50294,Villarroya del Campo,68,16.94
2018,50295,Vistabella,49,21.82
2018,50296,La Zaida,455,17.27
2018,50297,Zaragoza,666880,973.78
2018,50298,Zuera,8365,332.25
2018,50901,Biel,140,130.73
2018,50902,Marracos,86,16.92
2018,50903,Villamayor de Gállego,2696,89.36
2019,50001,Abanto,100,63.84
2019,50002,Acered,166,30
2019,50003,Agón,137,18.52
2019,50004,Aguarón,636,36.62
2019,50005,Aguilón,251,59.45
2019,50006,Ainzón,1077,40.46
2019,50007,Aladrén,52,21.06
2019,50008,Alagón,7163,24.22
2019,50009,Alarba,124,19
2019,50010,Alberite de San Juan,69,11.23
2019,50011,Albeta,133,2.65
2019,50012,Alborge,107,4.84
2019,50013,Alcalá de Ebro,246,9.87
2019,50014,Alcalá de Moncayo,143,13.76
2019,50015,Alconchel de Ariza,62,34.85
2019,50016,Aldehuela de Liestos,48,38.04
2019,50017,Alfajarín,2315,137.57
2019,50018,Alfamén,1446,102.04
2019,50019,Alforque,68,10.62
2019,50020,Alhama de Aragón,1020,31.14
2019,50021,Almochuel,25,32
2019,50022,La Almolda,553,131.33
2019,50023,Almonacid de la Cuba,243,55.21
2019,50024,Almonacid de la Sierra,735,55.21
2019,50025,La Almunia de Doña Godina,7951,56.65
2019,50026,Alpartir,555,32.54
2019,50027,Ambel,254,61
2019,50028,Anento,106,21.52
2019,50029,Aniñón,706,52.46
2019,50030,Añón de Moncayo,212,64.19
2019,50031,Aranda de Moncayo,152,91
2019,50032,Arándiga,302,50.22
2019,50033,Ardisa,70,27.28
2019,50034,Ariza,1115,103.08
2019,50035,Artieda,80,13.57
2019,50036,Asín,110,18.47
2019,50037,Atea,151,34.67
2019,50038,Ateca,1762,84.71
2019,50039,Azuara,540,165.81
2019,50040,Badules,85,20.09
2019,50041,Bagüés,17,30.72
2019,50042,Balconchán,16,19
2019,50043,Bárboles,293,15.68
2019,50044,Bardallur,254,27.34
2019,50045,Belchite,1505,273.68
2019,50046,Belmonte de Gracián,197,43.68
2019,50047,Berdejo,47,19.39
2019,50048,Berrueco,34,19
2019,50050,Bijuesca,94,57.08
2019,50051,Biota,941,128
2019,50052,Bisimbre,92,11.22
2019,50053,Boquiñeni,787,18.87
2019,50054,Bordalba,56,41.58
2019,50055,Borja,4969,107.29
2019,50056,Botorrita,488,19.81
2019,50057,Brea de Aragón,1609,13.38
2019,50058,Bubierca,66,29.54
2019,50059,Bujaraloz,985,120.92
2019,50060,Bulbuente,221,25.44
2019,50061,Bureta,214,11.91
2019,50062,El Burgo de Ebro,2436,24.86
2019,50063,El Buste,66,7.61
2019,50064,Cabañas de Ebro,505,8.53
2019,50065,Cabolafuente,33,39.24
2019,50066,Cadrete,4032,11.86
2019,50067,Calatayud,20024,154.25
2019,50068,Calatorao,2881,48.15
2019,50069,Calcena,72,64.74
2019,50070,Calmarza,57,28.15
2019,50071,Campillo de Aragón,147,36.86
2019,50072,Carenas,213,31.22
2019,50073,Cariñena,3302,82.51
2019,50074,Caspe,9748,503.15
2019,50075,Castejón de Alarba,91,17.56
2019,50076,Castejón de las Armas,87,16.18
2019,50077,Castejón de Valdejasa,210,110.11
2019,50078,Castiliscar,263,40.68
2019,50079,Cervera de la Cañada,271,29.22
2019,50080,Cerveruela,33,23.49
2019,50081,Cetina,593,78.76
2019,50082,Cimballa,97,31.95
2019,50083,Cinco Olivas,106,2.25
2019,50084,Clarés de Ribota,66,18
2019,50085,Codo,201,11.36
2019,50086,Codos,234,62.69
2019,50087,Contamina,37,14.02
2019,50088,Cosuenda,364,31.68
2019,50089,Cuarte de Huerva,13303,8.95
2019,50090,Cubel,155,58.62
2019,50091,Las Cuerlas,41,32.58
2019,50092,Chiprana,523,38.98
2019,50093,Chodes,104,15.97
2019,50094,Daroca,1983,52.05
2019,50095,Ejea de los Caballeros,16783,609.92
2019,50096,Embid de Ariza,37,41.26
2019,50098,Encinacorba,178,36.74
2019,50099,Épila,4386,194.32
2019,50100,Erla,342,18.96
2019,50101,Escatrón,1051,94.64
2019,50102,Fabara,1125,101.63
2019,50104,Farlete,379,104.12
2019,50105,Fayón,379,67.19
2019,50106,Los Fayos,139,3.88
2019,50107,Figueruelas,1259,16.99
2019,50108,Fombuena,56,26.37
2019,50109,El Frago,99,33.76
2019,50110,El Frasno,380,48.64
2019,50111,Fréscano,204,18.41
2019,50113,Fuendejalón,778,75.83
2019,50114,Fuendetodos,145,62
2019,50115,Fuentes de Ebro,4504,141.73
2019,50116,Fuentes de Jiloca,231,27.35
2019,50117,Gallocanta,152,29.71
2019,50118,Gallur,2596,41.71
2019,50119,Gelsa,1013,72.04
2019,50120,Godojos,54,16.77
2019,50121,Gotor,318,15.52
2019,50122,Grisel,74,14.51
2019,50123,Grisén,589,4.75
2019,50124,Herrera de los Navarros,506,105.01
2019,50125,Ibdes,404,56.31
2019,50126,Illueca,2924,24.86
2019,50128,Isuerre,31,20.05
2019,50129,Jaraba,280,42.81
2019,50130,Jarque de Moncayo,435,43
2019,50131,Jaulín,235,46.05
2019,50132,La Joyosa,1073,6.52
2019,50133,Lagata,111,23.65
2019,50134,Langa del Castillo,121,50.13
2019,50135,Layana,97,3.69
2019,50136,Lécera,633,109
2019,50137,Leciñena,1155,178.59
2019,50138,Lechón,51,17.46
2019,50139,Letux,364,30.15
2019,50140,Litago,161,15
2019,50141,Lituénigo,120,11.38
2019,50142,Lobera de Onsella,28,32.18
2019,50143,Longares,811,45.96
2019,50144,Longás,31,49.23
2019,50146,Lucena de Jalón,240,10.31
2019,50147,Luceni,956,27.08
2019,50148,Luesia,288,126.83
2019,50149,Luesma,35,29
2019,50150,Lumpiaque,814,29.55
2019,50151,Luna,698,308.92
2019,50152,Maella,1985,174.88
2019,50153,Magallón,1128,78.61
2019,50154,Mainar,155,34.02
2019,50155,Malanquilla,92,36.63
2019,50156,Maleján,259,0.08
2019,50157,Malón,356,5.66
2019,50159,Maluenda,922,40.09
2019,50160,Mallén,3035,37.42
2019,50161,Manchones,114,26.83
2019,50162,Mara,168,21.09
2019,50163,María de Huerva,5812,108.09
2019,50164,Mediana de Aragón,461,90.57
2019,50165,Mequinenza,2324,307.45
2019,50166,Mesones de Isuela,264,48.55
2019,50167,Mezalocha,238,60.64
2019,50168,Mianos,30,14.82
2019,50169,Miedes de Aragón,433,55.38
2019,50170,Monegrillo,405,183.16
2019,50171,Moneva,97,61
2019,50172,Monreal de Ariza,200,62.06
2019,50173,Monterde,157,55.94
2019,50174,Montón,94,17.59
2019,50175,Morata de Jalón,1079,45.87
2019,50176,Morata de Jiloca,302,23.09
2019,50177,Morés,323,21.46
2019,50178,Moros,343,53
2019,50179,Moyuela,280,42.76
2019,50180,Mozota,122,8.68
2019,50181,Muel,1378,79.17
2019,50182,La Muela,5784,143.49
2019,50183,Munébrega,371,40.99
2019,50184,Murero,98,18.25
2019,50185,Murillo de Gállego,183,54.71
2019,50186,Navardún,38,24
2019,50187,Nigüella,62,30.42
2019,50188,Nombrevilla,31,17.56
2019,50189,Nonaspe,961,111.45
2019,50190,Novallas,830,11
2019,50191,Novillas,532,25.28
2019,50192,Nuévalos,310,41.84
2019,50193,Nuez de Ebro,837,8.21
2019,50194,Olvés,104,20.18
2019,50195,Orcajo,58,28.45
2019,50196,Orera,114,19.82
2019,50197,Orés,114,54.52
2019,50198,Oseja,53,12
2019,50199,Osera de Ebro,386,24.56
2019,50200,Paniza,609,47.31
2019,50201,Paracuellos de Jiloca,592,32
2019,50202,Paracuellos de la Ribera,143,14.95
2019,50203,Pastriz,1297,16.52
2019,50204,Pedrola,3568,113.74
2019,50205,Las Pedrosas,87,18.26
2019,50206,Perdiguera,572,109.77
2019,50207,Piedratajada,95,22.66
2019,50208,Pina de Ebro,2362,309.17
2019,50209,Pinseque,3973,16.09
2019,50210,Los Pintanos,37,79.64
2019,50211,Plasencia de Jalón,306,34.77
2019,50212,Pleitas,34,2.14
2019,50213,Plenas,106,37.95
2019,50214,Pomer,22,33.11
2019,50215,Pozuel de Ariza,21,22.63
2019,50216,Pozuelo de Aragón,296,32.11
2019,50217,Pradilla de Ebro,563,25.45
2019,50218,Puebla de Albortón,118,76.31
2019,50219,La Puebla de Alfindén,6303,17.03
2019,50220,Puendeluna,44,9.88
2019,50221,Purujosa,35,35.43
2019,50222,Quinto,1939,118.26
2019,50223,Remolinos,1086,18.51
2019,50224,Retascón,67,25.16
2019,50225,Ricla,2847,90.67
2019,50227,Romanos,128,19.53
2019,50228,Rueda de Jalón,310,107.37
2019,50229,Ruesca,78,11.63
2019,50230,Sádaba,1324,129.55
2019,50231,Salillas de Jalón,315,2.51
2019,50232,Salvatierra de Esca,199,81.24
2019,50233,Samper del Salz,110,11.49
2019,50234,San Martín de la Virgen de Moncayo,277,5.42
2019,50235,San Mateo de Gállego,3234,71.62
2019,50236,Santa Cruz de Grío,116,19.51
2019,50237,Santa Cruz de Moncayo,130,3.97
2019,50238,Santa Eulalia de Gállego,95,29.58
2019,50239,Santed,63,17.81
2019,50240,Sástago,1154,300.98
2019,50241,Sabiñán,723,15.52
2019,50242,Sediles,102,11.71
2019,50243,Sestrica,352,40.88
2019,50244,Sierra de Luna,268,43.39
2019,50245,Sigüés,83,101.77
2019,50246,Sisamón,29,41.55
2019,50247,Sobradiel,1096,12.06
2019,50248,Sos del Rey Católico,590,216.62
2019,50249,Tabuenca,314,85.72
2019,50250,Talamantes,64,46.94
2019,50251,Tarazona,10533,244.01
2019,50252,Tauste,6912,405.23
2019,50253,Terrer,447,33.75
2019,50254,Tierga,186,66.13
2019,50255,Tobed,214,32.39
2019,50256,Torralba de los Frailes,79,59.19
2019,50257,Torralba de Ribota,174,32.51
2019,50258,Torralbilla,55,25.86
2019,50259,Torrehermosa,59,21.13
2019,50260,Torrelapaja,32,15.68
2019,50261,Torrellas,250,2.53
2019,50262,Torres de Berrellén,1446,53.81
2019,50263,Torrijo de la Cañada,199,74.57
2019,50264,Tosos,183,68.65
2019,50265,Trasmoz,86,18.26
2019,50266,Trasobares,122,71.76
2019,50267,Uncastillo,636,230.87
2019,50268,Undués de Lerda,50,42.99
2019,50269,Urrea de Jalón,418,25.64
2019,50270,Urriés,39,37.27
2019,50271,Used,269,85.29
2019,50272,Utebo,18691,17.72
2019,50273,Valdehorna,33,7.95
2019,50274,Val de San Martín,66,25.66
2019,50275,Valmadrid,117,50.57
2019,50276,Valpalmas,140,39.79
2019,50277,Valtorres,61,3.29
2019,50278,Velilla de Ebro,215,59.79
2019,50279,Velilla de Jiloca,87,10
2019,50280,Vera de Moncayo,338,27.66
2019,50281,Vierlas,77,2.67
2019,50282,La Vilueña,72,8.61
2019,50283,Villadoz,92,17.18
2019,50284,Villafeliche,166,22
2019,50285,Villafranca de Ebro,833,63.64
2019,50286,Villalba de Perejil,96,13.33
2019,50287,Villalengua,313,40.16
2019,50288,Villanueva de Gállego,4720,75.99
2019,50289,Villanueva de Jiloca,54,7.34
2019,50290,Villanueva de Huerva,443,75.99
2019,50291,Villar de los Navarros,106,49
2019,50292,Villarreal de Huerva,274,27.13
2019,50293,Villarroya de la Sierra,446,91
2019,50294,Villarroya del Campo,74,16.94
2019,50295,Vistabella,49,21.82
2019,50296,La Zaida,435,17.27
2019,50297,Zaragoza,674997,973.78
2019,50298,Zuera,8565,332.25
2019,50901,Biel,154,130.73
2019,50902,Marracos,86,16.92
2019,50903,Villamayor de Gállego,2720,89.36
2020,50001,Abanto,92,63.84
2020,50002,Acered,158,30
2020,50003,Agón,138,18.52
2020,50004,Aguarón,624,36.62
2020,50005,Aguilón,233,59.45
2020,50006,Ainzón,1064,40.46
2020,50007,Aladrén,52,21.06
2020,50008,Alagón,7154,24.22
2020,50009,Alarba,116,19
2020,50010,Alberite de San Juan,74,11.23
2020,50011,Albeta,134,2.65
2020,50012,Alborge,107,4.84
2020,50013,Alcalá de Ebro,245,9.87
2020,50014,Alcalá de Moncayo,143,13.76
2020,50015,Alconchel de Ariza,76,34.85
2020,50016,Aldehuela de Liestos,51,38.04
2020,50017,Alfajarín,2339,137.57
2020,50018,Alfamén,1443,102.04
2020,50019,Alforque,65,10.62
2020,50020,Alhama de Aragón,1011,31.14
2020,50021,Almochuel,24,32
2020,50022,La Almolda,554,131.33
2020,50023,Almonacid de la Cuba,230,55.21
2020,50024,Almonacid de la Sierra,753,55.21
2020,50025,La Almunia de Doña Godina,8091,56.65
2020,50026,Alpartir,568,32.54
2020,50027,Ambel,253,61
2020,50028,Anento,95,21.52
2020,50029,Aniñón,684,52.46
2020,50030,Añón de Moncayo,222,64.19
2020,50031,Aranda de Moncayo,145,91
2020,50032,Arándiga,278,50.22
2020,50033,Ardisa,74,27.28
2020,50034,Ariza,1100,103.08
2020,50035,Artieda,80,13.57
2020,50036,Asín,98,18.47
2020,50037,Atea,147,34.67
2020,50038,Ateca,1762,84.71
2020,50039,Azuara,529,165.81
2020,50040,Badules,78,20.09
2020,50041,Bagüés,16,30.72
2020,50042,Balconchán,20,19
2020,50043,Bárboles,282,15.68
2020,50044,Bardallur,254,27.34
2020,50045,Belchite,1526,273.68
2020,50046,Belmonte de Gracián,194,43.68
2020,50047,Berdejo,40,19.39
2020,50048,Berrueco,32,19
2020,50050,Bijuesca,94,57.08
2020,50051,Biota,930,128
2020,50052,Bisimbre,81,11.22
2020,50053,Boquiñeni,776,18.87
2020,50054,Bordalba,52,41.58
2020,50055,Borja,4978,107.29
2020,50056,Botorrita,490,19.81
2020,50057,Brea de Aragón,1589,13.38
2020,50058,Bubierca,65,29.54
2020,50059,Bujaraloz,980,120.92
2020,50060,Bulbuente,220,25.44
2020,50061,Bureta,206,11.91
2020,50062,El Burgo de Ebro,2486,24.86
2020,50063,El Buste,71,7.61
2020,50064,Cabañas de Ebro,496,8.53
2020,50065,Cabolafuente,53,39.24
2020,50066,Cadrete,4235,11.86
2020,50067,Calatayud,20092,154.25
2020,50068,Calatorao,2860,48.15
2020,50069,Calcena,73,64.74
2020,50070,Calmarza,61,28.15
2020,50071,Campillo de Aragón,146,36.86
2020,50072,Carenas,189,31.22
2020,50073,Cariñena,3355,82.51
2020,50074,Caspe,10026,503.15
2020,50075,Castejón de Alarba,88,17.56
2020,50076,Castejón de las Armas,78,16.18
2020,50077,Castejón de Valdejasa,209,110.11
2020,50078,Castiliscar,254,40.68
2020,50079,Cervera de la Cañada,260,29.22
2020,50080,Cerveruela,34,23.49
2020,50081,Cetina,583,78.76
2020,50082,Cimballa,94,31.95
2020,50083,Cinco Olivas,102,2.25
2020,50084,Clarés de Ribota,67,18
2020,50085,Codo,199,11.36
2020,50086,Codos,248,62.69
2020,50087,Contamina,32,14.02
2020,50088,Cosuenda,337,31.68
2020,50089,Cuarte de Huerva,13450,8.95
2020,50090,Cubel,155,58.62
2020,50091,Las Cuerlas,41,32.58
2020,50092,Chiprana,497,38.98
2020,50093,Chodes,104,15.97
2020,50094,Daroca,1965,52.05
2020,50095,Ejea de los Caballeros,16984,609.92
2020,50096,Embid de Ariza,35,41.26
2020,50098,Encinacorba,178,36.74
2020,50099,Épila,4372,194.32
2020,50100,Erla,341,18.96
2020,50101,Escatrón,1067,94.64
2020,50102,Fabara,1109,101.63
2020,50104,Farlete,366,104.12
2020,50105,Fayón,380,67.19
2020,50106,Los Fayos,131,3.88
2020,50107,Figueruelas,1262,16.99
2020,50108,Fombuena,60,26.37
2020,50109,El Frago,97,33.76
2020,50110,El Frasno,379,48.64
2020,50111,Fréscano,199,18.41
2020,50113,Fuendejalón,784,75.83
2020,50114,Fuendetodos,145,62
2020,50115,Fuentes de Ebro,4549,141.73
2020,50116,Fuentes de Jiloca,229,27.35
2020,50117,Gallocanta,136,29.71
2020,50118,Gallur,2566,41.71
2020,50119,Gelsa,996,72.04
2020,50120,Godojos,53,16.77
2020,50121,Gotor,302,15.52
2020,50122,Grisel,74,14.51
2020,50123,Grisén,590,4.75
2020,50124,Herrera de los Navarros,489,105.01
2020,50125,Ibdes,395,56.31
2020,50126,Illueca,2809,24.86
2020,50128,Isuerre,31,20.05
2020,50129,Jaraba,282,42.81
2020,50130,Jarque de Moncayo,417,43
2020,50131,Jaulín,251,46.05
2020,50132,La Joyosa,1101,6.52
2020,50133,Lagata,109,23.65
2020,50134,Langa del Castillo,122,50.13
2020,50135,Layana,94,3.69
2020,50136,Lécera,631,109
2020,50137,Leciñena,1146,178.59
2020,50138,Lechón,46,17.46
2020,50139,Letux,342,30.15
2020,50140,Litago,164,15
2020,50141,Lituénigo,123,11.38
2020,50142,Lobera de Onsella,26,32.18
2020,50143,Longares,883,45.96
2020,50144,Longás,32,49.23
2020,50146,Lucena de Jalón,232,10.31
2020,50147,Luceni,955,27.08
2020,50148,Luesia,297,126.83
2020,50149,Luesma,37,29
2020,50150,Lumpiaque,806,29.55
2020,50151,Luna,684,308.92
2020,50152,Maella,2008,174.88
2020,50153,Magallón,1112,78.61
2020,50154,Mainar,160,34.02
2020,50155,Malanquilla,89,36.63
2020,50156,Maleján,276,0.08
2020,50157,Malón,369,5.66
2020,50159,Maluenda,937,40.09
2020,50160,Mallén,3004,37.42
2020,50161,Manchones,106,26.83
2020,50162,Mara,168,21.09
2020,50163,María de Huerva,5970,108.09
2020,50164,Mediana de Aragón,447,90.57
2020,50165,Mequinenza,2279,307.45
2020,50166,Mesones de Isuela,257,48.55
2020,50167,Mezalocha,233,60.64
2020,50168,Mianos,27,14.82
2020,50169,Miedes de Aragón,415,55.38
2020,50170,Monegrillo,394,183.16
2020,50171,Moneva,114,61
2020,50172,Monreal de Ariza,189,62.06
2020,50173,Monterde,143,55.94
2020,50174,Montón,90,17.59
2020,50175,Morata de Jalón,1066,45.87
2020,50176,Morata de Jiloca,276,23.09
2020,50177,Morés,321,21.46
2020,50178,Moros,319,53
2020,50179,Moyuela,265,42.76
2020,50180,Mozota,120,8.68
2020,50181,Muel,1401,79.17
2020,50182,La Muela,5894,143.49
2020,50183,Munébrega,363,40.99
2020,50184,Murero,96,18.25
2020,50185,Murillo de Gállego,191,54.71
2020,50186,Navardún,36,24
2020,50187,Nigüella,61,30.42
2020,50188,Nombrevilla,31,17.56
2020,50189,Nonaspe,978,111.45
2020,50190,Novallas,825,11
2020,50191,Novillas,517,25.28
2020,50192,Nuévalos,285,41.84
2020,50193,Nuez de Ebro,838,8.21
2020,50194,Olvés,110,20.18
2020,50195,Orcajo,55,28.45
2020,50196,Orera,111,19.82
2020,50197,Orés,109,54.52
2020,50198,Oseja,47,12
2020,50199,Osera de Ebro,383,24.56
2020,50200,Paniza,619,47.31
2020,50201,Paracuellos de Jiloca,573,32
2020,50202,Paracuellos de la Ribera,136,14.95
2020,50203,Pastriz,1300,16.52
2020,50204,Pedrola,3587,113.74
2020,50205,Las Pedrosas,86,18.26
2020,50206,Perdiguera,572,109.77
2020,50207,Piedratajada,87,22.66
2020,50208,Pina de Ebro,2391,309.17
2020,50209,Pinseque,4070,16.09
2020,50210,Los Pintanos,39,79.64
2020,50211,Plasencia de Jalón,308,34.77
2020,50212,Pleitas,33,2.14
2020,50213,Plenas,98,37.95
2020,50214,Pomer,21,33.11
2020,50215,Pozuel de Ariza,21,22.63
2020,50216,Pozuelo de Aragón,282,32.11
2020,50217,Pradilla de Ebro,540,25.45
2020,50218,Puebla de Albortón,120,76.31
2020,50219,La Puebla de Alfindén,6358,17.03
2020,50220,Puendeluna,48,9.88
2020,50221,Purujosa,32,35.43
2020,50222,Quinto,1949,118.26
2020,50223,Remolinos,1074,18.51
2020,50224,Retascón,62,25.16
2020,50225,Ricla,2869,90.67
2020,50227,Romanos,125,19.53
2020,50228,Rueda de Jalón,312,107.37
2020,50229,Ruesca,76,11.63
2020,50230,Sádaba,1311,129.55
2020,50231,Salillas de Jalón,321,2.51
2020,50232,Salvatierra de Esca,207,81.24
2020,50233,Samper del Salz,100,11.49
2020,50234,San Martín de la Virgen de Moncayo,270,5.42
2020,50235,San Mateo de Gállego,3269,71.62
2020,50236,Santa Cruz de Grío,105,19.51
2020,50237,Santa Cruz de Moncayo,123,3.97
2020,50238,Santa Eulalia de Gállego,97,29.58
2020,50239,Santed,64,17.81
2020,50240,Sástago,1119,300.98
2020,50241,Sabiñán,722,15.52
2020,50242,Sediles,108,11.71
2020,50243,Sestrica,344,40.88
2020,50244,Sierra de Luna,270,43.39
2020,50245,Sigüés,79,101.77
2020,50246,Sisamón,35,41.55
2020,50247,Sobradiel,1136,12.06
2020,50248,Sos del Rey Católico,567,216.62
2020,50249,Tabuenca,321,85.72
2020,50250,Talamantes,61,46.94
2020,50251,Tarazona,10558,244.01
2020,50252,Tauste,6847,405.23
2020,50253,Terrer,464,33.75
2020,50254,Tierga,190,66.13
2020,50255,Tobed,230,32.39
2020,50256,Torralba de los Frailes,76,59.19
2020,50257,Torralba de Ribota,169,32.51
2020,50258,Torralbilla,59,25.86
2020,50259,Torrehermosa,69,21.13
2020,50260,Torrelapaja,35,15.68
2020,50261,Torrellas,246,2.53
2020,50262,Torres de Berrellén,1443,53.81
2020,50263,Torrijo de la Cañada,197,74.57
2020,50264,Tosos,183,68.65
2020,50265,Trasmoz,88,18.26
2020,50266,Trasobares,115,71.76
2020,50267,Uncastillo,621,230.87
2020,50268,Undués de Lerda,57,42.99
2020,50269,Urrea de Jalón,435,25.64
2020,50270,Urriés,43,37.27
2020,50271,Used,256,85.29
2020,50272,Utebo,18822,17.72
2020,50273,Valdehorna,33,7.95
2020,50274,Val de San Martín,61,25.66
2020,50275,Valmadrid,112,50.57
2020,50276,Valpalmas,137,39.79
2020,50277,Valtorres,61,3.29
2020,50278,Velilla de Ebro,203,59.79
2020,50279,Velilla de Jiloca,81,10
2020,50280,Vera de Moncayo,322,27.66
2020,50281,Vierlas,82,2.67
2020,50282,La Vilueña,62,8.61
2020,50283,Villadoz,95,17.18
2020,50284,Villafeliche,154,22
2020,50285,Villafranca de Ebro,838,63.64
2020,50286,Villalba de Perejil,96,13.33
2020,50287,Villalengua,293,40.16
2020,50288,Villanueva de Gállego,4728,75.99
2020,50289,Villanueva de Jiloca,52,7.34
2020,50290,Villanueva de Huerva,434,75.99
2020,50291,Villar de los Navarros,113,49
2020,50292,Villarreal de Huerva,273,27.13
2020,50293,Villarroya de la Sierra,435,91
2020,50294,Villarroya del Campo,89,16.94
2020,50295,Vistabella,48,21.82
2020,50296,La Zaida,447,17.27
2020,50297,Zaragoza,681877,973.78
2020,50298,Zuera,8576,332.25
2020,50901,Biel,155,130.73
2020,50902,Marracos,84,16.92
2020,50903,Villamayor de Gállego,2745,89.36
2021,50001,Abanto,89,63.84
2021,50002,Acered,140,30
2021,50003,Agón,135,18.52
2021,50004,Aguarón,616,36.62
2021,50005,Aguilón,234,59.45
2021,50006,Ainzón,1067,40.46
2021,50007,Aladrén,58,21.06
2021,50008,Alagón,7121,24.22
2021,50009,Alarba,112,19
2021,50010,Alberite de San Juan,77,11.23
2021,50011,Albeta,140,2.65
2021,50012,Alborge,111,4.84
2021,50013,Alcalá de Ebro,245,9.87
2021,50014,Alcalá de Moncayo,153,13.76
2021,50015,Alconchel de Ariza,79,34.85
2021,50016,Aldehuela de Liestos,52,38.04
2021,50017,Alfajarín,2374,137.57
2021,50018,Alfamén,1446,102.04
2021,50019,Alforque,62,10.62
2021,50020,Alhama de Aragón,1002,31.14
2021,50021,Almochuel,24,32
2021,50022,La Almolda,555,131.33
2021,50023,Almonacid de la Cuba,234,55.21
2021,50024,Almonacid de la Sierra,771,55.21
2021,50025,La Almunia de Doña Godina,7983,56.65
2021,50026,Alpartir,604,32.54
2021,50027,Ambel,252,61
2021,50028,Anento,91,21.52
2021,50029,Aniñón,671,52.46
2021,50030,Añón de Moncayo,205,64.19
2021,50031,Aranda de Moncayo,140,91
2021,50032,Arándiga,274,50.22
2021,50033,Ardisa,76,27.28
2021,50034,Ariza,1068,103.08
2021,50035,Artieda,78,13.57
2021,50036,Asín,97,18.47
2021,50037,Atea,149,34.67
2021,50038,Ateca,1729,84.71
2021,50039,Azuara,544,165.81
2021,50040,Badules,70,20.09
2021,50041,Bagüés,16,30.72
2021,50042,Balconchán,19,19
2021,50043,Bárboles,297,15.68
2021,50044,Bardallur,254,27.34
2021,50045,Belchite,1540,273.68
2021,50046,Belmonte de Gracián,194,43.68
2021,50047,Berdejo,40,19.39
2021,50048,Berrueco,35,19
2021,50050,Bijuesca,90,57.08
2021,50051,Biota,912,128
2021,50052,Bisimbre,87,11.22
2021,50053,Boquiñeni,778,18.87
2021,50054,Bordalba,51,41.58
2021,50055,Borja,5037,107.29
2021,50056,Botorrita,516,19.81
2021,50057,Brea de Aragón,1559,13.38
2021,50058,Bubierca,64,29.54
2021,50059,Bujaraloz,975,120.92
2021,50060,Bulbuente,233,25.44
2021,50061,Bureta,206,11.91
2021,50062,El Burgo de Ebro,2538,24.86
2021,50063,El Buste,69,7.61
2021,50064,Cabañas de Ebro,487,8.53
2021,50065,Cabolafuente,49,39.24
2021,50066,Cadrete,4334,11.86
2021,50067,Calatayud,19870,154.25
2021,50068,Calatorao,2921,48.15
2021,50069,Calcena,78,64.74
2021,50070,Calmarza,64,28.15
2021,50071,Campillo de Aragón,132,36.86
2021,50072,Carenas,182,31.22
2021,50073,Cariñena,3370,82.51
2021,50074,Caspe,10183,503.15
2021,50075,Castejón de Alarba,78,17.56
2021,50076,Castejón de las Armas,82,16.18
2021,50077,Castejón de Valdejasa,216,110.11
2021,50078,Castiliscar,248,40.68
2021,50079,Cervera de la Cañada,264,29.22
2021,50080,Cerveruela,37,23.49
2021,50081,Cetina,578,78.76
2021,50082,Cimballa,93,31.95
2021,50083,Cinco Olivas,105,2.25
2021,50084,Clarés de Ribota,68,18
2021,50085,Codo,206,11.36
2021,50086,Codos,237,62.69
2021,50087,Contamina,33,14.02
2021,50088,Cosuenda,335,31.68
2021,50089,Cuarte de Huerva,13773,8.95
2021,50090,Cubel,146,58.62
2021,50091,Las Cuerlas,42,32.58
2021,50092,Chiprana,503,38.98
2021,50093,Chodes,100,15.97
2021,50094,Daroca,1914,52.05
2021,50095,Ejea de los Caballeros,17036,609.92
2021,50096,Embid de Ariza,32,41.26
2021,50098,Encinacorba,186,36.74
2021,50099,Épila,4368,194.32
2021,50100,Erla,356,18.96
2021,50101,Escatrón,1120,94.64
2021,50102,Fabara,1096,101.63
2021,50104,Farlete,378,104.12
2021,50105,Fayón,382,67.19
2021,50106,Los Fayos,134,3.88
2021,50107,Figueruelas,1239,16.99
2021,50108,Fombuena,59,26.37
2021,50109,El Frago,115,33.76
2021,50110,El Frasno,394,48.64
2021,50111,Fréscano,200,18.41
2021,50113,Fuendejalón,766,75.83
2021,50114,Fuendetodos,142,62
2021,50115,Fuentes de Ebro,4600,141.73
2021,50116,Fuentes de Jiloca,211,27.35
2021,50117,Gallocanta,128,29.71
2021,50118,Gallur,2555,41.71
2021,50119,Gelsa,997,72.04
2021,50120,Godojos,49,16.77
2021,50121,Gotor,311,15.52
2021,50122,Grisel,83,14.51
2021,50123,Grisén,605,4.75
2021,50124,Herrera de los Navarros,496,105.01
2021,50125,Ibdes,388,56.31
2021,50126,Illueca,2778,24.86
2021,50128,Isuerre,33,20.05
2021,50129,Jaraba,282,42.81
2021,50130,Jarque de Moncayo,413,43
2021,50131,Jaulín,275,46.05
2021,50132,La Joyosa,1132,6.52
2021,50133,Lagata,114,23.65
2021,50134,Langa del Castillo,116,50.13
2021,50135,Layana,92,3.69
2021,50136,Lécera,642,109
2021,50137,Leciñena,1132,178.59
2021,50138,Lechón,47,17.46
2021,50139,Letux,343,30.15
2021,50140,Litago,190,15
2021,50141,Lituénigo,119,11.38
2021,50142,Lobera de Onsella,25,32.18
2021,50143,Longares,876,45.96
2021,50144,Longás,36,49.23
2021,50146,Lucena de Jalón,227,10.31
2021,50147,Luceni,987,27.08
2021,50148,Luesia,342,126.83
2021,50149,Luesma,40,29
2021,50150,Lumpiaque,836,29.55
2021,50151,Luna,709,308.92
2021,50152,Maella,2062,174.88
2021,50153,Magallón,1133,78.61
2021,50154,Mainar,162,34.02
2021,50155,Malanquilla,95,36.63
2021,50156,Maleján,260,0.08
2021,50157,Malón,371,5.66
2021,50159,Maluenda,920,40.09
2021,50160,Mallén,2977,37.42
2021,50161,Manchones,104,26.83
2021,50162,Mara,167,21.09
2021,50163,María de Huerva,6021,108.09
2021,50164,Mediana de Aragón,465,90.57
2021,50165,Mequinenza,2292,307.45
2021,50166,Mesones de Isuela,265,48.55
2021,50167,Mezalocha,238,60.64
2021,50168,Mianos,28,14.82
2021,50169,Miedes de Aragón,429,55.38
2021,50170,Monegrillo,389,183.16
2021,50171,Moneva,121,61
2021,50172,Monreal de Ariza,193,62.06
2021,50173,Monterde,135,55.94
2021,50174,Montón,89,17.59
2021,50175,Morata de Jalón,1077,45.87
2021,50176,Morata de Jiloca,260,23.09
2021,50177,Morés,338,21.46
2021,50178,Moros,304,53
2021,50179,Moyuela,262,42.76
2021,50180,Mozota,124,8.68
2021,50181,Muel,1436,79.17
2021,50182,La Muela,6125,143.49
2021,50183,Munébrega,360,40.99
2021,50184,Murero,97,18.25
2021,50185,Murillo de Gállego,187,54.71
2021,50186,Navardún,34,24
2021,50187,Nigüella,62,30.42
2021,50188,Nombrevilla,35,17.56
2021,50189,Nonaspe,998,111.45
2021,50190,Novallas,833,11
2021,50191,Novillas,502,25.28
2021,50192,Nuévalos,297,41.84
2021,50193,Nuez de Ebro,880,8.21
2021,50194,Olvés,105,20.18
2021,50195,Orcajo,58,28.45
2021,50196,Orera,116,19.82
2021,50197,Orés,107,54.52
2021,50198,Oseja,45,12
2021,50199,Osera de Ebro,395,24.56
2021,50200,Paniza,609,47.31
2021,50201,Paracuellos de Jiloca,567,32
2021,50202,Paracuellos de la Ribera,131,14.95
2021,50203,Pastriz,1294,16.52
2021,50204,Pedrola,3572,113.74
2021,50205,Las Pedrosas,96,18.26
2021,50206,Perdiguera,567,109.77
2021,50207,Piedratajada,93,22.66
2021,50208,Pina de Ebro,2390,309.17
2021,50209,Pinseque,4184,16.09
2021,50210,Los Pintanos,38,79.64
2021,50211,Plasencia de Jalón,309,34.77
2021,50212,Pleitas,33,2.14
2021,50213,Plenas,100,37.95
2021,50214,Pomer,25,33.11
2021,50215,Pozuel de Ariza,17,22.63
2021,50216,Pozuelo de Aragón,265,32.11
2021,50217,Pradilla de Ebro,534,25.45
2021,50218,Puebla de Albortón,125,76.31
2021,50219,La Puebla de Alfindén,6446,17.03
2021,50220,Puendeluna,49,9.88
2021,50221,Purujosa,26,35.43
2021,50222,Quinto,1937,118.26
2021,50223,Remolinos,1052,18.51
2021,50224,Retascón,65,25.16
2021,50225,Ricla,2922,90.67
2021,50227,Romanos,132,19.53
2021,50228,Rueda de Jalón,313,107.37
2021,50229,Ruesca,76,11.63
2021,50230,Sádaba,1294,129.55
2021,50231,Salillas de Jalón,338,2.51
2021,50232,Salvatierra de Esca,210,81.24
2021,50233,Samper del Salz,101,11.49
2021,50234,San Martín de la Virgen de Moncayo,276,5.42
2021,50235,San Mateo de Gállego,3415,71.62
2021,50236,Santa Cruz de Grío,102,19.51
2021,50237,Santa Cruz de Moncayo,134,3.97
2021,50238,Santa Eulalia de Gállego,103,29.58
2021,50239,Santed,64,17.81
2021,50240,Sástago,1122,300.98
2021,50241,Sabiñán,686,15.52
2021,50242,Sediles,108,11.71
2021,50243,Sestrica,338,40.88
2021,50244,Sierra de Luna,285,43.39
2021,50245,Sigüés,79,101.77
2021,50246,Sisamón,33,41.55
2021,50247,Sobradiel,1150,12.06
2021,50248,Sos del Rey Católico,574,216.62
2021,50249,Tabuenca,320,85.72
2021,50250,Talamantes,64,46.94
2021,50251,Tarazona,10494,244.01
2021,50252,Tauste,6777,405.23
2021,50253,Terrer,530,33.75
2021,50254,Tierga,190,66.13
2021,50255,Tobed,225,32.39
2021,50256,Torralba de los Frailes,74,59.19
2021,50257,Torralba de Ribota,163,32.51
2021,50258,Torralbilla,59,25.86
2021,50259,Torrehermosa,63,21.13
2021,50260,Torrelapaja,35,15.68
2021,50261,Torrellas,241,2.53
2021,50262,Torres de Berrellén,1460,53.81
2021,50263,Torrijo de la Cañada,204,74.57
2021,50264,Tosos,176,68.65
2021,50265,Trasmoz,82,18.26
2021,50266,Trasobares,129,71.76
2021,50267,Uncastillo,634,230.87
2021,50268,Undués de Lerda,56,42.99
2021,50269,Urrea de Jalón,447,25.64
2021,50270,Urriés,49,37.27
2021,50271,Used,271,85.29
2021,50272,Utebo,18856,17.72
2021,50273,Valdehorna,29,7.95
2021,50274,Val de San Martín,59,25.66
2021,50275,Valmadrid,98,50.57
2021,50276,Valpalmas,135,39.79
2021,50277,Valtorres,63,3.29
2021,50278,Velilla de Ebro,203,59.79
2021,50279,Velilla de Jiloca,76,10
2021,50280,Vera de Moncayo,314,27.66
2021,50281,Vierlas,83,2.67
2021,50282,La Vilueña,71,8.61
2021,50283,Villadoz,90,17.18
2021,50284,Villafeliche,147,22
2021,50285,Villafranca de Ebro,848,63.64
2021,50286,Villalba de Perejil,100,13.33
2021,50287,Villalengua,291,40.16
2021,50288,Villanueva de Gállego,4725,75.99
2021,50289,Villanueva de Jiloca,57,7.34
2021,50290,Villanueva de Huerva,412,75.99
2021,50291,Villar de los Navarros,130,49
2021,50292,Villarreal de Huerva,272,27.13
2021,50293,Villarroya de la Sierra,445,91
2021,50294,Villarroya del Campo,89,16.94
2021,50295,Vistabella,51,21.82
2021,50296,La Zaida,432,17.27
2021,50297,Zaragoza,675301,973.78
2021,50298,Zuera,8591,332.25
2021,50901,Biel,171,130.73
2021,50902,Marracos,92,16.92
2021,50903,Villamayor de Gállego,2768,89.36
2022,50001,Abanto,89,63.84
2022,50002,Acered,138,30
2022,50003,Agón,139,18.52
2022,50004,Aguarón,610,36.62
2022,50005,Aguilón,244,59.45
2022,50006,Ainzón,1066,40.46
2022,50007,Aladrén,59,21.06
2022,50008,Alagón,7178,24.22
2022,50009,Alarba,104,19
2022,50010,Alberite de San Juan,78,11.23
2022,50011,Albeta,144,2.65
2022,50012,Alborge,111,4.84
2022,50013,Alcalá de Ebro,239,9.87
2022,50014,Alcalá de Moncayo,157,13.76
2022,50015,Alconchel de Ariza,80,34.85
2022,50016,Aldehuela de Liestos,52,38.04
2022,50017,Alfajarín,2434,137.57
2022,50018,Alfamén,1477,102.04
2022,50019,Alforque,64,10.62
2022,50020,Alhama de Aragón,964,31.14
2022,50021,Almochuel,22,32
2022,50022,La Almolda,549,131.33
2022,50023,Almonacid de la Cuba,234,55.21
2022,50024,Almonacid de la Sierra,756,55.21
2022,50025,La Almunia de Doña Godina,7943,56.65
2022,50026,Alpartir,602,32.54
2022,50027,Ambel,253,61
2022,50028,Anento,101,21.52
2022,50029,Aniñón,659,52.46
2022,50030,Añón de Moncayo,202,64.19
2022,50031,Aranda de Moncayo,132,91
2022,50032,Arándiga,287,50.22
2022,50033,Ardisa,74,27.28
2022,50034,Ariza,1045,103.08
2022,50035,Artieda,82,13.57
2022,50036,Asín,104,18.47
2022,50037,Atea,141,34.67
2022,50038,Ateca,1690,84.71
2022,50039,Azuara,539,165.81
2022,50040,Badules,74,20.09
2022,50041,Bagüés,15,30.72
2022,50042,Balconchán,18,19
2022,50043,Bárboles,297,15.68
2022,50044,Bardallur,249,27.34
2022,50045,Belchite,1533,273.68
2022,50046,Belmonte de Gracián,183,43.68
2022,50047,Berdejo,42,19.39
2022,50048,Berrueco,32,19
2022,50050,Bijuesca,89,57.08
2022,50051,Biota,874,128
2022,50052,Bisimbre,80,11.22
2022,50053,Boquiñeni,790,18.87
2022,50054,Bordalba,49,41.58
2022,50055,Borja,5054,107.29
2022,50056,Botorrita,526,19.81
2022,50057,Brea de Aragón,1547,13.38
2022,50058,Bubierca,60,29.54
2022,50059,Bujaraloz,1013,120.92
2022,50060,Bulbuente,244,25.44
2022,50061,Bureta,213,11.91
2022,50062,El Burgo de Ebro,2591,24.86
2022,50063,El Buste,71,7.61
2022,50064,Cabañas de Ebro,491,8.53
2022,50065,Cabolafuente,49,39.24
2022,50066,Cadrete,4473,11.86
2022,50067,Calatayud,19776,154.25
2022,50068,Calatorao,2882,48.15
2022,50069,Calcena,74,64.74
2022,50070,Calmarza,63,28.15
2022,50071,Campillo de Aragón,127,36.86
2022,50072,Carenas,178,31.22
2022,50073,Cariñena,3345,82.51
2022,50074,Caspe,10220,503.15
2022,50075,Castejón de Alarba,73,17.56
2022,50076,Castejón de las Armas,81,16.18
2022,50077,Castejón de Valdejasa,209,110.11
2022,50078,Castiliscar,230,40.68
2022,50079,Cervera de la Cañada,264,29.22
2022,50080,Cerveruela,39,23.49
2022,50081,Cetina,570,78.76
2022,50082,Cimballa,86,31.95
2022,50083,Cinco Olivas,102,2.25
2022,50084,Clarés de Ribota,71,18
2022,50085,Codo,208,11.36
2022,50086,Codos,232,62.69
2022,50087,Contamina,31,14.02
2022,50088,Cosuenda,326,31.68
2022,50089,Cuarte de Huerva,14169,8.95
2022,50090,Cubel,153,58.62
2022,50091,Las Cuerlas,39,32.58
2022,50092,Chiprana,515,38.98
2022,50093,Chodes,96,15.97
2022,50094,Daroca,1921,52.05
2022,50095,Ejea de los Caballeros,17124,609.92
2022,50096,Embid de Ariza,31,41.26
2022,50098,Encinacorba,185,36.74
2022,50099,Épila,4447,194.32
2022,50100,Erla,360,18.96
2022,50101,Escatrón,1156,94.64
2022,50102,Fabara,1088,101.63
2022,50104,Farlete,376,104.12
2022,50105,Fayón,397,67.19
2022,50106,Los Fayos,131,3.88
2022,50107,Figueruelas,1226,16.99
2022,50108,Fombuena,59,26.37
2022,50109,El Frago,117,33.76
2022,50110,El Frasno,379,48.64
2022,50111,Fréscano,204,18.41
2022,50113,Fuendejalón,763,75.83
2022,50114,Fuendetodos,144,62
2022,50115,Fuentes de Ebro,4613,141.73
2022,50116,Fuentes de Jiloca,208,27.35
2022,50117,Gallocanta,120,29.71
2022,50118,Gallur,2563,41.71
2022,50119,Gelsa,1007,72.04
2022,50120,Godojos,49,16.77
2022,50121,Gotor,290,15.52
2022,50122,Grisel,82,14.51
2022,50123,Grisén,623,4.75
2022,50124,Herrera de los Navarros,523,105.01
2022,50125,Ibdes,384,56.31
2022,50126,Illueca,2746,24.86
2022,50128,Isuerre,33,20.05
2022,50129,Jaraba,280,42.81
2022,50130,Jarque de Moncayo,407,43
2022,50131,Jaulín,278,46.05
2022,50132,La Joyosa,1119,6.52
2022,50133,Lagata,109,23.65
2022,50134,Langa del Castillo,115,50.13
2022,50135,Layana,96,3.69
2022,50136,Lécera,634,109
2022,50137,Leciñena,1116,178.59
2022,50138,Lechón,47,17.46
2022,50139,Letux,337,30.15
2022,50140,Litago,194,15
2022,50141,Lituénigo,121,11.38
2022,50142,Lobera de Onsella,26,32.18
2022,50143,Longares,882,45.96
2022,50144,Longás,42,49.23
2022,50146,Lucena de Jalón,226,10.31
2022,50147,Luceni,973,27.08
2022,50148,Luesia,333,126.83
2022,50149,Luesma,38,29
2022,50150,Lumpiaque,841,29.55
2022,50151,Luna,694,308.92
2022,50152,Maella,2097,174.88
2022,50153,Magallón,1118,78.61
2022,50154,Mainar,170,34.02
2022,50155,Malanquilla,90,36.63
2022,50156,Maleján,262,0.08
2022,50157,Malón,392,5.66
2022,50159,Maluenda,905,40.09
2022,50160,Mallén,2937,37.42
2022,50161,Manchones,103,26.83
2022,50162,Mara,168,21.09
2022,50163,María de Huerva,6168,108.09
2022,50164,Mediana de Aragón,457,90.57
2022,50165,Mequinenza,2294,307.45
2022,50166,Mesones de Isuela,272,48.55
2022,50167,Mezalocha,232,60.64
2022,50168,Mianos,28,14.82
2022,50169,Miedes de Aragón,424,55.38
2022,50170,Monegrillo,393,183.16
2022,50171,Moneva,115,61
2022,50172,Monreal de Ariza,193,62.06
2022,50173,Monterde,133,55.94
2022,50174,Montón,86,17.59
2022,50175,Morata de Jalón,1101,45.87
2022,50176,Morata de Jiloca,250,23.09
2022,50177,Morés,332,21.46
2022,50178,Moros,299,53
2022,50179,Moyuela,251,42.76
2022,50180,Mozota,123,8.68
2022,50181,Muel,1479,79.17
2022,50182,La Muela,6247,143.49
2022,50183,Munébrega,356,40.99
2022,50184,Murero,104,18.25
2022,50185,Murillo de Gállego,197,54.71
2022,50186,Navardún,35,24
2022,50187,Nigüella,59,30.42
2022,50188,Nombrevilla,35,17.56
2022,50189,Nonaspe,1011,111.45
2022,50190,Novallas,845,11
2022,50191,Novillas,514,25.28
2022,50192,Nuévalos,279,41.84
2022,50193,Nuez de Ebro,889,8.21
2022,50194,Olvés,110,20.18
2022,50195,Orcajo,57,28.45
2022,50196,Orera,116,19.82
2022,50197,Orés,95,54.52
2022,50198,Oseja,52,12
2022,50199,Osera de Ebro,413,24.56
2022,50200,Paniza,604,47.31
2022,50201,Paracuellos de Jiloca,582,32
2022,50202,Paracuellos de la Ribera,129,14.95
2022,50203,Pastriz,1300,16.52
2022,50204,Pedrola,3625,113.74
2022,50205,Las Pedrosas,97,18.26
2022,50206,Perdiguera,553,109.77
2022,50207,Piedratajada,91,22.66
2022,50208,Pina de Ebro,2433,309.17
2022,50209,Pinseque,4278,16.09
2022,50210,Los Pintanos,37,79.64
2022,50211,Plasencia de Jalón,325,34.77
2022,50212,Pleitas,38,2.14
2022,50213,Plenas,100,37.95
2022,50214,Pomer,26,33.11
2022,50215,Pozuel de Ariza,24,22.63
2022,50216,Pozuelo de Aragón,263,32.11
2022,50217,Pradilla de Ebro,541,25.45
2022,50218,Puebla de Albortón,129,76.31
2022,50219,La Puebla de Alfindén,6442,17.03
2022,50220,Puendeluna,48,9.88
2022,50221,Purujosa,27,35.43
2022,50222,Quinto,1916,118.26
2022,50223,Remolinos,1035,18.51
2022,50224,Retascón,60,25.16
2022,50225,Ricla,2932,90.67
2022,50227,Romanos,119,19.53
2022,50228,Rueda de Jalón,317,107.37
2022,50229,Ruesca,69,11.63
2022,50230,Sádaba,1291,129.55
2022,50231,Salillas de Jalón,355,2.51
2022,50232,Salvatierra de Esca,199,81.24
2022,50233,Samper del Salz,96,11.49
2022,50234,San Martín de la Virgen de Moncayo,283,5.42
2022,50235,San Mateo de Gállego,3452,71.62
2022,50236,Santa Cruz de Grío,94,19.51
2022,50237,Santa Cruz de Moncayo,125,3.97
2022,50238,Santa Eulalia de Gállego,102,29.58
2022,50239,Santed,66,17.81
2022,50240,Sástago,1093,300.98
2022,50241,Sabiñán,675,15.52
2022,50242,Sediles,106,11.71
2022,50243,Sestrica,349,40.88
2022,50244,Sierra de Luna,281,43.39
2022,50245,Sigüés,73,101.77
2022,50246,Sisamón,45,41.55
2022,50247,Sobradiel,1143,12.06
2022,50248,Sos del Rey Católico,568,216.62
2022,50249,Tabuenca,310,85.72
2022,50250,Talamantes,64,46.94
2022,50251,Tarazona,10565,244.01
2022,50252,Tauste,6817,405.23
2022,50253,Terrer,565,33.75
2022,50254,Tierga,179,66.13
2022,50255,Tobed,215,32.39
2022,50256,Torralba de los Frailes,73,59.19
2022,50257,Torralba de Ribota,168,32.51
2022,50258,Torralbilla,51,25.86
2022,50259,Torrehermosa,70,21.13
2022,50260,Torrelapaja,35,15.68
2022,50261,Torrellas,236,2.53
2022,50262,Torres de Berrellén,1476,53.81
2022,50263,Torrijo de la Cañada,201,74.57
2022,50264,Tosos,162,68.65
2022,50265,Trasmoz,89,18.26
2022,50266,Trasobares,125,71.76
2022,50267,Uncastillo,628,230.87
2022,50268,Undués de Lerda,52,42.99
2022,50269,Urrea de Jalón,448,25.64
2022,50270,Urriés,49,37.27
2022,50271,Used,269,85.29
2022,50272,Utebo,18881,17.72
2022,50273,Valdehorna,27,7.95
2022,50274,Val de San Martín,60,25.66
2022,50275,Valmadrid,110,50.57
2022,50276,Valpalmas,134,39.79
2022,50277,Valtorres,64,3.29
2022,50278,Velilla de Ebro,200,59.79
2022,50279,Velilla de Jiloca,71,10
2022,50280,Vera de Moncayo,316,27.66
2022,50281,Vierlas,80,2.67
2022,50282,La Vilueña,65,8.61
2022,50283,Villadoz,90,17.18
2022,50284,Villafeliche,154,22
2022,50285,Villafranca de Ebro,848,63.64
2022,50286,Villalba de Perejil,100,13.33
2022,50287,Villalengua,287,40.16
2022,50288,Villanueva de Gállego,4769,75.99
2022,50289,Villanueva de Jiloca,68,7.34
2022,50290,Villanueva de Huerva,389,75.99
2022,50291,Villar de los Navarros,141,49
2022,50292,Villarreal de Huerva,266,27.13
2022,50293,Villarroya de la Sierra,435,91
2022,50294,Villarroya del Campo,82,16.94
2022,50295,Vistabella,52,21.82
2022,50296,La Zaida,435,17.27
2022,50297,Zaragoza,673010,973.78
2022,50298,Zuera,8632,332.25
2022,50901,Biel,170,130.73
2022,50902,Marracos,91,16.92
2022,50903,Villamayor de Gállego,2827,89.36
2023,50001,Abanto,86,63.84
2023,50002,Acered,139,30
2023,50003,Agón,134,18.52
2023,50004,Aguarón,580,36.62
2023,50005,Aguilón,268,59.45
2023,50006,Ainzón,1055,40.46
2023,50007,Aladrén,64,21.06
2023,50008,Alagón,7257,24.22
2023,50009,Alarba,94,19
2023,50010,Alberite de San Juan,82,11.23
2023,50011,Albeta,141,2.65
2023,50012,Alborge,105,4.84
2023,50013,Alcalá de Ebro,240,9.87
2023,50014,Alcalá de Moncayo,151,13.76
2023,50015,Alconchel de Ariza,76,34.85
2023,50016,Aldehuela de Liestos,51,38.04
2023,50017,Alfajarín,2439,137.57
2023,50018,Alfamén,1472,102.04
2023,50019,Alforque,65,10.62
2023,50020,Alhama de Aragón,925,31.14
2023,50021,Almochuel,20,32
2023,50022,La Almolda,548,131.33
2023,50023,Almonacid de la Cuba,227,55.21
2023,50024,Almonacid de la Sierra,775,55.21
2023,50025,La Almunia de Doña Godina,7914,56.65
2023,50026,Alpartir,570,32.54
2023,50027,Ambel,248,61
2023,50028,Anento,111,21.52
2023,50029,Aniñón,676,52.46
2023,50030,Añón de Moncayo,214,64.19
2023,50031,Aranda de Moncayo,129,91
2023,50032,Arándiga,266,50.22
2023,50033,Ardisa,76,27.28
2023,50034,Ariza,1059,103.08
2023,50035,Artieda,80,13.57
2023,50036,Asín,101,18.47
2023,50037,Atea,137,34.67
2023,50038,Ateca,1697,84.71
2023,50039,Azuara,527,165.81
2023,50040,Badules,75,20.09
2023,50041,Bagüés,18,30.72
2023,50042,Balconchán,17,19
2023,50043,Bárboles,289,15.68
2023,50044,Bardallur,232,27.34
2023,50045,Belchite,1530,273.68
2023,50046,Belmonte de Gracián,178,43.68
2023,50047,Berdejo,37,19.39
2023,50048,Berrueco,33,19
2023,50050,Bijuesca,95,57.08
2023,50051,Biota,855,128
2023,50052,Bisimbre,84,11.22
2023,50053,Boquiñeni,780,18.87
2023,50054,Bordalba,49,41.58
2023,50055,Borja,5076,107.29
2023,50056,Botorrita,574,19.81
2023,50057,Brea de Aragón,1522,13.38
2023,50058,Bubierca,59,29.54
2023,50059,Bujaraloz,967,120.92
2023,50060,Bulbuente,242,25.44
2023,50061,Bureta,212,11.91
2023,50062,El Burgo de Ebro,2660,24.86
2023,50063,El Buste,64,7.61
2023,50064,Cabañas de Ebro,487,8.53
2023,50065,Cabolafuente,46,39.24
2023,50066,Cadrete,4486,11.86
2023,50067,Calatayud,19677,154.25
2023,50068,Calatorao,2889,48.15
2023,50069,Calcena,75,64.74
2023,50070,Calmarza,58,28.15
2023,50071,Campillo de Aragón,119,36.86
2023,50072,Carenas,186,31.22
2023,50073,Cariñena,3397,82.51
2023,50074,Caspe,10336,503.15
2023,50075,Castejón de Alarba,89,17.56
2023,50076,Castejón de las Armas,86,16.18
2023,50077,Castejón de Valdejasa,202,110.11
2023,50078,Castiliscar,217,40.68
2023,50079,Cervera de la Cañada,272,29.22
2023,50080,Cerveruela,37,23.49
2023,50081,Cetina,564,78.76
2023,50082,Cimballa,87,31.95
2023,50083,Cinco Olivas,104,2.25
2023,50084,Clarés de Ribota,74,18
2023,50085,Codo,213,11.36
2023,50086,Codos,228,62.69
2023,50087,Contamina,38,14.02
2023,50088,Cosuenda,335,31.68
2023,50089,Cuarte de Huerva,14701,8.95
2023,50090,Cubel,148,58.62
2023,50091,Las Cuerlas,41,32.58
2023,50092,Chiprana,531,38.98
2023,50093,Chodes,94,15.97
2023,50094,Daroca,1957,52.05
2023,50095,Ejea de los Caballeros,17135,609.92
2023,50096,Embid de Ariza,31,41.26
2023,50098,Encinacorba,183,36.74
2023,50099,Épila,4494,194.32
2023,50100,Erla,363,18.96
2023,50101,Escatrón,1174,94.64
2023,50102,Fabara,1065,101.63
2023,50104,Farlete,408,104.12
2023,50105,Fayón,422,67.19
2023,50106,Los Fayos,128,3.88
2023,50107,Figueruelas,1250,16.99
2023,50108,Fombuena,57,26.37
2023,50109,El Frago,126,33.76
2023,50110,El Frasno,363,48.64
2023,50111,Fréscano,200,18.41
2023,50113,Fuendejalón,756,75.83
2023,50114,Fuendetodos,150,62
2023,50115,Fuentes de Ebro,4626,141.73
2023,50116,Fuentes de Jiloca,219,27.35
2023,50117,Gallocanta,123,29.71
2023,50118,Gallur,2576,41.71
2023,50119,Gelsa,996,72.04
2023,50120,Godojos,61,16.77
2023,50121,Gotor,307,15.52
2023,50122,Grisel,93,14.51
2023,50123,Grisén,646,4.75
2023,50124,Herrera de los Navarros,502,105.01
2023,50125,Ibdes,378,56.31
2023,50126,Illueca,2711,24.86
2023,50128,Isuerre,33,20.05
2023,50129,Jaraba,281,42.81
2023,50130,Jarque de Moncayo,399,43
2023,50131,Jaulín,291,46.05
2023,50132,La Joyosa,1152,6.52
2023,50133,Lagata,111,23.65
2023,50134,Langa del Castillo,115,50.13
2023,50135,Layana,96,3.69
2023,50136,Lécera,616,109
2023,50137,Leciñena,1103,178.59
2023,50138,Lechón,46,17.46
2023,50139,Letux,337,30.15
2023,50140,Litago,196,15
2023,50141,Lituénigo,123,11.38
2023,50142,Lobera de Onsella,26,32.18
2023,50143,Longares,852,45.96
2023,50144,Longás,44,49.23
2023,50146,Lucena de Jalón,234,10.31
2023,50147,Luceni,990,27.08
2023,50148,Luesia,335,126.83
2023,50149,Luesma,39,29
2023,50150,Lumpiaque,848,29.55
2023,50151,Luna,680,308.92
2023,50152,Maella,2100,174.88
2023,50153,Magallón,1110,78.61
2023,50154,Mainar,176,34.02
2023,50155,Malanquilla,79,36.63
2023,50156,Maleján,268,0.08
2023,50157,Malón,431,5.66
2023,50159,Maluenda,902,40.09
2023,50160,Mallén,2939,37.42
2023,50161,Manchones,99,26.83
2023,50162,Mara,163,21.09
2023,50163,María de Huerva,6335,108.09
2023,50164,Mediana de Aragón,441,90.57
2023,50165,Mequinenza,2272,307.45
2023,50166,Mesones de Isuela,260,48.55
2023,50167,Mezalocha,224,60.64
2023,50168,Mianos,26,14.82
2023,50169,Miedes de Aragón,425,55.38
2023,50170,Monegrillo,384,183.16
2023,50171,Moneva,124,61
2023,50172,Monreal de Ariza,175,62.06
2023,50173,Monterde,160,55.94
2023,50174,Montón,87,17.59
2023,50175,Morata de Jalón,1058,45.87
2023,50176,Morata de Jiloca,251,23.09
2023,50177,Morés,304,21.46
2023,50178,Moros,285,53
2023,50179,Moyuela,241,42.76
2023,50180,Mozota,129,8.68
2023,50181,Muel,1450,79.17
2023,50182,La Muela,6416,143.49
2023,50183,Munébrega,369,40.99
2023,50184,Murero,106,18.25
2023,50185,Murillo de Gállego,203,54.71
2023,50186,Navardún,38,24
2023,50187,Nigüella,60,30.42
2023,50188,Nombrevilla,37,17.56
2023,50189,Nonaspe,1025,111.45
2023,50190,Novallas,846,11
2023,50191,Novillas,509,25.28
2023,50192,Nuévalos,317,41.84
2023,50193,Nuez de Ebro,912,8.21
2023,50194,Olvés,102,20.18
2023,50195,Orcajo,59,28.45
2023,50196,Orera,103,19.82
2023,50197,Orés,91,54.52
2023,50198,Oseja,47,12
2023,50199,Osera de Ebro,400,24.56
2023,50200,Paniza,594,47.31
2023,50201,Paracuellos de Jiloca,584,32
2023,50202,Paracuellos de la Ribera,115,14.95
2023,50203,Pastriz,1316,16.52
2023,50204,Pedrola,3667,113.74
2023,50205,Las Pedrosas,99,18.26
2023,50206,Perdiguera,552,109.77
2023,50207,Piedratajada,89,22.66
2023,50208,Pina de Ebro,2456,309.17
2023,50209,Pinseque,4342,16.09
2023,50210,Los Pintanos,40,79.64
2023,50211,Plasencia de Jalón,353,34.77
2023,50212,Pleitas,34,2.14
2023,50213,Plenas,105,37.95
2023,50214,Pomer,26,33.11
2023,50215,Pozuel de Ariza,23,22.63
2023,50216,Pozuelo de Aragón,257,32.11
2023,50217,Pradilla de Ebro,558,25.45
2023,50218,Puebla de Albortón,131,76.31
2023,50219,La Puebla de Alfindén,6414,17.03
2023,50220,Puendeluna,44,9.88
2023,50221,Purujosa,30,35.43
2023,50222,Quinto,1869,118.26
2023,50223,Remolinos,1010,18.51
2023,50224,Retascón,71,25.16
2023,50225,Ricla,2987,90.67
2023,50227,Romanos,149,19.53
2023,50228,Rueda de Jalón,323,107.37
2023,50229,Ruesca,70,11.63
2023,50230,Sádaba,1263,129.55
2023,50231,Salillas de Jalón,351,2.51
2023,50232,Salvatierra de Esca,204,81.24
2023,50233,Samper del Salz,92,11.49
2023,50234,San Martín de la Virgen de Moncayo,271,5.42
2023,50235,San Mateo de Gállego,3441,71.62
2023,50236,Santa Cruz de Grío,97,19.51
2023,50237,Santa Cruz de Moncayo,126,3.97
2023,50238,Santa Eulalia de Gállego,94,29.58
2023,50239,Santed,67,17.81
2023,50240,Sástago,1088,300.98
2023,50241,Sabiñán,673,15.52
2023,50242,Sediles,108,11.71
2023,50243,Sestrica,341,40.88
2023,50244,Sierra de Luna,271,43.39
2023,50245,Sigüés,70,101.77
2023,50246,Sisamón,44,41.55
2023,50247,Sobradiel,1116,12.06
2023,50248,Sos del Rey Católico,583,216.62
2023,50249,Tabuenca,315,85.72
2023,50250,Talamantes,84,46.94
2023,50251,Tarazona,10720,244.01
2023,50252,Tauste,6828,405.23
2023,50253,Terrer,550,33.75
2023,50254,Tierga,174,66.13
2023,50255,Tobed,201,32.39
2023,50256,Torralba de los Frailes,72,59.19
2023,50257,Torralba de Ribota,176,32.51
2023,50258,Torralbilla,43,25.86
2023,50259,Torrehermosa,73,21.13
2023,50260,Torrelapaja,32,15.68
2023,50261,Torrellas,237,2.53
2023,50262,Torres de Berrellén,1498,53.81
2023,50263,Torrijo de la Cañada,201,74.57
2023,50264,Tosos,163,68.65
2023,50265,Trasmoz,83,18.26
2023,50266,Trasobares,123,71.76
2023,50267,Uncastillo,625,230.87
2023,50268,Undués de Lerda,52,42.99
2023,50269,Urrea de Jalón,438,25.64
2023,50270,Urriés,49,37.27
2023,50271,Used,269,85.29
2023,50272,Utebo,18955,17.72
2023,50273,Valdehorna,32,7.95
2023,50274,Val de San Martín,62,25.66
2023,50275,Valmadrid,126,50.57
2023,50276,Valpalmas,136,39.79
2023,50277,Valtorres,72,3.29
2023,50278,Velilla de Ebro,202,59.79
2023,50279,Velilla de Jiloca,67,10
2023,50280,Vera de Moncayo,315,27.66
2023,50281,Vierlas,85,2.67
2023,50282,La Vilueña,63,8.61
2023,50283,Villadoz,82,17.18
2023,50284,Villafeliche,146,22
2023,50285,Villafranca de Ebro,840,63.64
2023,50286,Villalba de Perejil,91,13.33
2023,50287,Villalengua,289,40.16
2023,50288,Villanueva de Gállego,4806,75.99
2023,50289,Villanueva de Jiloca,69,7.34
2023,50290,Villanueva de Huerva,385,75.99
2023,50291,Villar de los Navarros,148,49
2023,50292,Villarreal de Huerva,278,27.13
2023,50293,Villarroya de la Sierra,430,91
2023,50294,Villarroya del Campo,71,16.94
2023,50295,Vistabella,51,21.82
2023,50296,La Zaida,439,17.27
2023,50297,Zaragoza,682513,973.78
2023,50298,Zuera,8677,332.25
2023,50901,Biel,167,130.73
2023,50902,Marracos,87,16.92
2023,50903,Villamayor de Gállego,2866,89.36
2024,50001,Abanto,80,63.84
2024,50002,Acered,141,30
2024,50003,Agón,133,18.52
2024,50004,Aguarón,599,36.62
2024,50005,Aguilón,273,59.45
2024,50006,Ainzón,1043,40.46
2024,50007,Aladrén,62,21.06
2024,50008,Alagón,7450,24.22
2024,50009,Alarba,93,19
2024,50010,Alberite de San Juan,84,11.23
2024,50011,Albeta,141,2.65
2024,50012,Alborge,102,4.84
2024,50013,Alcalá de Ebro,243,9.87
2024,50014,Alcalá de Moncayo,153,13.76
2024,50015,Alconchel de Ariza,78,34.85
2024,50016,Aldehuela de Liestos,49,38.04
2024,50017,Alfajarín,2415,137.57
2024,50018,Alfamén,1494,102.04
2024,50019,Alforque,61,10.62
2024,50020,Alhama de Aragón,925,31.14
2024,50021,Almochuel,22,32
2024,50022,La Almolda,543,131.33
2024,50023,Almonacid de la Cuba,233,55.21
2024,50024,Almonacid de la Sierra,759,55.21
2024,50025,La Almunia de Doña Godina,7937,56.65
2024,50026,Alpartir,589,32.54
2024,50027,Ambel,254,61
2024,50028,Anento,112,21.52
2024,50029,Aniñón,683,52.46
2024,50030,Añón de Moncayo,216,64.19
2024,50031,Aranda de Moncayo,117,91
2024,50032,Arándiga,264,50.22
2024,50033,Ardisa,76,27.28
2024,50034,Ariza,1082,103.08
2024,50035,Artieda,86,13.57
2024,50036,Asín,89,18.47
2024,50037,Atea,136,34.67
2024,50038,Ateca,1732,84.71
2024,50039,Azuara,537,165.81
2024,50040,Badules,81,20.09
2024,50041,Bagüés,17,30.72
2024,50042,Balconchán,19,19
2024,50043,Bárboles,286,15.68
2024,50044,Bardallur,228,27.34
2024,50045,Belchite,1509,273.68
2024,50046,Belmonte de Gracián,181,43.68
2024,50047,Berdejo,38,19.39
2024,50048,Berrueco,33,19
2024,50050,Bijuesca,93,57.08
2024,50051,Biota,840,128
2024,50052,Bisimbre,91,11.22
2024,50053,Boquiñeni,751,18.87
2024,50054,Bordalba,47,41.58
2024,50055,Borja,5191,107.29
2024,50056,Botorrita,579,19.81
2024,50057,Brea de Aragón,1506,13.38
2024,50058,Bubierca,57,29.54
2024,50059,Bujaraloz,953,120.92
2024,50060,Bulbuente,240,25.44
2024,50061,Bureta,208,11.91
2024,50062,El Burgo de Ebro,2704,24.86
2024,50063,El Buste,59,7.61
2024,50064,Cabañas de Ebro,481,8.53
2024,50065,Cabolafuente,50,39.24
2024,50066,Cadrete,4639,11.86
2024,50067,Calatayud,19850,154.25
2024,50068,Calatorao,2906,48.15
2024,50069,Calcena,72,64.74
2024,50070,Calmarza,58,28.15
2024,50071,Campillo de Aragón,112,36.86
2024,50072,Carenas,167,31.22
2024,50073,Cariñena,3456,82.51
2024,50074,Caspe,10432,503.15
2024,50075,Castejón de Alarba,79,17.56
2024,50076,Castejón de las Armas,88,16.18
2024,50077,Castejón de Valdejasa,198,110.11
2024,50078,Castiliscar,214,40.68
2024,50079,Cervera de la Cañada,259,29.22
2024,50080,Cerveruela,37,23.49
2024,50081,Cetina,552,78.76
2024,50082,Cimballa,80,31.95
2024,50083,Cinco Olivas,102,2.25
2024,50084,Clarés de Ribota,70,18
2024,50085,Codo,201,11.36
2024,50086,Codos,217,62.69
2024,50087,Contamina,33,14.02
2024,50088,Cosuenda,329,31.68
2024,50089,Cuarte de Huerva,15112,8.95
2024,50090,Cubel,143,58.62
2024,50091,Las Cuerlas,41,32.58
2024,50092,Chiprana,500,38.98
2024,50093,Chodes,102,15.97
2024,50094,Daroca,1919,52.05
2024,50095,Ejea de los Caballeros,17133,609.92
2024,50096,Embid de Ariza,29,41.26
2024,50098,Encinacorba,182,36.74
2024,50099,Épila,4565,194.32
2024,50100,Erla,371,18.96
2024,50101,Escatrón,1177,94.64
2024,50102,Fabara,1047,101.63
2024,50104,Farlete,394,104.12
2024,50105,Fayón,430,67.19
2024,50106,Los Fayos,133,3.88
2024,50107,Figueruelas,1270,16.99
2024,50108,Fombuena,55,26.37
2024,50109,El Frago,134,33.76
2024,50110,El Frasno,361,48.64
2024,50111,Fréscano,194,18.41
2024,50113,Fuendejalón,763,75.83
2024,50114,Fuendetodos,145,62
2024,50115,Fuentes de Ebro,4631,141.73
2024,50116,Fuentes de Jiloca,209,27.35
2024,50117,Gallocanta,133,29.71
2024,50118,Gallur,2603,41.71
2024,50119,Gelsa,986,72.04
2024,50120,Godojos,54,16.77
2024,50121,Gotor,306,15.52
2024,50122,Grisel,96,14.51
2024,50123,Grisén,632,4.75
2024,50124,Herrera de los Navarros,504,105.01
2024,50125,Ibdes,372,56.31
2024,50126,Illueca,2727,24.86
2024,50128,Isuerre,30,20.05
2024,50129,Jaraba,295,42.81
2024,50130,Jarque de Moncayo,381,43
2024,50131,Jaulín,292,46.05
2024,50132,La Joyosa,1132,6.52
2024,50133,Lagata,115,23.65
2024,50134,Langa del Castillo,110,50.13
2024,50135,Layana,98,3.69
2024,50136,Lécera,599,109
2024,50137,Leciñena,1090,178.59
2024,50138,Lechón,44,17.46
2024,50139,Letux,356,30.15
2024,50140,Litago,192,15
2024,50141,Lituénigo,124,11.38
2024,50142,Lobera de Onsella,27,32.18
2024,50143,Longares,830,45.96
2024,50144,Longás,45,49.23
2024,50146,Lucena de Jalón,224,10.31
2024,50147,Luceni,1003,27.08
2024,50148,Luesia,331,126.83
2024,50149,Luesma,41,29
2024,50150,Lumpiaque,862,29.55
2024,50151,Luna,675,308.92
2024,50152,Maella,2089,174.88
2024,50153,Magallón,1093,78.61
2024,50154,Mainar,171,34.02
2024,50155,Malanquilla,73,36.63
2024,50156,Maleján,279,0.08
2024,50157,Malón,442,5.66
2024,50159,Maluenda,915,40.09
2024,50160,Mallén,2951,37.42
2024,50161,Manchones,96,26.83
2024,50162,Mara,161,21.09
2024,50163,María de Huerva,6371,108.09
2024,50164,Mediana de Aragón,457,90.57
2024,50165,Mequinenza,2232,307.45
2024,50166,Mesones de Isuela,266,48.55
2024,50167,Mezalocha,206,60.64
2024,50168,Mianos,28,14.82
2024,50169,Miedes de Aragón,403,55.38
2024,50170,Monegrillo,380,183.16
2024,50171,Moneva,118,61
2024,50172,Monreal de Ariza,173,62.06
2024,50173,Monterde,152,55.94
2024,50174,Montón,96,17.59
2024,50175,Morata de Jalón,1082,45.87
2024,50176,Morata de Jiloca,235,23.09
2024,50177,Morés,303,21.46
2024,50178,Moros,269,53
2024,50179,Moyuela,227,42.76
2024,50180,Mozota,130,8.68
2024,50181,Muel,1474,79.17
2024,50182,La Muela,6564,143.49
2024,50183,Munébrega,361,40.99
2024,50184,Murero,92,18.25
2024,50185,Murillo de Gállego,203,54.71
2024,50186,Navardún,39,24
2024,50187,Nigüella,62,30.42
2024,50188,Nombrevilla,39,17.56
2024,50189,Nonaspe,1012,111.45
2024,50190,Novallas,859,11
2024,50191,Novillas,502,25.28
2024,50192,Nuévalos,306,41.84
2024,50193,Nuez de Ebro,907,8.21
2024,50194,Olvés,111,20.18
2024,50195,Orcajo,58,28.45
2024,50196,Orera,101,19.82
2024,50197,Orés,74,54.52
2024,50198,Oseja,44,12
2024,50199,Osera de Ebro,428,24.56
2024,50200,Paniza,575,47.31
2024,50201,Paracuellos de Jiloca,607,32
2024,50202,Paracuellos de la Ribera,112,14.95
2024,50203,Pastriz,1305,16.52
2024,50204,Pedrola,3766,113.74
2024,50205,Las Pedrosas,113,18.26
2024,50206,Perdiguera,544,109.77
2024,50207,Piedratajada,97,22.66
2024,50208,Pina de Ebro,2446,309.17
2024,50209,Pinseque,4551,16.09
2024,50210,Los Pintanos,37,79.64
2024,50211,Plasencia de Jalón,382,34.77
2024,50212,Pleitas,30,2.14
2024,50213,Plenas,111,37.95
2024,50214,Pomer,24,33.11
2024,50215,Pozuel de Ariza,24,22.63
2024,50216,Pozuelo de Aragón,249,32.11
2024,50217,Pradilla de Ebro,546,25.45
2024,50218,Puebla de Albortón,136,76.31
2024,50219,La Puebla de Alfindén,6426,17.03
2024,50220,Puendeluna,42,9.88
2024,50221,Purujosa,29,35.43
2024,50222,Quinto,1884,118.26
2024,50223,Remolinos,1023,18.51
2024,50224,Retascón,73,25.16
2024,50225,Ricla,2949,90.67
2024,50227,Romanos,145,19.53
2024,50228,Rueda de Jalón,325,107.37
2024,50229,Ruesca,66,11.63
2024,50230,Sádaba,1258,129.55
2024,50231,Salillas de Jalón,359,2.51
2024,50232,Salvatierra de Esca,194,81.24
2024,50233,Samper del Salz,82,11.49
2024,50234,San Martín de la Virgen de Moncayo,274,5.42
2024,50235,San Mateo de Gállego,3409,71.62
2024,50236,Santa Cruz de Grío,104,19.51
2024,50237,Santa Cruz de Moncayo,124,3.97
2024,50238,Santa Eulalia de Gállego,101,29.58
2024,50239,Santed,71,17.81
2024,50240,Sástago,1091,300.98
2024,50241,Sabiñán,691,15.52
2024,50242,Sediles,111,11.71
2024,50243,Sestrica,340,40.88
2024,50244,Sierra de Luna,259,43.39
2024,50245,Sigüés,70,101.77
2024,50246,Sisamón,47,41.55
2024,50247,Sobradiel,1127,12.06
2024,50248,Sos del Rey Católico,585,216.62
2024,50249,Tabuenca,311,85.72
2024,50250,Talamantes,82,46.94
2024,50251,Tarazona,10803,244.01
2024,50252,Tauste,6817,405.23
2024,50253,Terrer,585,33.75
2024,50254,Tierga,177,66.13
2024,50255,Tobed,198,32.39
2024,50256,Torralba de los Frailes,68,59.19
2024,50257,Torralba de Ribota,169,32.51
2024,50258,Torralbilla,40,25.86
2024,50259,Torrehermosa,74,21.13
2024,50260,Torrelapaja,29,15.68
2024,50261,Torrellas,231,2.53
2024,50262,Torres de Berrellén,1506,53.81
2024,50263,Torrijo de la Cañada,193,74.57
2024,50264,Tosos,175,68.65
2024,50265,Trasmoz,83,18.26
2024,50266,Trasobares,122,71.76
2024,50267,Uncastillo,615,230.87
2024,50268,Undués de Lerda,55,42.99
2024,50269,Urrea de Jalón,440,25.64
2024,50270,Urriés,49,37.27
2024,50271,Used,260,85.29
2024,50272,Utebo,19022,17.72
2024,50273,Valdehorna,31,7.95
2024,50274,Val de San Martín,59,25.66
2024,50275,Valmadrid,127,50.57
2024,50276,Valpalmas,126,39.79
2024,50277,Valtorres,75,3.29
2024,50278,Velilla de Ebro,207,59.79
2024,50279,Velilla de Jiloca,74,10
2024,50280,Vera de Moncayo,315,27.66
2024,50281,Vierlas,90,2.67
2024,50282,La Vilueña,57,8.61
2024,50283,Villadoz,81,17.18
2024,50284,Villafeliche,159,22
2024,50285,Villafranca de Ebro,835,63.64
2024,50286,Villalba de Perejil,84,13.33
2024,50287,Villalengua,289,40.16
2024,50288,Villanueva de Gállego,4814,75.99
2024,50289,Villanueva de Jiloca,69,7.34
2024,50290,Villanueva de Huerva,376,75.99
2024,50291,Villar de los Navarros,157,49
2024,50292,Villarreal de Huerva,269,27.13
2024,50293,Villarroya de la Sierra,413,91
2024,50294,Villarroya del Campo,69,16.94
2024,50295,Vistabella,51,21.82
2024,50296,La Zaida,428,17.27
2024,50297,Zaragoza,686986,973.78
2024,50298,Zuera,8709,332.25
2024,50901,Biel,170,130.73
2024,50902,Marracos,85,16.92
2024,50903,Villamayor de Gállego,2854,89.36
2025,50001,Abanto,78,63.84
2025,50002,Acered,131,30
2025,50003,Agón,135,18.52
2025,50004,Aguarón,602,36.62
2025,50005,Aguilón,265,59.45
2025,50006,Ainzón,1036,40.46
2025,50007,Aladrén,62,21.06
2025,50008,Alagón,7532,24.22
2025,50009,Alarba,91,19
2025,50010,Alberite de San Juan,79,11.23
2025,50011,Albeta,138,2.65
2025,50012,Alborge,104,4.84
2025,50013,Alcalá de Ebro,244,9.87
2025,50014,Alcalá de Moncayo,147,13.76
2025,50015,Alconchel de Ariza,79,34.85
2025,50016,Aldehuela de Liestos,48,38.04
2025,50017,Alfajarín,2423,137.57
2025,50018,Alfamén,1470,102.04
2025,50019,Alforque,57,10.62
2025,50020,Alhama de Aragón,917,31.14
2025,50021,Almochuel,22,32
2025,50022,La Almolda,521,131.33
2025,50023,Almonacid de la Cuba,220,55.21
2025,50024,Almonacid de la Sierra,756,55.21
2025,50025,La Almunia de Doña Godina,8080,56.65
2025,50026,Alpartir,599,32.54
2025,50027,Ambel,253,61
2025,50028,Anento,117,21.52
2025,50029,Aniñón,678,52.46
2025,50030,Añón de Moncayo,207,64.19
2025,50031,Aranda de Moncayo,112,91
2025,50032,Arándiga,279,50.22
2025,50033,Ardisa,73,27.28
2025,50034,Ariza,1096,103.08
2025,50035,Artieda,90,13.57
2025,50036,Asín,88,18.47
2025,50037,Atea,142,34.67
2025,50038,Ateca,1785,84.71
2025,50039,Azuara,548,165.81
2025,50040,Badules,83,20.09
2025,50041,Bagüés,16,30.72
2025,50042,Balconchán,19,19
2025,50043,Bárboles,277,15.68
2025,50044,Bardallur,242,27.34
2025,50045,Belchite,1495,273.68
2025,50046,Belmonte de Gracián,183,43.68
2025,50047,Berdejo,40,19.39
2025,50048,Berrueco,32,19
2025,50050,Bijuesca,93,57.08
2025,50051,Biota,832,128
2025,50052,Bisimbre,98,11.22
2025,50053,Boquiñeni,743,18.87
2025,50054,Bordalba,47,41.58
2025,50055,Borja,5202,107.29
2025,50056,Botorrita,587,19.81
2025,50057,Brea de Aragón,1517,13.38
2025,50058,Bubierca,66,29.54
2025,50059,Bujaraloz,938,120.92
2025,50060,Bulbuente,250,25.44
2025,50061,Bureta,210,11.91
2025,50062,El Burgo de Ebro,2750,24.86
2025,50063,El Buste,60,7.61
2025,50064,Cabañas de Ebro,473,8.53
2025,50065,Cabolafuente,50,39.24
2025,50066,Cadrete,4688,11.86
2025,50067,Calatayud,20158,154.25
2025,50068,Calatorao,2970,48.15
2025,50069,Calcena,65,64.74
2025,50070,Calmarza,57,28.15
2025,50071,Campillo de Aragón,111,36.86
2025,50072,Carenas,169,31.22
2025,50073,Cariñena,3530,82.51
2025,50074,Caspe,10365,503.15
2025,50075,Castejón de Alarba,75,17.56
2025,50076,Castejón de las Armas,87,16.18
2025,50077,Castejón de Valdejasa,188,110.11
2025,50078,Castiliscar,219,40.68
2025,50079,Cervera de la Cañada,263,29.22
2025,50080,Cerveruela,38,23.49
2025,50081,Cetina,534,78.76
2025,50082,Cimballa,70,31.95
2025,50083,Cinco Olivas,97,2.25
2025,50084,Clarés de Ribota,73,18
2025,50085,Codo,204,11.36
2025,50086,Codos,237,62.69
2025,50087,Contamina,34,14.02
2025,50088,Cosuenda,344,31.68
2025,50089,Cuarte de Huerva,15408,8.95
2025,50090,Cubel,145,58.62
2025,50091,Las Cuerlas,44,32.58
2025,50092,Chiprana,496,38.98
2025,50093,Chodes,98,15.97
2025,50094,Daroca,1899,52.05
2025,50095,Ejea de los Caballeros,17129,609.92
2025,50096,Embid de Ariza,28,41.26
2025,50098,Encinacorba,176,36.74
2025,50099,Épila,4704,194.32
2025,50100,Erla,374,18.96
2025,50101,Escatrón,1189,94.64
2025,50102,Fabara,1063,101.63
2025,50104,Farlete,372,104.12
2025,50105,Fayón,448,67.19
2025,50106,Los Fayos,135,3.88
2025,50107,Figueruelas,1303,16.99
2025,50108,Fombuena,59,26.37
2025,50109,El Frago,129,33.76
2025,50110,El Frasno,370,48.64
2025,50111,Fréscano,196,18.41
2025,50113,Fuendejalón,774,75.83
2025,50114,Fuendetodos,130,62
2025,50115,Fuentes de Ebro,4659,141.73
2025,50116,Fuentes de Jiloca,209,27.35
2025,50117,Gallocanta,128,29.71
2025,50118,Gallur,2642,41.71
2025,50119,Gelsa,996,72.04
2025,50120,Godojos,55,16.77
2025,50121,Gotor,309,15.52
2025,50122,Grisel,101,14.51
2025,50123,Grisén,630,4.75
2025,50124,Herrera de los Navarros,495,105.01
2025,50125,Ibdes,351,56.31
2025,50126,Illueca,2782,24.86
2025,50128,Isuerre,32,20.05
2025,50129,Jaraba,294,42.81
2025,50130,Jarque de Moncayo,373,43
2025,50131,Jaulín,305,46.05
2025,50132,La Joyosa,1156,6.52
2025,50133,Lagata,113,23.65
2025,50134,Langa del Castillo,110,50.13
2025,50135,Layana,95,3.69
2025,50136,Lécera,578,109
2025,50137,Leciñena,1087,178.59
2025,50138,Lechón,39,17.46
2025,50139,Letux,349,30.15
2025,50140,Litago,173,15
2025,50141,Lituénigo,123,11.38
2025,50142,Lobera de Onsella,28,32.18
2025,50143,Longares,802,45.96
2025,50144,Longás,45,49.23
2025,50146,Lucena de Jalón,223,10.31
2025,50147,Luceni,1003,27.08
2025,50148,Luesia,332,126.83
2025,50149,Luesma,42,29
2025,50150,Lumpiaque,889,29.55
2025,50151,Luna,674,308.92
2025,50152,Maella,2158,174.88
2025,50153,Magallón,1108,78.61
2025,50154,Mainar,162,34.02
2025,50155,Malanquilla,71,36.63
2025,50156,Maleján,282,0.08
2025,50157,Malón,474,5.66
2025,50159,Maluenda,895,40.09
2025,50160,Mallén,2951,37.42
2025,50161,Manchones,91,26.83
2025,50162,Mara,161,21.09
2025,50163,María de Huerva,6558,108.09
2025,50164,Mediana de Aragón,469,90.57
2025,50165,Mequinenza,2236,307.45
2025,50166,Mesones de Isuela,270,48.55
2025,50167,Mezalocha,197,60.64
2025,50168,Mianos,25,14.82
2025,50169,Miedes de Aragón,408,55.38
2025,50170,Monegrillo,378,183.16
2025,50171,Moneva,107,61
2025,50172,Monreal de Ariza,175,62.06
2025,50173,Monterde,143,55.94
2025,50174,Montón,89,17.59
2025,50175,Morata de Jalón,1100,45.87
2025,50176,Morata de Jiloca,285,23.09
2025,50177,Morés,303,21.46
2025,50178,Moros,274,53
2025,50179,Moyuela,221,42.76
2025,50180,Mozota,130,8.68
2025,50181,Muel,1540,79.17
2025,50182,La Muela,6737,143.49
2025,50183,Munébrega,351,40.99
2025,50184,Murero,85,18.25
2025,50185,Murillo de Gállego,194,54.71
2025,50186,Navardún,35,24
2025,50187,Nigüella,58,30.42
2025,50188,Nombrevilla,40,17.56
2025,50189,Nonaspe,997,111.45
2025,50190,Novallas,859,11
2025,50191,Novillas,508,25.28
2025,50192,Nuévalos,318,41.84
2025,50193,Nuez de Ebro,886,8.21
2025,50194,Olvés,107,20.18
2025,50195,Orcajo,65,28.45
2025,50196,Orera,103,19.82
2025,50197,Orés,72,54.52
2025,50198,Oseja,43,12
2025,50199,Osera de Ebro,442,24.56
2025,50200,Paniza,574,47.31
2025,50201,Paracuellos de Jiloca,610,32
2025,50202,Paracuellos de la Ribera,111,14.95
2025,50203,Pastriz,1316,16.52
2025,50204,Pedrola,3842,113.74
2025,50205,Las Pedrosas,118,18.26
2025,50206,Perdiguera,559,109.77
2025,50207,Piedratajada,96,22.66
2025,50208,Pina de Ebro,2478,309.17
2025,50209,Pinseque,4601,16.09
2025,50210,Los Pintanos,37,79.64
2025,50211,Plasencia de Jalón,378,34.77
2025,50212,Pleitas,29,2.14
2025,50213,Plenas,110,37.95
2025,50214,Pomer,23,33.11
2025,50215,Pozuel de Ariza,15,22.63
2025,50216,Pozuelo de Aragón,247,32.11
2025,50217,Pradilla de Ebro,553,25.45
2025,50218,Puebla de Albortón,133,76.31
2025,50219,La Puebla de Alfindén,6550,17.03
2025,50220,Puendeluna,42,9.88
2025,50221,Purujosa,29,35.43
2025,50222,Quinto,1882,118.26
2025,50223,Remolinos,1018,18.51
2025,50224,Retascón,77,25.16
2025,50225,Ricla,3019,90.67
2025,50227,Romanos,140,19.53
2025,50228,Rueda de Jalón,325,107.37
2025,50229,Ruesca,69,11.63
2025,50230,Sádaba,1278,129.55
2025,50231,Salillas de Jalón,372,2.51
2025,50232,Salvatierra de Esca,187,81.24
2025,50233,Samper del Salz,79,11.49
2025,50234,San Martín de la Virgen de Moncayo,266,5.42
2025,50235,San Mateo de Gállego,3489,71.62
2025,50236,Santa Cruz de Grío,95,19.51
2025,50237,Santa Cruz de Moncayo,123,3.97
2025,50238,Santa Eulalia de Gállego,101,29.58
2025,50239,Santed,72,17.81
2025,50240,Sástago,1067,300.98
2025,50241,Sabiñán,697,15.52
2025,50242,Sediles,109,11.71
2025,50243,Sestrica,329,40.88
2025,50244,Sierra de Luna,269,43.39
2025,50245,Sigüés,72,101.77
2025,50246,Sisamón,50,41.55
2025,50247,Sobradiel,1110,12.06
2025,50248,Sos del Rey Católico,582,216.62
2025,50249,Tabuenca,305,85.72
2025,50250,Talamantes,68,46.94
2025,50251,Tarazona,10873,244.01
2025,50252,Tauste,6838,405.23
2025,50253,Terrer,580,33.75
2025,50254,Tierga,170,66.13
2025,50255,Tobed,196,32.39
2025,50256,Torralba de los Frailes,65,59.19
2025,50257,Torralba de Ribota,157,32.51
2025,50258,Torralbilla,38,25.86
2025,50259,Torrehermosa,69,21.13
2025,50260,Torrelapaja,30,15.68
2025,50261,Torrellas,249,2.53
2025,50262,Torres de Berrellén,1515,53.81
2025,50263,Torrijo de la Cañada,187,74.57
2025,50264,Tosos,176,68.65
2025,50265,Trasmoz,88,18.26
2025,50266,Trasobares,124,71.76
2025,50267,Uncastillo,594,230.87
2025,50268,Undués de Lerda,60,42.99
2025,50269,Urrea de Jalón,434,25.64
2025,50270,Urriés,50,37.27
2025,50271,Used,250,85.29
2025,50272,Utebo,19116,17.72
2025,50273,Valdehorna,29,7.95
2025,50274,Val de San Martín,55,25.66
2025,50275,Valmadrid,112,50.57
2025,50276,Valpalmas,122,39.79
2025,50277,Valtorres,65,3.29
2025,50278,Velilla de Ebro,208,59.79
2025,50279,Velilla de Jiloca,90,10
2025,50280,Vera de Moncayo,317,27.66
2025,50281,Vierlas,88,2.67
2025,50282,La Vilueña,59,8.61
2025,50283,Villadoz,80,17.18
2025,50284,Villafeliche,163,22
2025,50285,Villafranca de Ebro,828,63.64
2025,50286,Villalba de Perejil,86,13.33
2025,50287,Villalengua,295,40.16
2025,50288,Villanueva de Gállego,4852,75.99
2025,50289,Villanueva de Jiloca,73,7.34
2025,50290,Villanueva de Huerva,360,75.99
2025,50291,Villar de los Navarros,147,49
2025,50292,Villarreal de Huerva,270,27.13
2025,50293,Villarroya de la Sierra,397,91
2025,50294,Villarroya del Campo,70,16.94
2025,50295,Vistabella,51,21.82
2025,50296,La Zaida,433,17.27
2025,50297,Zaragoza,693091,973.78
2025,50298,Zuera,8766,332.25
2025,50901,Biel,166,130.73
2025,50902,Marracos,82,16.92
2025,50903,Villamayor de Gállego,2841,89.36
