cp,name,age,year,total
50001,Abanto,0-16,2003,4
50001,Abanto,0-16,2004,4
50001,Abanto,0-16,2005,5
50001,Abanto,0-16,2006,2
50001,Abanto,0-16,2007,1
50001,Abanto,0-16,2008,0
50001,Abanto,0-16,2009,2
50001,Abanto,0-16,2010,2
50001,Abanto,0-16,2011,2
50001,Abanto,0-16,2012,2
50001,Abanto,0-16,2013,5
50001,Abanto,0-16,2014,0
50001,Abanto,0-16,2015,1
50001,Abanto,0-16,2016,2
50001,Abanto,0-16,2017,4
50001,Abanto,0-16,2018,6
50001,Abanto,0-16,2019,6
50001,Abanto,0-16,2020,3
50001,Abanto,0-16,2021,3
50001,Abanto,0-16,2022,3
50001,Abanto,16-64,2003,70
50001,Abanto,16-64,2004,70
50001,Abanto,16-64,2005,67
50001,Abanto,16-64,2006,73
50001,Abanto,16-64,2007,67
50001,Abanto,16-64,2008,60
50001,Abanto,16-64,2009,59
50001,Abanto,16-64,2010,56
50001,Abanto,16-64,2011,60
50001,Abanto,16-64,2012,58
50001,Abanto,16-64,2013,64
50001,Abanto,16-64,2014,54
50001,Abanto,16-64,2015,48
50001,Abanto,16-64,2016,46
50001,Abanto,16-64,2017,45
50001,Abanto,16-64,2018,44
50001,Abanto,16-64,2019,54
50001,Abanto,16-64,2020,46
50001,Abanto,16-64,2021,44
50001,Abanto,16-64,2022,47
50001,Abanto,65-100,2003,84
50001,Abanto,65-100,2004,81
50001,Abanto,65-100,2005,78
50001,Abanto,65-100,2006,75
50001,Abanto,65-100,2007,77
50001,Abanto,65-100,2008,73
50001,Abanto,65-100,2009,64
50001,Abanto,65-100,2010,66
50001,Abanto,65-100,2011,68
50001,Abanto,65-100,2012,67
50001,Abanto,65-100,2013,64
50001,Abanto,65-100,2014,59
50001,Abanto,65-100,2015,64
50001,Abanto,65-100,2016,58
50001,Abanto,65-100,2017,49
50001,Abanto,65-100,2018,47
50001,Abanto,65-100,2019,40
50001,Abanto,65-100,2020,43
50001,Abanto,65-100,2021,42
50001,Abanto,65-100,2022,39
50002,Acered,0-16,2003,15
50002,Acered,0-16,2004,13
50002,Acered,0-16,2005,13
50002,Acered,0-16,2006,11
50002,Acered,0-16,2007,10
50002,Acered,0-16,2008,9
50002,Acered,0-16,2009,7
50002,Acered,0-16,2010,6
50002,Acered,0-16,2011,9
50002,Acered,0-16,2012,10
50002,Acered,0-16,2013,9
50002,Acered,0-16,2014,8
50002,Acered,0-16,2015,9
50002,Acered,0-16,2016,9
50002,Acered,0-16,2017,7
50002,Acered,0-16,2018,4
50002,Acered,0-16,2019,6
50002,Acered,0-16,2020,5
50002,Acered,0-16,2021,3
50002,Acered,0-16,2022,6
50002,Acered,16-64,2003,110
50002,Acered,16-64,2004,105
50002,Acered,16-64,2005,98
50002,Acered,16-64,2006,93
50002,Acered,16-64,2007,88
50002,Acered,16-64,2008,83
50002,Acered,16-64,2009,79
50002,Acered,16-64,2010,75
50002,Acered,16-64,2011,113
50002,Acered,16-64,2012,153
50002,Acered,16-64,2013,160
50002,Acered,16-64,2014,135
50002,Acered,16-64,2015,128
50002,Acered,16-64,2016,135
50002,Acered,16-64,2017,88
50002,Acered,16-64,2018,89
50002,Acered,16-64,2019,88
50002,Acered,16-64,2020,87
50002,Acered,16-64,2021,70
50002,Acered,16-64,2022,73
50002,Acered,65-100,2003,120
50002,Acered,65-100,2004,118
50002,Acered,65-100,2005,112
50002,Acered,65-100,2006,106
50002,Acered,65-100,2007,106
50002,Acered,65-100,2008,97
50002,Acered,65-100,2009,83
50002,Acered,65-100,2010,79
50002,Acered,65-100,2011,76
50002,Acered,65-100,2012,80
50002,Acered,65-100,2013,76
50002,Acered,65-100,2014,77
50002,Acered,65-100,2015,80
50002,Acered,65-100,2016,79
50002,Acered,65-100,2017,76
50002,Acered,65-100,2018,72
50002,Acered,65-100,2019,72
50002,Acered,65-100,2020,66
50002,Acered,65-100,2021,67
50002,Acered,65-100,2022,59
50003,Agón,0-16,2003,18
50003,Agón,0-16,2004,12
50003,Agón,0-16,2005,11
50003,Agón,0-16,2006,11
50003,Agón,0-16,2007,11
50003,Agón,0-16,2008,9
50003,Agón,0-16,2009,13
50003,Agón,0-16,2010,13
50003,Agón,0-16,2011,15
50003,Agón,0-16,2012,15
50003,Agón,0-16,2013,14
50003,Agón,0-16,2014,16
50003,Agón,0-16,2015,17
50003,Agón,0-16,2016,17
50003,Agón,0-16,2017,9
50003,Agón,0-16,2018,10
50003,Agón,0-16,2019,10
50003,Agón,0-16,2020,10
50003,Agón,0-16,2021,8
50003,Agón,0-16,2022,10
50003,Agón,16-64,2003,119
50003,Agón,16-64,2004,123
50003,Agón,16-64,2005,110
50003,Agón,16-64,2006,111
50003,Agón,16-64,2007,108
50003,Agón,16-64,2008,104
50003,Agón,16-64,2009,101
50003,Agón,16-64,2010,93
50003,Agón,16-64,2011,92
50003,Agón,16-64,2012,90
50003,Agón,16-64,2013,82
50003,Agón,16-64,2014,80
50003,Agón,16-64,2015,78
50003,Agón,16-64,2016,82
50003,Agón,16-64,2017,82
50003,Agón,16-64,2018,87
50003,Agón,16-64,2019,80
50003,Agón,16-64,2020,81
50003,Agón,16-64,2021,84
50003,Agón,16-64,2022,83
50003,Agón,65-100,2003,60
50003,Agón,65-100,2004,58
50003,Agón,65-100,2005,55
50003,Agón,65-100,2006,54
50003,Agón,65-100,2007,53
50003,Agón,65-100,2008,54
50003,Agón,65-100,2009,56
50003,Agón,65-100,2010,60
50003,Agón,65-100,2011,57
50003,Agón,65-100,2012,62
50003,Agón,65-100,2013,59
50003,Agón,65-100,2014,59
50003,Agón,65-100,2015,60
50003,Agón,65-100,2016,56
50003,Agón,65-100,2017,55
50003,Agón,65-100,2018,49
50003,Agón,65-100,2019,47
50003,Agón,65-100,2020,47
50003,Agón,65-100,2021,43
50003,Agón,65-100,2022,46
50004,Aguarón,0-16,2003,73
50004,Aguarón,0-16,2004,63
50004,Aguarón,0-16,2005,60
50004,Aguarón,0-16,2006,74
50004,Aguarón,0-16,2007,72
50004,Aguarón,0-16,2008,66
50004,Aguarón,0-16,2009,75
50004,Aguarón,0-16,2010,68
50004,Aguarón,0-16,2011,67
50004,Aguarón,0-16,2012,67
50004,Aguarón,0-16,2013,64
50004,Aguarón,0-16,2014,68
50004,Aguarón,0-16,2015,61
50004,Aguarón,0-16,2016,63
50004,Aguarón,0-16,2017,63
50004,Aguarón,0-16,2018,52
50004,Aguarón,0-16,2019,57
50004,Aguarón,0-16,2020,51
50004,Aguarón,0-16,2021,50
50004,Aguarón,0-16,2022,47
50004,Aguarón,16-64,2003,398
50004,Aguarón,16-64,2004,428
50004,Aguarón,16-64,2005,428
50004,Aguarón,16-64,2006,449
50004,Aguarón,16-64,2007,478
50004,Aguarón,16-64,2008,561
50004,Aguarón,16-64,2009,556
50004,Aguarón,16-64,2010,547
50004,Aguarón,16-64,2011,551
50004,Aguarón,16-64,2012,540
50004,Aguarón,16-64,2013,447
50004,Aguarón,16-64,2014,499
50004,Aguarón,16-64,2015,441
50004,Aguarón,16-64,2016,420
50004,Aguarón,16-64,2017,423
50004,Aguarón,16-64,2018,386
50004,Aguarón,16-64,2019,391
50004,Aguarón,16-64,2020,391
50004,Aguarón,16-64,2021,390
50004,Aguarón,16-64,2022,389
50004,Aguarón,65-100,2003,280
50004,Aguarón,65-100,2004,285
50004,Aguarón,65-100,2005,288
50004,Aguarón,65-100,2006,275
50004,Aguarón,65-100,2007,288
50004,Aguarón,65-100,2008,276
50004,Aguarón,65-100,2009,265
50004,Aguarón,65-100,2010,248
50004,Aguarón,65-100,2011,255
50004,Aguarón,65-100,2012,241
50004,Aguarón,65-100,2013,232
50004,Aguarón,65-100,2014,229
50004,Aguarón,65-100,2015,222
50004,Aguarón,65-100,2016,203
50004,Aguarón,65-100,2017,198
50004,Aguarón,65-100,2018,193
50004,Aguarón,65-100,2019,188
50004,Aguarón,65-100,2020,182
50004,Aguarón,65-100,2021,176
50004,Aguarón,65-100,2022,174
50005,Aguilón,0-16,2003,9
50005,Aguilón,0-16,2004,9
50005,Aguilón,0-16,2005,10
50005,Aguilón,0-16,2006,8
50005,Aguilón,0-16,2007,11
50005,Aguilón,0-16,2008,5
50005,Aguilón,0-16,2009,5
50005,Aguilón,0-16,2010,5
50005,Aguilón,0-16,2011,5
50005,Aguilón,0-16,2012,5
50005,Aguilón,0-16,2013,7
50005,Aguilón,0-16,2014,8
50005,Aguilón,0-16,2015,6
50005,Aguilón,0-16,2016,6
50005,Aguilón,0-16,2017,7
50005,Aguilón,0-16,2018,8
50005,Aguilón,0-16,2019,9
50005,Aguilón,0-16,2020,7
50005,Aguilón,0-16,2021,5
50005,Aguilón,0-16,2022,7
50005,Aguilón,16-64,2003,155
50005,Aguilón,16-64,2004,153
50005,Aguilón,16-64,2005,146
50005,Aguilón,16-64,2006,145
50005,Aguilón,16-64,2007,150
50005,Aguilón,16-64,2008,145
50005,Aguilón,16-64,2009,145
50005,Aguilón,16-64,2010,142
50005,Aguilón,16-64,2011,146
50005,Aguilón,16-64,2012,143
50005,Aguilón,16-64,2013,140
50005,Aguilón,16-64,2014,151
50005,Aguilón,16-64,2015,148
50005,Aguilón,16-64,2016,136
50005,Aguilón,16-64,2017,126
50005,Aguilón,16-64,2018,124
50005,Aguilón,16-64,2019,142
50005,Aguilón,16-64,2020,134
50005,Aguilón,16-64,2021,136
50005,Aguilón,16-64,2022,133
50005,Aguilón,65-100,2003,129
50005,Aguilón,65-100,2004,128
50005,Aguilón,65-100,2005,124
50005,Aguilón,65-100,2006,121
50005,Aguilón,65-100,2007,118
50005,Aguilón,65-100,2008,109
50005,Aguilón,65-100,2009,106
50005,Aguilón,65-100,2010,103
50005,Aguilón,65-100,2011,107
50005,Aguilón,65-100,2012,106
50005,Aguilón,65-100,2013,105
50005,Aguilón,65-100,2014,101
50005,Aguilón,65-100,2015,100
50005,Aguilón,65-100,2016,105
50005,Aguilón,65-100,2017,105
50005,Aguilón,65-100,2018,103
50005,Aguilón,65-100,2019,100
50005,Aguilón,65-100,2020,92
50005,Aguilón,65-100,2021,93
50005,Aguilón,65-100,2022,104
50006,Ainzón,0-16,2003,160
50006,Ainzón,0-16,2004,167
50006,Ainzón,0-16,2005,175
50006,Ainzón,0-16,2006,180
50006,Ainzón,0-16,2007,180
50006,Ainzón,0-16,2008,179
50006,Ainzón,0-16,2009,178
50006,Ainzón,0-16,2010,185
50006,Ainzón,0-16,2011,177
50006,Ainzón,0-16,2012,169
50006,Ainzón,0-16,2013,169
50006,Ainzón,0-16,2014,151
50006,Ainzón,0-16,2015,143
50006,Ainzón,0-16,2016,134
50006,Ainzón,0-16,2017,112
50006,Ainzón,0-16,2018,110
50006,Ainzón,0-16,2019,118
50006,Ainzón,0-16,2020,115
50006,Ainzón,0-16,2021,111
50006,Ainzón,0-16,2022,112
50006,Ainzón,16-64,2003,683
50006,Ainzón,16-64,2004,695
50006,Ainzón,16-64,2005,733
50006,Ainzón,16-64,2006,732
50006,Ainzón,16-64,2007,748
50006,Ainzón,16-64,2008,744
50006,Ainzón,16-64,2009,755
50006,Ainzón,16-64,2010,748
50006,Ainzón,16-64,2011,738
50006,Ainzón,16-64,2012,721
50006,Ainzón,16-64,2013,706
50006,Ainzón,16-64,2014,708
50006,Ainzón,16-64,2015,701
50006,Ainzón,16-64,2016,705
50006,Ainzón,16-64,2017,697
50006,Ainzón,16-64,2018,709
50006,Ainzón,16-64,2019,688
50006,Ainzón,16-64,2020,690
50006,Ainzón,16-64,2021,699
50006,Ainzón,16-64,2022,685
50006,Ainzón,65-100,2003,368
50006,Ainzón,65-100,2004,367
50006,Ainzón,65-100,2005,359
50006,Ainzón,65-100,2006,356
50006,Ainzón,65-100,2007,354
50006,Ainzón,65-100,2008,351
50006,Ainzón,65-100,2009,344
50006,Ainzón,65-100,2010,336
50006,Ainzón,65-100,2011,330
50006,Ainzón,65-100,2012,324
50006,Ainzón,65-100,2013,312
50006,Ainzón,65-100,2014,303
50006,Ainzón,65-100,2015,299
50006,Ainzón,65-100,2016,297
50006,Ainzón,65-100,2017,286
50006,Ainzón,65-100,2018,266
50006,Ainzón,65-100,2019,271
50006,Ainzón,65-100,2020,259
50006,Ainzón,65-100,2021,257
50006,Ainzón,65-100,2022,269
50007,Aladrén,0-16,2003,4
50007,Aladrén,0-16,2004,4
50007,Aladrén,0-16,2005,5
50007,Aladrén,0-16,2006,5
50007,Aladrén,0-16,2007,5
50007,Aladrén,0-16,2008,5
50007,Aladrén,0-16,2009,3
50007,Aladrén,0-16,2010,3
50007,Aladrén,0-16,2011,3
50007,Aladrén,0-16,2012,3
50007,Aladrén,0-16,2013,3
50007,Aladrén,0-16,2014,5
50007,Aladrén,0-16,2015,5
50007,Aladrén,0-16,2016,3
50007,Aladrén,0-16,2017,3
50007,Aladrén,0-16,2018,2
50007,Aladrén,0-16,2019,2
50007,Aladrén,0-16,2020,2
50007,Aladrén,0-16,2021,3
50007,Aladrén,0-16,2022,4
50007,Aladrén,16-64,2003,48
50007,Aladrén,16-64,2004,48
50007,Aladrén,16-64,2005,39
50007,Aladrén,16-64,2006,37
50007,Aladrén,16-64,2007,38
50007,Aladrén,16-64,2008,35
50007,Aladrén,16-64,2009,35
50007,Aladrén,16-64,2010,35
50007,Aladrén,16-64,2011,38
50007,Aladrén,16-64,2012,32
50007,Aladrén,16-64,2013,29
50007,Aladrén,16-64,2014,27
50007,Aladrén,16-64,2015,25
50007,Aladrén,16-64,2016,28
50007,Aladrén,16-64,2017,26
50007,Aladrén,16-64,2018,29
50007,Aladrén,16-64,2019,28
50007,Aladrén,16-64,2020,30
50007,Aladrén,16-64,2021,36
50007,Aladrén,16-64,2022,36
50007,Aladrén,65-100,2003,24
50007,Aladrén,65-100,2004,21
50007,Aladrén,65-100,2005,20
50007,Aladrén,65-100,2006,20
50007,Aladrén,65-100,2007,22
50007,Aladrén,65-100,2008,22
50007,Aladrén,65-100,2009,22
50007,Aladrén,65-100,2010,24
50007,Aladrén,65-100,2011,26
50007,Aladrén,65-100,2012,25
50007,Aladrén,65-100,2013,22
50007,Aladrén,65-100,2014,22
50007,Aladrén,65-100,2015,22
50007,Aladrén,65-100,2016,17
50007,Aladrén,65-100,2017,18
50007,Aladrén,65-100,2018,21
50007,Aladrén,65-100,2019,22
50007,Aladrén,65-100,2020,20
50007,Aladrén,65-100,2021,19
50007,Aladrén,65-100,2022,19
50008,Alagón,0-16,2003,876
50008,Alagón,0-16,2004,891
50008,Alagón,0-16,2005,926
50008,Alagón,0-16,2006,951
50008,Alagón,0-16,2007,1012
50008,Alagón,0-16,2008,1089
50008,Alagón,0-16,2009,1131
50008,Alagón,0-16,2010,1148
50008,Alagón,0-16,2011,1143
50008,Alagón,0-16,2012,1159
50008,Alagón,0-16,2013,1172
50008,Alagón,0-16,2014,1166
50008,Alagón,0-16,2015,1170
50008,Alagón,0-16,2016,1172
50008,Alagón,0-16,2017,1160
50008,Alagón,0-16,2018,1147
50008,Alagón,0-16,2019,1168
50008,Alagón,0-16,2020,1118
50008,Alagón,0-16,2021,1090
50008,Alagón,0-16,2022,1098
50008,Alagón,16-64,2003,3810
50008,Alagón,16-64,2004,3926
50008,Alagón,16-64,2005,4050
50008,Alagón,16-64,2006,4158
50008,Alagón,16-64,2007,4373
50008,Alagón,16-64,2008,4659
50008,Alagón,16-64,2009,4930
50008,Alagón,16-64,2010,4893
50008,Alagón,16-64,2011,4802
50008,Alagón,16-64,2012,4841
50008,Alagón,16-64,2013,4827
50008,Alagón,16-64,2014,4696
50008,Alagón,16-64,2015,4644
50008,Alagón,16-64,2016,4657
50008,Alagón,16-64,2017,4619
50008,Alagón,16-64,2018,4691
50008,Alagón,16-64,2019,4716
50008,Alagón,16-64,2020,4715
50008,Alagón,16-64,2021,4724
50008,Alagón,16-64,2022,4739
50008,Alagón,65-100,2003,1221
50008,Alagón,65-100,2004,1207
50008,Alagón,65-100,2005,1211
50008,Alagón,65-100,2006,1184
50008,Alagón,65-100,2007,1162
50008,Alagón,65-100,2008,1146
50008,Alagón,65-100,2009,1134
50008,Alagón,65-100,2010,1137
50008,Alagón,65-100,2011,1167
50008,Alagón,65-100,2012,1167
50008,Alagón,65-100,2013,1176
50008,Alagón,65-100,2014,1190
50008,Alagón,65-100,2015,1200
50008,Alagón,65-100,2016,1216
50008,Alagón,65-100,2017,1246
50008,Alagón,65-100,2018,1256
50008,Alagón,65-100,2019,1279
50008,Alagón,65-100,2020,1321
50008,Alagón,65-100,2021,1307
50008,Alagón,65-100,2022,1341
50009,Alarba,0-16,2003,12
50009,Alarba,0-16,2004,12
50009,Alarba,0-16,2005,15
50009,Alarba,0-16,2006,14
50009,Alarba,0-16,2007,14
50009,Alarba,0-16,2008,14
50009,Alarba,0-16,2009,13
50009,Alarba,0-16,2010,10
50009,Alarba,0-16,2011,10
50009,Alarba,0-16,2012,9
50009,Alarba,0-16,2013,10
50009,Alarba,0-16,2014,12
50009,Alarba,0-16,2015,11
50009,Alarba,0-16,2016,10
50009,Alarba,0-16,2017,12
50009,Alarba,0-16,2018,10
50009,Alarba,0-16,2019,9
50009,Alarba,0-16,2020,7
50009,Alarba,0-16,2021,6
50009,Alarba,0-16,2022,3
50009,Alarba,16-64,2003,73
50009,Alarba,16-64,2004,71
50009,Alarba,16-64,2005,84
50009,Alarba,16-64,2006,80
50009,Alarba,16-64,2007,78
50009,Alarba,16-64,2008,87
50009,Alarba,16-64,2009,85
50009,Alarba,16-64,2010,90
50009,Alarba,16-64,2011,95
50009,Alarba,16-64,2012,97
50009,Alarba,16-64,2013,91
50009,Alarba,16-64,2014,92
50009,Alarba,16-64,2015,93
50009,Alarba,16-64,2016,78
50009,Alarba,16-64,2017,85
50009,Alarba,16-64,2018,77
50009,Alarba,16-64,2019,68
50009,Alarba,16-64,2020,61
50009,Alarba,16-64,2021,60
50009,Alarba,16-64,2022,56
50009,Alarba,65-100,2003,60
50009,Alarba,65-100,2004,60
50009,Alarba,65-100,2005,58
50009,Alarba,65-100,2006,54
50009,Alarba,65-100,2007,54
50009,Alarba,65-100,2008,60
50009,Alarba,65-100,2009,58
50009,Alarba,65-100,2010,55
50009,Alarba,65-100,2011,55
50009,Alarba,65-100,2012,55
50009,Alarba,65-100,2013,51
50009,Alarba,65-100,2014,49
50009,Alarba,65-100,2015,48
50009,Alarba,65-100,2016,49
50009,Alarba,65-100,2017,47
50009,Alarba,65-100,2018,46
50009,Alarba,65-100,2019,47
50009,Alarba,65-100,2020,48
50009,Alarba,65-100,2021,46
50009,Alarba,65-100,2022,45
50010,Alberite de San Juan,0-16,2003,12
50010,Alberite de San Juan,0-16,2004,13
50010,Alberite de San Juan,0-16,2005,13
50010,Alberite de San Juan,0-16,2006,15
50010,Alberite de San Juan,0-16,2007,13
50010,Alberite de San Juan,0-16,2008,8
50010,Alberite de San Juan,0-16,2009,12
50010,Alberite de San Juan,0-16,2010,11
50010,Alberite de San Juan,0-16,2011,9
50010,Alberite de San Juan,0-16,2012,10
50010,Alberite de San Juan,0-16,2013,8
50010,Alberite de San Juan,0-16,2014,8
50010,Alberite de San Juan,0-16,2015,7
50010,Alberite de San Juan,0-16,2016,7
50010,Alberite de San Juan,0-16,2017,6
50010,Alberite de San Juan,0-16,2018,1
50010,Alberite de San Juan,0-16,2019,1
50010,Alberite de San Juan,0-16,2020,7
50010,Alberite de San Juan,0-16,2021,8
50010,Alberite de San Juan,0-16,2022,5
50010,Alberite de San Juan,16-64,2003,60
50010,Alberite de San Juan,16-64,2004,61
50010,Alberite de San Juan,16-64,2005,62
50010,Alberite de San Juan,16-64,2006,60
50010,Alberite de San Juan,16-64,2007,65
50010,Alberite de San Juan,16-64,2008,60
50010,Alberite de San Juan,16-64,2009,61
50010,Alberite de San Juan,16-64,2010,58
50010,Alberite de San Juan,16-64,2011,59
50010,Alberite de San Juan,16-64,2012,57
50010,Alberite de San Juan,16-64,2013,54
50010,Alberite de San Juan,16-64,2014,49
50010,Alberite de San Juan,16-64,2015,49
50010,Alberite de San Juan,16-64,2016,46
50010,Alberite de San Juan,16-64,2017,43
50010,Alberite de San Juan,16-64,2018,43
50010,Alberite de San Juan,16-64,2019,41
50010,Alberite de San Juan,16-64,2020,43
50010,Alberite de San Juan,16-64,2021,44
50010,Alberite de San Juan,16-64,2022,48
50010,Alberite de San Juan,65-100,2003,29
50010,Alberite de San Juan,65-100,2004,28
50010,Alberite de San Juan,65-100,2005,29
50010,Alberite de San Juan,65-100,2006,31
50010,Alberite de San Juan,65-100,2007,33
50010,Alberite de San Juan,65-100,2008,30
50010,Alberite de San Juan,65-100,2009,29
50010,Alberite de San Juan,65-100,2010,32
50010,Alberite de San Juan,65-100,2011,31
50010,Alberite de San Juan,65-100,2012,30
50010,Alberite de San Juan,65-100,2013,29
50010,Alberite de San Juan,65-100,2014,29
50010,Alberite de San Juan,65-100,2015,28
50010,Alberite de San Juan,65-100,2016,27
50010,Alberite de San Juan,65-100,2017,28
50010,Alberite de San Juan,65-100,2018,28
50010,Alberite de San Juan,65-100,2019,27
50010,Alberite de San Juan,65-100,2020,24
50010,Alberite de San Juan,65-100,2021,25
50010,Alberite de San Juan,65-100,2022,25
50011,Albeta,0-16,2003,17
50011,Albeta,0-16,2004,22
50011,Albeta,0-16,2005,13
50011,Albeta,0-16,2006,14
50011,Albeta,0-16,2007,13
50011,Albeta,0-16,2008,12
50011,Albeta,0-16,2009,14
50011,Albeta,0-16,2010,14
50011,Albeta,0-16,2011,15
50011,Albeta,0-16,2012,15
50011,Albeta,0-16,2013,13
50011,Albeta,0-16,2014,20
50011,Albeta,0-16,2015,13
50011,Albeta,0-16,2016,13
50011,Albeta,0-16,2017,13
50011,Albeta,0-16,2018,12
50011,Albeta,0-16,2019,12
50011,Albeta,0-16,2020,11
50011,Albeta,0-16,2021,11
50011,Albeta,0-16,2022,13
50011,Albeta,16-64,2003,81
50011,Albeta,16-64,2004,90
50011,Albeta,16-64,2005,93
50011,Albeta,16-64,2006,92
50011,Albeta,16-64,2007,88
50011,Albeta,16-64,2008,87
50011,Albeta,16-64,2009,85
50011,Albeta,16-64,2010,90
50011,Albeta,16-64,2011,95
50011,Albeta,16-64,2012,97
50011,Albeta,16-64,2013,94
50011,Albeta,16-64,2014,101
50011,Albeta,16-64,2015,97
50011,Albeta,16-64,2016,92
50011,Albeta,16-64,2017,87
50011,Albeta,16-64,2018,88
50011,Albeta,16-64,2019,86
50011,Albeta,16-64,2020,84
50011,Albeta,16-64,2021,89
50011,Albeta,16-64,2022,91
50011,Albeta,65-100,2003,41
50011,Albeta,65-100,2004,39
50011,Albeta,65-100,2005,38
50011,Albeta,65-100,2006,38
50011,Albeta,65-100,2007,38
50011,Albeta,65-100,2008,36
50011,Albeta,65-100,2009,38
50011,Albeta,65-100,2010,37
50011,Albeta,65-100,2011,39
50011,Albeta,65-100,2012,37
50011,Albeta,65-100,2013,37
50011,Albeta,65-100,2014,32
50011,Albeta,65-100,2015,35
50011,Albeta,65-100,2016,34
50011,Albeta,65-100,2017,34
50011,Albeta,65-100,2018,32
50011,Albeta,65-100,2019,35
50011,Albeta,65-100,2020,39
50011,Albeta,65-100,2021,40
50011,Albeta,65-100,2022,40
50012,Alborge,0-16,2003,17
50012,Alborge,0-16,2004,17
50012,Alborge,0-16,2005,19
50012,Alborge,0-16,2006,16
50012,Alborge,0-16,2007,15
50012,Alborge,0-16,2008,15
50012,Alborge,0-16,2009,14
50012,Alborge,0-16,2010,16
50012,Alborge,0-16,2011,15
50012,Alborge,0-16,2012,13
50012,Alborge,0-16,2013,12
50012,Alborge,0-16,2014,10
50012,Alborge,0-16,2015,9
50012,Alborge,0-16,2016,8
50012,Alborge,0-16,2017,8
50012,Alborge,0-16,2018,8
50012,Alborge,0-16,2019,7
50012,Alborge,0-16,2020,8
50012,Alborge,0-16,2021,8
50012,Alborge,0-16,2022,9
50012,Alborge,16-64,2003,75
50012,Alborge,16-64,2004,73
50012,Alborge,16-64,2005,72
50012,Alborge,16-64,2006,68
50012,Alborge,16-64,2007,67
50012,Alborge,16-64,2008,68
50012,Alborge,16-64,2009,67
50012,Alborge,16-64,2010,62
50012,Alborge,16-64,2011,57
50012,Alborge,16-64,2012,59
50012,Alborge,16-64,2013,62
50012,Alborge,16-64,2014,68
50012,Alborge,16-64,2015,69
50012,Alborge,16-64,2016,65
50012,Alborge,16-64,2017,63
50012,Alborge,16-64,2018,67
50012,Alborge,16-64,2019,68
50012,Alborge,16-64,2020,67
50012,Alborge,16-64,2021,69
50012,Alborge,16-64,2022,67
50012,Alborge,65-100,2003,41
50012,Alborge,65-100,2004,40
50012,Alborge,65-100,2005,42
50012,Alborge,65-100,2006,41
50012,Alborge,65-100,2007,42
50012,Alborge,65-100,2008,41
50012,Alborge,65-100,2009,43
50012,Alborge,65-100,2010,48
50012,Alborge,65-100,2011,49
50012,Alborge,65-100,2012,46
50012,Alborge,65-100,2013,45
50012,Alborge,65-100,2014,46
50012,Alborge,65-100,2015,43
50012,Alborge,65-100,2016,38
50012,Alborge,65-100,2017,34
50012,Alborge,65-100,2018,33
50012,Alborge,65-100,2019,32
50012,Alborge,65-100,2020,32
50012,Alborge,65-100,2021,34
50012,Alborge,65-100,2022,35
50013,Alcalá de Ebro,0-16,2003,36
50013,Alcalá de Ebro,0-16,2004,30
50013,Alcalá de Ebro,0-16,2005,35
50013,Alcalá de Ebro,0-16,2006,37
50013,Alcalá de Ebro,0-16,2007,35
50013,Alcalá de Ebro,0-16,2008,37
50013,Alcalá de Ebro,0-16,2009,33
50013,Alcalá de Ebro,0-16,2010,27
50013,Alcalá de Ebro,0-16,2011,31
50013,Alcalá de Ebro,0-16,2012,32
50013,Alcalá de Ebro,0-16,2013,31
50013,Alcalá de Ebro,0-16,2014,33
50013,Alcalá de Ebro,0-16,2015,39
50013,Alcalá de Ebro,0-16,2016,35
50013,Alcalá de Ebro,0-16,2017,38
50013,Alcalá de Ebro,0-16,2018,33
50013,Alcalá de Ebro,0-16,2019,29
50013,Alcalá de Ebro,0-16,2020,29
50013,Alcalá de Ebro,0-16,2021,28
50013,Alcalá de Ebro,0-16,2022,22
50013,Alcalá de Ebro,16-64,2003,152
50013,Alcalá de Ebro,16-64,2004,148
50013,Alcalá de Ebro,16-64,2005,160
50013,Alcalá de Ebro,16-64,2006,160
50013,Alcalá de Ebro,16-64,2007,163
50013,Alcalá de Ebro,16-64,2008,166
50013,Alcalá de Ebro,16-64,2009,164
50013,Alcalá de Ebro,16-64,2010,158
50013,Alcalá de Ebro,16-64,2011,168
50013,Alcalá de Ebro,16-64,2012,169
50013,Alcalá de Ebro,16-64,2013,156
50013,Alcalá de Ebro,16-64,2014,168
50013,Alcalá de Ebro,16-64,2015,161
50013,Alcalá de Ebro,16-64,2016,149
50013,Alcalá de Ebro,16-64,2017,152
50013,Alcalá de Ebro,16-64,2018,142
50013,Alcalá de Ebro,16-64,2019,144
50013,Alcalá de Ebro,16-64,2020,142
50013,Alcalá de Ebro,16-64,2021,149
50013,Alcalá de Ebro,16-64,2022,148
50013,Alcalá de Ebro,65-100,2003,104
50013,Alcalá de Ebro,65-100,2004,101
50013,Alcalá de Ebro,65-100,2005,104
50013,Alcalá de Ebro,65-100,2006,95
50013,Alcalá de Ebro,65-100,2007,90
50013,Alcalá de Ebro,65-100,2008,94
50013,Alcalá de Ebro,65-100,2009,93
50013,Alcalá de Ebro,65-100,2010,91
50013,Alcalá de Ebro,65-100,2011,84
50013,Alcalá de Ebro,65-100,2012,83
50013,Alcalá de Ebro,65-100,2013,83
50013,Alcalá de Ebro,65-100,2014,80
50013,Alcalá de Ebro,65-100,2015,79
50013,Alcalá de Ebro,65-100,2016,79
50013,Alcalá de Ebro,65-100,2017,80
50013,Alcalá de Ebro,65-100,2018,76
50013,Alcalá de Ebro,65-100,2019,73
50013,Alcalá de Ebro,65-100,2020,74
50013,Alcalá de Ebro,65-100,2021,68
50013,Alcalá de Ebro,65-100,2022,69
50014,Alcalá de Moncayo,0-16,2003,0
50014,Alcalá de Moncayo,0-16,2004,4
50014,Alcalá de Moncayo,0-16,2005,3
50014,Alcalá de Moncayo,0-16,2006,1
50014,Alcalá de Moncayo,0-16,2007,4
50014,Alcalá de Moncayo,0-16,2008,6
50014,Alcalá de Moncayo,0-16,2009,9
50014,Alcalá de Moncayo,0-16,2010,14
50014,Alcalá de Moncayo,0-16,2011,19
50014,Alcalá de Moncayo,0-16,2012,18
50014,Alcalá de Moncayo,0-16,2013,19
50014,Alcalá de Moncayo,0-16,2014,21
50014,Alcalá de Moncayo,0-16,2015,20
50014,Alcalá de Moncayo,0-16,2016,19
50014,Alcalá de Moncayo,0-16,2017,13
50014,Alcalá de Moncayo,0-16,2018,14
50014,Alcalá de Moncayo,0-16,2019,13
50014,Alcalá de Moncayo,0-16,2020,12
50014,Alcalá de Moncayo,0-16,2021,13
50014,Alcalá de Moncayo,0-16,2022,13
50014,Alcalá de Moncayo,16-64,2003,79
50014,Alcalá de Moncayo,16-64,2004,83
50014,Alcalá de Moncayo,16-64,2005,78
50014,Alcalá de Moncayo,16-64,2006,72
50014,Alcalá de Moncayo,16-64,2007,96
50014,Alcalá de Moncayo,16-64,2008,90
50014,Alcalá de Moncayo,16-64,2009,87
50014,Alcalá de Moncayo,16-64,2010,88
50014,Alcalá de Moncayo,16-64,2011,122
50014,Alcalá de Moncayo,16-64,2012,114
50014,Alcalá de Moncayo,16-64,2013,106
50014,Alcalá de Moncayo,16-64,2014,102
50014,Alcalá de Moncayo,16-64,2015,100
50014,Alcalá de Moncayo,16-64,2016,96
50014,Alcalá de Moncayo,16-64,2017,86
50014,Alcalá de Moncayo,16-64,2018,81
50014,Alcalá de Moncayo,16-64,2019,84
50014,Alcalá de Moncayo,16-64,2020,89
50014,Alcalá de Moncayo,16-64,2021,97
50014,Alcalá de Moncayo,16-64,2022,101
50014,Alcalá de Moncayo,65-100,2003,56
50014,Alcalá de Moncayo,65-100,2004,57
50014,Alcalá de Moncayo,65-100,2005,58
50014,Alcalá de Moncayo,65-100,2006,55
50014,Alcalá de Moncayo,65-100,2007,57
50014,Alcalá de Moncayo,65-100,2008,58
50014,Alcalá de Moncayo,65-100,2009,59
50014,Alcalá de Moncayo,65-100,2010,51
50014,Alcalá de Moncayo,65-100,2011,64
50014,Alcalá de Moncayo,65-100,2012,61
50014,Alcalá de Moncayo,65-100,2013,59
50014,Alcalá de Moncayo,65-100,2014,60
50014,Alcalá de Moncayo,65-100,2015,66
50014,Alcalá de Moncayo,65-100,2016,60
50014,Alcalá de Moncayo,65-100,2017,53
50014,Alcalá de Moncayo,65-100,2018,49
50014,Alcalá de Moncayo,65-100,2019,46
50014,Alcalá de Moncayo,65-100,2020,42
50014,Alcalá de Moncayo,65-100,2021,43
50014,Alcalá de Moncayo,65-100,2022,43
50015,Alconchel de Ariza,0-16,2003,1
50015,Alconchel de Ariza,0-16,2004,1
50015,Alconchel de Ariza,0-16,2005,1
50015,Alconchel de Ariza,0-16,2006,1
50015,Alconchel de Ariza,0-16,2007,1
50015,Alconchel de Ariza,0-16,2008,0
50015,Alconchel de Ariza,0-16,2009,0
50015,Alconchel de Ariza,0-16,2010,0
50015,Alconchel de Ariza,0-16,2011,0
50015,Alconchel de Ariza,0-16,2012,0
50015,Alconchel de Ariza,0-16,2013,0
50015,Alconchel de Ariza,0-16,2014,0
50015,Alconchel de Ariza,0-16,2015,0
50015,Alconchel de Ariza,0-16,2016,0
50015,Alconchel de Ariza,0-16,2017,0
50015,Alconchel de Ariza,0-16,2018,0
50015,Alconchel de Ariza,0-16,2019,0
50015,Alconchel de Ariza,0-16,2020,4
50015,Alconchel de Ariza,0-16,2021,5
50015,Alconchel de Ariza,0-16,2022,3
50015,Alconchel de Ariza,16-64,2003,58
50015,Alconchel de Ariza,16-64,2004,55
50015,Alconchel de Ariza,16-64,2005,52
50015,Alconchel de Ariza,16-64,2006,48
50015,Alconchel de Ariza,16-64,2007,47
50015,Alconchel de Ariza,16-64,2008,44
50015,Alconchel de Ariza,16-64,2009,44
50015,Alconchel de Ariza,16-64,2010,39
50015,Alconchel de Ariza,16-64,2011,39
50015,Alconchel de Ariza,16-64,2012,33
50015,Alconchel de Ariza,16-64,2013,32
50015,Alconchel de Ariza,16-64,2014,30
50015,Alconchel de Ariza,16-64,2015,30
50015,Alconchel de Ariza,16-64,2016,28
50015,Alconchel de Ariza,16-64,2017,24
50015,Alconchel de Ariza,16-64,2018,24
50015,Alconchel de Ariza,16-64,2019,25
50015,Alconchel de Ariza,16-64,2020,38
50015,Alconchel de Ariza,16-64,2021,41
50015,Alconchel de Ariza,16-64,2022,45
50015,Alconchel de Ariza,65-100,2003,76
50015,Alconchel de Ariza,65-100,2004,72
50015,Alconchel de Ariza,65-100,2005,68
50015,Alconchel de Ariza,65-100,2006,70
50015,Alconchel de Ariza,65-100,2007,68
50015,Alconchel de Ariza,65-100,2008,65
50015,Alconchel de Ariza,65-100,2009,62
50015,Alconchel de Ariza,65-100,2010,60
50015,Alconchel de Ariza,65-100,2011,57
50015,Alconchel de Ariza,65-100,2012,57
50015,Alconchel de Ariza,65-100,2013,53
50015,Alconchel de Ariza,65-100,2014,52
50015,Alconchel de Ariza,65-100,2015,50
50015,Alconchel de Ariza,65-100,2016,48
50015,Alconchel de Ariza,65-100,2017,46
50015,Alconchel de Ariza,65-100,2018,39
50015,Alconchel de Ariza,65-100,2019,37
50015,Alconchel de Ariza,65-100,2020,34
50015,Alconchel de Ariza,65-100,2021,33
50015,Alconchel de Ariza,65-100,2022,32
50016,Aldehuela de Liestos,0-16,2003,0
50016,Aldehuela de Liestos,0-16,2004,0
50016,Aldehuela de Liestos,0-16,2005,0
50016,Aldehuela de Liestos,0-16,2006,0
50016,Aldehuela de Liestos,0-16,2007,1
50016,Aldehuela de Liestos,0-16,2008,0
50016,Aldehuela de Liestos,0-16,2009,0
50016,Aldehuela de Liestos,0-16,2010,0
50016,Aldehuela de Liestos,0-16,2011,0
50016,Aldehuela de Liestos,0-16,2012,0
50016,Aldehuela de Liestos,0-16,2013,0
50016,Aldehuela de Liestos,0-16,2014,0
50016,Aldehuela de Liestos,0-16,2015,0
50016,Aldehuela de Liestos,0-16,2016,0
50016,Aldehuela de Liestos,0-16,2017,1
50016,Aldehuela de Liestos,0-16,2018,1
50016,Aldehuela de Liestos,0-16,2019,1
50016,Aldehuela de Liestos,0-16,2020,1
50016,Aldehuela de Liestos,0-16,2021,0
50016,Aldehuela de Liestos,0-16,2022,0
50016,Aldehuela de Liestos,16-64,2003,14
50016,Aldehuela de Liestos,16-64,2004,12
50016,Aldehuela de Liestos,16-64,2005,15
50016,Aldehuela de Liestos,16-64,2006,14
50016,Aldehuela de Liestos,16-64,2007,54
50016,Aldehuela de Liestos,16-64,2008,39
50016,Aldehuela de Liestos,16-64,2009,29
50016,Aldehuela de Liestos,16-64,2010,27
50016,Aldehuela de Liestos,16-64,2011,31
50016,Aldehuela de Liestos,16-64,2012,32
50016,Aldehuela de Liestos,16-64,2013,29
50016,Aldehuela de Liestos,16-64,2014,29
50016,Aldehuela de Liestos,16-64,2015,32
50016,Aldehuela de Liestos,16-64,2016,29
50016,Aldehuela de Liestos,16-64,2017,30
50016,Aldehuela de Liestos,16-64,2018,26
50016,Aldehuela de Liestos,16-64,2019,27
50016,Aldehuela de Liestos,16-64,2020,31
50016,Aldehuela de Liestos,16-64,2021,32
50016,Aldehuela de Liestos,16-64,2022,29
50016,Aldehuela de Liestos,65-100,2003,23
50016,Aldehuela de Liestos,65-100,2004,21
50016,Aldehuela de Liestos,65-100,2005,23
50016,Aldehuela de Liestos,65-100,2006,17
50016,Aldehuela de Liestos,65-100,2007,29
50016,Aldehuela de Liestos,65-100,2008,25
50016,Aldehuela de Liestos,65-100,2009,24
50016,Aldehuela de Liestos,65-100,2010,21
50016,Aldehuela de Liestos,65-100,2011,21
50016,Aldehuela de Liestos,65-100,2012,19
50016,Aldehuela de Liestos,65-100,2013,19
50016,Aldehuela de Liestos,65-100,2014,21
50016,Aldehuela de Liestos,65-100,2015,25
50016,Aldehuela de Liestos,65-100,2016,24
50016,Aldehuela de Liestos,65-100,2017,22
50016,Aldehuela de Liestos,65-100,2018,22
50016,Aldehuela de Liestos,65-100,2019,20
50016,Aldehuela de Liestos,65-100,2020,19
50016,Aldehuela de Liestos,65-100,2021,20
50016,Aldehuela de Liestos,65-100,2022,23
50017,Alfajarín,0-16,2003,223
50017,Alfajarín,0-16,2004,254
50017,Alfajarín,0-16,2005,253
50017,Alfajarín,0-16,2006,259
50017,Alfajarín,0-16,2007,278
50017,Alfajarín,0-16,2008,302
50017,Alfajarín,0-16,2009,313
50017,Alfajarín,0-16,2010,331
50017,Alfajarín,0-16,2011,350
50017,Alfajarín,0-16,2012,376
50017,Alfajarín,0-16,2013,383
50017,Alfajarín,0-16,2014,389
50017,Alfajarín,0-16,2015,391
50017,Alfajarín,0-16,2016,401
50017,Alfajarín,0-16,2017,400
50017,Alfajarín,0-16,2018,401
50017,Alfajarín,0-16,2019,410
50017,Alfajarín,0-16,2020,414
50017,Alfajarín,0-16,2021,408
50017,Alfajarín,0-16,2022,408
50017,Alfajarín,16-64,2003,1104
50017,Alfajarín,16-64,2004,1198
50017,Alfajarín,16-64,2005,1237
50017,Alfajarín,16-64,2006,1293
50017,Alfajarín,16-64,2007,1352
50017,Alfajarín,16-64,2008,1391
50017,Alfajarín,16-64,2009,1397
50017,Alfajarín,16-64,2010,1483
50017,Alfajarín,16-64,2011,1508
50017,Alfajarín,16-64,2012,1513
50017,Alfajarín,16-64,2013,1487
50017,Alfajarín,16-64,2014,1486
50017,Alfajarín,16-64,2015,1490
50017,Alfajarín,16-64,2016,1496
50017,Alfajarín,16-64,2017,1474
50017,Alfajarín,16-64,2018,1488
50017,Alfajarín,16-64,2019,1471
50017,Alfajarín,16-64,2020,1481
50017,Alfajarín,16-64,2021,1524
50017,Alfajarín,16-64,2022,1555
50017,Alfajarín,65-100,2003,284
50017,Alfajarín,65-100,2004,290
50017,Alfajarín,65-100,2005,326
50017,Alfajarín,65-100,2006,327
50017,Alfajarín,65-100,2007,333
50017,Alfajarín,65-100,2008,339
50017,Alfajarín,65-100,2009,343
50017,Alfajarín,65-100,2010,354
50017,Alfajarín,65-100,2011,357
50017,Alfajarín,65-100,2012,370
50017,Alfajarín,65-100,2013,365
50017,Alfajarín,65-100,2014,375
50017,Alfajarín,65-100,2015,385
50017,Alfajarín,65-100,2016,401
50017,Alfajarín,65-100,2017,414
50017,Alfajarín,65-100,2018,423
50017,Alfajarín,65-100,2019,434
50017,Alfajarín,65-100,2020,444
50017,Alfajarín,65-100,2021,442
50017,Alfajarín,65-100,2022,471
50018,Alfamén,0-16,2003,184
50018,Alfamén,0-16,2004,159
50018,Alfamén,0-16,2005,165
50018,Alfamén,0-16,2006,171
50018,Alfamén,0-16,2007,168
50018,Alfamén,0-16,2008,167
50018,Alfamén,0-16,2009,190
50018,Alfamén,0-16,2010,195
50018,Alfamén,0-16,2011,217
50018,Alfamén,0-16,2012,207
50018,Alfamén,0-16,2013,184
50018,Alfamén,0-16,2014,185
50018,Alfamén,0-16,2015,195
50018,Alfamén,0-16,2016,200
50018,Alfamén,0-16,2017,215
50018,Alfamén,0-16,2018,205
50018,Alfamén,0-16,2019,206
50018,Alfamén,0-16,2020,194
50018,Alfamén,0-16,2021,204
50018,Alfamén,0-16,2022,214
50018,Alfamén,16-64,2003,1019
50018,Alfamén,16-64,2004,1061
50018,Alfamén,16-64,2005,1153
50018,Alfamén,16-64,2006,1141
50018,Alfamén,16-64,2007,1012
50018,Alfamén,16-64,2008,1016
50018,Alfamén,16-64,2009,1036
50018,Alfamén,16-64,2010,1026
50018,Alfamén,16-64,2011,1068
50018,Alfamén,16-64,2012,1100
50018,Alfamén,16-64,2013,1047
50018,Alfamén,16-64,2014,1016
50018,Alfamén,16-64,2015,1004
50018,Alfamén,16-64,2016,986
50018,Alfamén,16-64,2017,973
50018,Alfamén,16-64,2018,963
50018,Alfamén,16-64,2019,963
50018,Alfamén,16-64,2020,967
50018,Alfamén,16-64,2021,968
50018,Alfamén,16-64,2022,988
50018,Alfamén,65-100,2003,295
50018,Alfamén,65-100,2004,287
50018,Alfamén,65-100,2005,271
50018,Alfamén,65-100,2006,276
50018,Alfamén,65-100,2007,272
50018,Alfamén,65-100,2008,279
50018,Alfamén,65-100,2009,287
50018,Alfamén,65-100,2010,288
50018,Alfamén,65-100,2011,292
50018,Alfamén,65-100,2012,302
50018,Alfamén,65-100,2013,286
50018,Alfamén,65-100,2014,274
50018,Alfamén,65-100,2015,267
50018,Alfamén,65-100,2016,280
50018,Alfamén,65-100,2017,272
50018,Alfamén,65-100,2018,273
50018,Alfamén,65-100,2019,277
50018,Alfamén,65-100,2020,282
50018,Alfamén,65-100,2021,274
50018,Alfamén,65-100,2022,275
50019,Alforque,0-16,2003,5
50019,Alforque,0-16,2004,5
50019,Alforque,0-16,2005,6
50019,Alforque,0-16,2006,7
50019,Alforque,0-16,2007,3
50019,Alforque,0-16,2008,2
50019,Alforque,0-16,2009,7
50019,Alforque,0-16,2010,5
50019,Alforque,0-16,2011,5
50019,Alforque,0-16,2012,5
50019,Alforque,0-16,2013,4
50019,Alforque,0-16,2014,2
50019,Alforque,0-16,2015,4
50019,Alforque,0-16,2016,3
50019,Alforque,0-16,2017,3
50019,Alforque,0-16,2018,3
50019,Alforque,0-16,2019,1
50019,Alforque,0-16,2020,1
50019,Alforque,0-16,2021,0
50019,Alforque,0-16,2022,0
50019,Alforque,16-64,2003,49
50019,Alforque,16-64,2004,46
50019,Alforque,16-64,2005,48
50019,Alforque,16-64,2006,46
50019,Alforque,16-64,2007,43
50019,Alforque,16-64,2008,40
50019,Alforque,16-64,2009,51
50019,Alforque,16-64,2010,48
50019,Alforque,16-64,2011,53
50019,Alforque,16-64,2012,51
50019,Alforque,16-64,2013,42
50019,Alforque,16-64,2014,37
50019,Alforque,16-64,2015,35
50019,Alforque,16-64,2016,31
50019,Alforque,16-64,2017,32
50019,Alforque,16-64,2018,37
50019,Alforque,16-64,2019,47
50019,Alforque,16-64,2020,43
50019,Alforque,16-64,2021,42
50019,Alforque,16-64,2022,40
50019,Alforque,65-100,2003,31
50019,Alforque,65-100,2004,32
50019,Alforque,65-100,2005,30
50019,Alforque,65-100,2006,30
50019,Alforque,65-100,2007,31
50019,Alforque,65-100,2008,27
50019,Alforque,65-100,2009,29
50019,Alforque,65-100,2010,28
50019,Alforque,65-100,2011,29
50019,Alforque,65-100,2012,30
50019,Alforque,65-100,2013,32
50019,Alforque,65-100,2014,31
50019,Alforque,65-100,2015,25
50019,Alforque,65-100,2016,24
50019,Alforque,65-100,2017,22
50019,Alforque,65-100,2018,22
50019,Alforque,65-100,2019,20
50019,Alforque,65-100,2020,21
50019,Alforque,65-100,2021,20
50019,Alforque,65-100,2022,24
50020,Alhama de Aragón,0-16,2003,125
50020,Alhama de Aragón,0-16,2004,128
50020,Alhama de Aragón,0-16,2005,125
50020,Alhama de Aragón,0-16,2006,127
50020,Alhama de Aragón,0-16,2007,148
50020,Alhama de Aragón,0-16,2008,161
50020,Alhama de Aragón,0-16,2009,164
50020,Alhama de Aragón,0-16,2010,140
50020,Alhama de Aragón,0-16,2011,131
50020,Alhama de Aragón,0-16,2012,121
50020,Alhama de Aragón,0-16,2013,115
50020,Alhama de Aragón,0-16,2014,136
50020,Alhama de Aragón,0-16,2015,150
50020,Alhama de Aragón,0-16,2016,142
50020,Alhama de Aragón,0-16,2017,150
50020,Alhama de Aragón,0-16,2018,144
50020,Alhama de Aragón,0-16,2019,136
50020,Alhama de Aragón,0-16,2020,131
50020,Alhama de Aragón,0-16,2021,125
50020,Alhama de Aragón,0-16,2022,118
50020,Alhama de Aragón,16-64,2003,729
50020,Alhama de Aragón,16-64,2004,730
50020,Alhama de Aragón,16-64,2005,736
50020,Alhama de Aragón,16-64,2006,730
50020,Alhama de Aragón,16-64,2007,757
50020,Alhama de Aragón,16-64,2008,782
50020,Alhama de Aragón,16-64,2009,794
50020,Alhama de Aragón,16-64,2010,762
50020,Alhama de Aragón,16-64,2011,747
50020,Alhama de Aragón,16-64,2012,736
50020,Alhama de Aragón,16-64,2013,729
50020,Alhama de Aragón,16-64,2014,714
50020,Alhama de Aragón,16-64,2015,662
50020,Alhama de Aragón,16-64,2016,630
50020,Alhama de Aragón,16-64,2017,647
50020,Alhama de Aragón,16-64,2018,632
50020,Alhama de Aragón,16-64,2019,625
50020,Alhama de Aragón,16-64,2020,630
50020,Alhama de Aragón,16-64,2021,624
50020,Alhama de Aragón,16-64,2022,599
50020,Alhama de Aragón,65-100,2003,296
50020,Alhama de Aragón,65-100,2004,292
50020,Alhama de Aragón,65-100,2005,285
50020,Alhama de Aragón,65-100,2006,272
50020,Alhama de Aragón,65-100,2007,268
50020,Alhama de Aragón,65-100,2008,268
50020,Alhama de Aragón,65-100,2009,267
50020,Alhama de Aragón,65-100,2010,270
50020,Alhama de Aragón,65-100,2011,268
50020,Alhama de Aragón,65-100,2012,267
50020,Alhama de Aragón,65-100,2013,262
50020,Alhama de Aragón,65-100,2014,265
50020,Alhama de Aragón,65-100,2015,265
50020,Alhama de Aragón,65-100,2016,262
50020,Alhama de Aragón,65-100,2017,256
50020,Alhama de Aragón,65-100,2018,260
50020,Alhama de Aragón,65-100,2019,259
50020,Alhama de Aragón,65-100,2020,250
50020,Alhama de Aragón,65-100,2021,253
50020,Alhama de Aragón,65-100,2022,247
50021,Almochuel,0-16,2003,1
50021,Almochuel,0-16,2004,1
50021,Almochuel,0-16,2005,0
50021,Almochuel,0-16,2006,0
50021,Almochuel,0-16,2007,1
50021,Almochuel,0-16,2008,0
50021,Almochuel,0-16,2009,0
50021,Almochuel,0-16,2010,0
50021,Almochuel,0-16,2011,0
50021,Almochuel,0-16,2012,0
50021,Almochuel,0-16,2013,0
50021,Almochuel,0-16,2014,0
50021,Almochuel,0-16,2015,0
50021,Almochuel,0-16,2016,0
50021,Almochuel,0-16,2017,0
50021,Almochuel,0-16,2018,0
50021,Almochuel,0-16,2019,0
50021,Almochuel,0-16,2020,0
50021,Almochuel,0-16,2021,0
50021,Almochuel,0-16,2022,0
50021,Almochuel,16-64,2003,22
50021,Almochuel,16-64,2004,22
50021,Almochuel,16-64,2005,21
50021,Almochuel,16-64,2006,21
50021,Almochuel,16-64,2007,23
50021,Almochuel,16-64,2008,19
50021,Almochuel,16-64,2009,15
50021,Almochuel,16-64,2010,15
50021,Almochuel,16-64,2011,21
50021,Almochuel,16-64,2012,25
50021,Almochuel,16-64,2013,22
50021,Almochuel,16-64,2014,19
50021,Almochuel,16-64,2015,19
50021,Almochuel,16-64,2016,17
50021,Almochuel,16-64,2017,16
50021,Almochuel,16-64,2018,16
50021,Almochuel,16-64,2019,14
50021,Almochuel,16-64,2020,13
50021,Almochuel,16-64,2021,11
50021,Almochuel,16-64,2022,11
50021,Almochuel,65-100,2003,26
50021,Almochuel,65-100,2004,26
50021,Almochuel,65-100,2005,21
50021,Almochuel,65-100,2006,18
50021,Almochuel,65-100,2007,16
50021,Almochuel,65-100,2008,14
50021,Almochuel,65-100,2009,14
50021,Almochuel,65-100,2010,11
50021,Almochuel,65-100,2011,16
50021,Almochuel,65-100,2012,17
50021,Almochuel,65-100,2013,16
50021,Almochuel,65-100,2014,16
50021,Almochuel,65-100,2015,15
50021,Almochuel,65-100,2016,14
50021,Almochuel,65-100,2017,14
50021,Almochuel,65-100,2018,13
50021,Almochuel,65-100,2019,11
50021,Almochuel,65-100,2020,11
50021,Almochuel,65-100,2021,13
50021,Almochuel,65-100,2022,11
50022,La Almolda,0-16,2003,67
50022,La Almolda,0-16,2004,68
50022,La Almolda,0-16,2005,61
50022,La Almolda,0-16,2006,59
50022,La Almolda,0-16,2007,60
50022,La Almolda,0-16,2008,68
50022,La Almolda,0-16,2009,61
50022,La Almolda,0-16,2010,59
50022,La Almolda,0-16,2011,59
50022,La Almolda,0-16,2012,51
50022,La Almolda,0-16,2013,45
50022,La Almolda,0-16,2014,40
50022,La Almolda,0-16,2015,37
50022,La Almolda,0-16,2016,36
50022,La Almolda,0-16,2017,30
50022,La Almolda,0-16,2018,32
50022,La Almolda,0-16,2019,31
50022,La Almolda,0-16,2020,31
50022,La Almolda,0-16,2021,33
50022,La Almolda,0-16,2022,34
50022,La Almolda,16-64,2003,383
50022,La Almolda,16-64,2004,379
50022,La Almolda,16-64,2005,387
50022,La Almolda,16-64,2006,379
50022,La Almolda,16-64,2007,375
50022,La Almolda,16-64,2008,381
50022,La Almolda,16-64,2009,375
50022,La Almolda,16-64,2010,366
50022,La Almolda,16-64,2011,361
50022,La Almolda,16-64,2012,367
50022,La Almolda,16-64,2013,363
50022,La Almolda,16-64,2014,359
50022,La Almolda,16-64,2015,356
50022,La Almolda,16-64,2016,350
50022,La Almolda,16-64,2017,345
50022,La Almolda,16-64,2018,345
50022,La Almolda,16-64,2019,337
50022,La Almolda,16-64,2020,341
50022,La Almolda,16-64,2021,334
50022,La Almolda,16-64,2022,317
50022,La Almolda,65-100,2003,203
50022,La Almolda,65-100,2004,206
50022,La Almolda,65-100,2005,205
50022,La Almolda,65-100,2006,200
50022,La Almolda,65-100,2007,197
50022,La Almolda,65-100,2008,194
50022,La Almolda,65-100,2009,195
50022,La Almolda,65-100,2010,194
50022,La Almolda,65-100,2011,195
50022,La Almolda,65-100,2012,193
50022,La Almolda,65-100,2013,200
50022,La Almolda,65-100,2014,203
50022,La Almolda,65-100,2015,200
50022,La Almolda,65-100,2016,195
50022,La Almolda,65-100,2017,187
50022,La Almolda,65-100,2018,190
50022,La Almolda,65-100,2019,185
50022,La Almolda,65-100,2020,182
50022,La Almolda,65-100,2021,188
50022,La Almolda,65-100,2022,198
50023,Almonacid de la Cuba,0-16,2003,23
50023,Almonacid de la Cuba,0-16,2004,23
50023,Almonacid de la Cuba,0-16,2005,17
50023,Almonacid de la Cuba,0-16,2006,21
50023,Almonacid de la Cuba,0-16,2007,23
50023,Almonacid de la Cuba,0-16,2008,25
50023,Almonacid de la Cuba,0-16,2009,22
50023,Almonacid de la Cuba,0-16,2010,21
50023,Almonacid de la Cuba,0-16,2011,19
50023,Almonacid de la Cuba,0-16,2012,17
50023,Almonacid de la Cuba,0-16,2013,16
50023,Almonacid de la Cuba,0-16,2014,19
50023,Almonacid de la Cuba,0-16,2015,25
50023,Almonacid de la Cuba,0-16,2016,26
50023,Almonacid de la Cuba,0-16,2017,22
50023,Almonacid de la Cuba,0-16,2018,22
50023,Almonacid de la Cuba,0-16,2019,22
50023,Almonacid de la Cuba,0-16,2020,19
50023,Almonacid de la Cuba,0-16,2021,15
50023,Almonacid de la Cuba,0-16,2022,15
50023,Almonacid de la Cuba,16-64,2003,165
50023,Almonacid de la Cuba,16-64,2004,163
50023,Almonacid de la Cuba,16-64,2005,161
50023,Almonacid de la Cuba,16-64,2006,167
50023,Almonacid de la Cuba,16-64,2007,168
50023,Almonacid de la Cuba,16-64,2008,161
50023,Almonacid de la Cuba,16-64,2009,149
50023,Almonacid de la Cuba,16-64,2010,144
50023,Almonacid de la Cuba,16-64,2011,139
50023,Almonacid de la Cuba,16-64,2012,128
50023,Almonacid de la Cuba,16-64,2013,120
50023,Almonacid de la Cuba,16-64,2014,117
50023,Almonacid de la Cuba,16-64,2015,125
50023,Almonacid de la Cuba,16-64,2016,128
50023,Almonacid de la Cuba,16-64,2017,131
50023,Almonacid de la Cuba,16-64,2018,132
50023,Almonacid de la Cuba,16-64,2019,125
50023,Almonacid de la Cuba,16-64,2020,121
50023,Almonacid de la Cuba,16-64,2021,130
50023,Almonacid de la Cuba,16-64,2022,141
50023,Almonacid de la Cuba,65-100,2003,124
50023,Almonacid de la Cuba,65-100,2004,120
50023,Almonacid de la Cuba,65-100,2005,119
50023,Almonacid de la Cuba,65-100,2006,114
50023,Almonacid de la Cuba,65-100,2007,109
50023,Almonacid de la Cuba,65-100,2008,113
50023,Almonacid de la Cuba,65-100,2009,118
50023,Almonacid de la Cuba,65-100,2010,118
50023,Almonacid de la Cuba,65-100,2011,112
50023,Almonacid de la Cuba,65-100,2012,107
50023,Almonacid de la Cuba,65-100,2013,108
50023,Almonacid de la Cuba,65-100,2014,108
50023,Almonacid de la Cuba,65-100,2015,105
50023,Almonacid de la Cuba,65-100,2016,107
50023,Almonacid de la Cuba,65-100,2017,107
50023,Almonacid de la Cuba,65-100,2018,98
50023,Almonacid de la Cuba,65-100,2019,96
50023,Almonacid de la Cuba,65-100,2020,90
50023,Almonacid de la Cuba,65-100,2021,89
50023,Almonacid de la Cuba,65-100,2022,78
50024,Almonacid de la Sierra,0-16,2003,69
50024,Almonacid de la Sierra,0-16,2004,71
50024,Almonacid de la Sierra,0-16,2005,59
50024,Almonacid de la Sierra,0-16,2006,64
50024,Almonacid de la Sierra,0-16,2007,66
50024,Almonacid de la Sierra,0-16,2008,75
50024,Almonacid de la Sierra,0-16,2009,75
50024,Almonacid de la Sierra,0-16,2010,79
50024,Almonacid de la Sierra,0-16,2011,84
50024,Almonacid de la Sierra,0-16,2012,79
50024,Almonacid de la Sierra,0-16,2013,71
50024,Almonacid de la Sierra,0-16,2014,77
50024,Almonacid de la Sierra,0-16,2015,68
50024,Almonacid de la Sierra,0-16,2016,58
50024,Almonacid de la Sierra,0-16,2017,61
50024,Almonacid de la Sierra,0-16,2018,62
50024,Almonacid de la Sierra,0-16,2019,60
50024,Almonacid de la Sierra,0-16,2020,78
50024,Almonacid de la Sierra,0-16,2021,84
50024,Almonacid de la Sierra,0-16,2022,89
50024,Almonacid de la Sierra,16-64,2003,540
50024,Almonacid de la Sierra,16-64,2004,546
50024,Almonacid de la Sierra,16-64,2005,551
50024,Almonacid de la Sierra,16-64,2006,525
50024,Almonacid de la Sierra,16-64,2007,493
50024,Almonacid de la Sierra,16-64,2008,489
50024,Almonacid de la Sierra,16-64,2009,490
50024,Almonacid de la Sierra,16-64,2010,462
50024,Almonacid de la Sierra,16-64,2011,497
50024,Almonacid de la Sierra,16-64,2012,464
50024,Almonacid de la Sierra,16-64,2013,439
50024,Almonacid de la Sierra,16-64,2014,444
50024,Almonacid de la Sierra,16-64,2015,428
50024,Almonacid de la Sierra,16-64,2016,416
50024,Almonacid de la Sierra,16-64,2017,420
50024,Almonacid de la Sierra,16-64,2018,412
50024,Almonacid de la Sierra,16-64,2019,459
50024,Almonacid de la Sierra,16-64,2020,468
50024,Almonacid de la Sierra,16-64,2021,477
50024,Almonacid de la Sierra,16-64,2022,469
50024,Almonacid de la Sierra,65-100,2003,272
50024,Almonacid de la Sierra,65-100,2004,277
50024,Almonacid de la Sierra,65-100,2005,267
50024,Almonacid de la Sierra,65-100,2006,264
50024,Almonacid de la Sierra,65-100,2007,262
50024,Almonacid de la Sierra,65-100,2008,257
50024,Almonacid de la Sierra,65-100,2009,250
50024,Almonacid de la Sierra,65-100,2010,249
50024,Almonacid de la Sierra,65-100,2011,243
50024,Almonacid de la Sierra,65-100,2012,238
50024,Almonacid de la Sierra,65-100,2013,234
50024,Almonacid de la Sierra,65-100,2014,231
50024,Almonacid de la Sierra,65-100,2015,235
50024,Almonacid de la Sierra,65-100,2016,229
50024,Almonacid de la Sierra,65-100,2017,220
50024,Almonacid de la Sierra,65-100,2018,217
50024,Almonacid de la Sierra,65-100,2019,216
50024,Almonacid de la Sierra,65-100,2020,207
50024,Almonacid de la Sierra,65-100,2021,210
50024,Almonacid de la Sierra,65-100,2022,198
50025,La Almunia de Doña Godina,0-16,2003,943
50025,La Almunia de Doña Godina,0-16,2004,1019
50025,La Almunia de Doña Godina,0-16,2005,1105
50025,La Almunia de Doña Godina,0-16,2006,1163
50025,La Almunia de Doña Godina,0-16,2007,1252
50025,La Almunia de Doña Godina,0-16,2008,1312
50025,La Almunia de Doña Godina,0-16,2009,1379
50025,La Almunia de Doña Godina,0-16,2010,1355
50025,La Almunia de Doña Godina,0-16,2011,1367
50025,La Almunia de Doña Godina,0-16,2012,1336
50025,La Almunia de Doña Godina,0-16,2013,1357
50025,La Almunia de Doña Godina,0-16,2014,1375
50025,La Almunia de Doña Godina,0-16,2015,1378
50025,La Almunia de Doña Godina,0-16,2016,1379
50025,La Almunia de Doña Godina,0-16,2017,1378
50025,La Almunia de Doña Godina,0-16,2018,1384
50025,La Almunia de Doña Godina,0-16,2019,1406
50025,La Almunia de Doña Godina,0-16,2020,1401
50025,La Almunia de Doña Godina,0-16,2021,1367
50025,La Almunia de Doña Godina,0-16,2022,1315
50025,La Almunia de Doña Godina,16-64,2003,4326
50025,La Almunia de Doña Godina,16-64,2004,4367
50025,La Almunia de Doña Godina,16-64,2005,4573
50025,La Almunia de Doña Godina,16-64,2006,4734
50025,La Almunia de Doña Godina,16-64,2007,4796
50025,La Almunia de Doña Godina,16-64,2008,5166
50025,La Almunia de Doña Godina,16-64,2009,5361
50025,La Almunia de Doña Godina,16-64,2010,5273
50025,La Almunia de Doña Godina,16-64,2011,5303
50025,La Almunia de Doña Godina,16-64,2012,5276
50025,La Almunia de Doña Godina,16-64,2013,5235
50025,La Almunia de Doña Godina,16-64,2014,5280
50025,La Almunia de Doña Godina,16-64,2015,5114
50025,La Almunia de Doña Godina,16-64,2016,5099
50025,La Almunia de Doña Godina,16-64,2017,5065
50025,La Almunia de Doña Godina,16-64,2018,5211
50025,La Almunia de Doña Godina,16-64,2019,5324
50025,La Almunia de Doña Godina,16-64,2020,5429
50025,La Almunia de Doña Godina,16-64,2021,5346
50025,La Almunia de Doña Godina,16-64,2022,5344
50025,La Almunia de Doña Godina,65-100,2003,1084
50025,La Almunia de Doña Godina,65-100,2004,1094
50025,La Almunia de Doña Godina,65-100,2005,1101
50025,La Almunia de Doña Godina,65-100,2006,1126
50025,La Almunia de Doña Godina,65-100,2007,1122
50025,La Almunia de Doña Godina,65-100,2008,1155
50025,La Almunia de Doña Godina,65-100,2009,1171
50025,La Almunia de Doña Godina,65-100,2010,1174
50025,La Almunia de Doña Godina,65-100,2011,1181
50025,La Almunia de Doña Godina,65-100,2012,1180
50025,La Almunia de Doña Godina,65-100,2013,1174
50025,La Almunia de Doña Godina,65-100,2014,1181
50025,La Almunia de Doña Godina,65-100,2015,1188
50025,La Almunia de Doña Godina,65-100,2016,1214
50025,La Almunia de Doña Godina,65-100,2017,1217
50025,La Almunia de Doña Godina,65-100,2018,1224
50025,La Almunia de Doña Godina,65-100,2019,1221
50025,La Almunia de Doña Godina,65-100,2020,1261
50025,La Almunia de Doña Godina,65-100,2021,1270
50025,La Almunia de Doña Godina,65-100,2022,1284
50026,Alpartir,0-16,2003,69
50026,Alpartir,0-16,2004,75
50026,Alpartir,0-16,2005,72
50026,Alpartir,0-16,2006,66
50026,Alpartir,0-16,2007,69
50026,Alpartir,0-16,2008,63
50026,Alpartir,0-16,2009,64
50026,Alpartir,0-16,2010,64
50026,Alpartir,0-16,2011,71
50026,Alpartir,0-16,2012,72
50026,Alpartir,0-16,2013,72
50026,Alpartir,0-16,2014,78
50026,Alpartir,0-16,2015,73
50026,Alpartir,0-16,2016,65
50026,Alpartir,0-16,2017,64
50026,Alpartir,0-16,2018,67
50026,Alpartir,0-16,2019,64
50026,Alpartir,0-16,2020,66
50026,Alpartir,0-16,2021,73
50026,Alpartir,0-16,2022,75
50026,Alpartir,16-64,2003,349
50026,Alpartir,16-64,2004,346
50026,Alpartir,16-64,2005,329
50026,Alpartir,16-64,2006,333
50026,Alpartir,16-64,2007,337
50026,Alpartir,16-64,2008,339
50026,Alpartir,16-64,2009,336
50026,Alpartir,16-64,2010,336
50026,Alpartir,16-64,2011,331
50026,Alpartir,16-64,2012,331
50026,Alpartir,16-64,2013,335
50026,Alpartir,16-64,2014,330
50026,Alpartir,16-64,2015,331
50026,Alpartir,16-64,2016,324
50026,Alpartir,16-64,2017,320
50026,Alpartir,16-64,2018,346
50026,Alpartir,16-64,2019,338
50026,Alpartir,16-64,2020,352
50026,Alpartir,16-64,2021,382
50026,Alpartir,16-64,2022,378
50026,Alpartir,65-100,2003,182
50026,Alpartir,65-100,2004,182
50026,Alpartir,65-100,2005,183
50026,Alpartir,65-100,2006,177
50026,Alpartir,65-100,2007,169
50026,Alpartir,65-100,2008,161
50026,Alpartir,65-100,2009,160
50026,Alpartir,65-100,2010,164
50026,Alpartir,65-100,2011,168
50026,Alpartir,65-100,2012,167
50026,Alpartir,65-100,2013,160
50026,Alpartir,65-100,2014,166
50026,Alpartir,65-100,2015,160
50026,Alpartir,65-100,2016,158
50026,Alpartir,65-100,2017,162
50026,Alpartir,65-100,2018,166
50026,Alpartir,65-100,2019,153
50026,Alpartir,65-100,2020,150
50026,Alpartir,65-100,2021,149
50026,Alpartir,65-100,2022,149
50027,Ambel,0-16,2003,20
50027,Ambel,0-16,2004,25
50027,Ambel,0-16,2005,24
50027,Ambel,0-16,2006,22
50027,Ambel,0-16,2007,25
50027,Ambel,0-16,2008,19
50027,Ambel,0-16,2009,23
50027,Ambel,0-16,2010,19
50027,Ambel,0-16,2011,19
50027,Ambel,0-16,2012,20
50027,Ambel,0-16,2013,17
50027,Ambel,0-16,2014,17
50027,Ambel,0-16,2015,17
50027,Ambel,0-16,2016,22
50027,Ambel,0-16,2017,21
50027,Ambel,0-16,2018,22
50027,Ambel,0-16,2019,23
50027,Ambel,0-16,2020,23
50027,Ambel,0-16,2021,17
50027,Ambel,0-16,2022,17
50027,Ambel,16-64,2003,194
50027,Ambel,16-64,2004,191
50027,Ambel,16-64,2005,187
50027,Ambel,16-64,2006,192
50027,Ambel,16-64,2007,187
50027,Ambel,16-64,2008,191
50027,Ambel,16-64,2009,174
50027,Ambel,16-64,2010,175
50027,Ambel,16-64,2011,170
50027,Ambel,16-64,2012,164
50027,Ambel,16-64,2013,154
50027,Ambel,16-64,2014,141
50027,Ambel,16-64,2015,143
50027,Ambel,16-64,2016,136
50027,Ambel,16-64,2017,137
50027,Ambel,16-64,2018,138
50027,Ambel,16-64,2019,135
50027,Ambel,16-64,2020,136
50027,Ambel,16-64,2021,137
50027,Ambel,16-64,2022,139
50027,Ambel,65-100,2003,122
50027,Ambel,65-100,2004,118
50027,Ambel,65-100,2005,112
50027,Ambel,65-100,2006,115
50027,Ambel,65-100,2007,118
50027,Ambel,65-100,2008,110
50027,Ambel,65-100,2009,114
50027,Ambel,65-100,2010,111
50027,Ambel,65-100,2011,101
50027,Ambel,65-100,2012,97
50027,Ambel,65-100,2013,99
50027,Ambel,65-100,2014,100
50027,Ambel,65-100,2015,96
50027,Ambel,65-100,2016,98
50027,Ambel,65-100,2017,96
50027,Ambel,65-100,2018,96
50027,Ambel,65-100,2019,96
50027,Ambel,65-100,2020,94
50027,Ambel,65-100,2021,98
50027,Ambel,65-100,2022,97
50028,Anento,0-16,2003,11
50028,Anento,0-16,2004,13
50028,Anento,0-16,2005,12
50028,Anento,0-16,2006,13
50028,Anento,0-16,2007,10
50028,Anento,0-16,2008,9
50028,Anento,0-16,2009,10
50028,Anento,0-16,2010,9
50028,Anento,0-16,2011,7
50028,Anento,0-16,2012,9
50028,Anento,0-16,2013,7
50028,Anento,0-16,2014,7
50028,Anento,0-16,2015,7
50028,Anento,0-16,2016,11
50028,Anento,0-16,2017,10
50028,Anento,0-16,2018,11
50028,Anento,0-16,2019,11
50028,Anento,0-16,2020,2
50028,Anento,0-16,2021,1
50028,Anento,0-16,2022,1
50028,Anento,16-64,2003,170
50028,Anento,16-64,2004,152
50028,Anento,16-64,2005,136
50028,Anento,16-64,2006,114
50028,Anento,16-64,2007,113
50028,Anento,16-64,2008,103
50028,Anento,16-64,2009,100
50028,Anento,16-64,2010,92
50028,Anento,16-64,2011,92
50028,Anento,16-64,2012,83
50028,Anento,16-64,2013,72
50028,Anento,16-64,2014,68
50028,Anento,16-64,2015,69
50028,Anento,16-64,2016,66
50028,Anento,16-64,2017,61
50028,Anento,16-64,2018,69
50028,Anento,16-64,2019,78
50028,Anento,16-64,2020,73
50028,Anento,16-64,2021,69
50028,Anento,16-64,2022,75
50028,Anento,65-100,2003,32
50028,Anento,65-100,2004,33
50028,Anento,65-100,2005,28
50028,Anento,65-100,2006,30
50028,Anento,65-100,2007,30
50028,Anento,65-100,2008,26
50028,Anento,65-100,2009,25
50028,Anento,65-100,2010,35
50028,Anento,65-100,2011,34
50028,Anento,65-100,2012,34
50028,Anento,65-100,2013,29
50028,Anento,65-100,2014,30
50028,Anento,65-100,2015,29
50028,Anento,65-100,2016,24
50028,Anento,65-100,2017,22
50028,Anento,65-100,2018,15
50028,Anento,65-100,2019,17
50028,Anento,65-100,2020,20
50028,Anento,65-100,2021,21
50028,Anento,65-100,2022,25
50029,Aniñón,0-16,2003,103
50029,Aniñón,0-16,2004,102
50029,Aniñón,0-16,2005,99
50029,Aniñón,0-16,2006,100
50029,Aniñón,0-16,2007,96
50029,Aniñón,0-16,2008,94
50029,Aniñón,0-16,2009,96
50029,Aniñón,0-16,2010,93
50029,Aniñón,0-16,2011,83
50029,Aniñón,0-16,2012,82
50029,Aniñón,0-16,2013,78
50029,Aniñón,0-16,2014,74
50029,Aniñón,0-16,2015,68
50029,Aniñón,0-16,2016,66
50029,Aniñón,0-16,2017,51
50029,Aniñón,0-16,2018,47
50029,Aniñón,0-16,2019,46
50029,Aniñón,0-16,2020,39
50029,Aniñón,0-16,2021,42
50029,Aniñón,0-16,2022,43
50029,Aniñón,16-64,2003,452
50029,Aniñón,16-64,2004,454
50029,Aniñón,16-64,2005,444
50029,Aniñón,16-64,2006,444
50029,Aniñón,16-64,2007,436
50029,Aniñón,16-64,2008,447
50029,Aniñón,16-64,2009,443
50029,Aniñón,16-64,2010,438
50029,Aniñón,16-64,2011,431
50029,Aniñón,16-64,2012,424
50029,Aniñón,16-64,2013,418
50029,Aniñón,16-64,2014,397
50029,Aniñón,16-64,2015,399
50029,Aniñón,16-64,2016,392
50029,Aniñón,16-64,2017,392
50029,Aniñón,16-64,2018,383
50029,Aniñón,16-64,2019,395
50029,Aniñón,16-64,2020,395
50029,Aniñón,16-64,2021,385
50029,Aniñón,16-64,2022,387
50029,Aniñón,65-100,2003,293
50029,Aniñón,65-100,2004,281
50029,Aniñón,65-100,2005,288
50029,Aniñón,65-100,2006,288
50029,Aniñón,65-100,2007,290
50029,Aniñón,65-100,2008,287
50029,Aniñón,65-100,2009,290
50029,Aniñón,65-100,2010,287
50029,Aniñón,65-100,2011,289
50029,Aniñón,65-100,2012,295
50029,Aniñón,65-100,2013,293
50029,Aniñón,65-100,2014,286
50029,Aniñón,65-100,2015,294
50029,Aniñón,65-100,2016,282
50029,Aniñón,65-100,2017,280
50029,Aniñón,65-100,2018,278
50029,Aniñón,65-100,2019,265
50029,Aniñón,65-100,2020,250
50029,Aniñón,65-100,2021,244
50029,Aniñón,65-100,2022,229
50030,Añón de Moncayo,0-16,2003,8
50030,Añón de Moncayo,0-16,2004,5
50030,Añón de Moncayo,0-16,2005,4
50030,Añón de Moncayo,0-16,2006,4
50030,Añón de Moncayo,0-16,2007,6
50030,Añón de Moncayo,0-16,2008,2
50030,Añón de Moncayo,0-16,2009,1
50030,Añón de Moncayo,0-16,2010,1
50030,Añón de Moncayo,0-16,2011,3
50030,Añón de Moncayo,0-16,2012,7
50030,Añón de Moncayo,0-16,2013,6
50030,Añón de Moncayo,0-16,2014,7
50030,Añón de Moncayo,0-16,2015,7
50030,Añón de Moncayo,0-16,2016,6
50030,Añón de Moncayo,0-16,2017,9
50030,Añón de Moncayo,0-16,2018,12
50030,Añón de Moncayo,0-16,2019,16
50030,Añón de Moncayo,0-16,2020,19
50030,Añón de Moncayo,0-16,2021,14
50030,Añón de Moncayo,0-16,2022,18
50030,Añón de Moncayo,16-64,2003,158
50030,Añón de Moncayo,16-64,2004,150
50030,Añón de Moncayo,16-64,2005,139
50030,Añón de Moncayo,16-64,2006,125
50030,Añón de Moncayo,16-64,2007,132
50030,Añón de Moncayo,16-64,2008,127
50030,Añón de Moncayo,16-64,2009,119
50030,Añón de Moncayo,16-64,2010,111
50030,Añón de Moncayo,16-64,2011,112
50030,Añón de Moncayo,16-64,2012,111
50030,Añón de Moncayo,16-64,2013,112
50030,Añón de Moncayo,16-64,2014,108
50030,Añón de Moncayo,16-64,2015,111
50030,Añón de Moncayo,16-64,2016,107
50030,Añón de Moncayo,16-64,2017,105
50030,Añón de Moncayo,16-64,2018,114
50030,Añón de Moncayo,16-64,2019,112
50030,Añón de Moncayo,16-64,2020,114
50030,Añón de Moncayo,16-64,2021,105
50030,Añón de Moncayo,16-64,2022,98
50030,Añón de Moncayo,65-100,2003,118
50030,Añón de Moncayo,65-100,2004,108
50030,Añón de Moncayo,65-100,2005,106
50030,Añón de Moncayo,65-100,2006,102
50030,Añón de Moncayo,65-100,2007,106
50030,Añón de Moncayo,65-100,2008,100
50030,Añón de Moncayo,65-100,2009,100
50030,Añón de Moncayo,65-100,2010,93
50030,Añón de Moncayo,65-100,2011,93
50030,Añón de Moncayo,65-100,2012,95
50030,Añón de Moncayo,65-100,2013,94
50030,Añón de Moncayo,65-100,2014,95
50030,Añón de Moncayo,65-100,2015,88
50030,Añón de Moncayo,65-100,2016,84
50030,Añón de Moncayo,65-100,2017,86
50030,Añón de Moncayo,65-100,2018,87
50030,Añón de Moncayo,65-100,2019,84
50030,Añón de Moncayo,65-100,2020,89
50030,Añón de Moncayo,65-100,2021,86
50030,Añón de Moncayo,65-100,2022,86
50031,Aranda de Moncayo,0-16,2003,18
50031,Aranda de Moncayo,0-16,2004,15
50031,Aranda de Moncayo,0-16,2005,15
50031,Aranda de Moncayo,0-16,2006,16
50031,Aranda de Moncayo,0-16,2007,15
50031,Aranda de Moncayo,0-16,2008,18
50031,Aranda de Moncayo,0-16,2009,15
50031,Aranda de Moncayo,0-16,2010,14
50031,Aranda de Moncayo,0-16,2011,12
50031,Aranda de Moncayo,0-16,2012,11
50031,Aranda de Moncayo,0-16,2013,7
50031,Aranda de Moncayo,0-16,2014,9
50031,Aranda de Moncayo,0-16,2015,9
50031,Aranda de Moncayo,0-16,2016,11
50031,Aranda de Moncayo,0-16,2017,11
50031,Aranda de Moncayo,0-16,2018,5
50031,Aranda de Moncayo,0-16,2019,4
50031,Aranda de Moncayo,0-16,2020,4
50031,Aranda de Moncayo,0-16,2021,4
50031,Aranda de Moncayo,0-16,2022,3
50031,Aranda de Moncayo,16-64,2003,122
50031,Aranda de Moncayo,16-64,2004,119
50031,Aranda de Moncayo,16-64,2005,121
50031,Aranda de Moncayo,16-64,2006,124
50031,Aranda de Moncayo,16-64,2007,127
50031,Aranda de Moncayo,16-64,2008,127
50031,Aranda de Moncayo,16-64,2009,123
50031,Aranda de Moncayo,16-64,2010,123
50031,Aranda de Moncayo,16-64,2011,126
50031,Aranda de Moncayo,16-64,2012,118
50031,Aranda de Moncayo,16-64,2013,112
50031,Aranda de Moncayo,16-64,2014,114
50031,Aranda de Moncayo,16-64,2015,118
50031,Aranda de Moncayo,16-64,2016,117
50031,Aranda de Moncayo,16-64,2017,107
50031,Aranda de Moncayo,16-64,2018,98
50031,Aranda de Moncayo,16-64,2019,91
50031,Aranda de Moncayo,16-64,2020,87
50031,Aranda de Moncayo,16-64,2021,85
50031,Aranda de Moncayo,16-64,2022,79
50031,Aranda de Moncayo,65-100,2003,88
50031,Aranda de Moncayo,65-100,2004,86
50031,Aranda de Moncayo,65-100,2005,84
50031,Aranda de Moncayo,65-100,2006,88
50031,Aranda de Moncayo,65-100,2007,88
50031,Aranda de Moncayo,65-100,2008,87
50031,Aranda de Moncayo,65-100,2009,85
50031,Aranda de Moncayo,65-100,2010,77
50031,Aranda de Moncayo,65-100,2011,70
50031,Aranda de Moncayo,65-100,2012,69
50031,Aranda de Moncayo,65-100,2013,66
50031,Aranda de Moncayo,65-100,2014,63
50031,Aranda de Moncayo,65-100,2015,60
50031,Aranda de Moncayo,65-100,2016,58
50031,Aranda de Moncayo,65-100,2017,56
50031,Aranda de Moncayo,65-100,2018,57
50031,Aranda de Moncayo,65-100,2019,57
50031,Aranda de Moncayo,65-100,2020,54
50031,Aranda de Moncayo,65-100,2021,51
50031,Aranda de Moncayo,65-100,2022,50
50032,Arándiga,0-16,2003,31
50032,Arándiga,0-16,2004,39
50032,Arándiga,0-16,2005,31
50032,Arándiga,0-16,2006,32
50032,Arándiga,0-16,2007,29
50032,Arándiga,0-16,2008,29
50032,Arándiga,0-16,2009,24
50032,Arándiga,0-16,2010,25
50032,Arándiga,0-16,2011,32
50032,Arándiga,0-16,2012,30
50032,Arándiga,0-16,2013,24
50032,Arándiga,0-16,2014,30
50032,Arándiga,0-16,2015,22
50032,Arándiga,0-16,2016,21
50032,Arándiga,0-16,2017,22
50032,Arándiga,0-16,2018,17
50032,Arándiga,0-16,2019,19
50032,Arándiga,0-16,2020,14
50032,Arándiga,0-16,2021,18
50032,Arándiga,0-16,2022,23
50032,Arándiga,16-64,2003,206
50032,Arándiga,16-64,2004,214
50032,Arándiga,16-64,2005,201
50032,Arándiga,16-64,2006,182
50032,Arándiga,16-64,2007,185
50032,Arándiga,16-64,2008,178
50032,Arándiga,16-64,2009,178
50032,Arándiga,16-64,2010,177
50032,Arándiga,16-64,2011,182
50032,Arándiga,16-64,2012,174
50032,Arándiga,16-64,2013,166
50032,Arándiga,16-64,2014,174
50032,Arándiga,16-64,2015,164
50032,Arándiga,16-64,2016,148
50032,Arándiga,16-64,2017,149
50032,Arándiga,16-64,2018,161
50032,Arándiga,16-64,2019,160
50032,Arándiga,16-64,2020,145
50032,Arándiga,16-64,2021,144
50032,Arándiga,16-64,2022,155
50032,Arándiga,65-100,2003,222
50032,Arándiga,65-100,2004,219
50032,Arándiga,65-100,2005,214
50032,Arándiga,65-100,2006,216
50032,Arándiga,65-100,2007,214
50032,Arándiga,65-100,2008,211
50032,Arándiga,65-100,2009,205
50032,Arándiga,65-100,2010,204
50032,Arándiga,65-100,2011,198
50032,Arándiga,65-100,2012,181
50032,Arándiga,65-100,2013,177
50032,Arándiga,65-100,2014,165
50032,Arándiga,65-100,2015,154
50032,Arándiga,65-100,2016,148
50032,Arándiga,65-100,2017,137
50032,Arándiga,65-100,2018,131
50032,Arándiga,65-100,2019,123
50032,Arándiga,65-100,2020,119
50032,Arándiga,65-100,2021,112
50032,Arándiga,65-100,2022,109
50033,Ardisa,0-16,2003,5
50033,Ardisa,0-16,2004,6
50033,Ardisa,0-16,2005,3
50033,Ardisa,0-16,2006,4
50033,Ardisa,0-16,2007,4
50033,Ardisa,0-16,2008,2
50033,Ardisa,0-16,2009,2
50033,Ardisa,0-16,2010,2
50033,Ardisa,0-16,2011,3
50033,Ardisa,0-16,2012,3
50033,Ardisa,0-16,2013,1
50033,Ardisa,0-16,2014,1
50033,Ardisa,0-16,2015,1
50033,Ardisa,0-16,2016,3
50033,Ardisa,0-16,2017,3
50033,Ardisa,0-16,2018,1
50033,Ardisa,0-16,2019,1
50033,Ardisa,0-16,2020,1
50033,Ardisa,0-16,2021,0
50033,Ardisa,0-16,2022,0
50033,Ardisa,16-64,2003,50
50033,Ardisa,16-64,2004,53
50033,Ardisa,16-64,2005,56
50033,Ardisa,16-64,2006,61
50033,Ardisa,16-64,2007,67
50033,Ardisa,16-64,2008,63
50033,Ardisa,16-64,2009,55
50033,Ardisa,16-64,2010,54
50033,Ardisa,16-64,2011,56
50033,Ardisa,16-64,2012,53
50033,Ardisa,16-64,2013,48
50033,Ardisa,16-64,2014,41
50033,Ardisa,16-64,2015,41
50033,Ardisa,16-64,2016,35
50033,Ardisa,16-64,2017,33
50033,Ardisa,16-64,2018,31
50033,Ardisa,16-64,2019,32
50033,Ardisa,16-64,2020,38
50033,Ardisa,16-64,2021,41
50033,Ardisa,16-64,2022,41
50033,Ardisa,65-100,2003,25
50033,Ardisa,65-100,2004,23
50033,Ardisa,65-100,2005,23
50033,Ardisa,65-100,2006,21
50033,Ardisa,65-100,2007,20
50033,Ardisa,65-100,2008,19
50033,Ardisa,65-100,2009,23
50033,Ardisa,65-100,2010,24
50033,Ardisa,65-100,2011,26
50033,Ardisa,65-100,2012,27
50033,Ardisa,65-100,2013,32
50033,Ardisa,65-100,2014,28
50033,Ardisa,65-100,2015,32
50033,Ardisa,65-100,2016,34
50033,Ardisa,65-100,2017,36
50033,Ardisa,65-100,2018,40
50033,Ardisa,65-100,2019,37
50033,Ardisa,65-100,2020,35
50033,Ardisa,65-100,2021,35
50033,Ardisa,65-100,2022,33
50034,Ariza,0-16,2003,139
50034,Ariza,0-16,2004,145
50034,Ariza,0-16,2005,135
50034,Ariza,0-16,2006,128
50034,Ariza,0-16,2007,140
50034,Ariza,0-16,2008,171
50034,Ariza,0-16,2009,163
50034,Ariza,0-16,2010,175
50034,Ariza,0-16,2011,193
50034,Ariza,0-16,2012,173
50034,Ariza,0-16,2013,174
50034,Ariza,0-16,2014,172
50034,Ariza,0-16,2015,185
50034,Ariza,0-16,2016,175
50034,Ariza,0-16,2017,176
50034,Ariza,0-16,2018,180
50034,Ariza,0-16,2019,169
50034,Ariza,0-16,2020,162
50034,Ariza,0-16,2021,158
50034,Ariza,0-16,2022,141
50034,Ariza,16-64,2003,762
50034,Ariza,16-64,2004,754
50034,Ariza,16-64,2005,739
50034,Ariza,16-64,2006,692
50034,Ariza,16-64,2007,692
50034,Ariza,16-64,2008,704
50034,Ariza,16-64,2009,697
50034,Ariza,16-64,2010,704
50034,Ariza,16-64,2011,691
50034,Ariza,16-64,2012,662
50034,Ariza,16-64,2013,659
50034,Ariza,16-64,2014,640
50034,Ariza,16-64,2015,636
50034,Ariza,16-64,2016,600
50034,Ariza,16-64,2017,607
50034,Ariza,16-64,2018,621
50034,Ariza,16-64,2019,610
50034,Ariza,16-64,2020,617
50034,Ariza,16-64,2021,600
50034,Ariza,16-64,2022,595
50034,Ariza,65-100,2003,436
50034,Ariza,65-100,2004,413
50034,Ariza,65-100,2005,402
50034,Ariza,65-100,2006,401
50034,Ariza,65-100,2007,410
50034,Ariza,65-100,2008,414
50034,Ariza,65-100,2009,407
50034,Ariza,65-100,2010,400
50034,Ariza,65-100,2011,402
50034,Ariza,65-100,2012,392
50034,Ariza,65-100,2013,374
50034,Ariza,65-100,2014,373
50034,Ariza,65-100,2015,375
50034,Ariza,65-100,2016,364
50034,Ariza,65-100,2017,350
50034,Ariza,65-100,2018,338
50034,Ariza,65-100,2019,336
50034,Ariza,65-100,2020,321
50034,Ariza,65-100,2021,310
50034,Ariza,65-100,2022,309
50035,Artieda,0-16,2003,11
50035,Artieda,0-16,2004,11
50035,Artieda,0-16,2005,11
50035,Artieda,0-16,2006,11
50035,Artieda,0-16,2007,11
50035,Artieda,0-16,2008,8
50035,Artieda,0-16,2009,8
50035,Artieda,0-16,2010,9
50035,Artieda,0-16,2011,9
50035,Artieda,0-16,2012,10
50035,Artieda,0-16,2013,9
50035,Artieda,0-16,2014,9
50035,Artieda,0-16,2015,7
50035,Artieda,0-16,2016,7
50035,Artieda,0-16,2017,6
50035,Artieda,0-16,2018,5
50035,Artieda,0-16,2019,4
50035,Artieda,0-16,2020,3
50035,Artieda,0-16,2021,4
50035,Artieda,0-16,2022,6
50035,Artieda,16-64,2003,63
50035,Artieda,16-64,2004,68
50035,Artieda,16-64,2005,68
50035,Artieda,16-64,2006,66
50035,Artieda,16-64,2007,63
50035,Artieda,16-64,2008,67
50035,Artieda,16-64,2009,66
50035,Artieda,16-64,2010,58
50035,Artieda,16-64,2011,57
50035,Artieda,16-64,2012,53
50035,Artieda,16-64,2013,53
50035,Artieda,16-64,2014,53
50035,Artieda,16-64,2015,47
50035,Artieda,16-64,2016,46
50035,Artieda,16-64,2017,42
50035,Artieda,16-64,2018,45
50035,Artieda,16-64,2019,53
50035,Artieda,16-64,2020,53
50035,Artieda,16-64,2021,49
50035,Artieda,16-64,2022,49
50035,Artieda,65-100,2003,30
50035,Artieda,65-100,2004,28
50035,Artieda,65-100,2005,29
50035,Artieda,65-100,2006,29
50035,Artieda,65-100,2007,28
50035,Artieda,65-100,2008,27
50035,Artieda,65-100,2009,26
50035,Artieda,65-100,2010,27
50035,Artieda,65-100,2011,26
50035,Artieda,65-100,2012,27
50035,Artieda,65-100,2013,28
50035,Artieda,65-100,2014,24
50035,Artieda,65-100,2015,27
50035,Artieda,65-100,2016,26
50035,Artieda,65-100,2017,27
50035,Artieda,65-100,2018,23
50035,Artieda,65-100,2019,23
50035,Artieda,65-100,2020,24
50035,Artieda,65-100,2021,25
50035,Artieda,65-100,2022,27
50036,Asín,0-16,2003,14
50036,Asín,0-16,2004,13
50036,Asín,0-16,2005,11
50036,Asín,0-16,2006,10
50036,Asín,0-16,2007,8
50036,Asín,0-16,2008,4
50036,Asín,0-16,2009,4
50036,Asín,0-16,2010,1
50036,Asín,0-16,2011,2
50036,Asín,0-16,2012,2
50036,Asín,0-16,2013,0
50036,Asín,0-16,2014,0
50036,Asín,0-16,2015,0
50036,Asín,0-16,2016,1
50036,Asín,0-16,2017,1
50036,Asín,0-16,2018,1
50036,Asín,0-16,2019,5
50036,Asín,0-16,2020,3
50036,Asín,0-16,2021,3
50036,Asín,0-16,2022,5
50036,Asín,16-64,2003,57
50036,Asín,16-64,2004,56
50036,Asín,16-64,2005,65
50036,Asín,16-64,2006,68
50036,Asín,16-64,2007,71
50036,Asín,16-64,2008,73
50036,Asín,16-64,2009,71
50036,Asín,16-64,2010,73
50036,Asín,16-64,2011,74
50036,Asín,16-64,2012,72
50036,Asín,16-64,2013,66
50036,Asín,16-64,2014,63
50036,Asín,16-64,2015,64
50036,Asín,16-64,2016,61
50036,Asín,16-64,2017,61
50036,Asín,16-64,2018,55
50036,Asín,16-64,2019,59
50036,Asín,16-64,2020,52
50036,Asín,16-64,2021,48
50036,Asín,16-64,2022,48
50036,Asín,65-100,2003,39
50036,Asín,65-100,2004,37
50036,Asín,65-100,2005,37
50036,Asín,65-100,2006,35
50036,Asín,65-100,2007,32
50036,Asín,65-100,2008,30
50036,Asín,65-100,2009,33
50036,Asín,65-100,2010,30
50036,Asín,65-100,2011,34
50036,Asín,65-100,2012,41
50036,Asín,65-100,2013,37
50036,Asín,65-100,2014,42
50036,Asín,65-100,2015,40
50036,Asín,65-100,2016,44
50036,Asín,65-100,2017,40
50036,Asín,65-100,2018,40
50036,Asín,65-100,2019,46
50036,Asín,65-100,2020,43
50036,Asín,65-100,2021,46
50036,Asín,65-100,2022,51
50037,Atea,0-16,2003,7
50037,Atea,0-16,2004,7
50037,Atea,0-16,2005,6
50037,Atea,0-16,2006,6
50037,Atea,0-16,2007,5
50037,Atea,0-16,2008,4
50037,Atea,0-16,2009,4
50037,Atea,0-16,2010,3
50037,Atea,0-16,2011,4
50037,Atea,0-16,2012,8
50037,Atea,0-16,2013,13
50037,Atea,0-16,2014,9
50037,Atea,0-16,2015,1
50037,Atea,0-16,2016,3
50037,Atea,0-16,2017,10
50037,Atea,0-16,2018,12
50037,Atea,0-16,2019,11
50037,Atea,0-16,2020,8
50037,Atea,0-16,2021,8
50037,Atea,0-16,2022,7
50037,Atea,16-64,2003,87
50037,Atea,16-64,2004,80
50037,Atea,16-64,2005,74
50037,Atea,16-64,2006,68
50037,Atea,16-64,2007,63
50037,Atea,16-64,2008,63
50037,Atea,16-64,2009,60
50037,Atea,16-64,2010,56
50037,Atea,16-64,2011,57
50037,Atea,16-64,2012,69
50037,Atea,16-64,2013,82
50037,Atea,16-64,2014,76
50037,Atea,16-64,2015,52
50037,Atea,16-64,2016,63
50037,Atea,16-64,2017,74
50037,Atea,16-64,2018,80
50037,Atea,16-64,2019,80
50037,Atea,16-64,2020,82
50037,Atea,16-64,2021,86
50037,Atea,16-64,2022,81
50037,Atea,65-100,2003,97
50037,Atea,65-100,2004,93
50037,Atea,65-100,2005,92
50037,Atea,65-100,2006,90
50037,Atea,65-100,2007,89
50037,Atea,65-100,2008,81
50037,Atea,65-100,2009,66
50037,Atea,65-100,2010,66
50037,Atea,65-100,2011,67
50037,Atea,65-100,2012,75
50037,Atea,65-100,2013,72
50037,Atea,65-100,2014,70
50037,Atea,65-100,2015,59
50037,Atea,65-100,2016,65
50037,Atea,65-100,2017,61
50037,Atea,65-100,2018,64
50037,Atea,65-100,2019,60
50037,Atea,65-100,2020,57
50037,Atea,65-100,2021,55
50037,Atea,65-100,2022,53
50038,Ateca,0-16,2003,261
50038,Ateca,0-16,2004,259
50038,Ateca,0-16,2005,262
50038,Ateca,0-16,2006,257
50038,Ateca,0-16,2007,273
50038,Ateca,0-16,2008,276
50038,Ateca,0-16,2009,276
50038,Ateca,0-16,2010,286
50038,Ateca,0-16,2011,263
50038,Ateca,0-16,2012,246
50038,Ateca,0-16,2013,233
50038,Ateca,0-16,2014,221
50038,Ateca,0-16,2015,193
50038,Ateca,0-16,2016,172
50038,Ateca,0-16,2017,168
50038,Ateca,0-16,2018,165
50038,Ateca,0-16,2019,172
50038,Ateca,0-16,2020,171
50038,Ateca,0-16,2021,158
50038,Ateca,0-16,2022,155
50038,Ateca,16-64,2003,1315
50038,Ateca,16-64,2004,1336
50038,Ateca,16-64,2005,1349
50038,Ateca,16-64,2006,1333
50038,Ateca,16-64,2007,1338
50038,Ateca,16-64,2008,1354
50038,Ateca,16-64,2009,1369
50038,Ateca,16-64,2010,1383
50038,Ateca,16-64,2011,1416
50038,Ateca,16-64,2012,1376
50038,Ateca,16-64,2013,1344
50038,Ateca,16-64,2014,1301
50038,Ateca,16-64,2015,1276
50038,Ateca,16-64,2016,1192
50038,Ateca,16-64,2017,1169
50038,Ateca,16-64,2018,1143
50038,Ateca,16-64,2019,1098
50038,Ateca,16-64,2020,1086
50038,Ateca,16-64,2021,1063
50038,Ateca,16-64,2022,1034
50038,Ateca,65-100,2003,453
50038,Ateca,65-100,2004,449
50038,Ateca,65-100,2005,448
50038,Ateca,65-100,2006,455
50038,Ateca,65-100,2007,457
50038,Ateca,65-100,2008,459
50038,Ateca,65-100,2009,468
50038,Ateca,65-100,2010,482
50038,Ateca,65-100,2011,481
50038,Ateca,65-100,2012,477
50038,Ateca,65-100,2013,484
50038,Ateca,65-100,2014,497
50038,Ateca,65-100,2015,499
50038,Ateca,65-100,2016,492
50038,Ateca,65-100,2017,488
50038,Ateca,65-100,2018,485
50038,Ateca,65-100,2019,492
50038,Ateca,65-100,2020,505
50038,Ateca,65-100,2021,508
50038,Ateca,65-100,2022,501
50039,Azuara,0-16,2003,54
50039,Azuara,0-16,2004,60
50039,Azuara,0-16,2005,54
50039,Azuara,0-16,2006,58
50039,Azuara,0-16,2007,66
50039,Azuara,0-16,2008,70
50039,Azuara,0-16,2009,84
50039,Azuara,0-16,2010,76
50039,Azuara,0-16,2011,72
50039,Azuara,0-16,2012,60
50039,Azuara,0-16,2013,58
50039,Azuara,0-16,2014,57
50039,Azuara,0-16,2015,53
50039,Azuara,0-16,2016,48
50039,Azuara,0-16,2017,41
50039,Azuara,0-16,2018,39
50039,Azuara,0-16,2019,36
50039,Azuara,0-16,2020,29
50039,Azuara,0-16,2021,41
50039,Azuara,0-16,2022,40
50039,Azuara,16-64,2003,350
50039,Azuara,16-64,2004,352
50039,Azuara,16-64,2005,339
50039,Azuara,16-64,2006,356
50039,Azuara,16-64,2007,365
50039,Azuara,16-64,2008,384
50039,Azuara,16-64,2009,388
50039,Azuara,16-64,2010,401
50039,Azuara,16-64,2011,408
50039,Azuara,16-64,2012,410
50039,Azuara,16-64,2013,376
50039,Azuara,16-64,2014,368
50039,Azuara,16-64,2015,352
50039,Azuara,16-64,2016,337
50039,Azuara,16-64,2017,326
50039,Azuara,16-64,2018,320
50039,Azuara,16-64,2019,333
50039,Azuara,16-64,2020,342
50039,Azuara,16-64,2021,345
50039,Azuara,16-64,2022,341
50039,Azuara,65-100,2003,248
50039,Azuara,65-100,2004,253
50039,Azuara,65-100,2005,250
50039,Azuara,65-100,2006,243
50039,Azuara,65-100,2007,243
50039,Azuara,65-100,2008,249
50039,Azuara,65-100,2009,238
50039,Azuara,65-100,2010,224
50039,Azuara,65-100,2011,222
50039,Azuara,65-100,2012,210
50039,Azuara,65-100,2013,209
50039,Azuara,65-100,2014,205
50039,Azuara,65-100,2015,201
50039,Azuara,65-100,2016,191
50039,Azuara,65-100,2017,184
50039,Azuara,65-100,2018,184
50039,Azuara,65-100,2019,171
50039,Azuara,65-100,2020,158
50039,Azuara,65-100,2021,158
50039,Azuara,65-100,2022,158
50040,Badules,0-16,2003,5
50040,Badules,0-16,2004,4
50040,Badules,0-16,2005,4
50040,Badules,0-16,2006,5
50040,Badules,0-16,2007,5
50040,Badules,0-16,2008,5
50040,Badules,0-16,2009,5
50040,Badules,0-16,2010,4
50040,Badules,0-16,2011,5
50040,Badules,0-16,2012,5
50040,Badules,0-16,2013,6
50040,Badules,0-16,2014,7
50040,Badules,0-16,2015,4
50040,Badules,0-16,2016,2
50040,Badules,0-16,2017,4
50040,Badules,0-16,2018,4
50040,Badules,0-16,2019,4
50040,Badules,0-16,2020,4
50040,Badules,0-16,2021,3
50040,Badules,0-16,2022,3
50040,Badules,16-64,2003,51
50040,Badules,16-64,2004,49
50040,Badules,16-64,2005,46
50040,Badules,16-64,2006,52
50040,Badules,16-64,2007,51
50040,Badules,16-64,2008,51
50040,Badules,16-64,2009,51
50040,Badules,16-64,2010,49
50040,Badules,16-64,2011,55
50040,Badules,16-64,2012,54
50040,Badules,16-64,2013,53
50040,Badules,16-64,2014,48
50040,Badules,16-64,2015,48
50040,Badules,16-64,2016,45
50040,Badules,16-64,2017,45
50040,Badules,16-64,2018,43
50040,Badules,16-64,2019,44
50040,Badules,16-64,2020,41
50040,Badules,16-64,2021,36
50040,Badules,16-64,2022,41
50040,Badules,65-100,2003,54
50040,Badules,65-100,2004,54
50040,Badules,65-100,2005,51
50040,Badules,65-100,2006,55
50040,Badules,65-100,2007,51
50040,Badules,65-100,2008,50
50040,Badules,65-100,2009,44
50040,Badules,65-100,2010,42
50040,Badules,65-100,2011,40
50040,Badules,65-100,2012,41
50040,Badules,65-100,2013,43
50040,Badules,65-100,2014,42
50040,Badules,65-100,2015,43
50040,Badules,65-100,2016,41
50040,Badules,65-100,2017,38
50040,Badules,65-100,2018,36
50040,Badules,65-100,2019,37
50040,Badules,65-100,2020,33
50040,Badules,65-100,2021,31
50040,Badules,65-100,2022,30
50041,Bagüés,0-16,2003,0
50041,Bagüés,0-16,2004,0
50041,Bagüés,0-16,2005,0
50041,Bagüés,0-16,2006,1
50041,Bagüés,0-16,2007,1
50041,Bagüés,0-16,2008,1
50041,Bagüés,0-16,2009,0
50041,Bagüés,0-16,2010,0
50041,Bagüés,0-16,2011,0
50041,Bagüés,0-16,2012,0
50041,Bagüés,0-16,2013,0
50041,Bagüés,0-16,2014,0
50041,Bagüés,0-16,2015,0
50041,Bagüés,0-16,2016,0
50041,Bagüés,0-16,2017,0
50041,Bagüés,0-16,2018,0
50041,Bagüés,0-16,2019,0
50041,Bagüés,0-16,2020,0
50041,Bagüés,0-16,2021,1
50041,Bagüés,0-16,2022,1
50041,Bagüés,16-64,2003,22
50041,Bagüés,16-64,2004,23
50041,Bagüés,16-64,2005,16
50041,Bagüés,16-64,2006,14
50041,Bagüés,16-64,2007,13
50041,Bagüés,16-64,2008,11
50041,Bagüés,16-64,2009,10
50041,Bagüés,16-64,2010,7
50041,Bagüés,16-64,2011,5
50041,Bagüés,16-64,2012,7
50041,Bagüés,16-64,2013,8
50041,Bagüés,16-64,2014,5
50041,Bagüés,16-64,2015,6
50041,Bagüés,16-64,2016,5
50041,Bagüés,16-64,2017,5
50041,Bagüés,16-64,2018,7
50041,Bagüés,16-64,2019,11
50041,Bagüés,16-64,2020,10
50041,Bagüés,16-64,2021,10
50041,Bagüés,16-64,2022,9
50041,Bagüés,65-100,2003,23
50041,Bagüés,65-100,2004,20
50041,Bagüés,65-100,2005,21
50041,Bagüés,65-100,2006,19
50041,Bagüés,65-100,2007,19
50041,Bagüés,65-100,2008,20
50041,Bagüés,65-100,2009,18
50041,Bagüés,65-100,2010,16
50041,Bagüés,65-100,2011,16
50041,Bagüés,65-100,2012,13
50041,Bagüés,65-100,2013,12
50041,Bagüés,65-100,2014,10
50041,Bagüés,65-100,2015,7
50041,Bagüés,65-100,2016,7
50041,Bagüés,65-100,2017,6
50041,Bagüés,65-100,2018,5
50041,Bagüés,65-100,2019,6
50041,Bagüés,65-100,2020,6
50041,Bagüés,65-100,2021,5
50041,Bagüés,65-100,2022,5
50042,Balconchán,0-16,2003,0
50042,Balconchán,0-16,2004,0
50042,Balconchán,0-16,2005,0
50042,Balconchán,0-16,2006,0
50042,Balconchán,0-16,2007,0
50042,Balconchán,0-16,2008,0
50042,Balconchán,0-16,2009,0
50042,Balconchán,0-16,2010,1
50042,Balconchán,0-16,2011,1
50042,Balconchán,0-16,2012,0
50042,Balconchán,0-16,2013,0
50042,Balconchán,0-16,2014,0
50042,Balconchán,0-16,2015,0
50042,Balconchán,0-16,2016,0
50042,Balconchán,0-16,2017,0
50042,Balconchán,0-16,2018,0
50042,Balconchán,0-16,2019,0
50042,Balconchán,0-16,2020,0
50042,Balconchán,0-16,2021,0
50042,Balconchán,0-16,2022,0
50042,Balconchán,16-64,2003,4
50042,Balconchán,16-64,2004,4
50042,Balconchán,16-64,2005,4
50042,Balconchán,16-64,2006,4
50042,Balconchán,16-64,2007,3
50042,Balconchán,16-64,2008,4
50042,Balconchán,16-64,2009,4
50042,Balconchán,16-64,2010,4
50042,Balconchán,16-64,2011,7
50042,Balconchán,16-64,2012,7
50042,Balconchán,16-64,2013,7
50042,Balconchán,16-64,2014,6
50042,Balconchán,16-64,2015,7
50042,Balconchán,16-64,2016,7
50042,Balconchán,16-64,2017,8
50042,Balconchán,16-64,2018,10
50042,Balconchán,16-64,2019,8
50042,Balconchán,16-64,2020,11
50042,Balconchán,16-64,2021,11
50042,Balconchán,16-64,2022,9
50042,Balconchán,65-100,2003,19
50042,Balconchán,65-100,2004,14
50042,Balconchán,65-100,2005,10
50042,Balconchán,65-100,2006,9
50042,Balconchán,65-100,2007,10
50042,Balconchán,65-100,2008,9
50042,Balconchán,65-100,2009,7
50042,Balconchán,65-100,2010,7
50042,Balconchán,65-100,2011,7
50042,Balconchán,65-100,2012,7
50042,Balconchán,65-100,2013,7
50042,Balconchán,65-100,2014,6
50042,Balconchán,65-100,2015,6
50042,Balconchán,65-100,2016,7
50042,Balconchán,65-100,2017,8
50042,Balconchán,65-100,2018,7
50042,Balconchán,65-100,2019,8
50042,Balconchán,65-100,2020,9
50042,Balconchán,65-100,2021,8
50042,Balconchán,65-100,2022,9
50043,Bárboles,0-16,2003,37
50043,Bárboles,0-16,2004,35
50043,Bárboles,0-16,2005,35
50043,Bárboles,0-16,2006,44
50043,Bárboles,0-16,2007,37
50043,Bárboles,0-16,2008,51
50043,Bárboles,0-16,2009,49
50043,Bárboles,0-16,2010,41
50043,Bárboles,0-16,2011,37
50043,Bárboles,0-16,2012,35
50043,Bárboles,0-16,2013,42
50043,Bárboles,0-16,2014,41
50043,Bárboles,0-16,2015,50
50043,Bárboles,0-16,2016,43
50043,Bárboles,0-16,2017,37
50043,Bárboles,0-16,2018,34
50043,Bárboles,0-16,2019,29
50043,Bárboles,0-16,2020,25
50043,Bárboles,0-16,2021,27
50043,Bárboles,0-16,2022,28
50043,Bárboles,16-64,2003,216
50043,Bárboles,16-64,2004,207
50043,Bárboles,16-64,2005,198
50043,Bárboles,16-64,2006,215
50043,Bárboles,16-64,2007,214
50043,Bárboles,16-64,2008,222
50043,Bárboles,16-64,2009,227
50043,Bárboles,16-64,2010,221
50043,Bárboles,16-64,2011,215
50043,Bárboles,16-64,2012,220
50043,Bárboles,16-64,2013,201
50043,Bárboles,16-64,2014,200
50043,Bárboles,16-64,2015,212
50043,Bárboles,16-64,2016,202
50043,Bárboles,16-64,2017,197
50043,Bárboles,16-64,2018,190
50043,Bárboles,16-64,2019,186
50043,Bárboles,16-64,2020,181
50043,Bárboles,16-64,2021,193
50043,Bárboles,16-64,2022,192
50043,Bárboles,65-100,2003,74
50043,Bárboles,65-100,2004,76
50043,Bárboles,65-100,2005,77
50043,Bárboles,65-100,2006,72
50043,Bárboles,65-100,2007,73
50043,Bárboles,65-100,2008,73
50043,Bárboles,65-100,2009,76
50043,Bárboles,65-100,2010,71
50043,Bárboles,65-100,2011,74
50043,Bárboles,65-100,2012,72
50043,Bárboles,65-100,2013,73
50043,Bárboles,65-100,2014,76
50043,Bárboles,65-100,2015,78
50043,Bárboles,65-100,2016,81
50043,Bárboles,65-100,2017,78
50043,Bárboles,65-100,2018,76
50043,Bárboles,65-100,2019,78
50043,Bárboles,65-100,2020,76
50043,Bárboles,65-100,2021,77
50043,Bárboles,65-100,2022,77
50044,Bardallur,0-16,2003,23
50044,Bardallur,0-16,2004,24
50044,Bardallur,0-16,2005,24
50044,Bardallur,0-16,2006,22
50044,Bardallur,0-16,2007,25
50044,Bardallur,0-16,2008,25
50044,Bardallur,0-16,2009,22
50044,Bardallur,0-16,2010,28
50044,Bardallur,0-16,2011,31
50044,Bardallur,0-16,2012,30
50044,Bardallur,0-16,2013,26
50044,Bardallur,0-16,2014,24
50044,Bardallur,0-16,2015,23
50044,Bardallur,0-16,2016,23
50044,Bardallur,0-16,2017,20
50044,Bardallur,0-16,2018,18
50044,Bardallur,0-16,2019,16
50044,Bardallur,0-16,2020,15
50044,Bardallur,0-16,2021,16
50044,Bardallur,0-16,2022,19
50044,Bardallur,16-64,2003,167
50044,Bardallur,16-64,2004,168
50044,Bardallur,16-64,2005,173
50044,Bardallur,16-64,2006,159
50044,Bardallur,16-64,2007,173
50044,Bardallur,16-64,2008,201
50044,Bardallur,16-64,2009,205
50044,Bardallur,16-64,2010,211
50044,Bardallur,16-64,2011,208
50044,Bardallur,16-64,2012,205
50044,Bardallur,16-64,2013,200
50044,Bardallur,16-64,2014,188
50044,Bardallur,16-64,2015,172
50044,Bardallur,16-64,2016,163
50044,Bardallur,16-64,2017,154
50044,Bardallur,16-64,2018,164
50044,Bardallur,16-64,2019,161
50044,Bardallur,16-64,2020,154
50044,Bardallur,16-64,2021,151
50044,Bardallur,16-64,2022,143
50044,Bardallur,65-100,2003,88
50044,Bardallur,65-100,2004,82
50044,Bardallur,65-100,2005,84
50044,Bardallur,65-100,2006,86
50044,Bardallur,65-100,2007,84
50044,Bardallur,65-100,2008,88
50044,Bardallur,65-100,2009,89
50044,Bardallur,65-100,2010,88
50044,Bardallur,65-100,2011,89
50044,Bardallur,65-100,2012,90
50044,Bardallur,65-100,2013,85
50044,Bardallur,65-100,2014,85
50044,Bardallur,65-100,2015,87
50044,Bardallur,65-100,2016,86
50044,Bardallur,65-100,2017,84
50044,Bardallur,65-100,2018,79
50044,Bardallur,65-100,2019,77
50044,Bardallur,65-100,2020,85
50044,Bardallur,65-100,2021,87
50044,Bardallur,65-100,2022,87
50045,Belchite,0-16,2003,186
50045,Belchite,0-16,2004,185
50045,Belchite,0-16,2005,196
50045,Belchite,0-16,2006,205
50045,Belchite,0-16,2007,219
50045,Belchite,0-16,2008,233
50045,Belchite,0-16,2009,234
50045,Belchite,0-16,2010,236
50045,Belchite,0-16,2011,241
50045,Belchite,0-16,2012,236
50045,Belchite,0-16,2013,227
50045,Belchite,0-16,2014,209
50045,Belchite,0-16,2015,196
50045,Belchite,0-16,2016,192
50045,Belchite,0-16,2017,185
50045,Belchite,0-16,2018,188
50045,Belchite,0-16,2019,177
50045,Belchite,0-16,2020,171
50045,Belchite,0-16,2021,157
50045,Belchite,0-16,2022,154
50045,Belchite,16-64,2003,922
50045,Belchite,16-64,2004,926
50045,Belchite,16-64,2005,974
50045,Belchite,16-64,2006,983
50045,Belchite,16-64,2007,976
50045,Belchite,16-64,2008,1010
50045,Belchite,16-64,2009,986
50045,Belchite,16-64,2010,973
50045,Belchite,16-64,2011,976
50045,Belchite,16-64,2012,962
50045,Belchite,16-64,2013,949
50045,Belchite,16-64,2014,921
50045,Belchite,16-64,2015,903
50045,Belchite,16-64,2016,910
50045,Belchite,16-64,2017,883
50045,Belchite,16-64,2018,883
50045,Belchite,16-64,2019,884
50045,Belchite,16-64,2020,905
50045,Belchite,16-64,2021,927
50045,Belchite,16-64,2022,916
50045,Belchite,65-100,2003,462
50045,Belchite,65-100,2004,461
50045,Belchite,65-100,2005,451
50045,Belchite,65-100,2006,445
50045,Belchite,65-100,2007,452
50045,Belchite,65-100,2008,449
50045,Belchite,65-100,2009,451
50045,Belchite,65-100,2010,456
50045,Belchite,65-100,2011,466
50045,Belchite,65-100,2012,457
50045,Belchite,65-100,2013,457
50045,Belchite,65-100,2014,459
50045,Belchite,65-100,2015,463
50045,Belchite,65-100,2016,457
50045,Belchite,65-100,2017,458
50045,Belchite,65-100,2018,457
50045,Belchite,65-100,2019,444
50045,Belchite,65-100,2020,450
50045,Belchite,65-100,2021,456
50045,Belchite,65-100,2022,463
50046,Belmonte de Gracián,0-16,2003,7
50046,Belmonte de Gracián,0-16,2004,7
50046,Belmonte de Gracián,0-16,2005,8
50046,Belmonte de Gracián,0-16,2006,7
50046,Belmonte de Gracián,0-16,2007,7
50046,Belmonte de Gracián,0-16,2008,8
50046,Belmonte de Gracián,0-16,2009,9
50046,Belmonte de Gracián,0-16,2010,17
50046,Belmonte de Gracián,0-16,2011,18
50046,Belmonte de Gracián,0-16,2012,20
50046,Belmonte de Gracián,0-16,2013,21
50046,Belmonte de Gracián,0-16,2014,20
50046,Belmonte de Gracián,0-16,2015,18
50046,Belmonte de Gracián,0-16,2016,13
50046,Belmonte de Gracián,0-16,2017,13
50046,Belmonte de Gracián,0-16,2018,12
50046,Belmonte de Gracián,0-16,2019,10
50046,Belmonte de Gracián,0-16,2020,11
50046,Belmonte de Gracián,0-16,2021,10
50046,Belmonte de Gracián,0-16,2022,9
50046,Belmonte de Gracián,16-64,2003,130
50046,Belmonte de Gracián,16-64,2004,122
50046,Belmonte de Gracián,16-64,2005,120
50046,Belmonte de Gracián,16-64,2006,110
50046,Belmonte de Gracián,16-64,2007,104
50046,Belmonte de Gracián,16-64,2008,102
50046,Belmonte de Gracián,16-64,2009,100
50046,Belmonte de Gracián,16-64,2010,112
50046,Belmonte de Gracián,16-64,2011,110
50046,Belmonte de Gracián,16-64,2012,116
50046,Belmonte de Gracián,16-64,2013,116
50046,Belmonte de Gracián,16-64,2014,107
50046,Belmonte de Gracián,16-64,2015,100
50046,Belmonte de Gracián,16-64,2016,103
50046,Belmonte de Gracián,16-64,2017,95
50046,Belmonte de Gracián,16-64,2018,94
50046,Belmonte de Gracián,16-64,2019,100
50046,Belmonte de Gracián,16-64,2020,98
50046,Belmonte de Gracián,16-64,2021,104
50046,Belmonte de Gracián,16-64,2022,96
50046,Belmonte de Gracián,65-100,2003,125
50046,Belmonte de Gracián,65-100,2004,119
50046,Belmonte de Gracián,65-100,2005,113
50046,Belmonte de Gracián,65-100,2006,114
50046,Belmonte de Gracián,65-100,2007,110
50046,Belmonte de Gracián,65-100,2008,106
50046,Belmonte de Gracián,65-100,2009,106
50046,Belmonte de Gracián,65-100,2010,107
50046,Belmonte de Gracián,65-100,2011,108
50046,Belmonte de Gracián,65-100,2012,102
50046,Belmonte de Gracián,65-100,2013,96
50046,Belmonte de Gracián,65-100,2014,94
50046,Belmonte de Gracián,65-100,2015,93
50046,Belmonte de Gracián,65-100,2016,95
50046,Belmonte de Gracián,65-100,2017,98
50046,Belmonte de Gracián,65-100,2018,92
50046,Belmonte de Gracián,65-100,2019,87
50046,Belmonte de Gracián,65-100,2020,85
50046,Belmonte de Gracián,65-100,2021,80
50046,Belmonte de Gracián,65-100,2022,78
50047,Berdejo,0-16,2003,1
50047,Berdejo,0-16,2004,2
50047,Berdejo,0-16,2005,3
50047,Berdejo,0-16,2006,2
50047,Berdejo,0-16,2007,2
50047,Berdejo,0-16,2008,2
50047,Berdejo,0-16,2009,4
50047,Berdejo,0-16,2010,5
50047,Berdejo,0-16,2011,5
50047,Berdejo,0-16,2012,4
50047,Berdejo,0-16,2013,4
50047,Berdejo,0-16,2014,4
50047,Berdejo,0-16,2015,4
50047,Berdejo,0-16,2016,4
50047,Berdejo,0-16,2017,4
50047,Berdejo,0-16,2018,4
50047,Berdejo,0-16,2019,4
50047,Berdejo,0-16,2020,2
50047,Berdejo,0-16,2021,2
50047,Berdejo,0-16,2022,2
50047,Berdejo,16-64,2003,55
50047,Berdejo,16-64,2004,52
50047,Berdejo,16-64,2005,58
50047,Berdejo,16-64,2006,53
50047,Berdejo,16-64,2007,50
50047,Berdejo,16-64,2008,43
50047,Berdejo,16-64,2009,39
50047,Berdejo,16-64,2010,38
50047,Berdejo,16-64,2011,44
50047,Berdejo,16-64,2012,44
50047,Berdejo,16-64,2013,39
50047,Berdejo,16-64,2014,32
50047,Berdejo,16-64,2015,32
50047,Berdejo,16-64,2016,30
50047,Berdejo,16-64,2017,29
50047,Berdejo,16-64,2018,25
50047,Berdejo,16-64,2019,24
50047,Berdejo,16-64,2020,22
50047,Berdejo,16-64,2021,21
50047,Berdejo,16-64,2022,20
50047,Berdejo,65-100,2003,9
50047,Berdejo,65-100,2004,12
50047,Berdejo,65-100,2005,18
50047,Berdejo,65-100,2006,19
50047,Berdejo,65-100,2007,18
50047,Berdejo,65-100,2008,18
50047,Berdejo,65-100,2009,21
50047,Berdejo,65-100,2010,21
50047,Berdejo,65-100,2011,22
50047,Berdejo,65-100,2012,15
50047,Berdejo,65-100,2013,18
50047,Berdejo,65-100,2014,19
50047,Berdejo,65-100,2015,17
50047,Berdejo,65-100,2016,18
50047,Berdejo,65-100,2017,18
50047,Berdejo,65-100,2018,18
50047,Berdejo,65-100,2019,19
50047,Berdejo,65-100,2020,16
50047,Berdejo,65-100,2021,17
50047,Berdejo,65-100,2022,20
50048,Berrueco,0-16,2003,3
50048,Berrueco,0-16,2004,3
50048,Berrueco,0-16,2005,3
50048,Berrueco,0-16,2006,3
50048,Berrueco,0-16,2007,3
50048,Berrueco,0-16,2008,3
50048,Berrueco,0-16,2009,2
50048,Berrueco,0-16,2010,2
50048,Berrueco,0-16,2011,2
50048,Berrueco,0-16,2012,1
50048,Berrueco,0-16,2013,1
50048,Berrueco,0-16,2014,1
50048,Berrueco,0-16,2015,2
50048,Berrueco,0-16,2016,2
50048,Berrueco,0-16,2017,0
50048,Berrueco,0-16,2018,0
50048,Berrueco,0-16,2019,1
50048,Berrueco,0-16,2020,1
50048,Berrueco,0-16,2021,1
50048,Berrueco,0-16,2022,0
50048,Berrueco,16-64,2003,21
50048,Berrueco,16-64,2004,20
50048,Berrueco,16-64,2005,18
50048,Berrueco,16-64,2006,24
50048,Berrueco,16-64,2007,24
50048,Berrueco,16-64,2008,24
50048,Berrueco,16-64,2009,21
50048,Berrueco,16-64,2010,24
50048,Berrueco,16-64,2011,26
50048,Berrueco,16-64,2012,26
50048,Berrueco,16-64,2013,26
50048,Berrueco,16-64,2014,23
50048,Berrueco,16-64,2015,20
50048,Berrueco,16-64,2016,19
50048,Berrueco,16-64,2017,18
50048,Berrueco,16-64,2018,19
50048,Berrueco,16-64,2019,21
50048,Berrueco,16-64,2020,21
50048,Berrueco,16-64,2021,21
50048,Berrueco,16-64,2022,18
50048,Berrueco,65-100,2003,21
50048,Berrueco,65-100,2004,20
50048,Berrueco,65-100,2005,17
50048,Berrueco,65-100,2006,19
50048,Berrueco,65-100,2007,20
50048,Berrueco,65-100,2008,18
50048,Berrueco,65-100,2009,17
50048,Berrueco,65-100,2010,17
50048,Berrueco,65-100,2011,17
50048,Berrueco,65-100,2012,15
50048,Berrueco,65-100,2013,14
50048,Berrueco,65-100,2014,14
50048,Berrueco,65-100,2015,15
50048,Berrueco,65-100,2016,14
50048,Berrueco,65-100,2017,15
50048,Berrueco,65-100,2018,14
50048,Berrueco,65-100,2019,12
50048,Berrueco,65-100,2020,10
50048,Berrueco,65-100,2021,13
50048,Berrueco,65-100,2022,14
50901,Biel,0-16,2003,12
50901,Biel,0-16,2004,13
50901,Biel,0-16,2005,12
50901,Biel,0-16,2006,12
50901,Biel,0-16,2007,11
50901,Biel,0-16,2008,8
50901,Biel,0-16,2009,8
50901,Biel,0-16,2010,4
50901,Biel,0-16,2011,2
50901,Biel,0-16,2012,2
50901,Biel,0-16,2013,2
50901,Biel,0-16,2014,1
50901,Biel,0-16,2015,1
50901,Biel,0-16,2016,0
50901,Biel,0-16,2017,0
50901,Biel,0-16,2018,1
50901,Biel,0-16,2019,2
50901,Biel,0-16,2020,4
50901,Biel,0-16,2021,6
50901,Biel,0-16,2022,5
50901,Biel,16-64,2003,114
50901,Biel,16-64,2004,118
50901,Biel,16-64,2005,114
50901,Biel,16-64,2006,122
50901,Biel,16-64,2007,131
50901,Biel,16-64,2008,137
50901,Biel,16-64,2009,125
50901,Biel,16-64,2010,110
50901,Biel,16-64,2011,97
50901,Biel,16-64,2012,96
50901,Biel,16-64,2013,97
50901,Biel,16-64,2014,91
50901,Biel,16-64,2015,81
50901,Biel,16-64,2016,77
50901,Biel,16-64,2017,71
50901,Biel,16-64,2018,80
50901,Biel,16-64,2019,91
50901,Biel,16-64,2020,97
50901,Biel,16-64,2021,102
50901,Biel,16-64,2022,102
50901,Biel,65-100,2003,87
50901,Biel,65-100,2004,84
50901,Biel,65-100,2005,85
50901,Biel,65-100,2006,81
50901,Biel,65-100,2007,79
50901,Biel,65-100,2008,72
50901,Biel,65-100,2009,67
50901,Biel,65-100,2010,72
50901,Biel,65-100,2011,67
50901,Biel,65-100,2012,70
50901,Biel,65-100,2013,68
50901,Biel,65-100,2014,65
50901,Biel,65-100,2015,66
50901,Biel,65-100,2016,66
50901,Biel,65-100,2017,62
50901,Biel,65-100,2018,59
50901,Biel,65-100,2019,61
50901,Biel,65-100,2020,54
50901,Biel,65-100,2021,63
50901,Biel,65-100,2022,63
50050,Bijuesca,0-16,2003,6
50050,Bijuesca,0-16,2004,6
50050,Bijuesca,0-16,2005,4
50050,Bijuesca,0-16,2006,4
50050,Bijuesca,0-16,2007,5
50050,Bijuesca,0-16,2008,5
50050,Bijuesca,0-16,2009,5
50050,Bijuesca,0-16,2010,3
50050,Bijuesca,0-16,2011,2
50050,Bijuesca,0-16,2012,2
50050,Bijuesca,0-16,2013,1
50050,Bijuesca,0-16,2014,0
50050,Bijuesca,0-16,2015,1
50050,Bijuesca,0-16,2016,2
50050,Bijuesca,0-16,2017,2
50050,Bijuesca,0-16,2018,2
50050,Bijuesca,0-16,2019,2
50050,Bijuesca,0-16,2020,2
50050,Bijuesca,0-16,2021,2
50050,Bijuesca,0-16,2022,2
50050,Bijuesca,16-64,2003,58
50050,Bijuesca,16-64,2004,52
50050,Bijuesca,16-64,2005,61
50050,Bijuesca,16-64,2006,74
50050,Bijuesca,16-64,2007,79
50050,Bijuesca,16-64,2008,70
50050,Bijuesca,16-64,2009,66
50050,Bijuesca,16-64,2010,68
50050,Bijuesca,16-64,2011,76
50050,Bijuesca,16-64,2012,77
50050,Bijuesca,16-64,2013,76
50050,Bijuesca,16-64,2014,75
50050,Bijuesca,16-64,2015,72
50050,Bijuesca,16-64,2016,71
50050,Bijuesca,16-64,2017,68
50050,Bijuesca,16-64,2018,67
50050,Bijuesca,16-64,2019,70
50050,Bijuesca,16-64,2020,69
50050,Bijuesca,16-64,2021,69
50050,Bijuesca,16-64,2022,68
50050,Bijuesca,65-100,2003,59
50050,Bijuesca,65-100,2004,51
50050,Bijuesca,65-100,2005,52
50050,Bijuesca,65-100,2006,54
50050,Bijuesca,65-100,2007,52
50050,Bijuesca,65-100,2008,48
50050,Bijuesca,65-100,2009,43
50050,Bijuesca,65-100,2010,42
50050,Bijuesca,65-100,2011,37
50050,Bijuesca,65-100,2012,35
50050,Bijuesca,65-100,2013,31
50050,Bijuesca,65-100,2014,30
50050,Bijuesca,65-100,2015,27
50050,Bijuesca,65-100,2016,26
50050,Bijuesca,65-100,2017,29
50050,Bijuesca,65-100,2018,29
50050,Bijuesca,65-100,2019,22
50050,Bijuesca,65-100,2020,23
50050,Bijuesca,65-100,2021,19
50050,Bijuesca,65-100,2022,19
50051,Biota,0-16,2003,125
50051,Biota,0-16,2004,126
50051,Biota,0-16,2005,123
50051,Biota,0-16,2006,124
50051,Biota,0-16,2007,131
50051,Biota,0-16,2008,137
50051,Biota,0-16,2009,140
50051,Biota,0-16,2010,141
50051,Biota,0-16,2011,144
50051,Biota,0-16,2012,142
50051,Biota,0-16,2013,136
50051,Biota,0-16,2014,124
50051,Biota,0-16,2015,117
50051,Biota,0-16,2016,103
50051,Biota,0-16,2017,98
50051,Biota,0-16,2018,85
50051,Biota,0-16,2019,87
50051,Biota,0-16,2020,88
50051,Biota,0-16,2021,80
50051,Biota,0-16,2022,78
50051,Biota,16-64,2003,714
50051,Biota,16-64,2004,699
50051,Biota,16-64,2005,678
50051,Biota,16-64,2006,671
50051,Biota,16-64,2007,660
50051,Biota,16-64,2008,655
50051,Biota,16-64,2009,645
50051,Biota,16-64,2010,629
50051,Biota,16-64,2011,607
50051,Biota,16-64,2012,594
50051,Biota,16-64,2013,572
50051,Biota,16-64,2014,576
50051,Biota,16-64,2015,569
50051,Biota,16-64,2016,562
50051,Biota,16-64,2017,558
50051,Biota,16-64,2018,570
50051,Biota,16-64,2019,567
50051,Biota,16-64,2020,565
50051,Biota,16-64,2021,561
50051,Biota,16-64,2022,536
50051,Biota,65-100,2003,340
50051,Biota,65-100,2004,344
50051,Biota,65-100,2005,342
50051,Biota,65-100,2006,344
50051,Biota,65-100,2007,344
50051,Biota,65-100,2008,346
50051,Biota,65-100,2009,346
50051,Biota,65-100,2010,345
50051,Biota,65-100,2011,344
50051,Biota,65-100,2012,337
50051,Biota,65-100,2013,328
50051,Biota,65-100,2014,322
50051,Biota,65-100,2015,316
50051,Biota,65-100,2016,306
50051,Biota,65-100,2017,303
50051,Biota,65-100,2018,293
50051,Biota,65-100,2019,287
50051,Biota,65-100,2020,277
50051,Biota,65-100,2021,271
50051,Biota,65-100,2022,260
50052,Bisimbre,0-16,2003,1
50052,Bisimbre,0-16,2004,1
50052,Bisimbre,0-16,2005,1
50052,Bisimbre,0-16,2006,0
50052,Bisimbre,0-16,2007,0
50052,Bisimbre,0-16,2008,1
50052,Bisimbre,0-16,2009,3
50052,Bisimbre,0-16,2010,3
50052,Bisimbre,0-16,2011,4
50052,Bisimbre,0-16,2012,4
50052,Bisimbre,0-16,2013,6
50052,Bisimbre,0-16,2014,5
50052,Bisimbre,0-16,2015,5
50052,Bisimbre,0-16,2016,6
50052,Bisimbre,0-16,2017,5
50052,Bisimbre,0-16,2018,5
50052,Bisimbre,0-16,2019,5
50052,Bisimbre,0-16,2020,3
50052,Bisimbre,0-16,2021,3
50052,Bisimbre,0-16,2022,3
50052,Bisimbre,16-64,2003,68
50052,Bisimbre,16-64,2004,65
50052,Bisimbre,16-64,2005,66
50052,Bisimbre,16-64,2006,63
50052,Bisimbre,16-64,2007,63
50052,Bisimbre,16-64,2008,61
50052,Bisimbre,16-64,2009,58
50052,Bisimbre,16-64,2010,58
50052,Bisimbre,16-64,2011,56
50052,Bisimbre,16-64,2012,53
50052,Bisimbre,16-64,2013,51
50052,Bisimbre,16-64,2014,47
50052,Bisimbre,16-64,2015,48
50052,Bisimbre,16-64,2016,55
50052,Bisimbre,16-64,2017,53
50052,Bisimbre,16-64,2018,50
50052,Bisimbre,16-64,2019,44
50052,Bisimbre,16-64,2020,40
50052,Bisimbre,16-64,2021,46
50052,Bisimbre,16-64,2022,44
50052,Bisimbre,65-100,2003,53
50052,Bisimbre,65-100,2004,52
50052,Bisimbre,65-100,2005,50
50052,Bisimbre,65-100,2006,45
50052,Bisimbre,65-100,2007,48
50052,Bisimbre,65-100,2008,46
50052,Bisimbre,65-100,2009,48
50052,Bisimbre,65-100,2010,48
50052,Bisimbre,65-100,2011,48
50052,Bisimbre,65-100,2012,42
50052,Bisimbre,65-100,2013,43
50052,Bisimbre,65-100,2014,45
50052,Bisimbre,65-100,2015,44
50052,Bisimbre,65-100,2016,41
50052,Bisimbre,65-100,2017,41
50052,Bisimbre,65-100,2018,42
50052,Bisimbre,65-100,2019,43
50052,Bisimbre,65-100,2020,38
50052,Bisimbre,65-100,2021,38
50052,Bisimbre,65-100,2022,33
50053,Boquiñeni,0-16,2003,114
50053,Boquiñeni,0-16,2004,113
50053,Boquiñeni,0-16,2005,107
50053,Boquiñeni,0-16,2006,107
50053,Boquiñeni,0-16,2007,120
50053,Boquiñeni,0-16,2008,120
50053,Boquiñeni,0-16,2009,117
50053,Boquiñeni,0-16,2010,108
50053,Boquiñeni,0-16,2011,112
50053,Boquiñeni,0-16,2012,109
50053,Boquiñeni,0-16,2013,103
50053,Boquiñeni,0-16,2014,100
50053,Boquiñeni,0-16,2015,92
50053,Boquiñeni,0-16,2016,82
50053,Boquiñeni,0-16,2017,77
50053,Boquiñeni,0-16,2018,74
50053,Boquiñeni,0-16,2019,71
50053,Boquiñeni,0-16,2020,67
50053,Boquiñeni,0-16,2021,66
50053,Boquiñeni,0-16,2022,75
50053,Boquiñeni,16-64,2003,616
50053,Boquiñeni,16-64,2004,644
50053,Boquiñeni,16-64,2005,689
50053,Boquiñeni,16-64,2006,672
50053,Boquiñeni,16-64,2007,660
50053,Boquiñeni,16-64,2008,645
50053,Boquiñeni,16-64,2009,661
50053,Boquiñeni,16-64,2010,645
50053,Boquiñeni,16-64,2011,631
50053,Boquiñeni,16-64,2012,612
50053,Boquiñeni,16-64,2013,580
50053,Boquiñeni,16-64,2014,555
50053,Boquiñeni,16-64,2015,538
50053,Boquiñeni,16-64,2016,537
50053,Boquiñeni,16-64,2017,536
50053,Boquiñeni,16-64,2018,502
50053,Boquiñeni,16-64,2019,480
50053,Boquiñeni,16-64,2020,474
50053,Boquiñeni,16-64,2021,472
50053,Boquiñeni,16-64,2022,465
50053,Boquiñeni,65-100,2003,265
50053,Boquiñeni,65-100,2004,256
50053,Boquiñeni,65-100,2005,256
50053,Boquiñeni,65-100,2006,256
50053,Boquiñeni,65-100,2007,253
50053,Boquiñeni,65-100,2008,247
50053,Boquiñeni,65-100,2009,247
50053,Boquiñeni,65-100,2010,242
50053,Boquiñeni,65-100,2011,242
50053,Boquiñeni,65-100,2012,235
50053,Boquiñeni,65-100,2013,240
50053,Boquiñeni,65-100,2014,241
50053,Boquiñeni,65-100,2015,241
50053,Boquiñeni,65-100,2016,233
50053,Boquiñeni,65-100,2017,231
50053,Boquiñeni,65-100,2018,232
50053,Boquiñeni,65-100,2019,236
50053,Boquiñeni,65-100,2020,235
50053,Boquiñeni,65-100,2021,240
50053,Boquiñeni,65-100,2022,250
50054,Bordalba,0-16,2003,1
50054,Bordalba,0-16,2004,1
50054,Bordalba,0-16,2005,5
50054,Bordalba,0-16,2006,4
50054,Bordalba,0-16,2007,4
50054,Bordalba,0-16,2008,3
50054,Bordalba,0-16,2009,3
50054,Bordalba,0-16,2010,3
50054,Bordalba,0-16,2011,3
50054,Bordalba,0-16,2012,3
50054,Bordalba,0-16,2013,1
50054,Bordalba,0-16,2014,0
50054,Bordalba,0-16,2015,0
50054,Bordalba,0-16,2016,0
50054,Bordalba,0-16,2017,0
50054,Bordalba,0-16,2018,0
50054,Bordalba,0-16,2019,0
50054,Bordalba,0-16,2020,0
50054,Bordalba,0-16,2021,0
50054,Bordalba,0-16,2022,0
50054,Bordalba,16-64,2003,52
50054,Bordalba,16-64,2004,50
50054,Bordalba,16-64,2005,48
50054,Bordalba,16-64,2006,50
50054,Bordalba,16-64,2007,49
50054,Bordalba,16-64,2008,47
50054,Bordalba,16-64,2009,44
50054,Bordalba,16-64,2010,42
50054,Bordalba,16-64,2011,40
50054,Bordalba,16-64,2012,39
50054,Bordalba,16-64,2013,37
50054,Bordalba,16-64,2014,34
50054,Bordalba,16-64,2015,34
50054,Bordalba,16-64,2016,31
50054,Bordalba,16-64,2017,28
50054,Bordalba,16-64,2018,28
50054,Bordalba,16-64,2019,28
50054,Bordalba,16-64,2020,27
50054,Bordalba,16-64,2021,26
50054,Bordalba,16-64,2022,24
50054,Bordalba,65-100,2003,41
50054,Bordalba,65-100,2004,41
50054,Bordalba,65-100,2005,42
50054,Bordalba,65-100,2006,41
50054,Bordalba,65-100,2007,36
50054,Bordalba,65-100,2008,32
50054,Bordalba,65-100,2009,32
50054,Bordalba,65-100,2010,29
50054,Bordalba,65-100,2011,30
50054,Bordalba,65-100,2012,29
50054,Bordalba,65-100,2013,30
50054,Bordalba,65-100,2014,30
50054,Bordalba,65-100,2015,28
50054,Bordalba,65-100,2016,28
50054,Bordalba,65-100,2017,30
50054,Bordalba,65-100,2018,28
50054,Bordalba,65-100,2019,28
50054,Bordalba,65-100,2020,25
50054,Bordalba,65-100,2021,25
50054,Bordalba,65-100,2022,25
50055,Borja,0-16,2003,640
50055,Borja,0-16,2004,641
50055,Borja,0-16,2005,669
50055,Borja,0-16,2006,685
50055,Borja,0-16,2007,739
50055,Borja,0-16,2008,781
50055,Borja,0-16,2009,858
50055,Borja,0-16,2010,878
50055,Borja,0-16,2011,881
50055,Borja,0-16,2012,902
50055,Borja,0-16,2013,858
50055,Borja,0-16,2014,867
50055,Borja,0-16,2015,872
50055,Borja,0-16,2016,898
50055,Borja,0-16,2017,893
50055,Borja,0-16,2018,870
50055,Borja,0-16,2019,847
50055,Borja,0-16,2020,841
50055,Borja,0-16,2021,848
50055,Borja,0-16,2022,837
50055,Borja,16-64,2003,2701
50055,Borja,16-64,2004,2761
50055,Borja,16-64,2005,2842
50055,Borja,16-64,2006,2912
50055,Borja,16-64,2007,3021
50055,Borja,16-64,2008,3168
50055,Borja,16-64,2009,3279
50055,Borja,16-64,2010,3283
50055,Borja,16-64,2011,3242
50055,Borja,16-64,2012,3213
50055,Borja,16-64,2013,3106
50055,Borja,16-64,2014,3095
50055,Borja,16-64,2015,3049
50055,Borja,16-64,2016,3054
50055,Borja,16-64,2017,3040
50055,Borja,16-64,2018,3063
50055,Borja,16-64,2019,3114
50055,Borja,16-64,2020,3121
50055,Borja,16-64,2021,3195
50055,Borja,16-64,2022,3204
50055,Borja,65-100,2003,972
50055,Borja,65-100,2004,946
50055,Borja,65-100,2005,933
50055,Borja,65-100,2006,904
50055,Borja,65-100,2007,893
50055,Borja,65-100,2008,889
50055,Borja,65-100,2009,893
50055,Borja,65-100,2010,881
50055,Borja,65-100,2011,897
50055,Borja,65-100,2012,942
50055,Borja,65-100,2013,951
50055,Borja,65-100,2014,969
50055,Borja,65-100,2015,1009
50055,Borja,65-100,2016,1003
50055,Borja,65-100,2017,1013
50055,Borja,65-100,2018,989
50055,Borja,65-100,2019,1008
50055,Borja,65-100,2020,1016
50055,Borja,65-100,2021,994
50055,Borja,65-100,2022,1013
50056,Botorrita,0-16,2003,51
50056,Botorrita,0-16,2004,43
50056,Botorrita,0-16,2005,47
50056,Botorrita,0-16,2006,49
50056,Botorrita,0-16,2007,55
50056,Botorrita,0-16,2008,52
50056,Botorrita,0-16,2009,46
50056,Botorrita,0-16,2010,47
50056,Botorrita,0-16,2011,44
50056,Botorrita,0-16,2012,52
50056,Botorrita,0-16,2013,55
50056,Botorrita,0-16,2014,47
50056,Botorrita,0-16,2015,50
50056,Botorrita,0-16,2016,51
50056,Botorrita,0-16,2017,54
50056,Botorrita,0-16,2018,54
50056,Botorrita,0-16,2019,53
50056,Botorrita,0-16,2020,59
50056,Botorrita,0-16,2021,67
50056,Botorrita,0-16,2022,67
50056,Botorrita,16-64,2003,313
50056,Botorrita,16-64,2004,325
50056,Botorrita,16-64,2005,324
50056,Botorrita,16-64,2006,340
50056,Botorrita,16-64,2007,360
50056,Botorrita,16-64,2008,376
50056,Botorrita,16-64,2009,380
50056,Botorrita,16-64,2010,377
50056,Botorrita,16-64,2011,366
50056,Botorrita,16-64,2012,365
50056,Botorrita,16-64,2013,346
50056,Botorrita,16-64,2014,342
50056,Botorrita,16-64,2015,322
50056,Botorrita,16-64,2016,324
50056,Botorrita,16-64,2017,335
50056,Botorrita,16-64,2018,327
50056,Botorrita,16-64,2019,320
50056,Botorrita,16-64,2020,318
50056,Botorrita,16-64,2021,332
50056,Botorrita,16-64,2022,345
50056,Botorrita,65-100,2003,101
50056,Botorrita,65-100,2004,103
50056,Botorrita,65-100,2005,110
50056,Botorrita,65-100,2006,114
50056,Botorrita,65-100,2007,111
50056,Botorrita,65-100,2008,110
50056,Botorrita,65-100,2009,114
50056,Botorrita,65-100,2010,112
50056,Botorrita,65-100,2011,116
50056,Botorrita,65-100,2012,115
50056,Botorrita,65-100,2013,115
50056,Botorrita,65-100,2014,117
50056,Botorrita,65-100,2015,112
50056,Botorrita,65-100,2016,114
50056,Botorrita,65-100,2017,117
50056,Botorrita,65-100,2018,117
50056,Botorrita,65-100,2019,115
50056,Botorrita,65-100,2020,113
50056,Botorrita,65-100,2021,117
50056,Botorrita,65-100,2022,114
50057,Brea de Aragón,0-16,2003,258
50057,Brea de Aragón,0-16,2004,261
50057,Brea de Aragón,0-16,2005,241
50057,Brea de Aragón,0-16,2006,223
50057,Brea de Aragón,0-16,2007,215
50057,Brea de Aragón,0-16,2008,256
50057,Brea de Aragón,0-16,2009,252
50057,Brea de Aragón,0-16,2010,250
50057,Brea de Aragón,0-16,2011,238
50057,Brea de Aragón,0-16,2012,240
50057,Brea de Aragón,0-16,2013,230
50057,Brea de Aragón,0-16,2014,225
50057,Brea de Aragón,0-16,2015,217
50057,Brea de Aragón,0-16,2016,221
50057,Brea de Aragón,0-16,2017,217
50057,Brea de Aragón,0-16,2018,207
50057,Brea de Aragón,0-16,2019,199
50057,Brea de Aragón,0-16,2020,183
50057,Brea de Aragón,0-16,2021,171
50057,Brea de Aragón,0-16,2022,164
50057,Brea de Aragón,16-64,2003,1330
50057,Brea de Aragón,16-64,2004,1328
50057,Brea de Aragón,16-64,2005,1308
50057,Brea de Aragón,16-64,2006,1232
50057,Brea de Aragón,16-64,2007,1216
50057,Brea de Aragón,16-64,2008,1207
50057,Brea de Aragón,16-64,2009,1190
50057,Brea de Aragón,16-64,2010,1145
50057,Brea de Aragón,16-64,2011,1129
50057,Brea de Aragón,16-64,2012,1115
50057,Brea de Aragón,16-64,2013,1094
50057,Brea de Aragón,16-64,2014,1095
50057,Brea de Aragón,16-64,2015,1091
50057,Brea de Aragón,16-64,2016,1058
50057,Brea de Aragón,16-64,2017,1048
50057,Brea de Aragón,16-64,2018,1037
50057,Brea de Aragón,16-64,2019,988
50057,Brea de Aragón,16-64,2020,973
50057,Brea de Aragón,16-64,2021,955
50057,Brea de Aragón,16-64,2022,932
50057,Brea de Aragón,65-100,2003,411
50057,Brea de Aragón,65-100,2004,424
50057,Brea de Aragón,65-100,2005,424
50057,Brea de Aragón,65-100,2006,439
50057,Brea de Aragón,65-100,2007,441
50057,Brea de Aragón,65-100,2008,459
50057,Brea de Aragón,65-100,2009,455
50057,Brea de Aragón,65-100,2010,459
50057,Brea de Aragón,65-100,2011,449
50057,Brea de Aragón,65-100,2012,440
50057,Brea de Aragón,65-100,2013,430
50057,Brea de Aragón,65-100,2014,414
50057,Brea de Aragón,65-100,2015,411
50057,Brea de Aragón,65-100,2016,415
50057,Brea de Aragón,65-100,2017,417
50057,Brea de Aragón,65-100,2018,421
50057,Brea de Aragón,65-100,2019,422
50057,Brea de Aragón,65-100,2020,433
50057,Brea de Aragón,65-100,2021,433
50057,Brea de Aragón,65-100,2022,451
50058,Bubierca,0-16,2003,0
50058,Bubierca,0-16,2004,0
50058,Bubierca,0-16,2005,0
50058,Bubierca,0-16,2006,0
50058,Bubierca,0-16,2007,0
50058,Bubierca,0-16,2008,0
50058,Bubierca,0-16,2009,0
50058,Bubierca,0-16,2010,0
50058,Bubierca,0-16,2011,1
50058,Bubierca,0-16,2012,1
50058,Bubierca,0-16,2013,1
50058,Bubierca,0-16,2014,1
50058,Bubierca,0-16,2015,1
50058,Bubierca,0-16,2016,1
50058,Bubierca,0-16,2017,1
50058,Bubierca,0-16,2018,2
50058,Bubierca,0-16,2019,1
50058,Bubierca,0-16,2020,1
50058,Bubierca,0-16,2021,1
50058,Bubierca,0-16,2022,0
50058,Bubierca,16-64,2003,57
50058,Bubierca,16-64,2004,55
50058,Bubierca,16-64,2005,55
50058,Bubierca,16-64,2006,54
50058,Bubierca,16-64,2007,58
50058,Bubierca,16-64,2008,57
50058,Bubierca,16-64,2009,54
50058,Bubierca,16-64,2010,56
50058,Bubierca,16-64,2011,52
50058,Bubierca,16-64,2012,52
50058,Bubierca,16-64,2013,46
50058,Bubierca,16-64,2014,46
50058,Bubierca,16-64,2015,45
50058,Bubierca,16-64,2016,42
50058,Bubierca,16-64,2017,42
50058,Bubierca,16-64,2018,39
50058,Bubierca,16-64,2019,41
50058,Bubierca,16-64,2020,40
50058,Bubierca,16-64,2021,40
50058,Bubierca,16-64,2022,39
50058,Bubierca,65-100,2003,36
50058,Bubierca,65-100,2004,37
50058,Bubierca,65-100,2005,34
50058,Bubierca,65-100,2006,34
50058,Bubierca,65-100,2007,32
50058,Bubierca,65-100,2008,30
50058,Bubierca,65-100,2009,28
50058,Bubierca,65-100,2010,27
50058,Bubierca,65-100,2011,29
50058,Bubierca,65-100,2012,31
50058,Bubierca,65-100,2013,31
50058,Bubierca,65-100,2014,29
50058,Bubierca,65-100,2015,30
50058,Bubierca,65-100,2016,26
50058,Bubierca,65-100,2017,23
50058,Bubierca,65-100,2018,22
50058,Bubierca,65-100,2019,24
50058,Bubierca,65-100,2020,24
50058,Bubierca,65-100,2021,23
50058,Bubierca,65-100,2022,21
50059,Bujaraloz,0-16,2003,131
50059,Bujaraloz,0-16,2004,127
50059,Bujaraloz,0-16,2005,142
50059,Bujaraloz,0-16,2006,139
50059,Bujaraloz,0-16,2007,146
50059,Bujaraloz,0-16,2008,152
50059,Bujaraloz,0-16,2009,154
50059,Bujaraloz,0-16,2010,165
50059,Bujaraloz,0-16,2011,155
50059,Bujaraloz,0-16,2012,162
50059,Bujaraloz,0-16,2013,162
50059,Bujaraloz,0-16,2014,147
50059,Bujaraloz,0-16,2015,144
50059,Bujaraloz,0-16,2016,137
50059,Bujaraloz,0-16,2017,141
50059,Bujaraloz,0-16,2018,144
50059,Bujaraloz,0-16,2019,137
50059,Bujaraloz,0-16,2020,137
50059,Bujaraloz,0-16,2021,126
50059,Bujaraloz,0-16,2022,125
50059,Bujaraloz,16-64,2003,592
50059,Bujaraloz,16-64,2004,588
50059,Bujaraloz,16-64,2005,595
50059,Bujaraloz,16-64,2006,571
50059,Bujaraloz,16-64,2007,583
50059,Bujaraloz,16-64,2008,603
50059,Bujaraloz,16-64,2009,604
50059,Bujaraloz,16-64,2010,597
50059,Bujaraloz,16-64,2011,607
50059,Bujaraloz,16-64,2012,610
50059,Bujaraloz,16-64,2013,603
50059,Bujaraloz,16-64,2014,598
50059,Bujaraloz,16-64,2015,590
50059,Bujaraloz,16-64,2016,589
50059,Bujaraloz,16-64,2017,603
50059,Bujaraloz,16-64,2018,606
50059,Bujaraloz,16-64,2019,600
50059,Bujaraloz,16-64,2020,606
50059,Bujaraloz,16-64,2021,610
50059,Bujaraloz,16-64,2022,655
50059,Bujaraloz,65-100,2003,283
50059,Bujaraloz,65-100,2004,287
50059,Bujaraloz,65-100,2005,283
50059,Bujaraloz,65-100,2006,287
50059,Bujaraloz,65-100,2007,293
50059,Bujaraloz,65-100,2008,293
50059,Bujaraloz,65-100,2009,290
50059,Bujaraloz,65-100,2010,293
50059,Bujaraloz,65-100,2011,286
50059,Bujaraloz,65-100,2012,282
50059,Bujaraloz,65-100,2013,279
50059,Bujaraloz,65-100,2014,276
50059,Bujaraloz,65-100,2015,274
50059,Bujaraloz,65-100,2016,270
50059,Bujaraloz,65-100,2017,257
50059,Bujaraloz,65-100,2018,255
50059,Bujaraloz,65-100,2019,248
50059,Bujaraloz,65-100,2020,237
50059,Bujaraloz,65-100,2021,239
50059,Bujaraloz,65-100,2022,233
50060,Bulbuente,0-16,2003,14
50060,Bulbuente,0-16,2004,15
50060,Bulbuente,0-16,2005,20
50060,Bulbuente,0-16,2006,21
50060,Bulbuente,0-16,2007,24
50060,Bulbuente,0-16,2008,26
50060,Bulbuente,0-16,2009,28
50060,Bulbuente,0-16,2010,24
50060,Bulbuente,0-16,2011,21
50060,Bulbuente,0-16,2012,19
50060,Bulbuente,0-16,2013,26
50060,Bulbuente,0-16,2014,27
50060,Bulbuente,0-16,2015,24
50060,Bulbuente,0-16,2016,25
50060,Bulbuente,0-16,2017,20
50060,Bulbuente,0-16,2018,19
50060,Bulbuente,0-16,2019,20
50060,Bulbuente,0-16,2020,20
50060,Bulbuente,0-16,2021,23
50060,Bulbuente,0-16,2022,24
50060,Bulbuente,16-64,2003,121
50060,Bulbuente,16-64,2004,118
50060,Bulbuente,16-64,2005,127
50060,Bulbuente,16-64,2006,132
50060,Bulbuente,16-64,2007,132
50060,Bulbuente,16-64,2008,148
50060,Bulbuente,16-64,2009,148
50060,Bulbuente,16-64,2010,140
50060,Bulbuente,16-64,2011,141
50060,Bulbuente,16-64,2012,138
50060,Bulbuente,16-64,2013,142
50060,Bulbuente,16-64,2014,141
50060,Bulbuente,16-64,2015,148
50060,Bulbuente,16-64,2016,143
50060,Bulbuente,16-64,2017,140
50060,Bulbuente,16-64,2018,142
50060,Bulbuente,16-64,2019,147
50060,Bulbuente,16-64,2020,145
50060,Bulbuente,16-64,2021,155
50060,Bulbuente,16-64,2022,165
50060,Bulbuente,65-100,2003,108
50060,Bulbuente,65-100,2004,104
50060,Bulbuente,65-100,2005,102
50060,Bulbuente,65-100,2006,103
50060,Bulbuente,65-100,2007,102
50060,Bulbuente,65-100,2008,95
50060,Bulbuente,65-100,2009,89
50060,Bulbuente,65-100,2010,84
50060,Bulbuente,65-100,2011,79
50060,Bulbuente,65-100,2012,78
50060,Bulbuente,65-100,2013,73
50060,Bulbuente,65-100,2014,71
50060,Bulbuente,65-100,2015,64
50060,Bulbuente,65-100,2016,59
50060,Bulbuente,65-100,2017,58
50060,Bulbuente,65-100,2018,56
50060,Bulbuente,65-100,2019,54
50060,Bulbuente,65-100,2020,55
50060,Bulbuente,65-100,2021,55
50060,Bulbuente,65-100,2022,55
50061,Bureta,0-16,2003,24
50061,Bureta,0-16,2004,20
50061,Bureta,0-16,2005,22
50061,Bureta,0-16,2006,17
50061,Bureta,0-16,2007,16
50061,Bureta,0-16,2008,16
50061,Bureta,0-16,2009,16
50061,Bureta,0-16,2010,15
50061,Bureta,0-16,2011,16
50061,Bureta,0-16,2012,16
50061,Bureta,0-16,2013,17
50061,Bureta,0-16,2014,14
50061,Bureta,0-16,2015,16
50061,Bureta,0-16,2016,14
50061,Bureta,0-16,2017,14
50061,Bureta,0-16,2018,10
50061,Bureta,0-16,2019,10
50061,Bureta,0-16,2020,11
50061,Bureta,0-16,2021,13
50061,Bureta,0-16,2022,17
50061,Bureta,16-64,2003,190
50061,Bureta,16-64,2004,188
50061,Bureta,16-64,2005,186
50061,Bureta,16-64,2006,174
50061,Bureta,16-64,2007,173
50061,Bureta,16-64,2008,170
50061,Bureta,16-64,2009,177
50061,Bureta,16-64,2010,172
50061,Bureta,16-64,2011,171
50061,Bureta,16-64,2012,161
50061,Bureta,16-64,2013,158
50061,Bureta,16-64,2014,153
50061,Bureta,16-64,2015,153
50061,Bureta,16-64,2016,138
50061,Bureta,16-64,2017,128
50061,Bureta,16-64,2018,123
50061,Bureta,16-64,2019,118
50061,Bureta,16-64,2020,111
50061,Bureta,16-64,2021,111
50061,Bureta,16-64,2022,109
50061,Bureta,65-100,2003,96
50061,Bureta,65-100,2004,95
50061,Bureta,65-100,2005,95
50061,Bureta,65-100,2006,97
50061,Bureta,65-100,2007,97
50061,Bureta,65-100,2008,86
50061,Bureta,65-100,2009,86
50061,Bureta,65-100,2010,82
50061,Bureta,65-100,2011,85
50061,Bureta,65-100,2012,91
50061,Bureta,65-100,2013,93
50061,Bureta,65-100,2014,91
50061,Bureta,65-100,2015,84
50061,Bureta,65-100,2016,85
50061,Bureta,65-100,2017,80
50061,Bureta,65-100,2018,84
50061,Bureta,65-100,2019,86
50061,Bureta,65-100,2020,84
50061,Bureta,65-100,2021,82
50061,Bureta,65-100,2022,87
50062,El Burgo de Ebro,0-16,2003,214
50062,El Burgo de Ebro,0-16,2004,238
50062,El Burgo de Ebro,0-16,2005,253
50062,El Burgo de Ebro,0-16,2006,273
50062,El Burgo de Ebro,0-16,2007,307
50062,El Burgo de Ebro,0-16,2008,333
50062,El Burgo de Ebro,0-16,2009,360
50062,El Burgo de Ebro,0-16,2010,361
50062,El Burgo de Ebro,0-16,2011,368
50062,El Burgo de Ebro,0-16,2012,368
50062,El Burgo de Ebro,0-16,2013,380
50062,El Burgo de Ebro,0-16,2014,407
50062,El Burgo de Ebro,0-16,2015,409
50062,El Burgo de Ebro,0-16,2016,421
50062,El Burgo de Ebro,0-16,2017,436
50062,El Burgo de Ebro,0-16,2018,438
50062,El Burgo de Ebro,0-16,2019,432
50062,El Burgo de Ebro,0-16,2020,425
50062,El Burgo de Ebro,0-16,2021,429
50062,El Burgo de Ebro,0-16,2022,424
50062,El Burgo de Ebro,16-64,2003,1181
50062,El Burgo de Ebro,16-64,2004,1267
50062,El Burgo de Ebro,16-64,2005,1350
50062,El Burgo de Ebro,16-64,2006,1361
50062,El Burgo de Ebro,16-64,2007,1482
50062,El Burgo de Ebro,16-64,2008,1543
50062,El Burgo de Ebro,16-64,2009,1624
50062,El Burgo de Ebro,16-64,2010,1637
50062,El Burgo de Ebro,16-64,2011,1651
50062,El Burgo de Ebro,16-64,2012,1675
50062,El Burgo de Ebro,16-64,2013,1658
50062,El Burgo de Ebro,16-64,2014,1644
50062,El Burgo de Ebro,16-64,2015,1606
50062,El Burgo de Ebro,16-64,2016,1619
50062,El Burgo de Ebro,16-64,2017,1627
50062,El Burgo de Ebro,16-64,2018,1611
50062,El Burgo de Ebro,16-64,2019,1605
50062,El Burgo de Ebro,16-64,2020,1631
50062,El Burgo de Ebro,16-64,2021,1675
50062,El Burgo de Ebro,16-64,2022,1702
50062,El Burgo de Ebro,65-100,2003,300
50062,El Burgo de Ebro,65-100,2004,292
50062,El Burgo de Ebro,65-100,2005,291
50062,El Burgo de Ebro,65-100,2006,303
50062,El Burgo de Ebro,65-100,2007,312
50062,El Burgo de Ebro,65-100,2008,312
50062,El Burgo de Ebro,65-100,2009,314
50062,El Burgo de Ebro,65-100,2010,323
50062,El Burgo de Ebro,65-100,2011,322
50062,El Burgo de Ebro,65-100,2012,320
50062,El Burgo de Ebro,65-100,2013,328
50062,El Burgo de Ebro,65-100,2014,330
50062,El Burgo de Ebro,65-100,2015,333
50062,El Burgo de Ebro,65-100,2016,343
50062,El Burgo de Ebro,65-100,2017,368
50062,El Burgo de Ebro,65-100,2018,383
50062,El Burgo de Ebro,65-100,2019,399
50062,El Burgo de Ebro,65-100,2020,430
50062,El Burgo de Ebro,65-100,2021,434
50062,El Burgo de Ebro,65-100,2022,465
50063,El Buste,0-16,2003,3
50063,El Buste,0-16,2004,3
50063,El Buste,0-16,2005,1
50063,El Buste,0-16,2006,3
50063,El Buste,0-16,2007,3
50063,El Buste,0-16,2008,3
50063,El Buste,0-16,2009,4
50063,El Buste,0-16,2010,4
50063,El Buste,0-16,2011,4
50063,El Buste,0-16,2012,4
50063,El Buste,0-16,2013,4
50063,El Buste,0-16,2014,2
50063,El Buste,0-16,2015,2
50063,El Buste,0-16,2016,2
50063,El Buste,0-16,2017,4
50063,El Buste,0-16,2018,4
50063,El Buste,0-16,2019,4
50063,El Buste,0-16,2020,4
50063,El Buste,0-16,2021,3
50063,El Buste,0-16,2022,5
50063,El Buste,16-64,2003,60
50063,El Buste,16-64,2004,57
50063,El Buste,16-64,2005,52
50063,El Buste,16-64,2006,49
50063,El Buste,16-64,2007,47
50063,El Buste,16-64,2008,46
50063,El Buste,16-64,2009,47
50063,El Buste,16-64,2010,45
50063,El Buste,16-64,2011,41
50063,El Buste,16-64,2012,42
50063,El Buste,16-64,2013,39
50063,El Buste,16-64,2014,33
50063,El Buste,16-64,2015,31
50063,El Buste,16-64,2016,29
50063,El Buste,16-64,2017,30
50063,El Buste,16-64,2018,31
50063,El Buste,16-64,2019,30
50063,El Buste,16-64,2020,34
50063,El Buste,16-64,2021,38
50063,El Buste,16-64,2022,39
50063,El Buste,65-100,2003,38
50063,El Buste,65-100,2004,38
50063,El Buste,65-100,2005,38
50063,El Buste,65-100,2006,42
50063,El Buste,65-100,2007,44
50063,El Buste,65-100,2008,41
50063,El Buste,65-100,2009,39
50063,El Buste,65-100,2010,39
50063,El Buste,65-100,2011,38
50063,El Buste,65-100,2012,36
50063,El Buste,65-100,2013,33
50063,El Buste,65-100,2014,33
50063,El Buste,65-100,2015,33
50063,El Buste,65-100,2016,33
50063,El Buste,65-100,2017,34
50063,El Buste,65-100,2018,37
50063,El Buste,65-100,2019,32
50063,El Buste,65-100,2020,33
50063,El Buste,65-100,2021,28
50063,El Buste,65-100,2022,27
50064,Cabañas de Ebro,0-16,2003,54
50064,Cabañas de Ebro,0-16,2004,58
50064,Cabañas de Ebro,0-16,2005,56
50064,Cabañas de Ebro,0-16,2006,60
50064,Cabañas de Ebro,0-16,2007,52
50064,Cabañas de Ebro,0-16,2008,51
50064,Cabañas de Ebro,0-16,2009,60
50064,Cabañas de Ebro,0-16,2010,64
50064,Cabañas de Ebro,0-16,2011,56
50064,Cabañas de Ebro,0-16,2012,58
50064,Cabañas de Ebro,0-16,2013,59
50064,Cabañas de Ebro,0-16,2014,56
50064,Cabañas de Ebro,0-16,2015,51
50064,Cabañas de Ebro,0-16,2016,45
50064,Cabañas de Ebro,0-16,2017,46
50064,Cabañas de Ebro,0-16,2018,40
50064,Cabañas de Ebro,0-16,2019,43
50064,Cabañas de Ebro,0-16,2020,40
50064,Cabañas de Ebro,0-16,2021,40
50064,Cabañas de Ebro,0-16,2022,45
50064,Cabañas de Ebro,16-64,2003,313
50064,Cabañas de Ebro,16-64,2004,315
50064,Cabañas de Ebro,16-64,2005,308
50064,Cabañas de Ebro,16-64,2006,310
50064,Cabañas de Ebro,16-64,2007,309
50064,Cabañas de Ebro,16-64,2008,314
50064,Cabañas de Ebro,16-64,2009,328
50064,Cabañas de Ebro,16-64,2010,320
50064,Cabañas de Ebro,16-64,2011,318
50064,Cabañas de Ebro,16-64,2012,317
50064,Cabañas de Ebro,16-64,2013,306
50064,Cabañas de Ebro,16-64,2014,303
50064,Cabañas de Ebro,16-64,2015,300
50064,Cabañas de Ebro,16-64,2016,290
50064,Cabañas de Ebro,16-64,2017,282
50064,Cabañas de Ebro,16-64,2018,283
50064,Cabañas de Ebro,16-64,2019,291
50064,Cabañas de Ebro,16-64,2020,286
50064,Cabañas de Ebro,16-64,2021,278
50064,Cabañas de Ebro,16-64,2022,281
50064,Cabañas de Ebro,65-100,2003,150
50064,Cabañas de Ebro,65-100,2004,149
50064,Cabañas de Ebro,65-100,2005,155
50064,Cabañas de Ebro,65-100,2006,178
50064,Cabañas de Ebro,65-100,2007,176
50064,Cabañas de Ebro,65-100,2008,176
50064,Cabañas de Ebro,65-100,2009,170
50064,Cabañas de Ebro,65-100,2010,172
50064,Cabañas de Ebro,65-100,2011,176
50064,Cabañas de Ebro,65-100,2012,178
50064,Cabañas de Ebro,65-100,2013,175
50064,Cabañas de Ebro,65-100,2014,177
50064,Cabañas de Ebro,65-100,2015,176
50064,Cabañas de Ebro,65-100,2016,173
50064,Cabañas de Ebro,65-100,2017,173
50064,Cabañas de Ebro,65-100,2018,175
50064,Cabañas de Ebro,65-100,2019,171
50064,Cabañas de Ebro,65-100,2020,170
50064,Cabañas de Ebro,65-100,2021,169
50064,Cabañas de Ebro,65-100,2022,165
50065,Cabolafuente,0-16,2003,0
50065,Cabolafuente,0-16,2004,0
50065,Cabolafuente,0-16,2005,0
50065,Cabolafuente,0-16,2006,0
50065,Cabolafuente,0-16,2007,0
50065,Cabolafuente,0-16,2008,0
50065,Cabolafuente,0-16,2009,0
50065,Cabolafuente,0-16,2010,0
50065,Cabolafuente,0-16,2011,0
50065,Cabolafuente,0-16,2012,0
50065,Cabolafuente,0-16,2013,0
50065,Cabolafuente,0-16,2014,0
50065,Cabolafuente,0-16,2015,0
50065,Cabolafuente,0-16,2016,0
50065,Cabolafuente,0-16,2017,0
50065,Cabolafuente,0-16,2018,0
50065,Cabolafuente,0-16,2019,0
50065,Cabolafuente,0-16,2020,1
50065,Cabolafuente,0-16,2021,0
50065,Cabolafuente,0-16,2022,0
50065,Cabolafuente,16-64,2003,41
50065,Cabolafuente,16-64,2004,38
50065,Cabolafuente,16-64,2005,34
50065,Cabolafuente,16-64,2006,31
50065,Cabolafuente,16-64,2007,29
50065,Cabolafuente,16-64,2008,27
50065,Cabolafuente,16-64,2009,26
50065,Cabolafuente,16-64,2010,26
50065,Cabolafuente,16-64,2011,25
50065,Cabolafuente,16-64,2012,24
50065,Cabolafuente,16-64,2013,21
50065,Cabolafuente,16-64,2014,20
50065,Cabolafuente,16-64,2015,18
50065,Cabolafuente,16-64,2016,18
50065,Cabolafuente,16-64,2017,18
50065,Cabolafuente,16-64,2018,16
50065,Cabolafuente,16-64,2019,17
50065,Cabolafuente,16-64,2020,26
50065,Cabolafuente,16-64,2021,23
50065,Cabolafuente,16-64,2022,24
50065,Cabolafuente,65-100,2003,29
50065,Cabolafuente,65-100,2004,29
50065,Cabolafuente,65-100,2005,29
50065,Cabolafuente,65-100,2006,26
50065,Cabolafuente,65-100,2007,25
50065,Cabolafuente,65-100,2008,23
50065,Cabolafuente,65-100,2009,23
50065,Cabolafuente,65-100,2010,23
50065,Cabolafuente,65-100,2011,21
50065,Cabolafuente,65-100,2012,20
50065,Cabolafuente,65-100,2013,20
50065,Cabolafuente,65-100,2014,19
50065,Cabolafuente,65-100,2015,20
50065,Cabolafuente,65-100,2016,17
50065,Cabolafuente,65-100,2017,16
50065,Cabolafuente,65-100,2018,16
50065,Cabolafuente,65-100,2019,16
50065,Cabolafuente,65-100,2020,26
50065,Cabolafuente,65-100,2021,26
50065,Cabolafuente,65-100,2022,25
50066,Cadrete,0-16,2003,249
50066,Cadrete,0-16,2004,293
50066,Cadrete,0-16,2005,336
50066,Cadrete,0-16,2006,389
50066,Cadrete,0-16,2007,413
50066,Cadrete,0-16,2008,437
50066,Cadrete,0-16,2009,511
50066,Cadrete,0-16,2010,581
50066,Cadrete,0-16,2011,602
50066,Cadrete,0-16,2012,636
50066,Cadrete,0-16,2013,651
50066,Cadrete,0-16,2014,681
50066,Cadrete,0-16,2015,710
50066,Cadrete,0-16,2016,731
50066,Cadrete,0-16,2017,747
50066,Cadrete,0-16,2018,773
50066,Cadrete,0-16,2019,800
50066,Cadrete,0-16,2020,845
50066,Cadrete,0-16,2021,847
50066,Cadrete,0-16,2022,848
50066,Cadrete,16-64,2003,1385
50066,Cadrete,16-64,2004,1521
50066,Cadrete,16-64,2005,1652
50066,Cadrete,16-64,2006,1709
50066,Cadrete,16-64,2007,1691
50066,Cadrete,16-64,2008,1736
50066,Cadrete,16-64,2009,1903
50066,Cadrete,16-64,2010,2083
50066,Cadrete,16-64,2011,2181
50066,Cadrete,16-64,2012,2252
50066,Cadrete,16-64,2013,2306
50066,Cadrete,16-64,2014,2411
50066,Cadrete,16-64,2015,2434
50066,Cadrete,16-64,2016,2465
50066,Cadrete,16-64,2017,2544
50066,Cadrete,16-64,2018,2660
50066,Cadrete,16-64,2019,2760
50066,Cadrete,16-64,2020,2900
50066,Cadrete,16-64,2021,2994
50066,Cadrete,16-64,2022,3106
50066,Cadrete,65-100,2003,282
50066,Cadrete,65-100,2004,301
50066,Cadrete,65-100,2005,315
50066,Cadrete,65-100,2006,333
50066,Cadrete,65-100,2007,341
50066,Cadrete,65-100,2008,355
50066,Cadrete,65-100,2009,363
50066,Cadrete,65-100,2010,390
50066,Cadrete,65-100,2011,394
50066,Cadrete,65-100,2012,405
50066,Cadrete,65-100,2013,406
50066,Cadrete,65-100,2014,446
50066,Cadrete,65-100,2015,458
50066,Cadrete,65-100,2016,459
50066,Cadrete,65-100,2017,458
50066,Cadrete,65-100,2018,458
50066,Cadrete,65-100,2019,472
50066,Cadrete,65-100,2020,490
50066,Cadrete,65-100,2021,493
50066,Cadrete,65-100,2022,519
50067,Calatayud,0-16,2003,2644
50067,Calatayud,0-16,2004,2765
50067,Calatayud,0-16,2005,2822
50067,Calatayud,0-16,2006,2949
50067,Calatayud,0-16,2007,2975
50067,Calatayud,0-16,2008,3125
50067,Calatayud,0-16,2009,3187
50067,Calatayud,0-16,2010,3088
50067,Calatayud,0-16,2011,3080
50067,Calatayud,0-16,2012,3064
50067,Calatayud,0-16,2013,2980
50067,Calatayud,0-16,2014,2888
50067,Calatayud,0-16,2015,2719
50067,Calatayud,0-16,2016,3065
50067,Calatayud,0-16,2017,3102
50067,Calatayud,0-16,2018,3008
50067,Calatayud,0-16,2019,2968
50067,Calatayud,0-16,2020,2934
50067,Calatayud,0-16,2021,2865
50067,Calatayud,0-16,2022,2784
50067,Calatayud,16-64,2003,12469
50067,Calatayud,16-64,2004,12770
50067,Calatayud,16-64,2005,13372
50067,Calatayud,16-64,2006,13030
50067,Calatayud,16-64,2007,14063
50067,Calatayud,16-64,2008,14767
50067,Calatayud,16-64,2009,14753
50067,Calatayud,16-64,2010,14657
50067,Calatayud,16-64,2011,13847
50067,Calatayud,16-64,2012,14185
50067,Calatayud,16-64,2013,14043
50067,Calatayud,16-64,2014,13868
50067,Calatayud,16-64,2015,13101
50067,Calatayud,16-64,2016,13223
50067,Calatayud,16-64,2017,13157
50067,Calatayud,16-64,2018,13117
50067,Calatayud,16-64,2019,13136
50067,Calatayud,16-64,2020,13144
50067,Calatayud,16-64,2021,12980
50067,Calatayud,16-64,2022,12876
50067,Calatayud,65-100,2003,4166
50067,Calatayud,65-100,2004,4099
50067,Calatayud,65-100,2005,4069
50067,Calatayud,65-100,2006,4022
50067,Calatayud,65-100,2007,4002
50067,Calatayud,65-100,2008,4013
50067,Calatayud,65-100,2009,3993
50067,Calatayud,65-100,2010,3972
50067,Calatayud,65-100,2011,3910
50067,Calatayud,65-100,2012,3925
50067,Calatayud,65-100,2013,3903
50067,Calatayud,65-100,2014,3902
50067,Calatayud,65-100,2015,3904
50067,Calatayud,65-100,2016,3903
50067,Calatayud,65-100,2017,3914
50067,Calatayud,65-100,2018,3910
50067,Calatayud,65-100,2019,3920
50067,Calatayud,65-100,2020,4014
50067,Calatayud,65-100,2021,4025
50067,Calatayud,65-100,2022,4116
50068,Calatorao,0-16,2003,382
50068,Calatorao,0-16,2004,394
50068,Calatorao,0-16,2005,379
50068,Calatorao,0-16,2006,388
50068,Calatorao,0-16,2007,410
50068,Calatorao,0-16,2008,426
50068,Calatorao,0-16,2009,440
50068,Calatorao,0-16,2010,468
50068,Calatorao,0-16,2011,447
50068,Calatorao,0-16,2012,441
50068,Calatorao,0-16,2013,455
50068,Calatorao,0-16,2014,424
50068,Calatorao,0-16,2015,423
50068,Calatorao,0-16,2016,412
50068,Calatorao,0-16,2017,413
50068,Calatorao,0-16,2018,433
50068,Calatorao,0-16,2019,429
50068,Calatorao,0-16,2020,419
50068,Calatorao,0-16,2021,452
50068,Calatorao,0-16,2022,433
50068,Calatorao,16-64,2003,1933
50068,Calatorao,16-64,2004,1952
50068,Calatorao,16-64,2005,1946
50068,Calatorao,16-64,2006,1854
50068,Calatorao,16-64,2007,1905
50068,Calatorao,16-64,2008,1940
50068,Calatorao,16-64,2009,1973
50068,Calatorao,16-64,2010,1967
50068,Calatorao,16-64,2011,1944
50068,Calatorao,16-64,2012,1923
50068,Calatorao,16-64,2013,1893
50068,Calatorao,16-64,2014,1824
50068,Calatorao,16-64,2015,1795
50068,Calatorao,16-64,2016,1794
50068,Calatorao,16-64,2017,1807
50068,Calatorao,16-64,2018,1812
50068,Calatorao,16-64,2019,1834
50068,Calatorao,16-64,2020,1823
50068,Calatorao,16-64,2021,1857
50068,Calatorao,16-64,2022,1840
50068,Calatorao,65-100,2003,671
50068,Calatorao,65-100,2004,667
50068,Calatorao,65-100,2005,669
50068,Calatorao,65-100,2006,660
50068,Calatorao,65-100,2007,657
50068,Calatorao,65-100,2008,658
50068,Calatorao,65-100,2009,659
50068,Calatorao,65-100,2010,659
50068,Calatorao,65-100,2011,663
50068,Calatorao,65-100,2012,651
50068,Calatorao,65-100,2013,650
50068,Calatorao,65-100,2014,647
50068,Calatorao,65-100,2015,646
50068,Calatorao,65-100,2016,623
50068,Calatorao,65-100,2017,625
50068,Calatorao,65-100,2018,616
50068,Calatorao,65-100,2019,618
50068,Calatorao,65-100,2020,618
50068,Calatorao,65-100,2021,612
50068,Calatorao,65-100,2022,609
50069,Calcena,0-16,2003,1
50069,Calcena,0-16,2004,1
50069,Calcena,0-16,2005,0
50069,Calcena,0-16,2006,0
50069,Calcena,0-16,2007,0
50069,Calcena,0-16,2008,0
50069,Calcena,0-16,2009,0
50069,Calcena,0-16,2010,0
50069,Calcena,0-16,2011,0
50069,Calcena,0-16,2012,0
50069,Calcena,0-16,2013,0
50069,Calcena,0-16,2014,0
50069,Calcena,0-16,2015,1
50069,Calcena,0-16,2016,1
50069,Calcena,0-16,2017,1
50069,Calcena,0-16,2018,1
50069,Calcena,0-16,2019,0
50069,Calcena,0-16,2020,0
50069,Calcena,0-16,2021,1
50069,Calcena,0-16,2022,1
50069,Calcena,16-64,2003,34
50069,Calcena,16-64,2004,34
50069,Calcena,16-64,2005,34
50069,Calcena,16-64,2006,31
50069,Calcena,16-64,2007,27
50069,Calcena,16-64,2008,26
50069,Calcena,16-64,2009,22
50069,Calcena,16-64,2010,33
50069,Calcena,16-64,2011,32
50069,Calcena,16-64,2012,31
50069,Calcena,16-64,2013,46
50069,Calcena,16-64,2014,45
50069,Calcena,16-64,2015,47
50069,Calcena,16-64,2016,41
50069,Calcena,16-64,2017,46
50069,Calcena,16-64,2018,46
50069,Calcena,16-64,2019,46
50069,Calcena,16-64,2020,47
50069,Calcena,16-64,2021,47
50069,Calcena,16-64,2022,44
50069,Calcena,65-100,2003,36
50069,Calcena,65-100,2004,34
50069,Calcena,65-100,2005,32
50069,Calcena,65-100,2006,30
50069,Calcena,65-100,2007,27
50069,Calcena,65-100,2008,26
50069,Calcena,65-100,2009,28
50069,Calcena,65-100,2010,35
50069,Calcena,65-100,2011,38
50069,Calcena,65-100,2012,34
50069,Calcena,65-100,2013,35
50069,Calcena,65-100,2014,33
50069,Calcena,65-100,2015,31
50069,Calcena,65-100,2016,30
50069,Calcena,65-100,2017,28
50069,Calcena,65-100,2018,28
50069,Calcena,65-100,2019,26
50069,Calcena,65-100,2020,26
50069,Calcena,65-100,2021,30
50069,Calcena,65-100,2022,29
50070,Calmarza,0-16,2003,1
50070,Calmarza,0-16,2004,1
50070,Calmarza,0-16,2005,0
50070,Calmarza,0-16,2006,0
50070,Calmarza,0-16,2007,0
50070,Calmarza,0-16,2008,0
50070,Calmarza,0-16,2009,1
50070,Calmarza,0-16,2010,1
50070,Calmarza,0-16,2011,4
50070,Calmarza,0-16,2012,5
50070,Calmarza,0-16,2013,6
50070,Calmarza,0-16,2014,7
50070,Calmarza,0-16,2015,7
50070,Calmarza,0-16,2016,7
50070,Calmarza,0-16,2017,5
50070,Calmarza,0-16,2018,5
50070,Calmarza,0-16,2019,7
50070,Calmarza,0-16,2020,8
50070,Calmarza,0-16,2021,9
50070,Calmarza,0-16,2022,8
50070,Calmarza,16-64,2003,45
50070,Calmarza,16-64,2004,41
50070,Calmarza,16-64,2005,38
50070,Calmarza,16-64,2006,35
50070,Calmarza,16-64,2007,42
50070,Calmarza,16-64,2008,41
50070,Calmarza,16-64,2009,40
50070,Calmarza,16-64,2010,42
50070,Calmarza,16-64,2011,62
50070,Calmarza,16-64,2012,41
50070,Calmarza,16-64,2013,42
50070,Calmarza,16-64,2014,40
50070,Calmarza,16-64,2015,40
50070,Calmarza,16-64,2016,36
50070,Calmarza,16-64,2017,33
50070,Calmarza,16-64,2018,28
50070,Calmarza,16-64,2019,26
50070,Calmarza,16-64,2020,27
50070,Calmarza,16-64,2021,28
50070,Calmarza,16-64,2022,27
50070,Calmarza,65-100,2003,42
50070,Calmarza,65-100,2004,40
50070,Calmarza,65-100,2005,37
50070,Calmarza,65-100,2006,36
50070,Calmarza,65-100,2007,37
50070,Calmarza,65-100,2008,35
50070,Calmarza,65-100,2009,34
50070,Calmarza,65-100,2010,34
50070,Calmarza,65-100,2011,39
50070,Calmarza,65-100,2012,31
50070,Calmarza,65-100,2013,32
50070,Calmarza,65-100,2014,29
50070,Calmarza,65-100,2015,30
50070,Calmarza,65-100,2016,28
50070,Calmarza,65-100,2017,26
50070,Calmarza,65-100,2018,26
50070,Calmarza,65-100,2019,24
50070,Calmarza,65-100,2020,26
50070,Calmarza,65-100,2021,27
50070,Calmarza,65-100,2022,28
50071,Campillo de Aragón,0-16,2003,12
50071,Campillo de Aragón,0-16,2004,10
50071,Campillo de Aragón,0-16,2005,11
50071,Campillo de Aragón,0-16,2006,12
50071,Campillo de Aragón,0-16,2007,15
50071,Campillo de Aragón,0-16,2008,12
50071,Campillo de Aragón,0-16,2009,13
50071,Campillo de Aragón,0-16,2010,11
50071,Campillo de Aragón,0-16,2011,11
50071,Campillo de Aragón,0-16,2012,10
50071,Campillo de Aragón,0-16,2013,9
50071,Campillo de Aragón,0-16,2014,9
50071,Campillo de Aragón,0-16,2015,7
50071,Campillo de Aragón,0-16,2016,3
50071,Campillo de Aragón,0-16,2017,9
50071,Campillo de Aragón,0-16,2018,11
50071,Campillo de Aragón,0-16,2019,9
50071,Campillo de Aragón,0-16,2020,7
50071,Campillo de Aragón,0-16,2021,3
50071,Campillo de Aragón,0-16,2022,4
50071,Campillo de Aragón,16-64,2003,93
50071,Campillo de Aragón,16-64,2004,92
50071,Campillo de Aragón,16-64,2005,90
50071,Campillo de Aragón,16-64,2006,86
50071,Campillo de Aragón,16-64,2007,84
50071,Campillo de Aragón,16-64,2008,85
50071,Campillo de Aragón,16-64,2009,81
50071,Campillo de Aragón,16-64,2010,80
50071,Campillo de Aragón,16-64,2011,79
50071,Campillo de Aragón,16-64,2012,88
50071,Campillo de Aragón,16-64,2013,86
50071,Campillo de Aragón,16-64,2014,91
50071,Campillo de Aragón,16-64,2015,86
50071,Campillo de Aragón,16-64,2016,87
50071,Campillo de Aragón,16-64,2017,95
50071,Campillo de Aragón,16-64,2018,86
50071,Campillo de Aragón,16-64,2019,83
50071,Campillo de Aragón,16-64,2020,85
50071,Campillo de Aragón,16-64,2021,76
50071,Campillo de Aragón,16-64,2022,72
50071,Campillo de Aragón,65-100,2003,72
50071,Campillo de Aragón,65-100,2004,71
50071,Campillo de Aragón,65-100,2005,74
50071,Campillo de Aragón,65-100,2006,74
50071,Campillo de Aragón,65-100,2007,69
50071,Campillo de Aragón,65-100,2008,66
50071,Campillo de Aragón,65-100,2009,64
50071,Campillo de Aragón,65-100,2010,63
50071,Campillo de Aragón,65-100,2011,61
50071,Campillo de Aragón,65-100,2012,54
50071,Campillo de Aragón,65-100,2013,53
50071,Campillo de Aragón,65-100,2014,53
50071,Campillo de Aragón,65-100,2015,48
50071,Campillo de Aragón,65-100,2016,52
50071,Campillo de Aragón,65-100,2017,51
50071,Campillo de Aragón,65-100,2018,52
50071,Campillo de Aragón,65-100,2019,55
50071,Campillo de Aragón,65-100,2020,54
50071,Campillo de Aragón,65-100,2021,53
50071,Campillo de Aragón,65-100,2022,51
50072,Carenas,0-16,2003,10
50072,Carenas,0-16,2004,9
50072,Carenas,0-16,2005,8
50072,Carenas,0-16,2006,5
50072,Carenas,0-16,2007,9
50072,Carenas,0-16,2008,12
50072,Carenas,0-16,2009,9
50072,Carenas,0-16,2010,7
50072,Carenas,0-16,2011,7
50072,Carenas,0-16,2012,6
50072,Carenas,0-16,2013,2
50072,Carenas,0-16,2014,4
50072,Carenas,0-16,2015,4
50072,Carenas,0-16,2016,6
50072,Carenas,0-16,2017,6
50072,Carenas,0-16,2018,11
50072,Carenas,0-16,2019,11
50072,Carenas,0-16,2020,9
50072,Carenas,0-16,2021,4
50072,Carenas,0-16,2022,2
50072,Carenas,16-64,2003,113
50072,Carenas,16-64,2004,115
50072,Carenas,16-64,2005,106
50072,Carenas,16-64,2006,106
50072,Carenas,16-64,2007,105
50072,Carenas,16-64,2008,103
50072,Carenas,16-64,2009,95
50072,Carenas,16-64,2010,95
50072,Carenas,16-64,2011,94
50072,Carenas,16-64,2012,89
50072,Carenas,16-64,2013,79
50072,Carenas,16-64,2014,87
50072,Carenas,16-64,2015,86
50072,Carenas,16-64,2016,85
50072,Carenas,16-64,2017,84
50072,Carenas,16-64,2018,90
50072,Carenas,16-64,2019,122
50072,Carenas,16-64,2020,109
50072,Carenas,16-64,2021,106
50072,Carenas,16-64,2022,105
50072,Carenas,65-100,2003,113
50072,Carenas,65-100,2004,114
50072,Carenas,65-100,2005,109
50072,Carenas,65-100,2006,110
50072,Carenas,65-100,2007,99
50072,Carenas,65-100,2008,99
50072,Carenas,65-100,2009,99
50072,Carenas,65-100,2010,93
50072,Carenas,65-100,2011,94
50072,Carenas,65-100,2012,89
50072,Carenas,65-100,2013,84
50072,Carenas,65-100,2014,84
50072,Carenas,65-100,2015,82
50072,Carenas,65-100,2016,81
50072,Carenas,65-100,2017,84
50072,Carenas,65-100,2018,76
50072,Carenas,65-100,2019,80
50072,Carenas,65-100,2020,71
50072,Carenas,65-100,2021,72
50072,Carenas,65-100,2022,71
50073,Cariñena,0-16,2003,423
50073,Cariñena,0-16,2004,424
50073,Cariñena,0-16,2005,431
50073,Cariñena,0-16,2006,420
50073,Cariñena,0-16,2007,434
50073,Cariñena,0-16,2008,444
50073,Cariñena,0-16,2009,484
50073,Cariñena,0-16,2010,514
50073,Cariñena,0-16,2011,542
50073,Cariñena,0-16,2012,532
50073,Cariñena,0-16,2013,528
50073,Cariñena,0-16,2014,531
50073,Cariñena,0-16,2015,510
50073,Cariñena,0-16,2016,526
50073,Cariñena,0-16,2017,506
50073,Cariñena,0-16,2018,494
50073,Cariñena,0-16,2019,495
50073,Cariñena,0-16,2020,498
50073,Cariñena,0-16,2021,496
50073,Cariñena,0-16,2022,499
50073,Cariñena,16-64,2003,2332
50073,Cariñena,16-64,2004,2431
50073,Cariñena,16-64,2005,2454
50073,Cariñena,16-64,2006,2202
50073,Cariñena,16-64,2007,2262
50073,Cariñena,16-64,2008,2413
50073,Cariñena,16-64,2009,2523
50073,Cariñena,16-64,2010,2541
50073,Cariñena,16-64,2011,2521
50073,Cariñena,16-64,2012,2380
50073,Cariñena,16-64,2013,2358
50073,Cariñena,16-64,2014,2274
50073,Cariñena,16-64,2015,2233
50073,Cariñena,16-64,2016,2188
50073,Cariñena,16-64,2017,2165
50073,Cariñena,16-64,2018,2115
50073,Cariñena,16-64,2019,2142
50073,Cariñena,16-64,2020,2188
50073,Cariñena,16-64,2021,2216
50073,Cariñena,16-64,2022,2188
50073,Cariñena,65-100,2003,656
50073,Cariñena,65-100,2004,645
50073,Cariñena,65-100,2005,651
50073,Cariñena,65-100,2006,655
50073,Cariñena,65-100,2007,657
50073,Cariñena,65-100,2008,652
50073,Cariñena,65-100,2009,658
50073,Cariñena,65-100,2010,670
50073,Cariñena,65-100,2011,665
50073,Cariñena,65-100,2012,660
50073,Cariñena,65-100,2013,651
50073,Cariñena,65-100,2014,652
50073,Cariñena,65-100,2015,646
50073,Cariñena,65-100,2016,670
50073,Cariñena,65-100,2017,668
50073,Cariñena,65-100,2018,667
50073,Cariñena,65-100,2019,665
50073,Cariñena,65-100,2020,669
50073,Cariñena,65-100,2021,658
50073,Cariñena,65-100,2022,658
50074,Caspe,0-16,2003,913
50074,Caspe,0-16,2004,976
50074,Caspe,0-16,2005,1046
50074,Caspe,0-16,2006,1083
50074,Caspe,0-16,2007,1129
50074,Caspe,0-16,2008,1199
50074,Caspe,0-16,2009,1385
50074,Caspe,0-16,2010,1526
50074,Caspe,0-16,2011,1494
50074,Caspe,0-16,2012,1537
50074,Caspe,0-16,2013,1581
50074,Caspe,0-16,2014,1623
50074,Caspe,0-16,2015,1607
50074,Caspe,0-16,2016,1560
50074,Caspe,0-16,2017,1574
50074,Caspe,0-16,2018,1593
50074,Caspe,0-16,2019,1616
50074,Caspe,0-16,2020,1656
50074,Caspe,0-16,2021,1662
50074,Caspe,0-16,2022,1686
50074,Caspe,16-64,2003,4802
50074,Caspe,16-64,2004,5031
50074,Caspe,16-64,2005,5313
50074,Caspe,16-64,2006,5579
50074,Caspe,16-64,2007,5573
50074,Caspe,16-64,2008,5864
50074,Caspe,16-64,2009,6495
50074,Caspe,16-64,2010,6604
50074,Caspe,16-64,2011,6514
50074,Caspe,16-64,2012,6512
50074,Caspe,16-64,2013,6423
50074,Caspe,16-64,2014,6426
50074,Caspe,16-64,2015,6352
50074,Caspe,16-64,2016,6096
50074,Caspe,16-64,2017,6033
50074,Caspe,16-64,2018,6051
50074,Caspe,16-64,2019,6230
50074,Caspe,16-64,2020,6427
50074,Caspe,16-64,2021,6542
50074,Caspe,16-64,2022,6538
50074,Caspe,65-100,2003,1872
50074,Caspe,65-100,2004,1863
50074,Caspe,65-100,2005,1847
50074,Caspe,65-100,2006,1824
50074,Caspe,65-100,2007,1793
50074,Caspe,65-100,2008,1785
50074,Caspe,65-100,2009,1848
50074,Caspe,65-100,2010,1859
50074,Caspe,65-100,2011,1863
50074,Caspe,65-100,2012,1836
50074,Caspe,65-100,2013,1854
50074,Caspe,65-100,2014,1878
50074,Caspe,65-100,2015,1908
50074,Caspe,65-100,2016,1882
50074,Caspe,65-100,2017,1884
50074,Caspe,65-100,2018,1881
50074,Caspe,65-100,2019,1902
50074,Caspe,65-100,2020,1943
50074,Caspe,65-100,2021,1979
50074,Caspe,65-100,2022,1996
50075,Castejón de Alarba,0-16,2003,0
50075,Castejón de Alarba,0-16,2004,0
50075,Castejón de Alarba,0-16,2005,0
50075,Castejón de Alarba,0-16,2006,3
50075,Castejón de Alarba,0-16,2007,3
50075,Castejón de Alarba,0-16,2008,2
50075,Castejón de Alarba,0-16,2009,2
50075,Castejón de Alarba,0-16,2010,2
50075,Castejón de Alarba,0-16,2011,2
50075,Castejón de Alarba,0-16,2012,1
50075,Castejón de Alarba,0-16,2013,1
50075,Castejón de Alarba,0-16,2014,1
50075,Castejón de Alarba,0-16,2015,4
50075,Castejón de Alarba,0-16,2016,3
50075,Castejón de Alarba,0-16,2017,2
50075,Castejón de Alarba,0-16,2018,1
50075,Castejón de Alarba,0-16,2019,1
50075,Castejón de Alarba,0-16,2020,1
50075,Castejón de Alarba,0-16,2021,1
50075,Castejón de Alarba,0-16,2022,1
50075,Castejón de Alarba,16-64,2003,44
50075,Castejón de Alarba,16-64,2004,41
50075,Castejón de Alarba,16-64,2005,43
50075,Castejón de Alarba,16-64,2006,45
50075,Castejón de Alarba,16-64,2007,47
50075,Castejón de Alarba,16-64,2008,45
50075,Castejón de Alarba,16-64,2009,47
50075,Castejón de Alarba,16-64,2010,43
50075,Castejón de Alarba,16-64,2011,43
50075,Castejón de Alarba,16-64,2012,41
50075,Castejón de Alarba,16-64,2013,37
50075,Castejón de Alarba,16-64,2014,36
50075,Castejón de Alarba,16-64,2015,42
50075,Castejón de Alarba,16-64,2016,37
50075,Castejón de Alarba,16-64,2017,46
50075,Castejón de Alarba,16-64,2018,50
50075,Castejón de Alarba,16-64,2019,52
50075,Castejón de Alarba,16-64,2020,50
50075,Castejón de Alarba,16-64,2021,39
50075,Castejón de Alarba,16-64,2022,35
50075,Castejón de Alarba,65-100,2003,57
50075,Castejón de Alarba,65-100,2004,57
50075,Castejón de Alarba,65-100,2005,56
50075,Castejón de Alarba,65-100,2006,56
50075,Castejón de Alarba,65-100,2007,57
50075,Castejón de Alarba,65-100,2008,57
50075,Castejón de Alarba,65-100,2009,58
50075,Castejón de Alarba,65-100,2010,53
50075,Castejón de Alarba,65-100,2011,52
50075,Castejón de Alarba,65-100,2012,53
50075,Castejón de Alarba,65-100,2013,49
50075,Castejón de Alarba,65-100,2014,47
50075,Castejón de Alarba,65-100,2015,49
50075,Castejón de Alarba,65-100,2016,45
50075,Castejón de Alarba,65-100,2017,43
50075,Castejón de Alarba,65-100,2018,41
50075,Castejón de Alarba,65-100,2019,38
50075,Castejón de Alarba,65-100,2020,37
50075,Castejón de Alarba,65-100,2021,38
50075,Castejón de Alarba,65-100,2022,37
50076,Castejón de las Armas,0-16,2003,4
50076,Castejón de las Armas,0-16,2004,3
50076,Castejón de las Armas,0-16,2005,2
50076,Castejón de las Armas,0-16,2006,2
50076,Castejón de las Armas,0-16,2007,3
50076,Castejón de las Armas,0-16,2008,4
50076,Castejón de las Armas,0-16,2009,2
50076,Castejón de las Armas,0-16,2010,5
50076,Castejón de las Armas,0-16,2011,6
50076,Castejón de las Armas,0-16,2012,4
50076,Castejón de las Armas,0-16,2013,5
50076,Castejón de las Armas,0-16,2014,5
50076,Castejón de las Armas,0-16,2015,5
50076,Castejón de las Armas,0-16,2016,4
50076,Castejón de las Armas,0-16,2017,4
50076,Castejón de las Armas,0-16,2018,6
50076,Castejón de las Armas,0-16,2019,5
50076,Castejón de las Armas,0-16,2020,2
50076,Castejón de las Armas,0-16,2021,3
50076,Castejón de las Armas,0-16,2022,1
50076,Castejón de las Armas,16-64,2003,48
50076,Castejón de las Armas,16-64,2004,46
50076,Castejón de las Armas,16-64,2005,47
50076,Castejón de las Armas,16-64,2006,68
50076,Castejón de las Armas,16-64,2007,72
50076,Castejón de las Armas,16-64,2008,82
50076,Castejón de las Armas,16-64,2009,77
50076,Castejón de las Armas,16-64,2010,82
50076,Castejón de las Armas,16-64,2011,81
50076,Castejón de las Armas,16-64,2012,79
50076,Castejón de las Armas,16-64,2013,69
50076,Castejón de las Armas,16-64,2014,68
50076,Castejón de las Armas,16-64,2015,63
50076,Castejón de las Armas,16-64,2016,54
50076,Castejón de las Armas,16-64,2017,53
50076,Castejón de las Armas,16-64,2018,51
50076,Castejón de las Armas,16-64,2019,50
50076,Castejón de las Armas,16-64,2020,46
50076,Castejón de las Armas,16-64,2021,49
50076,Castejón de las Armas,16-64,2022,45
50076,Castejón de las Armas,65-100,2003,53
50076,Castejón de las Armas,65-100,2004,50
50076,Castejón de las Armas,65-100,2005,46
50076,Castejón de las Armas,65-100,2006,41
50076,Castejón de las Armas,65-100,2007,39
50076,Castejón de las Armas,65-100,2008,41
50076,Castejón de las Armas,65-100,2009,38
50076,Castejón de las Armas,65-100,2010,35
50076,Castejón de las Armas,65-100,2011,34
50076,Castejón de las Armas,65-100,2012,35
50076,Castejón de las Armas,65-100,2013,32
50076,Castejón de las Armas,65-100,2014,32
50076,Castejón de las Armas,65-100,2015,33
50076,Castejón de las Armas,65-100,2016,33
50076,Castejón de las Armas,65-100,2017,30
50076,Castejón de las Armas,65-100,2018,33
50076,Castejón de las Armas,65-100,2019,32
50076,Castejón de las Armas,65-100,2020,30
50076,Castejón de las Armas,65-100,2021,30
50076,Castejón de las Armas,65-100,2022,35
50077,Castejón de Valdejasa,0-16,2003,28
50077,Castejón de Valdejasa,0-16,2004,26
50077,Castejón de Valdejasa,0-16,2005,22
50077,Castejón de Valdejasa,0-16,2006,27
50077,Castejón de Valdejasa,0-16,2007,23
50077,Castejón de Valdejasa,0-16,2008,12
50077,Castejón de Valdejasa,0-16,2009,16
50077,Castejón de Valdejasa,0-16,2010,14
50077,Castejón de Valdejasa,0-16,2011,13
50077,Castejón de Valdejasa,0-16,2012,10
50077,Castejón de Valdejasa,0-16,2013,6
50077,Castejón de Valdejasa,0-16,2014,3
50077,Castejón de Valdejasa,0-16,2015,4
50077,Castejón de Valdejasa,0-16,2016,5
50077,Castejón de Valdejasa,0-16,2017,4
50077,Castejón de Valdejasa,0-16,2018,8
50077,Castejón de Valdejasa,0-16,2019,9
50077,Castejón de Valdejasa,0-16,2020,8
50077,Castejón de Valdejasa,0-16,2021,10
50077,Castejón de Valdejasa,0-16,2022,10
50077,Castejón de Valdejasa,16-64,2003,169
50077,Castejón de Valdejasa,16-64,2004,164
50077,Castejón de Valdejasa,16-64,2005,166
50077,Castejón de Valdejasa,16-64,2006,164
50077,Castejón de Valdejasa,16-64,2007,158
50077,Castejón de Valdejasa,16-64,2008,162
50077,Castejón de Valdejasa,16-64,2009,166
50077,Castejón de Valdejasa,16-64,2010,160
50077,Castejón de Valdejasa,16-64,2011,155
50077,Castejón de Valdejasa,16-64,2012,143
50077,Castejón de Valdejasa,16-64,2013,139
50077,Castejón de Valdejasa,16-64,2014,135
50077,Castejón de Valdejasa,16-64,2015,128
50077,Castejón de Valdejasa,16-64,2016,124
50077,Castejón de Valdejasa,16-64,2017,122
50077,Castejón de Valdejasa,16-64,2018,118
50077,Castejón de Valdejasa,16-64,2019,115
50077,Castejón de Valdejasa,16-64,2020,118
50077,Castejón de Valdejasa,16-64,2021,124
50077,Castejón de Valdejasa,16-64,2022,121
50077,Castejón de Valdejasa,65-100,2003,120
50077,Castejón de Valdejasa,65-100,2004,125
50077,Castejón de Valdejasa,65-100,2005,114
50077,Castejón de Valdejasa,65-100,2006,110
50077,Castejón de Valdejasa,65-100,2007,108
50077,Castejón de Valdejasa,65-100,2008,109
50077,Castejón de Valdejasa,65-100,2009,108
50077,Castejón de Valdejasa,65-100,2010,109
50077,Castejón de Valdejasa,65-100,2011,106
50077,Castejón de Valdejasa,65-100,2012,104
50077,Castejón de Valdejasa,65-100,2013,103
50077,Castejón de Valdejasa,65-100,2014,99
50077,Castejón de Valdejasa,65-100,2015,96
50077,Castejón de Valdejasa,65-100,2016,97
50077,Castejón de Valdejasa,65-100,2017,95
50077,Castejón de Valdejasa,65-100,2018,95
50077,Castejón de Valdejasa,65-100,2019,86
50077,Castejón de Valdejasa,65-100,2020,83
50077,Castejón de Valdejasa,65-100,2021,82
50077,Castejón de Valdejasa,65-100,2022,78
50078,Castiliscar,0-16,2003,15
50078,Castiliscar,0-16,2004,20
50078,Castiliscar,0-16,2005,23
50078,Castiliscar,0-16,2006,20
50078,Castiliscar,0-16,2007,16
50078,Castiliscar,0-16,2008,15
50078,Castiliscar,0-16,2009,11
50078,Castiliscar,0-16,2010,16
50078,Castiliscar,0-16,2011,24
50078,Castiliscar,0-16,2012,24
50078,Castiliscar,0-16,2013,22
50078,Castiliscar,0-16,2014,22
50078,Castiliscar,0-16,2015,18
50078,Castiliscar,0-16,2016,16
50078,Castiliscar,0-16,2017,18
50078,Castiliscar,0-16,2018,19
50078,Castiliscar,0-16,2019,18
50078,Castiliscar,0-16,2020,18
50078,Castiliscar,0-16,2021,19
50078,Castiliscar,0-16,2022,16
50078,Castiliscar,16-64,2003,233
50078,Castiliscar,16-64,2004,242
50078,Castiliscar,16-64,2005,235
50078,Castiliscar,16-64,2006,221
50078,Castiliscar,16-64,2007,212
50078,Castiliscar,16-64,2008,203
50078,Castiliscar,16-64,2009,199
50078,Castiliscar,16-64,2010,198
50078,Castiliscar,16-64,2011,186
50078,Castiliscar,16-64,2012,172
50078,Castiliscar,16-64,2013,161
50078,Castiliscar,16-64,2014,156
50078,Castiliscar,16-64,2015,154
50078,Castiliscar,16-64,2016,141
50078,Castiliscar,16-64,2017,131
50078,Castiliscar,16-64,2018,135
50078,Castiliscar,16-64,2019,136
50078,Castiliscar,16-64,2020,130
50078,Castiliscar,16-64,2021,127
50078,Castiliscar,16-64,2022,112
50078,Castiliscar,65-100,2003,136
50078,Castiliscar,65-100,2004,133
50078,Castiliscar,65-100,2005,127
50078,Castiliscar,65-100,2006,126
50078,Castiliscar,65-100,2007,132
50078,Castiliscar,65-100,2008,129
50078,Castiliscar,65-100,2009,123
50078,Castiliscar,65-100,2010,124
50078,Castiliscar,65-100,2011,118
50078,Castiliscar,65-100,2012,114
50078,Castiliscar,65-100,2013,117
50078,Castiliscar,65-100,2014,114
50078,Castiliscar,65-100,2015,108
50078,Castiliscar,65-100,2016,107
50078,Castiliscar,65-100,2017,113
50078,Castiliscar,65-100,2018,111
50078,Castiliscar,65-100,2019,109
50078,Castiliscar,65-100,2020,106
50078,Castiliscar,65-100,2021,102
50078,Castiliscar,65-100,2022,102
50079,Cervera de la Cañada,0-16,2003,23
50079,Cervera de la Cañada,0-16,2004,23
50079,Cervera de la Cañada,0-16,2005,20
50079,Cervera de la Cañada,0-16,2006,19
50079,Cervera de la Cañada,0-16,2007,17
50079,Cervera de la Cañada,0-16,2008,17
50079,Cervera de la Cañada,0-16,2009,19
50079,Cervera de la Cañada,0-16,2010,20
50079,Cervera de la Cañada,0-16,2011,20
50079,Cervera de la Cañada,0-16,2012,25
50079,Cervera de la Cañada,0-16,2013,34
50079,Cervera de la Cañada,0-16,2014,34
50079,Cervera de la Cañada,0-16,2015,36
50079,Cervera de la Cañada,0-16,2016,36
50079,Cervera de la Cañada,0-16,2017,26
50079,Cervera de la Cañada,0-16,2018,25
50079,Cervera de la Cañada,0-16,2019,24
50079,Cervera de la Cañada,0-16,2020,23
50079,Cervera de la Cañada,0-16,2021,26
50079,Cervera de la Cañada,0-16,2022,24
50079,Cervera de la Cañada,16-64,2003,178
50079,Cervera de la Cañada,16-64,2004,181
50079,Cervera de la Cañada,16-64,2005,178
50079,Cervera de la Cañada,16-64,2006,177
50079,Cervera de la Cañada,16-64,2007,178
50079,Cervera de la Cañada,16-64,2008,182
50079,Cervera de la Cañada,16-64,2009,176
50079,Cervera de la Cañada,16-64,2010,170
50079,Cervera de la Cañada,16-64,2011,166
50079,Cervera de la Cañada,16-64,2012,168
50079,Cervera de la Cañada,16-64,2013,162
50079,Cervera de la Cañada,16-64,2014,159
50079,Cervera de la Cañada,16-64,2015,161
50079,Cervera de la Cañada,16-64,2016,154
50079,Cervera de la Cañada,16-64,2017,148
50079,Cervera de la Cañada,16-64,2018,140
50079,Cervera de la Cañada,16-64,2019,142
50079,Cervera de la Cañada,16-64,2020,139
50079,Cervera de la Cañada,16-64,2021,143
50079,Cervera de la Cañada,16-64,2022,147
50079,Cervera de la Cañada,65-100,2003,129
50079,Cervera de la Cañada,65-100,2004,125
50079,Cervera de la Cañada,65-100,2005,134
50079,Cervera de la Cañada,65-100,2006,133
50079,Cervera de la Cañada,65-100,2007,134
50079,Cervera de la Cañada,65-100,2008,132
50079,Cervera de la Cañada,65-100,2009,127
50079,Cervera de la Cañada,65-100,2010,121
50079,Cervera de la Cañada,65-100,2011,127
50079,Cervera de la Cañada,65-100,2012,125
50079,Cervera de la Cañada,65-100,2013,122
50079,Cervera de la Cañada,65-100,2014,123
50079,Cervera de la Cañada,65-100,2015,114
50079,Cervera de la Cañada,65-100,2016,115
50079,Cervera de la Cañada,65-100,2017,112
50079,Cervera de la Cañada,65-100,2018,106
50079,Cervera de la Cañada,65-100,2019,105
50079,Cervera de la Cañada,65-100,2020,98
50079,Cervera de la Cañada,65-100,2021,95
50079,Cervera de la Cañada,65-100,2022,93
50080,Cerveruela,0-16,2003,0
50080,Cerveruela,0-16,2004,0
50080,Cerveruela,0-16,2005,1
50080,Cerveruela,0-16,2006,0
50080,Cerveruela,0-16,2007,1
50080,Cerveruela,0-16,2008,2
50080,Cerveruela,0-16,2009,2
50080,Cerveruela,0-16,2010,3
50080,Cerveruela,0-16,2011,3
50080,Cerveruela,0-16,2012,3
50080,Cerveruela,0-16,2013,3
50080,Cerveruela,0-16,2014,3
50080,Cerveruela,0-16,2015,3
50080,Cerveruela,0-16,2016,3
50080,Cerveruela,0-16,2017,3
50080,Cerveruela,0-16,2018,2
50080,Cerveruela,0-16,2019,1
50080,Cerveruela,0-16,2020,3
50080,Cerveruela,0-16,2021,3
50080,Cerveruela,0-16,2022,3
50080,Cerveruela,16-64,2003,17
50080,Cerveruela,16-64,2004,21
50080,Cerveruela,16-64,2005,23
50080,Cerveruela,16-64,2006,24
50080,Cerveruela,16-64,2007,27
50080,Cerveruela,16-64,2008,26
50080,Cerveruela,16-64,2009,26
50080,Cerveruela,16-64,2010,26
50080,Cerveruela,16-64,2011,30
50080,Cerveruela,16-64,2012,29
50080,Cerveruela,16-64,2013,29
50080,Cerveruela,16-64,2014,25
50080,Cerveruela,16-64,2015,22
50080,Cerveruela,16-64,2016,22
50080,Cerveruela,16-64,2017,25
50080,Cerveruela,16-64,2018,23
50080,Cerveruela,16-64,2019,20
50080,Cerveruela,16-64,2020,20
50080,Cerveruela,16-64,2021,22
50080,Cerveruela,16-64,2022,24
50080,Cerveruela,65-100,2003,8
50080,Cerveruela,65-100,2004,8
50080,Cerveruela,65-100,2005,10
50080,Cerveruela,65-100,2006,11
50080,Cerveruela,65-100,2007,10
50080,Cerveruela,65-100,2008,13
50080,Cerveruela,65-100,2009,13
50080,Cerveruela,65-100,2010,12
50080,Cerveruela,65-100,2011,13
50080,Cerveruela,65-100,2012,9
50080,Cerveruela,65-100,2013,10
50080,Cerveruela,65-100,2014,9
50080,Cerveruela,65-100,2015,8
50080,Cerveruela,65-100,2016,9
50080,Cerveruela,65-100,2017,10
50080,Cerveruela,65-100,2018,10
50080,Cerveruela,65-100,2019,12
50080,Cerveruela,65-100,2020,11
50080,Cerveruela,65-100,2021,12
50080,Cerveruela,65-100,2022,12
50081,Cetina,0-16,2003,85
50081,Cetina,0-16,2004,85
50081,Cetina,0-16,2005,89
50081,Cetina,0-16,2006,80
50081,Cetina,0-16,2007,77
50081,Cetina,0-16,2008,86
50081,Cetina,0-16,2009,86
50081,Cetina,0-16,2010,86
50081,Cetina,0-16,2011,82
50081,Cetina,0-16,2012,79
50081,Cetina,0-16,2013,75
50081,Cetina,0-16,2014,76
50081,Cetina,0-16,2015,71
50081,Cetina,0-16,2016,68
50081,Cetina,0-16,2017,65
50081,Cetina,0-16,2018,61
50081,Cetina,0-16,2019,60
50081,Cetina,0-16,2020,57
50081,Cetina,0-16,2021,58
50081,Cetina,0-16,2022,58
50081,Cetina,16-64,2003,323
50081,Cetina,16-64,2004,335
50081,Cetina,16-64,2005,336
50081,Cetina,16-64,2006,345
50081,Cetina,16-64,2007,341
50081,Cetina,16-64,2008,351
50081,Cetina,16-64,2009,368
50081,Cetina,16-64,2010,364
50081,Cetina,16-64,2011,362
50081,Cetina,16-64,2012,357
50081,Cetina,16-64,2013,370
50081,Cetina,16-64,2014,365
50081,Cetina,16-64,2015,353
50081,Cetina,16-64,2016,337
50081,Cetina,16-64,2017,333
50081,Cetina,16-64,2018,331
50081,Cetina,16-64,2019,340
50081,Cetina,16-64,2020,339
50081,Cetina,16-64,2021,343
50081,Cetina,16-64,2022,353
50081,Cetina,65-100,2003,282
50081,Cetina,65-100,2004,287
50081,Cetina,65-100,2005,286
50081,Cetina,65-100,2006,282
50081,Cetina,65-100,2007,275
50081,Cetina,65-100,2008,266
50081,Cetina,65-100,2009,263
50081,Cetina,65-100,2010,247
50081,Cetina,65-100,2011,243
50081,Cetina,65-100,2012,241
50081,Cetina,65-100,2013,227
50081,Cetina,65-100,2014,225
50081,Cetina,65-100,2015,221
50081,Cetina,65-100,2016,210
50081,Cetina,65-100,2017,208
50081,Cetina,65-100,2018,200
50081,Cetina,65-100,2019,193
50081,Cetina,65-100,2020,187
50081,Cetina,65-100,2021,177
50081,Cetina,65-100,2022,159
50092,Chiprana,0-16,2003,37
50092,Chiprana,0-16,2004,34
50092,Chiprana,0-16,2005,30
50092,Chiprana,0-16,2006,25
50092,Chiprana,0-16,2007,25
50092,Chiprana,0-16,2008,24
50092,Chiprana,0-16,2009,22
50092,Chiprana,0-16,2010,19
50092,Chiprana,0-16,2011,71
50092,Chiprana,0-16,2012,70
50092,Chiprana,0-16,2013,73
50092,Chiprana,0-16,2014,77
50092,Chiprana,0-16,2015,72
50092,Chiprana,0-16,2016,72
50092,Chiprana,0-16,2017,70
50092,Chiprana,0-16,2018,76
50092,Chiprana,0-16,2019,75
50092,Chiprana,0-16,2020,62
50092,Chiprana,0-16,2021,58
50092,Chiprana,0-16,2022,71
50092,Chiprana,16-64,2003,225
50092,Chiprana,16-64,2004,211
50092,Chiprana,16-64,2005,195
50092,Chiprana,16-64,2006,176
50092,Chiprana,16-64,2007,169
50092,Chiprana,16-64,2008,159
50092,Chiprana,16-64,2009,156
50092,Chiprana,16-64,2010,148
50092,Chiprana,16-64,2011,261
50092,Chiprana,16-64,2012,262
50092,Chiprana,16-64,2013,276
50092,Chiprana,16-64,2014,293
50092,Chiprana,16-64,2015,290
50092,Chiprana,16-64,2016,289
50092,Chiprana,16-64,2017,291
50092,Chiprana,16-64,2018,310
50092,Chiprana,16-64,2019,340
50092,Chiprana,16-64,2020,335
50092,Chiprana,16-64,2021,351
50092,Chiprana,16-64,2022,353
50092,Chiprana,65-100,2003,121
50092,Chiprana,65-100,2004,123
50092,Chiprana,65-100,2005,128
50092,Chiprana,65-100,2006,127
50092,Chiprana,65-100,2007,115
50092,Chiprana,65-100,2008,115
50092,Chiprana,65-100,2009,112
50092,Chiprana,65-100,2010,109
50092,Chiprana,65-100,2011,133
50092,Chiprana,65-100,2012,133
50092,Chiprana,65-100,2013,138
50092,Chiprana,65-100,2014,144
50092,Chiprana,65-100,2015,136
50092,Chiprana,65-100,2016,122
50092,Chiprana,65-100,2017,120
50092,Chiprana,65-100,2018,122
50092,Chiprana,65-100,2019,108
50092,Chiprana,65-100,2020,100
50092,Chiprana,65-100,2021,94
50092,Chiprana,65-100,2022,91
50093,Chodes,0-16,2003,7
50093,Chodes,0-16,2004,10
50093,Chodes,0-16,2005,11
50093,Chodes,0-16,2006,11
50093,Chodes,0-16,2007,10
50093,Chodes,0-16,2008,11
50093,Chodes,0-16,2009,11
50093,Chodes,0-16,2010,11
50093,Chodes,0-16,2011,14
50093,Chodes,0-16,2012,13
50093,Chodes,0-16,2013,12
50093,Chodes,0-16,2014,12
50093,Chodes,0-16,2015,14
50093,Chodes,0-16,2016,15
50093,Chodes,0-16,2017,12
50093,Chodes,0-16,2018,12
50093,Chodes,0-16,2019,10
50093,Chodes,0-16,2020,9
50093,Chodes,0-16,2021,7
50093,Chodes,0-16,2022,6
50093,Chodes,16-64,2003,51
50093,Chodes,16-64,2004,68
50093,Chodes,16-64,2005,76
50093,Chodes,16-64,2006,72
50093,Chodes,16-64,2007,80
50093,Chodes,16-64,2008,74
50093,Chodes,16-64,2009,78
50093,Chodes,16-64,2010,75
50093,Chodes,16-64,2011,77
50093,Chodes,16-64,2012,81
50093,Chodes,16-64,2013,75
50093,Chodes,16-64,2014,74
50093,Chodes,16-64,2015,72
50093,Chodes,16-64,2016,65
50093,Chodes,16-64,2017,59
50093,Chodes,16-64,2018,62
50093,Chodes,16-64,2019,57
50093,Chodes,16-64,2020,58
50093,Chodes,16-64,2021,60
50093,Chodes,16-64,2022,56
50093,Chodes,65-100,2003,59
50093,Chodes,65-100,2004,60
50093,Chodes,65-100,2005,61
50093,Chodes,65-100,2006,63
50093,Chodes,65-100,2007,62
50093,Chodes,65-100,2008,63
50093,Chodes,65-100,2009,65
50093,Chodes,65-100,2010,63
50093,Chodes,65-100,2011,56
50093,Chodes,65-100,2012,53
50093,Chodes,65-100,2013,48
50093,Chodes,65-100,2014,49
50093,Chodes,65-100,2015,46
50093,Chodes,65-100,2016,45
50093,Chodes,65-100,2017,41
50093,Chodes,65-100,2018,39
50093,Chodes,65-100,2019,37
50093,Chodes,65-100,2020,37
50093,Chodes,65-100,2021,33
50093,Chodes,65-100,2022,34
50082,Cimballa,0-16,2003,10
50082,Cimballa,0-16,2004,9
50082,Cimballa,0-16,2005,7
50082,Cimballa,0-16,2006,7
50082,Cimballa,0-16,2007,5
50082,Cimballa,0-16,2008,4
50082,Cimballa,0-16,2009,6
50082,Cimballa,0-16,2010,8
50082,Cimballa,0-16,2011,7
50082,Cimballa,0-16,2012,5
50082,Cimballa,0-16,2013,6
50082,Cimballa,0-16,2014,8
50082,Cimballa,0-16,2015,5
50082,Cimballa,0-16,2016,4
50082,Cimballa,0-16,2017,4
50082,Cimballa,0-16,2018,4
50082,Cimballa,0-16,2019,6
50082,Cimballa,0-16,2020,9
50082,Cimballa,0-16,2021,9
50082,Cimballa,0-16,2022,9
50082,Cimballa,16-64,2003,78
50082,Cimballa,16-64,2004,70
50082,Cimballa,16-64,2005,69
50082,Cimballa,16-64,2006,71
50082,Cimballa,16-64,2007,67
50082,Cimballa,16-64,2008,58
50082,Cimballa,16-64,2009,57
50082,Cimballa,16-64,2010,58
50082,Cimballa,16-64,2011,59
50082,Cimballa,16-64,2012,59
50082,Cimballa,16-64,2013,52
50082,Cimballa,16-64,2014,50
50082,Cimballa,16-64,2015,52
50082,Cimballa,16-64,2016,56
50082,Cimballa,16-64,2017,54
50082,Cimballa,16-64,2018,49
50082,Cimballa,16-64,2019,47
50082,Cimballa,16-64,2020,41
50082,Cimballa,16-64,2021,42
50082,Cimballa,16-64,2022,40
50082,Cimballa,65-100,2003,68
50082,Cimballa,65-100,2004,64
50082,Cimballa,65-100,2005,65
50082,Cimballa,65-100,2006,62
50082,Cimballa,65-100,2007,59
50082,Cimballa,65-100,2008,60
50082,Cimballa,65-100,2009,60
50082,Cimballa,65-100,2010,61
50082,Cimballa,65-100,2011,61
50082,Cimballa,65-100,2012,54
50082,Cimballa,65-100,2013,57
50082,Cimballa,65-100,2014,56
50082,Cimballa,65-100,2015,56
50082,Cimballa,65-100,2016,49
50082,Cimballa,65-100,2017,45
50082,Cimballa,65-100,2018,40
50082,Cimballa,65-100,2019,44
50082,Cimballa,65-100,2020,44
50082,Cimballa,65-100,2021,42
50082,Cimballa,65-100,2022,37
50083,Cinco Olivas,0-16,2003,11
50083,Cinco Olivas,0-16,2004,10
50083,Cinco Olivas,0-16,2005,9
50083,Cinco Olivas,0-16,2006,7
50083,Cinco Olivas,0-16,2007,7
50083,Cinco Olivas,0-16,2008,11
50083,Cinco Olivas,0-16,2009,9
50083,Cinco Olivas,0-16,2010,13
50083,Cinco Olivas,0-16,2011,13
50083,Cinco Olivas,0-16,2012,14
50083,Cinco Olivas,0-16,2013,9
50083,Cinco Olivas,0-16,2014,9
50083,Cinco Olivas,0-16,2015,13
50083,Cinco Olivas,0-16,2016,12
50083,Cinco Olivas,0-16,2017,14
50083,Cinco Olivas,0-16,2018,12
50083,Cinco Olivas,0-16,2019,9
50083,Cinco Olivas,0-16,2020,8
50083,Cinco Olivas,0-16,2021,9
50083,Cinco Olivas,0-16,2022,7
50083,Cinco Olivas,16-64,2003,63
50083,Cinco Olivas,16-64,2004,66
50083,Cinco Olivas,16-64,2005,63
50083,Cinco Olivas,16-64,2006,71
50083,Cinco Olivas,16-64,2007,67
50083,Cinco Olivas,16-64,2008,70
50083,Cinco Olivas,16-64,2009,71
50083,Cinco Olivas,16-64,2010,74
50083,Cinco Olivas,16-64,2011,81
50083,Cinco Olivas,16-64,2012,78
50083,Cinco Olivas,16-64,2013,73
50083,Cinco Olivas,16-64,2014,72
50083,Cinco Olivas,16-64,2015,71
50083,Cinco Olivas,16-64,2016,67
50083,Cinco Olivas,16-64,2017,72
50083,Cinco Olivas,16-64,2018,72
50083,Cinco Olivas,16-64,2019,68
50083,Cinco Olivas,16-64,2020,63
50083,Cinco Olivas,16-64,2021,66
50083,Cinco Olivas,16-64,2022,62
50083,Cinco Olivas,65-100,2003,49
50083,Cinco Olivas,65-100,2004,47
50083,Cinco Olivas,65-100,2005,43
50083,Cinco Olivas,65-100,2006,44
50083,Cinco Olivas,65-100,2007,42
50083,Cinco Olivas,65-100,2008,39
50083,Cinco Olivas,65-100,2009,38
50083,Cinco Olivas,65-100,2010,36
50083,Cinco Olivas,65-100,2011,31
50083,Cinco Olivas,65-100,2012,27
50083,Cinco Olivas,65-100,2013,27
50083,Cinco Olivas,65-100,2014,27
50083,Cinco Olivas,65-100,2015,29
50083,Cinco Olivas,65-100,2016,31
50083,Cinco Olivas,65-100,2017,28
50083,Cinco Olivas,65-100,2018,28
50083,Cinco Olivas,65-100,2019,29
50083,Cinco Olivas,65-100,2020,31
50083,Cinco Olivas,65-100,2021,30
50083,Cinco Olivas,65-100,2022,33
50084,Clarés de Ribota,0-16,2003,4
50084,Clarés de Ribota,0-16,2004,3
50084,Clarés de Ribota,0-16,2005,3
50084,Clarés de Ribota,0-16,2006,2
50084,Clarés de Ribota,0-16,2007,2
50084,Clarés de Ribota,0-16,2008,2
50084,Clarés de Ribota,0-16,2009,2
50084,Clarés de Ribota,0-16,2010,5
50084,Clarés de Ribota,0-16,2011,3
50084,Clarés de Ribota,0-16,2012,2
50084,Clarés de Ribota,0-16,2013,2
50084,Clarés de Ribota,0-16,2014,0
50084,Clarés de Ribota,0-16,2015,0
50084,Clarés de Ribota,0-16,2016,2
50084,Clarés de Ribota,0-16,2017,2
50084,Clarés de Ribota,0-16,2018,0
50084,Clarés de Ribota,0-16,2019,0
50084,Clarés de Ribota,0-16,2020,0
50084,Clarés de Ribota,0-16,2021,0
50084,Clarés de Ribota,0-16,2022,0
50084,Clarés de Ribota,16-64,2003,51
50084,Clarés de Ribota,16-64,2004,53
50084,Clarés de Ribota,16-64,2005,56
50084,Clarés de Ribota,16-64,2006,54
50084,Clarés de Ribota,16-64,2007,51
50084,Clarés de Ribota,16-64,2008,46
50084,Clarés de Ribota,16-64,2009,49
50084,Clarés de Ribota,16-64,2010,58
50084,Clarés de Ribota,16-64,2011,58
50084,Clarés de Ribota,16-64,2012,52
50084,Clarés de Ribota,16-64,2013,46
50084,Clarés de Ribota,16-64,2014,42
50084,Clarés de Ribota,16-64,2015,44
50084,Clarés de Ribota,16-64,2016,46
50084,Clarés de Ribota,16-64,2017,41
50084,Clarés de Ribota,16-64,2018,37
50084,Clarés de Ribota,16-64,2019,37
50084,Clarés de Ribota,16-64,2020,39
50084,Clarés de Ribota,16-64,2021,39
50084,Clarés de Ribota,16-64,2022,41
50084,Clarés de Ribota,65-100,2003,47
50084,Clarés de Ribota,65-100,2004,45
50084,Clarés de Ribota,65-100,2005,47
50084,Clarés de Ribota,65-100,2006,46
50084,Clarés de Ribota,65-100,2007,47
50084,Clarés de Ribota,65-100,2008,44
50084,Clarés de Ribota,65-100,2009,42
50084,Clarés de Ribota,65-100,2010,38
50084,Clarés de Ribota,65-100,2011,36
50084,Clarés de Ribota,65-100,2012,35
50084,Clarés de Ribota,65-100,2013,36
50084,Clarés de Ribota,65-100,2014,35
50084,Clarés de Ribota,65-100,2015,36
50084,Clarés de Ribota,65-100,2016,32
50084,Clarés de Ribota,65-100,2017,29
50084,Clarés de Ribota,65-100,2018,28
50084,Clarés de Ribota,65-100,2019,29
50084,Clarés de Ribota,65-100,2020,28
50084,Clarés de Ribota,65-100,2021,29
50084,Clarés de Ribota,65-100,2022,30
50085,Codo,0-16,2003,7
50085,Codo,0-16,2004,5
50085,Codo,0-16,2005,4
50085,Codo,0-16,2006,11
50085,Codo,0-16,2007,8
50085,Codo,0-16,2008,9
50085,Codo,0-16,2009,7
50085,Codo,0-16,2010,7
50085,Codo,0-16,2011,7
50085,Codo,0-16,2012,9
50085,Codo,0-16,2013,9
50085,Codo,0-16,2014,13
50085,Codo,0-16,2015,11
50085,Codo,0-16,2016,11
50085,Codo,0-16,2017,13
50085,Codo,0-16,2018,16
50085,Codo,0-16,2019,17
50085,Codo,0-16,2020,15
50085,Codo,0-16,2021,17
50085,Codo,0-16,2022,15
50085,Codo,16-64,2003,121
50085,Codo,16-64,2004,116
50085,Codo,16-64,2005,118
50085,Codo,16-64,2006,114
50085,Codo,16-64,2007,114
50085,Codo,16-64,2008,118
50085,Codo,16-64,2009,107
50085,Codo,16-64,2010,107
50085,Codo,16-64,2011,112
50085,Codo,16-64,2012,106
50085,Codo,16-64,2013,103
50085,Codo,16-64,2014,103
50085,Codo,16-64,2015,99
50085,Codo,16-64,2016,92
50085,Codo,16-64,2017,99
50085,Codo,16-64,2018,101
50085,Codo,16-64,2019,107
50085,Codo,16-64,2020,108
50085,Codo,16-64,2021,109
50085,Codo,16-64,2022,114
50085,Codo,65-100,2003,106
50085,Codo,65-100,2004,107
50085,Codo,65-100,2005,102
50085,Codo,65-100,2006,107
50085,Codo,65-100,2007,105
50085,Codo,65-100,2008,101
50085,Codo,65-100,2009,98
50085,Codo,65-100,2010,97
50085,Codo,65-100,2011,94
50085,Codo,65-100,2012,90
50085,Codo,65-100,2013,90
50085,Codo,65-100,2014,88
50085,Codo,65-100,2015,84
50085,Codo,65-100,2016,79
50085,Codo,65-100,2017,79
50085,Codo,65-100,2018,81
50085,Codo,65-100,2019,77
50085,Codo,65-100,2020,76
50085,Codo,65-100,2021,80
50085,Codo,65-100,2022,79
50086,Codos,0-16,2003,15
50086,Codos,0-16,2004,17
50086,Codos,0-16,2005,16
50086,Codos,0-16,2006,21
50086,Codos,0-16,2007,13
50086,Codos,0-16,2008,17
50086,Codos,0-16,2009,24
50086,Codos,0-16,2010,27
50086,Codos,0-16,2011,25
50086,Codos,0-16,2012,25
50086,Codos,0-16,2013,19
50086,Codos,0-16,2014,11
50086,Codos,0-16,2015,8
50086,Codos,0-16,2016,21
50086,Codos,0-16,2017,12
50086,Codos,0-16,2018,6
50086,Codos,0-16,2019,28
50086,Codos,0-16,2020,31
50086,Codos,0-16,2021,37
50086,Codos,0-16,2022,32
50086,Codos,16-64,2003,140
50086,Codos,16-64,2004,134
50086,Codos,16-64,2005,137
50086,Codos,16-64,2006,130
50086,Codos,16-64,2007,133
50086,Codos,16-64,2008,121
50086,Codos,16-64,2009,131
50086,Codos,16-64,2010,132
50086,Codos,16-64,2011,129
50086,Codos,16-64,2012,121
50086,Codos,16-64,2013,109
50086,Codos,16-64,2014,93
50086,Codos,16-64,2015,83
50086,Codos,16-64,2016,119
50086,Codos,16-64,2017,101
50086,Codos,16-64,2018,94
50086,Codos,16-64,2019,125
50086,Codos,16-64,2020,132
50086,Codos,16-64,2021,122
50086,Codos,16-64,2022,121
50086,Codos,65-100,2003,128
50086,Codos,65-100,2004,126
50086,Codos,65-100,2005,122
50086,Codos,65-100,2006,121
50086,Codos,65-100,2007,115
50086,Codos,65-100,2008,108
50086,Codos,65-100,2009,105
50086,Codos,65-100,2010,97
50086,Codos,65-100,2011,97
50086,Codos,65-100,2012,95
50086,Codos,65-100,2013,99
50086,Codos,65-100,2014,95
50086,Codos,65-100,2015,94
50086,Codos,65-100,2016,86
50086,Codos,65-100,2017,85
50086,Codos,65-100,2018,83
50086,Codos,65-100,2019,81
50086,Codos,65-100,2020,85
50086,Codos,65-100,2021,78
50086,Codos,65-100,2022,79
50087,Contamina,0-16,2003,0
50087,Contamina,0-16,2004,0
50087,Contamina,0-16,2005,0
50087,Contamina,0-16,2006,0
50087,Contamina,0-16,2007,0
50087,Contamina,0-16,2008,0
50087,Contamina,0-16,2009,0
50087,Contamina,0-16,2010,1
50087,Contamina,0-16,2011,1
50087,Contamina,0-16,2012,1
50087,Contamina,0-16,2013,1
50087,Contamina,0-16,2014,2
50087,Contamina,0-16,2015,2
50087,Contamina,0-16,2016,2
50087,Contamina,0-16,2017,3
50087,Contamina,0-16,2018,3
50087,Contamina,0-16,2019,2
50087,Contamina,0-16,2020,2
50087,Contamina,0-16,2021,2
50087,Contamina,0-16,2022,2
50087,Contamina,16-64,2003,30
50087,Contamina,16-64,2004,30
50087,Contamina,16-64,2005,29
50087,Contamina,16-64,2006,26
50087,Contamina,16-64,2007,31
50087,Contamina,16-64,2008,24
50087,Contamina,16-64,2009,23
50087,Contamina,16-64,2010,24
50087,Contamina,16-64,2011,23
50087,Contamina,16-64,2012,22
50087,Contamina,16-64,2013,18
50087,Contamina,16-64,2014,18
50087,Contamina,16-64,2015,16
50087,Contamina,16-64,2016,16
50087,Contamina,16-64,2017,16
50087,Contamina,16-64,2018,18
50087,Contamina,16-64,2019,19
50087,Contamina,16-64,2020,14
50087,Contamina,16-64,2021,13
50087,Contamina,16-64,2022,12
50087,Contamina,65-100,2003,24
50087,Contamina,65-100,2004,20
50087,Contamina,65-100,2005,17
50087,Contamina,65-100,2006,17
50087,Contamina,65-100,2007,19
50087,Contamina,65-100,2008,18
50087,Contamina,65-100,2009,15
50087,Contamina,65-100,2010,13
50087,Contamina,65-100,2011,15
50087,Contamina,65-100,2012,16
50087,Contamina,65-100,2013,18
50087,Contamina,65-100,2014,19
50087,Contamina,65-100,2015,18
50087,Contamina,65-100,2016,17
50087,Contamina,65-100,2017,16
50087,Contamina,65-100,2018,16
50087,Contamina,65-100,2019,16
50087,Contamina,65-100,2020,16
50087,Contamina,65-100,2021,18
50087,Contamina,65-100,2022,17
50088,Cosuenda,0-16,2003,16
50088,Cosuenda,0-16,2004,20
50088,Cosuenda,0-16,2005,19
50088,Cosuenda,0-16,2006,22
50088,Cosuenda,0-16,2007,29
50088,Cosuenda,0-16,2008,25
50088,Cosuenda,0-16,2009,22
50088,Cosuenda,0-16,2010,28
50088,Cosuenda,0-16,2011,29
50088,Cosuenda,0-16,2012,30
50088,Cosuenda,0-16,2013,29
50088,Cosuenda,0-16,2014,30
50088,Cosuenda,0-16,2015,34
50088,Cosuenda,0-16,2016,40
50088,Cosuenda,0-16,2017,41
50088,Cosuenda,0-16,2018,38
50088,Cosuenda,0-16,2019,39
50088,Cosuenda,0-16,2020,35
50088,Cosuenda,0-16,2021,38
50088,Cosuenda,0-16,2022,37
50088,Cosuenda,16-64,2003,235
50088,Cosuenda,16-64,2004,235
50088,Cosuenda,16-64,2005,229
50088,Cosuenda,16-64,2006,223
50088,Cosuenda,16-64,2007,226
50088,Cosuenda,16-64,2008,235
50088,Cosuenda,16-64,2009,241
50088,Cosuenda,16-64,2010,240
50088,Cosuenda,16-64,2011,257
50088,Cosuenda,16-64,2012,247
50088,Cosuenda,16-64,2013,238
50088,Cosuenda,16-64,2014,230
50088,Cosuenda,16-64,2015,244
50088,Cosuenda,16-64,2016,231
50088,Cosuenda,16-64,2017,214
50088,Cosuenda,16-64,2018,204
50088,Cosuenda,16-64,2019,206
50088,Cosuenda,16-64,2020,186
50088,Cosuenda,16-64,2021,184
50088,Cosuenda,16-64,2022,183
50088,Cosuenda,65-100,2003,145
50088,Cosuenda,65-100,2004,137
50088,Cosuenda,65-100,2005,132
50088,Cosuenda,65-100,2006,132
50088,Cosuenda,65-100,2007,129
50088,Cosuenda,65-100,2008,131
50088,Cosuenda,65-100,2009,129
50088,Cosuenda,65-100,2010,121
50088,Cosuenda,65-100,2011,127
50088,Cosuenda,65-100,2012,121
50088,Cosuenda,65-100,2013,123
50088,Cosuenda,65-100,2014,117
50088,Cosuenda,65-100,2015,118
50088,Cosuenda,65-100,2016,113
50088,Cosuenda,65-100,2017,117
50088,Cosuenda,65-100,2018,125
50088,Cosuenda,65-100,2019,119
50088,Cosuenda,65-100,2020,116
50088,Cosuenda,65-100,2021,113
50088,Cosuenda,65-100,2022,106
50089,Cuarte de Huerva,0-16,2003,392
50089,Cuarte de Huerva,0-16,2004,476
50089,Cuarte de Huerva,0-16,2005,606
50089,Cuarte de Huerva,0-16,2006,750
50089,Cuarte de Huerva,0-16,2007,957
50089,Cuarte de Huerva,0-16,2008,1265
50089,Cuarte de Huerva,0-16,2009,1577
50089,Cuarte de Huerva,0-16,2010,1842
50089,Cuarte de Huerva,0-16,2011,2140
50089,Cuarte de Huerva,0-16,2012,2438
50089,Cuarte de Huerva,0-16,2013,2625
50089,Cuarte de Huerva,0-16,2014,2811
50089,Cuarte de Huerva,0-16,2015,3069
50089,Cuarte de Huerva,0-16,2016,3234
50089,Cuarte de Huerva,0-16,2017,3350
50089,Cuarte de Huerva,0-16,2018,3432
50089,Cuarte de Huerva,0-16,2019,3510
50089,Cuarte de Huerva,0-16,2020,3492
50089,Cuarte de Huerva,0-16,2021,3516
50089,Cuarte de Huerva,0-16,2022,3559
50089,Cuarte de Huerva,16-64,2003,1646
50089,Cuarte de Huerva,16-64,2004,1892
50089,Cuarte de Huerva,16-64,2005,2242
50089,Cuarte de Huerva,16-64,2006,2842
50089,Cuarte de Huerva,16-64,2007,3510
50089,Cuarte de Huerva,16-64,2008,4838
50089,Cuarte de Huerva,16-64,2009,5779
50089,Cuarte de Huerva,16-64,2010,6458
50089,Cuarte de Huerva,16-64,2011,7031
50089,Cuarte de Huerva,16-64,2012,7532
50089,Cuarte de Huerva,16-64,2013,7947
50089,Cuarte de Huerva,16-64,2014,8261
50089,Cuarte de Huerva,16-64,2015,8503
50089,Cuarte de Huerva,16-64,2016,8734
50089,Cuarte de Huerva,16-64,2017,8844
50089,Cuarte de Huerva,16-64,2018,8915
50089,Cuarte de Huerva,16-64,2019,9037
50089,Cuarte de Huerva,16-64,2020,9139
50089,Cuarte de Huerva,16-64,2021,9380
50089,Cuarte de Huerva,16-64,2022,9658
50089,Cuarte de Huerva,65-100,2003,211
50089,Cuarte de Huerva,65-100,2004,214
50089,Cuarte de Huerva,65-100,2005,230
50089,Cuarte de Huerva,65-100,2006,245
50089,Cuarte de Huerva,65-100,2007,259
50089,Cuarte de Huerva,65-100,2008,301
50089,Cuarte de Huerva,65-100,2009,331
50089,Cuarte de Huerva,65-100,2010,358
50089,Cuarte de Huerva,65-100,2011,393
50089,Cuarte de Huerva,65-100,2012,424
50089,Cuarte de Huerva,65-100,2013,471
50089,Cuarte de Huerva,65-100,2014,517
50089,Cuarte de Huerva,65-100,2015,569
50089,Cuarte de Huerva,65-100,2016,613
50089,Cuarte de Huerva,65-100,2017,668
50089,Cuarte de Huerva,65-100,2018,708
50089,Cuarte de Huerva,65-100,2019,756
50089,Cuarte de Huerva,65-100,2020,819
50089,Cuarte de Huerva,65-100,2021,877
50089,Cuarte de Huerva,65-100,2022,952
50090,Cubel,0-16,2003,14
50090,Cubel,0-16,2004,14
50090,Cubel,0-16,2005,20
50090,Cubel,0-16,2006,16
50090,Cubel,0-16,2007,17
50090,Cubel,0-16,2008,19
50090,Cubel,0-16,2009,19
50090,Cubel,0-16,2010,19
50090,Cubel,0-16,2011,19
50090,Cubel,0-16,2012,18
50090,Cubel,0-16,2013,20
50090,Cubel,0-16,2014,17
50090,Cubel,0-16,2015,20
50090,Cubel,0-16,2016,18
50090,Cubel,0-16,2017,21
50090,Cubel,0-16,2018,18
50090,Cubel,0-16,2019,15
50090,Cubel,0-16,2020,15
50090,Cubel,0-16,2021,14
50090,Cubel,0-16,2022,19
50090,Cubel,16-64,2003,123
50090,Cubel,16-64,2004,117
50090,Cubel,16-64,2005,126
50090,Cubel,16-64,2006,123
50090,Cubel,16-64,2007,118
50090,Cubel,16-64,2008,118
50090,Cubel,16-64,2009,109
50090,Cubel,16-64,2010,102
50090,Cubel,16-64,2011,99
50090,Cubel,16-64,2012,91
50090,Cubel,16-64,2013,89
50090,Cubel,16-64,2014,91
50090,Cubel,16-64,2015,93
50090,Cubel,16-64,2016,86
50090,Cubel,16-64,2017,82
50090,Cubel,16-64,2018,86
50090,Cubel,16-64,2019,80
50090,Cubel,16-64,2020,84
50090,Cubel,16-64,2021,77
50090,Cubel,16-64,2022,78
50090,Cubel,65-100,2003,70
50090,Cubel,65-100,2004,67
50090,Cubel,65-100,2005,69
50090,Cubel,65-100,2006,70
50090,Cubel,65-100,2007,68
50090,Cubel,65-100,2008,74
50090,Cubel,65-100,2009,72
50090,Cubel,65-100,2010,71
50090,Cubel,65-100,2011,76
50090,Cubel,65-100,2012,78
50090,Cubel,65-100,2013,79
50090,Cubel,65-100,2014,76
50090,Cubel,65-100,2015,76
50090,Cubel,65-100,2016,71
50090,Cubel,65-100,2017,72
50090,Cubel,65-100,2018,64
50090,Cubel,65-100,2019,60
50090,Cubel,65-100,2020,56
50090,Cubel,65-100,2021,55
50090,Cubel,65-100,2022,56
50091,Las Cuerlas,0-16,2003,4
50091,Las Cuerlas,0-16,2004,4
50091,Las Cuerlas,0-16,2005,3
50091,Las Cuerlas,0-16,2006,2
50091,Las Cuerlas,0-16,2007,2
50091,Las Cuerlas,0-16,2008,2
50091,Las Cuerlas,0-16,2009,1
50091,Las Cuerlas,0-16,2010,1
50091,Las Cuerlas,0-16,2011,1
50091,Las Cuerlas,0-16,2012,1
50091,Las Cuerlas,0-16,2013,1
50091,Las Cuerlas,0-16,2014,1
50091,Las Cuerlas,0-16,2015,1
50091,Las Cuerlas,0-16,2016,1
50091,Las Cuerlas,0-16,2017,1
50091,Las Cuerlas,0-16,2018,1
50091,Las Cuerlas,0-16,2019,0
50091,Las Cuerlas,0-16,2020,0
50091,Las Cuerlas,0-16,2021,0
50091,Las Cuerlas,0-16,2022,0
50091,Las Cuerlas,16-64,2003,34
50091,Las Cuerlas,16-64,2004,33
50091,Las Cuerlas,16-64,2005,32
50091,Las Cuerlas,16-64,2006,29
50091,Las Cuerlas,16-64,2007,28
50091,Las Cuerlas,16-64,2008,26
50091,Las Cuerlas,16-64,2009,26
50091,Las Cuerlas,16-64,2010,27
50091,Las Cuerlas,16-64,2011,26
50091,Las Cuerlas,16-64,2012,26
50091,Las Cuerlas,16-64,2013,23
50091,Las Cuerlas,16-64,2014,22
50091,Las Cuerlas,16-64,2015,19
50091,Las Cuerlas,16-64,2016,18
50091,Las Cuerlas,16-64,2017,20
50091,Las Cuerlas,16-64,2018,20
50091,Las Cuerlas,16-64,2019,20
50091,Las Cuerlas,16-64,2020,21
50091,Las Cuerlas,16-64,2021,22
50091,Las Cuerlas,16-64,2022,24
50091,Las Cuerlas,65-100,2003,62
50091,Las Cuerlas,65-100,2004,58
50091,Las Cuerlas,65-100,2005,57
50091,Las Cuerlas,65-100,2006,54
50091,Las Cuerlas,65-100,2007,45
50091,Las Cuerlas,65-100,2008,41
50091,Las Cuerlas,65-100,2009,41
50091,Las Cuerlas,65-100,2010,38
50091,Las Cuerlas,65-100,2011,35
50091,Las Cuerlas,65-100,2012,28
50091,Las Cuerlas,65-100,2013,28
50091,Las Cuerlas,65-100,2014,28
50091,Las Cuerlas,65-100,2015,30
50091,Las Cuerlas,65-100,2016,25
50091,Las Cuerlas,65-100,2017,23
50091,Las Cuerlas,65-100,2018,18
50091,Las Cuerlas,65-100,2019,21
50091,Las Cuerlas,65-100,2020,20
50091,Las Cuerlas,65-100,2021,20
50091,Las Cuerlas,65-100,2022,15
50094,Daroca,0-16,2003,259
50094,Daroca,0-16,2004,261
50094,Daroca,0-16,2005,277
50094,Daroca,0-16,2006,292
50094,Daroca,0-16,2007,274
50094,Daroca,0-16,2008,281
50094,Daroca,0-16,2009,285
50094,Daroca,0-16,2010,283
50094,Daroca,0-16,2011,293
50094,Daroca,0-16,2012,284
50094,Daroca,0-16,2013,284
50094,Daroca,0-16,2014,270
50094,Daroca,0-16,2015,262
50094,Daroca,0-16,2016,249
50094,Daroca,0-16,2017,252
50094,Daroca,0-16,2018,251
50094,Daroca,0-16,2019,251
50094,Daroca,0-16,2020,253
50094,Daroca,0-16,2021,241
50094,Daroca,0-16,2022,228
50094,Daroca,16-64,2003,1191
50094,Daroca,16-64,2004,1243
50094,Daroca,16-64,2005,1282
50094,Daroca,16-64,2006,1352
50094,Daroca,16-64,2007,1313
50094,Daroca,16-64,2008,1367
50094,Daroca,16-64,2009,1367
50094,Daroca,16-64,2010,1361
50094,Daroca,16-64,2011,1375
50094,Daroca,16-64,2012,1358
50094,Daroca,16-64,2013,1353
50094,Daroca,16-64,2014,1323
50094,Daroca,16-64,2015,1264
50094,Daroca,16-64,2016,1260
50094,Daroca,16-64,2017,1221
50094,Daroca,16-64,2018,1176
50094,Daroca,16-64,2019,1165
50094,Daroca,16-64,2020,1162
50094,Daroca,16-64,2021,1156
50094,Daroca,16-64,2022,1173
50094,Daroca,65-100,2003,649
50094,Daroca,65-100,2004,651
50094,Daroca,65-100,2005,667
50094,Daroca,65-100,2006,682
50094,Daroca,65-100,2007,687
50094,Daroca,65-100,2008,697
50094,Daroca,65-100,2009,679
50094,Daroca,65-100,2010,656
50094,Daroca,65-100,2011,645
50094,Daroca,65-100,2012,646
50094,Daroca,65-100,2013,618
50094,Daroca,65-100,2014,600
50094,Daroca,65-100,2015,587
50094,Daroca,65-100,2016,578
50094,Daroca,65-100,2017,571
50094,Daroca,65-100,2018,569
50094,Daroca,65-100,2019,567
50094,Daroca,65-100,2020,550
50094,Daroca,65-100,2021,517
50094,Daroca,65-100,2022,520
50095,Ejea de los Caballeros,0-16,2003,2351
50095,Ejea de los Caballeros,0-16,2004,2384
50095,Ejea de los Caballeros,0-16,2005,2431
50095,Ejea de los Caballeros,0-16,2006,2431
50095,Ejea de los Caballeros,0-16,2007,2465
50095,Ejea de los Caballeros,0-16,2008,2456
50095,Ejea de los Caballeros,0-16,2009,2556
50095,Ejea de los Caballeros,0-16,2010,2569
50095,Ejea de los Caballeros,0-16,2011,2575
50095,Ejea de los Caballeros,0-16,2012,2570
50095,Ejea de los Caballeros,0-16,2013,2558
50095,Ejea de los Caballeros,0-16,2014,2491
50095,Ejea de los Caballeros,0-16,2015,2467
50095,Ejea de los Caballeros,0-16,2016,2413
50095,Ejea de los Caballeros,0-16,2017,2443
50095,Ejea de los Caballeros,0-16,2018,2436
50095,Ejea de los Caballeros,0-16,2019,2473
50095,Ejea de los Caballeros,0-16,2020,2456
50095,Ejea de los Caballeros,0-16,2021,2465
50095,Ejea de los Caballeros,0-16,2022,2442
50095,Ejea de los Caballeros,16-64,2003,10863
50095,Ejea de los Caballeros,16-64,2004,11161
50095,Ejea de los Caballeros,16-64,2005,11454
50095,Ejea de los Caballeros,16-64,2006,11307
50095,Ejea de los Caballeros,16-64,2007,11451
50095,Ejea de los Caballeros,16-64,2008,11647
50095,Ejea de los Caballeros,16-64,2009,11688
50095,Ejea de los Caballeros,16-64,2010,11670
50095,Ejea de los Caballeros,16-64,2011,11626
50095,Ejea de los Caballeros,16-64,2012,11514
50095,Ejea de los Caballeros,16-64,2013,11496
50095,Ejea de los Caballeros,16-64,2014,11244
50095,Ejea de los Caballeros,16-64,2015,11143
50095,Ejea de los Caballeros,16-64,2016,10973
50095,Ejea de los Caballeros,16-64,2017,10986
50095,Ejea de los Caballeros,16-64,2018,10965
50095,Ejea de los Caballeros,16-64,2019,11048
50095,Ejea de los Caballeros,16-64,2020,11188
50095,Ejea de los Caballeros,16-64,2021,11205
50095,Ejea de los Caballeros,16-64,2022,11273
50095,Ejea de los Caballeros,65-100,2003,3035
50095,Ejea de los Caballeros,65-100,2004,3053
50095,Ejea de los Caballeros,65-100,2005,3056
50095,Ejea de los Caballeros,65-100,2006,3047
50095,Ejea de los Caballeros,65-100,2007,3019
50095,Ejea de los Caballeros,65-100,2008,3075
50095,Ejea de los Caballeros,65-100,2009,3087
50095,Ejea de los Caballeros,65-100,2010,3105
50095,Ejea de los Caballeros,65-100,2011,3105
50095,Ejea de los Caballeros,65-100,2012,3096
50095,Ejea de los Caballeros,65-100,2013,3085
50095,Ejea de los Caballeros,65-100,2014,3135
50095,Ejea de los Caballeros,65-100,2015,3144
50095,Ejea de los Caballeros,65-100,2016,3155
50095,Ejea de los Caballeros,65-100,2017,3167
50095,Ejea de los Caballeros,65-100,2018,3204
50095,Ejea de los Caballeros,65-100,2019,3262
50095,Ejea de los Caballeros,65-100,2020,3340
50095,Ejea de los Caballeros,65-100,2021,3366
50095,Ejea de los Caballeros,65-100,2022,3409
50096,Embid de Ariza,0-16,2003,4
50096,Embid de Ariza,0-16,2004,5
50096,Embid de Ariza,0-16,2005,2
50096,Embid de Ariza,0-16,2006,2
50096,Embid de Ariza,0-16,2007,2
50096,Embid de Ariza,0-16,2008,2
50096,Embid de Ariza,0-16,2009,1
50096,Embid de Ariza,0-16,2010,0
50096,Embid de Ariza,0-16,2011,1
50096,Embid de Ariza,0-16,2012,1
50096,Embid de Ariza,0-16,2013,1
50096,Embid de Ariza,0-16,2014,1
50096,Embid de Ariza,0-16,2015,1
50096,Embid de Ariza,0-16,2016,1
50096,Embid de Ariza,0-16,2017,1
50096,Embid de Ariza,0-16,2018,1
50096,Embid de Ariza,0-16,2019,1
50096,Embid de Ariza,0-16,2020,1
50096,Embid de Ariza,0-16,2021,1
50096,Embid de Ariza,0-16,2022,1
50096,Embid de Ariza,16-64,2003,60
50096,Embid de Ariza,16-64,2004,39
50096,Embid de Ariza,16-64,2005,29
50096,Embid de Ariza,16-64,2006,26
50096,Embid de Ariza,16-64,2007,26
50096,Embid de Ariza,16-64,2008,26
50096,Embid de Ariza,16-64,2009,25
50096,Embid de Ariza,16-64,2010,27
50096,Embid de Ariza,16-64,2011,27
50096,Embid de Ariza,16-64,2012,27
50096,Embid de Ariza,16-64,2013,24
50096,Embid de Ariza,16-64,2014,22
50096,Embid de Ariza,16-64,2015,21
50096,Embid de Ariza,16-64,2016,19
50096,Embid de Ariza,16-64,2017,18
50096,Embid de Ariza,16-64,2018,18
50096,Embid de Ariza,16-64,2019,20
50096,Embid de Ariza,16-64,2020,19
50096,Embid de Ariza,16-64,2021,17
50096,Embid de Ariza,16-64,2022,16
50096,Embid de Ariza,65-100,2003,39
50096,Embid de Ariza,65-100,2004,40
50096,Embid de Ariza,65-100,2005,40
50096,Embid de Ariza,65-100,2006,38
50096,Embid de Ariza,65-100,2007,34
50096,Embid de Ariza,65-100,2008,32
50096,Embid de Ariza,65-100,2009,30
50096,Embid de Ariza,65-100,2010,29
50096,Embid de Ariza,65-100,2011,25
50096,Embid de Ariza,65-100,2012,24
50096,Embid de Ariza,65-100,2013,26
50096,Embid de Ariza,65-100,2014,26
50096,Embid de Ariza,65-100,2015,25
50096,Embid de Ariza,65-100,2016,21
50096,Embid de Ariza,65-100,2017,20
50096,Embid de Ariza,65-100,2018,17
50096,Embid de Ariza,65-100,2019,16
50096,Embid de Ariza,65-100,2020,15
50096,Embid de Ariza,65-100,2021,14
50096,Embid de Ariza,65-100,2022,14
50098,Encinacorba,0-16,2003,35
50098,Encinacorba,0-16,2004,33
50098,Encinacorba,0-16,2005,35
50098,Encinacorba,0-16,2006,38
50098,Encinacorba,0-16,2007,33
50098,Encinacorba,0-16,2008,33
50098,Encinacorba,0-16,2009,26
50098,Encinacorba,0-16,2010,19
50098,Encinacorba,0-16,2011,20
50098,Encinacorba,0-16,2012,16
50098,Encinacorba,0-16,2013,15
50098,Encinacorba,0-16,2014,12
50098,Encinacorba,0-16,2015,13
50098,Encinacorba,0-16,2016,7
50098,Encinacorba,0-16,2017,6
50098,Encinacorba,0-16,2018,5
50098,Encinacorba,0-16,2019,5
50098,Encinacorba,0-16,2020,7
50098,Encinacorba,0-16,2021,9
50098,Encinacorba,0-16,2022,9
50098,Encinacorba,16-64,2003,152
50098,Encinacorba,16-64,2004,149
50098,Encinacorba,16-64,2005,147
50098,Encinacorba,16-64,2006,131
50098,Encinacorba,16-64,2007,130
50098,Encinacorba,16-64,2008,136
50098,Encinacorba,16-64,2009,133
50098,Encinacorba,16-64,2010,129
50098,Encinacorba,16-64,2011,128
50098,Encinacorba,16-64,2012,120
50098,Encinacorba,16-64,2013,124
50098,Encinacorba,16-64,2014,126
50098,Encinacorba,16-64,2015,122
50098,Encinacorba,16-64,2016,114
50098,Encinacorba,16-64,2017,108
50098,Encinacorba,16-64,2018,108
50098,Encinacorba,16-64,2019,102
50098,Encinacorba,16-64,2020,105
50098,Encinacorba,16-64,2021,109
50098,Encinacorba,16-64,2022,108
50098,Encinacorba,65-100,2003,124
50098,Encinacorba,65-100,2004,112
50098,Encinacorba,65-100,2005,111
50098,Encinacorba,65-100,2006,110
50098,Encinacorba,65-100,2007,108
50098,Encinacorba,65-100,2008,102
50098,Encinacorba,65-100,2009,105
50098,Encinacorba,65-100,2010,104
50098,Encinacorba,65-100,2011,105
50098,Encinacorba,65-100,2012,103
50098,Encinacorba,65-100,2013,99
50098,Encinacorba,65-100,2014,97
50098,Encinacorba,65-100,2015,87
50098,Encinacorba,65-100,2016,84
50098,Encinacorba,65-100,2017,84
50098,Encinacorba,65-100,2018,76
50098,Encinacorba,65-100,2019,71
50098,Encinacorba,65-100,2020,66
50098,Encinacorba,65-100,2021,68
50098,Encinacorba,65-100,2022,68
50099,Épila,0-16,2003,616
50099,Épila,0-16,2004,594
50099,Épila,0-16,2005,609
50099,Épila,0-16,2006,613
50099,Épila,0-16,2007,609
50099,Épila,0-16,2008,784
50099,Épila,0-16,2009,771
50099,Épila,0-16,2010,812
50099,Épila,0-16,2011,805
50099,Épila,0-16,2012,814
50099,Épila,0-16,2013,813
50099,Épila,0-16,2014,791
50099,Épila,0-16,2015,779
50099,Épila,0-16,2016,765
50099,Épila,0-16,2017,773
50099,Épila,0-16,2018,787
50099,Épila,0-16,2019,768
50099,Épila,0-16,2020,755
50099,Épila,0-16,2021,771
50099,Épila,0-16,2022,779
50099,Épila,16-64,2003,2560
50099,Épila,16-64,2004,2619
50099,Épila,16-64,2005,2706
50099,Épila,16-64,2006,2697
50099,Épila,16-64,2007,2784
50099,Épila,16-64,2008,3039
50099,Épila,16-64,2009,3073
50099,Épila,16-64,2010,3088
50099,Épila,16-64,2011,3049
50099,Épila,16-64,2012,3064
50099,Épila,16-64,2013,3037
50099,Épila,16-64,2014,2926
50099,Épila,16-64,2015,2888
50099,Épila,16-64,2016,2820
50099,Épila,16-64,2017,2788
50099,Épila,16-64,2018,2764
50099,Épila,16-64,2019,2775
50099,Épila,16-64,2020,2772
50099,Épila,16-64,2021,2760
50099,Épila,16-64,2022,2811
50099,Épila,65-100,2003,874
50099,Épila,65-100,2004,876
50099,Épila,65-100,2005,849
50099,Épila,65-100,2006,874
50099,Épila,65-100,2007,858
50099,Épila,65-100,2008,859
50099,Épila,65-100,2009,847
50099,Épila,65-100,2010,865
50099,Épila,65-100,2011,866
50099,Épila,65-100,2012,868
50099,Épila,65-100,2013,884
50099,Épila,65-100,2014,876
50099,Épila,65-100,2015,878
50099,Épila,65-100,2016,867
50099,Épila,65-100,2017,852
50099,Épila,65-100,2018,851
50099,Épila,65-100,2019,843
50099,Épila,65-100,2020,845
50099,Épila,65-100,2021,837
50099,Épila,65-100,2022,857
50100,Erla,0-16,2003,36
50100,Erla,0-16,2004,33
50100,Erla,0-16,2005,33
50100,Erla,0-16,2006,33
50100,Erla,0-16,2007,31
50100,Erla,0-16,2008,37
50100,Erla,0-16,2009,37
50100,Erla,0-16,2010,40
50100,Erla,0-16,2011,37
50100,Erla,0-16,2012,33
50100,Erla,0-16,2013,34
50100,Erla,0-16,2014,27
50100,Erla,0-16,2015,32
50100,Erla,0-16,2016,30
50100,Erla,0-16,2017,29
50100,Erla,0-16,2018,30
50100,Erla,0-16,2019,28
50100,Erla,0-16,2020,30
50100,Erla,0-16,2021,33
50100,Erla,0-16,2022,35
50100,Erla,16-64,2003,271
50100,Erla,16-64,2004,268
50100,Erla,16-64,2005,264
50100,Erla,16-64,2006,272
50100,Erla,16-64,2007,277
50100,Erla,16-64,2008,267
50100,Erla,16-64,2009,253
50100,Erla,16-64,2010,252
50100,Erla,16-64,2011,245
50100,Erla,16-64,2012,236
50100,Erla,16-64,2013,228
50100,Erla,16-64,2014,217
50100,Erla,16-64,2015,212
50100,Erla,16-64,2016,203
50100,Erla,16-64,2017,197
50100,Erla,16-64,2018,193
50100,Erla,16-64,2019,191
50100,Erla,16-64,2020,190
50100,Erla,16-64,2021,195
50100,Erla,16-64,2022,204
50100,Erla,65-100,2003,138
50100,Erla,65-100,2004,137
50100,Erla,65-100,2005,132
50100,Erla,65-100,2006,129
50100,Erla,65-100,2007,126
50100,Erla,65-100,2008,122
50100,Erla,65-100,2009,130
50100,Erla,65-100,2010,129
50100,Erla,65-100,2011,124
50100,Erla,65-100,2012,131
50100,Erla,65-100,2013,131
50100,Erla,65-100,2014,131
50100,Erla,65-100,2015,127
50100,Erla,65-100,2016,131
50100,Erla,65-100,2017,128
50100,Erla,65-100,2018,122
50100,Erla,65-100,2019,123
50100,Erla,65-100,2020,121
50100,Erla,65-100,2021,128
50100,Erla,65-100,2022,121
50101,Escatrón,0-16,2003,149
50101,Escatrón,0-16,2004,139
50101,Escatrón,0-16,2005,133
50101,Escatrón,0-16,2006,129
50101,Escatrón,0-16,2007,134
50101,Escatrón,0-16,2008,124
50101,Escatrón,0-16,2009,119
50101,Escatrón,0-16,2010,111
50101,Escatrón,0-16,2011,113
50101,Escatrón,0-16,2012,116
50101,Escatrón,0-16,2013,107
50101,Escatrón,0-16,2014,121
50101,Escatrón,0-16,2015,118
50101,Escatrón,0-16,2016,117
50101,Escatrón,0-16,2017,121
50101,Escatrón,0-16,2018,107
50101,Escatrón,0-16,2019,117
50101,Escatrón,0-16,2020,130
50101,Escatrón,0-16,2021,138
50101,Escatrón,0-16,2022,144
50101,Escatrón,16-64,2003,642
50101,Escatrón,16-64,2004,640
50101,Escatrón,16-64,2005,656
50101,Escatrón,16-64,2006,660
50101,Escatrón,16-64,2007,680
50101,Escatrón,16-64,2008,694
50101,Escatrón,16-64,2009,723
50101,Escatrón,16-64,2010,707
50101,Escatrón,16-64,2011,692
50101,Escatrón,16-64,2012,710
50101,Escatrón,16-64,2013,694
50101,Escatrón,16-64,2014,696
50101,Escatrón,16-64,2015,674
50101,Escatrón,16-64,2016,665
50101,Escatrón,16-64,2017,645
50101,Escatrón,16-64,2018,643
50101,Escatrón,16-64,2019,650
50101,Escatrón,16-64,2020,652
50101,Escatrón,16-64,2021,685
50101,Escatrón,16-64,2022,710
50101,Escatrón,65-100,2003,398
50101,Escatrón,65-100,2004,381
50101,Escatrón,65-100,2005,371
50101,Escatrón,65-100,2006,366
50101,Escatrón,65-100,2007,347
50101,Escatrón,65-100,2008,336
50101,Escatrón,65-100,2009,321
50101,Escatrón,65-100,2010,314
50101,Escatrón,65-100,2011,316
50101,Escatrón,65-100,2012,307
50101,Escatrón,65-100,2013,303
50101,Escatrón,65-100,2014,296
50101,Escatrón,65-100,2015,292
50101,Escatrón,65-100,2016,287
50101,Escatrón,65-100,2017,280
50101,Escatrón,65-100,2018,276
50101,Escatrón,65-100,2019,284
50101,Escatrón,65-100,2020,285
50101,Escatrón,65-100,2021,297
50101,Escatrón,65-100,2022,302
50102,Fabara,0-16,2003,108
50102,Fabara,0-16,2004,119
50102,Fabara,0-16,2005,112
50102,Fabara,0-16,2006,127
50102,Fabara,0-16,2007,124
50102,Fabara,0-16,2008,127
50102,Fabara,0-16,2009,126
50102,Fabara,0-16,2010,135
50102,Fabara,0-16,2011,138
50102,Fabara,0-16,2012,140
50102,Fabara,0-16,2013,152
50102,Fabara,0-16,2014,148
50102,Fabara,0-16,2015,158
50102,Fabara,0-16,2016,139
50102,Fabara,0-16,2017,133
50102,Fabara,0-16,2018,128
50102,Fabara,0-16,2019,125
50102,Fabara,0-16,2020,122
50102,Fabara,0-16,2021,112
50102,Fabara,0-16,2022,117
50102,Fabara,16-64,2003,707
50102,Fabara,16-64,2004,693
50102,Fabara,16-64,2005,691
50102,Fabara,16-64,2006,734
50102,Fabara,16-64,2007,741
50102,Fabara,16-64,2008,724
50102,Fabara,16-64,2009,725
50102,Fabara,16-64,2010,751
50102,Fabara,16-64,2011,755
50102,Fabara,16-64,2012,764
50102,Fabara,16-64,2013,775
50102,Fabara,16-64,2014,729
50102,Fabara,16-64,2015,714
50102,Fabara,16-64,2016,696
50102,Fabara,16-64,2017,696
50102,Fabara,16-64,2018,686
50102,Fabara,16-64,2019,671
50102,Fabara,16-64,2020,653
50102,Fabara,16-64,2021,652
50102,Fabara,16-64,2022,650
50102,Fabara,65-100,2003,383
50102,Fabara,65-100,2004,383
50102,Fabara,65-100,2005,370
50102,Fabara,65-100,2006,360
50102,Fabara,65-100,2007,365
50102,Fabara,65-100,2008,377
50102,Fabara,65-100,2009,374
50102,Fabara,65-100,2010,369
50102,Fabara,65-100,2011,370
50102,Fabara,65-100,2012,351
50102,Fabara,65-100,2013,349
50102,Fabara,65-100,2014,354
50102,Fabara,65-100,2015,355
50102,Fabara,65-100,2016,349
50102,Fabara,65-100,2017,343
50102,Fabara,65-100,2018,338
50102,Fabara,65-100,2019,329
50102,Fabara,65-100,2020,334
50102,Fabara,65-100,2021,332
50102,Fabara,65-100,2022,321
50104,Farlete,0-16,2003,38
50104,Farlete,0-16,2004,35
50104,Farlete,0-16,2005,33
50104,Farlete,0-16,2006,38
50104,Farlete,0-16,2007,38
50104,Farlete,0-16,2008,41
50104,Farlete,0-16,2009,40
50104,Farlete,0-16,2010,38
50104,Farlete,0-16,2011,34
50104,Farlete,0-16,2012,33
50104,Farlete,0-16,2013,31
50104,Farlete,0-16,2014,33
50104,Farlete,0-16,2015,39
50104,Farlete,0-16,2016,36
50104,Farlete,0-16,2017,36
50104,Farlete,0-16,2018,37
50104,Farlete,0-16,2019,37
50104,Farlete,0-16,2020,28
50104,Farlete,0-16,2021,25
50104,Farlete,0-16,2022,23
50104,Farlete,16-64,2003,285
50104,Farlete,16-64,2004,286
50104,Farlete,16-64,2005,291
50104,Farlete,16-64,2006,281
50104,Farlete,16-64,2007,272
50104,Farlete,16-64,2008,275
50104,Farlete,16-64,2009,265
50104,Farlete,16-64,2010,280
50104,Farlete,16-64,2011,272
50104,Farlete,16-64,2012,261
50104,Farlete,16-64,2013,249
50104,Farlete,16-64,2014,238
50104,Farlete,16-64,2015,240
50104,Farlete,16-64,2016,234
50104,Farlete,16-64,2017,225
50104,Farlete,16-64,2018,212
50104,Farlete,16-64,2019,201
50104,Farlete,16-64,2020,201
50104,Farlete,16-64,2021,216
50104,Farlete,16-64,2022,214
50104,Farlete,65-100,2003,128
50104,Farlete,65-100,2004,121
50104,Farlete,65-100,2005,119
50104,Farlete,65-100,2006,128
50104,Farlete,65-100,2007,129
50104,Farlete,65-100,2008,128
50104,Farlete,65-100,2009,127
50104,Farlete,65-100,2010,121
50104,Farlete,65-100,2011,129
50104,Farlete,65-100,2012,134
50104,Farlete,65-100,2013,131
50104,Farlete,65-100,2014,136
50104,Farlete,65-100,2015,135
50104,Farlete,65-100,2016,134
50104,Farlete,65-100,2017,130
50104,Farlete,65-100,2018,137
50104,Farlete,65-100,2019,141
50104,Farlete,65-100,2020,137
50104,Farlete,65-100,2021,137
50104,Farlete,65-100,2022,139
50105,Fayón,0-16,2003,22
50105,Fayón,0-16,2004,24
50105,Fayón,0-16,2005,23
50105,Fayón,0-16,2006,26
50105,Fayón,0-16,2007,28
50105,Fayón,0-16,2008,27
50105,Fayón,0-16,2009,28
50105,Fayón,0-16,2010,28
50105,Fayón,0-16,2011,31
50105,Fayón,0-16,2012,27
50105,Fayón,0-16,2013,28
50105,Fayón,0-16,2014,25
50105,Fayón,0-16,2015,30
50105,Fayón,0-16,2016,33
50105,Fayón,0-16,2017,34
50105,Fayón,0-16,2018,38
50105,Fayón,0-16,2019,49
50105,Fayón,0-16,2020,51
50105,Fayón,0-16,2021,51
50105,Fayón,0-16,2022,59
50105,Fayón,16-64,2003,214
50105,Fayón,16-64,2004,222
50105,Fayón,16-64,2005,222
50105,Fayón,16-64,2006,244
50105,Fayón,16-64,2007,256
50105,Fayón,16-64,2008,268
50105,Fayón,16-64,2009,264
50105,Fayón,16-64,2010,250
50105,Fayón,16-64,2011,249
50105,Fayón,16-64,2012,233
50105,Fayón,16-64,2013,220
50105,Fayón,16-64,2014,208
50105,Fayón,16-64,2015,204
50105,Fayón,16-64,2016,198
50105,Fayón,16-64,2017,193
50105,Fayón,16-64,2018,199
50105,Fayón,16-64,2019,211
50105,Fayón,16-64,2020,211
50105,Fayón,16-64,2021,214
50105,Fayón,16-64,2022,223
50105,Fayón,65-100,2003,145
50105,Fayón,65-100,2004,149
50105,Fayón,65-100,2005,149
50105,Fayón,65-100,2006,157
50105,Fayón,65-100,2007,150
50105,Fayón,65-100,2008,141
50105,Fayón,65-100,2009,130
50105,Fayón,65-100,2010,129
50105,Fayón,65-100,2011,126
50105,Fayón,65-100,2012,124
50105,Fayón,65-100,2013,124
50105,Fayón,65-100,2014,115
50105,Fayón,65-100,2015,121
50105,Fayón,65-100,2016,123
50105,Fayón,65-100,2017,120
50105,Fayón,65-100,2018,117
50105,Fayón,65-100,2019,119
50105,Fayón,65-100,2020,118
50105,Fayón,65-100,2021,117
50105,Fayón,65-100,2022,115
50106,Los Fayos,0-16,2003,10
50106,Los Fayos,0-16,2004,11
50106,Los Fayos,0-16,2005,9
50106,Los Fayos,0-16,2006,10
50106,Los Fayos,0-16,2007,11
50106,Los Fayos,0-16,2008,10
50106,Los Fayos,0-16,2009,9
50106,Los Fayos,0-16,2010,6
50106,Los Fayos,0-16,2011,7
50106,Los Fayos,0-16,2012,7
50106,Los Fayos,0-16,2013,6
50106,Los Fayos,0-16,2014,9
50106,Los Fayos,0-16,2015,8
50106,Los Fayos,0-16,2016,7
50106,Los Fayos,0-16,2017,6
50106,Los Fayos,0-16,2018,8
50106,Los Fayos,0-16,2019,8
50106,Los Fayos,0-16,2020,7
50106,Los Fayos,0-16,2021,7
50106,Los Fayos,0-16,2022,7
50106,Los Fayos,16-64,2003,80
50106,Los Fayos,16-64,2004,75
50106,Los Fayos,16-64,2005,74
50106,Los Fayos,16-64,2006,73
50106,Los Fayos,16-64,2007,71
50106,Los Fayos,16-64,2008,67
50106,Los Fayos,16-64,2009,64
50106,Los Fayos,16-64,2010,65
50106,Los Fayos,16-64,2011,68
50106,Los Fayos,16-64,2012,68
50106,Los Fayos,16-64,2013,68
50106,Los Fayos,16-64,2014,65
50106,Los Fayos,16-64,2015,68
50106,Los Fayos,16-64,2016,62
50106,Los Fayos,16-64,2017,61
50106,Los Fayos,16-64,2018,65
50106,Los Fayos,16-64,2019,69
50106,Los Fayos,16-64,2020,61
50106,Los Fayos,16-64,2021,69
50106,Los Fayos,16-64,2022,65
50106,Los Fayos,65-100,2003,89
50106,Los Fayos,65-100,2004,89
50106,Los Fayos,65-100,2005,91
50106,Los Fayos,65-100,2006,89
50106,Los Fayos,65-100,2007,89
50106,Los Fayos,65-100,2008,91
50106,Los Fayos,65-100,2009,85
50106,Los Fayos,65-100,2010,82
50106,Los Fayos,65-100,2011,78
50106,Los Fayos,65-100,2012,77
50106,Los Fayos,65-100,2013,77
50106,Los Fayos,65-100,2014,79
50106,Los Fayos,65-100,2015,75
50106,Los Fayos,65-100,2016,78
50106,Los Fayos,65-100,2017,69
50106,Los Fayos,65-100,2018,68
50106,Los Fayos,65-100,2019,62
50106,Los Fayos,65-100,2020,63
50106,Los Fayos,65-100,2021,58
50106,Los Fayos,65-100,2022,59
50107,Figueruelas,0-16,2003,184
50107,Figueruelas,0-16,2004,187
50107,Figueruelas,0-16,2005,186
50107,Figueruelas,0-16,2006,196
50107,Figueruelas,0-16,2007,197
50107,Figueruelas,0-16,2008,195
50107,Figueruelas,0-16,2009,195
50107,Figueruelas,0-16,2010,184
50107,Figueruelas,0-16,2011,177
50107,Figueruelas,0-16,2012,180
50107,Figueruelas,0-16,2013,173
50107,Figueruelas,0-16,2014,196
50107,Figueruelas,0-16,2015,184
50107,Figueruelas,0-16,2016,179
50107,Figueruelas,0-16,2017,185
50107,Figueruelas,0-16,2018,185
50107,Figueruelas,0-16,2019,179
50107,Figueruelas,0-16,2020,173
50107,Figueruelas,0-16,2021,172
50107,Figueruelas,0-16,2022,157
50107,Figueruelas,16-64,2003,722
50107,Figueruelas,16-64,2004,755
50107,Figueruelas,16-64,2005,779
50107,Figueruelas,16-64,2006,771
50107,Figueruelas,16-64,2007,826
50107,Figueruelas,16-64,2008,900
50107,Figueruelas,16-64,2009,969
50107,Figueruelas,16-64,2010,965
50107,Figueruelas,16-64,2011,940
50107,Figueruelas,16-64,2012,941
50107,Figueruelas,16-64,2013,948
50107,Figueruelas,16-64,2014,871
50107,Figueruelas,16-64,2015,844
50107,Figueruelas,16-64,2016,829
50107,Figueruelas,16-64,2017,835
50107,Figueruelas,16-64,2018,838
50107,Figueruelas,16-64,2019,855
50107,Figueruelas,16-64,2020,857
50107,Figueruelas,16-64,2021,839
50107,Figueruelas,16-64,2022,826
50107,Figueruelas,65-100,2003,177
50107,Figueruelas,65-100,2004,169
50107,Figueruelas,65-100,2005,168
50107,Figueruelas,65-100,2006,163
50107,Figueruelas,65-100,2007,168
50107,Figueruelas,65-100,2008,172
50107,Figueruelas,65-100,2009,187
50107,Figueruelas,65-100,2010,183
50107,Figueruelas,65-100,2011,186
50107,Figueruelas,65-100,2012,201
50107,Figueruelas,65-100,2013,198
50107,Figueruelas,65-100,2014,196
50107,Figueruelas,65-100,2015,201
50107,Figueruelas,65-100,2016,210
50107,Figueruelas,65-100,2017,210
50107,Figueruelas,65-100,2018,217
50107,Figueruelas,65-100,2019,225
50107,Figueruelas,65-100,2020,232
50107,Figueruelas,65-100,2021,228
50107,Figueruelas,65-100,2022,243
50108,Fombuena,0-16,2003,1
50108,Fombuena,0-16,2004,1
50108,Fombuena,0-16,2005,1
50108,Fombuena,0-16,2006,1
50108,Fombuena,0-16,2007,1
50108,Fombuena,0-16,2008,1
50108,Fombuena,0-16,2009,0
50108,Fombuena,0-16,2010,0
50108,Fombuena,0-16,2011,0
50108,Fombuena,0-16,2012,1
50108,Fombuena,0-16,2013,2
50108,Fombuena,0-16,2014,3
50108,Fombuena,0-16,2015,1
50108,Fombuena,0-16,2016,2
50108,Fombuena,0-16,2017,0
50108,Fombuena,0-16,2018,0
50108,Fombuena,0-16,2019,0
50108,Fombuena,0-16,2020,1
50108,Fombuena,0-16,2021,4
50108,Fombuena,0-16,2022,2
50108,Fombuena,16-64,2003,8
50108,Fombuena,16-64,2004,7
50108,Fombuena,16-64,2005,36
50108,Fombuena,16-64,2006,38
50108,Fombuena,16-64,2007,38
50108,Fombuena,16-64,2008,42
50108,Fombuena,16-64,2009,40
50108,Fombuena,16-64,2010,41
50108,Fombuena,16-64,2011,37
50108,Fombuena,16-64,2012,37
50108,Fombuena,16-64,2013,37
50108,Fombuena,16-64,2014,36
50108,Fombuena,16-64,2015,34
50108,Fombuena,16-64,2016,36
50108,Fombuena,16-64,2017,35
50108,Fombuena,16-64,2018,38
50108,Fombuena,16-64,2019,37
50108,Fombuena,16-64,2020,42
50108,Fombuena,16-64,2021,42
50108,Fombuena,16-64,2022,42
50108,Fombuena,65-100,2003,6
50108,Fombuena,65-100,2004,6
50108,Fombuena,65-100,2005,13
50108,Fombuena,65-100,2006,12
50108,Fombuena,65-100,2007,13
50108,Fombuena,65-100,2008,11
50108,Fombuena,65-100,2009,11
50108,Fombuena,65-100,2010,11
50108,Fombuena,65-100,2011,13
50108,Fombuena,65-100,2012,14
50108,Fombuena,65-100,2013,13
50108,Fombuena,65-100,2014,15
50108,Fombuena,65-100,2015,16
50108,Fombuena,65-100,2016,16
50108,Fombuena,65-100,2017,17
50108,Fombuena,65-100,2018,16
50108,Fombuena,65-100,2019,19
50108,Fombuena,65-100,2020,17
50108,Fombuena,65-100,2021,13
50108,Fombuena,65-100,2022,15
50109,El Frago,0-16,2003,6
50109,El Frago,0-16,2004,7
50109,El Frago,0-16,2005,7
50109,El Frago,0-16,2006,10
50109,El Frago,0-16,2007,9
50109,El Frago,0-16,2008,10
50109,El Frago,0-16,2009,10
50109,El Frago,0-16,2010,6
50109,El Frago,0-16,2011,6
50109,El Frago,0-16,2012,5
50109,El Frago,0-16,2013,4
50109,El Frago,0-16,2014,2
50109,El Frago,0-16,2015,2
50109,El Frago,0-16,2016,1
50109,El Frago,0-16,2017,1
50109,El Frago,0-16,2018,1
50109,El Frago,0-16,2019,1
50109,El Frago,0-16,2020,1
50109,El Frago,0-16,2021,3
50109,El Frago,0-16,2022,4
50109,El Frago,16-64,2003,62
50109,El Frago,16-64,2004,59
50109,El Frago,16-64,2005,71
50109,El Frago,16-64,2006,73
50109,El Frago,16-64,2007,65
50109,El Frago,16-64,2008,69
50109,El Frago,16-64,2009,68
50109,El Frago,16-64,2010,69
50109,El Frago,16-64,2011,70
50109,El Frago,16-64,2012,73
50109,El Frago,16-64,2013,70
50109,El Frago,16-64,2014,70
50109,El Frago,16-64,2015,70
50109,El Frago,16-64,2016,67
50109,El Frago,16-64,2017,70
50109,El Frago,16-64,2018,64
50109,El Frago,16-64,2019,63
50109,El Frago,16-64,2020,59
50109,El Frago,16-64,2021,73
50109,El Frago,16-64,2022,73
50109,El Frago,65-100,2003,56
50109,El Frago,65-100,2004,53
50109,El Frago,65-100,2005,47
50109,El Frago,65-100,2006,44
50109,El Frago,65-100,2007,41
50109,El Frago,65-100,2008,39
50109,El Frago,65-100,2009,37
50109,El Frago,65-100,2010,31
50109,El Frago,65-100,2011,31
50109,El Frago,65-100,2012,31
50109,El Frago,65-100,2013,31
50109,El Frago,65-100,2014,32
50109,El Frago,65-100,2015,32
50109,El Frago,65-100,2016,33
50109,El Frago,65-100,2017,36
50109,El Frago,65-100,2018,34
50109,El Frago,65-100,2019,35
50109,El Frago,65-100,2020,37
50109,El Frago,65-100,2021,39
50109,El Frago,65-100,2022,40
50110,El Frasno,0-16,2003,34
50110,El Frasno,0-16,2004,29
50110,El Frasno,0-16,2005,28
50110,El Frasno,0-16,2006,23
50110,El Frasno,0-16,2007,25
50110,El Frasno,0-16,2008,28
50110,El Frasno,0-16,2009,25
50110,El Frasno,0-16,2010,25
50110,El Frasno,0-16,2011,24
50110,El Frasno,0-16,2012,22
50110,El Frasno,0-16,2013,26
50110,El Frasno,0-16,2014,27
50110,El Frasno,0-16,2015,25
50110,El Frasno,0-16,2016,21
50110,El Frasno,0-16,2017,19
50110,El Frasno,0-16,2018,20
50110,El Frasno,0-16,2019,21
50110,El Frasno,0-16,2020,19
50110,El Frasno,0-16,2021,22
50110,El Frasno,0-16,2022,17
50110,El Frasno,16-64,2003,307
50110,El Frasno,16-64,2004,299
50110,El Frasno,16-64,2005,280
50110,El Frasno,16-64,2006,274
50110,El Frasno,16-64,2007,261
50110,El Frasno,16-64,2008,266
50110,El Frasno,16-64,2009,274
50110,El Frasno,16-64,2010,276
50110,El Frasno,16-64,2011,274
50110,El Frasno,16-64,2012,256
50110,El Frasno,16-64,2013,244
50110,El Frasno,16-64,2014,247
50110,El Frasno,16-64,2015,235
50110,El Frasno,16-64,2016,222
50110,El Frasno,16-64,2017,217
50110,El Frasno,16-64,2018,219
50110,El Frasno,16-64,2019,220
50110,El Frasno,16-64,2020,225
50110,El Frasno,16-64,2021,247
50110,El Frasno,16-64,2022,231
50110,El Frasno,65-100,2003,194
50110,El Frasno,65-100,2004,202
50110,El Frasno,65-100,2005,197
50110,El Frasno,65-100,2006,197
50110,El Frasno,65-100,2007,191
50110,El Frasno,65-100,2008,186
50110,El Frasno,65-100,2009,180
50110,El Frasno,65-100,2010,175
50110,El Frasno,65-100,2011,179
50110,El Frasno,65-100,2012,174
50110,El Frasno,65-100,2013,171
50110,El Frasno,65-100,2014,165
50110,El Frasno,65-100,2015,155
50110,El Frasno,65-100,2016,156
50110,El Frasno,65-100,2017,150
50110,El Frasno,65-100,2018,145
50110,El Frasno,65-100,2019,139
50110,El Frasno,65-100,2020,135
50110,El Frasno,65-100,2021,125
50110,El Frasno,65-100,2022,131
50111,Fréscano,0-16,2003,22
50111,Fréscano,0-16,2004,26
50111,Fréscano,0-16,2005,25
50111,Fréscano,0-16,2006,27
50111,Fréscano,0-16,2007,25
50111,Fréscano,0-16,2008,21
50111,Fréscano,0-16,2009,20
50111,Fréscano,0-16,2010,16
50111,Fréscano,0-16,2011,14
50111,Fréscano,0-16,2012,15
50111,Fréscano,0-16,2013,13
50111,Fréscano,0-16,2014,13
50111,Fréscano,0-16,2015,12
50111,Fréscano,0-16,2016,12
50111,Fréscano,0-16,2017,12
50111,Fréscano,0-16,2018,12
50111,Fréscano,0-16,2019,14
50111,Fréscano,0-16,2020,13
50111,Fréscano,0-16,2021,15
50111,Fréscano,0-16,2022,17
50111,Fréscano,16-64,2003,119
50111,Fréscano,16-64,2004,127
50111,Fréscano,16-64,2005,137
50111,Fréscano,16-64,2006,132
50111,Fréscano,16-64,2007,135
50111,Fréscano,16-64,2008,134
50111,Fréscano,16-64,2009,145
50111,Fréscano,16-64,2010,133
50111,Fréscano,16-64,2011,127
50111,Fréscano,16-64,2012,121
50111,Fréscano,16-64,2013,125
50111,Fréscano,16-64,2014,129
50111,Fréscano,16-64,2015,134
50111,Fréscano,16-64,2016,129
50111,Fréscano,16-64,2017,135
50111,Fréscano,16-64,2018,132
50111,Fréscano,16-64,2019,132
50111,Fréscano,16-64,2020,129
50111,Fréscano,16-64,2021,128
50111,Fréscano,16-64,2022,129
50111,Fréscano,65-100,2003,82
50111,Fréscano,65-100,2004,78
50111,Fréscano,65-100,2005,79
50111,Fréscano,65-100,2006,78
50111,Fréscano,65-100,2007,77
50111,Fréscano,65-100,2008,78
50111,Fréscano,65-100,2009,70
50111,Fréscano,65-100,2010,71
50111,Fréscano,65-100,2011,76
50111,Fréscano,65-100,2012,72
50111,Fréscano,65-100,2013,66
50111,Fréscano,65-100,2014,65
50111,Fréscano,65-100,2015,59
50111,Fréscano,65-100,2016,60
50111,Fréscano,65-100,2017,56
50111,Fréscano,65-100,2018,58
50111,Fréscano,65-100,2019,58
50111,Fréscano,65-100,2020,57
50111,Fréscano,65-100,2021,57
50111,Fréscano,65-100,2022,58
50113,Fuendejalón,0-16,2003,71
50113,Fuendejalón,0-16,2004,59
50113,Fuendejalón,0-16,2005,54
50113,Fuendejalón,0-16,2006,75
50113,Fuendejalón,0-16,2007,81
50113,Fuendejalón,0-16,2008,104
50113,Fuendejalón,0-16,2009,107
50113,Fuendejalón,0-16,2010,112
50113,Fuendejalón,0-16,2011,119
50113,Fuendejalón,0-16,2012,122
50113,Fuendejalón,0-16,2013,117
50113,Fuendejalón,0-16,2014,81
50113,Fuendejalón,0-16,2015,86
50113,Fuendejalón,0-16,2016,72
50113,Fuendejalón,0-16,2017,87
50113,Fuendejalón,0-16,2018,85
50113,Fuendejalón,0-16,2019,80
50113,Fuendejalón,0-16,2020,84
50113,Fuendejalón,0-16,2021,78
50113,Fuendejalón,0-16,2022,76
50113,Fuendejalón,16-64,2003,499
50113,Fuendejalón,16-64,2004,493
50113,Fuendejalón,16-64,2005,489
50113,Fuendejalón,16-64,2006,565
50113,Fuendejalón,16-64,2007,563
50113,Fuendejalón,16-64,2008,705
50113,Fuendejalón,16-64,2009,631
50113,Fuendejalón,16-64,2010,613
50113,Fuendejalón,16-64,2011,623
50113,Fuendejalón,16-64,2012,621
50113,Fuendejalón,16-64,2013,602
50113,Fuendejalón,16-64,2014,548
50113,Fuendejalón,16-64,2015,527
50113,Fuendejalón,16-64,2016,495
50113,Fuendejalón,16-64,2017,510
50113,Fuendejalón,16-64,2018,490
50113,Fuendejalón,16-64,2019,489
50113,Fuendejalón,16-64,2020,480
50113,Fuendejalón,16-64,2021,472
50113,Fuendejalón,16-64,2022,466
50113,Fuendejalón,65-100,2003,224
50113,Fuendejalón,65-100,2004,221
50113,Fuendejalón,65-100,2005,207
50113,Fuendejalón,65-100,2006,211
50113,Fuendejalón,65-100,2007,224
50113,Fuendejalón,65-100,2008,225
50113,Fuendejalón,65-100,2009,231
50113,Fuendejalón,65-100,2010,228
50113,Fuendejalón,65-100,2011,237
50113,Fuendejalón,65-100,2012,230
50113,Fuendejalón,65-100,2013,229
50113,Fuendejalón,65-100,2014,230
50113,Fuendejalón,65-100,2015,220
50113,Fuendejalón,65-100,2016,219
50113,Fuendejalón,65-100,2017,220
50113,Fuendejalón,65-100,2018,218
50113,Fuendejalón,65-100,2019,209
50113,Fuendejalón,65-100,2020,220
50113,Fuendejalón,65-100,2021,216
50113,Fuendejalón,65-100,2022,221
50114,Fuendetodos,0-16,2003,10
50114,Fuendetodos,0-16,2004,10
50114,Fuendetodos,0-16,2005,9
50114,Fuendetodos,0-16,2006,6
50114,Fuendetodos,0-16,2007,9
50114,Fuendetodos,0-16,2008,10
50114,Fuendetodos,0-16,2009,11
50114,Fuendetodos,0-16,2010,13
50114,Fuendetodos,0-16,2011,17
50114,Fuendetodos,0-16,2012,13
50114,Fuendetodos,0-16,2013,14
50114,Fuendetodos,0-16,2014,11
50114,Fuendetodos,0-16,2015,9
50114,Fuendetodos,0-16,2016,5
50114,Fuendetodos,0-16,2017,4
50114,Fuendetodos,0-16,2018,6
50114,Fuendetodos,0-16,2019,8
50114,Fuendetodos,0-16,2020,14
50114,Fuendetodos,0-16,2021,10
50114,Fuendetodos,0-16,2022,10
50114,Fuendetodos,16-64,2003,110
50114,Fuendetodos,16-64,2004,111
50114,Fuendetodos,16-64,2005,113
50114,Fuendetodos,16-64,2006,108
50114,Fuendetodos,16-64,2007,116
50114,Fuendetodos,16-64,2008,114
50114,Fuendetodos,16-64,2009,108
50114,Fuendetodos,16-64,2010,111
50114,Fuendetodos,16-64,2011,116
50114,Fuendetodos,16-64,2012,113
50114,Fuendetodos,16-64,2013,108
50114,Fuendetodos,16-64,2014,98
50114,Fuendetodos,16-64,2015,92
50114,Fuendetodos,16-64,2016,82
50114,Fuendetodos,16-64,2017,82
50114,Fuendetodos,16-64,2018,79
50114,Fuendetodos,16-64,2019,93
50114,Fuendetodos,16-64,2020,90
50114,Fuendetodos,16-64,2021,91
50114,Fuendetodos,16-64,2022,92
50114,Fuendetodos,65-100,2003,58
50114,Fuendetodos,65-100,2004,55
50114,Fuendetodos,65-100,2005,51
50114,Fuendetodos,65-100,2006,53
50114,Fuendetodos,65-100,2007,54
50114,Fuendetodos,65-100,2008,50
50114,Fuendetodos,65-100,2009,50
50114,Fuendetodos,65-100,2010,50
50114,Fuendetodos,65-100,2011,47
50114,Fuendetodos,65-100,2012,46
50114,Fuendetodos,65-100,2013,47
50114,Fuendetodos,65-100,2014,44
50114,Fuendetodos,65-100,2015,43
50114,Fuendetodos,65-100,2016,39
50114,Fuendetodos,65-100,2017,40
50114,Fuendetodos,65-100,2018,36
50114,Fuendetodos,65-100,2019,44
50114,Fuendetodos,65-100,2020,41
50114,Fuendetodos,65-100,2021,41
50114,Fuendetodos,65-100,2022,42
50115,Fuentes de Ebro,0-16,2003,604
50115,Fuentes de Ebro,0-16,2004,626
50115,Fuentes de Ebro,0-16,2005,630
50115,Fuentes de Ebro,0-16,2006,582
50115,Fuentes de Ebro,0-16,2007,606
50115,Fuentes de Ebro,0-16,2008,696
50115,Fuentes de Ebro,0-16,2009,763
50115,Fuentes de Ebro,0-16,2010,776
50115,Fuentes de Ebro,0-16,2011,776
50115,Fuentes de Ebro,0-16,2012,755
50115,Fuentes de Ebro,0-16,2013,797
50115,Fuentes de Ebro,0-16,2014,814
50115,Fuentes de Ebro,0-16,2015,798
50115,Fuentes de Ebro,0-16,2016,770
50115,Fuentes de Ebro,0-16,2017,771
50115,Fuentes de Ebro,0-16,2018,754
50115,Fuentes de Ebro,0-16,2019,746
50115,Fuentes de Ebro,0-16,2020,733
50115,Fuentes de Ebro,0-16,2021,730
50115,Fuentes de Ebro,0-16,2022,718
50115,Fuentes de Ebro,16-64,2003,2679
50115,Fuentes de Ebro,16-64,2004,2715
50115,Fuentes de Ebro,16-64,2005,2710
50115,Fuentes de Ebro,16-64,2006,2675
50115,Fuentes de Ebro,16-64,2007,2766
50115,Fuentes de Ebro,16-64,2008,2942
50115,Fuentes de Ebro,16-64,2009,3043
50115,Fuentes de Ebro,16-64,2010,3046
50115,Fuentes de Ebro,16-64,2011,3016
50115,Fuentes de Ebro,16-64,2012,2993
50115,Fuentes de Ebro,16-64,2013,3010
50115,Fuentes de Ebro,16-64,2014,2973
50115,Fuentes de Ebro,16-64,2015,2933
50115,Fuentes de Ebro,16-64,2016,2937
50115,Fuentes de Ebro,16-64,2017,2933
50115,Fuentes de Ebro,16-64,2018,2928
50115,Fuentes de Ebro,16-64,2019,2888
50115,Fuentes de Ebro,16-64,2020,2932
50115,Fuentes de Ebro,16-64,2021,2991
50115,Fuentes de Ebro,16-64,2022,3008
50115,Fuentes de Ebro,65-100,2003,732
50115,Fuentes de Ebro,65-100,2004,744
50115,Fuentes de Ebro,65-100,2005,746
50115,Fuentes de Ebro,65-100,2006,745
50115,Fuentes de Ebro,65-100,2007,762
50115,Fuentes de Ebro,65-100,2008,778
50115,Fuentes de Ebro,65-100,2009,790
50115,Fuentes de Ebro,65-100,2010,795
50115,Fuentes de Ebro,65-100,2011,811
50115,Fuentes de Ebro,65-100,2012,829
50115,Fuentes de Ebro,65-100,2013,849
50115,Fuentes de Ebro,65-100,2014,856
50115,Fuentes de Ebro,65-100,2015,863
50115,Fuentes de Ebro,65-100,2016,859
50115,Fuentes de Ebro,65-100,2017,850
50115,Fuentes de Ebro,65-100,2018,861
50115,Fuentes de Ebro,65-100,2019,870
50115,Fuentes de Ebro,65-100,2020,884
50115,Fuentes de Ebro,65-100,2021,879
50115,Fuentes de Ebro,65-100,2022,887
50116,Fuentes de Jiloca,0-16,2003,15
50116,Fuentes de Jiloca,0-16,2004,17
50116,Fuentes de Jiloca,0-16,2005,16
50116,Fuentes de Jiloca,0-16,2006,15
50116,Fuentes de Jiloca,0-16,2007,17
50116,Fuentes de Jiloca,0-16,2008,16
50116,Fuentes de Jiloca,0-16,2009,16
50116,Fuentes de Jiloca,0-16,2010,17
50116,Fuentes de Jiloca,0-16,2011,19
50116,Fuentes de Jiloca,0-16,2012,22
50116,Fuentes de Jiloca,0-16,2013,22
50116,Fuentes de Jiloca,0-16,2014,15
50116,Fuentes de Jiloca,0-16,2015,11
50116,Fuentes de Jiloca,0-16,2016,24
50116,Fuentes de Jiloca,0-16,2017,17
50116,Fuentes de Jiloca,0-16,2018,16
50116,Fuentes de Jiloca,0-16,2019,17
50116,Fuentes de Jiloca,0-16,2020,14
50116,Fuentes de Jiloca,0-16,2021,13
50116,Fuentes de Jiloca,0-16,2022,12
50116,Fuentes de Jiloca,16-64,2003,161
50116,Fuentes de Jiloca,16-64,2004,153
50116,Fuentes de Jiloca,16-64,2005,145
50116,Fuentes de Jiloca,16-64,2006,138
50116,Fuentes de Jiloca,16-64,2007,129
50116,Fuentes de Jiloca,16-64,2008,142
50116,Fuentes de Jiloca,16-64,2009,135
50116,Fuentes de Jiloca,16-64,2010,138
50116,Fuentes de Jiloca,16-64,2011,142
50116,Fuentes de Jiloca,16-64,2012,144
50116,Fuentes de Jiloca,16-64,2013,130
50116,Fuentes de Jiloca,16-64,2014,123
50116,Fuentes de Jiloca,16-64,2015,104
50116,Fuentes de Jiloca,16-64,2016,140
50116,Fuentes de Jiloca,16-64,2017,129
50116,Fuentes de Jiloca,16-64,2018,118
50116,Fuentes de Jiloca,16-64,2019,124
50116,Fuentes de Jiloca,16-64,2020,127
50116,Fuentes de Jiloca,16-64,2021,118
50116,Fuentes de Jiloca,16-64,2022,118
50116,Fuentes de Jiloca,65-100,2003,141
50116,Fuentes de Jiloca,65-100,2004,138
50116,Fuentes de Jiloca,65-100,2005,139
50116,Fuentes de Jiloca,65-100,2006,143
50116,Fuentes de Jiloca,65-100,2007,138
50116,Fuentes de Jiloca,65-100,2008,136
50116,Fuentes de Jiloca,65-100,2009,131
50116,Fuentes de Jiloca,65-100,2010,125
50116,Fuentes de Jiloca,65-100,2011,118
50116,Fuentes de Jiloca,65-100,2012,114
50116,Fuentes de Jiloca,65-100,2013,109
50116,Fuentes de Jiloca,65-100,2014,105
50116,Fuentes de Jiloca,65-100,2015,104
50116,Fuentes de Jiloca,65-100,2016,105
50116,Fuentes de Jiloca,65-100,2017,99
50116,Fuentes de Jiloca,65-100,2018,95
50116,Fuentes de Jiloca,65-100,2019,90
50116,Fuentes de Jiloca,65-100,2020,88
50116,Fuentes de Jiloca,65-100,2021,80
50116,Fuentes de Jiloca,65-100,2022,78
50117,Gallocanta,0-16,2003,23
50117,Gallocanta,0-16,2004,13
50117,Gallocanta,0-16,2005,12
50117,Gallocanta,0-16,2006,14
50117,Gallocanta,0-16,2007,15
50117,Gallocanta,0-16,2008,17
50117,Gallocanta,0-16,2009,15
50117,Gallocanta,0-16,2010,14
50117,Gallocanta,0-16,2011,16
50117,Gallocanta,0-16,2012,18
50117,Gallocanta,0-16,2013,16
50117,Gallocanta,0-16,2014,18
50117,Gallocanta,0-16,2015,20
50117,Gallocanta,0-16,2016,18
50117,Gallocanta,0-16,2017,23
50117,Gallocanta,0-16,2018,18
50117,Gallocanta,0-16,2019,18
50117,Gallocanta,0-16,2020,9
50117,Gallocanta,0-16,2021,8
50117,Gallocanta,0-16,2022,5
50117,Gallocanta,16-64,2003,96
50117,Gallocanta,16-64,2004,89
50117,Gallocanta,16-64,2005,87
50117,Gallocanta,16-64,2006,88
50117,Gallocanta,16-64,2007,88
50117,Gallocanta,16-64,2008,89
50117,Gallocanta,16-64,2009,87
50117,Gallocanta,16-64,2010,86
50117,Gallocanta,16-64,2011,85
50117,Gallocanta,16-64,2012,83
50117,Gallocanta,16-64,2013,81
50117,Gallocanta,16-64,2014,81
50117,Gallocanta,16-64,2015,84
50117,Gallocanta,16-64,2016,79
50117,Gallocanta,16-64,2017,84
50117,Gallocanta,16-64,2018,80
50117,Gallocanta,16-64,2019,80
50117,Gallocanta,16-64,2020,81
50117,Gallocanta,16-64,2021,78
50117,Gallocanta,16-64,2022,70
50117,Gallocanta,65-100,2003,56
50117,Gallocanta,65-100,2004,56
50117,Gallocanta,65-100,2005,58
50117,Gallocanta,65-100,2006,53
50117,Gallocanta,65-100,2007,53
50117,Gallocanta,65-100,2008,52
50117,Gallocanta,65-100,2009,51
50117,Gallocanta,65-100,2010,52
50117,Gallocanta,65-100,2011,55
50117,Gallocanta,65-100,2012,53
50117,Gallocanta,65-100,2013,57
50117,Gallocanta,65-100,2014,59
50117,Gallocanta,65-100,2015,56
50117,Gallocanta,65-100,2016,55
50117,Gallocanta,65-100,2017,55
50117,Gallocanta,65-100,2018,56
50117,Gallocanta,65-100,2019,54
50117,Gallocanta,65-100,2020,46
50117,Gallocanta,65-100,2021,42
50117,Gallocanta,65-100,2022,45
50118,Gallur,0-16,2003,400
50118,Gallur,0-16,2004,381
50118,Gallur,0-16,2005,396
50118,Gallur,0-16,2006,400
50118,Gallur,0-16,2007,431
50118,Gallur,0-16,2008,421
50118,Gallur,0-16,2009,423
50118,Gallur,0-16,2010,411
50118,Gallur,0-16,2011,397
50118,Gallur,0-16,2012,374
50118,Gallur,0-16,2013,366
50118,Gallur,0-16,2014,358
50118,Gallur,0-16,2015,330
50118,Gallur,0-16,2016,314
50118,Gallur,0-16,2017,314
50118,Gallur,0-16,2018,312
50118,Gallur,0-16,2019,325
50118,Gallur,0-16,2020,306
50118,Gallur,0-16,2021,284
50118,Gallur,0-16,2022,296
50118,Gallur,16-64,2003,1884
50118,Gallur,16-64,2004,1894
50118,Gallur,16-64,2005,1870
50118,Gallur,16-64,2006,1842
50118,Gallur,16-64,2007,1908
50118,Gallur,16-64,2008,1927
50118,Gallur,16-64,2009,1964
50118,Gallur,16-64,2010,1957
50118,Gallur,16-64,2011,1887
50118,Gallur,16-64,2012,1845
50118,Gallur,16-64,2013,1827
50118,Gallur,16-64,2014,1774
50118,Gallur,16-64,2015,1722
50118,Gallur,16-64,2016,1682
50118,Gallur,16-64,2017,1683
50118,Gallur,16-64,2018,1666
50118,Gallur,16-64,2019,1635
50118,Gallur,16-64,2020,1630
50118,Gallur,16-64,2021,1643
50118,Gallur,16-64,2022,1629
50118,Gallur,65-100,2003,676
50118,Gallur,65-100,2004,663
50118,Gallur,65-100,2005,655
50118,Gallur,65-100,2006,657
50118,Gallur,65-100,2007,657
50118,Gallur,65-100,2008,656
50118,Gallur,65-100,2009,639
50118,Gallur,65-100,2010,639
50118,Gallur,65-100,2011,647
50118,Gallur,65-100,2012,663
50118,Gallur,65-100,2013,653
50118,Gallur,65-100,2014,647
50118,Gallur,65-100,2015,643
50118,Gallur,65-100,2016,634
50118,Gallur,65-100,2017,646
50118,Gallur,65-100,2018,650
50118,Gallur,65-100,2019,636
50118,Gallur,65-100,2020,630
50118,Gallur,65-100,2021,628
50118,Gallur,65-100,2022,638
50119,Gelsa,0-16,2003,123
50119,Gelsa,0-16,2004,119
50119,Gelsa,0-16,2005,120
50119,Gelsa,0-16,2006,111
50119,Gelsa,0-16,2007,108
50119,Gelsa,0-16,2008,113
50119,Gelsa,0-16,2009,127
50119,Gelsa,0-16,2010,125
50119,Gelsa,0-16,2011,122
50119,Gelsa,0-16,2012,121
50119,Gelsa,0-16,2013,114
50119,Gelsa,0-16,2014,120
50119,Gelsa,0-16,2015,114
50119,Gelsa,0-16,2016,121
50119,Gelsa,0-16,2017,112
50119,Gelsa,0-16,2018,100
50119,Gelsa,0-16,2019,103
50119,Gelsa,0-16,2020,91
50119,Gelsa,0-16,2021,94
50119,Gelsa,0-16,2022,104
50119,Gelsa,16-64,2003,707
50119,Gelsa,16-64,2004,707
50119,Gelsa,16-64,2005,727
50119,Gelsa,16-64,2006,723
50119,Gelsa,16-64,2007,721
50119,Gelsa,16-64,2008,718
50119,Gelsa,16-64,2009,723
50119,Gelsa,16-64,2010,711
50119,Gelsa,16-64,2011,693
50119,Gelsa,16-64,2012,700
50119,Gelsa,16-64,2013,672
50119,Gelsa,16-64,2014,658
50119,Gelsa,16-64,2015,631
50119,Gelsa,16-64,2016,645
50119,Gelsa,16-64,2017,611
50119,Gelsa,16-64,2018,581
50119,Gelsa,16-64,2019,597
50119,Gelsa,16-64,2020,596
50119,Gelsa,16-64,2021,595
50119,Gelsa,16-64,2022,595
50119,Gelsa,65-100,2003,380
50119,Gelsa,65-100,2004,390
50119,Gelsa,65-100,2005,374
50119,Gelsa,65-100,2006,371
50119,Gelsa,65-100,2007,369
50119,Gelsa,65-100,2008,376
50119,Gelsa,65-100,2009,376
50119,Gelsa,65-100,2010,365
50119,Gelsa,65-100,2011,359
50119,Gelsa,65-100,2012,352
50119,Gelsa,65-100,2013,349
50119,Gelsa,65-100,2014,344
50119,Gelsa,65-100,2015,342
50119,Gelsa,65-100,2016,332
50119,Gelsa,65-100,2017,332
50119,Gelsa,65-100,2018,314
50119,Gelsa,65-100,2019,313
50119,Gelsa,65-100,2020,309
50119,Gelsa,65-100,2021,308
50119,Gelsa,65-100,2022,308
50120,Godojos,0-16,2003,3
50120,Godojos,0-16,2004,3
50120,Godojos,0-16,2005,3
50120,Godojos,0-16,2006,3
50120,Godojos,0-16,2007,3
50120,Godojos,0-16,2008,3
50120,Godojos,0-16,2009,2
50120,Godojos,0-16,2010,1
50120,Godojos,0-16,2011,1
50120,Godojos,0-16,2012,1
50120,Godojos,0-16,2013,0
50120,Godojos,0-16,2014,0
50120,Godojos,0-16,2015,0
50120,Godojos,0-16,2016,3
50120,Godojos,0-16,2017,3
50120,Godojos,0-16,2018,3
50120,Godojos,0-16,2019,3
50120,Godojos,0-16,2020,3
50120,Godojos,0-16,2021,2
50120,Godojos,0-16,2022,1
50120,Godojos,16-64,2003,22
50120,Godojos,16-64,2004,18
50120,Godojos,16-64,2005,16
50120,Godojos,16-64,2006,18
50120,Godojos,16-64,2007,17
50120,Godojos,16-64,2008,16
50120,Godojos,16-64,2009,16
50120,Godojos,16-64,2010,16
50120,Godojos,16-64,2011,15
50120,Godojos,16-64,2012,13
50120,Godojos,16-64,2013,10
50120,Godojos,16-64,2014,10
50120,Godojos,16-64,2015,9
50120,Godojos,16-64,2016,28
50120,Godojos,16-64,2017,28
50120,Godojos,16-64,2018,29
50120,Godojos,16-64,2019,28
50120,Godojos,16-64,2020,31
50120,Godojos,16-64,2021,29
50120,Godojos,16-64,2022,32
50120,Godojos,65-100,2003,41
50120,Godojos,65-100,2004,39
50120,Godojos,65-100,2005,40
50120,Godojos,65-100,2006,36
50120,Godojos,65-100,2007,35
50120,Godojos,65-100,2008,35
50120,Godojos,65-100,2009,34
50120,Godojos,65-100,2010,29
50120,Godojos,65-100,2011,28
50120,Godojos,65-100,2012,29
50120,Godojos,65-100,2013,29
50120,Godojos,65-100,2014,26
50120,Godojos,65-100,2015,26
50120,Godojos,65-100,2016,22
50120,Godojos,65-100,2017,21
50120,Godojos,65-100,2018,22
50120,Godojos,65-100,2019,23
50120,Godojos,65-100,2020,19
50120,Godojos,65-100,2021,18
50120,Godojos,65-100,2022,16
50121,Gotor,0-16,2003,60
50121,Gotor,0-16,2004,61
50121,Gotor,0-16,2005,63
50121,Gotor,0-16,2006,58
50121,Gotor,0-16,2007,57
50121,Gotor,0-16,2008,57
50121,Gotor,0-16,2009,54
50121,Gotor,0-16,2010,58
50121,Gotor,0-16,2011,57
50121,Gotor,0-16,2012,49
50121,Gotor,0-16,2013,43
50121,Gotor,0-16,2014,40
50121,Gotor,0-16,2015,38
50121,Gotor,0-16,2016,33
50121,Gotor,0-16,2017,26
50121,Gotor,0-16,2018,25
50121,Gotor,0-16,2019,22
50121,Gotor,0-16,2020,17
50121,Gotor,0-16,2021,17
50121,Gotor,0-16,2022,12
50121,Gotor,16-64,2003,249
50121,Gotor,16-64,2004,235
50121,Gotor,16-64,2005,229
50121,Gotor,16-64,2006,222
50121,Gotor,16-64,2007,232
50121,Gotor,16-64,2008,221
50121,Gotor,16-64,2009,226
50121,Gotor,16-64,2010,224
50121,Gotor,16-64,2011,212
50121,Gotor,16-64,2012,201
50121,Gotor,16-64,2013,190
50121,Gotor,16-64,2014,186
50121,Gotor,16-64,2015,175
50121,Gotor,16-64,2016,171
50121,Gotor,16-64,2017,167
50121,Gotor,16-64,2018,162
50121,Gotor,16-64,2019,185
50121,Gotor,16-64,2020,178
50121,Gotor,16-64,2021,187
50121,Gotor,16-64,2022,175
50121,Gotor,65-100,2003,90
50121,Gotor,65-100,2004,93
50121,Gotor,65-100,2005,98
50121,Gotor,65-100,2006,102
50121,Gotor,65-100,2007,103
50121,Gotor,65-100,2008,107
50121,Gotor,65-100,2009,111
50121,Gotor,65-100,2010,117
50121,Gotor,65-100,2011,115
50121,Gotor,65-100,2012,116
50121,Gotor,65-100,2013,119
50121,Gotor,65-100,2014,121
50121,Gotor,65-100,2015,121
50121,Gotor,65-100,2016,122
50121,Gotor,65-100,2017,121
50121,Gotor,65-100,2018,119
50121,Gotor,65-100,2019,111
50121,Gotor,65-100,2020,107
50121,Gotor,65-100,2021,107
50121,Gotor,65-100,2022,103
50122,Grisel,0-16,2003,3
50122,Grisel,0-16,2004,3
50122,Grisel,0-16,2005,3
50122,Grisel,0-16,2006,3
50122,Grisel,0-16,2007,6
50122,Grisel,0-16,2008,6
50122,Grisel,0-16,2009,1
50122,Grisel,0-16,2010,1
50122,Grisel,0-16,2011,1
50122,Grisel,0-16,2012,3
50122,Grisel,0-16,2013,3
50122,Grisel,0-16,2014,3
50122,Grisel,0-16,2015,5
50122,Grisel,0-16,2016,6
50122,Grisel,0-16,2017,9
50122,Grisel,0-16,2018,9
50122,Grisel,0-16,2019,9
50122,Grisel,0-16,2020,7
50122,Grisel,0-16,2021,7
50122,Grisel,0-16,2022,7
50122,Grisel,16-64,2003,38
50122,Grisel,16-64,2004,37
50122,Grisel,16-64,2005,46
50122,Grisel,16-64,2006,54
50122,Grisel,16-64,2007,64
50122,Grisel,16-64,2008,61
50122,Grisel,16-64,2009,57
50122,Grisel,16-64,2010,50
50122,Grisel,16-64,2011,46
50122,Grisel,16-64,2012,40
50122,Grisel,16-64,2013,45
50122,Grisel,16-64,2014,38
50122,Grisel,16-64,2015,44
50122,Grisel,16-64,2016,43
50122,Grisel,16-64,2017,47
50122,Grisel,16-64,2018,42
50122,Grisel,16-64,2019,49
50122,Grisel,16-64,2020,50
50122,Grisel,16-64,2021,53
50122,Grisel,16-64,2022,53
50122,Grisel,65-100,2003,22
50122,Grisel,65-100,2004,20
50122,Grisel,65-100,2005,21
50122,Grisel,65-100,2006,22
50122,Grisel,65-100,2007,28
50122,Grisel,65-100,2008,30
50122,Grisel,65-100,2009,26
50122,Grisel,65-100,2010,28
50122,Grisel,65-100,2011,24
50122,Grisel,65-100,2012,23
50122,Grisel,65-100,2013,22
50122,Grisel,65-100,2014,26
50122,Grisel,65-100,2015,25
50122,Grisel,65-100,2016,22
50122,Grisel,65-100,2017,19
50122,Grisel,65-100,2018,16
50122,Grisel,65-100,2019,16
50122,Grisel,65-100,2020,17
50122,Grisel,65-100,2021,23
50122,Grisel,65-100,2022,22
50123,Grisén,0-16,2003,53
50123,Grisén,0-16,2004,50
50123,Grisén,0-16,2005,55
50123,Grisén,0-16,2006,57
50123,Grisén,0-16,2007,52
50123,Grisén,0-16,2008,62
50123,Grisén,0-16,2009,68
50123,Grisén,0-16,2010,70
50123,Grisén,0-16,2011,78
50123,Grisén,0-16,2012,87
50123,Grisén,0-16,2013,88
50123,Grisén,0-16,2014,88
50123,Grisén,0-16,2015,106
50123,Grisén,0-16,2016,95
50123,Grisén,0-16,2017,102
50123,Grisén,0-16,2018,95
50123,Grisén,0-16,2019,98
50123,Grisén,0-16,2020,99
50123,Grisén,0-16,2021,98
50123,Grisén,0-16,2022,98
50123,Grisén,16-64,2003,281
50123,Grisén,16-64,2004,285
50123,Grisén,16-64,2005,296
50123,Grisén,16-64,2006,282
50123,Grisén,16-64,2007,295
50123,Grisén,16-64,2008,342
50123,Grisén,16-64,2009,360
50123,Grisén,16-64,2010,369
50123,Grisén,16-64,2011,376
50123,Grisén,16-64,2012,404
50123,Grisén,16-64,2013,422
50123,Grisén,16-64,2014,426
50123,Grisén,16-64,2015,423
50123,Grisén,16-64,2016,401
50123,Grisén,16-64,2017,407
50123,Grisén,16-64,2018,384
50123,Grisén,16-64,2019,375
50123,Grisén,16-64,2020,378
50123,Grisén,16-64,2021,395
50123,Grisén,16-64,2022,416
50123,Grisén,65-100,2003,146
50123,Grisén,65-100,2004,142
50123,Grisén,65-100,2005,133
50123,Grisén,65-100,2006,128
50123,Grisén,65-100,2007,121
50123,Grisén,65-100,2008,115
50123,Grisén,65-100,2009,121
50123,Grisén,65-100,2010,115
50123,Grisén,65-100,2011,109
50123,Grisén,65-100,2012,112
50123,Grisén,65-100,2013,116
50123,Grisén,65-100,2014,122
50123,Grisén,65-100,2015,127
50123,Grisén,65-100,2016,126
50123,Grisén,65-100,2017,116
50123,Grisén,65-100,2018,118
50123,Grisén,65-100,2019,116
50123,Grisén,65-100,2020,113
50123,Grisén,65-100,2021,112
50123,Grisén,65-100,2022,109
50124,Herrera de los Navarros,0-16,2003,46
50124,Herrera de los Navarros,0-16,2004,52
50124,Herrera de los Navarros,0-16,2005,65
50124,Herrera de los Navarros,0-16,2006,81
50124,Herrera de los Navarros,0-16,2007,74
50124,Herrera de los Navarros,0-16,2008,68
50124,Herrera de los Navarros,0-16,2009,68
50124,Herrera de los Navarros,0-16,2010,67
50124,Herrera de los Navarros,0-16,2011,62
50124,Herrera de los Navarros,0-16,2012,57
50124,Herrera de los Navarros,0-16,2013,58
50124,Herrera de los Navarros,0-16,2014,60
50124,Herrera de los Navarros,0-16,2015,64
50124,Herrera de los Navarros,0-16,2016,59
50124,Herrera de los Navarros,0-16,2017,49
50124,Herrera de los Navarros,0-16,2018,50
50124,Herrera de los Navarros,0-16,2019,57
50124,Herrera de los Navarros,0-16,2020,48
50124,Herrera de los Navarros,0-16,2021,45
50124,Herrera de los Navarros,0-16,2022,62
50124,Herrera de los Navarros,16-64,2003,337
50124,Herrera de los Navarros,16-64,2004,355
50124,Herrera de los Navarros,16-64,2005,360
50124,Herrera de los Navarros,16-64,2006,367
50124,Herrera de los Navarros,16-64,2007,352
50124,Herrera de los Navarros,16-64,2008,341
50124,Herrera de los Navarros,16-64,2009,347
50124,Herrera de los Navarros,16-64,2010,338
50124,Herrera de los Navarros,16-64,2011,337
50124,Herrera de los Navarros,16-64,2012,328
50124,Herrera de los Navarros,16-64,2013,323
50124,Herrera de los Navarros,16-64,2014,323
50124,Herrera de los Navarros,16-64,2015,315
50124,Herrera de los Navarros,16-64,2016,304
50124,Herrera de los Navarros,16-64,2017,299
50124,Herrera de los Navarros,16-64,2018,286
50124,Herrera de los Navarros,16-64,2019,286
50124,Herrera de los Navarros,16-64,2020,282
50124,Herrera de los Navarros,16-64,2021,305
50124,Herrera de los Navarros,16-64,2022,316
50124,Herrera de los Navarros,65-100,2003,238
50124,Herrera de los Navarros,65-100,2004,227
50124,Herrera de los Navarros,65-100,2005,222
50124,Herrera de los Navarros,65-100,2006,222
50124,Herrera de los Navarros,65-100,2007,222
50124,Herrera de los Navarros,65-100,2008,219
50124,Herrera de los Navarros,65-100,2009,215
50124,Herrera de los Navarros,65-100,2010,211
50124,Herrera de los Navarros,65-100,2011,205
50124,Herrera de los Navarros,65-100,2012,191
50124,Herrera de los Navarros,65-100,2013,188
50124,Herrera de los Navarros,65-100,2014,182
50124,Herrera de los Navarros,65-100,2015,171
50124,Herrera de los Navarros,65-100,2016,173
50124,Herrera de los Navarros,65-100,2017,178
50124,Herrera de los Navarros,65-100,2018,170
50124,Herrera de los Navarros,65-100,2019,163
50124,Herrera de los Navarros,65-100,2020,159
50124,Herrera de los Navarros,65-100,2021,146
50124,Herrera de los Navarros,65-100,2022,145
50125,Ibdes,0-16,2003,46
50125,Ibdes,0-16,2004,49
50125,Ibdes,0-16,2005,55
50125,Ibdes,0-16,2006,43
50125,Ibdes,0-16,2007,54
50125,Ibdes,0-16,2008,51
50125,Ibdes,0-16,2009,50
50125,Ibdes,0-16,2010,48
50125,Ibdes,0-16,2011,44
50125,Ibdes,0-16,2012,44
50125,Ibdes,0-16,2013,53
50125,Ibdes,0-16,2014,59
50125,Ibdes,0-16,2015,55
50125,Ibdes,0-16,2016,49
50125,Ibdes,0-16,2017,47
50125,Ibdes,0-16,2018,42
50125,Ibdes,0-16,2019,40
50125,Ibdes,0-16,2020,34
50125,Ibdes,0-16,2021,32
50125,Ibdes,0-16,2022,30
50125,Ibdes,16-64,2003,275
50125,Ibdes,16-64,2004,281
50125,Ibdes,16-64,2005,272
50125,Ibdes,16-64,2006,253
50125,Ibdes,16-64,2007,265
50125,Ibdes,16-64,2008,269
50125,Ibdes,16-64,2009,272
50125,Ibdes,16-64,2010,256
50125,Ibdes,16-64,2011,257
50125,Ibdes,16-64,2012,257
50125,Ibdes,16-64,2013,239
50125,Ibdes,16-64,2014,250
50125,Ibdes,16-64,2015,233
50125,Ibdes,16-64,2016,224
50125,Ibdes,16-64,2017,218
50125,Ibdes,16-64,2018,216
50125,Ibdes,16-64,2019,218
50125,Ibdes,16-64,2020,218
50125,Ibdes,16-64,2021,223
50125,Ibdes,16-64,2022,231
50125,Ibdes,65-100,2003,209
50125,Ibdes,65-100,2004,211
50125,Ibdes,65-100,2005,207
50125,Ibdes,65-100,2006,205
50125,Ibdes,65-100,2007,206
50125,Ibdes,65-100,2008,192
50125,Ibdes,65-100,2009,188
50125,Ibdes,65-100,2010,186
50125,Ibdes,65-100,2011,181
50125,Ibdes,65-100,2012,170
50125,Ibdes,65-100,2013,168
50125,Ibdes,65-100,2014,174
50125,Ibdes,65-100,2015,167
50125,Ibdes,65-100,2016,156
50125,Ibdes,65-100,2017,148
50125,Ibdes,65-100,2018,146
50125,Ibdes,65-100,2019,146
50125,Ibdes,65-100,2020,143
50125,Ibdes,65-100,2021,133
50125,Ibdes,65-100,2022,123
50126,Illueca,0-16,2003,600
50126,Illueca,0-16,2004,601
50126,Illueca,0-16,2005,559
50126,Illueca,0-16,2006,541
50126,Illueca,0-16,2007,531
50126,Illueca,0-16,2008,506
50126,Illueca,0-16,2009,504
50126,Illueca,0-16,2010,495
50126,Illueca,0-16,2011,476
50126,Illueca,0-16,2012,475
50126,Illueca,0-16,2013,443
50126,Illueca,0-16,2014,418
50126,Illueca,0-16,2015,403
50126,Illueca,0-16,2016,407
50126,Illueca,0-16,2017,385
50126,Illueca,0-16,2018,357
50126,Illueca,0-16,2019,328
50126,Illueca,0-16,2020,281
50126,Illueca,0-16,2021,274
50126,Illueca,0-16,2022,258
50126,Illueca,16-64,2003,2319
50126,Illueca,16-64,2004,2278
50126,Illueca,16-64,2005,2262
50126,Illueca,16-64,2006,2223
50126,Illueca,16-64,2007,2229
50126,Illueca,16-64,2008,2233
50126,Illueca,16-64,2009,2310
50126,Illueca,16-64,2010,2275
50126,Illueca,16-64,2011,2224
50126,Illueca,16-64,2012,2211
50126,Illueca,16-64,2013,2158
50126,Illueca,16-64,2014,2113
50126,Illueca,16-64,2015,2102
50126,Illueca,16-64,2016,2077
50126,Illueca,16-64,2017,2027
50126,Illueca,16-64,2018,1980
50126,Illueca,16-64,2019,1954
50126,Illueca,16-64,2020,1894
50126,Illueca,16-64,2021,1859
50126,Illueca,16-64,2022,1820
50126,Illueca,65-100,2003,525
50126,Illueca,65-100,2004,517
50126,Illueca,65-100,2005,511
50126,Illueca,65-100,2006,524
50126,Illueca,65-100,2007,519
50126,Illueca,65-100,2008,530
50126,Illueca,65-100,2009,567
50126,Illueca,65-100,2010,578
50126,Illueca,65-100,2011,582
50126,Illueca,65-100,2012,604
50126,Illueca,65-100,2013,615
50126,Illueca,65-100,2014,628
50126,Illueca,65-100,2015,634
50126,Illueca,65-100,2016,625
50126,Illueca,65-100,2017,632
50126,Illueca,65-100,2018,627
50126,Illueca,65-100,2019,642
50126,Illueca,65-100,2020,634
50126,Illueca,65-100,2021,645
50126,Illueca,65-100,2022,668
50128,Isuerre,0-16,2003,1
50128,Isuerre,0-16,2004,1
50128,Isuerre,0-16,2005,2
50128,Isuerre,0-16,2006,1
50128,Isuerre,0-16,2007,2
50128,Isuerre,0-16,2008,2
50128,Isuerre,0-16,2009,3
50128,Isuerre,0-16,2010,4
50128,Isuerre,0-16,2011,3
50128,Isuerre,0-16,2012,3
50128,Isuerre,0-16,2013,3
50128,Isuerre,0-16,2014,3
50128,Isuerre,0-16,2015,3
50128,Isuerre,0-16,2016,3
50128,Isuerre,0-16,2017,3
50128,Isuerre,0-16,2018,3
50128,Isuerre,0-16,2019,3
50128,Isuerre,0-16,2020,3
50128,Isuerre,0-16,2021,3
50128,Isuerre,0-16,2022,3
50128,Isuerre,16-64,2003,41
50128,Isuerre,16-64,2004,38
50128,Isuerre,16-64,2005,37
50128,Isuerre,16-64,2006,36
50128,Isuerre,16-64,2007,30
50128,Isuerre,16-64,2008,24
50128,Isuerre,16-64,2009,20
50128,Isuerre,16-64,2010,18
50128,Isuerre,16-64,2011,17
50128,Isuerre,16-64,2012,14
50128,Isuerre,16-64,2013,15
50128,Isuerre,16-64,2014,13
50128,Isuerre,16-64,2015,13
50128,Isuerre,16-64,2016,11
50128,Isuerre,16-64,2017,10
50128,Isuerre,16-64,2018,12
50128,Isuerre,16-64,2019,11
50128,Isuerre,16-64,2020,14
50128,Isuerre,16-64,2021,15
50128,Isuerre,16-64,2022,14
50128,Isuerre,65-100,2003,14
50128,Isuerre,65-100,2004,14
50128,Isuerre,65-100,2005,14
50128,Isuerre,65-100,2006,13
50128,Isuerre,65-100,2007,13
50128,Isuerre,65-100,2008,13
50128,Isuerre,65-100,2009,14
50128,Isuerre,65-100,2010,15
50128,Isuerre,65-100,2011,16
50128,Isuerre,65-100,2012,17
50128,Isuerre,65-100,2013,15
50128,Isuerre,65-100,2014,17
50128,Isuerre,65-100,2015,19
50128,Isuerre,65-100,2016,18
50128,Isuerre,65-100,2017,18
50128,Isuerre,65-100,2018,16
50128,Isuerre,65-100,2019,17
50128,Isuerre,65-100,2020,14
50128,Isuerre,65-100,2021,15
50128,Isuerre,65-100,2022,16
50129,Jaraba,0-16,2003,31
50129,Jaraba,0-16,2004,31
50129,Jaraba,0-16,2005,32
50129,Jaraba,0-16,2006,34
50129,Jaraba,0-16,2007,36
50129,Jaraba,0-16,2008,47
50129,Jaraba,0-16,2009,53
50129,Jaraba,0-16,2010,54
50129,Jaraba,0-16,2011,54
50129,Jaraba,0-16,2012,52
50129,Jaraba,0-16,2013,46
50129,Jaraba,0-16,2014,48
50129,Jaraba,0-16,2015,47
50129,Jaraba,0-16,2016,46
50129,Jaraba,0-16,2017,47
50129,Jaraba,0-16,2018,46
50129,Jaraba,0-16,2019,43
50129,Jaraba,0-16,2020,43
50129,Jaraba,0-16,2021,43
50129,Jaraba,0-16,2022,44
50129,Jaraba,16-64,2003,190
50129,Jaraba,16-64,2004,187
50129,Jaraba,16-64,2005,184
50129,Jaraba,16-64,2006,190
50129,Jaraba,16-64,2007,189
50129,Jaraba,16-64,2008,202
50129,Jaraba,16-64,2009,205
50129,Jaraba,16-64,2010,214
50129,Jaraba,16-64,2011,212
50129,Jaraba,16-64,2012,213
50129,Jaraba,16-64,2013,205
50129,Jaraba,16-64,2014,192
50129,Jaraba,16-64,2015,186
50129,Jaraba,16-64,2016,185
50129,Jaraba,16-64,2017,175
50129,Jaraba,16-64,2018,162
50129,Jaraba,16-64,2019,168
50129,Jaraba,16-64,2020,169
50129,Jaraba,16-64,2021,168
50129,Jaraba,16-64,2022,174
50129,Jaraba,65-100,2003,102
50129,Jaraba,65-100,2004,98
50129,Jaraba,65-100,2005,98
50129,Jaraba,65-100,2006,100
50129,Jaraba,65-100,2007,101
50129,Jaraba,65-100,2008,100
50129,Jaraba,65-100,2009,100
50129,Jaraba,65-100,2010,92
50129,Jaraba,65-100,2011,97
50129,Jaraba,65-100,2012,90
50129,Jaraba,65-100,2013,89
50129,Jaraba,65-100,2014,89
50129,Jaraba,65-100,2015,91
50129,Jaraba,65-100,2016,84
50129,Jaraba,65-100,2017,79
50129,Jaraba,65-100,2018,72
50129,Jaraba,65-100,2019,69
50129,Jaraba,65-100,2020,70
50129,Jaraba,65-100,2021,71
50129,Jaraba,65-100,2022,62
50130,Jarque de Moncayo,0-16,2003,70
50130,Jarque de Moncayo,0-16,2004,71
50130,Jarque de Moncayo,0-16,2005,72
50130,Jarque de Moncayo,0-16,2006,67
50130,Jarque de Moncayo,0-16,2007,68
50130,Jarque de Moncayo,0-16,2008,69
50130,Jarque de Moncayo,0-16,2009,63
50130,Jarque de Moncayo,0-16,2010,65
50130,Jarque de Moncayo,0-16,2011,57
50130,Jarque de Moncayo,0-16,2012,49
50130,Jarque de Moncayo,0-16,2013,49
50130,Jarque de Moncayo,0-16,2014,46
50130,Jarque de Moncayo,0-16,2015,34
50130,Jarque de Moncayo,0-16,2016,32
50130,Jarque de Moncayo,0-16,2017,32
50130,Jarque de Moncayo,0-16,2018,33
50130,Jarque de Moncayo,0-16,2019,31
50130,Jarque de Moncayo,0-16,2020,30
50130,Jarque de Moncayo,0-16,2021,34
50130,Jarque de Moncayo,0-16,2022,35
50130,Jarque de Moncayo,16-64,2003,325
50130,Jarque de Moncayo,16-64,2004,333
50130,Jarque de Moncayo,16-64,2005,335
50130,Jarque de Moncayo,16-64,2006,322
50130,Jarque de Moncayo,16-64,2007,324
50130,Jarque de Moncayo,16-64,2008,317
50130,Jarque de Moncayo,16-64,2009,318
50130,Jarque de Moncayo,16-64,2010,322
50130,Jarque de Moncayo,16-64,2011,322
50130,Jarque de Moncayo,16-64,2012,320
50130,Jarque de Moncayo,16-64,2013,327
50130,Jarque de Moncayo,16-64,2014,308
50130,Jarque de Moncayo,16-64,2015,296
50130,Jarque de Moncayo,16-64,2016,290
50130,Jarque de Moncayo,16-64,2017,285
50130,Jarque de Moncayo,16-64,2018,279
50130,Jarque de Moncayo,16-64,2019,280
50130,Jarque de Moncayo,16-64,2020,266
50130,Jarque de Moncayo,16-64,2021,260
50130,Jarque de Moncayo,16-64,2022,261
50130,Jarque de Moncayo,65-100,2003,160
50130,Jarque de Moncayo,65-100,2004,152
50130,Jarque de Moncayo,65-100,2005,146
50130,Jarque de Moncayo,65-100,2006,152
50130,Jarque de Moncayo,65-100,2007,159
50130,Jarque de Moncayo,65-100,2008,163
50130,Jarque de Moncayo,65-100,2009,165
50130,Jarque de Moncayo,65-100,2010,163
50130,Jarque de Moncayo,65-100,2011,164
50130,Jarque de Moncayo,65-100,2012,162
50130,Jarque de Moncayo,65-100,2013,153
50130,Jarque de Moncayo,65-100,2014,147
50130,Jarque de Moncayo,65-100,2015,143
50130,Jarque de Moncayo,65-100,2016,135
50130,Jarque de Moncayo,65-100,2017,131
50130,Jarque de Moncayo,65-100,2018,124
50130,Jarque de Moncayo,65-100,2019,124
50130,Jarque de Moncayo,65-100,2020,121
50130,Jarque de Moncayo,65-100,2021,119
50130,Jarque de Moncayo,65-100,2022,111
50131,Jaulín,0-16,2003,21
50131,Jaulín,0-16,2004,28
50131,Jaulín,0-16,2005,28
50131,Jaulín,0-16,2006,30
50131,Jaulín,0-16,2007,29
50131,Jaulín,0-16,2008,20
50131,Jaulín,0-16,2009,23
50131,Jaulín,0-16,2010,31
50131,Jaulín,0-16,2011,27
50131,Jaulín,0-16,2012,18
50131,Jaulín,0-16,2013,14
50131,Jaulín,0-16,2014,13
50131,Jaulín,0-16,2015,10
50131,Jaulín,0-16,2016,5
50131,Jaulín,0-16,2017,8
50131,Jaulín,0-16,2018,6
50131,Jaulín,0-16,2019,11
50131,Jaulín,0-16,2020,12
50131,Jaulín,0-16,2021,16
50131,Jaulín,0-16,2022,17
50131,Jaulín,16-64,2003,160
50131,Jaulín,16-64,2004,173
50131,Jaulín,16-64,2005,170
50131,Jaulín,16-64,2006,176
50131,Jaulín,16-64,2007,188
50131,Jaulín,16-64,2008,163
50131,Jaulín,16-64,2009,167
50131,Jaulín,16-64,2010,175
50131,Jaulín,16-64,2011,158
50131,Jaulín,16-64,2012,148
50131,Jaulín,16-64,2013,143
50131,Jaulín,16-64,2014,148
50131,Jaulín,16-64,2015,148
50131,Jaulín,16-64,2016,136
50131,Jaulín,16-64,2017,134
50131,Jaulín,16-64,2018,132
50131,Jaulín,16-64,2019,132
50131,Jaulín,16-64,2020,142
50131,Jaulín,16-64,2021,160
50131,Jaulín,16-64,2022,162
50131,Jaulín,65-100,2003,106
50131,Jaulín,65-100,2004,106
50131,Jaulín,65-100,2005,110
50131,Jaulín,65-100,2006,110
50131,Jaulín,65-100,2007,109
50131,Jaulín,65-100,2008,112
50131,Jaulín,65-100,2009,115
50131,Jaulín,65-100,2010,117
50131,Jaulín,65-100,2011,117
50131,Jaulín,65-100,2012,113
50131,Jaulín,65-100,2013,108
50131,Jaulín,65-100,2014,107
50131,Jaulín,65-100,2015,102
50131,Jaulín,65-100,2016,113
50131,Jaulín,65-100,2017,108
50131,Jaulín,65-100,2018,99
50131,Jaulín,65-100,2019,92
50131,Jaulín,65-100,2020,97
50131,Jaulín,65-100,2021,99
50131,Jaulín,65-100,2022,99
50132,La Joyosa,0-16,2003,69
50132,La Joyosa,0-16,2004,91
50132,La Joyosa,0-16,2005,109
50132,La Joyosa,0-16,2006,127
50132,La Joyosa,0-16,2007,141
50132,La Joyosa,0-16,2008,169
50132,La Joyosa,0-16,2009,173
50132,La Joyosa,0-16,2010,190
50132,La Joyosa,0-16,2011,189
50132,La Joyosa,0-16,2012,193
50132,La Joyosa,0-16,2013,194
50132,La Joyosa,0-16,2014,207
50132,La Joyosa,0-16,2015,225
50132,La Joyosa,0-16,2016,225
50132,La Joyosa,0-16,2017,221
50132,La Joyosa,0-16,2018,219
50132,La Joyosa,0-16,2019,223
50132,La Joyosa,0-16,2020,224
50132,La Joyosa,0-16,2021,227
50132,La Joyosa,0-16,2022,218
50132,La Joyosa,16-64,2003,342
50132,La Joyosa,16-64,2004,425
50132,La Joyosa,16-64,2005,493
50132,La Joyosa,16-64,2006,512
50132,La Joyosa,16-64,2007,552
50132,La Joyosa,16-64,2008,605
50132,La Joyosa,16-64,2009,628
50132,La Joyosa,16-64,2010,636
50132,La Joyosa,16-64,2011,631
50132,La Joyosa,16-64,2012,630
50132,La Joyosa,16-64,2013,675
50132,La Joyosa,16-64,2014,673
50132,La Joyosa,16-64,2015,697
50132,La Joyosa,16-64,2016,681
50132,La Joyosa,16-64,2017,701
50132,La Joyosa,16-64,2018,707
50132,La Joyosa,16-64,2019,699
50132,La Joyosa,16-64,2020,728
50132,La Joyosa,16-64,2021,761
50132,La Joyosa,16-64,2022,750
50132,La Joyosa,65-100,2003,95
50132,La Joyosa,65-100,2004,93
50132,La Joyosa,65-100,2005,95
50132,La Joyosa,65-100,2006,94
50132,La Joyosa,65-100,2007,97
50132,La Joyosa,65-100,2008,99
50132,La Joyosa,65-100,2009,101
50132,La Joyosa,65-100,2010,110
50132,La Joyosa,65-100,2011,121
50132,La Joyosa,65-100,2012,113
50132,La Joyosa,65-100,2013,114
50132,La Joyosa,65-100,2014,127
50132,La Joyosa,65-100,2015,120
50132,La Joyosa,65-100,2016,126
50132,La Joyosa,65-100,2017,136
50132,La Joyosa,65-100,2018,146
50132,La Joyosa,65-100,2019,151
50132,La Joyosa,65-100,2020,149
50132,La Joyosa,65-100,2021,144
50132,La Joyosa,65-100,2022,151
50133,Lagata,0-16,2003,11
50133,Lagata,0-16,2004,10
50133,Lagata,0-16,2005,10
50133,Lagata,0-16,2006,8
50133,Lagata,0-16,2007,8
50133,Lagata,0-16,2008,8
50133,Lagata,0-16,2009,7
50133,Lagata,0-16,2010,8
50133,Lagata,0-16,2011,9
50133,Lagata,0-16,2012,8
50133,Lagata,0-16,2013,6
50133,Lagata,0-16,2014,6
50133,Lagata,0-16,2015,4
50133,Lagata,0-16,2016,8
50133,Lagata,0-16,2017,7
50133,Lagata,0-16,2018,6
50133,Lagata,0-16,2019,7
50133,Lagata,0-16,2020,6
50133,Lagata,0-16,2021,5
50133,Lagata,0-16,2022,5
50133,Lagata,16-64,2003,70
50133,Lagata,16-64,2004,66
50133,Lagata,16-64,2005,71
50133,Lagata,16-64,2006,84
50133,Lagata,16-64,2007,77
50133,Lagata,16-64,2008,75
50133,Lagata,16-64,2009,74
50133,Lagata,16-64,2010,71
50133,Lagata,16-64,2011,82
50133,Lagata,16-64,2012,76
50133,Lagata,16-64,2013,83
50133,Lagata,16-64,2014,74
50133,Lagata,16-64,2015,68
50133,Lagata,16-64,2016,67
50133,Lagata,16-64,2017,65
50133,Lagata,16-64,2018,59
50133,Lagata,16-64,2019,57
50133,Lagata,16-64,2020,58
50133,Lagata,16-64,2021,62
50133,Lagata,16-64,2022,62
50133,Lagata,65-100,2003,60
50133,Lagata,65-100,2004,56
50133,Lagata,65-100,2005,60
50133,Lagata,65-100,2006,63
50133,Lagata,65-100,2007,59
50133,Lagata,65-100,2008,58
50133,Lagata,65-100,2009,56
50133,Lagata,65-100,2010,55
50133,Lagata,65-100,2011,54
50133,Lagata,65-100,2012,51
50133,Lagata,65-100,2013,53
50133,Lagata,65-100,2014,53
50133,Lagata,65-100,2015,52
50133,Lagata,65-100,2016,51
50133,Lagata,65-100,2017,47
50133,Lagata,65-100,2018,46
50133,Lagata,65-100,2019,47
50133,Lagata,65-100,2020,45
50133,Lagata,65-100,2021,47
50133,Lagata,65-100,2022,42
50134,Langa del Castillo,0-16,2003,8
50134,Langa del Castillo,0-16,2004,7
50134,Langa del Castillo,0-16,2005,7
50134,Langa del Castillo,0-16,2006,6
50134,Langa del Castillo,0-16,2007,5
50134,Langa del Castillo,0-16,2008,5
50134,Langa del Castillo,0-16,2009,4
50134,Langa del Castillo,0-16,2010,4
50134,Langa del Castillo,0-16,2011,4
50134,Langa del Castillo,0-16,2012,4
50134,Langa del Castillo,0-16,2013,4
50134,Langa del Castillo,0-16,2014,2
50134,Langa del Castillo,0-16,2015,2
50134,Langa del Castillo,0-16,2016,2
50134,Langa del Castillo,0-16,2017,3
50134,Langa del Castillo,0-16,2018,3
50134,Langa del Castillo,0-16,2019,1
50134,Langa del Castillo,0-16,2020,4
50134,Langa del Castillo,0-16,2021,4
50134,Langa del Castillo,0-16,2022,4
50134,Langa del Castillo,16-64,2003,85
50134,Langa del Castillo,16-64,2004,93
50134,Langa del Castillo,16-64,2005,88
50134,Langa del Castillo,16-64,2006,85
50134,Langa del Castillo,16-64,2007,86
50134,Langa del Castillo,16-64,2008,81
50134,Langa del Castillo,16-64,2009,82
50134,Langa del Castillo,16-64,2010,81
50134,Langa del Castillo,16-64,2011,75
50134,Langa del Castillo,16-64,2012,74
50134,Langa del Castillo,16-64,2013,62
50134,Langa del Castillo,16-64,2014,67
50134,Langa del Castillo,16-64,2015,70
50134,Langa del Castillo,16-64,2016,69
50134,Langa del Castillo,16-64,2017,64
50134,Langa del Castillo,16-64,2018,65
50134,Langa del Castillo,16-64,2019,60
50134,Langa del Castillo,16-64,2020,60
50134,Langa del Castillo,16-64,2021,53
50134,Langa del Castillo,16-64,2022,53
50134,Langa del Castillo,65-100,2003,78
50134,Langa del Castillo,65-100,2004,75
50134,Langa del Castillo,65-100,2005,69
50134,Langa del Castillo,65-100,2006,68
50134,Langa del Castillo,65-100,2007,63
50134,Langa del Castillo,65-100,2008,65
50134,Langa del Castillo,65-100,2009,66
50134,Langa del Castillo,65-100,2010,66
50134,Langa del Castillo,65-100,2011,66
50134,Langa del Castillo,65-100,2012,63
50134,Langa del Castillo,65-100,2013,68
50134,Langa del Castillo,65-100,2014,67
50134,Langa del Castillo,65-100,2015,65
50134,Langa del Castillo,65-100,2016,63
50134,Langa del Castillo,65-100,2017,66
50134,Langa del Castillo,65-100,2018,64
50134,Langa del Castillo,65-100,2019,60
50134,Langa del Castillo,65-100,2020,58
50134,Langa del Castillo,65-100,2021,59
50134,Langa del Castillo,65-100,2022,58
50135,Layana,0-16,2003,8
50135,Layana,0-16,2004,8
50135,Layana,0-16,2005,8
50135,Layana,0-16,2006,13
50135,Layana,0-16,2007,12
50135,Layana,0-16,2008,12
50135,Layana,0-16,2009,11
50135,Layana,0-16,2010,16
50135,Layana,0-16,2011,13
50135,Layana,0-16,2012,13
50135,Layana,0-16,2013,11
50135,Layana,0-16,2014,13
50135,Layana,0-16,2015,11
50135,Layana,0-16,2016,7
50135,Layana,0-16,2017,7
50135,Layana,0-16,2018,8
50135,Layana,0-16,2019,7
50135,Layana,0-16,2020,5
50135,Layana,0-16,2021,5
50135,Layana,0-16,2022,8
50135,Layana,16-64,2003,88
50135,Layana,16-64,2004,87
50135,Layana,16-64,2005,87
50135,Layana,16-64,2006,78
50135,Layana,16-64,2007,72
50135,Layana,16-64,2008,66
50135,Layana,16-64,2009,64
50135,Layana,16-64,2010,72
50135,Layana,16-64,2011,74
50135,Layana,16-64,2012,75
50135,Layana,16-64,2013,58
50135,Layana,16-64,2014,66
50135,Layana,16-64,2015,61
50135,Layana,16-64,2016,55
50135,Layana,16-64,2017,59
50135,Layana,16-64,2018,58
50135,Layana,16-64,2019,54
50135,Layana,16-64,2020,56
50135,Layana,16-64,2021,57
50135,Layana,16-64,2022,58
50135,Layana,65-100,2003,29
50135,Layana,65-100,2004,25
50135,Layana,65-100,2005,28
50135,Layana,65-100,2006,31
50135,Layana,65-100,2007,32
50135,Layana,65-100,2008,36
50135,Layana,65-100,2009,36
50135,Layana,65-100,2010,36
50135,Layana,65-100,2011,36
50135,Layana,65-100,2012,39
50135,Layana,65-100,2013,39
50135,Layana,65-100,2014,40
50135,Layana,65-100,2015,42
50135,Layana,65-100,2016,39
50135,Layana,65-100,2017,39
50135,Layana,65-100,2018,34
50135,Layana,65-100,2019,36
50135,Layana,65-100,2020,33
50135,Layana,65-100,2021,30
50135,Layana,65-100,2022,30
50136,Lécera,0-16,2003,74
50136,Lécera,0-16,2004,77
50136,Lécera,0-16,2005,71
50136,Lécera,0-16,2006,66
50136,Lécera,0-16,2007,61
50136,Lécera,0-16,2008,57
50136,Lécera,0-16,2009,60
50136,Lécera,0-16,2010,66
50136,Lécera,0-16,2011,64
50136,Lécera,0-16,2012,66
50136,Lécera,0-16,2013,71
50136,Lécera,0-16,2014,65
50136,Lécera,0-16,2015,64
50136,Lécera,0-16,2016,60
50136,Lécera,0-16,2017,55
50136,Lécera,0-16,2018,50
50136,Lécera,0-16,2019,48
50136,Lécera,0-16,2020,45
50136,Lécera,0-16,2021,51
50136,Lécera,0-16,2022,49
50136,Lécera,16-64,2003,379
50136,Lécera,16-64,2004,375
50136,Lécera,16-64,2005,396
50136,Lécera,16-64,2006,390
50136,Lécera,16-64,2007,384
50136,Lécera,16-64,2008,386
50136,Lécera,16-64,2009,383
50136,Lécera,16-64,2010,406
50136,Lécera,16-64,2011,409
50136,Lécera,16-64,2012,407
50136,Lécera,16-64,2013,411
50136,Lécera,16-64,2014,403
50136,Lécera,16-64,2015,415
50136,Lécera,16-64,2016,419
50136,Lécera,16-64,2017,394
50136,Lécera,16-64,2018,386
50136,Lécera,16-64,2019,367
50136,Lécera,16-64,2020,369
50136,Lécera,16-64,2021,370
50136,Lécera,16-64,2022,370
50136,Lécera,65-100,2003,333
50136,Lécera,65-100,2004,325
50136,Lécera,65-100,2005,309
50136,Lécera,65-100,2006,302
50136,Lécera,65-100,2007,291
50136,Lécera,65-100,2008,293
50136,Lécera,65-100,2009,289
50136,Lécera,65-100,2010,293
50136,Lécera,65-100,2011,286
50136,Lécera,65-100,2012,284
50136,Lécera,65-100,2013,272
50136,Lécera,65-100,2014,262
50136,Lécera,65-100,2015,250
50136,Lécera,65-100,2016,247
50136,Lécera,65-100,2017,238
50136,Lécera,65-100,2018,225
50136,Lécera,65-100,2019,218
50136,Lécera,65-100,2020,217
50136,Lécera,65-100,2021,221
50136,Lécera,65-100,2022,215
50138,Lechón,0-16,2003,3
50138,Lechón,0-16,2004,3
50138,Lechón,0-16,2005,3
50138,Lechón,0-16,2006,3
50138,Lechón,0-16,2007,4
50138,Lechón,0-16,2008,5
50138,Lechón,0-16,2009,5
50138,Lechón,0-16,2010,4
50138,Lechón,0-16,2011,3
50138,Lechón,0-16,2012,3
50138,Lechón,0-16,2013,3
50138,Lechón,0-16,2014,6
50138,Lechón,0-16,2015,5
50138,Lechón,0-16,2016,4
50138,Lechón,0-16,2017,2
50138,Lechón,0-16,2018,3
50138,Lechón,0-16,2019,3
50138,Lechón,0-16,2020,2
50138,Lechón,0-16,2021,1
50138,Lechón,0-16,2022,1
50138,Lechón,16-64,2003,30
50138,Lechón,16-64,2004,30
50138,Lechón,16-64,2005,29
50138,Lechón,16-64,2006,32
50138,Lechón,16-64,2007,26
50138,Lechón,16-64,2008,27
50138,Lechón,16-64,2009,28
50138,Lechón,16-64,2010,30
50138,Lechón,16-64,2011,24
50138,Lechón,16-64,2012,27
50138,Lechón,16-64,2013,26
50138,Lechón,16-64,2014,27
50138,Lechón,16-64,2015,30
50138,Lechón,16-64,2016,26
50138,Lechón,16-64,2017,29
50138,Lechón,16-64,2018,30
50138,Lechón,16-64,2019,29
50138,Lechón,16-64,2020,28
50138,Lechón,16-64,2021,29
50138,Lechón,16-64,2022,29
50138,Lechón,65-100,2003,26
50138,Lechón,65-100,2004,25
50138,Lechón,65-100,2005,26
50138,Lechón,65-100,2006,24
50138,Lechón,65-100,2007,24
50138,Lechón,65-100,2008,24
50138,Lechón,65-100,2009,21
50138,Lechón,65-100,2010,23
50138,Lechón,65-100,2011,21
50138,Lechón,65-100,2012,22
50138,Lechón,65-100,2013,22
50138,Lechón,65-100,2014,20
50138,Lechón,65-100,2015,21
50138,Lechón,65-100,2016,21
50138,Lechón,65-100,2017,20
50138,Lechón,65-100,2018,20
50138,Lechón,65-100,2019,19
50138,Lechón,65-100,2020,16
50138,Lechón,65-100,2021,17
50138,Lechón,65-100,2022,17
50137,Leciñena,0-16,2003,110
50137,Leciñena,0-16,2004,105
50137,Leciñena,0-16,2005,105
50137,Leciñena,0-16,2006,113
50137,Leciñena,0-16,2007,121
50137,Leciñena,0-16,2008,124
50137,Leciñena,0-16,2009,120
50137,Leciñena,0-16,2010,123
50137,Leciñena,0-16,2011,136
50137,Leciñena,0-16,2012,140
50137,Leciñena,0-16,2013,137
50137,Leciñena,0-16,2014,136
50137,Leciñena,0-16,2015,141
50137,Leciñena,0-16,2016,145
50137,Leciñena,0-16,2017,145
50137,Leciñena,0-16,2018,143
50137,Leciñena,0-16,2019,144
50137,Leciñena,0-16,2020,138
50137,Leciñena,0-16,2021,132
50137,Leciñena,0-16,2022,127
50137,Leciñena,16-64,2003,795
50137,Leciñena,16-64,2004,784
50137,Leciñena,16-64,2005,789
50137,Leciñena,16-64,2006,784
50137,Leciñena,16-64,2007,783
50137,Leciñena,16-64,2008,786
50137,Leciñena,16-64,2009,777
50137,Leciñena,16-64,2010,772
50137,Leciñena,16-64,2011,778
50137,Leciñena,16-64,2012,753
50137,Leciñena,16-64,2013,712
50137,Leciñena,16-64,2014,683
50137,Leciñena,16-64,2015,675
50137,Leciñena,16-64,2016,668
50137,Leciñena,16-64,2017,663
50137,Leciñena,16-64,2018,640
50137,Leciñena,16-64,2019,632
50137,Leciñena,16-64,2020,634
50137,Leciñena,16-64,2021,623
50137,Leciñena,16-64,2022,614
50137,Leciñena,65-100,2003,391
50137,Leciñena,65-100,2004,391
50137,Leciñena,65-100,2005,390
50137,Leciñena,65-100,2006,391
50137,Leciñena,65-100,2007,387
50137,Leciñena,65-100,2008,399
50137,Leciñena,65-100,2009,402
50137,Leciñena,65-100,2010,410
50137,Leciñena,65-100,2011,425
50137,Leciñena,65-100,2012,413
50137,Leciñena,65-100,2013,414
50137,Leciñena,65-100,2014,415
50137,Leciñena,65-100,2015,404
50137,Leciñena,65-100,2016,402
50137,Leciñena,65-100,2017,391
50137,Leciñena,65-100,2018,379
50137,Leciñena,65-100,2019,379
50137,Leciñena,65-100,2020,374
50137,Leciñena,65-100,2021,377
50137,Leciñena,65-100,2022,375
50139,Letux,0-16,2003,31
50139,Letux,0-16,2004,27
50139,Letux,0-16,2005,29
50139,Letux,0-16,2006,27
50139,Letux,0-16,2007,30
50139,Letux,0-16,2008,27
50139,Letux,0-16,2009,37
50139,Letux,0-16,2010,37
50139,Letux,0-16,2011,34
50139,Letux,0-16,2012,31
50139,Letux,0-16,2013,25
50139,Letux,0-16,2014,28
50139,Letux,0-16,2015,24
50139,Letux,0-16,2016,18
50139,Letux,0-16,2017,22
50139,Letux,0-16,2018,18
50139,Letux,0-16,2019,20
50139,Letux,0-16,2020,15
50139,Letux,0-16,2021,17
50139,Letux,0-16,2022,14
50139,Letux,16-64,2003,243
50139,Letux,16-64,2004,228
50139,Letux,16-64,2005,204
50139,Letux,16-64,2006,197
50139,Letux,16-64,2007,237
50139,Letux,16-64,2008,227
50139,Letux,16-64,2009,243
50139,Letux,16-64,2010,219
50139,Letux,16-64,2011,224
50139,Letux,16-64,2012,218
50139,Letux,16-64,2013,199
50139,Letux,16-64,2014,205
50139,Letux,16-64,2015,196
50139,Letux,16-64,2016,189
50139,Letux,16-64,2017,189
50139,Letux,16-64,2018,192
50139,Letux,16-64,2019,205
50139,Letux,16-64,2020,193
50139,Letux,16-64,2021,195
50139,Letux,16-64,2022,192
50139,Letux,65-100,2003,182
50139,Letux,65-100,2004,178
50139,Letux,65-100,2005,180
50139,Letux,65-100,2006,173
50139,Letux,65-100,2007,171
50139,Letux,65-100,2008,164
50139,Letux,65-100,2009,172
50139,Letux,65-100,2010,169
50139,Letux,65-100,2011,170
50139,Letux,65-100,2012,155
50139,Letux,65-100,2013,148
50139,Letux,65-100,2014,146
50139,Letux,65-100,2015,139
50139,Letux,65-100,2016,143
50139,Letux,65-100,2017,138
50139,Letux,65-100,2018,132
50139,Letux,65-100,2019,139
50139,Letux,65-100,2020,134
50139,Letux,65-100,2021,131
50139,Letux,65-100,2022,131
50140,Litago,0-16,2003,18
50140,Litago,0-16,2004,17
50140,Litago,0-16,2005,16
50140,Litago,0-16,2006,13
50140,Litago,0-16,2007,12
50140,Litago,0-16,2008,11
50140,Litago,0-16,2009,8
50140,Litago,0-16,2010,11
50140,Litago,0-16,2011,7
50140,Litago,0-16,2012,6
50140,Litago,0-16,2013,6
50140,Litago,0-16,2014,6
50140,Litago,0-16,2015,6
50140,Litago,0-16,2016,6
50140,Litago,0-16,2017,4
50140,Litago,0-16,2018,4
50140,Litago,0-16,2019,4
50140,Litago,0-16,2020,5
50140,Litago,0-16,2021,7
50140,Litago,0-16,2022,11
50140,Litago,16-64,2003,120
50140,Litago,16-64,2004,112
50140,Litago,16-64,2005,112
50140,Litago,16-64,2006,109
50140,Litago,16-64,2007,108
50140,Litago,16-64,2008,106
50140,Litago,16-64,2009,101
50140,Litago,16-64,2010,102
50140,Litago,16-64,2011,104
50140,Litago,16-64,2012,99
50140,Litago,16-64,2013,104
50140,Litago,16-64,2014,102
50140,Litago,16-64,2015,99
50140,Litago,16-64,2016,93
50140,Litago,16-64,2017,95
50140,Litago,16-64,2018,90
50140,Litago,16-64,2019,88
50140,Litago,16-64,2020,91
50140,Litago,16-64,2021,113
50140,Litago,16-64,2022,113
50140,Litago,65-100,2003,65
50140,Litago,65-100,2004,66
50140,Litago,65-100,2005,64
50140,Litago,65-100,2006,65
50140,Litago,65-100,2007,65
50140,Litago,65-100,2008,67
50140,Litago,65-100,2009,71
50140,Litago,65-100,2010,70
50140,Litago,65-100,2011,74
50140,Litago,65-100,2012,69
50140,Litago,65-100,2013,63
50140,Litago,65-100,2014,66
50140,Litago,65-100,2015,69
50140,Litago,65-100,2016,72
50140,Litago,65-100,2017,72
50140,Litago,65-100,2018,72
50140,Litago,65-100,2019,69
50140,Litago,65-100,2020,68
50140,Litago,65-100,2021,70
50140,Litago,65-100,2022,70
50141,Lituénigo,0-16,2003,5
50141,Lituénigo,0-16,2004,4
50141,Lituénigo,0-16,2005,5
50141,Lituénigo,0-16,2006,5
50141,Lituénigo,0-16,2007,9
50141,Lituénigo,0-16,2008,4
50141,Lituénigo,0-16,2009,4
50141,Lituénigo,0-16,2010,5
50141,Lituénigo,0-16,2011,4
50141,Lituénigo,0-16,2012,2
50141,Lituénigo,0-16,2013,3
50141,Lituénigo,0-16,2014,4
50141,Lituénigo,0-16,2015,3
50141,Lituénigo,0-16,2016,2
50141,Lituénigo,0-16,2017,4
50141,Lituénigo,0-16,2018,6
50141,Lituénigo,0-16,2019,8
50141,Lituénigo,0-16,2020,9
50141,Lituénigo,0-16,2021,9
50141,Lituénigo,0-16,2022,11
50141,Lituénigo,16-64,2003,61
50141,Lituénigo,16-64,2004,64
50141,Lituénigo,16-64,2005,61
50141,Lituénigo,16-64,2006,65
50141,Lituénigo,16-64,2007,66
50141,Lituénigo,16-64,2008,62
50141,Lituénigo,16-64,2009,64
50141,Lituénigo,16-64,2010,71
50141,Lituénigo,16-64,2011,74
50141,Lituénigo,16-64,2012,70
50141,Lituénigo,16-64,2013,79
50141,Lituénigo,16-64,2014,81
50141,Lituénigo,16-64,2015,80
50141,Lituénigo,16-64,2016,76
50141,Lituénigo,16-64,2017,75
50141,Lituénigo,16-64,2018,78
50141,Lituénigo,16-64,2019,71
50141,Lituénigo,16-64,2020,78
50141,Lituénigo,16-64,2021,75
50141,Lituénigo,16-64,2022,76
50141,Lituénigo,65-100,2003,56
50141,Lituénigo,65-100,2004,55
50141,Lituénigo,65-100,2005,58
50141,Lituénigo,65-100,2006,58
50141,Lituénigo,65-100,2007,55
50141,Lituénigo,65-100,2008,51
50141,Lituénigo,65-100,2009,49
50141,Lituénigo,65-100,2010,49
50141,Lituénigo,65-100,2011,48
50141,Lituénigo,65-100,2012,48
50141,Lituénigo,65-100,2013,42
50141,Lituénigo,65-100,2014,41
50141,Lituénigo,65-100,2015,40
50141,Lituénigo,65-100,2016,40
50141,Lituénigo,65-100,2017,40
50141,Lituénigo,65-100,2018,43
50141,Lituénigo,65-100,2019,41
50141,Lituénigo,65-100,2020,36
50141,Lituénigo,65-100,2021,35
50141,Lituénigo,65-100,2022,34
50142,Lobera de Onsella,0-16,2003,2
50142,Lobera de Onsella,0-16,2004,2
50142,Lobera de Onsella,0-16,2005,4
50142,Lobera de Onsella,0-16,2006,1
50142,Lobera de Onsella,0-16,2007,1
50142,Lobera de Onsella,0-16,2008,1
50142,Lobera de Onsella,0-16,2009,2
50142,Lobera de Onsella,0-16,2010,4
50142,Lobera de Onsella,0-16,2011,4
50142,Lobera de Onsella,0-16,2012,2
50142,Lobera de Onsella,0-16,2013,2
50142,Lobera de Onsella,0-16,2014,2
50142,Lobera de Onsella,0-16,2015,2
50142,Lobera de Onsella,0-16,2016,2
50142,Lobera de Onsella,0-16,2017,4
50142,Lobera de Onsella,0-16,2018,2
50142,Lobera de Onsella,0-16,2019,3
50142,Lobera de Onsella,0-16,2020,3
50142,Lobera de Onsella,0-16,2021,2
50142,Lobera de Onsella,0-16,2022,2
50142,Lobera de Onsella,16-64,2003,20
50142,Lobera de Onsella,16-64,2004,25
50142,Lobera de Onsella,16-64,2005,23
50142,Lobera de Onsella,16-64,2006,22
50142,Lobera de Onsella,16-64,2007,26
50142,Lobera de Onsella,16-64,2008,23
50142,Lobera de Onsella,16-64,2009,20
50142,Lobera de Onsella,16-64,2010,20
50142,Lobera de Onsella,16-64,2011,24
50142,Lobera de Onsella,16-64,2012,21
50142,Lobera de Onsella,16-64,2013,19
50142,Lobera de Onsella,16-64,2014,21
50142,Lobera de Onsella,16-64,2015,20
50142,Lobera de Onsella,16-64,2016,15
50142,Lobera de Onsella,16-64,2017,15
50142,Lobera de Onsella,16-64,2018,16
50142,Lobera de Onsella,16-64,2019,16
50142,Lobera de Onsella,16-64,2020,15
50142,Lobera de Onsella,16-64,2021,15
50142,Lobera de Onsella,16-64,2022,15
50142,Lobera de Onsella,65-100,2003,36
50142,Lobera de Onsella,65-100,2004,35
50142,Lobera de Onsella,65-100,2005,35
50142,Lobera de Onsella,65-100,2006,31
50142,Lobera de Onsella,65-100,2007,32
50142,Lobera de Onsella,65-100,2008,29
50142,Lobera de Onsella,65-100,2009,27
50142,Lobera de Onsella,65-100,2010,26
50142,Lobera de Onsella,65-100,2011,26
50142,Lobera de Onsella,65-100,2012,22
50142,Lobera de Onsella,65-100,2013,19
50142,Lobera de Onsella,65-100,2014,19
50142,Lobera de Onsella,65-100,2015,20
50142,Lobera de Onsella,65-100,2016,15
50142,Lobera de Onsella,65-100,2017,11
50142,Lobera de Onsella,65-100,2018,10
50142,Lobera de Onsella,65-100,2019,9
50142,Lobera de Onsella,65-100,2020,8
50142,Lobera de Onsella,65-100,2021,8
50142,Lobera de Onsella,65-100,2022,9
50143,Longares,0-16,2003,95
50143,Longares,0-16,2004,92
50143,Longares,0-16,2005,90
50143,Longares,0-16,2006,89
50143,Longares,0-16,2007,97
50143,Longares,0-16,2008,97
50143,Longares,0-16,2009,100
50143,Longares,0-16,2010,103
50143,Longares,0-16,2011,98
50143,Longares,0-16,2012,101
50143,Longares,0-16,2013,98
50143,Longares,0-16,2014,92
50143,Longares,0-16,2015,84
50143,Longares,0-16,2016,75
50143,Longares,0-16,2017,80
50143,Longares,0-16,2018,70
50143,Longares,0-16,2019,75
50143,Longares,0-16,2020,81
50143,Longares,0-16,2021,84
50143,Longares,0-16,2022,86
50143,Longares,16-64,2003,671
50143,Longares,16-64,2004,595
50143,Longares,16-64,2005,612
50143,Longares,16-64,2006,567
50143,Longares,16-64,2007,558
50143,Longares,16-64,2008,588
50143,Longares,16-64,2009,575
50143,Longares,16-64,2010,573
50143,Longares,16-64,2011,590
50143,Longares,16-64,2012,581
50143,Longares,16-64,2013,601
50143,Longares,16-64,2014,614
50143,Longares,16-64,2015,575
50143,Longares,16-64,2016,530
50143,Longares,16-64,2017,531
50143,Longares,16-64,2018,514
50143,Longares,16-64,2019,548
50143,Longares,16-64,2020,617
50143,Longares,16-64,2021,616
50143,Longares,16-64,2022,623
50143,Longares,65-100,2003,233
50143,Longares,65-100,2004,219
50143,Longares,65-100,2005,212
50143,Longares,65-100,2006,223
50143,Longares,65-100,2007,218
50143,Longares,65-100,2008,219
50143,Longares,65-100,2009,221
50143,Longares,65-100,2010,220
50143,Longares,65-100,2011,219
50143,Longares,65-100,2012,213
50143,Longares,65-100,2013,204
50143,Longares,65-100,2014,192
50143,Longares,65-100,2015,188
50143,Longares,65-100,2016,184
50143,Longares,65-100,2017,187
50143,Longares,65-100,2018,179
50143,Longares,65-100,2019,188
50143,Longares,65-100,2020,185
50143,Longares,65-100,2021,176
50143,Longares,65-100,2022,173
50144,Longás,0-16,2003,2
50144,Longás,0-16,2004,4
50144,Longás,0-16,2005,3
50144,Longás,0-16,2006,2
50144,Longás,0-16,2007,2
50144,Longás,0-16,2008,1
50144,Longás,0-16,2009,1
50144,Longás,0-16,2010,1
50144,Longás,0-16,2011,0
50144,Longás,0-16,2012,0
50144,Longás,0-16,2013,0
50144,Longás,0-16,2014,0
50144,Longás,0-16,2015,0
50144,Longás,0-16,2016,0
50144,Longás,0-16,2017,0
50144,Longás,0-16,2018,0
50144,Longás,0-16,2019,0
50144,Longás,0-16,2020,0
50144,Longás,0-16,2021,0
50144,Longás,0-16,2022,0
50144,Longás,16-64,2003,36
50144,Longás,16-64,2004,37
50144,Longás,16-64,2005,37
50144,Longás,16-64,2006,32
50144,Longás,16-64,2007,30
50144,Longás,16-64,2008,28
50144,Longás,16-64,2009,24
50144,Longás,16-64,2010,21
50144,Longás,16-64,2011,17
50144,Longás,16-64,2012,17
50144,Longás,16-64,2013,19
50144,Longás,16-64,2014,19
50144,Longás,16-64,2015,22
50144,Longás,16-64,2016,18
50144,Longás,16-64,2017,16
50144,Longás,16-64,2018,18
50144,Longás,16-64,2019,15
50144,Longás,16-64,2020,16
50144,Longás,16-64,2021,21
50144,Longás,16-64,2022,25
50144,Longás,65-100,2003,11
50144,Longás,65-100,2004,12
50144,Longás,65-100,2005,10
50144,Longás,65-100,2006,10
50144,Longás,65-100,2007,11
50144,Longás,65-100,2008,13
50144,Longás,65-100,2009,14
50144,Longás,65-100,2010,14
50144,Longás,65-100,2011,15
50144,Longás,65-100,2012,17
50144,Longás,65-100,2013,16
50144,Longás,65-100,2014,16
50144,Longás,65-100,2015,14
50144,Longás,65-100,2016,17
50144,Longás,65-100,2017,16
50144,Longás,65-100,2018,17
50144,Longás,65-100,2019,16
50144,Longás,65-100,2020,16
50144,Longás,65-100,2021,15
50144,Longás,65-100,2022,17
50146,Lucena de Jalón,0-16,2003,10
50146,Lucena de Jalón,0-16,2004,12
50146,Lucena de Jalón,0-16,2005,18
50146,Lucena de Jalón,0-16,2006,18
50146,Lucena de Jalón,0-16,2007,22
50146,Lucena de Jalón,0-16,2008,21
50146,Lucena de Jalón,0-16,2009,28
50146,Lucena de Jalón,0-16,2010,24
50146,Lucena de Jalón,0-16,2011,29
50146,Lucena de Jalón,0-16,2012,31
50146,Lucena de Jalón,0-16,2013,31
50146,Lucena de Jalón,0-16,2014,27
50146,Lucena de Jalón,0-16,2015,28
50146,Lucena de Jalón,0-16,2016,29
50146,Lucena de Jalón,0-16,2017,35
50146,Lucena de Jalón,0-16,2018,37
50146,Lucena de Jalón,0-16,2019,37
50146,Lucena de Jalón,0-16,2020,33
50146,Lucena de Jalón,0-16,2021,28
50146,Lucena de Jalón,0-16,2022,27
50146,Lucena de Jalón,16-64,2003,143
50146,Lucena de Jalón,16-64,2004,145
50146,Lucena de Jalón,16-64,2005,157
50146,Lucena de Jalón,16-64,2006,161
50146,Lucena de Jalón,16-64,2007,183
50146,Lucena de Jalón,16-64,2008,202
50146,Lucena de Jalón,16-64,2009,206
50146,Lucena de Jalón,16-64,2010,199
50146,Lucena de Jalón,16-64,2011,194
50146,Lucena de Jalón,16-64,2012,150
50146,Lucena de Jalón,16-64,2013,149
50146,Lucena de Jalón,16-64,2014,146
50146,Lucena de Jalón,16-64,2015,136
50146,Lucena de Jalón,16-64,2016,133
50146,Lucena de Jalón,16-64,2017,136
50146,Lucena de Jalón,16-64,2018,134
50146,Lucena de Jalón,16-64,2019,131
50146,Lucena de Jalón,16-64,2020,130
50146,Lucena de Jalón,16-64,2021,132
50146,Lucena de Jalón,16-64,2022,129
50146,Lucena de Jalón,65-100,2003,92
50146,Lucena de Jalón,65-100,2004,95
50146,Lucena de Jalón,65-100,2005,92
50146,Lucena de Jalón,65-100,2006,95
50146,Lucena de Jalón,65-100,2007,89
50146,Lucena de Jalón,65-100,2008,84
50146,Lucena de Jalón,65-100,2009,87
50146,Lucena de Jalón,65-100,2010,86
50146,Lucena de Jalón,65-100,2011,84
50146,Lucena de Jalón,65-100,2012,88
50146,Lucena de Jalón,65-100,2013,84
50146,Lucena de Jalón,65-100,2014,79
50146,Lucena de Jalón,65-100,2015,78
50146,Lucena de Jalón,65-100,2016,67
50146,Lucena de Jalón,65-100,2017,66
50146,Lucena de Jalón,65-100,2018,66
50146,Lucena de Jalón,65-100,2019,72
50146,Lucena de Jalón,65-100,2020,69
50146,Lucena de Jalón,65-100,2021,67
50146,Lucena de Jalón,65-100,2022,70
50147,Luceni,0-16,2003,129
50147,Luceni,0-16,2004,122
50147,Luceni,0-16,2005,127
50147,Luceni,0-16,2006,127
50147,Luceni,0-16,2007,131
50147,Luceni,0-16,2008,128
50147,Luceni,0-16,2009,135
50147,Luceni,0-16,2010,137
50147,Luceni,0-16,2011,138
50147,Luceni,0-16,2012,126
50147,Luceni,0-16,2013,130
50147,Luceni,0-16,2014,122
50147,Luceni,0-16,2015,135
50147,Luceni,0-16,2016,139
50147,Luceni,0-16,2017,134
50147,Luceni,0-16,2018,126
50147,Luceni,0-16,2019,124
50147,Luceni,0-16,2020,125
50147,Luceni,0-16,2021,138
50147,Luceni,0-16,2022,133
50147,Luceni,16-64,2003,599
50147,Luceni,16-64,2004,607
50147,Luceni,16-64,2005,612
50147,Luceni,16-64,2006,610
50147,Luceni,16-64,2007,623
50147,Luceni,16-64,2008,652
50147,Luceni,16-64,2009,674
50147,Luceni,16-64,2010,674
50147,Luceni,16-64,2011,671
50147,Luceni,16-64,2012,644
50147,Luceni,16-64,2013,634
50147,Luceni,16-64,2014,630
50147,Luceni,16-64,2015,623
50147,Luceni,16-64,2016,607
50147,Luceni,16-64,2017,598
50147,Luceni,16-64,2018,591
50147,Luceni,16-64,2019,599
50147,Luceni,16-64,2020,598
50147,Luceni,16-64,2021,621
50147,Luceni,16-64,2022,613
50147,Luceni,65-100,2003,325
50147,Luceni,65-100,2004,319
50147,Luceni,65-100,2005,319
50147,Luceni,65-100,2006,315
50147,Luceni,65-100,2007,316
50147,Luceni,65-100,2008,300
50147,Luceni,65-100,2009,292
50147,Luceni,65-100,2010,287
50147,Luceni,65-100,2011,279
50147,Luceni,65-100,2012,275
50147,Luceni,65-100,2013,268
50147,Luceni,65-100,2014,262
50147,Luceni,65-100,2015,248
50147,Luceni,65-100,2016,243
50147,Luceni,65-100,2017,239
50147,Luceni,65-100,2018,228
50147,Luceni,65-100,2019,233
50147,Luceni,65-100,2020,232
50147,Luceni,65-100,2021,228
50147,Luceni,65-100,2022,227
50148,Luesia,0-16,2003,35
50148,Luesia,0-16,2004,35
50148,Luesia,0-16,2005,35
50148,Luesia,0-16,2006,37
50148,Luesia,0-16,2007,39
50148,Luesia,0-16,2008,33
50148,Luesia,0-16,2009,29
50148,Luesia,0-16,2010,23
50148,Luesia,0-16,2011,20
50148,Luesia,0-16,2012,16
50148,Luesia,0-16,2013,15
50148,Luesia,0-16,2014,12
50148,Luesia,0-16,2015,19
50148,Luesia,0-16,2016,17
50148,Luesia,0-16,2017,16
50148,Luesia,0-16,2018,18
50148,Luesia,0-16,2019,15
50148,Luesia,0-16,2020,19
50148,Luesia,0-16,2021,27
50148,Luesia,0-16,2022,23
50148,Luesia,16-64,2003,208
50148,Luesia,16-64,2004,193
50148,Luesia,16-64,2005,188
50148,Luesia,16-64,2006,208
50148,Luesia,16-64,2007,214
50148,Luesia,16-64,2008,208
50148,Luesia,16-64,2009,203
50148,Luesia,16-64,2010,197
50148,Luesia,16-64,2011,223
50148,Luesia,16-64,2012,205
50148,Luesia,16-64,2013,170
50148,Luesia,16-64,2014,159
50148,Luesia,16-64,2015,189
50148,Luesia,16-64,2016,181
50148,Luesia,16-64,2017,177
50148,Luesia,16-64,2018,174
50148,Luesia,16-64,2019,161
50148,Luesia,16-64,2020,167
50148,Luesia,16-64,2021,200
50148,Luesia,16-64,2022,198
50148,Luesia,65-100,2003,157
50148,Luesia,65-100,2004,156
50148,Luesia,65-100,2005,153
50148,Luesia,65-100,2006,162
50148,Luesia,65-100,2007,163
50148,Luesia,65-100,2008,153
50148,Luesia,65-100,2009,145
50148,Luesia,65-100,2010,141
50148,Luesia,65-100,2011,158
50148,Luesia,65-100,2012,145
50148,Luesia,65-100,2013,140
50148,Luesia,65-100,2014,136
50148,Luesia,65-100,2015,126
50148,Luesia,65-100,2016,124
50148,Luesia,65-100,2017,117
50148,Luesia,65-100,2018,118
50148,Luesia,65-100,2019,112
50148,Luesia,65-100,2020,111
50148,Luesia,65-100,2021,115
50148,Luesia,65-100,2022,112
50149,Luesma,0-16,2003,1
50149,Luesma,0-16,2004,1
50149,Luesma,0-16,2005,0
50149,Luesma,0-16,2006,0
50149,Luesma,0-16,2007,0
50149,Luesma,0-16,2008,1
50149,Luesma,0-16,2009,1
50149,Luesma,0-16,2010,1
50149,Luesma,0-16,2011,1
50149,Luesma,0-16,2012,2
50149,Luesma,0-16,2013,2
50149,Luesma,0-16,2014,1
50149,Luesma,0-16,2015,1
50149,Luesma,0-16,2016,0
50149,Luesma,0-16,2017,0
50149,Luesma,0-16,2018,0
50149,Luesma,0-16,2019,0
50149,Luesma,0-16,2020,0
50149,Luesma,0-16,2021,0
50149,Luesma,0-16,2022,0
50149,Luesma,16-64,2003,31
50149,Luesma,16-64,2004,32
50149,Luesma,16-64,2005,28
50149,Luesma,16-64,2006,30
50149,Luesma,16-64,2007,32
50149,Luesma,16-64,2008,31
50149,Luesma,16-64,2009,29
50149,Luesma,16-64,2010,28
50149,Luesma,16-64,2011,34
50149,Luesma,16-64,2012,29
50149,Luesma,16-64,2013,26
50149,Luesma,16-64,2014,26
50149,Luesma,16-64,2015,25
50149,Luesma,16-64,2016,22
50149,Luesma,16-64,2017,20
50149,Luesma,16-64,2018,20
50149,Luesma,16-64,2019,21
50149,Luesma,16-64,2020,23
50149,Luesma,16-64,2021,26
50149,Luesma,16-64,2022,24
50149,Luesma,65-100,2003,8
50149,Luesma,65-100,2004,7
50149,Luesma,65-100,2005,7
50149,Luesma,65-100,2006,6
50149,Luesma,65-100,2007,6
50149,Luesma,65-100,2008,6
50149,Luesma,65-100,2009,7
50149,Luesma,65-100,2010,9
50149,Luesma,65-100,2011,16
50149,Luesma,65-100,2012,19
50149,Luesma,65-100,2013,19
50149,Luesma,65-100,2014,20
50149,Luesma,65-100,2015,17
50149,Luesma,65-100,2016,13
50149,Luesma,65-100,2017,14
50149,Luesma,65-100,2018,14
50149,Luesma,65-100,2019,14
50149,Luesma,65-100,2020,14
50149,Luesma,65-100,2021,14
50149,Luesma,65-100,2022,14
50150,Lumpiaque,0-16,2003,98
50150,Lumpiaque,0-16,2004,89
50150,Lumpiaque,0-16,2005,105
50150,Lumpiaque,0-16,2006,106
50150,Lumpiaque,0-16,2007,112
50150,Lumpiaque,0-16,2008,135
50150,Lumpiaque,0-16,2009,140
50150,Lumpiaque,0-16,2010,117
50150,Lumpiaque,0-16,2011,120
50150,Lumpiaque,0-16,2012,120
50150,Lumpiaque,0-16,2013,119
50150,Lumpiaque,0-16,2014,119
50150,Lumpiaque,0-16,2015,107
50150,Lumpiaque,0-16,2016,117
50150,Lumpiaque,0-16,2017,108
50150,Lumpiaque,0-16,2018,110
50150,Lumpiaque,0-16,2019,107
50150,Lumpiaque,0-16,2020,107
50150,Lumpiaque,0-16,2021,117
50150,Lumpiaque,0-16,2022,116
50150,Lumpiaque,16-64,2003,508
50150,Lumpiaque,16-64,2004,480
50150,Lumpiaque,16-64,2005,555
50150,Lumpiaque,16-64,2006,534
50150,Lumpiaque,16-64,2007,544
50150,Lumpiaque,16-64,2008,607
50150,Lumpiaque,16-64,2009,604
50150,Lumpiaque,16-64,2010,526
50150,Lumpiaque,16-64,2011,529
50150,Lumpiaque,16-64,2012,523
50150,Lumpiaque,16-64,2013,523
50150,Lumpiaque,16-64,2014,522
50150,Lumpiaque,16-64,2015,520
50150,Lumpiaque,16-64,2016,507
50150,Lumpiaque,16-64,2017,499
50150,Lumpiaque,16-64,2018,491
50150,Lumpiaque,16-64,2019,480
50150,Lumpiaque,16-64,2020,471
50150,Lumpiaque,16-64,2021,494
50150,Lumpiaque,16-64,2022,489
50150,Lumpiaque,65-100,2003,337
50150,Lumpiaque,65-100,2004,331
50150,Lumpiaque,65-100,2005,324
50150,Lumpiaque,65-100,2006,330
50150,Lumpiaque,65-100,2007,319
50150,Lumpiaque,65-100,2008,311
50150,Lumpiaque,65-100,2009,306
50150,Lumpiaque,65-100,2010,294
50150,Lumpiaque,65-100,2011,290
50150,Lumpiaque,65-100,2012,278
50150,Lumpiaque,65-100,2013,273
50150,Lumpiaque,65-100,2014,275
50150,Lumpiaque,65-100,2015,259
50150,Lumpiaque,65-100,2016,243
50150,Lumpiaque,65-100,2017,227
50150,Lumpiaque,65-100,2018,226
50150,Lumpiaque,65-100,2019,227
50150,Lumpiaque,65-100,2020,228
50150,Lumpiaque,65-100,2021,225
50150,Lumpiaque,65-100,2022,236
50151,Luna,0-16,2003,90
50151,Luna,0-16,2004,91
50151,Luna,0-16,2005,91
50151,Luna,0-16,2006,88
50151,Luna,0-16,2007,94
50151,Luna,0-16,2008,99
50151,Luna,0-16,2009,95
50151,Luna,0-16,2010,85
50151,Luna,0-16,2011,75
50151,Luna,0-16,2012,70
50151,Luna,0-16,2013,68
50151,Luna,0-16,2014,57
50151,Luna,0-16,2015,50
50151,Luna,0-16,2016,47
50151,Luna,0-16,2017,43
50151,Luna,0-16,2018,40
50151,Luna,0-16,2019,43
50151,Luna,0-16,2020,38
50151,Luna,0-16,2021,48
50151,Luna,0-16,2022,45
50151,Luna,16-64,2003,466
50151,Luna,16-64,2004,475
50151,Luna,16-64,2005,475
50151,Luna,16-64,2006,470
50151,Luna,16-64,2007,474
50151,Luna,16-64,2008,491
50151,Luna,16-64,2009,484
50151,Luna,16-64,2010,486
50151,Luna,16-64,2011,492
50151,Luna,16-64,2012,488
50151,Luna,16-64,2013,466
50151,Luna,16-64,2014,465
50151,Luna,16-64,2015,451
50151,Luna,16-64,2016,448
50151,Luna,16-64,2017,448
50151,Luna,16-64,2018,437
50151,Luna,16-64,2019,438
50151,Luna,16-64,2020,429
50151,Luna,16-64,2021,439
50151,Luna,16-64,2022,427
50151,Luna,65-100,2003,316
50151,Luna,65-100,2004,315
50151,Luna,65-100,2005,307
50151,Luna,65-100,2006,295
50151,Luna,65-100,2007,287
50151,Luna,65-100,2008,282
50151,Luna,65-100,2009,282
50151,Luna,65-100,2010,275
50151,Luna,65-100,2011,272
50151,Luna,65-100,2012,267
50151,Luna,65-100,2013,260
50151,Luna,65-100,2014,254
50151,Luna,65-100,2015,255
50151,Luna,65-100,2016,238
50151,Luna,65-100,2017,235
50151,Luna,65-100,2018,224
50151,Luna,65-100,2019,217
50151,Luna,65-100,2020,217
50151,Luna,65-100,2021,222
50151,Luna,65-100,2022,222
50152,Maella,0-16,2003,185
50152,Maella,0-16,2004,187
50152,Maella,0-16,2005,184
50152,Maella,0-16,2006,201
50152,Maella,0-16,2007,193
50152,Maella,0-16,2008,184
50152,Maella,0-16,2009,174
50152,Maella,0-16,2010,181
50152,Maella,0-16,2011,226
50152,Maella,0-16,2012,230
50152,Maella,0-16,2013,228
50152,Maella,0-16,2014,237
50152,Maella,0-16,2015,244
50152,Maella,0-16,2016,230
50152,Maella,0-16,2017,242
50152,Maella,0-16,2018,253
50152,Maella,0-16,2019,251
50152,Maella,0-16,2020,260
50152,Maella,0-16,2021,275
50152,Maella,0-16,2022,268
50152,Maella,16-64,2003,1274
50152,Maella,16-64,2004,1238
50152,Maella,16-64,2005,1287
50152,Maella,16-64,2006,1301
50152,Maella,16-64,2007,1271
50152,Maella,16-64,2008,1259
50152,Maella,16-64,2009,1229
50152,Maella,16-64,2010,1219
50152,Maella,16-64,2011,1213
50152,Maella,16-64,2012,1196
50152,Maella,16-64,2013,1187
50152,Maella,16-64,2014,1146
50152,Maella,16-64,2015,1144
50152,Maella,16-64,2016,1175
50152,Maella,16-64,2017,1209
50152,Maella,16-64,2018,1205
50152,Maella,16-64,2019,1198
50152,Maella,16-64,2020,1216
50152,Maella,16-64,2021,1257
50152,Maella,16-64,2022,1304
50152,Maella,65-100,2003,605
50152,Maella,65-100,2004,600
50152,Maella,65-100,2005,585
50152,Maella,65-100,2006,587
50152,Maella,65-100,2007,587
50152,Maella,65-100,2008,608
50152,Maella,65-100,2009,624
50152,Maella,65-100,2010,628
50152,Maella,65-100,2011,579
50152,Maella,65-100,2012,560
50152,Maella,65-100,2013,562
50152,Maella,65-100,2014,575
50152,Maella,65-100,2015,565
50152,Maella,65-100,2016,565
50152,Maella,65-100,2017,553
50152,Maella,65-100,2018,549
50152,Maella,65-100,2019,536
50152,Maella,65-100,2020,532
50152,Maella,65-100,2021,530
50152,Maella,65-100,2022,525
50153,Magallón,0-16,2003,133
50153,Magallón,0-16,2004,131
50153,Magallón,0-16,2005,129
50153,Magallón,0-16,2006,118
50153,Magallón,0-16,2007,123
50153,Magallón,0-16,2008,143
50153,Magallón,0-16,2009,143
50153,Magallón,0-16,2010,143
50153,Magallón,0-16,2011,152
50153,Magallón,0-16,2012,151
50153,Magallón,0-16,2013,150
50153,Magallón,0-16,2014,156
50153,Magallón,0-16,2015,157
50153,Magallón,0-16,2016,146
50153,Magallón,0-16,2017,143
50153,Magallón,0-16,2018,134
50153,Magallón,0-16,2019,130
50153,Magallón,0-16,2020,122
50153,Magallón,0-16,2021,131
50153,Magallón,0-16,2022,123
50153,Magallón,16-64,2003,706
50153,Magallón,16-64,2004,692
50153,Magallón,16-64,2005,695
50153,Magallón,16-64,2006,686
50153,Magallón,16-64,2007,731
50153,Magallón,16-64,2008,740
50153,Magallón,16-64,2009,737
50153,Magallón,16-64,2010,723
50153,Magallón,16-64,2011,715
50153,Magallón,16-64,2012,698
50153,Magallón,16-64,2013,690
50153,Magallón,16-64,2014,673
50153,Magallón,16-64,2015,672
50153,Magallón,16-64,2016,660
50153,Magallón,16-64,2017,660
50153,Magallón,16-64,2018,658
50153,Magallón,16-64,2019,652
50153,Magallón,16-64,2020,654
50153,Magallón,16-64,2021,665
50153,Magallón,16-64,2022,669
50153,Magallón,65-100,2003,355
50153,Magallón,65-100,2004,341
50153,Magallón,65-100,2005,334
50153,Magallón,65-100,2006,344
50153,Magallón,65-100,2007,340
50153,Magallón,65-100,2008,338
50153,Magallón,65-100,2009,343
50153,Magallón,65-100,2010,339
50153,Magallón,65-100,2011,354
50153,Magallón,65-100,2012,359
50153,Magallón,65-100,2013,351
50153,Magallón,65-100,2014,354
50153,Magallón,65-100,2015,345
50153,Magallón,65-100,2016,351
50153,Magallón,65-100,2017,347
50153,Magallón,65-100,2018,341
50153,Magallón,65-100,2019,346
50153,Magallón,65-100,2020,336
50153,Magallón,65-100,2021,337
50153,Magallón,65-100,2022,326
50154,Mainar,0-16,2003,11
50154,Mainar,0-16,2004,10
50154,Mainar,0-16,2005,8
50154,Mainar,0-16,2006,11
50154,Mainar,0-16,2007,20
50154,Mainar,0-16,2008,22
50154,Mainar,0-16,2009,20
50154,Mainar,0-16,2010,20
50154,Mainar,0-16,2011,20
50154,Mainar,0-16,2012,19
50154,Mainar,0-16,2013,19
50154,Mainar,0-16,2014,17
50154,Mainar,0-16,2015,13
50154,Mainar,0-16,2016,12
50154,Mainar,0-16,2017,12
50154,Mainar,0-16,2018,11
50154,Mainar,0-16,2019,12
50154,Mainar,0-16,2020,12
50154,Mainar,0-16,2021,13
50154,Mainar,0-16,2022,15
50154,Mainar,16-64,2003,93
50154,Mainar,16-64,2004,94
50154,Mainar,16-64,2005,84
50154,Mainar,16-64,2006,90
50154,Mainar,16-64,2007,102
50154,Mainar,16-64,2008,113
50154,Mainar,16-64,2009,97
50154,Mainar,16-64,2010,97
50154,Mainar,16-64,2011,89
50154,Mainar,16-64,2012,88
50154,Mainar,16-64,2013,90
50154,Mainar,16-64,2014,98
50154,Mainar,16-64,2015,97
50154,Mainar,16-64,2016,94
50154,Mainar,16-64,2017,98
50154,Mainar,16-64,2018,99
50154,Mainar,16-64,2019,101
50154,Mainar,16-64,2020,100
50154,Mainar,16-64,2021,101
50154,Mainar,16-64,2022,104
50154,Mainar,65-100,2003,53
50154,Mainar,65-100,2004,58
50154,Mainar,65-100,2005,58
50154,Mainar,65-100,2006,56
50154,Mainar,65-100,2007,52
50154,Mainar,65-100,2008,52
50154,Mainar,65-100,2009,52
50154,Mainar,65-100,2010,50
50154,Mainar,65-100,2011,55
50154,Mainar,65-100,2012,50
50154,Mainar,65-100,2013,49
50154,Mainar,65-100,2014,47
50154,Mainar,65-100,2015,42
50154,Mainar,65-100,2016,41
50154,Mainar,65-100,2017,41
50154,Mainar,65-100,2018,41
50154,Mainar,65-100,2019,42
50154,Mainar,65-100,2020,48
50154,Mainar,65-100,2021,48
50154,Mainar,65-100,2022,51
50155,Malanquilla,0-16,2003,4
50155,Malanquilla,0-16,2004,4
50155,Malanquilla,0-16,2005,3
50155,Malanquilla,0-16,2006,3
50155,Malanquilla,0-16,2007,3
50155,Malanquilla,0-16,2008,3
50155,Malanquilla,0-16,2009,2
50155,Malanquilla,0-16,2010,3
50155,Malanquilla,0-16,2011,4
50155,Malanquilla,0-16,2012,5
50155,Malanquilla,0-16,2013,2
50155,Malanquilla,0-16,2014,1
50155,Malanquilla,0-16,2015,1
50155,Malanquilla,0-16,2016,1
50155,Malanquilla,0-16,2017,1
50155,Malanquilla,0-16,2018,1
50155,Malanquilla,0-16,2019,0
50155,Malanquilla,0-16,2020,0
50155,Malanquilla,0-16,2021,4
50155,Malanquilla,0-16,2022,6
50155,Malanquilla,16-64,2003,76
50155,Malanquilla,16-64,2004,77
50155,Malanquilla,16-64,2005,91
50155,Malanquilla,16-64,2006,82
50155,Malanquilla,16-64,2007,82
50155,Malanquilla,16-64,2008,78
50155,Malanquilla,16-64,2009,73
50155,Malanquilla,16-64,2010,73
50155,Malanquilla,16-64,2011,75
50155,Malanquilla,16-64,2012,71
50155,Malanquilla,16-64,2013,65
50155,Malanquilla,16-64,2014,61
50155,Malanquilla,16-64,2015,61
50155,Malanquilla,16-64,2016,57
50155,Malanquilla,16-64,2017,55
50155,Malanquilla,16-64,2018,50
50155,Malanquilla,16-64,2019,41
50155,Malanquilla,16-64,2020,43
50155,Malanquilla,16-64,2021,46
50155,Malanquilla,16-64,2022,44
50155,Malanquilla,65-100,2003,52
50155,Malanquilla,65-100,2004,51
50155,Malanquilla,65-100,2005,45
50155,Malanquilla,65-100,2006,45
50155,Malanquilla,65-100,2007,46
50155,Malanquilla,65-100,2008,45
50155,Malanquilla,65-100,2009,48
50155,Malanquilla,65-100,2010,51
50155,Malanquilla,65-100,2011,51
50155,Malanquilla,65-100,2012,47
50155,Malanquilla,65-100,2013,50
50155,Malanquilla,65-100,2014,50
50155,Malanquilla,65-100,2015,51
50155,Malanquilla,65-100,2016,49
50155,Malanquilla,65-100,2017,49
50155,Malanquilla,65-100,2018,49
50155,Malanquilla,65-100,2019,51
50155,Malanquilla,65-100,2020,46
50155,Malanquilla,65-100,2021,45
50155,Malanquilla,65-100,2022,40
50156,Maleján,0-16,2003,33
50156,Maleján,0-16,2004,33
50156,Maleján,0-16,2005,33
50156,Maleján,0-16,2006,38
50156,Maleján,0-16,2007,38
50156,Maleján,0-16,2008,41
50156,Maleján,0-16,2009,45
50156,Maleján,0-16,2010,46
50156,Maleján,0-16,2011,52
50156,Maleján,0-16,2012,49
50156,Maleján,0-16,2013,45
50156,Maleján,0-16,2014,43
50156,Maleján,0-16,2015,32
50156,Maleján,0-16,2016,31
50156,Maleján,0-16,2017,32
50156,Maleján,0-16,2018,29
50156,Maleján,0-16,2019,30
50156,Maleján,0-16,2020,34
50156,Maleján,0-16,2021,26
50156,Maleján,0-16,2022,28
50156,Maleján,16-64,2003,184
50156,Maleján,16-64,2004,173
50156,Maleján,16-64,2005,170
50156,Maleján,16-64,2006,179
50156,Maleján,16-64,2007,184
50156,Maleján,16-64,2008,199
50156,Maleján,16-64,2009,202
50156,Maleján,16-64,2010,213
50156,Maleján,16-64,2011,209
50156,Maleján,16-64,2012,200
50156,Maleján,16-64,2013,186
50156,Maleján,16-64,2014,183
50156,Maleján,16-64,2015,158
50156,Maleján,16-64,2016,158
50156,Maleján,16-64,2017,155
50156,Maleján,16-64,2018,160
50156,Maleján,16-64,2019,161
50156,Maleján,16-64,2020,175
50156,Maleján,16-64,2021,163
50156,Maleján,16-64,2022,161
50156,Maleján,65-100,2003,85
50156,Maleján,65-100,2004,85
50156,Maleján,65-100,2005,83
50156,Maleján,65-100,2006,80
50156,Maleján,65-100,2007,81
50156,Maleján,65-100,2008,82
50156,Maleján,65-100,2009,83
50156,Maleján,65-100,2010,85
50156,Maleján,65-100,2011,77
50156,Maleján,65-100,2012,76
50156,Maleján,65-100,2013,74
50156,Maleján,65-100,2014,74
50156,Maleján,65-100,2015,77
50156,Maleján,65-100,2016,65
50156,Maleján,65-100,2017,67
50156,Maleján,65-100,2018,70
50156,Maleján,65-100,2019,68
50156,Maleján,65-100,2020,67
50156,Maleján,65-100,2021,71
50156,Maleján,65-100,2022,73
50160,Mallén,0-16,2003,464
50160,Mallén,0-16,2004,480
50160,Mallén,0-16,2005,461
50160,Mallén,0-16,2006,468
50160,Mallén,0-16,2007,490
50160,Mallén,0-16,2008,521
50160,Mallén,0-16,2009,527
50160,Mallén,0-16,2010,526
50160,Mallén,0-16,2011,517
50160,Mallén,0-16,2012,526
50160,Mallén,0-16,2013,512
50160,Mallén,0-16,2014,469
50160,Mallén,0-16,2015,456
50160,Mallén,0-16,2016,433
50160,Mallén,0-16,2017,423
50160,Mallén,0-16,2018,424
50160,Mallén,0-16,2019,409
50160,Mallén,0-16,2020,406
50160,Mallén,0-16,2021,407
50160,Mallén,0-16,2022,395
50160,Mallén,16-64,2003,2201
50160,Mallén,16-64,2004,2212
50160,Mallén,16-64,2005,2281
50160,Mallén,16-64,2006,2212
50160,Mallén,16-64,2007,2357
50160,Mallén,16-64,2008,2502
50160,Mallén,16-64,2009,2536
50160,Mallén,16-64,2010,2500
50160,Mallén,16-64,2011,2510
50160,Mallén,16-64,2012,2497
50160,Mallén,16-64,2013,2406
50160,Mallén,16-64,2014,2247
50160,Mallén,16-64,2015,2182
50160,Mallén,16-64,2016,2073
50160,Mallén,16-64,2017,2035
50160,Mallén,16-64,2018,1984
50160,Mallén,16-64,2019,1965
50160,Mallén,16-64,2020,1935
50160,Mallén,16-64,2021,1937
50160,Mallén,16-64,2022,1909
50160,Mallén,65-100,2003,658
50160,Mallén,65-100,2004,641
50160,Mallén,65-100,2005,643
50160,Mallén,65-100,2006,647
50160,Mallén,65-100,2007,656
50160,Mallén,65-100,2008,657
50160,Mallén,65-100,2009,668
50160,Mallén,65-100,2010,678
50160,Mallén,65-100,2011,682
50160,Mallén,65-100,2012,691
50160,Mallén,65-100,2013,693
50160,Mallén,65-100,2014,683
50160,Mallén,65-100,2015,654
50160,Mallén,65-100,2016,681
50160,Mallén,65-100,2017,682
50160,Mallén,65-100,2018,675
50160,Mallén,65-100,2019,661
50160,Mallén,65-100,2020,663
50160,Mallén,65-100,2021,633
50160,Mallén,65-100,2022,633
50157,Malón,0-16,2003,62
50157,Malón,0-16,2004,58
50157,Malón,0-16,2005,59
50157,Malón,0-16,2006,51
50157,Malón,0-16,2007,44
50157,Malón,0-16,2008,45
50157,Malón,0-16,2009,42
50157,Malón,0-16,2010,39
50157,Malón,0-16,2011,39
50157,Malón,0-16,2012,42
50157,Malón,0-16,2013,43
50157,Malón,0-16,2014,45
50157,Malón,0-16,2015,45
50157,Malón,0-16,2016,44
50157,Malón,0-16,2017,42
50157,Malón,0-16,2018,38
50157,Malón,0-16,2019,47
50157,Malón,0-16,2020,42
50157,Malón,0-16,2021,41
50157,Malón,0-16,2022,55
50157,Malón,16-64,2003,250
50157,Malón,16-64,2004,248
50157,Malón,16-64,2005,250
50157,Malón,16-64,2006,240
50157,Malón,16-64,2007,235
50157,Malón,16-64,2008,231
50157,Malón,16-64,2009,233
50157,Malón,16-64,2010,235
50157,Malón,16-64,2011,229
50157,Malón,16-64,2012,223
50157,Malón,16-64,2013,223
50157,Malón,16-64,2014,215
50157,Malón,16-64,2015,203
50157,Malón,16-64,2016,198
50157,Malón,16-64,2017,204
50157,Malón,16-64,2018,187
50157,Malón,16-64,2019,209
50157,Malón,16-64,2020,223
50157,Malón,16-64,2021,229
50157,Malón,16-64,2022,237
50157,Malón,65-100,2003,120
50157,Malón,65-100,2004,121
50157,Malón,65-100,2005,112
50157,Malón,65-100,2006,112
50157,Malón,65-100,2007,107
50157,Malón,65-100,2008,107
50157,Malón,65-100,2009,110
50157,Malón,65-100,2010,105
50157,Malón,65-100,2011,107
50157,Malón,65-100,2012,111
50157,Malón,65-100,2013,112
50157,Malón,65-100,2014,104
50157,Malón,65-100,2015,111
50157,Malón,65-100,2016,109
50157,Malón,65-100,2017,103
50157,Malón,65-100,2018,98
50157,Malón,65-100,2019,100
50157,Malón,65-100,2020,104
50157,Malón,65-100,2021,101
50157,Malón,65-100,2022,100
50159,Maluenda,0-16,2003,107
50159,Maluenda,0-16,2004,109
50159,Maluenda,0-16,2005,120
50159,Maluenda,0-16,2006,119
50159,Maluenda,0-16,2007,123
50159,Maluenda,0-16,2008,134
50159,Maluenda,0-16,2009,139
50159,Maluenda,0-16,2010,142
50159,Maluenda,0-16,2011,142
50159,Maluenda,0-16,2012,141
50159,Maluenda,0-16,2013,150
50159,Maluenda,0-16,2014,140
50159,Maluenda,0-16,2015,127
50159,Maluenda,0-16,2016,120
50159,Maluenda,0-16,2017,116
50159,Maluenda,0-16,2018,112
50159,Maluenda,0-16,2019,105
50159,Maluenda,0-16,2020,107
50159,Maluenda,0-16,2021,100
50159,Maluenda,0-16,2022,98
50159,Maluenda,16-64,2003,602
50159,Maluenda,16-64,2004,596
50159,Maluenda,16-64,2005,607
50159,Maluenda,16-64,2006,636
50159,Maluenda,16-64,2007,645
50159,Maluenda,16-64,2008,658
50159,Maluenda,16-64,2009,663
50159,Maluenda,16-64,2010,653
50159,Maluenda,16-64,2011,666
50159,Maluenda,16-64,2012,690
50159,Maluenda,16-64,2013,680
50159,Maluenda,16-64,2014,660
50159,Maluenda,16-64,2015,636
50159,Maluenda,16-64,2016,603
50159,Maluenda,16-64,2017,570
50159,Maluenda,16-64,2018,575
50159,Maluenda,16-64,2019,561
50159,Maluenda,16-64,2020,567
50159,Maluenda,16-64,2021,558
50159,Maluenda,16-64,2022,560
50159,Maluenda,65-100,2003,317
50159,Maluenda,65-100,2004,315
50159,Maluenda,65-100,2005,306
50159,Maluenda,65-100,2006,300
50159,Maluenda,65-100,2007,307
50159,Maluenda,65-100,2008,303
50159,Maluenda,65-100,2009,298
50159,Maluenda,65-100,2010,299
50159,Maluenda,65-100,2011,298
50159,Maluenda,65-100,2012,292
50159,Maluenda,65-100,2013,286
50159,Maluenda,65-100,2014,280
50159,Maluenda,65-100,2015,271
50159,Maluenda,65-100,2016,266
50159,Maluenda,65-100,2017,265
50159,Maluenda,65-100,2018,255
50159,Maluenda,65-100,2019,256
50159,Maluenda,65-100,2020,263
50159,Maluenda,65-100,2021,262
50159,Maluenda,65-100,2022,247
50161,Manchones,0-16,2003,8
50161,Manchones,0-16,2004,9
50161,Manchones,0-16,2005,11
50161,Manchones,0-16,2006,10
50161,Manchones,0-16,2007,9
50161,Manchones,0-16,2008,5
50161,Manchones,0-16,2009,6
50161,Manchones,0-16,2010,5
50161,Manchones,0-16,2011,5
50161,Manchones,0-16,2012,4
50161,Manchones,0-16,2013,6
50161,Manchones,0-16,2014,4
50161,Manchones,0-16,2015,2
50161,Manchones,0-16,2016,4
50161,Manchones,0-16,2017,1
50161,Manchones,0-16,2018,5
50161,Manchones,0-16,2019,9
50161,Manchones,0-16,2020,8
50161,Manchones,0-16,2021,9
50161,Manchones,0-16,2022,8
50161,Manchones,16-64,2003,83
50161,Manchones,16-64,2004,85
50161,Manchones,16-64,2005,81
50161,Manchones,16-64,2006,82
50161,Manchones,16-64,2007,78
50161,Manchones,16-64,2008,72
50161,Manchones,16-64,2009,68
50161,Manchones,16-64,2010,61
50161,Manchones,16-64,2011,78
50161,Manchones,16-64,2012,72
50161,Manchones,16-64,2013,62
50161,Manchones,16-64,2014,57
50161,Manchones,16-64,2015,68
50161,Manchones,16-64,2016,59
50161,Manchones,16-64,2017,48
50161,Manchones,16-64,2018,43
50161,Manchones,16-64,2019,57
50161,Manchones,16-64,2020,53
50161,Manchones,16-64,2021,54
50161,Manchones,16-64,2022,54
50161,Manchones,65-100,2003,60
50161,Manchones,65-100,2004,54
50161,Manchones,65-100,2005,53
50161,Manchones,65-100,2006,54
50161,Manchones,65-100,2007,55
50161,Manchones,65-100,2008,54
50161,Manchones,65-100,2009,53
50161,Manchones,65-100,2010,57
50161,Manchones,65-100,2011,58
50161,Manchones,65-100,2012,55
50161,Manchones,65-100,2013,54
50161,Manchones,65-100,2014,55
50161,Manchones,65-100,2015,60
50161,Manchones,65-100,2016,57
50161,Manchones,65-100,2017,50
50161,Manchones,65-100,2018,50
50161,Manchones,65-100,2019,48
50161,Manchones,65-100,2020,45
50161,Manchones,65-100,2021,41
50161,Manchones,65-100,2022,41
50162,Mara,0-16,2003,16
50162,Mara,0-16,2004,10
50162,Mara,0-16,2005,15
50162,Mara,0-16,2006,10
50162,Mara,0-16,2007,13
50162,Mara,0-16,2008,19
50162,Mara,0-16,2009,17
50162,Mara,0-16,2010,16
50162,Mara,0-16,2011,17
50162,Mara,0-16,2012,16
50162,Mara,0-16,2013,16
50162,Mara,0-16,2014,14
50162,Mara,0-16,2015,17
50162,Mara,0-16,2016,18
50162,Mara,0-16,2017,18
50162,Mara,0-16,2018,17
50162,Mara,0-16,2019,15
50162,Mara,0-16,2020,15
50162,Mara,0-16,2021,13
50162,Mara,0-16,2022,14
50162,Mara,16-64,2003,106
50162,Mara,16-64,2004,101
50162,Mara,16-64,2005,106
50162,Mara,16-64,2006,98
50162,Mara,16-64,2007,103
50162,Mara,16-64,2008,105
50162,Mara,16-64,2009,99
50162,Mara,16-64,2010,106
50162,Mara,16-64,2011,103
50162,Mara,16-64,2012,96
50162,Mara,16-64,2013,92
50162,Mara,16-64,2014,89
50162,Mara,16-64,2015,95
50162,Mara,16-64,2016,104
50162,Mara,16-64,2017,102
50162,Mara,16-64,2018,100
50162,Mara,16-64,2019,95
50162,Mara,16-64,2020,98
50162,Mara,16-64,2021,102
50162,Mara,16-64,2022,103
50162,Mara,65-100,2003,86
50162,Mara,65-100,2004,89
50162,Mara,65-100,2005,89
50162,Mara,65-100,2006,91
50162,Mara,65-100,2007,91
50162,Mara,65-100,2008,88
50162,Mara,65-100,2009,88
50162,Mara,65-100,2010,84
50162,Mara,65-100,2011,82
50162,Mara,65-100,2012,78
50162,Mara,65-100,2013,78
50162,Mara,65-100,2014,75
50162,Mara,65-100,2015,70
50162,Mara,65-100,2016,69
50162,Mara,65-100,2017,65
50162,Mara,65-100,2018,64
50162,Mara,65-100,2019,58
50162,Mara,65-100,2020,55
50162,Mara,65-100,2021,52
50162,Mara,65-100,2022,51
50163,María de Huerva,0-16,2003,292
50163,María de Huerva,0-16,2004,382
50163,María de Huerva,0-16,2005,461
50163,María de Huerva,0-16,2006,558
50163,María de Huerva,0-16,2007,663
50163,María de Huerva,0-16,2008,819
50163,María de Huerva,0-16,2009,961
50163,María de Huerva,0-16,2010,1082
50163,María de Huerva,0-16,2011,1188
50163,María de Huerva,0-16,2012,1273
50163,María de Huerva,0-16,2013,1303
50163,María de Huerva,0-16,2014,1348
50163,María de Huerva,0-16,2015,1428
50163,María de Huerva,0-16,2016,1472
50163,María de Huerva,0-16,2017,1539
50163,María de Huerva,0-16,2018,1557
50163,María de Huerva,0-16,2019,1591
50163,María de Huerva,0-16,2020,1627
50163,María de Huerva,0-16,2021,1604
50163,María de Huerva,0-16,2022,1577
50163,María de Huerva,16-64,2003,1156
50163,María de Huerva,16-64,2004,1506
50163,María de Huerva,16-64,2005,1795
50163,María de Huerva,16-64,2006,2107
50163,María de Huerva,16-64,2007,2496
50163,María de Huerva,16-64,2008,2901
50163,María de Huerva,16-64,2009,3175
50163,María de Huerva,16-64,2010,3330
50163,María de Huerva,16-64,2011,3519
50163,María de Huerva,16-64,2012,3647
50163,María de Huerva,16-64,2013,3646
50163,María de Huerva,16-64,2014,3643
50163,María de Huerva,16-64,2015,3591
50163,María de Huerva,16-64,2016,3668
50163,María de Huerva,16-64,2017,3647
50163,María de Huerva,16-64,2018,3675
50163,María de Huerva,16-64,2019,3768
50163,María de Huerva,16-64,2020,3873
50163,María de Huerva,16-64,2021,3952
50163,María de Huerva,16-64,2022,4093
50163,María de Huerva,65-100,2003,227
50163,María de Huerva,65-100,2004,237
50163,María de Huerva,65-100,2005,242
50163,María de Huerva,65-100,2006,252
50163,María de Huerva,65-100,2007,261
50163,María de Huerva,65-100,2008,288
50163,María de Huerva,65-100,2009,308
50163,María de Huerva,65-100,2010,317
50163,María de Huerva,65-100,2011,341
50163,María de Huerva,65-100,2012,345
50163,María de Huerva,65-100,2013,366
50163,María de Huerva,65-100,2014,368
50163,María de Huerva,65-100,2015,406
50163,María de Huerva,65-100,2016,410
50163,María de Huerva,65-100,2017,433
50163,María de Huerva,65-100,2018,431
50163,María de Huerva,65-100,2019,453
50163,María de Huerva,65-100,2020,470
50163,María de Huerva,65-100,2021,465
50163,María de Huerva,65-100,2022,498
50902,Marracos,0-16,2003,9
50902,Marracos,0-16,2004,9
50902,Marracos,0-16,2005,8
50902,Marracos,0-16,2006,9
50902,Marracos,0-16,2007,10
50902,Marracos,0-16,2008,8
50902,Marracos,0-16,2009,7
50902,Marracos,0-16,2010,6
50902,Marracos,0-16,2011,7
50902,Marracos,0-16,2012,7
50902,Marracos,0-16,2013,5
50902,Marracos,0-16,2014,4
50902,Marracos,0-16,2015,3
50902,Marracos,0-16,2016,3
50902,Marracos,0-16,2017,2
50902,Marracos,0-16,2018,2
50902,Marracos,0-16,2019,7
50902,Marracos,0-16,2020,4
50902,Marracos,0-16,2021,4
50902,Marracos,0-16,2022,5
50902,Marracos,16-64,2003,71
50902,Marracos,16-64,2004,68
50902,Marracos,16-64,2005,72
50902,Marracos,16-64,2006,75
50902,Marracos,16-64,2007,71
50902,Marracos,16-64,2008,69
50902,Marracos,16-64,2009,66
50902,Marracos,16-64,2010,60
50902,Marracos,16-64,2011,67
50902,Marracos,16-64,2012,63
50902,Marracos,16-64,2013,58
50902,Marracos,16-64,2014,56
50902,Marracos,16-64,2015,54
50902,Marracos,16-64,2016,52
50902,Marracos,16-64,2017,55
50902,Marracos,16-64,2018,51
50902,Marracos,16-64,2019,48
50902,Marracos,16-64,2020,50
50902,Marracos,16-64,2021,55
50902,Marracos,16-64,2022,54
50902,Marracos,65-100,2003,39
50902,Marracos,65-100,2004,34
50902,Marracos,65-100,2005,32
50902,Marracos,65-100,2006,31
50902,Marracos,65-100,2007,33
50902,Marracos,65-100,2008,36
50902,Marracos,65-100,2009,31
50902,Marracos,65-100,2010,34
50902,Marracos,65-100,2011,36
50902,Marracos,65-100,2012,36
50902,Marracos,65-100,2013,38
50902,Marracos,65-100,2014,37
50902,Marracos,65-100,2015,37
50902,Marracos,65-100,2016,36
50902,Marracos,65-100,2017,32
50902,Marracos,65-100,2018,33
50902,Marracos,65-100,2019,31
50902,Marracos,65-100,2020,30
50902,Marracos,65-100,2021,33
50902,Marracos,65-100,2022,32
50164,Mediana de Aragón,0-16,2003,68
50164,Mediana de Aragón,0-16,2004,65
50164,Mediana de Aragón,0-16,2005,56
50164,Mediana de Aragón,0-16,2006,56
50164,Mediana de Aragón,0-16,2007,57
50164,Mediana de Aragón,0-16,2008,59
50164,Mediana de Aragón,0-16,2009,52
50164,Mediana de Aragón,0-16,2010,50
50164,Mediana de Aragón,0-16,2011,44
50164,Mediana de Aragón,0-16,2012,47
50164,Mediana de Aragón,0-16,2013,46
50164,Mediana de Aragón,0-16,2014,47
50164,Mediana de Aragón,0-16,2015,41
50164,Mediana de Aragón,0-16,2016,37
50164,Mediana de Aragón,0-16,2017,45
50164,Mediana de Aragón,0-16,2018,44
50164,Mediana de Aragón,0-16,2019,44
50164,Mediana de Aragón,0-16,2020,44
50164,Mediana de Aragón,0-16,2021,54
50164,Mediana de Aragón,0-16,2022,59
50164,Mediana de Aragón,16-64,2003,296
50164,Mediana de Aragón,16-64,2004,294
50164,Mediana de Aragón,16-64,2005,297
50164,Mediana de Aragón,16-64,2006,311
50164,Mediana de Aragón,16-64,2007,329
50164,Mediana de Aragón,16-64,2008,324
50164,Mediana de Aragón,16-64,2009,313
50164,Mediana de Aragón,16-64,2010,304
50164,Mediana de Aragón,16-64,2011,305
50164,Mediana de Aragón,16-64,2012,305
50164,Mediana de Aragón,16-64,2013,311
50164,Mediana de Aragón,16-64,2014,307
50164,Mediana de Aragón,16-64,2015,297
50164,Mediana de Aragón,16-64,2016,288
50164,Mediana de Aragón,16-64,2017,300
50164,Mediana de Aragón,16-64,2018,298
50164,Mediana de Aragón,16-64,2019,293
50164,Mediana de Aragón,16-64,2020,276
50164,Mediana de Aragón,16-64,2021,280
50164,Mediana de Aragón,16-64,2022,271
50164,Mediana de Aragón,65-100,2003,146
50164,Mediana de Aragón,65-100,2004,145
50164,Mediana de Aragón,65-100,2005,142
50164,Mediana de Aragón,65-100,2006,133
50164,Mediana de Aragón,65-100,2007,134
50164,Mediana de Aragón,65-100,2008,131
50164,Mediana de Aragón,65-100,2009,127
50164,Mediana de Aragón,65-100,2010,127
50164,Mediana de Aragón,65-100,2011,121
50164,Mediana de Aragón,65-100,2012,116
50164,Mediana de Aragón,65-100,2013,112
50164,Mediana de Aragón,65-100,2014,119
50164,Mediana de Aragón,65-100,2015,119
50164,Mediana de Aragón,65-100,2016,118
50164,Mediana de Aragón,65-100,2017,123
50164,Mediana de Aragón,65-100,2018,123
50164,Mediana de Aragón,65-100,2019,124
50164,Mediana de Aragón,65-100,2020,127
50164,Mediana de Aragón,65-100,2021,131
50164,Mediana de Aragón,65-100,2022,127
50165,Mequinenza,0-16,2003,349
50165,Mequinenza,0-16,2004,349
50165,Mequinenza,0-16,2005,339
50165,Mequinenza,0-16,2006,346
50165,Mequinenza,0-16,2007,331
50165,Mequinenza,0-16,2008,345
50165,Mequinenza,0-16,2009,336
50165,Mequinenza,0-16,2010,347
50165,Mequinenza,0-16,2011,328
50165,Mequinenza,0-16,2012,321
50165,Mequinenza,0-16,2013,318
50165,Mequinenza,0-16,2014,325
50165,Mequinenza,0-16,2015,309
50165,Mequinenza,0-16,2016,306
50165,Mequinenza,0-16,2017,307
50165,Mequinenza,0-16,2018,300
50165,Mequinenza,0-16,2019,312
50165,Mequinenza,0-16,2020,292
50165,Mequinenza,0-16,2021,295
50165,Mequinenza,0-16,2022,300
50165,Mequinenza,16-64,2003,1503
50165,Mequinenza,16-64,2004,1486
50165,Mequinenza,16-64,2005,1520
50165,Mequinenza,16-64,2006,1545
50165,Mequinenza,16-64,2007,1516
50165,Mequinenza,16-64,2008,1502
50165,Mequinenza,16-64,2009,1530
50165,Mequinenza,16-64,2010,1523
50165,Mequinenza,16-64,2011,1519
50165,Mequinenza,16-64,2012,1509
50165,Mequinenza,16-64,2013,1506
50165,Mequinenza,16-64,2014,1467
50165,Mequinenza,16-64,2015,1408
50165,Mequinenza,16-64,2016,1419
50165,Mequinenza,16-64,2017,1434
50165,Mequinenza,16-64,2018,1425
50165,Mequinenza,16-64,2019,1444
50165,Mequinenza,16-64,2020,1439
50165,Mequinenza,16-64,2021,1442
50165,Mequinenza,16-64,2022,1453
50165,Mequinenza,65-100,2003,659
50165,Mequinenza,65-100,2004,658
50165,Mequinenza,65-100,2005,626
50165,Mequinenza,65-100,2006,642
50165,Mequinenza,65-100,2007,633
50165,Mequinenza,65-100,2008,631
50165,Mequinenza,65-100,2009,626
50165,Mequinenza,65-100,2010,625
50165,Mequinenza,65-100,2011,631
50165,Mequinenza,65-100,2012,619
50165,Mequinenza,65-100,2013,612
50165,Mequinenza,65-100,2014,601
50165,Mequinenza,65-100,2015,594
50165,Mequinenza,65-100,2016,591
50165,Mequinenza,65-100,2017,588
50165,Mequinenza,65-100,2018,576
50165,Mequinenza,65-100,2019,568
50165,Mequinenza,65-100,2020,548
50165,Mequinenza,65-100,2021,555
50165,Mequinenza,65-100,2022,541
50166,Mesones de Isuela,0-16,2003,25
50166,Mesones de Isuela,0-16,2004,19
50166,Mesones de Isuela,0-16,2005,18
50166,Mesones de Isuela,0-16,2006,18
50166,Mesones de Isuela,0-16,2007,18
50166,Mesones de Isuela,0-16,2008,18
50166,Mesones de Isuela,0-16,2009,20
50166,Mesones de Isuela,0-16,2010,21
50166,Mesones de Isuela,0-16,2011,24
50166,Mesones de Isuela,0-16,2012,27
50166,Mesones de Isuela,0-16,2013,20
50166,Mesones de Isuela,0-16,2014,19
50166,Mesones de Isuela,0-16,2015,21
50166,Mesones de Isuela,0-16,2016,19
50166,Mesones de Isuela,0-16,2017,20
50166,Mesones de Isuela,0-16,2018,17
50166,Mesones de Isuela,0-16,2019,20
50166,Mesones de Isuela,0-16,2020,18
50166,Mesones de Isuela,0-16,2021,18
50166,Mesones de Isuela,0-16,2022,20
50166,Mesones de Isuela,16-64,2003,192
50166,Mesones de Isuela,16-64,2004,188
50166,Mesones de Isuela,16-64,2005,178
50166,Mesones de Isuela,16-64,2006,168
50166,Mesones de Isuela,16-64,2007,167
50166,Mesones de Isuela,16-64,2008,176
50166,Mesones de Isuela,16-64,2009,173
50166,Mesones de Isuela,16-64,2010,171
50166,Mesones de Isuela,16-64,2011,169
50166,Mesones de Isuela,16-64,2012,172
50166,Mesones de Isuela,16-64,2013,160
50166,Mesones de Isuela,16-64,2014,164
50166,Mesones de Isuela,16-64,2015,161
50166,Mesones de Isuela,16-64,2016,154
50166,Mesones de Isuela,16-64,2017,151
50166,Mesones de Isuela,16-64,2018,147
50166,Mesones de Isuela,16-64,2019,138
50166,Mesones de Isuela,16-64,2020,134
50166,Mesones de Isuela,16-64,2021,143
50166,Mesones de Isuela,16-64,2022,144
50166,Mesones de Isuela,65-100,2003,127
50166,Mesones de Isuela,65-100,2004,132
50166,Mesones de Isuela,65-100,2005,133
50166,Mesones de Isuela,65-100,2006,135
50166,Mesones de Isuela,65-100,2007,133
50166,Mesones de Isuela,65-100,2008,131
50166,Mesones de Isuela,65-100,2009,125
50166,Mesones de Isuela,65-100,2010,123
50166,Mesones de Isuela,65-100,2011,123
50166,Mesones de Isuela,65-100,2012,119
50166,Mesones de Isuela,65-100,2013,120
50166,Mesones de Isuela,65-100,2014,112
50166,Mesones de Isuela,65-100,2015,109
50166,Mesones de Isuela,65-100,2016,113
50166,Mesones de Isuela,65-100,2017,103
50166,Mesones de Isuela,65-100,2018,107
50166,Mesones de Isuela,65-100,2019,106
50166,Mesones de Isuela,65-100,2020,105
50166,Mesones de Isuela,65-100,2021,104
50166,Mesones de Isuela,65-100,2022,108
50167,Mezalocha,0-16,2003,20
50167,Mezalocha,0-16,2004,16
50167,Mezalocha,0-16,2005,15
50167,Mezalocha,0-16,2006,14
50167,Mezalocha,0-16,2007,17
50167,Mezalocha,0-16,2008,14
50167,Mezalocha,0-16,2009,11
50167,Mezalocha,0-16,2010,8
50167,Mezalocha,0-16,2011,7
50167,Mezalocha,0-16,2012,6
50167,Mezalocha,0-16,2013,5
50167,Mezalocha,0-16,2014,6
50167,Mezalocha,0-16,2015,6
50167,Mezalocha,0-16,2016,8
50167,Mezalocha,0-16,2017,8
50167,Mezalocha,0-16,2018,8
50167,Mezalocha,0-16,2019,10
50167,Mezalocha,0-16,2020,13
50167,Mezalocha,0-16,2021,14
50167,Mezalocha,0-16,2022,13
50167,Mezalocha,16-64,2003,159
50167,Mezalocha,16-64,2004,167
50167,Mezalocha,16-64,2005,160
50167,Mezalocha,16-64,2006,150
50167,Mezalocha,16-64,2007,152
50167,Mezalocha,16-64,2008,150
50167,Mezalocha,16-64,2009,141
50167,Mezalocha,16-64,2010,129
50167,Mezalocha,16-64,2011,128
50167,Mezalocha,16-64,2012,122
50167,Mezalocha,16-64,2013,149
50167,Mezalocha,16-64,2014,143
50167,Mezalocha,16-64,2015,142
50167,Mezalocha,16-64,2016,161
50167,Mezalocha,16-64,2017,153
50167,Mezalocha,16-64,2018,144
50167,Mezalocha,16-64,2019,140
50167,Mezalocha,16-64,2020,134
50167,Mezalocha,16-64,2021,142
50167,Mezalocha,16-64,2022,138
50167,Mezalocha,65-100,2003,102
50167,Mezalocha,65-100,2004,102
50167,Mezalocha,65-100,2005,96
50167,Mezalocha,65-100,2006,96
50167,Mezalocha,65-100,2007,94
50167,Mezalocha,65-100,2008,92
50167,Mezalocha,65-100,2009,85
50167,Mezalocha,65-100,2010,89
50167,Mezalocha,65-100,2011,87
50167,Mezalocha,65-100,2012,82
50167,Mezalocha,65-100,2013,90
50167,Mezalocha,65-100,2014,92
50167,Mezalocha,65-100,2015,87
50167,Mezalocha,65-100,2016,85
50167,Mezalocha,65-100,2017,87
50167,Mezalocha,65-100,2018,88
50167,Mezalocha,65-100,2019,88
50167,Mezalocha,65-100,2020,86
50167,Mezalocha,65-100,2021,82
50167,Mezalocha,65-100,2022,81
50168,Mianos,0-16,2003,0
50168,Mianos,0-16,2004,0
50168,Mianos,0-16,2005,1
50168,Mianos,0-16,2006,0
50168,Mianos,0-16,2007,2
50168,Mianos,0-16,2008,2
50168,Mianos,0-16,2009,0
50168,Mianos,0-16,2010,0
50168,Mianos,0-16,2011,2
50168,Mianos,0-16,2012,2
50168,Mianos,0-16,2013,2
50168,Mianos,0-16,2014,2
50168,Mianos,0-16,2015,2
50168,Mianos,0-16,2016,1
50168,Mianos,0-16,2017,1
50168,Mianos,0-16,2018,0
50168,Mianos,0-16,2019,0
50168,Mianos,0-16,2020,0
50168,Mianos,0-16,2021,0
50168,Mianos,0-16,2022,0
50168,Mianos,16-64,2003,21
50168,Mianos,16-64,2004,23
50168,Mianos,16-64,2005,23
50168,Mianos,16-64,2006,21
50168,Mianos,16-64,2007,24
50168,Mianos,16-64,2008,20
50168,Mianos,16-64,2009,20
50168,Mianos,16-64,2010,18
50168,Mianos,16-64,2011,18
50168,Mianos,16-64,2012,14
50168,Mianos,16-64,2013,14
50168,Mianos,16-64,2014,12
50168,Mianos,16-64,2015,12
50168,Mianos,16-64,2016,12
50168,Mianos,16-64,2017,14
50168,Mianos,16-64,2018,16
50168,Mianos,16-64,2019,16
50168,Mianos,16-64,2020,15
50168,Mianos,16-64,2021,15
50168,Mianos,16-64,2022,15
50168,Mianos,65-100,2003,23
50168,Mianos,65-100,2004,22
50168,Mianos,65-100,2005,22
50168,Mianos,65-100,2006,24
50168,Mianos,65-100,2007,27
50168,Mianos,65-100,2008,26
50168,Mianos,65-100,2009,26
50168,Mianos,65-100,2010,23
50168,Mianos,65-100,2011,21
50168,Mianos,65-100,2012,24
50168,Mianos,65-100,2013,17
50168,Mianos,65-100,2014,16
50168,Mianos,65-100,2015,17
50168,Mianos,65-100,2016,15
50168,Mianos,65-100,2017,17
50168,Mianos,65-100,2018,16
50168,Mianos,65-100,2019,14
50168,Mianos,65-100,2020,12
50168,Mianos,65-100,2021,13
50168,Mianos,65-100,2022,13
50169,Miedes de Aragón,0-16,2003,59
50169,Miedes de Aragón,0-16,2004,54
50169,Miedes de Aragón,0-16,2005,52
50169,Miedes de Aragón,0-16,2006,47
50169,Miedes de Aragón,0-16,2007,48
50169,Miedes de Aragón,0-16,2008,45
50169,Miedes de Aragón,0-16,2009,43
50169,Miedes de Aragón,0-16,2010,39
50169,Miedes de Aragón,0-16,2011,38
50169,Miedes de Aragón,0-16,2012,36
50169,Miedes de Aragón,0-16,2013,41
50169,Miedes de Aragón,0-16,2014,42
50169,Miedes de Aragón,0-16,2015,42
50169,Miedes de Aragón,0-16,2016,41
50169,Miedes de Aragón,0-16,2017,40
50169,Miedes de Aragón,0-16,2018,30
50169,Miedes de Aragón,0-16,2019,30
50169,Miedes de Aragón,0-16,2020,26
50169,Miedes de Aragón,0-16,2021,35
50169,Miedes de Aragón,0-16,2022,30
50169,Miedes de Aragón,16-64,2003,270
50169,Miedes de Aragón,16-64,2004,260
50169,Miedes de Aragón,16-64,2005,263
50169,Miedes de Aragón,16-64,2006,258
50169,Miedes de Aragón,16-64,2007,256
50169,Miedes de Aragón,16-64,2008,253
50169,Miedes de Aragón,16-64,2009,263
50169,Miedes de Aragón,16-64,2010,272
50169,Miedes de Aragón,16-64,2011,267
50169,Miedes de Aragón,16-64,2012,275
50169,Miedes de Aragón,16-64,2013,283
50169,Miedes de Aragón,16-64,2014,274
50169,Miedes de Aragón,16-64,2015,286
50169,Miedes de Aragón,16-64,2016,286
50169,Miedes de Aragón,16-64,2017,270
50169,Miedes de Aragón,16-64,2018,262
50169,Miedes de Aragón,16-64,2019,266
50169,Miedes de Aragón,16-64,2020,258
50169,Miedes de Aragón,16-64,2021,270
50169,Miedes de Aragón,16-64,2022,268
50169,Miedes de Aragón,65-100,2003,179
50169,Miedes de Aragón,65-100,2004,182
50169,Miedes de Aragón,65-100,2005,172
50169,Miedes de Aragón,65-100,2006,164
50169,Miedes de Aragón,65-100,2007,164
50169,Miedes de Aragón,65-100,2008,164
50169,Miedes de Aragón,65-100,2009,165
50169,Miedes de Aragón,65-100,2010,164
50169,Miedes de Aragón,65-100,2011,157
50169,Miedes de Aragón,65-100,2012,147
50169,Miedes de Aragón,65-100,2013,146
50169,Miedes de Aragón,65-100,2014,148
50169,Miedes de Aragón,65-100,2015,151
50169,Miedes de Aragón,65-100,2016,140
50169,Miedes de Aragón,65-100,2017,144
50169,Miedes de Aragón,65-100,2018,140
50169,Miedes de Aragón,65-100,2019,137
50169,Miedes de Aragón,65-100,2020,131
50169,Miedes de Aragón,65-100,2021,124
50169,Miedes de Aragón,65-100,2022,126
50170,Monegrillo,0-16,2003,53
50170,Monegrillo,0-16,2004,47
50170,Monegrillo,0-16,2005,47
50170,Monegrillo,0-16,2006,48
50170,Monegrillo,0-16,2007,40
50170,Monegrillo,0-16,2008,45
50170,Monegrillo,0-16,2009,45
50170,Monegrillo,0-16,2010,39
50170,Monegrillo,0-16,2011,38
50170,Monegrillo,0-16,2012,36
50170,Monegrillo,0-16,2013,33
50170,Monegrillo,0-16,2014,28
50170,Monegrillo,0-16,2015,31
50170,Monegrillo,0-16,2016,29
50170,Monegrillo,0-16,2017,28
50170,Monegrillo,0-16,2018,26
50170,Monegrillo,0-16,2019,24
50170,Monegrillo,0-16,2020,25
50170,Monegrillo,0-16,2021,24
50170,Monegrillo,0-16,2022,24
50170,Monegrillo,16-64,2003,344
50170,Monegrillo,16-64,2004,345
50170,Monegrillo,16-64,2005,331
50170,Monegrillo,16-64,2006,319
50170,Monegrillo,16-64,2007,324
50170,Monegrillo,16-64,2008,326
50170,Monegrillo,16-64,2009,327
50170,Monegrillo,16-64,2010,320
50170,Monegrillo,16-64,2011,317
50170,Monegrillo,16-64,2012,307
50170,Monegrillo,16-64,2013,303
50170,Monegrillo,16-64,2014,285
50170,Monegrillo,16-64,2015,273
50170,Monegrillo,16-64,2016,262
50170,Monegrillo,16-64,2017,260
50170,Monegrillo,16-64,2018,251
50170,Monegrillo,16-64,2019,252
50170,Monegrillo,16-64,2020,242
50170,Monegrillo,16-64,2021,237
50170,Monegrillo,16-64,2022,237
50170,Monegrillo,65-100,2003,120
50170,Monegrillo,65-100,2004,125
50170,Monegrillo,65-100,2005,128
50170,Monegrillo,65-100,2006,128
50170,Monegrillo,65-100,2007,122
50170,Monegrillo,65-100,2008,129
50170,Monegrillo,65-100,2009,123
50170,Monegrillo,65-100,2010,120
50170,Monegrillo,65-100,2011,117
50170,Monegrillo,65-100,2012,121
50170,Monegrillo,65-100,2013,122
50170,Monegrillo,65-100,2014,127
50170,Monegrillo,65-100,2015,127
50170,Monegrillo,65-100,2016,127
50170,Monegrillo,65-100,2017,131
50170,Monegrillo,65-100,2018,136
50170,Monegrillo,65-100,2019,129
50170,Monegrillo,65-100,2020,127
50170,Monegrillo,65-100,2021,128
50170,Monegrillo,65-100,2022,132
50171,Moneva,0-16,2003,3
50171,Moneva,0-16,2004,1
50171,Moneva,0-16,2005,1
50171,Moneva,0-16,2006,1
50171,Moneva,0-16,2007,1
50171,Moneva,0-16,2008,0
50171,Moneva,0-16,2009,0
50171,Moneva,0-16,2010,0
50171,Moneva,0-16,2011,0
50171,Moneva,0-16,2012,0
50171,Moneva,0-16,2013,0
50171,Moneva,0-16,2014,1
50171,Moneva,0-16,2015,1
50171,Moneva,0-16,2016,2
50171,Moneva,0-16,2017,2
50171,Moneva,0-16,2018,1
50171,Moneva,0-16,2019,0
50171,Moneva,0-16,2020,3
50171,Moneva,0-16,2021,3
50171,Moneva,0-16,2022,4
50171,Moneva,16-64,2003,73
50171,Moneva,16-64,2004,71
50171,Moneva,16-64,2005,60
50171,Moneva,16-64,2006,56
50171,Moneva,16-64,2007,53
50171,Moneva,16-64,2008,55
50171,Moneva,16-64,2009,74
50171,Moneva,16-64,2010,72
50171,Moneva,16-64,2011,80
50171,Moneva,16-64,2012,71
50171,Moneva,16-64,2013,64
50171,Moneva,16-64,2014,56
50171,Moneva,16-64,2015,56
50171,Moneva,16-64,2016,53
50171,Moneva,16-64,2017,47
50171,Moneva,16-64,2018,44
50171,Moneva,16-64,2019,47
50171,Moneva,16-64,2020,61
50171,Moneva,16-64,2021,64
50171,Moneva,16-64,2022,58
50171,Moneva,65-100,2003,56
50171,Moneva,65-100,2004,51
50171,Moneva,65-100,2005,42
50171,Moneva,65-100,2006,42
50171,Moneva,65-100,2007,42
50171,Moneva,65-100,2008,43
50171,Moneva,65-100,2009,54
50171,Moneva,65-100,2010,50
50171,Moneva,65-100,2011,49
50171,Moneva,65-100,2012,46
50171,Moneva,65-100,2013,52
50171,Moneva,65-100,2014,54
50171,Moneva,65-100,2015,55
50171,Moneva,65-100,2016,56
50171,Moneva,65-100,2017,54
50171,Moneva,65-100,2018,49
50171,Moneva,65-100,2019,50
50171,Moneva,65-100,2020,50
50171,Moneva,65-100,2021,54
50171,Moneva,65-100,2022,53
50172,Monreal de Ariza,0-16,2003,11
50172,Monreal de Ariza,0-16,2004,9
50172,Monreal de Ariza,0-16,2005,9
50172,Monreal de Ariza,0-16,2006,8
50172,Monreal de Ariza,0-16,2007,5
50172,Monreal de Ariza,0-16,2008,2
50172,Monreal de Ariza,0-16,2009,2
50172,Monreal de Ariza,0-16,2010,1
50172,Monreal de Ariza,0-16,2011,0
50172,Monreal de Ariza,0-16,2012,13
50172,Monreal de Ariza,0-16,2013,13
50172,Monreal de Ariza,0-16,2014,14
50172,Monreal de Ariza,0-16,2015,11
50172,Monreal de Ariza,0-16,2016,8
50172,Monreal de Ariza,0-16,2017,8
50172,Monreal de Ariza,0-16,2018,9
50172,Monreal de Ariza,0-16,2019,6
50172,Monreal de Ariza,0-16,2020,7
50172,Monreal de Ariza,0-16,2021,6
50172,Monreal de Ariza,0-16,2022,7
50172,Monreal de Ariza,16-64,2003,138
50172,Monreal de Ariza,16-64,2004,131
50172,Monreal de Ariza,16-64,2005,118
50172,Monreal de Ariza,16-64,2006,116
50172,Monreal de Ariza,16-64,2007,112
50172,Monreal de Ariza,16-64,2008,104
50172,Monreal de Ariza,16-64,2009,99
50172,Monreal de Ariza,16-64,2010,93
50172,Monreal de Ariza,16-64,2011,89
50172,Monreal de Ariza,16-64,2012,119
50172,Monreal de Ariza,16-64,2013,129
50172,Monreal de Ariza,16-64,2014,129
50172,Monreal de Ariza,16-64,2015,122
50172,Monreal de Ariza,16-64,2016,120
50172,Monreal de Ariza,16-64,2017,118
50172,Monreal de Ariza,16-64,2018,119
50172,Monreal de Ariza,16-64,2019,112
50172,Monreal de Ariza,16-64,2020,103
50172,Monreal de Ariza,16-64,2021,112
50172,Monreal de Ariza,16-64,2022,112
50172,Monreal de Ariza,65-100,2003,116
50172,Monreal de Ariza,65-100,2004,117
50172,Monreal de Ariza,65-100,2005,117
50172,Monreal de Ariza,65-100,2006,115
50172,Monreal de Ariza,65-100,2007,103
50172,Monreal de Ariza,65-100,2008,101
50172,Monreal de Ariza,65-100,2009,96
50172,Monreal de Ariza,65-100,2010,95
50172,Monreal de Ariza,65-100,2011,97
50172,Monreal de Ariza,65-100,2012,94
50172,Monreal de Ariza,65-100,2013,89
50172,Monreal de Ariza,65-100,2014,90
50172,Monreal de Ariza,65-100,2015,89
50172,Monreal de Ariza,65-100,2016,86
50172,Monreal de Ariza,65-100,2017,82
50172,Monreal de Ariza,65-100,2018,84
50172,Monreal de Ariza,65-100,2019,82
50172,Monreal de Ariza,65-100,2020,79
50172,Monreal de Ariza,65-100,2021,75
50172,Monreal de Ariza,65-100,2022,74
50173,Monterde,0-16,2003,7
50173,Monterde,0-16,2004,5
50173,Monterde,0-16,2005,6
50173,Monterde,0-16,2006,6
50173,Monterde,0-16,2007,5
50173,Monterde,0-16,2008,3
50173,Monterde,0-16,2009,2
50173,Monterde,0-16,2010,1
50173,Monterde,0-16,2011,1
50173,Monterde,0-16,2012,1
50173,Monterde,0-16,2013,0
50173,Monterde,0-16,2014,1
50173,Monterde,0-16,2015,2
50173,Monterde,0-16,2016,1
50173,Monterde,0-16,2017,1
50173,Monterde,0-16,2018,0
50173,Monterde,0-16,2019,0
50173,Monterde,0-16,2020,1
50173,Monterde,0-16,2021,0
50173,Monterde,0-16,2022,0
50173,Monterde,16-64,2003,142
50173,Monterde,16-64,2004,141
50173,Monterde,16-64,2005,139
50173,Monterde,16-64,2006,126
50173,Monterde,16-64,2007,130
50173,Monterde,16-64,2008,124
50173,Monterde,16-64,2009,118
50173,Monterde,16-64,2010,112
50173,Monterde,16-64,2011,105
50173,Monterde,16-64,2012,94
50173,Monterde,16-64,2013,90
50173,Monterde,16-64,2014,92
50173,Monterde,16-64,2015,156
50173,Monterde,16-64,2016,105
50173,Monterde,16-64,2017,90
50173,Monterde,16-64,2018,88
50173,Monterde,16-64,2019,85
50173,Monterde,16-64,2020,74
50173,Monterde,16-64,2021,73
50173,Monterde,16-64,2022,73
50173,Monterde,65-100,2003,79
50173,Monterde,65-100,2004,85
50173,Monterde,65-100,2005,84
50173,Monterde,65-100,2006,85
50173,Monterde,65-100,2007,86
50173,Monterde,65-100,2008,83
50173,Monterde,65-100,2009,78
50173,Monterde,65-100,2010,81
50173,Monterde,65-100,2011,84
50173,Monterde,65-100,2012,74
50173,Monterde,65-100,2013,71
50173,Monterde,65-100,2014,75
50173,Monterde,65-100,2015,120
50173,Monterde,65-100,2016,92
50173,Monterde,65-100,2017,77
50173,Monterde,65-100,2018,71
50173,Monterde,65-100,2019,72
50173,Monterde,65-100,2020,68
50173,Monterde,65-100,2021,62
50173,Monterde,65-100,2022,60
50174,Montón,0-16,2003,1
50174,Montón,0-16,2004,2
50174,Montón,0-16,2005,7
50174,Montón,0-16,2006,5
50174,Montón,0-16,2007,1
50174,Montón,0-16,2008,3
50174,Montón,0-16,2009,4
50174,Montón,0-16,2010,5
50174,Montón,0-16,2011,5
50174,Montón,0-16,2012,5
50174,Montón,0-16,2013,3
50174,Montón,0-16,2014,3
50174,Montón,0-16,2015,2
50174,Montón,0-16,2016,2
50174,Montón,0-16,2017,2
50174,Montón,0-16,2018,4
50174,Montón,0-16,2019,3
50174,Montón,0-16,2020,5
50174,Montón,0-16,2021,6
50174,Montón,0-16,2022,4
50174,Montón,16-64,2003,61
50174,Montón,16-64,2004,73
50174,Montón,16-64,2005,73
50174,Montón,16-64,2006,65
50174,Montón,16-64,2007,55
50174,Montón,16-64,2008,61
50174,Montón,16-64,2009,62
50174,Montón,16-64,2010,64
50174,Montón,16-64,2011,65
50174,Montón,16-64,2012,61
50174,Montón,16-64,2013,47
50174,Montón,16-64,2014,45
50174,Montón,16-64,2015,43
50174,Montón,16-64,2016,39
50174,Montón,16-64,2017,33
50174,Montón,16-64,2018,34
50174,Montón,16-64,2019,38
50174,Montón,16-64,2020,37
50174,Montón,16-64,2021,38
50174,Montón,16-64,2022,38
50174,Montón,65-100,2003,69
50174,Montón,65-100,2004,69
50174,Montón,65-100,2005,68
50174,Montón,65-100,2006,64
50174,Montón,65-100,2007,67
50174,Montón,65-100,2008,65
50174,Montón,65-100,2009,63
50174,Montón,65-100,2010,63
50174,Montón,65-100,2011,66
50174,Montón,65-100,2012,67
50174,Montón,65-100,2013,65
50174,Montón,65-100,2014,66
50174,Montón,65-100,2015,60
50174,Montón,65-100,2016,62
50174,Montón,65-100,2017,59
50174,Montón,65-100,2018,56
50174,Montón,65-100,2019,53
50174,Montón,65-100,2020,48
50174,Montón,65-100,2021,45
50174,Montón,65-100,2022,44
50175,Morata de Jalón,0-16,2003,136
50175,Morata de Jalón,0-16,2004,129
50175,Morata de Jalón,0-16,2005,137
50175,Morata de Jalón,0-16,2006,127
50175,Morata de Jalón,0-16,2007,121
50175,Morata de Jalón,0-16,2008,120
50175,Morata de Jalón,0-16,2009,122
50175,Morata de Jalón,0-16,2010,120
50175,Morata de Jalón,0-16,2011,104
50175,Morata de Jalón,0-16,2012,107
50175,Morata de Jalón,0-16,2013,106
50175,Morata de Jalón,0-16,2014,99
50175,Morata de Jalón,0-16,2015,105
50175,Morata de Jalón,0-16,2016,98
50175,Morata de Jalón,0-16,2017,88
50175,Morata de Jalón,0-16,2018,85
50175,Morata de Jalón,0-16,2019,92
50175,Morata de Jalón,0-16,2020,99
50175,Morata de Jalón,0-16,2021,92
50175,Morata de Jalón,0-16,2022,95
50175,Morata de Jalón,16-64,2003,817
50175,Morata de Jalón,16-64,2004,806
50175,Morata de Jalón,16-64,2005,817
50175,Morata de Jalón,16-64,2006,807
50175,Morata de Jalón,16-64,2007,802
50175,Morata de Jalón,16-64,2008,784
50175,Morata de Jalón,16-64,2009,789
50175,Morata de Jalón,16-64,2010,797
50175,Morata de Jalón,16-64,2011,797
50175,Morata de Jalón,16-64,2012,765
50175,Morata de Jalón,16-64,2013,770
50175,Morata de Jalón,16-64,2014,731
50175,Morata de Jalón,16-64,2015,709
50175,Morata de Jalón,16-64,2016,692
50175,Morata de Jalón,16-64,2017,666
50175,Morata de Jalón,16-64,2018,629
50175,Morata de Jalón,16-64,2019,628
50175,Morata de Jalón,16-64,2020,618
50175,Morata de Jalón,16-64,2021,642
50175,Morata de Jalón,16-64,2022,675
50175,Morata de Jalón,65-100,2003,469
50175,Morata de Jalón,65-100,2004,458
50175,Morata de Jalón,65-100,2005,463
50175,Morata de Jalón,65-100,2006,451
50175,Morata de Jalón,65-100,2007,456
50175,Morata de Jalón,65-100,2008,450
50175,Morata de Jalón,65-100,2009,449
50175,Morata de Jalón,65-100,2010,435
50175,Morata de Jalón,65-100,2011,413
50175,Morata de Jalón,65-100,2012,394
50175,Morata de Jalón,65-100,2013,383
50175,Morata de Jalón,65-100,2014,379
50175,Morata de Jalón,65-100,2015,390
50175,Morata de Jalón,65-100,2016,387
50175,Morata de Jalón,65-100,2017,392
50175,Morata de Jalón,65-100,2018,383
50175,Morata de Jalón,65-100,2019,359
50175,Morata de Jalón,65-100,2020,349
50175,Morata de Jalón,65-100,2021,343
50175,Morata de Jalón,65-100,2022,331
50176,Morata de Jiloca,0-16,2003,31
50176,Morata de Jiloca,0-16,2004,27
50176,Morata de Jiloca,0-16,2005,23
50176,Morata de Jiloca,0-16,2006,12
50176,Morata de Jiloca,0-16,2007,17
50176,Morata de Jiloca,0-16,2008,21
50176,Morata de Jiloca,0-16,2009,19
50176,Morata de Jiloca,0-16,2010,17
50176,Morata de Jiloca,0-16,2011,13
50176,Morata de Jiloca,0-16,2012,14
50176,Morata de Jiloca,0-16,2013,12
50176,Morata de Jiloca,0-16,2014,10
50176,Morata de Jiloca,0-16,2015,13
50176,Morata de Jiloca,0-16,2016,14
50176,Morata de Jiloca,0-16,2017,15
50176,Morata de Jiloca,0-16,2018,13
50176,Morata de Jiloca,0-16,2019,19
50176,Morata de Jiloca,0-16,2020,16
50176,Morata de Jiloca,0-16,2021,13
50176,Morata de Jiloca,0-16,2022,15
50176,Morata de Jiloca,16-64,2003,156
50176,Morata de Jiloca,16-64,2004,145
50176,Morata de Jiloca,16-64,2005,141
50176,Morata de Jiloca,16-64,2006,123
50176,Morata de Jiloca,16-64,2007,146
50176,Morata de Jiloca,16-64,2008,171
50176,Morata de Jiloca,16-64,2009,160
50176,Morata de Jiloca,16-64,2010,160
50176,Morata de Jiloca,16-64,2011,154
50176,Morata de Jiloca,16-64,2012,147
50176,Morata de Jiloca,16-64,2013,103
50176,Morata de Jiloca,16-64,2014,114
50176,Morata de Jiloca,16-64,2015,142
50176,Morata de Jiloca,16-64,2016,156
50176,Morata de Jiloca,16-64,2017,169
50176,Morata de Jiloca,16-64,2018,175
50176,Morata de Jiloca,16-64,2019,196
50176,Morata de Jiloca,16-64,2020,177
50176,Morata de Jiloca,16-64,2021,164
50176,Morata de Jiloca,16-64,2022,159
50176,Morata de Jiloca,65-100,2003,138
50176,Morata de Jiloca,65-100,2004,135
50176,Morata de Jiloca,65-100,2005,131
50176,Morata de Jiloca,65-100,2006,132
50176,Morata de Jiloca,65-100,2007,129
50176,Morata de Jiloca,65-100,2008,125
50176,Morata de Jiloca,65-100,2009,127
50176,Morata de Jiloca,65-100,2010,124
50176,Morata de Jiloca,65-100,2011,119
50176,Morata de Jiloca,65-100,2012,119
50176,Morata de Jiloca,65-100,2013,117
50176,Morata de Jiloca,65-100,2014,112
50176,Morata de Jiloca,65-100,2015,101
50176,Morata de Jiloca,65-100,2016,102
50176,Morata de Jiloca,65-100,2017,98
50176,Morata de Jiloca,65-100,2018,94
50176,Morata de Jiloca,65-100,2019,87
50176,Morata de Jiloca,65-100,2020,83
50176,Morata de Jiloca,65-100,2021,83
50176,Morata de Jiloca,65-100,2022,76
50177,Morés,0-16,2003,31
50177,Morés,0-16,2004,26
50177,Morés,0-16,2005,24
50177,Morés,0-16,2006,37
50177,Morés,0-16,2007,39
50177,Morés,0-16,2008,39
50177,Morés,0-16,2009,38
50177,Morés,0-16,2010,36
50177,Morés,0-16,2011,35
50177,Morés,0-16,2012,33
50177,Morés,0-16,2013,33
50177,Morés,0-16,2014,25
50177,Morés,0-16,2015,25
50177,Morés,0-16,2016,29
50177,Morés,0-16,2017,28
50177,Morés,0-16,2018,29
50177,Morés,0-16,2019,27
50177,Morés,0-16,2020,26
50177,Morés,0-16,2021,30
50177,Morés,0-16,2022,25
50177,Morés,16-64,2003,210
50177,Morés,16-64,2004,209
50177,Morés,16-64,2005,203
50177,Morés,16-64,2006,226
50177,Morés,16-64,2007,215
50177,Morés,16-64,2008,215
50177,Morés,16-64,2009,221
50177,Morés,16-64,2010,229
50177,Morés,16-64,2011,225
50177,Morés,16-64,2012,216
50177,Morés,16-64,2013,219
50177,Morés,16-64,2014,212
50177,Morés,16-64,2015,200
50177,Morés,16-64,2016,186
50177,Morés,16-64,2017,173
50177,Morés,16-64,2018,174
50177,Morés,16-64,2019,175
50177,Morés,16-64,2020,171
50177,Morés,16-64,2021,189
50177,Morés,16-64,2022,190
50177,Morés,65-100,2003,197
50177,Morés,65-100,2004,190
50177,Morés,65-100,2005,180
50177,Morés,65-100,2006,197
50177,Morés,65-100,2007,193
50177,Morés,65-100,2008,190
50177,Morés,65-100,2009,184
50177,Morés,65-100,2010,172
50177,Morés,65-100,2011,162
50177,Morés,65-100,2012,153
50177,Morés,65-100,2013,141
50177,Morés,65-100,2014,142
50177,Morés,65-100,2015,137
50177,Morés,65-100,2016,134
50177,Morés,65-100,2017,134
50177,Morés,65-100,2018,131
50177,Morés,65-100,2019,121
50177,Morés,65-100,2020,124
50177,Morés,65-100,2021,119
50177,Morés,65-100,2022,117
50178,Moros,0-16,2003,53
50178,Moros,0-16,2004,59
50178,Moros,0-16,2005,57
50178,Moros,0-16,2006,54
50178,Moros,0-16,2007,52
50178,Moros,0-16,2008,59
50178,Moros,0-16,2009,62
50178,Moros,0-16,2010,60
50178,Moros,0-16,2011,54
50178,Moros,0-16,2012,52
50178,Moros,0-16,2013,49
50178,Moros,0-16,2014,42
50178,Moros,0-16,2015,34
50178,Moros,0-16,2016,29
50178,Moros,0-16,2017,20
50178,Moros,0-16,2018,19
50178,Moros,0-16,2019,13
50178,Moros,0-16,2020,7
50178,Moros,0-16,2021,4
50178,Moros,0-16,2022,6
50178,Moros,16-64,2003,243
50178,Moros,16-64,2004,258
50178,Moros,16-64,2005,258
50178,Moros,16-64,2006,233
50178,Moros,16-64,2007,225
50178,Moros,16-64,2008,223
50178,Moros,16-64,2009,227
50178,Moros,16-64,2010,214
50178,Moros,16-64,2011,203
50178,Moros,16-64,2012,207
50178,Moros,16-64,2013,209
50178,Moros,16-64,2014,195
50178,Moros,16-64,2015,197
50178,Moros,16-64,2016,197
50178,Moros,16-64,2017,194
50178,Moros,16-64,2018,201
50178,Moros,16-64,2019,200
50178,Moros,16-64,2020,189
50178,Moros,16-64,2021,186
50178,Moros,16-64,2022,187
50178,Moros,65-100,2003,199
50178,Moros,65-100,2004,195
50178,Moros,65-100,2005,191
50178,Moros,65-100,2006,191
50178,Moros,65-100,2007,192
50178,Moros,65-100,2008,192
50178,Moros,65-100,2009,192
50178,Moros,65-100,2010,195
50178,Moros,65-100,2011,192
50178,Moros,65-100,2012,182
50178,Moros,65-100,2013,176
50178,Moros,65-100,2014,169
50178,Moros,65-100,2015,166
50178,Moros,65-100,2016,157
50178,Moros,65-100,2017,150
50178,Moros,65-100,2018,142
50178,Moros,65-100,2019,130
50178,Moros,65-100,2020,123
50178,Moros,65-100,2021,114
50178,Moros,65-100,2022,106
50179,Moyuela,0-16,2003,10
50179,Moyuela,0-16,2004,8
50179,Moyuela,0-16,2005,8
50179,Moyuela,0-16,2006,8
50179,Moyuela,0-16,2007,5
50179,Moyuela,0-16,2008,4
50179,Moyuela,0-16,2009,3
50179,Moyuela,0-16,2010,3
50179,Moyuela,0-16,2011,10
50179,Moyuela,0-16,2012,8
50179,Moyuela,0-16,2013,13
50179,Moyuela,0-16,2014,12
50179,Moyuela,0-16,2015,12
50179,Moyuela,0-16,2016,10
50179,Moyuela,0-16,2017,10
50179,Moyuela,0-16,2018,11
50179,Moyuela,0-16,2019,10
50179,Moyuela,0-16,2020,10
50179,Moyuela,0-16,2021,8
50179,Moyuela,0-16,2022,9
50179,Moyuela,16-64,2003,155
50179,Moyuela,16-64,2004,151
50179,Moyuela,16-64,2005,143
50179,Moyuela,16-64,2006,143
50179,Moyuela,16-64,2007,143
50179,Moyuela,16-64,2008,140
50179,Moyuela,16-64,2009,140
50179,Moyuela,16-64,2010,131
50179,Moyuela,16-64,2011,127
50179,Moyuela,16-64,2012,148
50179,Moyuela,16-64,2013,150
50179,Moyuela,16-64,2014,136
50179,Moyuela,16-64,2015,144
50179,Moyuela,16-64,2016,137
50179,Moyuela,16-64,2017,126
50179,Moyuela,16-64,2018,120
50179,Moyuela,16-64,2019,158
50179,Moyuela,16-64,2020,144
50179,Moyuela,16-64,2021,141
50179,Moyuela,16-64,2022,131
50179,Moyuela,65-100,2003,155
50179,Moyuela,65-100,2004,156
50179,Moyuela,65-100,2005,150
50179,Moyuela,65-100,2006,146
50179,Moyuela,65-100,2007,142
50179,Moyuela,65-100,2008,145
50179,Moyuela,65-100,2009,137
50179,Moyuela,65-100,2010,126
50179,Moyuela,65-100,2011,121
50179,Moyuela,65-100,2012,122
50179,Moyuela,65-100,2013,117
50179,Moyuela,65-100,2014,117
50179,Moyuela,65-100,2015,124
50179,Moyuela,65-100,2016,118
50179,Moyuela,65-100,2017,122
50179,Moyuela,65-100,2018,114
50179,Moyuela,65-100,2019,112
50179,Moyuela,65-100,2020,111
50179,Moyuela,65-100,2021,113
50179,Moyuela,65-100,2022,111
50180,Mozota,0-16,2003,1
50180,Mozota,0-16,2004,1
50180,Mozota,0-16,2005,0
50180,Mozota,0-16,2006,1
50180,Mozota,0-16,2007,0
50180,Mozota,0-16,2008,0
50180,Mozota,0-16,2009,2
50180,Mozota,0-16,2010,2
50180,Mozota,0-16,2011,2
50180,Mozota,0-16,2012,2
50180,Mozota,0-16,2013,4
50180,Mozota,0-16,2014,6
50180,Mozota,0-16,2015,7
50180,Mozota,0-16,2016,8
50180,Mozota,0-16,2017,12
50180,Mozota,0-16,2018,12
50180,Mozota,0-16,2019,13
50180,Mozota,0-16,2020,12
50180,Mozota,0-16,2021,14
50180,Mozota,0-16,2022,14
50180,Mozota,16-64,2003,67
50180,Mozota,16-64,2004,66
50180,Mozota,16-64,2005,72
50180,Mozota,16-64,2006,67
50180,Mozota,16-64,2007,66
50180,Mozota,16-64,2008,58
50180,Mozota,16-64,2009,59
50180,Mozota,16-64,2010,54
50180,Mozota,16-64,2011,52
50180,Mozota,16-64,2012,45
50180,Mozota,16-64,2013,54
50180,Mozota,16-64,2014,55
50180,Mozota,16-64,2015,58
50180,Mozota,16-64,2016,62
50180,Mozota,16-64,2017,70
50180,Mozota,16-64,2018,66
50180,Mozota,16-64,2019,61
50180,Mozota,16-64,2020,59
50180,Mozota,16-64,2021,63
50180,Mozota,16-64,2022,68
50180,Mozota,65-100,2003,53
50180,Mozota,65-100,2004,54
50180,Mozota,65-100,2005,57
50180,Mozota,65-100,2006,58
50180,Mozota,65-100,2007,61
50180,Mozota,65-100,2008,59
50180,Mozota,65-100,2009,57
50180,Mozota,65-100,2010,58
50180,Mozota,65-100,2011,59
50180,Mozota,65-100,2012,60
50180,Mozota,65-100,2013,59
50180,Mozota,65-100,2014,60
50180,Mozota,65-100,2015,56
50180,Mozota,65-100,2016,54
50180,Mozota,65-100,2017,54
50180,Mozota,65-100,2018,52
50180,Mozota,65-100,2019,48
50180,Mozota,65-100,2020,49
50180,Mozota,65-100,2021,47
50180,Mozota,65-100,2022,41
50181,Muel,0-16,2003,117
50181,Muel,0-16,2004,134
50181,Muel,0-16,2005,144
50181,Muel,0-16,2006,150
50181,Muel,0-16,2007,146
50181,Muel,0-16,2008,150
50181,Muel,0-16,2009,174
50181,Muel,0-16,2010,171
50181,Muel,0-16,2011,187
50181,Muel,0-16,2012,182
50181,Muel,0-16,2013,182
50181,Muel,0-16,2014,195
50181,Muel,0-16,2015,194
50181,Muel,0-16,2016,180
50181,Muel,0-16,2017,189
50181,Muel,0-16,2018,186
50181,Muel,0-16,2019,209
50181,Muel,0-16,2020,216
50181,Muel,0-16,2021,204
50181,Muel,0-16,2022,208
50181,Muel,16-64,2003,738
50181,Muel,16-64,2004,719
50181,Muel,16-64,2005,756
50181,Muel,16-64,2006,775
50181,Muel,16-64,2007,799
50181,Muel,16-64,2008,839
50181,Muel,16-64,2009,911
50181,Muel,16-64,2010,917
50181,Muel,16-64,2011,940
50181,Muel,16-64,2012,903
50181,Muel,16-64,2013,906
50181,Muel,16-64,2014,887
50181,Muel,16-64,2015,852
50181,Muel,16-64,2016,843
50181,Muel,16-64,2017,842
50181,Muel,16-64,2018,852
50181,Muel,16-64,2019,884
50181,Muel,16-64,2020,893
50181,Muel,16-64,2021,931
50181,Muel,16-64,2022,958
50181,Muel,65-100,2003,280
50181,Muel,65-100,2004,289
50181,Muel,65-100,2005,280
50181,Muel,65-100,2006,275
50181,Muel,65-100,2007,280
50181,Muel,65-100,2008,290
50181,Muel,65-100,2009,303
50181,Muel,65-100,2010,297
50181,Muel,65-100,2011,307
50181,Muel,65-100,2012,294
50181,Muel,65-100,2013,289
50181,Muel,65-100,2014,293
50181,Muel,65-100,2015,289
50181,Muel,65-100,2016,289
50181,Muel,65-100,2017,293
50181,Muel,65-100,2018,295
50181,Muel,65-100,2019,285
50181,Muel,65-100,2020,292
50181,Muel,65-100,2021,301
50181,Muel,65-100,2022,313
50182,La Muela,0-16,2003,335
50182,La Muela,0-16,2004,402
50182,La Muela,0-16,2005,471
50182,La Muela,0-16,2006,528
50182,La Muela,0-16,2007,607
50182,La Muela,0-16,2008,727
50182,La Muela,0-16,2009,830
50182,La Muela,0-16,2010,889
50182,La Muela,0-16,2011,970
50182,La Muela,0-16,2012,1019
50182,La Muela,0-16,2013,1053
50182,La Muela,0-16,2014,1059
50182,La Muela,0-16,2015,1098
50182,La Muela,0-16,2016,1143
50182,La Muela,0-16,2017,1213
50182,La Muela,0-16,2018,1266
50182,La Muela,0-16,2019,1322
50182,La Muela,0-16,2020,1333
50182,La Muela,0-16,2021,1385
50182,La Muela,0-16,2022,1403
50182,La Muela,16-64,2003,1635
50182,La Muela,16-64,2004,2076
50182,La Muela,16-64,2005,2394
50182,La Muela,16-64,2006,2618
50182,La Muela,16-64,2007,2920
50182,La Muela,16-64,2008,3236
50182,La Muela,16-64,2009,3610
50182,La Muela,16-64,2010,3784
50182,La Muela,16-64,2011,3750
50182,La Muela,16-64,2012,3560
50182,La Muela,16-64,2013,3491
50182,La Muela,16-64,2014,3414
50182,La Muela,16-64,2015,3379
50182,La Muela,16-64,2016,3456
50182,La Muela,16-64,2017,3518
50182,La Muela,16-64,2018,3674
50182,La Muela,16-64,2019,3887
50182,La Muela,16-64,2020,3980
50182,La Muela,16-64,2021,4155
50182,La Muela,16-64,2022,4232
50182,La Muela,65-100,2003,340
50182,La Muela,65-100,2004,380
50182,La Muela,65-100,2005,400
50182,La Muela,65-100,2006,421
50182,La Muela,65-100,2007,438
50182,La Muela,65-100,2008,456
50182,La Muela,65-100,2009,488
50182,La Muela,65-100,2010,493
50182,La Muela,65-100,2011,493
50182,La Muela,65-100,2012,483
50182,La Muela,65-100,2013,471
50182,La Muela,65-100,2014,475
50182,La Muela,65-100,2015,503
50182,La Muela,65-100,2016,491
50182,La Muela,65-100,2017,507
50182,La Muela,65-100,2018,539
50182,La Muela,65-100,2019,575
50182,La Muela,65-100,2020,581
50182,La Muela,65-100,2021,585
50182,La Muela,65-100,2022,612
50183,Munébrega,0-16,2003,39
50183,Munébrega,0-16,2004,40
50183,Munébrega,0-16,2005,40
50183,Munébrega,0-16,2006,39
50183,Munébrega,0-16,2007,42
50183,Munébrega,0-16,2008,44
50183,Munébrega,0-16,2009,54
50183,Munébrega,0-16,2010,60
50183,Munébrega,0-16,2011,46
50183,Munébrega,0-16,2012,41
50183,Munébrega,0-16,2013,36
50183,Munébrega,0-16,2014,29
50183,Munébrega,0-16,2015,28
50183,Munébrega,0-16,2016,31
50183,Munébrega,0-16,2017,30
50183,Munébrega,0-16,2018,20
50183,Munébrega,0-16,2019,20
50183,Munébrega,0-16,2020,20
50183,Munébrega,0-16,2021,17
50183,Munébrega,0-16,2022,15
50183,Munébrega,16-64,2003,225
50183,Munébrega,16-64,2004,220
50183,Munébrega,16-64,2005,222
50183,Munébrega,16-64,2006,226
50183,Munébrega,16-64,2007,220
50183,Munébrega,16-64,2008,224
50183,Munébrega,16-64,2009,251
50183,Munébrega,16-64,2010,264
50183,Munébrega,16-64,2011,261
50183,Munébrega,16-64,2012,275
50183,Munébrega,16-64,2013,278
50183,Munébrega,16-64,2014,244
50183,Munébrega,16-64,2015,232
50183,Munébrega,16-64,2016,232
50183,Munébrega,16-64,2017,228
50183,Munébrega,16-64,2018,222
50183,Munébrega,16-64,2019,218
50183,Munébrega,16-64,2020,216
50183,Munébrega,16-64,2021,224
50183,Munébrega,16-64,2022,226
50183,Munébrega,65-100,2003,174
50183,Munébrega,65-100,2004,178
50183,Munébrega,65-100,2005,175
50183,Munébrega,65-100,2006,172
50183,Munébrega,65-100,2007,169
50183,Munébrega,65-100,2008,172
50183,Munébrega,65-100,2009,164
50183,Munébrega,65-100,2010,164
50183,Munébrega,65-100,2011,160
50183,Munébrega,65-100,2012,154
50183,Munébrega,65-100,2013,148
50183,Munébrega,65-100,2014,147
50183,Munébrega,65-100,2015,145
50183,Munébrega,65-100,2016,147
50183,Munébrega,65-100,2017,145
50183,Munébrega,65-100,2018,143
50183,Munébrega,65-100,2019,133
50183,Munébrega,65-100,2020,127
50183,Munébrega,65-100,2021,119
50183,Munébrega,65-100,2022,115
50184,Murero,0-16,2003,7
50184,Murero,0-16,2004,7
50184,Murero,0-16,2005,6
50184,Murero,0-16,2006,6
50184,Murero,0-16,2007,7
50184,Murero,0-16,2008,9
50184,Murero,0-16,2009,9
50184,Murero,0-16,2010,8
50184,Murero,0-16,2011,7
50184,Murero,0-16,2012,6
50184,Murero,0-16,2013,7
50184,Murero,0-16,2014,6
50184,Murero,0-16,2015,6
50184,Murero,0-16,2016,6
50184,Murero,0-16,2017,7
50184,Murero,0-16,2018,6
50184,Murero,0-16,2019,4
50184,Murero,0-16,2020,3
50184,Murero,0-16,2021,1
50184,Murero,0-16,2022,3
50184,Murero,16-64,2003,75
50184,Murero,16-64,2004,76
50184,Murero,16-64,2005,78
50184,Murero,16-64,2006,86
50184,Murero,16-64,2007,94
50184,Murero,16-64,2008,84
50184,Murero,16-64,2009,80
50184,Murero,16-64,2010,80
50184,Murero,16-64,2011,84
50184,Murero,16-64,2012,74
50184,Murero,16-64,2013,70
50184,Murero,16-64,2014,71
50184,Murero,16-64,2015,74
50184,Murero,16-64,2016,75
50184,Murero,16-64,2017,73
50184,Murero,16-64,2018,65
50184,Murero,16-64,2019,62
50184,Murero,16-64,2020,61
50184,Murero,16-64,2021,64
50184,Murero,16-64,2022,64
50184,Murero,65-100,2003,56
50184,Murero,65-100,2004,56
50184,Murero,65-100,2005,54
50184,Murero,65-100,2006,54
50184,Murero,65-100,2007,62
50184,Murero,65-100,2008,66
50184,Murero,65-100,2009,64
50184,Murero,65-100,2010,58
50184,Murero,65-100,2011,57
50184,Murero,65-100,2012,60
50184,Murero,65-100,2013,58
50184,Murero,65-100,2014,56
50184,Murero,65-100,2015,51
50184,Murero,65-100,2016,48
50184,Murero,65-100,2017,39
50184,Murero,65-100,2018,36
50184,Murero,65-100,2019,32
50184,Murero,65-100,2020,32
50184,Murero,65-100,2021,32
50184,Murero,65-100,2022,37
50185,Murillo de Gállego,0-16,2003,15
50185,Murillo de Gállego,0-16,2004,14
50185,Murillo de Gállego,0-16,2005,15
50185,Murillo de Gállego,0-16,2006,15
50185,Murillo de Gállego,0-16,2007,17
50185,Murillo de Gállego,0-16,2008,15
50185,Murillo de Gállego,0-16,2009,16
50185,Murillo de Gállego,0-16,2010,20
50185,Murillo de Gállego,0-16,2011,23
50185,Murillo de Gállego,0-16,2012,29
50185,Murillo de Gállego,0-16,2013,23
50185,Murillo de Gállego,0-16,2014,24
50185,Murillo de Gállego,0-16,2015,23
50185,Murillo de Gállego,0-16,2016,22
50185,Murillo de Gállego,0-16,2017,25
50185,Murillo de Gállego,0-16,2018,21
50185,Murillo de Gállego,0-16,2019,22
50185,Murillo de Gállego,0-16,2020,24
50185,Murillo de Gállego,0-16,2021,24
50185,Murillo de Gállego,0-16,2022,29
50185,Murillo de Gállego,16-64,2003,98
50185,Murillo de Gállego,16-64,2004,102
50185,Murillo de Gállego,16-64,2005,100
50185,Murillo de Gállego,16-64,2006,99
50185,Murillo de Gállego,16-64,2007,93
50185,Murillo de Gállego,16-64,2008,96
50185,Murillo de Gállego,16-64,2009,92
50185,Murillo de Gállego,16-64,2010,112
50185,Murillo de Gállego,16-64,2011,118
50185,Murillo de Gállego,16-64,2012,125
50185,Murillo de Gállego,16-64,2013,121
50185,Murillo de Gállego,16-64,2014,113
50185,Murillo de Gállego,16-64,2015,104
50185,Murillo de Gállego,16-64,2016,109
50185,Murillo de Gállego,16-64,2017,111
50185,Murillo de Gállego,16-64,2018,113
50185,Murillo de Gállego,16-64,2019,123
50185,Murillo de Gállego,16-64,2020,126
50185,Murillo de Gállego,16-64,2021,122
50185,Murillo de Gállego,16-64,2022,121
50185,Murillo de Gállego,65-100,2003,64
50185,Murillo de Gállego,65-100,2004,66
50185,Murillo de Gállego,65-100,2005,64
50185,Murillo de Gállego,65-100,2006,63
50185,Murillo de Gállego,65-100,2007,63
50185,Murillo de Gállego,65-100,2008,58
50185,Murillo de Gállego,65-100,2009,57
50185,Murillo de Gállego,65-100,2010,57
50185,Murillo de Gállego,65-100,2011,53
50185,Murillo de Gállego,65-100,2012,48
50185,Murillo de Gállego,65-100,2013,45
50185,Murillo de Gállego,65-100,2014,46
50185,Murillo de Gállego,65-100,2015,39
50185,Murillo de Gállego,65-100,2016,37
50185,Murillo de Gállego,65-100,2017,39
50185,Murillo de Gállego,65-100,2018,40
50185,Murillo de Gállego,65-100,2019,38
50185,Murillo de Gállego,65-100,2020,41
50185,Murillo de Gállego,65-100,2021,41
50185,Murillo de Gállego,65-100,2022,47
50186,Navardún,0-16,2003,2
50186,Navardún,0-16,2004,2
50186,Navardún,0-16,2005,2
50186,Navardún,0-16,2006,2
50186,Navardún,0-16,2007,2
50186,Navardún,0-16,2008,2
50186,Navardún,0-16,2009,1
50186,Navardún,0-16,2010,1
50186,Navardún,0-16,2011,1
50186,Navardún,0-16,2012,1
50186,Navardún,0-16,2013,1
50186,Navardún,0-16,2014,0
50186,Navardún,0-16,2015,0
50186,Navardún,0-16,2016,0
50186,Navardún,0-16,2017,0
50186,Navardún,0-16,2018,0
50186,Navardún,0-16,2019,0
50186,Navardún,0-16,2020,0
50186,Navardún,0-16,2021,0
50186,Navardún,0-16,2022,0
50186,Navardún,16-64,2003,26
50186,Navardún,16-64,2004,25
50186,Navardún,16-64,2005,26
50186,Navardún,16-64,2006,24
50186,Navardún,16-64,2007,23
50186,Navardún,16-64,2008,29
50186,Navardún,16-64,2009,30
50186,Navardún,16-64,2010,31
50186,Navardún,16-64,2011,29
50186,Navardún,16-64,2012,31
50186,Navardún,16-64,2013,25
50186,Navardún,16-64,2014,27
50186,Navardún,16-64,2015,25
50186,Navardún,16-64,2016,26
50186,Navardún,16-64,2017,24
50186,Navardún,16-64,2018,23
50186,Navardún,16-64,2019,22
50186,Navardún,16-64,2020,19
50186,Navardún,16-64,2021,18
50186,Navardún,16-64,2022,19
50186,Navardún,65-100,2003,26
50186,Navardún,65-100,2004,27
50186,Navardún,65-100,2005,25
50186,Navardún,65-100,2006,24
50186,Navardún,65-100,2007,19
50186,Navardún,65-100,2008,18
50186,Navardún,65-100,2009,18
50186,Navardún,65-100,2010,18
50186,Navardún,65-100,2011,18
50186,Navardún,65-100,2012,15
50186,Navardún,65-100,2013,19
50186,Navardún,65-100,2014,16
50186,Navardún,65-100,2015,16
50186,Navardún,65-100,2016,16
50186,Navardún,65-100,2017,17
50186,Navardún,65-100,2018,17
50186,Navardún,65-100,2019,16
50186,Navardún,65-100,2020,17
50186,Navardún,65-100,2021,16
50186,Navardún,65-100,2022,16
50187,Nigüella,0-16,2003,5
50187,Nigüella,0-16,2004,4
50187,Nigüella,0-16,2005,2
50187,Nigüella,0-16,2006,2
50187,Nigüella,0-16,2007,2
50187,Nigüella,0-16,2008,2
50187,Nigüella,0-16,2009,2
50187,Nigüella,0-16,2010,2
50187,Nigüella,0-16,2011,2
50187,Nigüella,0-16,2012,1
50187,Nigüella,0-16,2013,1
50187,Nigüella,0-16,2014,4
50187,Nigüella,0-16,2015,4
50187,Nigüella,0-16,2016,2
50187,Nigüella,0-16,2017,2
50187,Nigüella,0-16,2018,2
50187,Nigüella,0-16,2019,2
50187,Nigüella,0-16,2020,2
50187,Nigüella,0-16,2021,1
50187,Nigüella,0-16,2022,1
50187,Nigüella,16-64,2003,54
50187,Nigüella,16-64,2004,49
50187,Nigüella,16-64,2005,47
50187,Nigüella,16-64,2006,44
50187,Nigüella,16-64,2007,44
50187,Nigüella,16-64,2008,43
50187,Nigüella,16-64,2009,37
50187,Nigüella,16-64,2010,37
50187,Nigüella,16-64,2011,35
50187,Nigüella,16-64,2012,34
50187,Nigüella,16-64,2013,34
50187,Nigüella,16-64,2014,36
50187,Nigüella,16-64,2015,38
50187,Nigüella,16-64,2016,35
50187,Nigüella,16-64,2017,32
50187,Nigüella,16-64,2018,31
50187,Nigüella,16-64,2019,28
50187,Nigüella,16-64,2020,27
50187,Nigüella,16-64,2021,27
50187,Nigüella,16-64,2022,27
50187,Nigüella,65-100,2003,46
50187,Nigüella,65-100,2004,44
50187,Nigüella,65-100,2005,41
50187,Nigüella,65-100,2006,43
50187,Nigüella,65-100,2007,45
50187,Nigüella,65-100,2008,42
50187,Nigüella,65-100,2009,45
50187,Nigüella,65-100,2010,42
50187,Nigüella,65-100,2011,42
50187,Nigüella,65-100,2012,39
50187,Nigüella,65-100,2013,40
50187,Nigüella,65-100,2014,40
50187,Nigüella,65-100,2015,36
50187,Nigüella,65-100,2016,39
50187,Nigüella,65-100,2017,35
50187,Nigüella,65-100,2018,33
50187,Nigüella,65-100,2019,32
50187,Nigüella,65-100,2020,32
50187,Nigüella,65-100,2021,34
50187,Nigüella,65-100,2022,31
50188,Nombrevilla,0-16,2003,2
50188,Nombrevilla,0-16,2004,2
50188,Nombrevilla,0-16,2005,1
50188,Nombrevilla,0-16,2006,1
50188,Nombrevilla,0-16,2007,1
50188,Nombrevilla,0-16,2008,1
50188,Nombrevilla,0-16,2009,0
50188,Nombrevilla,0-16,2010,0
50188,Nombrevilla,0-16,2011,0
50188,Nombrevilla,0-16,2012,0
50188,Nombrevilla,0-16,2013,0
50188,Nombrevilla,0-16,2014,3
50188,Nombrevilla,0-16,2015,1
50188,Nombrevilla,0-16,2016,1
50188,Nombrevilla,0-16,2017,1
50188,Nombrevilla,0-16,2018,1
50188,Nombrevilla,0-16,2019,1
50188,Nombrevilla,0-16,2020,1
50188,Nombrevilla,0-16,2021,1
50188,Nombrevilla,0-16,2022,0
50188,Nombrevilla,16-64,2003,41
50188,Nombrevilla,16-64,2004,36
50188,Nombrevilla,16-64,2005,31
50188,Nombrevilla,16-64,2006,31
50188,Nombrevilla,16-64,2007,26
50188,Nombrevilla,16-64,2008,25
50188,Nombrevilla,16-64,2009,25
50188,Nombrevilla,16-64,2010,24
50188,Nombrevilla,16-64,2011,24
50188,Nombrevilla,16-64,2012,21
50188,Nombrevilla,16-64,2013,18
50188,Nombrevilla,16-64,2014,18
50188,Nombrevilla,16-64,2015,15
50188,Nombrevilla,16-64,2016,13
50188,Nombrevilla,16-64,2017,13
50188,Nombrevilla,16-64,2018,11
50188,Nombrevilla,16-64,2019,12
50188,Nombrevilla,16-64,2020,11
50188,Nombrevilla,16-64,2021,14
50188,Nombrevilla,16-64,2022,14
50188,Nombrevilla,65-100,2003,12
50188,Nombrevilla,65-100,2004,12
50188,Nombrevilla,65-100,2005,14
50188,Nombrevilla,65-100,2006,14
50188,Nombrevilla,65-100,2007,12
50188,Nombrevilla,65-100,2008,12
50188,Nombrevilla,65-100,2009,11
50188,Nombrevilla,65-100,2010,11
50188,Nombrevilla,65-100,2011,14
50188,Nombrevilla,65-100,2012,14
50188,Nombrevilla,65-100,2013,16
50188,Nombrevilla,65-100,2014,16
50188,Nombrevilla,65-100,2015,18
50188,Nombrevilla,65-100,2016,18
50188,Nombrevilla,65-100,2017,17
50188,Nombrevilla,65-100,2018,17
50188,Nombrevilla,65-100,2019,18
50188,Nombrevilla,65-100,2020,19
50188,Nombrevilla,65-100,2021,20
50188,Nombrevilla,65-100,2022,21
50189,Nonaspe,0-16,2003,128
50189,Nonaspe,0-16,2004,129
50189,Nonaspe,0-16,2005,136
50189,Nonaspe,0-16,2006,140
50189,Nonaspe,0-16,2007,135
50189,Nonaspe,0-16,2008,146
50189,Nonaspe,0-16,2009,148
50189,Nonaspe,0-16,2010,147
50189,Nonaspe,0-16,2011,140
50189,Nonaspe,0-16,2012,147
50189,Nonaspe,0-16,2013,138
50189,Nonaspe,0-16,2014,137
50189,Nonaspe,0-16,2015,140
50189,Nonaspe,0-16,2016,132
50189,Nonaspe,0-16,2017,128
50189,Nonaspe,0-16,2018,121
50189,Nonaspe,0-16,2019,116
50189,Nonaspe,0-16,2020,114
50189,Nonaspe,0-16,2021,121
50189,Nonaspe,0-16,2022,121
50189,Nonaspe,16-64,2003,591
50189,Nonaspe,16-64,2004,593
50189,Nonaspe,16-64,2005,616
50189,Nonaspe,16-64,2006,606
50189,Nonaspe,16-64,2007,620
50189,Nonaspe,16-64,2008,638
50189,Nonaspe,16-64,2009,646
50189,Nonaspe,16-64,2010,632
50189,Nonaspe,16-64,2011,638
50189,Nonaspe,16-64,2012,650
50189,Nonaspe,16-64,2013,632
50189,Nonaspe,16-64,2014,611
50189,Nonaspe,16-64,2015,598
50189,Nonaspe,16-64,2016,593
50189,Nonaspe,16-64,2017,571
50189,Nonaspe,16-64,2018,573
50189,Nonaspe,16-64,2019,578
50189,Nonaspe,16-64,2020,596
50189,Nonaspe,16-64,2021,601
50189,Nonaspe,16-64,2022,612
50189,Nonaspe,65-100,2003,326
50189,Nonaspe,65-100,2004,320
50189,Nonaspe,65-100,2005,307
50189,Nonaspe,65-100,2006,309
50189,Nonaspe,65-100,2007,301
50189,Nonaspe,65-100,2008,295
50189,Nonaspe,65-100,2009,289
50189,Nonaspe,65-100,2010,282
50189,Nonaspe,65-100,2011,276
50189,Nonaspe,65-100,2012,267
50189,Nonaspe,65-100,2013,268
50189,Nonaspe,65-100,2014,268
50189,Nonaspe,65-100,2015,270
50189,Nonaspe,65-100,2016,267
50189,Nonaspe,65-100,2017,265
50189,Nonaspe,65-100,2018,268
50189,Nonaspe,65-100,2019,267
50189,Nonaspe,65-100,2020,268
50189,Nonaspe,65-100,2021,276
50189,Nonaspe,65-100,2022,278
50190,Novallas,0-16,2003,91
50190,Novallas,0-16,2004,83
50190,Novallas,0-16,2005,90
50190,Novallas,0-16,2006,92
50190,Novallas,0-16,2007,108
50190,Novallas,0-16,2008,110
50190,Novallas,0-16,2009,109
50190,Novallas,0-16,2010,118
50190,Novallas,0-16,2011,117
50190,Novallas,0-16,2012,123
50190,Novallas,0-16,2013,137
50190,Novallas,0-16,2014,137
50190,Novallas,0-16,2015,138
50190,Novallas,0-16,2016,127
50190,Novallas,0-16,2017,108
50190,Novallas,0-16,2018,118
50190,Novallas,0-16,2019,104
50190,Novallas,0-16,2020,105
50190,Novallas,0-16,2021,101
50190,Novallas,0-16,2022,104
50190,Novallas,16-64,2003,479
50190,Novallas,16-64,2004,490
50190,Novallas,16-64,2005,489
50190,Novallas,16-64,2006,513
50190,Novallas,16-64,2007,558
50190,Novallas,16-64,2008,565
50190,Novallas,16-64,2009,580
50190,Novallas,16-64,2010,590
50190,Novallas,16-64,2011,620
50190,Novallas,16-64,2012,615
50190,Novallas,16-64,2013,601
50190,Novallas,16-64,2014,585
50190,Novallas,16-64,2015,574
50190,Novallas,16-64,2016,547
50190,Novallas,16-64,2017,546
50190,Novallas,16-64,2018,554
50190,Novallas,16-64,2019,547
50190,Novallas,16-64,2020,535
50190,Novallas,16-64,2021,534
50190,Novallas,16-64,2022,528
50190,Novallas,65-100,2003,245
50190,Novallas,65-100,2004,234
50190,Novallas,65-100,2005,227
50190,Novallas,65-100,2006,213
50190,Novallas,65-100,2007,209
50190,Novallas,65-100,2008,210
50190,Novallas,65-100,2009,202
50190,Novallas,65-100,2010,211
50190,Novallas,65-100,2011,212
50190,Novallas,65-100,2012,210
50190,Novallas,65-100,2013,209
50190,Novallas,65-100,2014,209
50190,Novallas,65-100,2015,201
50190,Novallas,65-100,2016,197
50190,Novallas,65-100,2017,184
50190,Novallas,65-100,2018,178
50190,Novallas,65-100,2019,179
50190,Novallas,65-100,2020,185
50190,Novallas,65-100,2021,198
50190,Novallas,65-100,2022,213
50191,Novillas,0-16,2003,77
50191,Novillas,0-16,2004,76
50191,Novillas,0-16,2005,77
50191,Novillas,0-16,2006,73
50191,Novillas,0-16,2007,80
50191,Novillas,0-16,2008,78
50191,Novillas,0-16,2009,85
50191,Novillas,0-16,2010,77
50191,Novillas,0-16,2011,69
50191,Novillas,0-16,2012,73
50191,Novillas,0-16,2013,72
50191,Novillas,0-16,2014,69
50191,Novillas,0-16,2015,63
50191,Novillas,0-16,2016,59
50191,Novillas,0-16,2017,55
50191,Novillas,0-16,2018,53
50191,Novillas,0-16,2019,53
50191,Novillas,0-16,2020,49
50191,Novillas,0-16,2021,43
50191,Novillas,0-16,2022,42
50191,Novillas,16-64,2003,386
50191,Novillas,16-64,2004,399
50191,Novillas,16-64,2005,395
50191,Novillas,16-64,2006,382
50191,Novillas,16-64,2007,371
50191,Novillas,16-64,2008,369
50191,Novillas,16-64,2009,368
50191,Novillas,16-64,2010,362
50191,Novillas,16-64,2011,353
50191,Novillas,16-64,2012,343
50191,Novillas,16-64,2013,341
50191,Novillas,16-64,2014,335
50191,Novillas,16-64,2015,325
50191,Novillas,16-64,2016,312
50191,Novillas,16-64,2017,305
50191,Novillas,16-64,2018,306
50191,Novillas,16-64,2019,310
50191,Novillas,16-64,2020,300
50191,Novillas,16-64,2021,295
50191,Novillas,16-64,2022,306
50191,Novillas,65-100,2003,206
50191,Novillas,65-100,2004,192
50191,Novillas,65-100,2005,188
50191,Novillas,65-100,2006,190
50191,Novillas,65-100,2007,192
50191,Novillas,65-100,2008,192
50191,Novillas,65-100,2009,186
50191,Novillas,65-100,2010,187
50191,Novillas,65-100,2011,181
50191,Novillas,65-100,2012,186
50191,Novillas,65-100,2013,181
50191,Novillas,65-100,2014,182
50191,Novillas,65-100,2015,190
50191,Novillas,65-100,2016,189
50191,Novillas,65-100,2017,186
50191,Novillas,65-100,2018,181
50191,Novillas,65-100,2019,169
50191,Novillas,65-100,2020,168
50191,Novillas,65-100,2021,164
50191,Novillas,65-100,2022,166
50192,Nuévalos,0-16,2003,53
50192,Nuévalos,0-16,2004,53
50192,Nuévalos,0-16,2005,52
50192,Nuévalos,0-16,2006,43
50192,Nuévalos,0-16,2007,43
50192,Nuévalos,0-16,2008,49
50192,Nuévalos,0-16,2009,47
50192,Nuévalos,0-16,2010,53
50192,Nuévalos,0-16,2011,58
50192,Nuévalos,0-16,2012,55
50192,Nuévalos,0-16,2013,60
50192,Nuévalos,0-16,2014,53
50192,Nuévalos,0-16,2015,53
50192,Nuévalos,0-16,2016,54
50192,Nuévalos,0-16,2017,49
50192,Nuévalos,0-16,2018,46
50192,Nuévalos,0-16,2019,35
50192,Nuévalos,0-16,2020,31
50192,Nuévalos,0-16,2021,29
50192,Nuévalos,0-16,2022,29
50192,Nuévalos,16-64,2003,272
50192,Nuévalos,16-64,2004,265
50192,Nuévalos,16-64,2005,251
50192,Nuévalos,16-64,2006,222
50192,Nuévalos,16-64,2007,220
50192,Nuévalos,16-64,2008,230
50192,Nuévalos,16-64,2009,232
50192,Nuévalos,16-64,2010,223
50192,Nuévalos,16-64,2011,219
50192,Nuévalos,16-64,2012,213
50192,Nuévalos,16-64,2013,207
50192,Nuévalos,16-64,2014,198
50192,Nuévalos,16-64,2015,197
50192,Nuévalos,16-64,2016,204
50192,Nuévalos,16-64,2017,205
50192,Nuévalos,16-64,2018,200
50192,Nuévalos,16-64,2019,194
50192,Nuévalos,16-64,2020,179
50192,Nuévalos,16-64,2021,193
50192,Nuévalos,16-64,2022,179
50192,Nuévalos,65-100,2003,68
50192,Nuévalos,65-100,2004,66
50192,Nuévalos,65-100,2005,71
50192,Nuévalos,65-100,2006,73
50192,Nuévalos,65-100,2007,79
50192,Nuévalos,65-100,2008,74
50192,Nuévalos,65-100,2009,82
50192,Nuévalos,65-100,2010,80
50192,Nuévalos,65-100,2011,78
50192,Nuévalos,65-100,2012,82
50192,Nuévalos,65-100,2013,81
50192,Nuévalos,65-100,2014,81
50192,Nuévalos,65-100,2015,77
50192,Nuévalos,65-100,2016,77
50192,Nuévalos,65-100,2017,78
50192,Nuévalos,65-100,2018,79
50192,Nuévalos,65-100,2019,81
50192,Nuévalos,65-100,2020,75
50192,Nuévalos,65-100,2021,75
50192,Nuévalos,65-100,2022,71
50193,Nuez de Ebro,0-16,2003,85
50193,Nuez de Ebro,0-16,2004,86
50193,Nuez de Ebro,0-16,2005,86
50193,Nuez de Ebro,0-16,2006,97
50193,Nuez de Ebro,0-16,2007,107
50193,Nuez de Ebro,0-16,2008,117
50193,Nuez de Ebro,0-16,2009,120
50193,Nuez de Ebro,0-16,2010,135
50193,Nuez de Ebro,0-16,2011,145
50193,Nuez de Ebro,0-16,2012,145
50193,Nuez de Ebro,0-16,2013,149
50193,Nuez de Ebro,0-16,2014,143
50193,Nuez de Ebro,0-16,2015,137
50193,Nuez de Ebro,0-16,2016,140
50193,Nuez de Ebro,0-16,2017,143
50193,Nuez de Ebro,0-16,2018,138
50193,Nuez de Ebro,0-16,2019,135
50193,Nuez de Ebro,0-16,2020,136
50193,Nuez de Ebro,0-16,2021,142
50193,Nuez de Ebro,0-16,2022,150
50193,Nuez de Ebro,16-64,2003,409
50193,Nuez de Ebro,16-64,2004,419
50193,Nuez de Ebro,16-64,2005,441
50193,Nuez de Ebro,16-64,2006,482
50193,Nuez de Ebro,16-64,2007,501
50193,Nuez de Ebro,16-64,2008,513
50193,Nuez de Ebro,16-64,2009,511
50193,Nuez de Ebro,16-64,2010,538
50193,Nuez de Ebro,16-64,2011,561
50193,Nuez de Ebro,16-64,2012,562
50193,Nuez de Ebro,16-64,2013,575
50193,Nuez de Ebro,16-64,2014,557
50193,Nuez de Ebro,16-64,2015,543
50193,Nuez de Ebro,16-64,2016,548
50193,Nuez de Ebro,16-64,2017,543
50193,Nuez de Ebro,16-64,2018,535
50193,Nuez de Ebro,16-64,2019,546
50193,Nuez de Ebro,16-64,2020,542
50193,Nuez de Ebro,16-64,2021,571
50193,Nuez de Ebro,16-64,2022,567
50193,Nuez de Ebro,65-100,2003,125
50193,Nuez de Ebro,65-100,2004,122
50193,Nuez de Ebro,65-100,2005,119
50193,Nuez de Ebro,65-100,2006,120
50193,Nuez de Ebro,65-100,2007,123
50193,Nuez de Ebro,65-100,2008,124
50193,Nuez de Ebro,65-100,2009,127
50193,Nuez de Ebro,65-100,2010,128
50193,Nuez de Ebro,65-100,2011,131
50193,Nuez de Ebro,65-100,2012,136
50193,Nuez de Ebro,65-100,2013,139
50193,Nuez de Ebro,65-100,2014,143
50193,Nuez de Ebro,65-100,2015,146
50193,Nuez de Ebro,65-100,2016,152
50193,Nuez de Ebro,65-100,2017,152
50193,Nuez de Ebro,65-100,2018,154
50193,Nuez de Ebro,65-100,2019,156
50193,Nuez de Ebro,65-100,2020,160
50193,Nuez de Ebro,65-100,2021,167
50193,Nuez de Ebro,65-100,2022,172
50194,Olvés,0-16,2003,6
50194,Olvés,0-16,2004,6
50194,Olvés,0-16,2005,4
50194,Olvés,0-16,2006,2
50194,Olvés,0-16,2007,0
50194,Olvés,0-16,2008,2
50194,Olvés,0-16,2009,3
50194,Olvés,0-16,2010,3
50194,Olvés,0-16,2011,4
50194,Olvés,0-16,2012,3
50194,Olvés,0-16,2013,4
50194,Olvés,0-16,2014,5
50194,Olvés,0-16,2015,6
50194,Olvés,0-16,2016,8
50194,Olvés,0-16,2017,6
50194,Olvés,0-16,2018,5
50194,Olvés,0-16,2019,5
50194,Olvés,0-16,2020,8
50194,Olvés,0-16,2021,8
50194,Olvés,0-16,2022,9
50194,Olvés,16-64,2003,81
50194,Olvés,16-64,2004,73
50194,Olvés,16-64,2005,69
50194,Olvés,16-64,2006,62
50194,Olvés,16-64,2007,62
50194,Olvés,16-64,2008,70
50194,Olvés,16-64,2009,69
50194,Olvés,16-64,2010,67
50194,Olvés,16-64,2011,67
50194,Olvés,16-64,2012,65
50194,Olvés,16-64,2013,59
50194,Olvés,16-64,2014,53
50194,Olvés,16-64,2015,62
50194,Olvés,16-64,2016,60
50194,Olvés,16-64,2017,52
50194,Olvés,16-64,2018,56
50194,Olvés,16-64,2019,55
50194,Olvés,16-64,2020,56
50194,Olvés,16-64,2021,54
50194,Olvés,16-64,2022,59
50194,Olvés,65-100,2003,58
50194,Olvés,65-100,2004,57
50194,Olvés,65-100,2005,53
50194,Olvés,65-100,2006,51
50194,Olvés,65-100,2007,50
50194,Olvés,65-100,2008,48
50194,Olvés,65-100,2009,47
50194,Olvés,65-100,2010,45
50194,Olvés,65-100,2011,48
50194,Olvés,65-100,2012,49
50194,Olvés,65-100,2013,46
50194,Olvés,65-100,2014,48
50194,Olvés,65-100,2015,49
50194,Olvés,65-100,2016,52
50194,Olvés,65-100,2017,46
50194,Olvés,65-100,2018,45
50194,Olvés,65-100,2019,44
50194,Olvés,65-100,2020,46
50194,Olvés,65-100,2021,43
50194,Olvés,65-100,2022,42
50195,Orcajo,0-16,2003,1
50195,Orcajo,0-16,2004,1
50195,Orcajo,0-16,2005,1
50195,Orcajo,0-16,2006,1
50195,Orcajo,0-16,2007,0
50195,Orcajo,0-16,2008,0
50195,Orcajo,0-16,2009,0
50195,Orcajo,0-16,2010,0
50195,Orcajo,0-16,2011,0
50195,Orcajo,0-16,2012,1
50195,Orcajo,0-16,2013,0
50195,Orcajo,0-16,2014,0
50195,Orcajo,0-16,2015,0
50195,Orcajo,0-16,2016,0
50195,Orcajo,0-16,2017,0
50195,Orcajo,0-16,2018,2
50195,Orcajo,0-16,2019,2
50195,Orcajo,0-16,2020,1
50195,Orcajo,0-16,2021,1
50195,Orcajo,0-16,2022,0
50195,Orcajo,16-64,2003,21
50195,Orcajo,16-64,2004,17
50195,Orcajo,16-64,2005,17
50195,Orcajo,16-64,2006,16
50195,Orcajo,16-64,2007,18
50195,Orcajo,16-64,2008,18
50195,Orcajo,16-64,2009,18
50195,Orcajo,16-64,2010,16
50195,Orcajo,16-64,2011,24
50195,Orcajo,16-64,2012,28
50195,Orcajo,16-64,2013,27
50195,Orcajo,16-64,2014,37
50195,Orcajo,16-64,2015,37
50195,Orcajo,16-64,2016,38
50195,Orcajo,16-64,2017,35
50195,Orcajo,16-64,2018,35
50195,Orcajo,16-64,2019,35
50195,Orcajo,16-64,2020,33
50195,Orcajo,16-64,2021,34
50195,Orcajo,16-64,2022,35
50195,Orcajo,65-100,2003,20
50195,Orcajo,65-100,2004,21
50195,Orcajo,65-100,2005,19
50195,Orcajo,65-100,2006,20
50195,Orcajo,65-100,2007,20
50195,Orcajo,65-100,2008,18
50195,Orcajo,65-100,2009,16
50195,Orcajo,65-100,2010,17
50195,Orcajo,65-100,2011,19
50195,Orcajo,65-100,2012,18
50195,Orcajo,65-100,2013,18
50195,Orcajo,65-100,2014,20
50195,Orcajo,65-100,2015,19
50195,Orcajo,65-100,2016,20
50195,Orcajo,65-100,2017,22
50195,Orcajo,65-100,2018,22
50195,Orcajo,65-100,2019,21
50195,Orcajo,65-100,2020,21
50195,Orcajo,65-100,2021,23
50195,Orcajo,65-100,2022,22
50196,Orera,0-16,2003,16
50196,Orera,0-16,2004,17
50196,Orera,0-16,2005,17
50196,Orera,0-16,2006,18
50196,Orera,0-16,2007,14
50196,Orera,0-16,2008,18
50196,Orera,0-16,2009,17
50196,Orera,0-16,2010,17
50196,Orera,0-16,2011,18
50196,Orera,0-16,2012,14
50196,Orera,0-16,2013,14
50196,Orera,0-16,2014,14
50196,Orera,0-16,2015,12
50196,Orera,0-16,2016,10
50196,Orera,0-16,2017,8
50196,Orera,0-16,2018,6
50196,Orera,0-16,2019,7
50196,Orera,0-16,2020,7
50196,Orera,0-16,2021,6
50196,Orera,0-16,2022,5
50196,Orera,16-64,2003,54
50196,Orera,16-64,2004,55
50196,Orera,16-64,2005,59
50196,Orera,16-64,2006,58
50196,Orera,16-64,2007,55
50196,Orera,16-64,2008,59
50196,Orera,16-64,2009,59
50196,Orera,16-64,2010,63
50196,Orera,16-64,2011,69
50196,Orera,16-64,2012,70
50196,Orera,16-64,2013,71
50196,Orera,16-64,2014,71
50196,Orera,16-64,2015,71
50196,Orera,16-64,2016,70
50196,Orera,16-64,2017,74
50196,Orera,16-64,2018,77
50196,Orera,16-64,2019,75
50196,Orera,16-64,2020,72
50196,Orera,16-64,2021,80
50196,Orera,16-64,2022,77
50196,Orera,65-100,2003,62
50196,Orera,65-100,2004,59
50196,Orera,65-100,2005,59
50196,Orera,65-100,2006,57
50196,Orera,65-100,2007,53
50196,Orera,65-100,2008,51
50196,Orera,65-100,2009,50
50196,Orera,65-100,2010,49
50196,Orera,65-100,2011,49
50196,Orera,65-100,2012,51
50196,Orera,65-100,2013,48
50196,Orera,65-100,2014,46
50196,Orera,65-100,2015,44
50196,Orera,65-100,2016,42
50196,Orera,65-100,2017,38
50196,Orera,65-100,2018,35
50196,Orera,65-100,2019,32
50196,Orera,65-100,2020,32
50196,Orera,65-100,2021,30
50196,Orera,65-100,2022,34
50197,Orés,0-16,2003,11
50197,Orés,0-16,2004,9
50197,Orés,0-16,2005,9
50197,Orés,0-16,2006,8
50197,Orés,0-16,2007,9
50197,Orés,0-16,2008,8
50197,Orés,0-16,2009,7
50197,Orés,0-16,2010,8
50197,Orés,0-16,2011,6
50197,Orés,0-16,2012,5
50197,Orés,0-16,2013,9
50197,Orés,0-16,2014,10
50197,Orés,0-16,2015,11
50197,Orés,0-16,2016,11
50197,Orés,0-16,2017,11
50197,Orés,0-16,2018,10
50197,Orés,0-16,2019,9
50197,Orés,0-16,2020,9
50197,Orés,0-16,2021,9
50197,Orés,0-16,2022,7
50197,Orés,16-64,2003,48
50197,Orés,16-64,2004,47
50197,Orés,16-64,2005,50
50197,Orés,16-64,2006,49
50197,Orés,16-64,2007,52
50197,Orés,16-64,2008,55
50197,Orés,16-64,2009,55
50197,Orés,16-64,2010,56
50197,Orés,16-64,2011,66
50197,Orés,16-64,2012,59
50197,Orés,16-64,2013,54
50197,Orés,16-64,2014,57
50197,Orés,16-64,2015,60
50197,Orés,16-64,2016,55
50197,Orés,16-64,2017,52
50197,Orés,16-64,2018,53
50197,Orés,16-64,2019,59
50197,Orés,16-64,2020,52
50197,Orés,16-64,2021,55
50197,Orés,16-64,2022,50
50197,Orés,65-100,2003,54
50197,Orés,65-100,2004,51
50197,Orés,65-100,2005,50
50197,Orés,65-100,2006,47
50197,Orés,65-100,2007,45
50197,Orés,65-100,2008,44
50197,Orés,65-100,2009,39
50197,Orés,65-100,2010,37
50197,Orés,65-100,2011,35
50197,Orés,65-100,2012,39
50197,Orés,65-100,2013,41
50197,Orés,65-100,2014,43
50197,Orés,65-100,2015,41
50197,Orés,65-100,2016,42
50197,Orés,65-100,2017,43
50197,Orés,65-100,2018,41
50197,Orés,65-100,2019,46
50197,Orés,65-100,2020,48
50197,Orés,65-100,2021,43
50197,Orés,65-100,2022,38
50198,Oseja,0-16,2003,2
50198,Oseja,0-16,2004,2
50198,Oseja,0-16,2005,2
50198,Oseja,0-16,2006,3
50198,Oseja,0-16,2007,4
50198,Oseja,0-16,2008,5
50198,Oseja,0-16,2009,3
50198,Oseja,0-16,2010,4
50198,Oseja,0-16,2011,4
50198,Oseja,0-16,2012,2
50198,Oseja,0-16,2013,1
50198,Oseja,0-16,2014,1
50198,Oseja,0-16,2015,0
50198,Oseja,0-16,2016,0
50198,Oseja,0-16,2017,0
50198,Oseja,0-16,2018,0
50198,Oseja,0-16,2019,0
50198,Oseja,0-16,2020,0
50198,Oseja,0-16,2021,0
50198,Oseja,0-16,2022,0
50198,Oseja,16-64,2003,30
50198,Oseja,16-64,2004,34
50198,Oseja,16-64,2005,30
50198,Oseja,16-64,2006,30
50198,Oseja,16-64,2007,30
50198,Oseja,16-64,2008,30
50198,Oseja,16-64,2009,30
50198,Oseja,16-64,2010,31
50198,Oseja,16-64,2011,31
50198,Oseja,16-64,2012,29
50198,Oseja,16-64,2013,26
50198,Oseja,16-64,2014,27
50198,Oseja,16-64,2015,39
50198,Oseja,16-64,2016,37
50198,Oseja,16-64,2017,33
50198,Oseja,16-64,2018,31
50198,Oseja,16-64,2019,33
50198,Oseja,16-64,2020,27
50198,Oseja,16-64,2021,25
50198,Oseja,16-64,2022,33
50198,Oseja,65-100,2003,15
50198,Oseja,65-100,2004,16
50198,Oseja,65-100,2005,14
50198,Oseja,65-100,2006,14
50198,Oseja,65-100,2007,16
50198,Oseja,65-100,2008,17
50198,Oseja,65-100,2009,18
50198,Oseja,65-100,2010,20
50198,Oseja,65-100,2011,19
50198,Oseja,65-100,2012,17
50198,Oseja,65-100,2013,17
50198,Oseja,65-100,2014,20
50198,Oseja,65-100,2015,22
50198,Oseja,65-100,2016,23
50198,Oseja,65-100,2017,22
50198,Oseja,65-100,2018,21
50198,Oseja,65-100,2019,20
50198,Oseja,65-100,2020,20
50198,Oseja,65-100,2021,20
50198,Oseja,65-100,2022,19
50199,Osera de Ebro,0-16,2003,36
50199,Osera de Ebro,0-16,2004,37
50199,Osera de Ebro,0-16,2005,36
50199,Osera de Ebro,0-16,2006,39
50199,Osera de Ebro,0-16,2007,46
50199,Osera de Ebro,0-16,2008,48
50199,Osera de Ebro,0-16,2009,55
50199,Osera de Ebro,0-16,2010,57
50199,Osera de Ebro,0-16,2011,49
50199,Osera de Ebro,0-16,2012,45
50199,Osera de Ebro,0-16,2013,44
50199,Osera de Ebro,0-16,2014,41
50199,Osera de Ebro,0-16,2015,38
50199,Osera de Ebro,0-16,2016,34
50199,Osera de Ebro,0-16,2017,42
50199,Osera de Ebro,0-16,2018,44
50199,Osera de Ebro,0-16,2019,44
50199,Osera de Ebro,0-16,2020,44
50199,Osera de Ebro,0-16,2021,48
50199,Osera de Ebro,0-16,2022,49
50199,Osera de Ebro,16-64,2003,262
50199,Osera de Ebro,16-64,2004,257
50199,Osera de Ebro,16-64,2005,263
50199,Osera de Ebro,16-64,2006,265
50199,Osera de Ebro,16-64,2007,278
50199,Osera de Ebro,16-64,2008,300
50199,Osera de Ebro,16-64,2009,294
50199,Osera de Ebro,16-64,2010,293
50199,Osera de Ebro,16-64,2011,284
50199,Osera de Ebro,16-64,2012,275
50199,Osera de Ebro,16-64,2013,279
50199,Osera de Ebro,16-64,2014,242
50199,Osera de Ebro,16-64,2015,240
50199,Osera de Ebro,16-64,2016,243
50199,Osera de Ebro,16-64,2017,233
50199,Osera de Ebro,16-64,2018,235
50199,Osera de Ebro,16-64,2019,231
50199,Osera de Ebro,16-64,2020,233
50199,Osera de Ebro,16-64,2021,245
50199,Osera de Ebro,16-64,2022,263
50199,Osera de Ebro,65-100,2003,85
50199,Osera de Ebro,65-100,2004,85
50199,Osera de Ebro,65-100,2005,88
50199,Osera de Ebro,65-100,2006,91
50199,Osera de Ebro,65-100,2007,93
50199,Osera de Ebro,65-100,2008,98
50199,Osera de Ebro,65-100,2009,108
50199,Osera de Ebro,65-100,2010,123
50199,Osera de Ebro,65-100,2011,129
50199,Osera de Ebro,65-100,2012,129
50199,Osera de Ebro,65-100,2013,124
50199,Osera de Ebro,65-100,2014,141
50199,Osera de Ebro,65-100,2015,129
50199,Osera de Ebro,65-100,2016,126
50199,Osera de Ebro,65-100,2017,121
50199,Osera de Ebro,65-100,2018,116
50199,Osera de Ebro,65-100,2019,111
50199,Osera de Ebro,65-100,2020,106
50199,Osera de Ebro,65-100,2021,102
50199,Osera de Ebro,65-100,2022,101
50200,Paniza,0-16,2003,77
50200,Paniza,0-16,2004,76
50200,Paniza,0-16,2005,71
50200,Paniza,0-16,2006,70
50200,Paniza,0-16,2007,73
50200,Paniza,0-16,2008,78
50200,Paniza,0-16,2009,75
50200,Paniza,0-16,2010,67
50200,Paniza,0-16,2011,70
50200,Paniza,0-16,2012,63
50200,Paniza,0-16,2013,66
50200,Paniza,0-16,2014,61
50200,Paniza,0-16,2015,64
50200,Paniza,0-16,2016,66
50200,Paniza,0-16,2017,66
50200,Paniza,0-16,2018,66
50200,Paniza,0-16,2019,63
50200,Paniza,0-16,2020,65
50200,Paniza,0-16,2021,63
50200,Paniza,0-16,2022,63
50200,Paniza,16-64,2003,460
50200,Paniza,16-64,2004,458
50200,Paniza,16-64,2005,482
50200,Paniza,16-64,2006,477
50200,Paniza,16-64,2007,482
50200,Paniza,16-64,2008,531
50200,Paniza,16-64,2009,509
50200,Paniza,16-64,2010,500
50200,Paniza,16-64,2011,500
50200,Paniza,16-64,2012,505
50200,Paniza,16-64,2013,499
50200,Paniza,16-64,2014,478
50200,Paniza,16-64,2015,436
50200,Paniza,16-64,2016,415
50200,Paniza,16-64,2017,400
50200,Paniza,16-64,2018,386
50200,Paniza,16-64,2019,375
50200,Paniza,16-64,2020,385
50200,Paniza,16-64,2021,382
50200,Paniza,16-64,2022,369
50200,Paniza,65-100,2003,197
50200,Paniza,65-100,2004,195
50200,Paniza,65-100,2005,195
50200,Paniza,65-100,2006,195
50200,Paniza,65-100,2007,186
50200,Paniza,65-100,2008,189
50200,Paniza,65-100,2009,186
50200,Paniza,65-100,2010,192
50200,Paniza,65-100,2011,196
50200,Paniza,65-100,2012,190
50200,Paniza,65-100,2013,189
50200,Paniza,65-100,2014,190
50200,Paniza,65-100,2015,191
50200,Paniza,65-100,2016,192
50200,Paniza,65-100,2017,184
50200,Paniza,65-100,2018,182
50200,Paniza,65-100,2019,171
50200,Paniza,65-100,2020,169
50200,Paniza,65-100,2021,164
50200,Paniza,65-100,2022,172
50201,Paracuellos de Jiloca,0-16,2003,61
50201,Paracuellos de Jiloca,0-16,2004,61
50201,Paracuellos de Jiloca,0-16,2005,56
50201,Paracuellos de Jiloca,0-16,2006,59
50201,Paracuellos de Jiloca,0-16,2007,55
50201,Paracuellos de Jiloca,0-16,2008,57
50201,Paracuellos de Jiloca,0-16,2009,53
50201,Paracuellos de Jiloca,0-16,2010,57
50201,Paracuellos de Jiloca,0-16,2011,58
50201,Paracuellos de Jiloca,0-16,2012,60
50201,Paracuellos de Jiloca,0-16,2013,58
50201,Paracuellos de Jiloca,0-16,2014,63
50201,Paracuellos de Jiloca,0-16,2015,68
50201,Paracuellos de Jiloca,0-16,2016,79
50201,Paracuellos de Jiloca,0-16,2017,77
50201,Paracuellos de Jiloca,0-16,2018,78
50201,Paracuellos de Jiloca,0-16,2019,77
50201,Paracuellos de Jiloca,0-16,2020,76
50201,Paracuellos de Jiloca,0-16,2021,68
50201,Paracuellos de Jiloca,0-16,2022,63
50201,Paracuellos de Jiloca,16-64,2003,284
50201,Paracuellos de Jiloca,16-64,2004,293
50201,Paracuellos de Jiloca,16-64,2005,303
50201,Paracuellos de Jiloca,16-64,2006,302
50201,Paracuellos de Jiloca,16-64,2007,309
50201,Paracuellos de Jiloca,16-64,2008,331
50201,Paracuellos de Jiloca,16-64,2009,353
50201,Paracuellos de Jiloca,16-64,2010,373
50201,Paracuellos de Jiloca,16-64,2011,388
50201,Paracuellos de Jiloca,16-64,2012,380
50201,Paracuellos de Jiloca,16-64,2013,363
50201,Paracuellos de Jiloca,16-64,2014,363
50201,Paracuellos de Jiloca,16-64,2015,376
50201,Paracuellos de Jiloca,16-64,2016,377
50201,Paracuellos de Jiloca,16-64,2017,374
50201,Paracuellos de Jiloca,16-64,2018,395
50201,Paracuellos de Jiloca,16-64,2019,388
50201,Paracuellos de Jiloca,16-64,2020,366
50201,Paracuellos de Jiloca,16-64,2021,365
50201,Paracuellos de Jiloca,16-64,2022,385
50201,Paracuellos de Jiloca,65-100,2003,152
50201,Paracuellos de Jiloca,65-100,2004,153
50201,Paracuellos de Jiloca,65-100,2005,156
50201,Paracuellos de Jiloca,65-100,2006,146
50201,Paracuellos de Jiloca,65-100,2007,143
50201,Paracuellos de Jiloca,65-100,2008,149
50201,Paracuellos de Jiloca,65-100,2009,148
50201,Paracuellos de Jiloca,65-100,2010,146
50201,Paracuellos de Jiloca,65-100,2011,144
50201,Paracuellos de Jiloca,65-100,2012,147
50201,Paracuellos de Jiloca,65-100,2013,146
50201,Paracuellos de Jiloca,65-100,2014,142
50201,Paracuellos de Jiloca,65-100,2015,146
50201,Paracuellos de Jiloca,65-100,2016,135
50201,Paracuellos de Jiloca,65-100,2017,132
50201,Paracuellos de Jiloca,65-100,2018,128
50201,Paracuellos de Jiloca,65-100,2019,127
50201,Paracuellos de Jiloca,65-100,2020,131
50201,Paracuellos de Jiloca,65-100,2021,134
50201,Paracuellos de Jiloca,65-100,2022,134
50202,Paracuellos de la Ribera,0-16,2003,9
50202,Paracuellos de la Ribera,0-16,2004,9
50202,Paracuellos de la Ribera,0-16,2005,7
50202,Paracuellos de la Ribera,0-16,2006,6
50202,Paracuellos de la Ribera,0-16,2007,3
50202,Paracuellos de la Ribera,0-16,2008,3
50202,Paracuellos de la Ribera,0-16,2009,5
50202,Paracuellos de la Ribera,0-16,2010,2
50202,Paracuellos de la Ribera,0-16,2011,2
50202,Paracuellos de la Ribera,0-16,2012,2
50202,Paracuellos de la Ribera,0-16,2013,2
50202,Paracuellos de la Ribera,0-16,2014,4
50202,Paracuellos de la Ribera,0-16,2015,3
50202,Paracuellos de la Ribera,0-16,2016,3
50202,Paracuellos de la Ribera,0-16,2017,6
50202,Paracuellos de la Ribera,0-16,2018,5
50202,Paracuellos de la Ribera,0-16,2019,4
50202,Paracuellos de la Ribera,0-16,2020,4
50202,Paracuellos de la Ribera,0-16,2021,2
50202,Paracuellos de la Ribera,0-16,2022,1
50202,Paracuellos de la Ribera,16-64,2003,115
50202,Paracuellos de la Ribera,16-64,2004,105
50202,Paracuellos de la Ribera,16-64,2005,101
50202,Paracuellos de la Ribera,16-64,2006,95
50202,Paracuellos de la Ribera,16-64,2007,89
50202,Paracuellos de la Ribera,16-64,2008,84
50202,Paracuellos de la Ribera,16-64,2009,92
50202,Paracuellos de la Ribera,16-64,2010,92
50202,Paracuellos de la Ribera,16-64,2011,84
50202,Paracuellos de la Ribera,16-64,2012,77
50202,Paracuellos de la Ribera,16-64,2013,79
50202,Paracuellos de la Ribera,16-64,2014,80
50202,Paracuellos de la Ribera,16-64,2015,78
50202,Paracuellos de la Ribera,16-64,2016,71
50202,Paracuellos de la Ribera,16-64,2017,79
50202,Paracuellos de la Ribera,16-64,2018,73
50202,Paracuellos de la Ribera,16-64,2019,66
50202,Paracuellos de la Ribera,16-64,2020,62
50202,Paracuellos de la Ribera,16-64,2021,65
50202,Paracuellos de la Ribera,16-64,2022,67
50202,Paracuellos de la Ribera,65-100,2003,125
50202,Paracuellos de la Ribera,65-100,2004,120
50202,Paracuellos de la Ribera,65-100,2005,117
50202,Paracuellos de la Ribera,65-100,2006,110
50202,Paracuellos de la Ribera,65-100,2007,107
50202,Paracuellos de la Ribera,65-100,2008,103
50202,Paracuellos de la Ribera,65-100,2009,102
50202,Paracuellos de la Ribera,65-100,2010,100
50202,Paracuellos de la Ribera,65-100,2011,101
50202,Paracuellos de la Ribera,65-100,2012,93
50202,Paracuellos de la Ribera,65-100,2013,91
50202,Paracuellos de la Ribera,65-100,2014,91
50202,Paracuellos de la Ribera,65-100,2015,87
50202,Paracuellos de la Ribera,65-100,2016,88
50202,Paracuellos de la Ribera,65-100,2017,86
50202,Paracuellos de la Ribera,65-100,2018,80
50202,Paracuellos de la Ribera,65-100,2019,73
50202,Paracuellos de la Ribera,65-100,2020,70
50202,Paracuellos de la Ribera,65-100,2021,64
50202,Paracuellos de la Ribera,65-100,2022,61
50203,Pastriz,0-16,2003,177
50203,Pastriz,0-16,2004,184
50203,Pastriz,0-16,2005,201
50203,Pastriz,0-16,2006,218
50203,Pastriz,0-16,2007,227
50203,Pastriz,0-16,2008,236
50203,Pastriz,0-16,2009,234
50203,Pastriz,0-16,2010,227
50203,Pastriz,0-16,2011,224
50203,Pastriz,0-16,2012,235
50203,Pastriz,0-16,2013,227
50203,Pastriz,0-16,2014,223
50203,Pastriz,0-16,2015,204
50203,Pastriz,0-16,2016,213
50203,Pastriz,0-16,2017,208
50203,Pastriz,0-16,2018,195
50203,Pastriz,0-16,2019,188
50203,Pastriz,0-16,2020,183
50203,Pastriz,0-16,2021,159
50203,Pastriz,0-16,2022,171
50203,Pastriz,16-64,2003,780
50203,Pastriz,16-64,2004,830
50203,Pastriz,16-64,2005,873
50203,Pastriz,16-64,2006,920
50203,Pastriz,16-64,2007,950
50203,Pastriz,16-64,2008,959
50203,Pastriz,16-64,2009,975
50203,Pastriz,16-64,2010,967
50203,Pastriz,16-64,2011,937
50203,Pastriz,16-64,2012,928
50203,Pastriz,16-64,2013,893
50203,Pastriz,16-64,2014,891
50203,Pastriz,16-64,2015,874
50203,Pastriz,16-64,2016,888
50203,Pastriz,16-64,2017,893
50203,Pastriz,16-64,2018,886
50203,Pastriz,16-64,2019,880
50203,Pastriz,16-64,2020,882
50203,Pastriz,16-64,2021,892
50203,Pastriz,16-64,2022,878
50203,Pastriz,65-100,2003,203
50203,Pastriz,65-100,2004,202
50203,Pastriz,65-100,2005,185
50203,Pastriz,65-100,2006,188
50203,Pastriz,65-100,2007,193
50203,Pastriz,65-100,2008,186
50203,Pastriz,65-100,2009,183
50203,Pastriz,65-100,2010,190
50203,Pastriz,65-100,2011,190
50203,Pastriz,65-100,2012,201
50203,Pastriz,65-100,2013,197
50203,Pastriz,65-100,2014,196
50203,Pastriz,65-100,2015,202
50203,Pastriz,65-100,2016,201
50203,Pastriz,65-100,2017,213
50203,Pastriz,65-100,2018,212
50203,Pastriz,65-100,2019,229
50203,Pastriz,65-100,2020,235
50203,Pastriz,65-100,2021,243
50203,Pastriz,65-100,2022,251
50204,Pedrola,0-16,2003,445
50204,Pedrola,0-16,2004,450
50204,Pedrola,0-16,2005,469
50204,Pedrola,0-16,2006,500
50204,Pedrola,0-16,2007,516
50204,Pedrola,0-16,2008,523
50204,Pedrola,0-16,2009,574
50204,Pedrola,0-16,2010,583
50204,Pedrola,0-16,2011,590
50204,Pedrola,0-16,2012,579
50204,Pedrola,0-16,2013,584
50204,Pedrola,0-16,2014,568
50204,Pedrola,0-16,2015,553
50204,Pedrola,0-16,2016,494
50204,Pedrola,0-16,2017,520
50204,Pedrola,0-16,2018,550
50204,Pedrola,0-16,2019,557
50204,Pedrola,0-16,2020,541
50204,Pedrola,0-16,2021,548
50204,Pedrola,0-16,2022,552
50204,Pedrola,16-64,2003,1761
50204,Pedrola,16-64,2004,1814
50204,Pedrola,16-64,2005,1955
50204,Pedrola,16-64,2006,2039
50204,Pedrola,16-64,2007,2148
50204,Pedrola,16-64,2008,2322
50204,Pedrola,16-64,2009,2452
50204,Pedrola,16-64,2010,2490
50204,Pedrola,16-64,2011,2539
50204,Pedrola,16-64,2012,2569
50204,Pedrola,16-64,2013,2461
50204,Pedrola,16-64,2014,2411
50204,Pedrola,16-64,2015,2367
50204,Pedrola,16-64,2016,2323
50204,Pedrola,16-64,2017,2294
50204,Pedrola,16-64,2018,2314
50204,Pedrola,16-64,2019,2359
50204,Pedrola,16-64,2020,2377
50204,Pedrola,16-64,2021,2354
50204,Pedrola,16-64,2022,2392
50204,Pedrola,65-100,2003,656
50204,Pedrola,65-100,2004,642
50204,Pedrola,65-100,2005,641
50204,Pedrola,65-100,2006,629
50204,Pedrola,65-100,2007,638
50204,Pedrola,65-100,2008,643
50204,Pedrola,65-100,2009,641
50204,Pedrola,65-100,2010,648
50204,Pedrola,65-100,2011,640
50204,Pedrola,65-100,2012,632
50204,Pedrola,65-100,2013,635
50204,Pedrola,65-100,2014,643
50204,Pedrola,65-100,2015,640
50204,Pedrola,65-100,2016,633
50204,Pedrola,65-100,2017,639
50204,Pedrola,65-100,2018,645
50204,Pedrola,65-100,2019,652
50204,Pedrola,65-100,2020,669
50204,Pedrola,65-100,2021,670
50204,Pedrola,65-100,2022,681
50205,Las Pedrosas,0-16,2003,3
50205,Las Pedrosas,0-16,2004,2
50205,Las Pedrosas,0-16,2005,2
50205,Las Pedrosas,0-16,2006,6
50205,Las Pedrosas,0-16,2007,5
50205,Las Pedrosas,0-16,2008,9
50205,Las Pedrosas,0-16,2009,8
50205,Las Pedrosas,0-16,2010,7
50205,Las Pedrosas,0-16,2011,8
50205,Las Pedrosas,0-16,2012,9
50205,Las Pedrosas,0-16,2013,7
50205,Las Pedrosas,0-16,2014,10
50205,Las Pedrosas,0-16,2015,10
50205,Las Pedrosas,0-16,2016,10
50205,Las Pedrosas,0-16,2017,10
50205,Las Pedrosas,0-16,2018,6
50205,Las Pedrosas,0-16,2019,6
50205,Las Pedrosas,0-16,2020,7
50205,Las Pedrosas,0-16,2021,11
50205,Las Pedrosas,0-16,2022,9
50205,Las Pedrosas,16-64,2003,56
50205,Las Pedrosas,16-64,2004,55
50205,Las Pedrosas,16-64,2005,55
50205,Las Pedrosas,16-64,2006,59
50205,Las Pedrosas,16-64,2007,66
50205,Las Pedrosas,16-64,2008,78
50205,Las Pedrosas,16-64,2009,78
50205,Las Pedrosas,16-64,2010,80
50205,Las Pedrosas,16-64,2011,74
50205,Las Pedrosas,16-64,2012,74
50205,Las Pedrosas,16-64,2013,70
50205,Las Pedrosas,16-64,2014,62
50205,Las Pedrosas,16-64,2015,59
50205,Las Pedrosas,16-64,2016,60
50205,Las Pedrosas,16-64,2017,64
50205,Las Pedrosas,16-64,2018,54
50205,Las Pedrosas,16-64,2019,54
50205,Las Pedrosas,16-64,2020,51
50205,Las Pedrosas,16-64,2021,57
50205,Las Pedrosas,16-64,2022,61
50205,Las Pedrosas,65-100,2003,41
50205,Las Pedrosas,65-100,2004,39
50205,Las Pedrosas,65-100,2005,37
50205,Las Pedrosas,65-100,2006,35
50205,Las Pedrosas,65-100,2007,35
50205,Las Pedrosas,65-100,2008,35
50205,Las Pedrosas,65-100,2009,34
50205,Las Pedrosas,65-100,2010,34
50205,Las Pedrosas,65-100,2011,35
50205,Las Pedrosas,65-100,2012,33
50205,Las Pedrosas,65-100,2013,34
50205,Las Pedrosas,65-100,2014,38
50205,Las Pedrosas,65-100,2015,38
50205,Las Pedrosas,65-100,2016,37
50205,Las Pedrosas,65-100,2017,32
50205,Las Pedrosas,65-100,2018,30
50205,Las Pedrosas,65-100,2019,27
50205,Las Pedrosas,65-100,2020,28
50205,Las Pedrosas,65-100,2021,28
50205,Las Pedrosas,65-100,2022,27
50206,Perdiguera,0-16,2003,77
50206,Perdiguera,0-16,2004,78
50206,Perdiguera,0-16,2005,87
50206,Perdiguera,0-16,2006,88
50206,Perdiguera,0-16,2007,93
50206,Perdiguera,0-16,2008,97
50206,Perdiguera,0-16,2009,106
50206,Perdiguera,0-16,2010,109
50206,Perdiguera,0-16,2011,106
50206,Perdiguera,0-16,2012,111
50206,Perdiguera,0-16,2013,103
50206,Perdiguera,0-16,2014,100
50206,Perdiguera,0-16,2015,99
50206,Perdiguera,0-16,2016,103
50206,Perdiguera,0-16,2017,97
50206,Perdiguera,0-16,2018,84
50206,Perdiguera,0-16,2019,75
50206,Perdiguera,0-16,2020,73
50206,Perdiguera,0-16,2021,61
50206,Perdiguera,0-16,2022,58
50206,Perdiguera,16-64,2003,346
50206,Perdiguera,16-64,2004,364
50206,Perdiguera,16-64,2005,384
50206,Perdiguera,16-64,2006,386
50206,Perdiguera,16-64,2007,409
50206,Perdiguera,16-64,2008,419
50206,Perdiguera,16-64,2009,415
50206,Perdiguera,16-64,2010,414
50206,Perdiguera,16-64,2011,397
50206,Perdiguera,16-64,2012,384
50206,Perdiguera,16-64,2013,368
50206,Perdiguera,16-64,2014,372
50206,Perdiguera,16-64,2015,358
50206,Perdiguera,16-64,2016,358
50206,Perdiguera,16-64,2017,354
50206,Perdiguera,16-64,2018,349
50206,Perdiguera,16-64,2019,358
50206,Perdiguera,16-64,2020,367
50206,Perdiguera,16-64,2021,374
50206,Perdiguera,16-64,2022,363
50206,Perdiguera,65-100,2003,146
50206,Perdiguera,65-100,2004,147
50206,Perdiguera,65-100,2005,146
50206,Perdiguera,65-100,2006,147
50206,Perdiguera,65-100,2007,145
50206,Perdiguera,65-100,2008,148
50206,Perdiguera,65-100,2009,141
50206,Perdiguera,65-100,2010,141
50206,Perdiguera,65-100,2011,148
50206,Perdiguera,65-100,2012,150
50206,Perdiguera,65-100,2013,145
50206,Perdiguera,65-100,2014,141
50206,Perdiguera,65-100,2015,140
50206,Perdiguera,65-100,2016,142
50206,Perdiguera,65-100,2017,145
50206,Perdiguera,65-100,2018,144
50206,Perdiguera,65-100,2019,139
50206,Perdiguera,65-100,2020,132
50206,Perdiguera,65-100,2021,132
50206,Perdiguera,65-100,2022,132
50207,Piedratajada,0-16,2003,24
50207,Piedratajada,0-16,2004,18
50207,Piedratajada,0-16,2005,18
50207,Piedratajada,0-16,2006,14
50207,Piedratajada,0-16,2007,14
50207,Piedratajada,0-16,2008,10
50207,Piedratajada,0-16,2009,11
50207,Piedratajada,0-16,2010,11
50207,Piedratajada,0-16,2011,9
50207,Piedratajada,0-16,2012,7
50207,Piedratajada,0-16,2013,7
50207,Piedratajada,0-16,2014,6
50207,Piedratajada,0-16,2015,3
50207,Piedratajada,0-16,2016,6
50207,Piedratajada,0-16,2017,5
50207,Piedratajada,0-16,2018,2
50207,Piedratajada,0-16,2019,2
50207,Piedratajada,0-16,2020,2
50207,Piedratajada,0-16,2021,3
50207,Piedratajada,0-16,2022,2
50207,Piedratajada,16-64,2003,108
50207,Piedratajada,16-64,2004,107
50207,Piedratajada,16-64,2005,108
50207,Piedratajada,16-64,2006,101
50207,Piedratajada,16-64,2007,100
50207,Piedratajada,16-64,2008,96
50207,Piedratajada,16-64,2009,93
50207,Piedratajada,16-64,2010,92
50207,Piedratajada,16-64,2011,94
50207,Piedratajada,16-64,2012,80
50207,Piedratajada,16-64,2013,76
50207,Piedratajada,16-64,2014,66
50207,Piedratajada,16-64,2015,67
50207,Piedratajada,16-64,2016,62
50207,Piedratajada,16-64,2017,61
50207,Piedratajada,16-64,2018,54
50207,Piedratajada,16-64,2019,54
50207,Piedratajada,16-64,2020,46
50207,Piedratajada,16-64,2021,50
50207,Piedratajada,16-64,2022,51
50207,Piedratajada,65-100,2003,41
50207,Piedratajada,65-100,2004,43
50207,Piedratajada,65-100,2005,44
50207,Piedratajada,65-100,2006,50
50207,Piedratajada,65-100,2007,53
50207,Piedratajada,65-100,2008,50
50207,Piedratajada,65-100,2009,48
50207,Piedratajada,65-100,2010,47
50207,Piedratajada,65-100,2011,44
50207,Piedratajada,65-100,2012,43
50207,Piedratajada,65-100,2013,43
50207,Piedratajada,65-100,2014,41
50207,Piedratajada,65-100,2015,44
50207,Piedratajada,65-100,2016,44
50207,Piedratajada,65-100,2017,44
50207,Piedratajada,65-100,2018,41
50207,Piedratajada,65-100,2019,39
50207,Piedratajada,65-100,2020,39
50207,Piedratajada,65-100,2021,40
50207,Piedratajada,65-100,2022,38
50208,Pina de Ebro,0-16,2003,379
50208,Pina de Ebro,0-16,2004,371
50208,Pina de Ebro,0-16,2005,394
50208,Pina de Ebro,0-16,2006,394
50208,Pina de Ebro,0-16,2007,416
50208,Pina de Ebro,0-16,2008,451
50208,Pina de Ebro,0-16,2009,454
50208,Pina de Ebro,0-16,2010,480
50208,Pina de Ebro,0-16,2011,463
50208,Pina de Ebro,0-16,2012,477
50208,Pina de Ebro,0-16,2013,454
50208,Pina de Ebro,0-16,2014,448
50208,Pina de Ebro,0-16,2015,457
50208,Pina de Ebro,0-16,2016,418
50208,Pina de Ebro,0-16,2017,408
50208,Pina de Ebro,0-16,2018,385
50208,Pina de Ebro,0-16,2019,384
50208,Pina de Ebro,0-16,2020,387
50208,Pina de Ebro,0-16,2021,357
50208,Pina de Ebro,0-16,2022,363
50208,Pina de Ebro,16-64,2003,1482
50208,Pina de Ebro,16-64,2004,1500
50208,Pina de Ebro,16-64,2005,1525
50208,Pina de Ebro,16-64,2006,1537
50208,Pina de Ebro,16-64,2007,1583
50208,Pina de Ebro,16-64,2008,1635
50208,Pina de Ebro,16-64,2009,1673
50208,Pina de Ebro,16-64,2010,1702
50208,Pina de Ebro,16-64,2011,1690
50208,Pina de Ebro,16-64,2012,1680
50208,Pina de Ebro,16-64,2013,1688
50208,Pina de Ebro,16-64,2014,1641
50208,Pina de Ebro,16-64,2015,1604
50208,Pina de Ebro,16-64,2016,1551
50208,Pina de Ebro,16-64,2017,1547
50208,Pina de Ebro,16-64,2018,1515
50208,Pina de Ebro,16-64,2019,1505
50208,Pina de Ebro,16-64,2020,1524
50208,Pina de Ebro,16-64,2021,1552
50208,Pina de Ebro,16-64,2022,1580
50208,Pina de Ebro,65-100,2003,474
50208,Pina de Ebro,65-100,2004,481
50208,Pina de Ebro,65-100,2005,465
50208,Pina de Ebro,65-100,2006,468
50208,Pina de Ebro,65-100,2007,462
50208,Pina de Ebro,65-100,2008,466
50208,Pina de Ebro,65-100,2009,470
50208,Pina de Ebro,65-100,2010,473
50208,Pina de Ebro,65-100,2011,473
50208,Pina de Ebro,65-100,2012,478
50208,Pina de Ebro,65-100,2013,473
50208,Pina de Ebro,65-100,2014,478
50208,Pina de Ebro,65-100,2015,474
50208,Pina de Ebro,65-100,2016,474
50208,Pina de Ebro,65-100,2017,480
50208,Pina de Ebro,65-100,2018,473
50208,Pina de Ebro,65-100,2019,473
50208,Pina de Ebro,65-100,2020,480
50208,Pina de Ebro,65-100,2021,481
50208,Pina de Ebro,65-100,2022,490
50209,Pinseque,0-16,2003,311
50209,Pinseque,0-16,2004,350
50209,Pinseque,0-16,2005,414
50209,Pinseque,0-16,2006,464
50209,Pinseque,0-16,2007,515
50209,Pinseque,0-16,2008,576
50209,Pinseque,0-16,2009,620
50209,Pinseque,0-16,2010,650
50209,Pinseque,0-16,2011,686
50209,Pinseque,0-16,2012,744
50209,Pinseque,0-16,2013,770
50209,Pinseque,0-16,2014,771
50209,Pinseque,0-16,2015,775
50209,Pinseque,0-16,2016,807
50209,Pinseque,0-16,2017,836
50209,Pinseque,0-16,2018,839
50209,Pinseque,0-16,2019,855
50209,Pinseque,0-16,2020,860
50209,Pinseque,0-16,2021,862
50209,Pinseque,0-16,2022,856
50209,Pinseque,16-64,2003,1373
50209,Pinseque,16-64,2004,1502
50209,Pinseque,16-64,2005,1693
50209,Pinseque,16-64,2006,1888
50209,Pinseque,16-64,2007,2053
50209,Pinseque,16-64,2008,2284
50209,Pinseque,16-64,2009,2398
50209,Pinseque,16-64,2010,2428
50209,Pinseque,16-64,2011,2488
50209,Pinseque,16-64,2012,2526
50209,Pinseque,16-64,2013,2499
50209,Pinseque,16-64,2014,2451
50209,Pinseque,16-64,2015,2418
50209,Pinseque,16-64,2016,2501
50209,Pinseque,16-64,2017,2573
50209,Pinseque,16-64,2018,2613
50209,Pinseque,16-64,2019,2651
50209,Pinseque,16-64,2020,2713
50209,Pinseque,16-64,2021,2820
50209,Pinseque,16-64,2022,2901
50209,Pinseque,65-100,2003,335
50209,Pinseque,65-100,2004,345
50209,Pinseque,65-100,2005,372
50209,Pinseque,65-100,2006,372
50209,Pinseque,65-100,2007,385
50209,Pinseque,65-100,2008,392
50209,Pinseque,65-100,2009,405
50209,Pinseque,65-100,2010,403
50209,Pinseque,65-100,2011,405
50209,Pinseque,65-100,2012,406
50209,Pinseque,65-100,2013,418
50209,Pinseque,65-100,2014,403
50209,Pinseque,65-100,2015,413
50209,Pinseque,65-100,2016,418
50209,Pinseque,65-100,2017,441
50209,Pinseque,65-100,2018,456
50209,Pinseque,65-100,2019,467
50209,Pinseque,65-100,2020,497
50209,Pinseque,65-100,2021,502
50209,Pinseque,65-100,2022,521
50210,Los Pintanos,0-16,2003,6
50210,Los Pintanos,0-16,2004,3
50210,Los Pintanos,0-16,2005,0
50210,Los Pintanos,0-16,2006,0
50210,Los Pintanos,0-16,2007,0
50210,Los Pintanos,0-16,2008,0
50210,Los Pintanos,0-16,2009,0
50210,Los Pintanos,0-16,2010,0
50210,Los Pintanos,0-16,2011,3
50210,Los Pintanos,0-16,2012,3
50210,Los Pintanos,0-16,2013,3
50210,Los Pintanos,0-16,2014,2
50210,Los Pintanos,0-16,2015,2
50210,Los Pintanos,0-16,2016,2
50210,Los Pintanos,0-16,2017,0
50210,Los Pintanos,0-16,2018,0
50210,Los Pintanos,0-16,2019,0
50210,Los Pintanos,0-16,2020,0
50210,Los Pintanos,0-16,2021,0
50210,Los Pintanos,0-16,2022,0
50210,Los Pintanos,16-64,2003,53
50210,Los Pintanos,16-64,2004,57
50210,Los Pintanos,16-64,2005,53
50210,Los Pintanos,16-64,2006,20
50210,Los Pintanos,16-64,2007,13
50210,Los Pintanos,16-64,2008,10
50210,Los Pintanos,16-64,2009,8
50210,Los Pintanos,16-64,2010,8
50210,Los Pintanos,16-64,2011,14
50210,Los Pintanos,16-64,2012,13
50210,Los Pintanos,16-64,2013,15
50210,Los Pintanos,16-64,2014,13
50210,Los Pintanos,16-64,2015,13
50210,Los Pintanos,16-64,2016,11
50210,Los Pintanos,16-64,2017,8
50210,Los Pintanos,16-64,2018,10
50210,Los Pintanos,16-64,2019,10
50210,Los Pintanos,16-64,2020,14
50210,Los Pintanos,16-64,2021,12
50210,Los Pintanos,16-64,2022,12
50210,Los Pintanos,65-100,2003,43
50210,Los Pintanos,65-100,2004,42
50210,Los Pintanos,65-100,2005,41
50210,Los Pintanos,65-100,2006,32
50210,Los Pintanos,65-100,2007,30
50210,Los Pintanos,65-100,2008,31
50210,Los Pintanos,65-100,2009,30
50210,Los Pintanos,65-100,2010,30
50210,Los Pintanos,65-100,2011,28
50210,Los Pintanos,65-100,2012,29
50210,Los Pintanos,65-100,2013,30
50210,Los Pintanos,65-100,2014,29
50210,Los Pintanos,65-100,2015,29
50210,Los Pintanos,65-100,2016,30
50210,Los Pintanos,65-100,2017,29
50210,Los Pintanos,65-100,2018,27
50210,Los Pintanos,65-100,2019,27
50210,Los Pintanos,65-100,2020,25
50210,Los Pintanos,65-100,2021,26
50210,Los Pintanos,65-100,2022,25
50211,Plasencia de Jalón,0-16,2003,37
50211,Plasencia de Jalón,0-16,2004,39
50211,Plasencia de Jalón,0-16,2005,39
50211,Plasencia de Jalón,0-16,2006,34
50211,Plasencia de Jalón,0-16,2007,38
50211,Plasencia de Jalón,0-16,2008,38
50211,Plasencia de Jalón,0-16,2009,44
50211,Plasencia de Jalón,0-16,2010,38
50211,Plasencia de Jalón,0-16,2011,37
50211,Plasencia de Jalón,0-16,2012,41
50211,Plasencia de Jalón,0-16,2013,44
50211,Plasencia de Jalón,0-16,2014,42
50211,Plasencia de Jalón,0-16,2015,34
50211,Plasencia de Jalón,0-16,2016,31
50211,Plasencia de Jalón,0-16,2017,27
50211,Plasencia de Jalón,0-16,2018,28
50211,Plasencia de Jalón,0-16,2019,25
50211,Plasencia de Jalón,0-16,2020,24
50211,Plasencia de Jalón,0-16,2021,25
50211,Plasencia de Jalón,0-16,2022,29
50211,Plasencia de Jalón,16-64,2003,218
50211,Plasencia de Jalón,16-64,2004,220
50211,Plasencia de Jalón,16-64,2005,221
50211,Plasencia de Jalón,16-64,2006,205
50211,Plasencia de Jalón,16-64,2007,220
50211,Plasencia de Jalón,16-64,2008,237
50211,Plasencia de Jalón,16-64,2009,252
50211,Plasencia de Jalón,16-64,2010,254
50211,Plasencia de Jalón,16-64,2011,240
50211,Plasencia de Jalón,16-64,2012,233
50211,Plasencia de Jalón,16-64,2013,225
50211,Plasencia de Jalón,16-64,2014,226
50211,Plasencia de Jalón,16-64,2015,204
50211,Plasencia de Jalón,16-64,2016,189
50211,Plasencia de Jalón,16-64,2017,191
50211,Plasencia de Jalón,16-64,2018,187
50211,Plasencia de Jalón,16-64,2019,193
50211,Plasencia de Jalón,16-64,2020,200
50211,Plasencia de Jalón,16-64,2021,200
50211,Plasencia de Jalón,16-64,2022,215
50211,Plasencia de Jalón,65-100,2003,115
50211,Plasencia de Jalón,65-100,2004,109
50211,Plasencia de Jalón,65-100,2005,107
50211,Plasencia de Jalón,65-100,2006,111
50211,Plasencia de Jalón,65-100,2007,105
50211,Plasencia de Jalón,65-100,2008,103
50211,Plasencia de Jalón,65-100,2009,108
50211,Plasencia de Jalón,65-100,2010,112
50211,Plasencia de Jalón,65-100,2011,112
50211,Plasencia de Jalón,65-100,2012,112
50211,Plasencia de Jalón,65-100,2013,105
50211,Plasencia de Jalón,65-100,2014,102
50211,Plasencia de Jalón,65-100,2015,104
50211,Plasencia de Jalón,65-100,2016,100
50211,Plasencia de Jalón,65-100,2017,97
50211,Plasencia de Jalón,65-100,2018,88
50211,Plasencia de Jalón,65-100,2019,88
50211,Plasencia de Jalón,65-100,2020,84
50211,Plasencia de Jalón,65-100,2021,84
50211,Plasencia de Jalón,65-100,2022,81
50212,Pleitas,0-16,2003,0
50212,Pleitas,0-16,2004,0
50212,Pleitas,0-16,2005,0
50212,Pleitas,0-16,2006,0
50212,Pleitas,0-16,2007,1
50212,Pleitas,0-16,2008,1
50212,Pleitas,0-16,2009,1
50212,Pleitas,0-16,2010,0
50212,Pleitas,0-16,2011,0
50212,Pleitas,0-16,2012,0
50212,Pleitas,0-16,2013,0
50212,Pleitas,0-16,2014,0
50212,Pleitas,0-16,2015,2
50212,Pleitas,0-16,2016,2
50212,Pleitas,0-16,2017,2
50212,Pleitas,0-16,2018,2
50212,Pleitas,0-16,2019,2
50212,Pleitas,0-16,2020,3
50212,Pleitas,0-16,2021,3
50212,Pleitas,0-16,2022,4
50212,Pleitas,16-64,2003,27
50212,Pleitas,16-64,2004,26
50212,Pleitas,16-64,2005,23
50212,Pleitas,16-64,2006,22
50212,Pleitas,16-64,2007,20
50212,Pleitas,16-64,2008,20
50212,Pleitas,16-64,2009,19
50212,Pleitas,16-64,2010,18
50212,Pleitas,16-64,2011,21
50212,Pleitas,16-64,2012,21
50212,Pleitas,16-64,2013,18
50212,Pleitas,16-64,2014,17
50212,Pleitas,16-64,2015,17
50212,Pleitas,16-64,2016,17
50212,Pleitas,16-64,2017,16
50212,Pleitas,16-64,2018,15
50212,Pleitas,16-64,2019,14
50212,Pleitas,16-64,2020,14
50212,Pleitas,16-64,2021,15
50212,Pleitas,16-64,2022,19
50212,Pleitas,65-100,2003,35
50212,Pleitas,65-100,2004,36
50212,Pleitas,65-100,2005,35
50212,Pleitas,65-100,2006,35
50212,Pleitas,65-100,2007,36
50212,Pleitas,65-100,2008,36
50212,Pleitas,65-100,2009,31
50212,Pleitas,65-100,2010,30
50212,Pleitas,65-100,2011,32
50212,Pleitas,65-100,2012,31
50212,Pleitas,65-100,2013,27
50212,Pleitas,65-100,2014,26
50212,Pleitas,65-100,2015,26
50212,Pleitas,65-100,2016,25
50212,Pleitas,65-100,2017,23
50212,Pleitas,65-100,2018,19
50212,Pleitas,65-100,2019,18
50212,Pleitas,65-100,2020,16
50212,Pleitas,65-100,2021,15
50212,Pleitas,65-100,2022,15
50213,Plenas,0-16,2003,1
50213,Plenas,0-16,2004,1
50213,Plenas,0-16,2005,1
50213,Plenas,0-16,2006,0
50213,Plenas,0-16,2007,0
50213,Plenas,0-16,2008,4
50213,Plenas,0-16,2009,4
50213,Plenas,0-16,2010,5
50213,Plenas,0-16,2011,9
50213,Plenas,0-16,2012,8
50213,Plenas,0-16,2013,8
50213,Plenas,0-16,2014,6
50213,Plenas,0-16,2015,5
50213,Plenas,0-16,2016,4
50213,Plenas,0-16,2017,4
50213,Plenas,0-16,2018,4
50213,Plenas,0-16,2019,4
50213,Plenas,0-16,2020,4
50213,Plenas,0-16,2021,4
50213,Plenas,0-16,2022,5
50213,Plenas,16-64,2003,60
50213,Plenas,16-64,2004,56
50213,Plenas,16-64,2005,48
50213,Plenas,16-64,2006,47
50213,Plenas,16-64,2007,48
50213,Plenas,16-64,2008,51
50213,Plenas,16-64,2009,57
50213,Plenas,16-64,2010,64
50213,Plenas,16-64,2011,63
50213,Plenas,16-64,2012,66
50213,Plenas,16-64,2013,66
50213,Plenas,16-64,2014,60
50213,Plenas,16-64,2015,55
50213,Plenas,16-64,2016,50
50213,Plenas,16-64,2017,48
50213,Plenas,16-64,2018,48
50213,Plenas,16-64,2019,54
50213,Plenas,16-64,2020,49
50213,Plenas,16-64,2021,48
50213,Plenas,16-64,2022,47
50213,Plenas,65-100,2003,72
50213,Plenas,65-100,2004,74
50213,Plenas,65-100,2005,68
50213,Plenas,65-100,2006,65
50213,Plenas,65-100,2007,65
50213,Plenas,65-100,2008,68
50213,Plenas,65-100,2009,64
50213,Plenas,65-100,2010,63
50213,Plenas,65-100,2011,63
50213,Plenas,65-100,2012,57
50213,Plenas,65-100,2013,54
50213,Plenas,65-100,2014,54
50213,Plenas,65-100,2015,51
50213,Plenas,65-100,2016,51
50213,Plenas,65-100,2017,50
50213,Plenas,65-100,2018,49
50213,Plenas,65-100,2019,48
50213,Plenas,65-100,2020,45
50213,Plenas,65-100,2021,48
50213,Plenas,65-100,2022,48
50214,Pomer,0-16,2003,1
50214,Pomer,0-16,2004,1
50214,Pomer,0-16,2005,2
50214,Pomer,0-16,2006,1
50214,Pomer,0-16,2007,1
50214,Pomer,0-16,2008,1
50214,Pomer,0-16,2009,3
50214,Pomer,0-16,2010,3
50214,Pomer,0-16,2011,3
50214,Pomer,0-16,2012,3
50214,Pomer,0-16,2013,3
50214,Pomer,0-16,2014,3
50214,Pomer,0-16,2015,3
50214,Pomer,0-16,2016,3
50214,Pomer,0-16,2017,1
50214,Pomer,0-16,2018,1
50214,Pomer,0-16,2019,1
50214,Pomer,0-16,2020,0
50214,Pomer,0-16,2021,0
50214,Pomer,0-16,2022,0
50214,Pomer,16-64,2003,17
50214,Pomer,16-64,2004,18
50214,Pomer,16-64,2005,22
50214,Pomer,16-64,2006,20
50214,Pomer,16-64,2007,18
50214,Pomer,16-64,2008,17
50214,Pomer,16-64,2009,22
50214,Pomer,16-64,2010,22
50214,Pomer,16-64,2011,18
50214,Pomer,16-64,2012,17
50214,Pomer,16-64,2013,15
50214,Pomer,16-64,2014,16
50214,Pomer,16-64,2015,13
50214,Pomer,16-64,2016,14
50214,Pomer,16-64,2017,14
50214,Pomer,16-64,2018,12
50214,Pomer,16-64,2019,12
50214,Pomer,16-64,2020,12
50214,Pomer,16-64,2021,16
50214,Pomer,16-64,2022,16
50214,Pomer,65-100,2003,17
50214,Pomer,65-100,2004,16
50214,Pomer,65-100,2005,17
50214,Pomer,65-100,2006,17
50214,Pomer,65-100,2007,12
50214,Pomer,65-100,2008,13
50214,Pomer,65-100,2009,13
50214,Pomer,65-100,2010,12
50214,Pomer,65-100,2011,15
50214,Pomer,65-100,2012,15
50214,Pomer,65-100,2013,15
50214,Pomer,65-100,2014,15
50214,Pomer,65-100,2015,16
50214,Pomer,65-100,2016,16
50214,Pomer,65-100,2017,12
50214,Pomer,65-100,2018,9
50214,Pomer,65-100,2019,9
50214,Pomer,65-100,2020,9
50214,Pomer,65-100,2021,9
50214,Pomer,65-100,2022,10
50215,Pozuel de Ariza,0-16,2003,0
50215,Pozuel de Ariza,0-16,2004,0
50215,Pozuel de Ariza,0-16,2005,0
50215,Pozuel de Ariza,0-16,2006,0
50215,Pozuel de Ariza,0-16,2007,0
50215,Pozuel de Ariza,0-16,2008,0
50215,Pozuel de Ariza,0-16,2009,0
50215,Pozuel de Ariza,0-16,2010,0
50215,Pozuel de Ariza,0-16,2011,0
50215,Pozuel de Ariza,0-16,2012,0
50215,Pozuel de Ariza,0-16,2013,0
50215,Pozuel de Ariza,0-16,2014,0
50215,Pozuel de Ariza,0-16,2015,0
50215,Pozuel de Ariza,0-16,2016,0
50215,Pozuel de Ariza,0-16,2017,1
50215,Pozuel de Ariza,0-16,2018,1
50215,Pozuel de Ariza,0-16,2019,1
50215,Pozuel de Ariza,0-16,2020,1
50215,Pozuel de Ariza,0-16,2021,0
50215,Pozuel de Ariza,0-16,2022,3
50215,Pozuel de Ariza,16-64,2003,8
50215,Pozuel de Ariza,16-64,2004,11
50215,Pozuel de Ariza,16-64,2005,11
50215,Pozuel de Ariza,16-64,2006,10
50215,Pozuel de Ariza,16-64,2007,11
50215,Pozuel de Ariza,16-64,2008,11
50215,Pozuel de Ariza,16-64,2009,11
50215,Pozuel de Ariza,16-64,2010,11
50215,Pozuel de Ariza,16-64,2011,12
50215,Pozuel de Ariza,16-64,2012,12
50215,Pozuel de Ariza,16-64,2013,12
50215,Pozuel de Ariza,16-64,2014,13
50215,Pozuel de Ariza,16-64,2015,14
50215,Pozuel de Ariza,16-64,2016,15
50215,Pozuel de Ariza,16-64,2017,15
50215,Pozuel de Ariza,16-64,2018,12
50215,Pozuel de Ariza,16-64,2019,9
50215,Pozuel de Ariza,16-64,2020,9
50215,Pozuel de Ariza,16-64,2021,8
50215,Pozuel de Ariza,16-64,2022,12
50215,Pozuel de Ariza,65-100,2003,15
50215,Pozuel de Ariza,65-100,2004,16
50215,Pozuel de Ariza,65-100,2005,16
50215,Pozuel de Ariza,65-100,2006,13
50215,Pozuel de Ariza,65-100,2007,13
50215,Pozuel de Ariza,65-100,2008,11
50215,Pozuel de Ariza,65-100,2009,11
50215,Pozuel de Ariza,65-100,2010,9
50215,Pozuel de Ariza,65-100,2011,9
50215,Pozuel de Ariza,65-100,2012,10
50215,Pozuel de Ariza,65-100,2013,10
50215,Pozuel de Ariza,65-100,2014,10
50215,Pozuel de Ariza,65-100,2015,10
50215,Pozuel de Ariza,65-100,2016,9
50215,Pozuel de Ariza,65-100,2017,7
50215,Pozuel de Ariza,65-100,2018,8
50215,Pozuel de Ariza,65-100,2019,11
50215,Pozuel de Ariza,65-100,2020,11
50215,Pozuel de Ariza,65-100,2021,9
50215,Pozuel de Ariza,65-100,2022,9
50216,Pozuelo de Aragón,0-16,2003,38
50216,Pozuelo de Aragón,0-16,2004,37
50216,Pozuelo de Aragón,0-16,2005,36
50216,Pozuelo de Aragón,0-16,2006,34
50216,Pozuelo de Aragón,0-16,2007,37
50216,Pozuelo de Aragón,0-16,2008,39
50216,Pozuelo de Aragón,0-16,2009,41
50216,Pozuelo de Aragón,0-16,2010,44
50216,Pozuelo de Aragón,0-16,2011,41
50216,Pozuelo de Aragón,0-16,2012,36
50216,Pozuelo de Aragón,0-16,2013,35
50216,Pozuelo de Aragón,0-16,2014,33
50216,Pozuelo de Aragón,0-16,2015,30
50216,Pozuelo de Aragón,0-16,2016,30
50216,Pozuelo de Aragón,0-16,2017,32
50216,Pozuelo de Aragón,0-16,2018,29
50216,Pozuelo de Aragón,0-16,2019,31
50216,Pozuelo de Aragón,0-16,2020,27
50216,Pozuelo de Aragón,0-16,2021,20
50216,Pozuelo de Aragón,0-16,2022,21
50216,Pozuelo de Aragón,16-64,2003,200
50216,Pozuelo de Aragón,16-64,2004,193
50216,Pozuelo de Aragón,16-64,2005,193
50216,Pozuelo de Aragón,16-64,2006,185
50216,Pozuelo de Aragón,16-64,2007,184
50216,Pozuelo de Aragón,16-64,2008,185
50216,Pozuelo de Aragón,16-64,2009,191
50216,Pozuelo de Aragón,16-64,2010,190
50216,Pozuelo de Aragón,16-64,2011,194
50216,Pozuelo de Aragón,16-64,2012,190
50216,Pozuelo de Aragón,16-64,2013,186
50216,Pozuelo de Aragón,16-64,2014,173
50216,Pozuelo de Aragón,16-64,2015,169
50216,Pozuelo de Aragón,16-64,2016,166
50216,Pozuelo de Aragón,16-64,2017,167
50216,Pozuelo de Aragón,16-64,2018,170
50216,Pozuelo de Aragón,16-64,2019,182
50216,Pozuelo de Aragón,16-64,2020,174
50216,Pozuelo de Aragón,16-64,2021,166
50216,Pozuelo de Aragón,16-64,2022,163
50216,Pozuelo de Aragón,65-100,2003,109
50216,Pozuelo de Aragón,65-100,2004,108
50216,Pozuelo de Aragón,65-100,2005,109
50216,Pozuelo de Aragón,65-100,2006,112
50216,Pozuelo de Aragón,65-100,2007,113
50216,Pozuelo de Aragón,65-100,2008,114
50216,Pozuelo de Aragón,65-100,2009,109
50216,Pozuelo de Aragón,65-100,2010,108
50216,Pozuelo de Aragón,65-100,2011,105
50216,Pozuelo de Aragón,65-100,2012,101
50216,Pozuelo de Aragón,65-100,2013,97
50216,Pozuelo de Aragón,65-100,2014,93
50216,Pozuelo de Aragón,65-100,2015,89
50216,Pozuelo de Aragón,65-100,2016,86
50216,Pozuelo de Aragón,65-100,2017,82
50216,Pozuelo de Aragón,65-100,2018,85
50216,Pozuelo de Aragón,65-100,2019,83
50216,Pozuelo de Aragón,65-100,2020,81
50216,Pozuelo de Aragón,65-100,2021,79
50216,Pozuelo de Aragón,65-100,2022,79
50217,Pradilla de Ebro,0-16,2003,59
50217,Pradilla de Ebro,0-16,2004,62
50217,Pradilla de Ebro,0-16,2005,57
50217,Pradilla de Ebro,0-16,2006,61
50217,Pradilla de Ebro,0-16,2007,63
50217,Pradilla de Ebro,0-16,2008,61
50217,Pradilla de Ebro,0-16,2009,58
50217,Pradilla de Ebro,0-16,2010,52
50217,Pradilla de Ebro,0-16,2011,49
50217,Pradilla de Ebro,0-16,2012,63
50217,Pradilla de Ebro,0-16,2013,63
50217,Pradilla de Ebro,0-16,2014,54
50217,Pradilla de Ebro,0-16,2015,52
50217,Pradilla de Ebro,0-16,2016,50
50217,Pradilla de Ebro,0-16,2017,49
50217,Pradilla de Ebro,0-16,2018,52
50217,Pradilla de Ebro,0-16,2019,51
50217,Pradilla de Ebro,0-16,2020,40
50217,Pradilla de Ebro,0-16,2021,40
50217,Pradilla de Ebro,0-16,2022,40
50217,Pradilla de Ebro,16-64,2003,351
50217,Pradilla de Ebro,16-64,2004,366
50217,Pradilla de Ebro,16-64,2005,375
50217,Pradilla de Ebro,16-64,2006,387
50217,Pradilla de Ebro,16-64,2007,383
50217,Pradilla de Ebro,16-64,2008,387
50217,Pradilla de Ebro,16-64,2009,391
50217,Pradilla de Ebro,16-64,2010,382
50217,Pradilla de Ebro,16-64,2011,391
50217,Pradilla de Ebro,16-64,2012,388
50217,Pradilla de Ebro,16-64,2013,386
50217,Pradilla de Ebro,16-64,2014,355
50217,Pradilla de Ebro,16-64,2015,338
50217,Pradilla de Ebro,16-64,2016,327
50217,Pradilla de Ebro,16-64,2017,345
50217,Pradilla de Ebro,16-64,2018,347
50217,Pradilla de Ebro,16-64,2019,349
50217,Pradilla de Ebro,16-64,2020,341
50217,Pradilla de Ebro,16-64,2021,344
50217,Pradilla de Ebro,16-64,2022,357
50217,Pradilla de Ebro,65-100,2003,220
50217,Pradilla de Ebro,65-100,2004,210
50217,Pradilla de Ebro,65-100,2005,201
50217,Pradilla de Ebro,65-100,2006,196
50217,Pradilla de Ebro,65-100,2007,191
50217,Pradilla de Ebro,65-100,2008,194
50217,Pradilla de Ebro,65-100,2009,189
50217,Pradilla de Ebro,65-100,2010,184
50217,Pradilla de Ebro,65-100,2011,179
50217,Pradilla de Ebro,65-100,2012,176
50217,Pradilla de Ebro,65-100,2013,175
50217,Pradilla de Ebro,65-100,2014,175
50217,Pradilla de Ebro,65-100,2015,170
50217,Pradilla de Ebro,65-100,2016,171
50217,Pradilla de Ebro,65-100,2017,168
50217,Pradilla de Ebro,65-100,2018,175
50217,Pradilla de Ebro,65-100,2019,163
50217,Pradilla de Ebro,65-100,2020,159
50217,Pradilla de Ebro,65-100,2021,150
50217,Pradilla de Ebro,65-100,2022,144
50218,Puebla de Albortón,0-16,2003,3
50218,Puebla de Albortón,0-16,2004,8
50218,Puebla de Albortón,0-16,2005,13
50218,Puebla de Albortón,0-16,2006,12
50218,Puebla de Albortón,0-16,2007,12
50218,Puebla de Albortón,0-16,2008,13
50218,Puebla de Albortón,0-16,2009,11
50218,Puebla de Albortón,0-16,2010,12
50218,Puebla de Albortón,0-16,2011,10
50218,Puebla de Albortón,0-16,2012,11
50218,Puebla de Albortón,0-16,2013,10
50218,Puebla de Albortón,0-16,2014,7
50218,Puebla de Albortón,0-16,2015,8
50218,Puebla de Albortón,0-16,2016,6
50218,Puebla de Albortón,0-16,2017,6
50218,Puebla de Albortón,0-16,2018,6
50218,Puebla de Albortón,0-16,2019,6
50218,Puebla de Albortón,0-16,2020,5
50218,Puebla de Albortón,0-16,2021,3
50218,Puebla de Albortón,0-16,2022,3
50218,Puebla de Albortón,16-64,2003,77
50218,Puebla de Albortón,16-64,2004,77
50218,Puebla de Albortón,16-64,2005,81
50218,Puebla de Albortón,16-64,2006,69
50218,Puebla de Albortón,16-64,2007,67
50218,Puebla de Albortón,16-64,2008,67
50218,Puebla de Albortón,16-64,2009,63
50218,Puebla de Albortón,16-64,2010,59
50218,Puebla de Albortón,16-64,2011,55
50218,Puebla de Albortón,16-64,2012,64
50218,Puebla de Albortón,16-64,2013,65
50218,Puebla de Albortón,16-64,2014,69
50218,Puebla de Albortón,16-64,2015,67
50218,Puebla de Albortón,16-64,2016,64
50218,Puebla de Albortón,16-64,2017,69
50218,Puebla de Albortón,16-64,2018,69
50218,Puebla de Albortón,16-64,2019,68
50218,Puebla de Albortón,16-64,2020,71
50218,Puebla de Albortón,16-64,2021,76
50218,Puebla de Albortón,16-64,2022,80
50218,Puebla de Albortón,65-100,2003,57
50218,Puebla de Albortón,65-100,2004,59
50218,Puebla de Albortón,65-100,2005,60
50218,Puebla de Albortón,65-100,2006,63
50218,Puebla de Albortón,65-100,2007,58
50218,Puebla de Albortón,65-100,2008,58
50218,Puebla de Albortón,65-100,2009,55
50218,Puebla de Albortón,65-100,2010,54
50218,Puebla de Albortón,65-100,2011,55
50218,Puebla de Albortón,65-100,2012,53
50218,Puebla de Albortón,65-100,2013,50
50218,Puebla de Albortón,65-100,2014,51
50218,Puebla de Albortón,65-100,2015,49
50218,Puebla de Albortón,65-100,2016,48
50218,Puebla de Albortón,65-100,2017,47
50218,Puebla de Albortón,65-100,2018,45
50218,Puebla de Albortón,65-100,2019,44
50218,Puebla de Albortón,65-100,2020,44
50218,Puebla de Albortón,65-100,2021,46
50218,Puebla de Albortón,65-100,2022,46
50219,La Puebla de Alfindén,0-16,2003,397
50219,La Puebla de Alfindén,0-16,2004,491
50219,La Puebla de Alfindén,0-16,2005,584
50219,La Puebla de Alfindén,0-16,2006,717
50219,La Puebla de Alfindén,0-16,2007,859
50219,La Puebla de Alfindén,0-16,2008,915
50219,La Puebla de Alfindén,0-16,2009,1020
50219,La Puebla de Alfindén,0-16,2010,1110
50219,La Puebla de Alfindén,0-16,2011,1189
50219,La Puebla de Alfindén,0-16,2012,1251
50219,La Puebla de Alfindén,0-16,2013,1365
50219,La Puebla de Alfindén,0-16,2014,1395
50219,La Puebla de Alfindén,0-16,2015,1450
50219,La Puebla de Alfindén,0-16,2016,1491
50219,La Puebla de Alfindén,0-16,2017,1541
50219,La Puebla de Alfindén,0-16,2018,1535
50219,La Puebla de Alfindén,0-16,2019,1565
50219,La Puebla de Alfindén,0-16,2020,1544
50219,La Puebla de Alfindén,0-16,2021,1518
50219,La Puebla de Alfindén,0-16,2022,1458
50219,La Puebla de Alfindén,16-64,2003,1848
50219,La Puebla de Alfindén,16-64,2004,2256
50219,La Puebla de Alfindén,16-64,2005,2642
50219,La Puebla de Alfindén,16-64,2006,2969
50219,La Puebla de Alfindén,16-64,2007,3221
50219,La Puebla de Alfindén,16-64,2008,3414
50219,La Puebla de Alfindén,16-64,2009,3639
50219,La Puebla de Alfindén,16-64,2010,3774
50219,La Puebla de Alfindén,16-64,2011,3868
50219,La Puebla de Alfindén,16-64,2012,3962
50219,La Puebla de Alfindén,16-64,2013,3997
50219,La Puebla de Alfindén,16-64,2014,4016
50219,La Puebla de Alfindén,16-64,2015,4039
50219,La Puebla de Alfindén,16-64,2016,4065
50219,La Puebla de Alfindén,16-64,2017,4075
50219,La Puebla de Alfindén,16-64,2018,4112
50219,La Puebla de Alfindén,16-64,2019,4200
50219,La Puebla de Alfindén,16-64,2020,4251
50219,La Puebla de Alfindén,16-64,2021,4338
50219,La Puebla de Alfindén,16-64,2022,4368
50219,La Puebla de Alfindén,65-100,2003,322
50219,La Puebla de Alfindén,65-100,2004,329
50219,La Puebla de Alfindén,65-100,2005,333
50219,La Puebla de Alfindén,65-100,2006,343
50219,La Puebla de Alfindén,65-100,2007,352
50219,La Puebla de Alfindén,65-100,2008,358
50219,La Puebla de Alfindén,65-100,2009,374
50219,La Puebla de Alfindén,65-100,2010,366
50219,La Puebla de Alfindén,65-100,2011,376
50219,La Puebla de Alfindén,65-100,2012,390
50219,La Puebla de Alfindén,65-100,2013,422
50219,La Puebla de Alfindén,65-100,2014,453
50219,La Puebla de Alfindén,65-100,2015,459
50219,La Puebla de Alfindén,65-100,2016,472
50219,La Puebla de Alfindén,65-100,2017,493
50219,La Puebla de Alfindén,65-100,2018,526
50219,La Puebla de Alfindén,65-100,2019,538
50219,La Puebla de Alfindén,65-100,2020,563
50219,La Puebla de Alfindén,65-100,2021,590
50219,La Puebla de Alfindén,65-100,2022,616
50220,Puendeluna,0-16,2003,3
50220,Puendeluna,0-16,2004,2
50220,Puendeluna,0-16,2005,2
50220,Puendeluna,0-16,2006,2
50220,Puendeluna,0-16,2007,1
50220,Puendeluna,0-16,2008,1
50220,Puendeluna,0-16,2009,1
50220,Puendeluna,0-16,2010,1
50220,Puendeluna,0-16,2011,0
50220,Puendeluna,0-16,2012,0
50220,Puendeluna,0-16,2013,0
50220,Puendeluna,0-16,2014,0
50220,Puendeluna,0-16,2015,0
50220,Puendeluna,0-16,2016,0
50220,Puendeluna,0-16,2017,0
50220,Puendeluna,0-16,2018,0
50220,Puendeluna,0-16,2019,0
50220,Puendeluna,0-16,2020,0
50220,Puendeluna,0-16,2021,0
50220,Puendeluna,0-16,2022,0
50220,Puendeluna,16-64,2003,34
50220,Puendeluna,16-64,2004,33
50220,Puendeluna,16-64,2005,29
50220,Puendeluna,16-64,2006,27
50220,Puendeluna,16-64,2007,23
50220,Puendeluna,16-64,2008,19
50220,Puendeluna,16-64,2009,23
50220,Puendeluna,16-64,2010,33
50220,Puendeluna,16-64,2011,32
50220,Puendeluna,16-64,2012,33
50220,Puendeluna,16-64,2013,28
50220,Puendeluna,16-64,2014,26
50220,Puendeluna,16-64,2015,28
50220,Puendeluna,16-64,2016,26
50220,Puendeluna,16-64,2017,28
50220,Puendeluna,16-64,2018,26
50220,Puendeluna,16-64,2019,24
50220,Puendeluna,16-64,2020,27
50220,Puendeluna,16-64,2021,29
50220,Puendeluna,16-64,2022,31
50220,Puendeluna,65-100,2003,26
50220,Puendeluna,65-100,2004,30
50220,Puendeluna,65-100,2005,30
50220,Puendeluna,65-100,2006,35
50220,Puendeluna,65-100,2007,36
50220,Puendeluna,65-100,2008,35
50220,Puendeluna,65-100,2009,34
50220,Puendeluna,65-100,2010,31
50220,Puendeluna,65-100,2011,30
50220,Puendeluna,65-100,2012,30
50220,Puendeluna,65-100,2013,27
50220,Puendeluna,65-100,2014,25
50220,Puendeluna,65-100,2015,23
50220,Puendeluna,65-100,2016,18
50220,Puendeluna,65-100,2017,18
50220,Puendeluna,65-100,2018,18
50220,Puendeluna,65-100,2019,20
50220,Puendeluna,65-100,2020,21
50220,Puendeluna,65-100,2021,20
50220,Puendeluna,65-100,2022,17
50221,Purujosa,0-16,2003,1
50221,Purujosa,0-16,2004,1
50221,Purujosa,0-16,2005,0
50221,Purujosa,0-16,2006,0
50221,Purujosa,0-16,2007,0
50221,Purujosa,0-16,2008,0
50221,Purujosa,0-16,2009,1
50221,Purujosa,0-16,2010,1
50221,Purujosa,0-16,2011,1
50221,Purujosa,0-16,2012,1
50221,Purujosa,0-16,2013,1
50221,Purujosa,0-16,2014,1
50221,Purujosa,0-16,2015,1
50221,Purujosa,0-16,2016,1
50221,Purujosa,0-16,2017,1
50221,Purujosa,0-16,2018,1
50221,Purujosa,0-16,2019,1
50221,Purujosa,0-16,2020,1
50221,Purujosa,0-16,2021,1
50221,Purujosa,0-16,2022,0
50221,Purujosa,16-64,2003,50
50221,Purujosa,16-64,2004,47
50221,Purujosa,16-64,2005,36
50221,Purujosa,16-64,2006,40
50221,Purujosa,16-64,2007,36
50221,Purujosa,16-64,2008,34
50221,Purujosa,16-64,2009,32
50221,Purujosa,16-64,2010,29
50221,Purujosa,16-64,2011,28
50221,Purujosa,16-64,2012,27
50221,Purujosa,16-64,2013,26
50221,Purujosa,16-64,2014,26
50221,Purujosa,16-64,2015,23
50221,Purujosa,16-64,2016,23
50221,Purujosa,16-64,2017,22
50221,Purujosa,16-64,2018,22
50221,Purujosa,16-64,2019,22
50221,Purujosa,16-64,2020,20
50221,Purujosa,16-64,2021,18
50221,Purujosa,16-64,2022,19
50221,Purujosa,65-100,2003,9
50221,Purujosa,65-100,2004,11
50221,Purujosa,65-100,2005,12
50221,Purujosa,65-100,2006,14
50221,Purujosa,65-100,2007,14
50221,Purujosa,65-100,2008,14
50221,Purujosa,65-100,2009,15
50221,Purujosa,65-100,2010,14
50221,Purujosa,65-100,2011,14
50221,Purujosa,65-100,2012,12
50221,Purujosa,65-100,2013,12
50221,Purujosa,65-100,2014,12
50221,Purujosa,65-100,2015,13
50221,Purujosa,65-100,2016,14
50221,Purujosa,65-100,2017,14
50221,Purujosa,65-100,2018,13
50221,Purujosa,65-100,2019,12
50221,Purujosa,65-100,2020,11
50221,Purujosa,65-100,2021,7
50221,Purujosa,65-100,2022,8
50222,Quinto,0-16,2003,291
50222,Quinto,0-16,2004,281
50222,Quinto,0-16,2005,278
50222,Quinto,0-16,2006,296
50222,Quinto,0-16,2007,303
50222,Quinto,0-16,2008,303
50222,Quinto,0-16,2009,298
50222,Quinto,0-16,2010,298
50222,Quinto,0-16,2011,290
50222,Quinto,0-16,2012,291
50222,Quinto,0-16,2013,293
50222,Quinto,0-16,2014,279
50222,Quinto,0-16,2015,274
50222,Quinto,0-16,2016,274
50222,Quinto,0-16,2017,266
50222,Quinto,0-16,2018,268
50222,Quinto,0-16,2019,265
50222,Quinto,0-16,2020,274
50222,Quinto,0-16,2021,278
50222,Quinto,0-16,2022,263
50222,Quinto,16-64,2003,1336
50222,Quinto,16-64,2004,1330
50222,Quinto,16-64,2005,1335
50222,Quinto,16-64,2006,1341
50222,Quinto,16-64,2007,1341
50222,Quinto,16-64,2008,1374
50222,Quinto,16-64,2009,1370
50222,Quinto,16-64,2010,1371
50222,Quinto,16-64,2011,1368
50222,Quinto,16-64,2012,1342
50222,Quinto,16-64,2013,1344
50222,Quinto,16-64,2014,1332
50222,Quinto,16-64,2015,1293
50222,Quinto,16-64,2016,1281
50222,Quinto,16-64,2017,1245
50222,Quinto,16-64,2018,1224
50222,Quinto,16-64,2019,1212
50222,Quinto,16-64,2020,1205
50222,Quinto,16-64,2021,1185
50222,Quinto,16-64,2022,1168
50222,Quinto,65-100,2003,448
50222,Quinto,65-100,2004,434
50222,Quinto,65-100,2005,421
50222,Quinto,65-100,2006,425
50222,Quinto,65-100,2007,425
50222,Quinto,65-100,2008,424
50222,Quinto,65-100,2009,440
50222,Quinto,65-100,2010,442
50222,Quinto,65-100,2011,447
50222,Quinto,65-100,2012,444
50222,Quinto,65-100,2013,448
50222,Quinto,65-100,2014,444
50222,Quinto,65-100,2015,453
50222,Quinto,65-100,2016,441
50222,Quinto,65-100,2017,449
50222,Quinto,65-100,2018,456
50222,Quinto,65-100,2019,462
50222,Quinto,65-100,2020,470
50222,Quinto,65-100,2021,474
50222,Quinto,65-100,2022,485
50223,Remolinos,0-16,2003,155
50223,Remolinos,0-16,2004,149
50223,Remolinos,0-16,2005,149
50223,Remolinos,0-16,2006,143
50223,Remolinos,0-16,2007,153
50223,Remolinos,0-16,2008,143
50223,Remolinos,0-16,2009,145
50223,Remolinos,0-16,2010,152
50223,Remolinos,0-16,2011,146
50223,Remolinos,0-16,2012,141
50223,Remolinos,0-16,2013,136
50223,Remolinos,0-16,2014,140
50223,Remolinos,0-16,2015,137
50223,Remolinos,0-16,2016,127
50223,Remolinos,0-16,2017,112
50223,Remolinos,0-16,2018,106
50223,Remolinos,0-16,2019,111
50223,Remolinos,0-16,2020,107
50223,Remolinos,0-16,2021,103
50223,Remolinos,0-16,2022,95
50223,Remolinos,16-64,2003,758
50223,Remolinos,16-64,2004,741
50223,Remolinos,16-64,2005,741
50223,Remolinos,16-64,2006,741
50223,Remolinos,16-64,2007,747
50223,Remolinos,16-64,2008,748
50223,Remolinos,16-64,2009,739
50223,Remolinos,16-64,2010,736
50223,Remolinos,16-64,2011,725
50223,Remolinos,16-64,2012,709
50223,Remolinos,16-64,2013,703
50223,Remolinos,16-64,2014,705
50223,Remolinos,16-64,2015,690
50223,Remolinos,16-64,2016,667
50223,Remolinos,16-64,2017,663
50223,Remolinos,16-64,2018,648
50223,Remolinos,16-64,2019,643
50223,Remolinos,16-64,2020,625
50223,Remolinos,16-64,2021,604
50223,Remolinos,16-64,2022,596
50223,Remolinos,65-100,2003,324
50223,Remolinos,65-100,2004,320
50223,Remolinos,65-100,2005,326
50223,Remolinos,65-100,2006,318
50223,Remolinos,65-100,2007,309
50223,Remolinos,65-100,2008,307
50223,Remolinos,65-100,2009,308
50223,Remolinos,65-100,2010,311
50223,Remolinos,65-100,2011,312
50223,Remolinos,65-100,2012,303
50223,Remolinos,65-100,2013,305
50223,Remolinos,65-100,2014,304
50223,Remolinos,65-100,2015,316
50223,Remolinos,65-100,2016,319
50223,Remolinos,65-100,2017,313
50223,Remolinos,65-100,2018,327
50223,Remolinos,65-100,2019,332
50223,Remolinos,65-100,2020,342
50223,Remolinos,65-100,2021,345
50223,Remolinos,65-100,2022,344
50224,Retascón,0-16,2003,3
50224,Retascón,0-16,2004,6
50224,Retascón,0-16,2005,5
50224,Retascón,0-16,2006,8
50224,Retascón,0-16,2007,6
50224,Retascón,0-16,2008,3
50224,Retascón,0-16,2009,2
50224,Retascón,0-16,2010,1
50224,Retascón,0-16,2011,1
50224,Retascón,0-16,2012,1
50224,Retascón,0-16,2013,0
50224,Retascón,0-16,2014,2
50224,Retascón,0-16,2015,2
50224,Retascón,0-16,2016,2
50224,Retascón,0-16,2017,2
50224,Retascón,0-16,2018,1
50224,Retascón,0-16,2019,0
50224,Retascón,0-16,2020,0
50224,Retascón,0-16,2021,4
50224,Retascón,0-16,2022,4
50224,Retascón,16-64,2003,46
50224,Retascón,16-64,2004,47
50224,Retascón,16-64,2005,44
50224,Retascón,16-64,2006,44
50224,Retascón,16-64,2007,41
50224,Retascón,16-64,2008,39
50224,Retascón,16-64,2009,40
50224,Retascón,16-64,2010,39
50224,Retascón,16-64,2011,39
50224,Retascón,16-64,2012,37
50224,Retascón,16-64,2013,40
50224,Retascón,16-64,2014,43
50224,Retascón,16-64,2015,43
50224,Retascón,16-64,2016,41
50224,Retascón,16-64,2017,39
50224,Retascón,16-64,2018,42
50224,Retascón,16-64,2019,37
50224,Retascón,16-64,2020,32
50224,Retascón,16-64,2021,32
50224,Retascón,16-64,2022,33
50224,Retascón,65-100,2003,46
50224,Retascón,65-100,2004,46
50224,Retascón,65-100,2005,46
50224,Retascón,65-100,2006,42
50224,Retascón,65-100,2007,48
50224,Retascón,65-100,2008,47
50224,Retascón,65-100,2009,42
50224,Retascón,65-100,2010,39
50224,Retascón,65-100,2011,36
50224,Retascón,65-100,2012,32
50224,Retascón,65-100,2013,30
50224,Retascón,65-100,2014,30
50224,Retascón,65-100,2015,34
50224,Retascón,65-100,2016,33
50224,Retascón,65-100,2017,32
50224,Retascón,65-100,2018,31
50224,Retascón,65-100,2019,30
50224,Retascón,65-100,2020,30
50224,Retascón,65-100,2021,29
50224,Retascón,65-100,2022,23
50225,Ricla,0-16,2003,311
50225,Ricla,0-16,2004,315
50225,Ricla,0-16,2005,310
50225,Ricla,0-16,2006,334
50225,Ricla,0-16,2007,375
50225,Ricla,0-16,2008,434
50225,Ricla,0-16,2009,446
50225,Ricla,0-16,2010,458
50225,Ricla,0-16,2011,423
50225,Ricla,0-16,2012,451
50225,Ricla,0-16,2013,435
50225,Ricla,0-16,2014,412
50225,Ricla,0-16,2015,414
50225,Ricla,0-16,2016,395
50225,Ricla,0-16,2017,370
50225,Ricla,0-16,2018,345
50225,Ricla,0-16,2019,358
50225,Ricla,0-16,2020,353
50225,Ricla,0-16,2021,346
50225,Ricla,0-16,2022,342
50225,Ricla,16-64,2003,1903
50225,Ricla,16-64,2004,1811
50225,Ricla,16-64,2005,1873
50225,Ricla,16-64,2006,1773
50225,Ricla,16-64,2007,2003
50225,Ricla,16-64,2008,2421
50225,Ricla,16-64,2009,2482
50225,Ricla,16-64,2010,2573
50225,Ricla,16-64,2011,2111
50225,Ricla,16-64,2012,2200
50225,Ricla,16-64,2013,2259
50225,Ricla,16-64,2014,2262
50225,Ricla,16-64,2015,2190
50225,Ricla,16-64,2016,2138
50225,Ricla,16-64,2017,2029
50225,Ricla,16-64,2018,1988
50225,Ricla,16-64,2019,2018
50225,Ricla,16-64,2020,2049
50225,Ricla,16-64,2021,2111
50225,Ricla,16-64,2022,2122
50225,Ricla,65-100,2003,536
50225,Ricla,65-100,2004,527
50225,Ricla,65-100,2005,538
50225,Ricla,65-100,2006,545
50225,Ricla,65-100,2007,538
50225,Ricla,65-100,2008,545
50225,Ricla,65-100,2009,541
50225,Ricla,65-100,2010,537
50225,Ricla,65-100,2011,531
50225,Ricla,65-100,2012,537
50225,Ricla,65-100,2013,531
50225,Ricla,65-100,2014,529
50225,Ricla,65-100,2015,518
50225,Ricla,65-100,2016,494
50225,Ricla,65-100,2017,495
50225,Ricla,65-100,2018,482
50225,Ricla,65-100,2019,471
50225,Ricla,65-100,2020,467
50225,Ricla,65-100,2021,465
50225,Ricla,65-100,2022,468
50227,Romanos,0-16,2003,4
50227,Romanos,0-16,2004,4
50227,Romanos,0-16,2005,3
50227,Romanos,0-16,2006,3
50227,Romanos,0-16,2007,3
50227,Romanos,0-16,2008,4
50227,Romanos,0-16,2009,2
50227,Romanos,0-16,2010,2
50227,Romanos,0-16,2011,3
50227,Romanos,0-16,2012,2
50227,Romanos,0-16,2013,1
50227,Romanos,0-16,2014,1
50227,Romanos,0-16,2015,5
50227,Romanos,0-16,2016,4
50227,Romanos,0-16,2017,3
50227,Romanos,0-16,2018,6
50227,Romanos,0-16,2019,6
50227,Romanos,0-16,2020,5
50227,Romanos,0-16,2021,13
50227,Romanos,0-16,2022,7
50227,Romanos,16-64,2003,81
50227,Romanos,16-64,2004,69
50227,Romanos,16-64,2005,77
50227,Romanos,16-64,2006,69
50227,Romanos,16-64,2007,67
50227,Romanos,16-64,2008,67
50227,Romanos,16-64,2009,68
50227,Romanos,16-64,2010,69
50227,Romanos,16-64,2011,77
50227,Romanos,16-64,2012,77
50227,Romanos,16-64,2013,70
50227,Romanos,16-64,2014,65
50227,Romanos,16-64,2015,65
50227,Romanos,16-64,2016,62
50227,Romanos,16-64,2017,54
50227,Romanos,16-64,2018,53
50227,Romanos,16-64,2019,60
50227,Romanos,16-64,2020,64
50227,Romanos,16-64,2021,68
50227,Romanos,16-64,2022,62
50227,Romanos,65-100,2003,55
50227,Romanos,65-100,2004,51
50227,Romanos,65-100,2005,50
50227,Romanos,65-100,2006,48
50227,Romanos,65-100,2007,42
50227,Romanos,65-100,2008,42
50227,Romanos,65-100,2009,44
50227,Romanos,65-100,2010,42
50227,Romanos,65-100,2011,43
50227,Romanos,65-100,2012,42
50227,Romanos,65-100,2013,43
50227,Romanos,65-100,2014,41
50227,Romanos,65-100,2015,41
50227,Romanos,65-100,2016,61
50227,Romanos,65-100,2017,62
50227,Romanos,65-100,2018,60
50227,Romanos,65-100,2019,62
50227,Romanos,65-100,2020,56
50227,Romanos,65-100,2021,51
50227,Romanos,65-100,2022,50
50228,Rueda de Jalón,0-16,2003,34
50228,Rueda de Jalón,0-16,2004,32
50228,Rueda de Jalón,0-16,2005,33
50228,Rueda de Jalón,0-16,2006,32
50228,Rueda de Jalón,0-16,2007,33
50228,Rueda de Jalón,0-16,2008,31
50228,Rueda de Jalón,0-16,2009,34
50228,Rueda de Jalón,0-16,2010,28
50228,Rueda de Jalón,0-16,2011,30
50228,Rueda de Jalón,0-16,2012,34
50228,Rueda de Jalón,0-16,2013,34
50228,Rueda de Jalón,0-16,2014,37
50228,Rueda de Jalón,0-16,2015,29
50228,Rueda de Jalón,0-16,2016,29
50228,Rueda de Jalón,0-16,2017,27
50228,Rueda de Jalón,0-16,2018,33
50228,Rueda de Jalón,0-16,2019,32
50228,Rueda de Jalón,0-16,2020,37
50228,Rueda de Jalón,0-16,2021,36
50228,Rueda de Jalón,0-16,2022,37
50228,Rueda de Jalón,16-64,2003,218
50228,Rueda de Jalón,16-64,2004,215
50228,Rueda de Jalón,16-64,2005,218
50228,Rueda de Jalón,16-64,2006,230
50228,Rueda de Jalón,16-64,2007,222
50228,Rueda de Jalón,16-64,2008,220
50228,Rueda de Jalón,16-64,2009,215
50228,Rueda de Jalón,16-64,2010,219
50228,Rueda de Jalón,16-64,2011,214
50228,Rueda de Jalón,16-64,2012,209
50228,Rueda de Jalón,16-64,2013,207
50228,Rueda de Jalón,16-64,2014,203
50228,Rueda de Jalón,16-64,2015,200
50228,Rueda de Jalón,16-64,2016,198
50228,Rueda de Jalón,16-64,2017,192
50228,Rueda de Jalón,16-64,2018,195
50228,Rueda de Jalón,16-64,2019,186
50228,Rueda de Jalón,16-64,2020,184
50228,Rueda de Jalón,16-64,2021,186
50228,Rueda de Jalón,16-64,2022,185
50228,Rueda de Jalón,65-100,2003,113
50228,Rueda de Jalón,65-100,2004,113
50228,Rueda de Jalón,65-100,2005,109
50228,Rueda de Jalón,65-100,2006,110
50228,Rueda de Jalón,65-100,2007,109
50228,Rueda de Jalón,65-100,2008,110
50228,Rueda de Jalón,65-100,2009,104
50228,Rueda de Jalón,65-100,2010,106
50228,Rueda de Jalón,65-100,2011,106
50228,Rueda de Jalón,65-100,2012,102
50228,Rueda de Jalón,65-100,2013,102
50228,Rueda de Jalón,65-100,2014,104
50228,Rueda de Jalón,65-100,2015,103
50228,Rueda de Jalón,65-100,2016,101
50228,Rueda de Jalón,65-100,2017,97
50228,Rueda de Jalón,65-100,2018,97
50228,Rueda de Jalón,65-100,2019,92
50228,Rueda de Jalón,65-100,2020,91
50228,Rueda de Jalón,65-100,2021,91
50228,Rueda de Jalón,65-100,2022,95
50229,Ruesca,0-16,2003,16
50229,Ruesca,0-16,2004,16
50229,Ruesca,0-16,2005,16
50229,Ruesca,0-16,2006,15
50229,Ruesca,0-16,2007,14
50229,Ruesca,0-16,2008,14
50229,Ruesca,0-16,2009,14
50229,Ruesca,0-16,2010,11
50229,Ruesca,0-16,2011,10
50229,Ruesca,0-16,2012,9
50229,Ruesca,0-16,2013,9
50229,Ruesca,0-16,2014,7
50229,Ruesca,0-16,2015,5
50229,Ruesca,0-16,2016,5
50229,Ruesca,0-16,2017,5
50229,Ruesca,0-16,2018,3
50229,Ruesca,0-16,2019,1
50229,Ruesca,0-16,2020,2
50229,Ruesca,0-16,2021,1
50229,Ruesca,0-16,2022,2
50229,Ruesca,16-64,2003,42
50229,Ruesca,16-64,2004,41
50229,Ruesca,16-64,2005,42
50229,Ruesca,16-64,2006,38
50229,Ruesca,16-64,2007,41
50229,Ruesca,16-64,2008,39
50229,Ruesca,16-64,2009,42
50229,Ruesca,16-64,2010,45
50229,Ruesca,16-64,2011,48
50229,Ruesca,16-64,2012,46
50229,Ruesca,16-64,2013,46
50229,Ruesca,16-64,2014,44
50229,Ruesca,16-64,2015,46
50229,Ruesca,16-64,2016,47
50229,Ruesca,16-64,2017,48
50229,Ruesca,16-64,2018,51
50229,Ruesca,16-64,2019,60
50229,Ruesca,16-64,2020,59
50229,Ruesca,16-64,2021,61
50229,Ruesca,16-64,2022,57
50229,Ruesca,65-100,2003,29
50229,Ruesca,65-100,2004,29
50229,Ruesca,65-100,2005,28
50229,Ruesca,65-100,2006,29
50229,Ruesca,65-100,2007,27
50229,Ruesca,65-100,2008,25
50229,Ruesca,65-100,2009,24
50229,Ruesca,65-100,2010,19
50229,Ruesca,65-100,2011,22
50229,Ruesca,65-100,2012,20
50229,Ruesca,65-100,2013,21
50229,Ruesca,65-100,2014,22
50229,Ruesca,65-100,2015,22
50229,Ruesca,65-100,2016,21
50229,Ruesca,65-100,2017,19
50229,Ruesca,65-100,2018,18
50229,Ruesca,65-100,2019,17
50229,Ruesca,65-100,2020,15
50229,Ruesca,65-100,2021,14
50229,Ruesca,65-100,2022,10
50241,Sabiñán,0-16,2003,32
50241,Sabiñán,0-16,2004,29
50241,Sabiñán,0-16,2005,22
50241,Sabiñán,0-16,2006,19
50241,Sabiñán,0-16,2007,18
50241,Sabiñán,0-16,2008,49
50241,Sabiñán,0-16,2009,47
50241,Sabiñán,0-16,2010,53
50241,Sabiñán,0-16,2011,45
50241,Sabiñán,0-16,2012,50
50241,Sabiñán,0-16,2013,68
50241,Sabiñán,0-16,2014,70
50241,Sabiñán,0-16,2015,69
50241,Sabiñán,0-16,2016,69
50241,Sabiñán,0-16,2017,65
50241,Sabiñán,0-16,2018,64
50241,Sabiñán,0-16,2019,70
50241,Sabiñán,0-16,2020,65
50241,Sabiñán,0-16,2021,62
50241,Sabiñán,0-16,2022,67
50241,Sabiñán,16-64,2003,485
50241,Sabiñán,16-64,2004,461
50241,Sabiñán,16-64,2005,447
50241,Sabiñán,16-64,2006,417
50241,Sabiñán,16-64,2007,407
50241,Sabiñán,16-64,2008,446
50241,Sabiñán,16-64,2009,429
50241,Sabiñán,16-64,2010,419
50241,Sabiñán,16-64,2011,385
50241,Sabiñán,16-64,2012,392
50241,Sabiñán,16-64,2013,418
50241,Sabiñán,16-64,2014,417
50241,Sabiñán,16-64,2015,409
50241,Sabiñán,16-64,2016,401
50241,Sabiñán,16-64,2017,390
50241,Sabiñán,16-64,2018,382
50241,Sabiñán,16-64,2019,390
50241,Sabiñán,16-64,2020,404
50241,Sabiñán,16-64,2021,390
50241,Sabiñán,16-64,2022,380
50241,Sabiñán,65-100,2003,328
50241,Sabiñán,65-100,2004,319
50241,Sabiñán,65-100,2005,326
50241,Sabiñán,65-100,2006,322
50241,Sabiñán,65-100,2007,316
50241,Sabiñán,65-100,2008,321
50241,Sabiñán,65-100,2009,329
50241,Sabiñán,65-100,2010,321
50241,Sabiñán,65-100,2011,317
50241,Sabiñán,65-100,2012,307
50241,Sabiñán,65-100,2013,284
50241,Sabiñán,65-100,2014,268
50241,Sabiñán,65-100,2015,265
50241,Sabiñán,65-100,2016,252
50241,Sabiñán,65-100,2017,244
50241,Sabiñán,65-100,2018,245
50241,Sabiñán,65-100,2019,263
50241,Sabiñán,65-100,2020,253
50241,Sabiñán,65-100,2021,234
50241,Sabiñán,65-100,2022,228
50230,Sádaba,0-16,2003,251
50230,Sádaba,0-16,2004,244
50230,Sádaba,0-16,2005,212
50230,Sádaba,0-16,2006,185
50230,Sádaba,0-16,2007,185
50230,Sádaba,0-16,2008,197
50230,Sádaba,0-16,2009,192
50230,Sádaba,0-16,2010,199
50230,Sádaba,0-16,2011,197
50230,Sádaba,0-16,2012,191
50230,Sádaba,0-16,2013,178
50230,Sádaba,0-16,2014,163
50230,Sádaba,0-16,2015,146
50230,Sádaba,0-16,2016,137
50230,Sádaba,0-16,2017,131
50230,Sádaba,0-16,2018,121
50230,Sádaba,0-16,2019,116
50230,Sádaba,0-16,2020,115
50230,Sádaba,0-16,2021,117
50230,Sádaba,0-16,2022,108
50230,Sádaba,16-64,2003,1050
50230,Sádaba,16-64,2004,1104
50230,Sádaba,16-64,2005,1108
50230,Sádaba,16-64,2006,1064
50230,Sádaba,16-64,2007,1033
50230,Sádaba,16-64,2008,1027
50230,Sádaba,16-64,2009,1020
50230,Sádaba,16-64,2010,1025
50230,Sádaba,16-64,2011,1003
50230,Sádaba,16-64,2012,971
50230,Sádaba,16-64,2013,933
50230,Sádaba,16-64,2014,911
50230,Sádaba,16-64,2015,880
50230,Sádaba,16-64,2016,864
50230,Sádaba,16-64,2017,864
50230,Sádaba,16-64,2018,846
50230,Sádaba,16-64,2019,856
50230,Sádaba,16-64,2020,848
50230,Sádaba,16-64,2021,832
50230,Sádaba,16-64,2022,821
50230,Sádaba,65-100,2003,463
50230,Sádaba,65-100,2004,497
50230,Sádaba,65-100,2005,500
50230,Sádaba,65-100,2006,464
50230,Sádaba,65-100,2007,474
50230,Sádaba,65-100,2008,472
50230,Sádaba,65-100,2009,454
50230,Sádaba,65-100,2010,447
50230,Sádaba,65-100,2011,443
50230,Sádaba,65-100,2012,415
50230,Sádaba,65-100,2013,395
50230,Sádaba,65-100,2014,386
50230,Sádaba,65-100,2015,378
50230,Sádaba,65-100,2016,365
50230,Sádaba,65-100,2017,352
50230,Sádaba,65-100,2018,357
50230,Sádaba,65-100,2019,352
50230,Sádaba,65-100,2020,348
50230,Sádaba,65-100,2021,345
50230,Sádaba,65-100,2022,362
50231,Salillas de Jalón,0-16,2003,22
50231,Salillas de Jalón,0-16,2004,20
50231,Salillas de Jalón,0-16,2005,21
50231,Salillas de Jalón,0-16,2006,23
50231,Salillas de Jalón,0-16,2007,26
50231,Salillas de Jalón,0-16,2008,26
50231,Salillas de Jalón,0-16,2009,28
50231,Salillas de Jalón,0-16,2010,31
50231,Salillas de Jalón,0-16,2011,36
50231,Salillas de Jalón,0-16,2012,32
50231,Salillas de Jalón,0-16,2013,28
50231,Salillas de Jalón,0-16,2014,23
50231,Salillas de Jalón,0-16,2015,26
50231,Salillas de Jalón,0-16,2016,23
50231,Salillas de Jalón,0-16,2017,27
50231,Salillas de Jalón,0-16,2018,29
50231,Salillas de Jalón,0-16,2019,28
50231,Salillas de Jalón,0-16,2020,36
50231,Salillas de Jalón,0-16,2021,42
50231,Salillas de Jalón,0-16,2022,49
50231,Salillas de Jalón,16-64,2003,189
50231,Salillas de Jalón,16-64,2004,194
50231,Salillas de Jalón,16-64,2005,195
50231,Salillas de Jalón,16-64,2006,207
50231,Salillas de Jalón,16-64,2007,212
50231,Salillas de Jalón,16-64,2008,230
50231,Salillas de Jalón,16-64,2009,224
50231,Salillas de Jalón,16-64,2010,225
50231,Salillas de Jalón,16-64,2011,231
50231,Salillas de Jalón,16-64,2012,226
50231,Salillas de Jalón,16-64,2013,193
50231,Salillas de Jalón,16-64,2014,189
50231,Salillas de Jalón,16-64,2015,183
50231,Salillas de Jalón,16-64,2016,167
50231,Salillas de Jalón,16-64,2017,175
50231,Salillas de Jalón,16-64,2018,176
50231,Salillas de Jalón,16-64,2019,186
50231,Salillas de Jalón,16-64,2020,190
50231,Salillas de Jalón,16-64,2021,204
50231,Salillas de Jalón,16-64,2022,212
50231,Salillas de Jalón,65-100,2003,135
50231,Salillas de Jalón,65-100,2004,130
50231,Salillas de Jalón,65-100,2005,134
50231,Salillas de Jalón,65-100,2006,127
50231,Salillas de Jalón,65-100,2007,127
50231,Salillas de Jalón,65-100,2008,122
50231,Salillas de Jalón,65-100,2009,119
50231,Salillas de Jalón,65-100,2010,119
50231,Salillas de Jalón,65-100,2011,116
50231,Salillas de Jalón,65-100,2012,115
50231,Salillas de Jalón,65-100,2013,116
50231,Salillas de Jalón,65-100,2014,112
50231,Salillas de Jalón,65-100,2015,115
50231,Salillas de Jalón,65-100,2016,114
50231,Salillas de Jalón,65-100,2017,103
50231,Salillas de Jalón,65-100,2018,99
50231,Salillas de Jalón,65-100,2019,101
50231,Salillas de Jalón,65-100,2020,95
50231,Salillas de Jalón,65-100,2021,92
50231,Salillas de Jalón,65-100,2022,94
50232,Salvatierra de Esca,0-16,2003,38
50232,Salvatierra de Esca,0-16,2004,39
50232,Salvatierra de Esca,0-16,2005,39
50232,Salvatierra de Esca,0-16,2006,39
50232,Salvatierra de Esca,0-16,2007,34
50232,Salvatierra de Esca,0-16,2008,38
50232,Salvatierra de Esca,0-16,2009,39
50232,Salvatierra de Esca,0-16,2010,39
50232,Salvatierra de Esca,0-16,2011,33
50232,Salvatierra de Esca,0-16,2012,27
50232,Salvatierra de Esca,0-16,2013,25
50232,Salvatierra de Esca,0-16,2014,28
50232,Salvatierra de Esca,0-16,2015,31
50232,Salvatierra de Esca,0-16,2016,28
50232,Salvatierra de Esca,0-16,2017,30
50232,Salvatierra de Esca,0-16,2018,27
50232,Salvatierra de Esca,0-16,2019,26
50232,Salvatierra de Esca,0-16,2020,31
50232,Salvatierra de Esca,0-16,2021,31
50232,Salvatierra de Esca,0-16,2022,30
50232,Salvatierra de Esca,16-64,2003,120
50232,Salvatierra de Esca,16-64,2004,123
50232,Salvatierra de Esca,16-64,2005,123
50232,Salvatierra de Esca,16-64,2006,122
50232,Salvatierra de Esca,16-64,2007,122
50232,Salvatierra de Esca,16-64,2008,122
50232,Salvatierra de Esca,16-64,2009,128
50232,Salvatierra de Esca,16-64,2010,124
50232,Salvatierra de Esca,16-64,2011,122
50232,Salvatierra de Esca,16-64,2012,118
50232,Salvatierra de Esca,16-64,2013,119
50232,Salvatierra de Esca,16-64,2014,118
50232,Salvatierra de Esca,16-64,2015,118
50232,Salvatierra de Esca,16-64,2016,115
50232,Salvatierra de Esca,16-64,2017,122
50232,Salvatierra de Esca,16-64,2018,117
50232,Salvatierra de Esca,16-64,2019,124
50232,Salvatierra de Esca,16-64,2020,129
50232,Salvatierra de Esca,16-64,2021,133
50232,Salvatierra de Esca,16-64,2022,119
50232,Salvatierra de Esca,65-100,2003,113
50232,Salvatierra de Esca,65-100,2004,107
50232,Salvatierra de Esca,65-100,2005,98
50232,Salvatierra de Esca,65-100,2006,98
50232,Salvatierra de Esca,65-100,2007,93
50232,Salvatierra de Esca,65-100,2008,88
50232,Salvatierra de Esca,65-100,2009,77
50232,Salvatierra de Esca,65-100,2010,72
50232,Salvatierra de Esca,65-100,2011,71
50232,Salvatierra de Esca,65-100,2012,65
50232,Salvatierra de Esca,65-100,2013,67
50232,Salvatierra de Esca,65-100,2014,65
50232,Salvatierra de Esca,65-100,2015,66
50232,Salvatierra de Esca,65-100,2016,65
50232,Salvatierra de Esca,65-100,2017,60
50232,Salvatierra de Esca,65-100,2018,54
50232,Salvatierra de Esca,65-100,2019,49
50232,Salvatierra de Esca,65-100,2020,47
50232,Salvatierra de Esca,65-100,2021,46
50232,Salvatierra de Esca,65-100,2022,50
50233,Samper del Salz,0-16,2003,8
50233,Samper del Salz,0-16,2004,7
50233,Samper del Salz,0-16,2005,7
50233,Samper del Salz,0-16,2006,3
50233,Samper del Salz,0-16,2007,3
50233,Samper del Salz,0-16,2008,3
50233,Samper del Salz,0-16,2009,5
50233,Samper del Salz,0-16,2010,7
50233,Samper del Salz,0-16,2011,7
50233,Samper del Salz,0-16,2012,7
50233,Samper del Salz,0-16,2013,7
50233,Samper del Salz,0-16,2014,6
50233,Samper del Salz,0-16,2015,4
50233,Samper del Salz,0-16,2016,4
50233,Samper del Salz,0-16,2017,5
50233,Samper del Salz,0-16,2018,7
50233,Samper del Salz,0-16,2019,5
50233,Samper del Salz,0-16,2020,4
50233,Samper del Salz,0-16,2021,6
50233,Samper del Salz,0-16,2022,6
50233,Samper del Salz,16-64,2003,77
50233,Samper del Salz,16-64,2004,76
50233,Samper del Salz,16-64,2005,69
50233,Samper del Salz,16-64,2006,66
50233,Samper del Salz,16-64,2007,61
50233,Samper del Salz,16-64,2008,66
50233,Samper del Salz,16-64,2009,77
50233,Samper del Salz,16-64,2010,80
50233,Samper del Salz,16-64,2011,72
50233,Samper del Salz,16-64,2012,76
50233,Samper del Salz,16-64,2013,62
50233,Samper del Salz,16-64,2014,63
50233,Samper del Salz,16-64,2015,71
50233,Samper del Salz,16-64,2016,65
50233,Samper del Salz,16-64,2017,61
50233,Samper del Salz,16-64,2018,58
50233,Samper del Salz,16-64,2019,63
50233,Samper del Salz,16-64,2020,55
50233,Samper del Salz,16-64,2021,52
50233,Samper del Salz,16-64,2022,48
50233,Samper del Salz,65-100,2003,50
50233,Samper del Salz,65-100,2004,47
50233,Samper del Salz,65-100,2005,48
50233,Samper del Salz,65-100,2006,45
50233,Samper del Salz,65-100,2007,41
50233,Samper del Salz,65-100,2008,38
50233,Samper del Salz,65-100,2009,41
50233,Samper del Salz,65-100,2010,41
50233,Samper del Salz,65-100,2011,40
50233,Samper del Salz,65-100,2012,38
50233,Samper del Salz,65-100,2013,40
50233,Samper del Salz,65-100,2014,37
50233,Samper del Salz,65-100,2015,48
50233,Samper del Salz,65-100,2016,48
50233,Samper del Salz,65-100,2017,46
50233,Samper del Salz,65-100,2018,47
50233,Samper del Salz,65-100,2019,42
50233,Samper del Salz,65-100,2020,41
50233,Samper del Salz,65-100,2021,43
50233,Samper del Salz,65-100,2022,42
50234,San Martín de la Virgen de Moncayo,0-16,2003,29
50234,San Martín de la Virgen de Moncayo,0-16,2004,25
50234,San Martín de la Virgen de Moncayo,0-16,2005,23
50234,San Martín de la Virgen de Moncayo,0-16,2006,22
50234,San Martín de la Virgen de Moncayo,0-16,2007,26
50234,San Martín de la Virgen de Moncayo,0-16,2008,33
50234,San Martín de la Virgen de Moncayo,0-16,2009,34
50234,San Martín de la Virgen de Moncayo,0-16,2010,33
50234,San Martín de la Virgen de Moncayo,0-16,2011,30
50234,San Martín de la Virgen de Moncayo,0-16,2012,38
50234,San Martín de la Virgen de Moncayo,0-16,2013,33
50234,San Martín de la Virgen de Moncayo,0-16,2014,32
50234,San Martín de la Virgen de Moncayo,0-16,2015,30
50234,San Martín de la Virgen de Moncayo,0-16,2016,32
50234,San Martín de la Virgen de Moncayo,0-16,2017,32
50234,San Martín de la Virgen de Moncayo,0-16,2018,33
50234,San Martín de la Virgen de Moncayo,0-16,2019,30
50234,San Martín de la Virgen de Moncayo,0-16,2020,29
50234,San Martín de la Virgen de Moncayo,0-16,2021,35
50234,San Martín de la Virgen de Moncayo,0-16,2022,37
50234,San Martín de la Virgen de Moncayo,16-64,2003,177
50234,San Martín de la Virgen de Moncayo,16-64,2004,184
50234,San Martín de la Virgen de Moncayo,16-64,2005,184
50234,San Martín de la Virgen de Moncayo,16-64,2006,187
50234,San Martín de la Virgen de Moncayo,16-64,2007,181
50234,San Martín de la Virgen de Moncayo,16-64,2008,185
50234,San Martín de la Virgen de Moncayo,16-64,2009,189
50234,San Martín de la Virgen de Moncayo,16-64,2010,184
50234,San Martín de la Virgen de Moncayo,16-64,2011,178
50234,San Martín de la Virgen de Moncayo,16-64,2012,178
50234,San Martín de la Virgen de Moncayo,16-64,2013,175
50234,San Martín de la Virgen de Moncayo,16-64,2014,166
50234,San Martín de la Virgen de Moncayo,16-64,2015,165
50234,San Martín de la Virgen de Moncayo,16-64,2016,172
50234,San Martín de la Virgen de Moncayo,16-64,2017,172
50234,San Martín de la Virgen de Moncayo,16-64,2018,170
50234,San Martín de la Virgen de Moncayo,16-64,2019,163
50234,San Martín de la Virgen de Moncayo,16-64,2020,157
50234,San Martín de la Virgen de Moncayo,16-64,2021,155
50234,San Martín de la Virgen de Moncayo,16-64,2022,159
50234,San Martín de la Virgen de Moncayo,65-100,2003,85
50234,San Martín de la Virgen de Moncayo,65-100,2004,82
50234,San Martín de la Virgen de Moncayo,65-100,2005,83
50234,San Martín de la Virgen de Moncayo,65-100,2006,83
50234,San Martín de la Virgen de Moncayo,65-100,2007,77
50234,San Martín de la Virgen de Moncayo,65-100,2008,74
50234,San Martín de la Virgen de Moncayo,65-100,2009,77
50234,San Martín de la Virgen de Moncayo,65-100,2010,78
50234,San Martín de la Virgen de Moncayo,65-100,2011,77
50234,San Martín de la Virgen de Moncayo,65-100,2012,81
50234,San Martín de la Virgen de Moncayo,65-100,2013,84
50234,San Martín de la Virgen de Moncayo,65-100,2014,83
50234,San Martín de la Virgen de Moncayo,65-100,2015,84
50234,San Martín de la Virgen de Moncayo,65-100,2016,82
50234,San Martín de la Virgen de Moncayo,65-100,2017,83
50234,San Martín de la Virgen de Moncayo,65-100,2018,83
50234,San Martín de la Virgen de Moncayo,65-100,2019,84
50234,San Martín de la Virgen de Moncayo,65-100,2020,84
50234,San Martín de la Virgen de Moncayo,65-100,2021,86
50234,San Martín de la Virgen de Moncayo,65-100,2022,87
50235,San Mateo de Gállego,0-16,2003,323
50235,San Mateo de Gállego,0-16,2004,342
50235,San Mateo de Gállego,0-16,2005,360
50235,San Mateo de Gállego,0-16,2006,404
50235,San Mateo de Gállego,0-16,2007,428
50235,San Mateo de Gállego,0-16,2008,475
50235,San Mateo de Gállego,0-16,2009,492
50235,San Mateo de Gállego,0-16,2010,514
50235,San Mateo de Gállego,0-16,2011,513
50235,San Mateo de Gállego,0-16,2012,535
50235,San Mateo de Gállego,0-16,2013,548
50235,San Mateo de Gállego,0-16,2014,525
50235,San Mateo de Gállego,0-16,2015,513
50235,San Mateo de Gállego,0-16,2016,500
50235,San Mateo de Gállego,0-16,2017,507
50235,San Mateo de Gállego,0-16,2018,526
50235,San Mateo de Gállego,0-16,2019,548
50235,San Mateo de Gállego,0-16,2020,542
50235,San Mateo de Gállego,0-16,2021,549
50235,San Mateo de Gállego,0-16,2022,548
50235,San Mateo de Gállego,16-64,2003,1493
50235,San Mateo de Gállego,16-64,2004,1571
50235,San Mateo de Gállego,16-64,2005,1614
50235,San Mateo de Gállego,16-64,2006,1722
50235,San Mateo de Gállego,16-64,2007,1797
50235,San Mateo de Gállego,16-64,2008,1920
50235,San Mateo de Gállego,16-64,2009,2017
50235,San Mateo de Gállego,16-64,2010,2064
50235,San Mateo de Gállego,16-64,2011,2097
50235,San Mateo de Gállego,16-64,2012,2083
50235,San Mateo de Gállego,16-64,2013,2079
50235,San Mateo de Gállego,16-64,2014,1999
50235,San Mateo de Gállego,16-64,2015,1964
50235,San Mateo de Gállego,16-64,2016,1972
50235,San Mateo de Gállego,16-64,2017,1979
50235,San Mateo de Gállego,16-64,2018,2015
50235,San Mateo de Gállego,16-64,2019,2082
50235,San Mateo de Gállego,16-64,2020,2121
50235,San Mateo de Gállego,16-64,2021,2250
50235,San Mateo de Gállego,16-64,2022,2261
50235,San Mateo de Gállego,65-100,2003,474
50235,San Mateo de Gállego,65-100,2004,468
50235,San Mateo de Gállego,65-100,2005,473
50235,San Mateo de Gállego,65-100,2006,478
50235,San Mateo de Gállego,65-100,2007,483
50235,San Mateo de Gállego,65-100,2008,500
50235,San Mateo de Gállego,65-100,2009,500
50235,San Mateo de Gállego,65-100,2010,501
50235,San Mateo de Gállego,65-100,2011,527
50235,San Mateo de Gállego,65-100,2012,540
50235,San Mateo de Gállego,65-100,2013,563
50235,San Mateo de Gállego,65-100,2014,569
50235,San Mateo de Gállego,65-100,2015,574
50235,San Mateo de Gállego,65-100,2016,588
50235,San Mateo de Gállego,65-100,2017,591
50235,San Mateo de Gállego,65-100,2018,593
50235,San Mateo de Gállego,65-100,2019,604
50235,San Mateo de Gállego,65-100,2020,606
50235,San Mateo de Gállego,65-100,2021,616
50235,San Mateo de Gállego,65-100,2022,643
50236,Santa Cruz de Grío,0-16,2003,25
50236,Santa Cruz de Grío,0-16,2004,24
50236,Santa Cruz de Grío,0-16,2005,17
50236,Santa Cruz de Grío,0-16,2006,15
50236,Santa Cruz de Grío,0-16,2007,11
50236,Santa Cruz de Grío,0-16,2008,9
50236,Santa Cruz de Grío,0-16,2009,8
50236,Santa Cruz de Grío,0-16,2010,8
50236,Santa Cruz de Grío,0-16,2011,11
50236,Santa Cruz de Grío,0-16,2012,7
50236,Santa Cruz de Grío,0-16,2013,6
50236,Santa Cruz de Grío,0-16,2014,6
50236,Santa Cruz de Grío,0-16,2015,4
50236,Santa Cruz de Grío,0-16,2016,4
50236,Santa Cruz de Grío,0-16,2017,4
50236,Santa Cruz de Grío,0-16,2018,3
50236,Santa Cruz de Grío,0-16,2019,4
50236,Santa Cruz de Grío,0-16,2020,3
50236,Santa Cruz de Grío,0-16,2021,3
50236,Santa Cruz de Grío,0-16,2022,4
50236,Santa Cruz de Grío,16-64,2003,98
50236,Santa Cruz de Grío,16-64,2004,99
50236,Santa Cruz de Grío,16-64,2005,98
50236,Santa Cruz de Grío,16-64,2006,93
50236,Santa Cruz de Grío,16-64,2007,103
50236,Santa Cruz de Grío,16-64,2008,100
50236,Santa Cruz de Grío,16-64,2009,104
50236,Santa Cruz de Grío,16-64,2010,86
50236,Santa Cruz de Grío,16-64,2011,83
50236,Santa Cruz de Grío,16-64,2012,78
50236,Santa Cruz de Grío,16-64,2013,73
50236,Santa Cruz de Grío,16-64,2014,71
50236,Santa Cruz de Grío,16-64,2015,78
50236,Santa Cruz de Grío,16-64,2016,69
50236,Santa Cruz de Grío,16-64,2017,68
50236,Santa Cruz de Grío,16-64,2018,61
50236,Santa Cruz de Grío,16-64,2019,65
50236,Santa Cruz de Grío,16-64,2020,59
50236,Santa Cruz de Grío,16-64,2021,58
50236,Santa Cruz de Grío,16-64,2022,53
50236,Santa Cruz de Grío,65-100,2003,93
50236,Santa Cruz de Grío,65-100,2004,91
50236,Santa Cruz de Grío,65-100,2005,82
50236,Santa Cruz de Grío,65-100,2006,82
50236,Santa Cruz de Grío,65-100,2007,80
50236,Santa Cruz de Grío,65-100,2008,77
50236,Santa Cruz de Grío,65-100,2009,70
50236,Santa Cruz de Grío,65-100,2010,70
50236,Santa Cruz de Grío,65-100,2011,67
50236,Santa Cruz de Grío,65-100,2012,63
50236,Santa Cruz de Grío,65-100,2013,57
50236,Santa Cruz de Grío,65-100,2014,56
50236,Santa Cruz de Grío,65-100,2015,53
50236,Santa Cruz de Grío,65-100,2016,50
50236,Santa Cruz de Grío,65-100,2017,46
50236,Santa Cruz de Grío,65-100,2018,44
50236,Santa Cruz de Grío,65-100,2019,47
50236,Santa Cruz de Grío,65-100,2020,43
50236,Santa Cruz de Grío,65-100,2021,41
50236,Santa Cruz de Grío,65-100,2022,37
50237,Santa Cruz de Moncayo,0-16,2003,14
50237,Santa Cruz de Moncayo,0-16,2004,14
50237,Santa Cruz de Moncayo,0-16,2005,13
50237,Santa Cruz de Moncayo,0-16,2006,14
50237,Santa Cruz de Moncayo,0-16,2007,18
50237,Santa Cruz de Moncayo,0-16,2008,20
50237,Santa Cruz de Moncayo,0-16,2009,20
50237,Santa Cruz de Moncayo,0-16,2010,15
50237,Santa Cruz de Moncayo,0-16,2011,18
50237,Santa Cruz de Moncayo,0-16,2012,20
50237,Santa Cruz de Moncayo,0-16,2013,26
50237,Santa Cruz de Moncayo,0-16,2014,23
50237,Santa Cruz de Moncayo,0-16,2015,25
50237,Santa Cruz de Moncayo,0-16,2016,22
50237,Santa Cruz de Moncayo,0-16,2017,18
50237,Santa Cruz de Moncayo,0-16,2018,23
50237,Santa Cruz de Moncayo,0-16,2019,24
50237,Santa Cruz de Moncayo,0-16,2020,18
50237,Santa Cruz de Moncayo,0-16,2021,21
50237,Santa Cruz de Moncayo,0-16,2022,16
50237,Santa Cruz de Moncayo,16-64,2003,71
50237,Santa Cruz de Moncayo,16-64,2004,63
50237,Santa Cruz de Moncayo,16-64,2005,67
50237,Santa Cruz de Moncayo,16-64,2006,59
50237,Santa Cruz de Moncayo,16-64,2007,68
50237,Santa Cruz de Moncayo,16-64,2008,79
50237,Santa Cruz de Moncayo,16-64,2009,80
50237,Santa Cruz de Moncayo,16-64,2010,83
50237,Santa Cruz de Moncayo,16-64,2011,87
50237,Santa Cruz de Moncayo,16-64,2012,88
50237,Santa Cruz de Moncayo,16-64,2013,92
50237,Santa Cruz de Moncayo,16-64,2014,89
50237,Santa Cruz de Moncayo,16-64,2015,82
50237,Santa Cruz de Moncayo,16-64,2016,74
50237,Santa Cruz de Moncayo,16-64,2017,74
50237,Santa Cruz de Moncayo,16-64,2018,75
50237,Santa Cruz de Moncayo,16-64,2019,80
50237,Santa Cruz de Moncayo,16-64,2020,80
50237,Santa Cruz de Moncayo,16-64,2021,85
50237,Santa Cruz de Moncayo,16-64,2022,78
50237,Santa Cruz de Moncayo,65-100,2003,42
50237,Santa Cruz de Moncayo,65-100,2004,41
50237,Santa Cruz de Moncayo,65-100,2005,40
50237,Santa Cruz de Moncayo,65-100,2006,36
50237,Santa Cruz de Moncayo,65-100,2007,39
50237,Santa Cruz de Moncayo,65-100,2008,36
50237,Santa Cruz de Moncayo,65-100,2009,31
50237,Santa Cruz de Moncayo,65-100,2010,28
50237,Santa Cruz de Moncayo,65-100,2011,25
50237,Santa Cruz de Moncayo,65-100,2012,25
50237,Santa Cruz de Moncayo,65-100,2013,25
50237,Santa Cruz de Moncayo,65-100,2014,25
50237,Santa Cruz de Moncayo,65-100,2015,29
50237,Santa Cruz de Moncayo,65-100,2016,34
50237,Santa Cruz de Moncayo,65-100,2017,29
50237,Santa Cruz de Moncayo,65-100,2018,27
50237,Santa Cruz de Moncayo,65-100,2019,26
50237,Santa Cruz de Moncayo,65-100,2020,25
50237,Santa Cruz de Moncayo,65-100,2021,28
50237,Santa Cruz de Moncayo,65-100,2022,31
50238,Santa Eulalia de Gállego,0-16,2003,7
50238,Santa Eulalia de Gállego,0-16,2004,7
50238,Santa Eulalia de Gállego,0-16,2005,7
50238,Santa Eulalia de Gállego,0-16,2006,7
50238,Santa Eulalia de Gállego,0-16,2007,7
50238,Santa Eulalia de Gállego,0-16,2008,6
50238,Santa Eulalia de Gállego,0-16,2009,6
50238,Santa Eulalia de Gállego,0-16,2010,5
50238,Santa Eulalia de Gállego,0-16,2011,3
50238,Santa Eulalia de Gállego,0-16,2012,3
50238,Santa Eulalia de Gállego,0-16,2013,4
50238,Santa Eulalia de Gállego,0-16,2014,4
50238,Santa Eulalia de Gállego,0-16,2015,5
50238,Santa Eulalia de Gállego,0-16,2016,4
50238,Santa Eulalia de Gállego,0-16,2017,5
50238,Santa Eulalia de Gállego,0-16,2018,3
50238,Santa Eulalia de Gállego,0-16,2019,3
50238,Santa Eulalia de Gállego,0-16,2020,5
50238,Santa Eulalia de Gállego,0-16,2021,5
50238,Santa Eulalia de Gállego,0-16,2022,7
50238,Santa Eulalia de Gállego,16-64,2003,73
50238,Santa Eulalia de Gállego,16-64,2004,70
50238,Santa Eulalia de Gállego,16-64,2005,67
50238,Santa Eulalia de Gállego,16-64,2006,64
50238,Santa Eulalia de Gállego,16-64,2007,72
50238,Santa Eulalia de Gállego,16-64,2008,74
50238,Santa Eulalia de Gállego,16-64,2009,67
50238,Santa Eulalia de Gállego,16-64,2010,73
50238,Santa Eulalia de Gállego,16-64,2011,78
50238,Santa Eulalia de Gállego,16-64,2012,74
50238,Santa Eulalia de Gállego,16-64,2013,72
50238,Santa Eulalia de Gállego,16-64,2014,78
50238,Santa Eulalia de Gállego,16-64,2015,68
50238,Santa Eulalia de Gállego,16-64,2016,66
50238,Santa Eulalia de Gállego,16-64,2017,67
50238,Santa Eulalia de Gállego,16-64,2018,66
50238,Santa Eulalia de Gállego,16-64,2019,63
50238,Santa Eulalia de Gállego,16-64,2020,62
50238,Santa Eulalia de Gállego,16-64,2021,68
50238,Santa Eulalia de Gállego,16-64,2022,63
50238,Santa Eulalia de Gállego,65-100,2003,55
50238,Santa Eulalia de Gállego,65-100,2004,57
50238,Santa Eulalia de Gállego,65-100,2005,55
50238,Santa Eulalia de Gállego,65-100,2006,49
50238,Santa Eulalia de Gállego,65-100,2007,50
50238,Santa Eulalia de Gállego,65-100,2008,46
50238,Santa Eulalia de Gállego,65-100,2009,46
50238,Santa Eulalia de Gállego,65-100,2010,47
50238,Santa Eulalia de Gállego,65-100,2011,49
50238,Santa Eulalia de Gállego,65-100,2012,47
50238,Santa Eulalia de Gállego,65-100,2013,47
50238,Santa Eulalia de Gállego,65-100,2014,45
50238,Santa Eulalia de Gállego,65-100,2015,37
50238,Santa Eulalia de Gállego,65-100,2016,32
50238,Santa Eulalia de Gállego,65-100,2017,27
50238,Santa Eulalia de Gállego,65-100,2018,29
50238,Santa Eulalia de Gállego,65-100,2019,29
50238,Santa Eulalia de Gállego,65-100,2020,30
50238,Santa Eulalia de Gállego,65-100,2021,30
50238,Santa Eulalia de Gállego,65-100,2022,32
50239,Santed,0-16,2003,2
50239,Santed,0-16,2004,2
50239,Santed,0-16,2005,2
50239,Santed,0-16,2006,0
50239,Santed,0-16,2007,0
50239,Santed,0-16,2008,0
50239,Santed,0-16,2009,0
50239,Santed,0-16,2010,0
50239,Santed,0-16,2011,0
50239,Santed,0-16,2012,0
50239,Santed,0-16,2013,1
50239,Santed,0-16,2014,3
50239,Santed,0-16,2015,3
50239,Santed,0-16,2016,0
50239,Santed,0-16,2017,0
50239,Santed,0-16,2018,0
50239,Santed,0-16,2019,0
50239,Santed,0-16,2020,1
50239,Santed,0-16,2021,1
50239,Santed,0-16,2022,1
50239,Santed,16-64,2003,45
50239,Santed,16-64,2004,44
50239,Santed,16-64,2005,44
50239,Santed,16-64,2006,41
50239,Santed,16-64,2007,41
50239,Santed,16-64,2008,39
50239,Santed,16-64,2009,39
50239,Santed,16-64,2010,37
50239,Santed,16-64,2011,42
50239,Santed,16-64,2012,41
50239,Santed,16-64,2013,38
50239,Santed,16-64,2014,38
50239,Santed,16-64,2015,38
50239,Santed,16-64,2016,38
50239,Santed,16-64,2017,38
50239,Santed,16-64,2018,36
50239,Santed,16-64,2019,35
50239,Santed,16-64,2020,36
50239,Santed,16-64,2021,34
50239,Santed,16-64,2022,37
50239,Santed,65-100,2003,29
50239,Santed,65-100,2004,29
50239,Santed,65-100,2005,30
50239,Santed,65-100,2006,28
50239,Santed,65-100,2007,26
50239,Santed,65-100,2008,24
50239,Santed,65-100,2009,22
50239,Santed,65-100,2010,24
50239,Santed,65-100,2011,25
50239,Santed,65-100,2012,24
50239,Santed,65-100,2013,27
50239,Santed,65-100,2014,25
50239,Santed,65-100,2015,25
50239,Santed,65-100,2016,24
50239,Santed,65-100,2017,25
50239,Santed,65-100,2018,25
50239,Santed,65-100,2019,28
50239,Santed,65-100,2020,27
50239,Santed,65-100,2021,29
50239,Santed,65-100,2022,28
50240,Sástago,0-16,2003,96
50240,Sástago,0-16,2004,89
50240,Sástago,0-16,2005,82
50240,Sástago,0-16,2006,72
50240,Sástago,0-16,2007,58
50240,Sástago,0-16,2008,51
50240,Sástago,0-16,2009,44
50240,Sástago,0-16,2010,102
50240,Sástago,0-16,2011,111
50240,Sástago,0-16,2012,107
50240,Sástago,0-16,2013,96
50240,Sástago,0-16,2014,113
50240,Sástago,0-16,2015,120
50240,Sástago,0-16,2016,119
50240,Sástago,0-16,2017,114
50240,Sástago,0-16,2018,122
50240,Sástago,0-16,2019,117
50240,Sástago,0-16,2020,112
50240,Sástago,0-16,2021,129
50240,Sástago,0-16,2022,130
50240,Sástago,16-64,2003,767
50240,Sástago,16-64,2004,746
50240,Sástago,16-64,2005,735
50240,Sástago,16-64,2006,705
50240,Sástago,16-64,2007,690
50240,Sástago,16-64,2008,660
50240,Sástago,16-64,2009,636
50240,Sástago,16-64,2010,719
50240,Sástago,16-64,2011,715
50240,Sástago,16-64,2012,695
50240,Sástago,16-64,2013,690
50240,Sástago,16-64,2014,668
50240,Sástago,16-64,2015,660
50240,Sástago,16-64,2016,634
50240,Sástago,16-64,2017,626
50240,Sástago,16-64,2018,620
50240,Sástago,16-64,2019,614
50240,Sástago,16-64,2020,613
50240,Sástago,16-64,2021,614
50240,Sástago,16-64,2022,599
50240,Sástago,65-100,2003,462
50240,Sástago,65-100,2004,472
50240,Sástago,65-100,2005,471
50240,Sástago,65-100,2006,472
50240,Sástago,65-100,2007,431
50240,Sástago,65-100,2008,427
50240,Sástago,65-100,2009,435
50240,Sástago,65-100,2010,439
50240,Sástago,65-100,2011,468
50240,Sástago,65-100,2012,464
50240,Sástago,65-100,2013,463
50240,Sástago,65-100,2014,440
50240,Sástago,65-100,2015,437
50240,Sástago,65-100,2016,430
50240,Sástago,65-100,2017,435
50240,Sástago,65-100,2018,428
50240,Sástago,65-100,2019,423
50240,Sástago,65-100,2020,394
50240,Sástago,65-100,2021,379
50240,Sástago,65-100,2022,364
50242,Sediles,0-16,2003,9
50242,Sediles,0-16,2004,7
50242,Sediles,0-16,2005,7
50242,Sediles,0-16,2006,6
50242,Sediles,0-16,2007,8
50242,Sediles,0-16,2008,8
50242,Sediles,0-16,2009,6
50242,Sediles,0-16,2010,7
50242,Sediles,0-16,2011,7
50242,Sediles,0-16,2012,7
50242,Sediles,0-16,2013,10
50242,Sediles,0-16,2014,10
50242,Sediles,0-16,2015,9
50242,Sediles,0-16,2016,7
50242,Sediles,0-16,2017,8
50242,Sediles,0-16,2018,8
50242,Sediles,0-16,2019,9
50242,Sediles,0-16,2020,10
50242,Sediles,0-16,2021,9
50242,Sediles,0-16,2022,8
50242,Sediles,16-64,2003,57
50242,Sediles,16-64,2004,48
50242,Sediles,16-64,2005,46
50242,Sediles,16-64,2006,43
50242,Sediles,16-64,2007,53
50242,Sediles,16-64,2008,53
50242,Sediles,16-64,2009,64
50242,Sediles,16-64,2010,69
50242,Sediles,16-64,2011,70
50242,Sediles,16-64,2012,62
50242,Sediles,16-64,2013,55
50242,Sediles,16-64,2014,56
50242,Sediles,16-64,2015,51
50242,Sediles,16-64,2016,47
50242,Sediles,16-64,2017,46
50242,Sediles,16-64,2018,44
50242,Sediles,16-64,2019,50
50242,Sediles,16-64,2020,54
50242,Sediles,16-64,2021,54
50242,Sediles,16-64,2022,54
50242,Sediles,65-100,2003,34
50242,Sediles,65-100,2004,38
50242,Sediles,65-100,2005,38
50242,Sediles,65-100,2006,38
50242,Sediles,65-100,2007,39
50242,Sediles,65-100,2008,40
50242,Sediles,65-100,2009,39
50242,Sediles,65-100,2010,36
50242,Sediles,65-100,2011,38
50242,Sediles,65-100,2012,37
50242,Sediles,65-100,2013,43
50242,Sediles,65-100,2014,44
50242,Sediles,65-100,2015,45
50242,Sediles,65-100,2016,48
50242,Sediles,65-100,2017,46
50242,Sediles,65-100,2018,43
50242,Sediles,65-100,2019,43
50242,Sediles,65-100,2020,44
50242,Sediles,65-100,2021,45
50242,Sediles,65-100,2022,44
50243,Sestrica,0-16,2003,48
50243,Sestrica,0-16,2004,52
50243,Sestrica,0-16,2005,46
50243,Sestrica,0-16,2006,45
50243,Sestrica,0-16,2007,39
50243,Sestrica,0-16,2008,40
50243,Sestrica,0-16,2009,35
50243,Sestrica,0-16,2010,28
50243,Sestrica,0-16,2011,26
50243,Sestrica,0-16,2012,26
50243,Sestrica,0-16,2013,31
50243,Sestrica,0-16,2014,29
50243,Sestrica,0-16,2015,25
50243,Sestrica,0-16,2016,23
50243,Sestrica,0-16,2017,23
50243,Sestrica,0-16,2018,19
50243,Sestrica,0-16,2019,16
50243,Sestrica,0-16,2020,13
50243,Sestrica,0-16,2021,12
50243,Sestrica,0-16,2022,14
50243,Sestrica,16-64,2003,260
50243,Sestrica,16-64,2004,259
50243,Sestrica,16-64,2005,247
50243,Sestrica,16-64,2006,248
50243,Sestrica,16-64,2007,234
50243,Sestrica,16-64,2008,209
50243,Sestrica,16-64,2009,212
50243,Sestrica,16-64,2010,226
50243,Sestrica,16-64,2011,227
50243,Sestrica,16-64,2012,215
50243,Sestrica,16-64,2013,217
50243,Sestrica,16-64,2014,232
50243,Sestrica,16-64,2015,233
50243,Sestrica,16-64,2016,235
50243,Sestrica,16-64,2017,236
50243,Sestrica,16-64,2018,222
50243,Sestrica,16-64,2019,212
50243,Sestrica,16-64,2020,215
50243,Sestrica,16-64,2021,213
50243,Sestrica,16-64,2022,220
50243,Sestrica,65-100,2003,144
50243,Sestrica,65-100,2004,149
50243,Sestrica,65-100,2005,154
50243,Sestrica,65-100,2006,153
50243,Sestrica,65-100,2007,152
50243,Sestrica,65-100,2008,156
50243,Sestrica,65-100,2009,159
50243,Sestrica,65-100,2010,148
50243,Sestrica,65-100,2011,148
50243,Sestrica,65-100,2012,149
50243,Sestrica,65-100,2013,152
50243,Sestrica,65-100,2014,152
50243,Sestrica,65-100,2015,144
50243,Sestrica,65-100,2016,133
50243,Sestrica,65-100,2017,128
50243,Sestrica,65-100,2018,129
50243,Sestrica,65-100,2019,124
50243,Sestrica,65-100,2020,116
50243,Sestrica,65-100,2021,113
50243,Sestrica,65-100,2022,115
50244,Sierra de Luna,0-16,2003,16
50244,Sierra de Luna,0-16,2004,25
50244,Sierra de Luna,0-16,2005,25
50244,Sierra de Luna,0-16,2006,34
50244,Sierra de Luna,0-16,2007,44
50244,Sierra de Luna,0-16,2008,39
50244,Sierra de Luna,0-16,2009,41
50244,Sierra de Luna,0-16,2010,38
50244,Sierra de Luna,0-16,2011,34
50244,Sierra de Luna,0-16,2012,31
50244,Sierra de Luna,0-16,2013,20
50244,Sierra de Luna,0-16,2014,24
50244,Sierra de Luna,0-16,2015,22
50244,Sierra de Luna,0-16,2016,18
50244,Sierra de Luna,0-16,2017,16
50244,Sierra de Luna,0-16,2018,19
50244,Sierra de Luna,0-16,2019,26
50244,Sierra de Luna,0-16,2020,26
50244,Sierra de Luna,0-16,2021,34
50244,Sierra de Luna,0-16,2022,38
50244,Sierra de Luna,16-64,2003,130
50244,Sierra de Luna,16-64,2004,141
50244,Sierra de Luna,16-64,2005,150
50244,Sierra de Luna,16-64,2006,158
50244,Sierra de Luna,16-64,2007,159
50244,Sierra de Luna,16-64,2008,166
50244,Sierra de Luna,16-64,2009,168
50244,Sierra de Luna,16-64,2010,167
50244,Sierra de Luna,16-64,2011,173
50244,Sierra de Luna,16-64,2012,160
50244,Sierra de Luna,16-64,2013,145
50244,Sierra de Luna,16-64,2014,150
50244,Sierra de Luna,16-64,2015,144
50244,Sierra de Luna,16-64,2016,148
50244,Sierra de Luna,16-64,2017,142
50244,Sierra de Luna,16-64,2018,148
50244,Sierra de Luna,16-64,2019,162
50244,Sierra de Luna,16-64,2020,165
50244,Sierra de Luna,16-64,2021,173
50244,Sierra de Luna,16-64,2022,166
50244,Sierra de Luna,65-100,2003,104
50244,Sierra de Luna,65-100,2004,103
50244,Sierra de Luna,65-100,2005,102
50244,Sierra de Luna,65-100,2006,104
50244,Sierra de Luna,65-100,2007,106
50244,Sierra de Luna,65-100,2008,108
50244,Sierra de Luna,65-100,2009,102
50244,Sierra de Luna,65-100,2010,103
50244,Sierra de Luna,65-100,2011,103
50244,Sierra de Luna,65-100,2012,100
50244,Sierra de Luna,65-100,2013,97
50244,Sierra de Luna,65-100,2014,99
50244,Sierra de Luna,65-100,2015,101
50244,Sierra de Luna,65-100,2016,96
50244,Sierra de Luna,65-100,2017,92
50244,Sierra de Luna,65-100,2018,86
50244,Sierra de Luna,65-100,2019,80
50244,Sierra de Luna,65-100,2020,79
50244,Sierra de Luna,65-100,2021,78
50244,Sierra de Luna,65-100,2022,77
50245,Sigüés,0-16,2003,5
50245,Sigüés,0-16,2004,5
50245,Sigüés,0-16,2005,6
50245,Sigüés,0-16,2006,3
50245,Sigüés,0-16,2007,3
50245,Sigüés,0-16,2008,3
50245,Sigüés,0-16,2009,5
50245,Sigüés,0-16,2010,5
50245,Sigüés,0-16,2011,5
50245,Sigüés,0-16,2012,5
50245,Sigüés,0-16,2013,6
50245,Sigüés,0-16,2014,6
50245,Sigüés,0-16,2015,6
50245,Sigüés,0-16,2016,6
50245,Sigüés,0-16,2017,7
50245,Sigüés,0-16,2018,8
50245,Sigüés,0-16,2019,7
50245,Sigüés,0-16,2020,6
50245,Sigüés,0-16,2021,6
50245,Sigüés,0-16,2022,6
50245,Sigüés,16-64,2003,85
50245,Sigüés,16-64,2004,84
50245,Sigüés,16-64,2005,87
50245,Sigüés,16-64,2006,79
50245,Sigüés,16-64,2007,76
50245,Sigüés,16-64,2008,73
50245,Sigüés,16-64,2009,75
50245,Sigüés,16-64,2010,69
50245,Sigüés,16-64,2011,69
50245,Sigüés,16-64,2012,63
50245,Sigüés,16-64,2013,58
50245,Sigüés,16-64,2014,52
50245,Sigüés,16-64,2015,50
50245,Sigüés,16-64,2016,45
50245,Sigüés,16-64,2017,42
50245,Sigüés,16-64,2018,39
50245,Sigüés,16-64,2019,39
50245,Sigüés,16-64,2020,39
50245,Sigüés,16-64,2021,39
50245,Sigüés,16-64,2022,38
50245,Sigüés,65-100,2003,84
50245,Sigüés,65-100,2004,83
50245,Sigüés,65-100,2005,74
50245,Sigüés,65-100,2006,72
50245,Sigüés,65-100,2007,68
50245,Sigüés,65-100,2008,62
50245,Sigüés,65-100,2009,57
50245,Sigüés,65-100,2010,58
50245,Sigüés,65-100,2011,57
50245,Sigüés,65-100,2012,53
50245,Sigüés,65-100,2013,49
50245,Sigüés,65-100,2014,47
50245,Sigüés,65-100,2015,47
50245,Sigüés,65-100,2016,42
50245,Sigüés,65-100,2017,45
50245,Sigüés,65-100,2018,41
50245,Sigüés,65-100,2019,37
50245,Sigüés,65-100,2020,34
50245,Sigüés,65-100,2021,34
50245,Sigüés,65-100,2022,29
50246,Sisamón,0-16,2003,2
50246,Sisamón,0-16,2004,2
50246,Sisamón,0-16,2005,2
50246,Sisamón,0-16,2006,2
50246,Sisamón,0-16,2007,2
50246,Sisamón,0-16,2008,1
50246,Sisamón,0-16,2009,1
50246,Sisamón,0-16,2010,1
50246,Sisamón,0-16,2011,0
50246,Sisamón,0-16,2012,0
50246,Sisamón,0-16,2013,0
50246,Sisamón,0-16,2014,0
50246,Sisamón,0-16,2015,0
50246,Sisamón,0-16,2016,0
50246,Sisamón,0-16,2017,0
50246,Sisamón,0-16,2018,0
50246,Sisamón,0-16,2019,0
50246,Sisamón,0-16,2020,0
50246,Sisamón,0-16,2021,0
50246,Sisamón,0-16,2022,0
50246,Sisamón,16-64,2003,28
50246,Sisamón,16-64,2004,27
50246,Sisamón,16-64,2005,25
50246,Sisamón,16-64,2006,24
50246,Sisamón,16-64,2007,24
50246,Sisamón,16-64,2008,25
50246,Sisamón,16-64,2009,23
50246,Sisamón,16-64,2010,22
50246,Sisamón,16-64,2011,18
50246,Sisamón,16-64,2012,17
50246,Sisamón,16-64,2013,17
50246,Sisamón,16-64,2014,17
50246,Sisamón,16-64,2015,17
50246,Sisamón,16-64,2016,17
50246,Sisamón,16-64,2017,17
50246,Sisamón,16-64,2018,17
50246,Sisamón,16-64,2019,16
50246,Sisamón,16-64,2020,22
50246,Sisamón,16-64,2021,21
50246,Sisamón,16-64,2022,30
50246,Sisamón,65-100,2003,35
50246,Sisamón,65-100,2004,31
50246,Sisamón,65-100,2005,29
50246,Sisamón,65-100,2006,28
50246,Sisamón,65-100,2007,27
50246,Sisamón,65-100,2008,26
50246,Sisamón,65-100,2009,27
50246,Sisamón,65-100,2010,27
50246,Sisamón,65-100,2011,25
50246,Sisamón,65-100,2012,23
50246,Sisamón,65-100,2013,22
50246,Sisamón,65-100,2014,21
50246,Sisamón,65-100,2015,19
50246,Sisamón,65-100,2016,18
50246,Sisamón,65-100,2017,16
50246,Sisamón,65-100,2018,14
50246,Sisamón,65-100,2019,13
50246,Sisamón,65-100,2020,13
50246,Sisamón,65-100,2021,12
50246,Sisamón,65-100,2022,15
50247,Sobradiel,0-16,2003,96
50247,Sobradiel,0-16,2004,103
50247,Sobradiel,0-16,2005,118
50247,Sobradiel,0-16,2006,117
50247,Sobradiel,0-16,2007,119
50247,Sobradiel,0-16,2008,128
50247,Sobradiel,0-16,2009,142
50247,Sobradiel,0-16,2010,149
50247,Sobradiel,0-16,2011,150
50247,Sobradiel,0-16,2012,172
50247,Sobradiel,0-16,2013,185
50247,Sobradiel,0-16,2014,204
50247,Sobradiel,0-16,2015,206
50247,Sobradiel,0-16,2016,205
50247,Sobradiel,0-16,2017,198
50247,Sobradiel,0-16,2018,202
50247,Sobradiel,0-16,2019,200
50247,Sobradiel,0-16,2020,220
50247,Sobradiel,0-16,2021,218
50247,Sobradiel,0-16,2022,209
50247,Sobradiel,16-64,2003,479
50247,Sobradiel,16-64,2004,498
50247,Sobradiel,16-64,2005,542
50247,Sobradiel,16-64,2006,560
50247,Sobradiel,16-64,2007,593
50247,Sobradiel,16-64,2008,639
50247,Sobradiel,16-64,2009,622
50247,Sobradiel,16-64,2010,646
50247,Sobradiel,16-64,2011,626
50247,Sobradiel,16-64,2012,651
50247,Sobradiel,16-64,2013,664
50247,Sobradiel,16-64,2014,673
50247,Sobradiel,16-64,2015,666
50247,Sobradiel,16-64,2016,664
50247,Sobradiel,16-64,2017,665
50247,Sobradiel,16-64,2018,677
50247,Sobradiel,16-64,2019,686
50247,Sobradiel,16-64,2020,704
50247,Sobradiel,16-64,2021,715
50247,Sobradiel,16-64,2022,711
50247,Sobradiel,65-100,2003,180
50247,Sobradiel,65-100,2004,151
50247,Sobradiel,65-100,2005,153
50247,Sobradiel,65-100,2006,174
50247,Sobradiel,65-100,2007,191
50247,Sobradiel,65-100,2008,198
50247,Sobradiel,65-100,2009,203
50247,Sobradiel,65-100,2010,204
50247,Sobradiel,65-100,2011,203
50247,Sobradiel,65-100,2012,206
50247,Sobradiel,65-100,2013,205
50247,Sobradiel,65-100,2014,206
50247,Sobradiel,65-100,2015,205
50247,Sobradiel,65-100,2016,210
50247,Sobradiel,65-100,2017,211
50247,Sobradiel,65-100,2018,210
50247,Sobradiel,65-100,2019,210
50247,Sobradiel,65-100,2020,212
50247,Sobradiel,65-100,2021,217
50247,Sobradiel,65-100,2022,223
50248,Sos del Rey Católico,0-16,2003,73
50248,Sos del Rey Católico,0-16,2004,74
50248,Sos del Rey Católico,0-16,2005,77
50248,Sos del Rey Católico,0-16,2006,74
50248,Sos del Rey Católico,0-16,2007,74
50248,Sos del Rey Católico,0-16,2008,65
50248,Sos del Rey Católico,0-16,2009,66
50248,Sos del Rey Católico,0-16,2010,60
50248,Sos del Rey Católico,0-16,2011,60
50248,Sos del Rey Católico,0-16,2012,58
50248,Sos del Rey Católico,0-16,2013,59
50248,Sos del Rey Católico,0-16,2014,64
50248,Sos del Rey Católico,0-16,2015,61
50248,Sos del Rey Católico,0-16,2016,54
50248,Sos del Rey Católico,0-16,2017,51
50248,Sos del Rey Católico,0-16,2018,52
50248,Sos del Rey Católico,0-16,2019,54
50248,Sos del Rey Católico,0-16,2020,42
50248,Sos del Rey Católico,0-16,2021,49
50248,Sos del Rey Católico,0-16,2022,46
50248,Sos del Rey Católico,16-64,2003,454
50248,Sos del Rey Católico,16-64,2004,449
50248,Sos del Rey Católico,16-64,2005,436
50248,Sos del Rey Católico,16-64,2006,431
50248,Sos del Rey Católico,16-64,2007,426
50248,Sos del Rey Católico,16-64,2008,438
50248,Sos del Rey Católico,16-64,2009,428
50248,Sos del Rey Católico,16-64,2010,408
50248,Sos del Rey Católico,16-64,2011,412
50248,Sos del Rey Católico,16-64,2012,395
50248,Sos del Rey Católico,16-64,2013,386
50248,Sos del Rey Católico,16-64,2014,381
50248,Sos del Rey Católico,16-64,2015,362
50248,Sos del Rey Católico,16-64,2016,354
50248,Sos del Rey Católico,16-64,2017,345
50248,Sos del Rey Católico,16-64,2018,333
50248,Sos del Rey Católico,16-64,2019,334
50248,Sos del Rey Católico,16-64,2020,322
50248,Sos del Rey Católico,16-64,2021,325
50248,Sos del Rey Católico,16-64,2022,314
50248,Sos del Rey Católico,65-100,2003,216
50248,Sos del Rey Católico,65-100,2004,217
50248,Sos del Rey Católico,65-100,2005,209
50248,Sos del Rey Católico,65-100,2006,211
50248,Sos del Rey Católico,65-100,2007,212
50248,Sos del Rey Católico,65-100,2008,204
50248,Sos del Rey Católico,65-100,2009,196
50248,Sos del Rey Católico,65-100,2010,194
50248,Sos del Rey Católico,65-100,2011,194
50248,Sos del Rey Católico,65-100,2012,193
50248,Sos del Rey Católico,65-100,2013,190
50248,Sos del Rey Católico,65-100,2014,184
50248,Sos del Rey Católico,65-100,2015,191
50248,Sos del Rey Católico,65-100,2016,197
50248,Sos del Rey Católico,65-100,2017,192
50248,Sos del Rey Católico,65-100,2018,203
50248,Sos del Rey Católico,65-100,2019,202
50248,Sos del Rey Católico,65-100,2020,203
50248,Sos del Rey Católico,65-100,2021,200
50248,Sos del Rey Católico,65-100,2022,208
50249,Tabuenca,0-16,2003,32
50249,Tabuenca,0-16,2004,29
50249,Tabuenca,0-16,2005,30
50249,Tabuenca,0-16,2006,32
50249,Tabuenca,0-16,2007,27
50249,Tabuenca,0-16,2008,25
50249,Tabuenca,0-16,2009,25
50249,Tabuenca,0-16,2010,30
50249,Tabuenca,0-16,2011,27
50249,Tabuenca,0-16,2012,26
50249,Tabuenca,0-16,2013,24
50249,Tabuenca,0-16,2014,23
50249,Tabuenca,0-16,2015,21
50249,Tabuenca,0-16,2016,21
50249,Tabuenca,0-16,2017,19
50249,Tabuenca,0-16,2018,19
50249,Tabuenca,0-16,2019,17
50249,Tabuenca,0-16,2020,14
50249,Tabuenca,0-16,2021,13
50249,Tabuenca,0-16,2022,14
50249,Tabuenca,16-64,2003,265
50249,Tabuenca,16-64,2004,260
50249,Tabuenca,16-64,2005,260
50249,Tabuenca,16-64,2006,255
50249,Tabuenca,16-64,2007,240
50249,Tabuenca,16-64,2008,230
50249,Tabuenca,16-64,2009,232
50249,Tabuenca,16-64,2010,234
50249,Tabuenca,16-64,2011,219
50249,Tabuenca,16-64,2012,209
50249,Tabuenca,16-64,2013,192
50249,Tabuenca,16-64,2014,188
50249,Tabuenca,16-64,2015,178
50249,Tabuenca,16-64,2016,168
50249,Tabuenca,16-64,2017,171
50249,Tabuenca,16-64,2018,174
50249,Tabuenca,16-64,2019,171
50249,Tabuenca,16-64,2020,184
50249,Tabuenca,16-64,2021,185
50249,Tabuenca,16-64,2022,178
50249,Tabuenca,65-100,2003,164
50249,Tabuenca,65-100,2004,164
50249,Tabuenca,65-100,2005,164
50249,Tabuenca,65-100,2006,160
50249,Tabuenca,65-100,2007,157
50249,Tabuenca,65-100,2008,159
50249,Tabuenca,65-100,2009,154
50249,Tabuenca,65-100,2010,148
50249,Tabuenca,65-100,2011,148
50249,Tabuenca,65-100,2012,152
50249,Tabuenca,65-100,2013,153
50249,Tabuenca,65-100,2014,158
50249,Tabuenca,65-100,2015,153
50249,Tabuenca,65-100,2016,154
50249,Tabuenca,65-100,2017,141
50249,Tabuenca,65-100,2018,130
50249,Tabuenca,65-100,2019,126
50249,Tabuenca,65-100,2020,123
50249,Tabuenca,65-100,2021,122
50249,Tabuenca,65-100,2022,118
50250,Talamantes,0-16,2003,5
50250,Talamantes,0-16,2004,4
50250,Talamantes,0-16,2005,4
50250,Talamantes,0-16,2006,4
50250,Talamantes,0-16,2007,3
50250,Talamantes,0-16,2008,3
50250,Talamantes,0-16,2009,2
50250,Talamantes,0-16,2010,3
50250,Talamantes,0-16,2011,3
50250,Talamantes,0-16,2012,3
50250,Talamantes,0-16,2013,3
50250,Talamantes,0-16,2014,2
50250,Talamantes,0-16,2015,2
50250,Talamantes,0-16,2016,2
50250,Talamantes,0-16,2017,2
50250,Talamantes,0-16,2018,6
50250,Talamantes,0-16,2019,7
50250,Talamantes,0-16,2020,7
50250,Talamantes,0-16,2021,7
50250,Talamantes,0-16,2022,9
50250,Talamantes,16-64,2003,25
50250,Talamantes,16-64,2004,30
50250,Talamantes,16-64,2005,28
50250,Talamantes,16-64,2006,38
50250,Talamantes,16-64,2007,37
50250,Talamantes,16-64,2008,37
50250,Talamantes,16-64,2009,39
50250,Talamantes,16-64,2010,38
50250,Talamantes,16-64,2011,38
50250,Talamantes,16-64,2012,43
50250,Talamantes,16-64,2013,40
50250,Talamantes,16-64,2014,41
50250,Talamantes,16-64,2015,41
50250,Talamantes,16-64,2016,42
50250,Talamantes,16-64,2017,37
50250,Talamantes,16-64,2018,44
50250,Talamantes,16-64,2019,44
50250,Talamantes,16-64,2020,41
50250,Talamantes,16-64,2021,43
50250,Talamantes,16-64,2022,41
50250,Talamantes,65-100,2003,29
50250,Talamantes,65-100,2004,31
50250,Talamantes,65-100,2005,29
50250,Talamantes,65-100,2006,23
50250,Talamantes,65-100,2007,26
50250,Talamantes,65-100,2008,25
50250,Talamantes,65-100,2009,21
50250,Talamantes,65-100,2010,20
50250,Talamantes,65-100,2011,16
50250,Talamantes,65-100,2012,14
50250,Talamantes,65-100,2013,17
50250,Talamantes,65-100,2014,16
50250,Talamantes,65-100,2015,15
50250,Talamantes,65-100,2016,11
50250,Talamantes,65-100,2017,13
50250,Talamantes,65-100,2018,13
50250,Talamantes,65-100,2019,13
50250,Talamantes,65-100,2020,13
50250,Talamantes,65-100,2021,14
50250,Talamantes,65-100,2022,14
50251,Tarazona,0-16,2003,1525
50251,Tarazona,0-16,2004,1571
50251,Tarazona,0-16,2005,1617
50251,Tarazona,0-16,2006,1676
50251,Tarazona,0-16,2007,1690
50251,Tarazona,0-16,2008,1728
50251,Tarazona,0-16,2009,1772
50251,Tarazona,0-16,2010,1761
50251,Tarazona,0-16,2011,1777
50251,Tarazona,0-16,2012,1759
50251,Tarazona,0-16,2013,1689
50251,Tarazona,0-16,2014,1685
50251,Tarazona,0-16,2015,1673
50251,Tarazona,0-16,2016,1671
50251,Tarazona,0-16,2017,1606
50251,Tarazona,0-16,2018,1604
50251,Tarazona,0-16,2019,1549
50251,Tarazona,0-16,2020,1517
50251,Tarazona,0-16,2021,1510
50251,Tarazona,0-16,2022,1505
50251,Tarazona,16-64,2003,6682
50251,Tarazona,16-64,2004,6753
50251,Tarazona,16-64,2005,6840
50251,Tarazona,16-64,2006,6915
50251,Tarazona,16-64,2007,6905
50251,Tarazona,16-64,2008,7010
50251,Tarazona,16-64,2009,7096
50251,Tarazona,16-64,2010,7036
50251,Tarazona,16-64,2011,6977
50251,Tarazona,16-64,2012,6905
50251,Tarazona,16-64,2013,6825
50251,Tarazona,16-64,2014,6807
50251,Tarazona,16-64,2015,6666
50251,Tarazona,16-64,2016,6630
50251,Tarazona,16-64,2017,6548
50251,Tarazona,16-64,2018,6515
50251,Tarazona,16-64,2019,6575
50251,Tarazona,16-64,2020,6615
50251,Tarazona,16-64,2021,6581
50251,Tarazona,16-64,2022,6661
50251,Tarazona,65-100,2003,2464
50251,Tarazona,65-100,2004,2450
50251,Tarazona,65-100,2005,2418
50251,Tarazona,65-100,2006,2436
50251,Tarazona,65-100,2007,2396
50251,Tarazona,65-100,2008,2357
50251,Tarazona,65-100,2009,2343
50251,Tarazona,65-100,2010,2334
50251,Tarazona,65-100,2011,2367
50251,Tarazona,65-100,2012,2386
50251,Tarazona,65-100,2013,2349
50251,Tarazona,65-100,2014,2372
50251,Tarazona,65-100,2015,2420
50251,Tarazona,65-100,2016,2412
50251,Tarazona,65-100,2017,2384
50251,Tarazona,65-100,2018,2390
50251,Tarazona,65-100,2019,2409
50251,Tarazona,65-100,2020,2426
50251,Tarazona,65-100,2021,2403
50251,Tarazona,65-100,2022,2399
50252,Tauste,0-16,2003,963
50252,Tauste,0-16,2004,977
50252,Tauste,0-16,2005,990
50252,Tauste,0-16,2006,1026
50252,Tauste,0-16,2007,1044
50252,Tauste,0-16,2008,1112
50252,Tauste,0-16,2009,1125
50252,Tauste,0-16,2010,1100
50252,Tauste,0-16,2011,1103
50252,Tauste,0-16,2012,1063
50252,Tauste,0-16,2013,1017
50252,Tauste,0-16,2014,980
50252,Tauste,0-16,2015,971
50252,Tauste,0-16,2016,966
50252,Tauste,0-16,2017,972
50252,Tauste,0-16,2018,988
50252,Tauste,0-16,2019,949
50252,Tauste,0-16,2020,945
50252,Tauste,0-16,2021,909
50252,Tauste,0-16,2022,908
50252,Tauste,16-64,2003,4648
50252,Tauste,16-64,2004,4700
50252,Tauste,16-64,2005,4820
50252,Tauste,16-64,2006,4880
50252,Tauste,16-64,2007,4865
50252,Tauste,16-64,2008,5009
50252,Tauste,16-64,2009,5013
50252,Tauste,16-64,2010,4913
50252,Tauste,16-64,2011,4816
50252,Tauste,16-64,2012,4758
50252,Tauste,16-64,2013,4607
50252,Tauste,16-64,2014,4471
50252,Tauste,16-64,2015,4416
50252,Tauste,16-64,2016,4429
50252,Tauste,16-64,2017,4384
50252,Tauste,16-64,2018,4396
50252,Tauste,16-64,2019,4417
50252,Tauste,16-64,2020,4400
50252,Tauste,16-64,2021,4372
50252,Tauste,16-64,2022,4368
50252,Tauste,65-100,2003,1636
50252,Tauste,65-100,2004,1612
50252,Tauste,65-100,2005,1602
50252,Tauste,65-100,2006,1597
50252,Tauste,65-100,2007,1580
50252,Tauste,65-100,2008,1569
50252,Tauste,65-100,2009,1572
50252,Tauste,65-100,2010,1554
50252,Tauste,65-100,2011,1565
50252,Tauste,65-100,2012,1561
50252,Tauste,65-100,2013,1566
50252,Tauste,65-100,2014,1576
50252,Tauste,65-100,2015,1554
50252,Tauste,65-100,2016,1538
50252,Tauste,65-100,2017,1536
50252,Tauste,65-100,2018,1530
50252,Tauste,65-100,2019,1546
50252,Tauste,65-100,2020,1502
50252,Tauste,65-100,2021,1496
50252,Tauste,65-100,2022,1541
50253,Terrer,0-16,2003,32
50253,Terrer,0-16,2004,30
50253,Terrer,0-16,2005,35
50253,Terrer,0-16,2006,27
50253,Terrer,0-16,2007,20
50253,Terrer,0-16,2008,20
50253,Terrer,0-16,2009,20
50253,Terrer,0-16,2010,21
50253,Terrer,0-16,2011,18
50253,Terrer,0-16,2012,16
50253,Terrer,0-16,2013,40
50253,Terrer,0-16,2014,30
50253,Terrer,0-16,2015,27
50253,Terrer,0-16,2016,24
50253,Terrer,0-16,2017,28
50253,Terrer,0-16,2018,25
50253,Terrer,0-16,2019,26
50253,Terrer,0-16,2020,31
50253,Terrer,0-16,2021,50
50253,Terrer,0-16,2022,64
50253,Terrer,16-64,2003,305
50253,Terrer,16-64,2004,286
50253,Terrer,16-64,2005,308
50253,Terrer,16-64,2006,306
50253,Terrer,16-64,2007,298
50253,Terrer,16-64,2008,293
50253,Terrer,16-64,2009,292
50253,Terrer,16-64,2010,286
50253,Terrer,16-64,2011,273
50253,Terrer,16-64,2012,261
50253,Terrer,16-64,2013,346
50253,Terrer,16-64,2014,305
50253,Terrer,16-64,2015,303
50253,Terrer,16-64,2016,285
50253,Terrer,16-64,2017,268
50253,Terrer,16-64,2018,282
50253,Terrer,16-64,2019,259
50253,Terrer,16-64,2020,285
50253,Terrer,16-64,2021,330
50253,Terrer,16-64,2022,354
50253,Terrer,65-100,2003,231
50253,Terrer,65-100,2004,223
50253,Terrer,65-100,2005,226
50253,Terrer,65-100,2006,227
50253,Terrer,65-100,2007,223
50253,Terrer,65-100,2008,212
50253,Terrer,65-100,2009,214
50253,Terrer,65-100,2010,212
50253,Terrer,65-100,2011,209
50253,Terrer,65-100,2012,198
50253,Terrer,65-100,2013,200
50253,Terrer,65-100,2014,197
50253,Terrer,65-100,2015,190
50253,Terrer,65-100,2016,188
50253,Terrer,65-100,2017,183
50253,Terrer,65-100,2018,178
50253,Terrer,65-100,2019,162
50253,Terrer,65-100,2020,148
50253,Terrer,65-100,2021,150
50253,Terrer,65-100,2022,147
50254,Tierga,0-16,2003,13
50254,Tierga,0-16,2004,13
50254,Tierga,0-16,2005,12
50254,Tierga,0-16,2006,12
50254,Tierga,0-16,2007,12
50254,Tierga,0-16,2008,12
50254,Tierga,0-16,2009,10
50254,Tierga,0-16,2010,8
50254,Tierga,0-16,2011,10
50254,Tierga,0-16,2012,12
50254,Tierga,0-16,2013,12
50254,Tierga,0-16,2014,12
50254,Tierga,0-16,2015,14
50254,Tierga,0-16,2016,10
50254,Tierga,0-16,2017,9
50254,Tierga,0-16,2018,9
50254,Tierga,0-16,2019,9
50254,Tierga,0-16,2020,9
50254,Tierga,0-16,2021,8
50254,Tierga,0-16,2022,6
50254,Tierga,16-64,2003,133
50254,Tierga,16-64,2004,131
50254,Tierga,16-64,2005,127
50254,Tierga,16-64,2006,119
50254,Tierga,16-64,2007,116
50254,Tierga,16-64,2008,114
50254,Tierga,16-64,2009,111
50254,Tierga,16-64,2010,104
50254,Tierga,16-64,2011,126
50254,Tierga,16-64,2012,120
50254,Tierga,16-64,2013,121
50254,Tierga,16-64,2014,121
50254,Tierga,16-64,2015,121
50254,Tierga,16-64,2016,125
50254,Tierga,16-64,2017,122
50254,Tierga,16-64,2018,123
50254,Tierga,16-64,2019,117
50254,Tierga,16-64,2020,121
50254,Tierga,16-64,2021,125
50254,Tierga,16-64,2022,116
50254,Tierga,65-100,2003,81
50254,Tierga,65-100,2004,77
50254,Tierga,65-100,2005,73
50254,Tierga,65-100,2006,72
50254,Tierga,65-100,2007,70
50254,Tierga,65-100,2008,70
50254,Tierga,65-100,2009,68
50254,Tierga,65-100,2010,67
50254,Tierga,65-100,2011,66
50254,Tierga,65-100,2012,65
50254,Tierga,65-100,2013,62
50254,Tierga,65-100,2014,64
50254,Tierga,65-100,2015,65
50254,Tierga,65-100,2016,62
50254,Tierga,65-100,2017,59
50254,Tierga,65-100,2018,60
50254,Tierga,65-100,2019,60
50254,Tierga,65-100,2020,60
50254,Tierga,65-100,2021,57
50254,Tierga,65-100,2022,57
50255,Tobed,0-16,2003,10
50255,Tobed,0-16,2004,10
50255,Tobed,0-16,2005,10
50255,Tobed,0-16,2006,8
50255,Tobed,0-16,2007,8
50255,Tobed,0-16,2008,9
50255,Tobed,0-16,2009,9
50255,Tobed,0-16,2010,13
50255,Tobed,0-16,2011,10
50255,Tobed,0-16,2012,10
50255,Tobed,0-16,2013,14
50255,Tobed,0-16,2014,9
50255,Tobed,0-16,2015,13
50255,Tobed,0-16,2016,10
50255,Tobed,0-16,2017,13
50255,Tobed,0-16,2018,11
50255,Tobed,0-16,2019,13
50255,Tobed,0-16,2020,15
50255,Tobed,0-16,2021,16
50255,Tobed,0-16,2022,15
50255,Tobed,16-64,2003,128
50255,Tobed,16-64,2004,125
50255,Tobed,16-64,2005,125
50255,Tobed,16-64,2006,119
50255,Tobed,16-64,2007,127
50255,Tobed,16-64,2008,119
50255,Tobed,16-64,2009,108
50255,Tobed,16-64,2010,117
50255,Tobed,16-64,2011,117
50255,Tobed,16-64,2012,104
50255,Tobed,16-64,2013,114
50255,Tobed,16-64,2014,111
50255,Tobed,16-64,2015,123
50255,Tobed,16-64,2016,115
50255,Tobed,16-64,2017,113
50255,Tobed,16-64,2018,112
50255,Tobed,16-64,2019,112
50255,Tobed,16-64,2020,129
50255,Tobed,16-64,2021,128
50255,Tobed,16-64,2022,122
50255,Tobed,65-100,2003,113
50255,Tobed,65-100,2004,115
50255,Tobed,65-100,2005,117
50255,Tobed,65-100,2006,124
50255,Tobed,65-100,2007,141
50255,Tobed,65-100,2008,131
50255,Tobed,65-100,2009,121
50255,Tobed,65-100,2010,126
50255,Tobed,65-100,2011,123
50255,Tobed,65-100,2012,116
50255,Tobed,65-100,2013,108
50255,Tobed,65-100,2014,110
50255,Tobed,65-100,2015,107
50255,Tobed,65-100,2016,100
50255,Tobed,65-100,2017,98
50255,Tobed,65-100,2018,91
50255,Tobed,65-100,2019,89
50255,Tobed,65-100,2020,86
50255,Tobed,65-100,2021,81
50255,Tobed,65-100,2022,78
50256,Torralba de los Frailes,0-16,2003,4
50256,Torralba de los Frailes,0-16,2004,4
50256,Torralba de los Frailes,0-16,2005,2
50256,Torralba de los Frailes,0-16,2006,4
50256,Torralba de los Frailes,0-16,2007,5
50256,Torralba de los Frailes,0-16,2008,4
50256,Torralba de los Frailes,0-16,2009,3
50256,Torralba de los Frailes,0-16,2010,0
50256,Torralba de los Frailes,0-16,2011,0
50256,Torralba de los Frailes,0-16,2012,0
50256,Torralba de los Frailes,0-16,2013,0
50256,Torralba de los Frailes,0-16,2014,0
50256,Torralba de los Frailes,0-16,2015,0
50256,Torralba de los Frailes,0-16,2016,1
50256,Torralba de los Frailes,0-16,2017,1
50256,Torralba de los Frailes,0-16,2018,2
50256,Torralba de los Frailes,0-16,2019,2
50256,Torralba de los Frailes,0-16,2020,2
50256,Torralba de los Frailes,0-16,2021,2
50256,Torralba de los Frailes,0-16,2022,3
50256,Torralba de los Frailes,16-64,2003,50
50256,Torralba de los Frailes,16-64,2004,48
50256,Torralba de los Frailes,16-64,2005,43
50256,Torralba de los Frailes,16-64,2006,56
50256,Torralba de los Frailes,16-64,2007,56
50256,Torralba de los Frailes,16-64,2008,58
50256,Torralba de los Frailes,16-64,2009,59
50256,Torralba de los Frailes,16-64,2010,58
50256,Torralba de los Frailes,16-64,2011,58
50256,Torralba de los Frailes,16-64,2012,51
50256,Torralba de los Frailes,16-64,2013,48
50256,Torralba de los Frailes,16-64,2014,46
50256,Torralba de los Frailes,16-64,2015,44
50256,Torralba de los Frailes,16-64,2016,44
50256,Torralba de los Frailes,16-64,2017,43
50256,Torralba de los Frailes,16-64,2018,38
50256,Torralba de los Frailes,16-64,2019,38
50256,Torralba de los Frailes,16-64,2020,38
50256,Torralba de los Frailes,16-64,2021,37
50256,Torralba de los Frailes,16-64,2022,36
50256,Torralba de los Frailes,65-100,2003,37
50256,Torralba de los Frailes,65-100,2004,35
50256,Torralba de los Frailes,65-100,2005,37
50256,Torralba de los Frailes,65-100,2006,41
50256,Torralba de los Frailes,65-100,2007,39
50256,Torralba de los Frailes,65-100,2008,40
50256,Torralba de los Frailes,65-100,2009,37
50256,Torralba de los Frailes,65-100,2010,38
50256,Torralba de los Frailes,65-100,2011,36
50256,Torralba de los Frailes,65-100,2012,39
50256,Torralba de los Frailes,65-100,2013,40
50256,Torralba de los Frailes,65-100,2014,42
50256,Torralba de los Frailes,65-100,2015,42
50256,Torralba de los Frailes,65-100,2016,42
50256,Torralba de los Frailes,65-100,2017,44
50256,Torralba de los Frailes,65-100,2018,46
50256,Torralba de los Frailes,65-100,2019,39
50256,Torralba de los Frailes,65-100,2020,36
50256,Torralba de los Frailes,65-100,2021,35
50256,Torralba de los Frailes,65-100,2022,34
50257,Torralba de Ribota,0-16,2003,10
50257,Torralba de Ribota,0-16,2004,9
50257,Torralba de Ribota,0-16,2005,9
50257,Torralba de Ribota,0-16,2006,9
50257,Torralba de Ribota,0-16,2007,8
50257,Torralba de Ribota,0-16,2008,10
50257,Torralba de Ribota,0-16,2009,11
50257,Torralba de Ribota,0-16,2010,8
50257,Torralba de Ribota,0-16,2011,10
50257,Torralba de Ribota,0-16,2012,10
50257,Torralba de Ribota,0-16,2013,10
50257,Torralba de Ribota,0-16,2014,9
50257,Torralba de Ribota,0-16,2015,9
50257,Torralba de Ribota,0-16,2016,9
50257,Torralba de Ribota,0-16,2017,7
50257,Torralba de Ribota,0-16,2018,8
50257,Torralba de Ribota,0-16,2019,8
50257,Torralba de Ribota,0-16,2020,6
50257,Torralba de Ribota,0-16,2021,5
50257,Torralba de Ribota,0-16,2022,5
50257,Torralba de Ribota,16-64,2003,92
50257,Torralba de Ribota,16-64,2004,88
50257,Torralba de Ribota,16-64,2005,94
50257,Torralba de Ribota,16-64,2006,92
50257,Torralba de Ribota,16-64,2007,86
50257,Torralba de Ribota,16-64,2008,87
50257,Torralba de Ribota,16-64,2009,95
50257,Torralba de Ribota,16-64,2010,91
50257,Torralba de Ribota,16-64,2011,95
50257,Torralba de Ribota,16-64,2012,98
50257,Torralba de Ribota,16-64,2013,98
50257,Torralba de Ribota,16-64,2014,91
50257,Torralba de Ribota,16-64,2015,92
50257,Torralba de Ribota,16-64,2016,95
50257,Torralba de Ribota,16-64,2017,90
50257,Torralba de Ribota,16-64,2018,82
50257,Torralba de Ribota,16-64,2019,90
50257,Torralba de Ribota,16-64,2020,89
50257,Torralba de Ribota,16-64,2021,89
50257,Torralba de Ribota,16-64,2022,96
50257,Torralba de Ribota,65-100,2003,94
50257,Torralba de Ribota,65-100,2004,92
50257,Torralba de Ribota,65-100,2005,89
50257,Torralba de Ribota,65-100,2006,90
50257,Torralba de Ribota,65-100,2007,93
50257,Torralba de Ribota,65-100,2008,93
50257,Torralba de Ribota,65-100,2009,94
50257,Torralba de Ribota,65-100,2010,99
50257,Torralba de Ribota,65-100,2011,97
50257,Torralba de Ribota,65-100,2012,97
50257,Torralba de Ribota,65-100,2013,95
50257,Torralba de Ribota,65-100,2014,89
50257,Torralba de Ribota,65-100,2015,85
50257,Torralba de Ribota,65-100,2016,84
50257,Torralba de Ribota,65-100,2017,84
50257,Torralba de Ribota,65-100,2018,82
50257,Torralba de Ribota,65-100,2019,76
50257,Torralba de Ribota,65-100,2020,74
50257,Torralba de Ribota,65-100,2021,69
50257,Torralba de Ribota,65-100,2022,67
50258,Torralbilla,0-16,2003,2
50258,Torralbilla,0-16,2004,2
50258,Torralbilla,0-16,2005,1
50258,Torralbilla,0-16,2006,2
50258,Torralbilla,0-16,2007,2
50258,Torralbilla,0-16,2008,1
50258,Torralbilla,0-16,2009,1
50258,Torralbilla,0-16,2010,3
50258,Torralbilla,0-16,2011,2
50258,Torralbilla,0-16,2012,2
50258,Torralbilla,0-16,2013,2
50258,Torralbilla,0-16,2014,2
50258,Torralbilla,0-16,2015,3
50258,Torralbilla,0-16,2016,2
50258,Torralbilla,0-16,2017,1
50258,Torralbilla,0-16,2018,2
50258,Torralbilla,0-16,2019,1
50258,Torralbilla,0-16,2020,2
50258,Torralbilla,0-16,2021,1
50258,Torralbilla,0-16,2022,0
50258,Torralbilla,16-64,2003,32
50258,Torralbilla,16-64,2004,30
50258,Torralbilla,16-64,2005,31
50258,Torralbilla,16-64,2006,32
50258,Torralbilla,16-64,2007,31
50258,Torralbilla,16-64,2008,27
50258,Torralbilla,16-64,2009,29
50258,Torralbilla,16-64,2010,30
50258,Torralbilla,16-64,2011,29
50258,Torralbilla,16-64,2012,27
50258,Torralbilla,16-64,2013,29
50258,Torralbilla,16-64,2014,26
50258,Torralbilla,16-64,2015,30
50258,Torralbilla,16-64,2016,27
50258,Torralbilla,16-64,2017,27
50258,Torralbilla,16-64,2018,29
50258,Torralbilla,16-64,2019,25
50258,Torralbilla,16-64,2020,31
50258,Torralbilla,16-64,2021,35
50258,Torralbilla,16-64,2022,30
50258,Torralbilla,65-100,2003,38
50258,Torralbilla,65-100,2004,39
50258,Torralbilla,65-100,2005,39
50258,Torralbilla,65-100,2006,39
50258,Torralbilla,65-100,2007,38
50258,Torralbilla,65-100,2008,36
50258,Torralbilla,65-100,2009,36
50258,Torralbilla,65-100,2010,31
50258,Torralbilla,65-100,2011,27
50258,Torralbilla,65-100,2012,27
50258,Torralbilla,65-100,2013,26
50258,Torralbilla,65-100,2014,29
50258,Torralbilla,65-100,2015,30
50258,Torralbilla,65-100,2016,29
50258,Torralbilla,65-100,2017,29
50258,Torralbilla,65-100,2018,30
50258,Torralbilla,65-100,2019,29
50258,Torralbilla,65-100,2020,26
50258,Torralbilla,65-100,2021,23
50258,Torralbilla,65-100,2022,21
50259,Torrehermosa,0-16,2003,10
50259,Torrehermosa,0-16,2004,9
50259,Torrehermosa,0-16,2005,7
50259,Torrehermosa,0-16,2006,5
50259,Torrehermosa,0-16,2007,5
50259,Torrehermosa,0-16,2008,3
50259,Torrehermosa,0-16,2009,2
50259,Torrehermosa,0-16,2010,1
50259,Torrehermosa,0-16,2011,1
50259,Torrehermosa,0-16,2012,0
50259,Torrehermosa,0-16,2013,0
50259,Torrehermosa,0-16,2014,0
50259,Torrehermosa,0-16,2015,0
50259,Torrehermosa,0-16,2016,0
50259,Torrehermosa,0-16,2017,0
50259,Torrehermosa,0-16,2018,0
50259,Torrehermosa,0-16,2019,0
50259,Torrehermosa,0-16,2020,0
50259,Torrehermosa,0-16,2021,3
50259,Torrehermosa,0-16,2022,4
50259,Torrehermosa,16-64,2003,53
50259,Torrehermosa,16-64,2004,48
50259,Torrehermosa,16-64,2005,48
50259,Torrehermosa,16-64,2006,45
50259,Torrehermosa,16-64,2007,43
50259,Torrehermosa,16-64,2008,43
50259,Torrehermosa,16-64,2009,40
50259,Torrehermosa,16-64,2010,37
50259,Torrehermosa,16-64,2011,36
50259,Torrehermosa,16-64,2012,36
50259,Torrehermosa,16-64,2013,26
50259,Torrehermosa,16-64,2014,26
50259,Torrehermosa,16-64,2015,23
50259,Torrehermosa,16-64,2016,23
50259,Torrehermosa,16-64,2017,21
50259,Torrehermosa,16-64,2018,21
50259,Torrehermosa,16-64,2019,19
50259,Torrehermosa,16-64,2020,32
50259,Torrehermosa,16-64,2021,30
50259,Torrehermosa,16-64,2022,39
50259,Torrehermosa,65-100,2003,44
50259,Torrehermosa,65-100,2004,45
50259,Torrehermosa,65-100,2005,44
50259,Torrehermosa,65-100,2006,42
50259,Torrehermosa,65-100,2007,44
50259,Torrehermosa,65-100,2008,43
50259,Torrehermosa,65-100,2009,45
50259,Torrehermosa,65-100,2010,45
50259,Torrehermosa,65-100,2011,44
50259,Torrehermosa,65-100,2012,44
50259,Torrehermosa,65-100,2013,44
50259,Torrehermosa,65-100,2014,45
50259,Torrehermosa,65-100,2015,46
50259,Torrehermosa,65-100,2016,44
50259,Torrehermosa,65-100,2017,44
50259,Torrehermosa,65-100,2018,42
50259,Torrehermosa,65-100,2019,40
50259,Torrehermosa,65-100,2020,37
50259,Torrehermosa,65-100,2021,30
50259,Torrehermosa,65-100,2022,27
50260,Torrelapaja,0-16,2003,0
50260,Torrelapaja,0-16,2004,0
50260,Torrelapaja,0-16,2005,0
50260,Torrelapaja,0-16,2006,0
50260,Torrelapaja,0-16,2007,0
50260,Torrelapaja,0-16,2008,0
50260,Torrelapaja,0-16,2009,0
50260,Torrelapaja,0-16,2010,0
50260,Torrelapaja,0-16,2011,0
50260,Torrelapaja,0-16,2012,0
50260,Torrelapaja,0-16,2013,0
50260,Torrelapaja,0-16,2014,0
50260,Torrelapaja,0-16,2015,0
50260,Torrelapaja,0-16,2016,0
50260,Torrelapaja,0-16,2017,0
50260,Torrelapaja,0-16,2018,0
50260,Torrelapaja,0-16,2019,0
50260,Torrelapaja,0-16,2020,0
50260,Torrelapaja,0-16,2021,0
50260,Torrelapaja,0-16,2022,0
50260,Torrelapaja,16-64,2003,22
50260,Torrelapaja,16-64,2004,24
50260,Torrelapaja,16-64,2005,22
50260,Torrelapaja,16-64,2006,22
50260,Torrelapaja,16-64,2007,26
50260,Torrelapaja,16-64,2008,26
50260,Torrelapaja,16-64,2009,25
50260,Torrelapaja,16-64,2010,28
50260,Torrelapaja,16-64,2011,26
50260,Torrelapaja,16-64,2012,21
50260,Torrelapaja,16-64,2013,20
50260,Torrelapaja,16-64,2014,17
50260,Torrelapaja,16-64,2015,17
50260,Torrelapaja,16-64,2016,14
50260,Torrelapaja,16-64,2017,14
50260,Torrelapaja,16-64,2018,13
50260,Torrelapaja,16-64,2019,12
50260,Torrelapaja,16-64,2020,16
50260,Torrelapaja,16-64,2021,17
50260,Torrelapaja,16-64,2022,17
50260,Torrelapaja,65-100,2003,15
50260,Torrelapaja,65-100,2004,16
50260,Torrelapaja,65-100,2005,14
50260,Torrelapaja,65-100,2006,14
50260,Torrelapaja,65-100,2007,16
50260,Torrelapaja,65-100,2008,18
50260,Torrelapaja,65-100,2009,17
50260,Torrelapaja,65-100,2010,17
50260,Torrelapaja,65-100,2011,17
50260,Torrelapaja,65-100,2012,18
50260,Torrelapaja,65-100,2013,17
50260,Torrelapaja,65-100,2014,18
50260,Torrelapaja,65-100,2015,18
50260,Torrelapaja,65-100,2016,19
50260,Torrelapaja,65-100,2017,20
50260,Torrelapaja,65-100,2018,19
50260,Torrelapaja,65-100,2019,20
50260,Torrelapaja,65-100,2020,19
50260,Torrelapaja,65-100,2021,18
50260,Torrelapaja,65-100,2022,18
50261,Torrellas,0-16,2003,9
50261,Torrellas,0-16,2004,10
50261,Torrellas,0-16,2005,12
50261,Torrellas,0-16,2006,14
50261,Torrellas,0-16,2007,23
50261,Torrellas,0-16,2008,25
50261,Torrellas,0-16,2009,30
50261,Torrellas,0-16,2010,27
50261,Torrellas,0-16,2011,34
50261,Torrellas,0-16,2012,34
50261,Torrellas,0-16,2013,33
50261,Torrellas,0-16,2014,31
50261,Torrellas,0-16,2015,29
50261,Torrellas,0-16,2016,26
50261,Torrellas,0-16,2017,31
50261,Torrellas,0-16,2018,33
50261,Torrellas,0-16,2019,32
50261,Torrellas,0-16,2020,32
50261,Torrellas,0-16,2021,30
50261,Torrellas,0-16,2022,29
50261,Torrellas,16-64,2003,157
50261,Torrellas,16-64,2004,158
50261,Torrellas,16-64,2005,160
50261,Torrellas,16-64,2006,159
50261,Torrellas,16-64,2007,166
50261,Torrellas,16-64,2008,156
50261,Torrellas,16-64,2009,150
50261,Torrellas,16-64,2010,145
50261,Torrellas,16-64,2011,135
50261,Torrellas,16-64,2012,133
50261,Torrellas,16-64,2013,138
50261,Torrellas,16-64,2014,130
50261,Torrellas,16-64,2015,129
50261,Torrellas,16-64,2016,121
50261,Torrellas,16-64,2017,122
50261,Torrellas,16-64,2018,123
50261,Torrellas,16-64,2019,128
50261,Torrellas,16-64,2020,125
50261,Torrellas,16-64,2021,128
50261,Torrellas,16-64,2022,130
50261,Torrellas,65-100,2003,141
50261,Torrellas,65-100,2004,144
50261,Torrellas,65-100,2005,139
50261,Torrellas,65-100,2006,131
50261,Torrellas,65-100,2007,126
50261,Torrellas,65-100,2008,123
50261,Torrellas,65-100,2009,121
50261,Torrellas,65-100,2010,121
50261,Torrellas,65-100,2011,127
50261,Torrellas,65-100,2012,123
50261,Torrellas,65-100,2013,116
50261,Torrellas,65-100,2014,114
50261,Torrellas,65-100,2015,111
50261,Torrellas,65-100,2016,101
50261,Torrellas,65-100,2017,101
50261,Torrellas,65-100,2018,94
50261,Torrellas,65-100,2019,90
50261,Torrellas,65-100,2020,89
50261,Torrellas,65-100,2021,83
50261,Torrellas,65-100,2022,77
50262,Torres de Berrellén,0-16,2003,197
50262,Torres de Berrellén,0-16,2004,213
50262,Torres de Berrellén,0-16,2005,186
50262,Torres de Berrellén,0-16,2006,185
50262,Torres de Berrellén,0-16,2007,181
50262,Torres de Berrellén,0-16,2008,198
50262,Torres de Berrellén,0-16,2009,205
50262,Torres de Berrellén,0-16,2010,192
50262,Torres de Berrellén,0-16,2011,209
50262,Torres de Berrellén,0-16,2012,217
50262,Torres de Berrellén,0-16,2013,208
50262,Torres de Berrellén,0-16,2014,209
50262,Torres de Berrellén,0-16,2015,214
50262,Torres de Berrellén,0-16,2016,220
50262,Torres de Berrellén,0-16,2017,212
50262,Torres de Berrellén,0-16,2018,215
50262,Torres de Berrellén,0-16,2019,210
50262,Torres de Berrellén,0-16,2020,223
50262,Torres de Berrellén,0-16,2021,228
50262,Torres de Berrellén,0-16,2022,227
50262,Torres de Berrellén,16-64,2003,932
50262,Torres de Berrellén,16-64,2004,949
50262,Torres de Berrellén,16-64,2005,956
50262,Torres de Berrellén,16-64,2006,973
50262,Torres de Berrellén,16-64,2007,967
50262,Torres de Berrellén,16-64,2008,1021
50262,Torres de Berrellén,16-64,2009,1014
50262,Torres de Berrellén,16-64,2010,998
50262,Torres de Berrellén,16-64,2011,1002
50262,Torres de Berrellén,16-64,2012,1004
50262,Torres de Berrellén,16-64,2013,995
50262,Torres de Berrellén,16-64,2014,990
50262,Torres de Berrellén,16-64,2015,984
50262,Torres de Berrellén,16-64,2016,964
50262,Torres de Berrellén,16-64,2017,958
50262,Torres de Berrellén,16-64,2018,917
50262,Torres de Berrellén,16-64,2019,921
50262,Torres de Berrellén,16-64,2020,899
50262,Torres de Berrellén,16-64,2021,906
50262,Torres de Berrellén,16-64,2022,918
50262,Torres de Berrellén,65-100,2003,300
50262,Torres de Berrellén,65-100,2004,288
50262,Torres de Berrellén,65-100,2005,288
50262,Torres de Berrellén,65-100,2006,291
50262,Torres de Berrellén,65-100,2007,292
50262,Torres de Berrellén,65-100,2008,298
50262,Torres de Berrellén,65-100,2009,304
50262,Torres de Berrellén,65-100,2010,306
50262,Torres de Berrellén,65-100,2011,300
50262,Torres de Berrellén,65-100,2012,300
50262,Torres de Berrellén,65-100,2013,298
50262,Torres de Berrellén,65-100,2014,293
50262,Torres de Berrellén,65-100,2015,293
50262,Torres de Berrellén,65-100,2016,293
50262,Torres de Berrellén,65-100,2017,299
50262,Torres de Berrellén,65-100,2018,314
50262,Torres de Berrellén,65-100,2019,315
50262,Torres de Berrellén,65-100,2020,321
50262,Torres de Berrellén,65-100,2021,326
50262,Torres de Berrellén,65-100,2022,331
50263,Torrijo de la Cañada,0-16,2003,11
50263,Torrijo de la Cañada,0-16,2004,12
50263,Torrijo de la Cañada,0-16,2005,14
50263,Torrijo de la Cañada,0-16,2006,13
50263,Torrijo de la Cañada,0-16,2007,13
50263,Torrijo de la Cañada,0-16,2008,11
50263,Torrijo de la Cañada,0-16,2009,9
50263,Torrijo de la Cañada,0-16,2010,9
50263,Torrijo de la Cañada,0-16,2011,8
50263,Torrijo de la Cañada,0-16,2012,8
50263,Torrijo de la Cañada,0-16,2013,7
50263,Torrijo de la Cañada,0-16,2014,6
50263,Torrijo de la Cañada,0-16,2015,6
50263,Torrijo de la Cañada,0-16,2016,8
50263,Torrijo de la Cañada,0-16,2017,5
50263,Torrijo de la Cañada,0-16,2018,7
50263,Torrijo de la Cañada,0-16,2019,7
50263,Torrijo de la Cañada,0-16,2020,12
50263,Torrijo de la Cañada,0-16,2021,12
50263,Torrijo de la Cañada,0-16,2022,12
50263,Torrijo de la Cañada,16-64,2003,162
50263,Torrijo de la Cañada,16-64,2004,166
50263,Torrijo de la Cañada,16-64,2005,163
50263,Torrijo de la Cañada,16-64,2006,153
50263,Torrijo de la Cañada,16-64,2007,153
50263,Torrijo de la Cañada,16-64,2008,153
50263,Torrijo de la Cañada,16-64,2009,148
50263,Torrijo de la Cañada,16-64,2010,145
50263,Torrijo de la Cañada,16-64,2011,153
50263,Torrijo de la Cañada,16-64,2012,165
50263,Torrijo de la Cañada,16-64,2013,168
50263,Torrijo de la Cañada,16-64,2014,148
50263,Torrijo de la Cañada,16-64,2015,142
50263,Torrijo de la Cañada,16-64,2016,129
50263,Torrijo de la Cañada,16-64,2017,116
50263,Torrijo de la Cañada,16-64,2018,110
50263,Torrijo de la Cañada,16-64,2019,102
50263,Torrijo de la Cañada,16-64,2020,102
50263,Torrijo de la Cañada,16-64,2021,109
50263,Torrijo de la Cañada,16-64,2022,106
50263,Torrijo de la Cañada,65-100,2003,161
50263,Torrijo de la Cañada,65-100,2004,159
50263,Torrijo de la Cañada,65-100,2005,162
50263,Torrijo de la Cañada,65-100,2006,154
50263,Torrijo de la Cañada,65-100,2007,148
50263,Torrijo de la Cañada,65-100,2008,139
50263,Torrijo de la Cañada,65-100,2009,128
50263,Torrijo de la Cañada,65-100,2010,123
50263,Torrijo de la Cañada,65-100,2011,118
50263,Torrijo de la Cañada,65-100,2012,108
50263,Torrijo de la Cañada,65-100,2013,102
50263,Torrijo de la Cañada,65-100,2014,97
50263,Torrijo de la Cañada,65-100,2015,97
50263,Torrijo de la Cañada,65-100,2016,94
50263,Torrijo de la Cañada,65-100,2017,89
50263,Torrijo de la Cañada,65-100,2018,89
50263,Torrijo de la Cañada,65-100,2019,90
50263,Torrijo de la Cañada,65-100,2020,83
50263,Torrijo de la Cañada,65-100,2021,83
50263,Torrijo de la Cañada,65-100,2022,83
50264,Tosos,0-16,2003,9
50264,Tosos,0-16,2004,9
50264,Tosos,0-16,2005,12
50264,Tosos,0-16,2006,12
50264,Tosos,0-16,2007,16
50264,Tosos,0-16,2008,18
50264,Tosos,0-16,2009,21
50264,Tosos,0-16,2010,23
50264,Tosos,0-16,2011,25
50264,Tosos,0-16,2012,22
50264,Tosos,0-16,2013,19
50264,Tosos,0-16,2014,15
50264,Tosos,0-16,2015,15
50264,Tosos,0-16,2016,14
50264,Tosos,0-16,2017,13
50264,Tosos,0-16,2018,11
50264,Tosos,0-16,2019,6
50264,Tosos,0-16,2020,7
50264,Tosos,0-16,2021,8
50264,Tosos,0-16,2022,8
50264,Tosos,16-64,2003,97
50264,Tosos,16-64,2004,107
50264,Tosos,16-64,2005,109
50264,Tosos,16-64,2006,103
50264,Tosos,16-64,2007,125
50264,Tosos,16-64,2008,130
50264,Tosos,16-64,2009,130
50264,Tosos,16-64,2010,130
50264,Tosos,16-64,2011,135
50264,Tosos,16-64,2012,125
50264,Tosos,16-64,2013,115
50264,Tosos,16-64,2014,120
50264,Tosos,16-64,2015,118
50264,Tosos,16-64,2016,116
50264,Tosos,16-64,2017,122
50264,Tosos,16-64,2018,113
50264,Tosos,16-64,2019,117
50264,Tosos,16-64,2020,115
50264,Tosos,16-64,2021,109
50264,Tosos,16-64,2022,98
50264,Tosos,65-100,2003,104
50264,Tosos,65-100,2004,101
50264,Tosos,65-100,2005,100
50264,Tosos,65-100,2006,100
50264,Tosos,65-100,2007,98
50264,Tosos,65-100,2008,98
50264,Tosos,65-100,2009,93
50264,Tosos,65-100,2010,92
50264,Tosos,65-100,2011,82
50264,Tosos,65-100,2012,79
50264,Tosos,65-100,2013,76
50264,Tosos,65-100,2014,73
50264,Tosos,65-100,2015,72
50264,Tosos,65-100,2016,65
50264,Tosos,65-100,2017,57
50264,Tosos,65-100,2018,56
50264,Tosos,65-100,2019,60
50264,Tosos,65-100,2020,61
50264,Tosos,65-100,2021,59
50264,Tosos,65-100,2022,56
50265,Trasmoz,0-16,2003,0
50265,Trasmoz,0-16,2004,0
50265,Trasmoz,0-16,2005,0
50265,Trasmoz,0-16,2006,1
50265,Trasmoz,0-16,2007,5
50265,Trasmoz,0-16,2008,4
50265,Trasmoz,0-16,2009,2
50265,Trasmoz,0-16,2010,6
50265,Trasmoz,0-16,2011,9
50265,Trasmoz,0-16,2012,9
50265,Trasmoz,0-16,2013,7
50265,Trasmoz,0-16,2014,9
50265,Trasmoz,0-16,2015,11
50265,Trasmoz,0-16,2016,14
50265,Trasmoz,0-16,2017,11
50265,Trasmoz,0-16,2018,9
50265,Trasmoz,0-16,2019,9
50265,Trasmoz,0-16,2020,11
50265,Trasmoz,0-16,2021,9
50265,Trasmoz,0-16,2022,11
50265,Trasmoz,16-64,2003,32
50265,Trasmoz,16-64,2004,33
50265,Trasmoz,16-64,2005,37
50265,Trasmoz,16-64,2006,37
50265,Trasmoz,16-64,2007,54
50265,Trasmoz,16-64,2008,50
50265,Trasmoz,16-64,2009,48
50265,Trasmoz,16-64,2010,44
50265,Trasmoz,16-64,2011,43
50265,Trasmoz,16-64,2012,44
50265,Trasmoz,16-64,2013,43
50265,Trasmoz,16-64,2014,40
50265,Trasmoz,16-64,2015,43
50265,Trasmoz,16-64,2016,54
50265,Trasmoz,16-64,2017,50
50265,Trasmoz,16-64,2018,53
50265,Trasmoz,16-64,2019,52
50265,Trasmoz,16-64,2020,52
50265,Trasmoz,16-64,2021,50
50265,Trasmoz,16-64,2022,51
50265,Trasmoz,65-100,2003,33
50265,Trasmoz,65-100,2004,32
50265,Trasmoz,65-100,2005,32
50265,Trasmoz,65-100,2006,33
50265,Trasmoz,65-100,2007,32
50265,Trasmoz,65-100,2008,33
50265,Trasmoz,65-100,2009,32
50265,Trasmoz,65-100,2010,28
50265,Trasmoz,65-100,2011,24
50265,Trasmoz,65-100,2012,23
50265,Trasmoz,65-100,2013,24
50265,Trasmoz,65-100,2014,26
50265,Trasmoz,65-100,2015,25
50265,Trasmoz,65-100,2016,28
50265,Trasmoz,65-100,2017,25
50265,Trasmoz,65-100,2018,27
50265,Trasmoz,65-100,2019,25
50265,Trasmoz,65-100,2020,25
50265,Trasmoz,65-100,2021,23
50265,Trasmoz,65-100,2022,27
50266,Trasobares,0-16,2003,12
50266,Trasobares,0-16,2004,10
50266,Trasobares,0-16,2005,10
50266,Trasobares,0-16,2006,10
50266,Trasobares,0-16,2007,11
50266,Trasobares,0-16,2008,8
50266,Trasobares,0-16,2009,7
50266,Trasobares,0-16,2010,5
50266,Trasobares,0-16,2011,3
50266,Trasobares,0-16,2012,2
50266,Trasobares,0-16,2013,2
50266,Trasobares,0-16,2014,1
50266,Trasobares,0-16,2015,1
50266,Trasobares,0-16,2016,1
50266,Trasobares,0-16,2017,0
50266,Trasobares,0-16,2018,0
50266,Trasobares,0-16,2019,0
50266,Trasobares,0-16,2020,0
50266,Trasobares,0-16,2021,4
50266,Trasobares,0-16,2022,4
50266,Trasobares,16-64,2003,95
50266,Trasobares,16-64,2004,93
50266,Trasobares,16-64,2005,92
50266,Trasobares,16-64,2006,91
50266,Trasobares,16-64,2007,89
50266,Trasobares,16-64,2008,77
50266,Trasobares,16-64,2009,70
50266,Trasobares,16-64,2010,68
50266,Trasobares,16-64,2011,63
50266,Trasobares,16-64,2012,60
50266,Trasobares,16-64,2013,60
50266,Trasobares,16-64,2014,57
50266,Trasobares,16-64,2015,54
50266,Trasobares,16-64,2016,53
50266,Trasobares,16-64,2017,52
50266,Trasobares,16-64,2018,50
50266,Trasobares,16-64,2019,54
50266,Trasobares,16-64,2020,54
50266,Trasobares,16-64,2021,64
50266,Trasobares,16-64,2022,62
50266,Trasobares,65-100,2003,86
50266,Trasobares,65-100,2004,80
50266,Trasobares,65-100,2005,74
50266,Trasobares,65-100,2006,77
50266,Trasobares,65-100,2007,77
50266,Trasobares,65-100,2008,80
50266,Trasobares,65-100,2009,81
50266,Trasobares,65-100,2010,79
50266,Trasobares,65-100,2011,80
50266,Trasobares,65-100,2012,77
50266,Trasobares,65-100,2013,78
50266,Trasobares,65-100,2014,79
50266,Trasobares,65-100,2015,73
50266,Trasobares,65-100,2016,72
50266,Trasobares,65-100,2017,69
50266,Trasobares,65-100,2018,70
50266,Trasobares,65-100,2019,68
50266,Trasobares,65-100,2020,61
50266,Trasobares,65-100,2021,61
50266,Trasobares,65-100,2022,59
50267,Uncastillo,0-16,2003,79
50267,Uncastillo,0-16,2004,76
50267,Uncastillo,0-16,2005,78
50267,Uncastillo,0-16,2006,85
50267,Uncastillo,0-16,2007,75
50267,Uncastillo,0-16,2008,73
50267,Uncastillo,0-16,2009,77
50267,Uncastillo,0-16,2010,76
50267,Uncastillo,0-16,2011,71
50267,Uncastillo,0-16,2012,66
50267,Uncastillo,0-16,2013,65
50267,Uncastillo,0-16,2014,57
50267,Uncastillo,0-16,2015,58
50267,Uncastillo,0-16,2016,52
50267,Uncastillo,0-16,2017,44
50267,Uncastillo,0-16,2018,45
50267,Uncastillo,0-16,2019,44
50267,Uncastillo,0-16,2020,37
50267,Uncastillo,0-16,2021,37
50267,Uncastillo,0-16,2022,35
50267,Uncastillo,16-64,2003,485
50267,Uncastillo,16-64,2004,477
50267,Uncastillo,16-64,2005,464
50267,Uncastillo,16-64,2006,468
50267,Uncastillo,16-64,2007,460
50267,Uncastillo,16-64,2008,455
50267,Uncastillo,16-64,2009,444
50267,Uncastillo,16-64,2010,432
50267,Uncastillo,16-64,2011,429
50267,Uncastillo,16-64,2012,420
50267,Uncastillo,16-64,2013,416
50267,Uncastillo,16-64,2014,408
50267,Uncastillo,16-64,2015,411
50267,Uncastillo,16-64,2016,400
50267,Uncastillo,16-64,2017,399
50267,Uncastillo,16-64,2018,391
50267,Uncastillo,16-64,2019,378
50267,Uncastillo,16-64,2020,368
50267,Uncastillo,16-64,2021,376
50267,Uncastillo,16-64,2022,373
50267,Uncastillo,65-100,2003,311
50267,Uncastillo,65-100,2004,310
50267,Uncastillo,65-100,2005,307
50267,Uncastillo,65-100,2006,301
50267,Uncastillo,65-100,2007,284
50267,Uncastillo,65-100,2008,286
50267,Uncastillo,65-100,2009,280
50267,Uncastillo,65-100,2010,273
50267,Uncastillo,65-100,2011,254
50267,Uncastillo,65-100,2012,245
50267,Uncastillo,65-100,2013,231
50267,Uncastillo,65-100,2014,223
50267,Uncastillo,65-100,2015,215
50267,Uncastillo,65-100,2016,216
50267,Uncastillo,65-100,2017,219
50267,Uncastillo,65-100,2018,214
50267,Uncastillo,65-100,2019,214
50267,Uncastillo,65-100,2020,216
50267,Uncastillo,65-100,2021,221
50267,Uncastillo,65-100,2022,220
50268,Undués de Lerda,0-16,2003,4
50268,Undués de Lerda,0-16,2004,4
50268,Undués de Lerda,0-16,2005,5
50268,Undués de Lerda,0-16,2006,4
50268,Undués de Lerda,0-16,2007,6
50268,Undués de Lerda,0-16,2008,7
50268,Undués de Lerda,0-16,2009,11
50268,Undués de Lerda,0-16,2010,12
50268,Undués de Lerda,0-16,2011,12
50268,Undués de Lerda,0-16,2012,15
50268,Undués de Lerda,0-16,2013,7
50268,Undués de Lerda,0-16,2014,5
50268,Undués de Lerda,0-16,2015,10
50268,Undués de Lerda,0-16,2016,12
50268,Undués de Lerda,0-16,2017,11
50268,Undués de Lerda,0-16,2018,7
50268,Undués de Lerda,0-16,2019,5
50268,Undués de Lerda,0-16,2020,5
50268,Undués de Lerda,0-16,2021,5
50268,Undués de Lerda,0-16,2022,5
50268,Undués de Lerda,16-64,2003,25
50268,Undués de Lerda,16-64,2004,29
50268,Undués de Lerda,16-64,2005,30
50268,Undués de Lerda,16-64,2006,38
50268,Undués de Lerda,16-64,2007,36
50268,Undués de Lerda,16-64,2008,37
50268,Undués de Lerda,16-64,2009,41
50268,Undués de Lerda,16-64,2010,41
50268,Undués de Lerda,16-64,2011,45
50268,Undués de Lerda,16-64,2012,44
50268,Undués de Lerda,16-64,2013,38
50268,Undués de Lerda,16-64,2014,35
50268,Undués de Lerda,16-64,2015,37
50268,Undués de Lerda,16-64,2016,33
50268,Undués de Lerda,16-64,2017,35
50268,Undués de Lerda,16-64,2018,35
50268,Undués de Lerda,16-64,2019,32
50268,Undués de Lerda,16-64,2020,38
50268,Undués de Lerda,16-64,2021,38
50268,Undués de Lerda,16-64,2022,38
50268,Undués de Lerda,65-100,2003,28
50268,Undués de Lerda,65-100,2004,27
50268,Undués de Lerda,65-100,2005,27
50268,Undués de Lerda,65-100,2006,24
50268,Undués de Lerda,65-100,2007,22
50268,Undués de Lerda,65-100,2008,23
50268,Undués de Lerda,65-100,2009,19
50268,Undués de Lerda,65-100,2010,18
50268,Undués de Lerda,65-100,2011,17
50268,Undués de Lerda,65-100,2012,17
50268,Undués de Lerda,65-100,2013,15
50268,Undués de Lerda,65-100,2014,16
50268,Undués de Lerda,65-100,2015,14
50268,Undués de Lerda,65-100,2016,13
50268,Undués de Lerda,65-100,2017,13
50268,Undués de Lerda,65-100,2018,13
50268,Undués de Lerda,65-100,2019,13
50268,Undués de Lerda,65-100,2020,14
50268,Undués de Lerda,65-100,2021,13
50268,Undués de Lerda,65-100,2022,9
50269,Urrea de Jalón,0-16,2003,28
50269,Urrea de Jalón,0-16,2004,29
50269,Urrea de Jalón,0-16,2005,27
50269,Urrea de Jalón,0-16,2006,34
50269,Urrea de Jalón,0-16,2007,37
50269,Urrea de Jalón,0-16,2008,40
50269,Urrea de Jalón,0-16,2009,41
50269,Urrea de Jalón,0-16,2010,41
50269,Urrea de Jalón,0-16,2011,43
50269,Urrea de Jalón,0-16,2012,40
50269,Urrea de Jalón,0-16,2013,46
50269,Urrea de Jalón,0-16,2014,46
50269,Urrea de Jalón,0-16,2015,52
50269,Urrea de Jalón,0-16,2016,53
50269,Urrea de Jalón,0-16,2017,53
50269,Urrea de Jalón,0-16,2018,62
50269,Urrea de Jalón,0-16,2019,60
50269,Urrea de Jalón,0-16,2020,61
50269,Urrea de Jalón,0-16,2021,59
50269,Urrea de Jalón,0-16,2022,65
50269,Urrea de Jalón,16-64,2003,206
50269,Urrea de Jalón,16-64,2004,205
50269,Urrea de Jalón,16-64,2005,197
50269,Urrea de Jalón,16-64,2006,221
50269,Urrea de Jalón,16-64,2007,235
50269,Urrea de Jalón,16-64,2008,242
50269,Urrea de Jalón,16-64,2009,249
50269,Urrea de Jalón,16-64,2010,234
50269,Urrea de Jalón,16-64,2011,235
50269,Urrea de Jalón,16-64,2012,238
50269,Urrea de Jalón,16-64,2013,238
50269,Urrea de Jalón,16-64,2014,232
50269,Urrea de Jalón,16-64,2015,233
50269,Urrea de Jalón,16-64,2016,225
50269,Urrea de Jalón,16-64,2017,227
50269,Urrea de Jalón,16-64,2018,233
50269,Urrea de Jalón,16-64,2019,239
50269,Urrea de Jalón,16-64,2020,250
50269,Urrea de Jalón,16-64,2021,261
50269,Urrea de Jalón,16-64,2022,265
50269,Urrea de Jalón,65-100,2003,113
50269,Urrea de Jalón,65-100,2004,110
50269,Urrea de Jalón,65-100,2005,105
50269,Urrea de Jalón,65-100,2006,114
50269,Urrea de Jalón,65-100,2007,113
50269,Urrea de Jalón,65-100,2008,126
50269,Urrea de Jalón,65-100,2009,133
50269,Urrea de Jalón,65-100,2010,139
50269,Urrea de Jalón,65-100,2011,125
50269,Urrea de Jalón,65-100,2012,118
50269,Urrea de Jalón,65-100,2013,122
50269,Urrea de Jalón,65-100,2014,120
50269,Urrea de Jalón,65-100,2015,113
50269,Urrea de Jalón,65-100,2016,126
50269,Urrea de Jalón,65-100,2017,122
50269,Urrea de Jalón,65-100,2018,123
50269,Urrea de Jalón,65-100,2019,119
50269,Urrea de Jalón,65-100,2020,124
50269,Urrea de Jalón,65-100,2021,127
50269,Urrea de Jalón,65-100,2022,118
50270,Urriés,0-16,2003,1
50270,Urriés,0-16,2004,0
50270,Urriés,0-16,2005,0
50270,Urriés,0-16,2006,0
50270,Urriés,0-16,2007,0
50270,Urriés,0-16,2008,0
50270,Urriés,0-16,2009,0
50270,Urriés,0-16,2010,0
50270,Urriés,0-16,2011,0
50270,Urriés,0-16,2012,0
50270,Urriés,0-16,2013,0
50270,Urriés,0-16,2014,0
50270,Urriés,0-16,2015,0
50270,Urriés,0-16,2016,1
50270,Urriés,0-16,2017,1
50270,Urriés,0-16,2018,1
50270,Urriés,0-16,2019,1
50270,Urriés,0-16,2020,4
50270,Urriés,0-16,2021,5
50270,Urriés,0-16,2022,5
50270,Urriés,16-64,2003,29
50270,Urriés,16-64,2004,29
50270,Urriés,16-64,2005,26
50270,Urriés,16-64,2006,31
50270,Urriés,16-64,2007,25
50270,Urriés,16-64,2008,20
50270,Urriés,16-64,2009,17
50270,Urriés,16-64,2010,17
50270,Urriés,16-64,2011,14
50270,Urriés,16-64,2012,16
50270,Urriés,16-64,2013,16
50270,Urriés,16-64,2014,13
50270,Urriés,16-64,2015,12
50270,Urriés,16-64,2016,15
50270,Urriés,16-64,2017,15
50270,Urriés,16-64,2018,14
50270,Urriés,16-64,2019,14
50270,Urriés,16-64,2020,16
50270,Urriés,16-64,2021,23
50270,Urriés,16-64,2022,24
50270,Urriés,65-100,2003,34
50270,Urriés,65-100,2004,30
50270,Urriés,65-100,2005,29
50270,Urriés,65-100,2006,27
50270,Urriés,65-100,2007,22
50270,Urriés,65-100,2008,25
50270,Urriés,65-100,2009,22
50270,Urriés,65-100,2010,20
50270,Urriés,65-100,2011,22
50270,Urriés,65-100,2012,25
50270,Urriés,65-100,2013,25
50270,Urriés,65-100,2014,25
50270,Urriés,65-100,2015,25
50270,Urriés,65-100,2016,24
50270,Urriés,65-100,2017,22
50270,Urriés,65-100,2018,23
50270,Urriés,65-100,2019,24
50270,Urriés,65-100,2020,23
50270,Urriés,65-100,2021,21
50270,Urriés,65-100,2022,20
50271,Used,0-16,2003,20
50271,Used,0-16,2004,19
50271,Used,0-16,2005,29
50271,Used,0-16,2006,36
50271,Used,0-16,2007,34
50271,Used,0-16,2008,36
50271,Used,0-16,2009,30
50271,Used,0-16,2010,28
50271,Used,0-16,2011,27
50271,Used,0-16,2012,21
50271,Used,0-16,2013,22
50271,Used,0-16,2014,19
50271,Used,0-16,2015,15
50271,Used,0-16,2016,11
50271,Used,0-16,2017,10
50271,Used,0-16,2018,13
50271,Used,0-16,2019,16
50271,Used,0-16,2020,13
50271,Used,0-16,2021,15
50271,Used,0-16,2022,11
50271,Used,16-64,2003,203
50271,Used,16-64,2004,218
50271,Used,16-64,2005,219
50271,Used,16-64,2006,217
50271,Used,16-64,2007,203
50271,Used,16-64,2008,200
50271,Used,16-64,2009,196
50271,Used,16-64,2010,187
50271,Used,16-64,2011,179
50271,Used,16-64,2012,168
50271,Used,16-64,2013,174
50271,Used,16-64,2014,167
50271,Used,16-64,2015,165
50271,Used,16-64,2016,150
50271,Used,16-64,2017,157
50271,Used,16-64,2018,154
50271,Used,16-64,2019,154
50271,Used,16-64,2020,145
50271,Used,16-64,2021,154
50271,Used,16-64,2022,152
50271,Used,65-100,2003,117
50271,Used,65-100,2004,113
50271,Used,65-100,2005,115
50271,Used,65-100,2006,116
50271,Used,65-100,2007,123
50271,Used,65-100,2008,113
50271,Used,65-100,2009,116
50271,Used,65-100,2010,113
50271,Used,65-100,2011,115
50271,Used,65-100,2012,115
50271,Used,65-100,2013,107
50271,Used,65-100,2014,108
50271,Used,65-100,2015,108
50271,Used,65-100,2016,106
50271,Used,65-100,2017,109
50271,Used,65-100,2018,104
50271,Used,65-100,2019,99
50271,Used,65-100,2020,98
50271,Used,65-100,2021,102
50271,Used,65-100,2022,106
50272,Utebo,0-16,2003,2291
50272,Utebo,0-16,2004,2407
50272,Utebo,0-16,2005,2591
50272,Utebo,0-16,2006,2789
50272,Utebo,0-16,2007,3068
50272,Utebo,0-16,2008,3323
50272,Utebo,0-16,2009,3514
50272,Utebo,0-16,2010,3702
50272,Utebo,0-16,2011,3822
50272,Utebo,0-16,2012,3853
50272,Utebo,0-16,2013,3959
50272,Utebo,0-16,2014,4007
50272,Utebo,0-16,2015,3992
50272,Utebo,0-16,2016,3952
50272,Utebo,0-16,2017,3962
50272,Utebo,0-16,2018,3932
50272,Utebo,0-16,2019,3882
50272,Utebo,0-16,2020,3773
50272,Utebo,0-16,2021,3625
50272,Utebo,0-16,2022,3546
50272,Utebo,16-64,2003,9153
50272,Utebo,16-64,2004,9632
50272,Utebo,16-64,2005,10205
50272,Utebo,16-64,2006,10849
50272,Utebo,16-64,2007,11531
50272,Utebo,16-64,2008,12273
50272,Utebo,16-64,2009,12735
50272,Utebo,16-64,2010,12789
50272,Utebo,16-64,2011,12784
50272,Utebo,16-64,2012,12752
50272,Utebo,16-64,2013,12658
50272,Utebo,16-64,2014,12631
50272,Utebo,16-64,2015,12509
50272,Utebo,16-64,2016,12532
50272,Utebo,16-64,2017,12562
50272,Utebo,16-64,2018,12470
50272,Utebo,16-64,2019,12505
50272,Utebo,16-64,2020,12654
50272,Utebo,16-64,2021,12803
50272,Utebo,16-64,2022,12768
50272,Utebo,65-100,2003,1156
50272,Utebo,65-100,2004,1188
50272,Utebo,65-100,2005,1241
50272,Utebo,65-100,2006,1282
50272,Utebo,65-100,2007,1313
50272,Utebo,65-100,2008,1370
50272,Utebo,65-100,2009,1428
50272,Utebo,65-100,2010,1508
50272,Utebo,65-100,2011,1598
50272,Utebo,65-100,2012,1676
50272,Utebo,65-100,2013,1719
50272,Utebo,65-100,2014,1791
50272,Utebo,65-100,2015,1929
50272,Utebo,65-100,2016,1982
50272,Utebo,65-100,2017,2069
50272,Utebo,65-100,2018,2200
50272,Utebo,65-100,2019,2304
50272,Utebo,65-100,2020,2395
50272,Utebo,65-100,2021,2428
50272,Utebo,65-100,2022,2567
50274,Val de San Martín,0-16,2003,3
50274,Val de San Martín,0-16,2004,3
50274,Val de San Martín,0-16,2005,1
50274,Val de San Martín,0-16,2006,1
50274,Val de San Martín,0-16,2007,3
50274,Val de San Martín,0-16,2008,3
50274,Val de San Martín,0-16,2009,1
50274,Val de San Martín,0-16,2010,0
50274,Val de San Martín,0-16,2011,0
50274,Val de San Martín,0-16,2012,0
50274,Val de San Martín,0-16,2013,0
50274,Val de San Martín,0-16,2014,0
50274,Val de San Martín,0-16,2015,0
50274,Val de San Martín,0-16,2016,0
50274,Val de San Martín,0-16,2017,0
50274,Val de San Martín,0-16,2018,0
50274,Val de San Martín,0-16,2019,0
50274,Val de San Martín,0-16,2020,0
50274,Val de San Martín,0-16,2021,0
50274,Val de San Martín,0-16,2022,1
50274,Val de San Martín,16-64,2003,52
50274,Val de San Martín,16-64,2004,51
50274,Val de San Martín,16-64,2005,51
50274,Val de San Martín,16-64,2006,50
50274,Val de San Martín,16-64,2007,51
50274,Val de San Martín,16-64,2008,53
50274,Val de San Martín,16-64,2009,50
50274,Val de San Martín,16-64,2010,50
50274,Val de San Martín,16-64,2011,50
50274,Val de San Martín,16-64,2012,49
50274,Val de San Martín,16-64,2013,48
50274,Val de San Martín,16-64,2014,46
50274,Val de San Martín,16-64,2015,45
50274,Val de San Martín,16-64,2016,45
50274,Val de San Martín,16-64,2017,41
50274,Val de San Martín,16-64,2018,39
50274,Val de San Martín,16-64,2019,41
50274,Val de San Martín,16-64,2020,38
50274,Val de San Martín,16-64,2021,36
50274,Val de San Martín,16-64,2022,34
50274,Val de San Martín,65-100,2003,30
50274,Val de San Martín,65-100,2004,30
50274,Val de San Martín,65-100,2005,32
50274,Val de San Martín,65-100,2006,36
50274,Val de San Martín,65-100,2007,35
50274,Val de San Martín,65-100,2008,32
50274,Val de San Martín,65-100,2009,34
50274,Val de San Martín,65-100,2010,29
50274,Val de San Martín,65-100,2011,30
50274,Val de San Martín,65-100,2012,28
50274,Val de San Martín,65-100,2013,28
50274,Val de San Martín,65-100,2014,25
50274,Val de San Martín,65-100,2015,25
50274,Val de San Martín,65-100,2016,25
50274,Val de San Martín,65-100,2017,24
50274,Val de San Martín,65-100,2018,25
50274,Val de San Martín,65-100,2019,25
50274,Val de San Martín,65-100,2020,23
50274,Val de San Martín,65-100,2021,23
50274,Val de San Martín,65-100,2022,25
50273,Valdehorna,0-16,2003,0
50273,Valdehorna,0-16,2004,0
50273,Valdehorna,0-16,2005,0
50273,Valdehorna,0-16,2006,0
50273,Valdehorna,0-16,2007,0
50273,Valdehorna,0-16,2008,0
50273,Valdehorna,0-16,2009,0
50273,Valdehorna,0-16,2010,0
50273,Valdehorna,0-16,2011,1
50273,Valdehorna,0-16,2012,0
50273,Valdehorna,0-16,2013,0
50273,Valdehorna,0-16,2014,0
50273,Valdehorna,0-16,2015,0
50273,Valdehorna,0-16,2016,0
50273,Valdehorna,0-16,2017,0
50273,Valdehorna,0-16,2018,0
50273,Valdehorna,0-16,2019,0
50273,Valdehorna,0-16,2020,0
50273,Valdehorna,0-16,2021,0
50273,Valdehorna,0-16,2022,0
50273,Valdehorna,16-64,2003,20
50273,Valdehorna,16-64,2004,20
50273,Valdehorna,16-64,2005,17
50273,Valdehorna,16-64,2006,16
50273,Valdehorna,16-64,2007,16
50273,Valdehorna,16-64,2008,13
50273,Valdehorna,16-64,2009,13
50273,Valdehorna,16-64,2010,11
50273,Valdehorna,16-64,2011,11
50273,Valdehorna,16-64,2012,10
50273,Valdehorna,16-64,2013,10
50273,Valdehorna,16-64,2014,9
50273,Valdehorna,16-64,2015,12
50273,Valdehorna,16-64,2016,12
50273,Valdehorna,16-64,2017,15
50273,Valdehorna,16-64,2018,14
50273,Valdehorna,16-64,2019,16
50273,Valdehorna,16-64,2020,18
50273,Valdehorna,16-64,2021,18
50273,Valdehorna,16-64,2022,17
50273,Valdehorna,65-100,2003,33
50273,Valdehorna,65-100,2004,31
50273,Valdehorna,65-100,2005,29
50273,Valdehorna,65-100,2006,28
50273,Valdehorna,65-100,2007,30
50273,Valdehorna,65-100,2008,29
50273,Valdehorna,65-100,2009,25
50273,Valdehorna,65-100,2010,24
50273,Valdehorna,65-100,2011,24
50273,Valdehorna,65-100,2012,23
50273,Valdehorna,65-100,2013,19
50273,Valdehorna,65-100,2014,18
50273,Valdehorna,65-100,2015,18
50273,Valdehorna,65-100,2016,16
50273,Valdehorna,65-100,2017,15
50273,Valdehorna,65-100,2018,16
50273,Valdehorna,65-100,2019,17
50273,Valdehorna,65-100,2020,15
50273,Valdehorna,65-100,2021,11
50273,Valdehorna,65-100,2022,10
50275,Valmadrid,0-16,2003,10
50275,Valmadrid,0-16,2004,9
50275,Valmadrid,0-16,2005,9
50275,Valmadrid,0-16,2006,7
50275,Valmadrid,0-16,2007,6
50275,Valmadrid,0-16,2008,4
50275,Valmadrid,0-16,2009,5
50275,Valmadrid,0-16,2010,5
50275,Valmadrid,0-16,2011,6
50275,Valmadrid,0-16,2012,5
50275,Valmadrid,0-16,2013,13
50275,Valmadrid,0-16,2014,14
50275,Valmadrid,0-16,2015,12
50275,Valmadrid,0-16,2016,9
50275,Valmadrid,0-16,2017,8
50275,Valmadrid,0-16,2018,6
50275,Valmadrid,0-16,2019,5
50275,Valmadrid,0-16,2020,3
50275,Valmadrid,0-16,2021,2
50275,Valmadrid,0-16,2022,2
50275,Valmadrid,16-64,2003,54
50275,Valmadrid,16-64,2004,55
50275,Valmadrid,16-64,2005,47
50275,Valmadrid,16-64,2006,51
50275,Valmadrid,16-64,2007,59
50275,Valmadrid,16-64,2008,68
50275,Valmadrid,16-64,2009,67
50275,Valmadrid,16-64,2010,73
50275,Valmadrid,16-64,2011,68
50275,Valmadrid,16-64,2012,74
50275,Valmadrid,16-64,2013,81
50275,Valmadrid,16-64,2014,78
50275,Valmadrid,16-64,2015,71
50275,Valmadrid,16-64,2016,66
50275,Valmadrid,16-64,2017,60
50275,Valmadrid,16-64,2018,53
50275,Valmadrid,16-64,2019,54
50275,Valmadrid,16-64,2020,54
50275,Valmadrid,16-64,2021,51
50275,Valmadrid,16-64,2022,57
50275,Valmadrid,65-100,2003,37
50275,Valmadrid,65-100,2004,36
50275,Valmadrid,65-100,2005,36
50275,Valmadrid,65-100,2006,32
50275,Valmadrid,65-100,2007,31
50275,Valmadrid,65-100,2008,31
50275,Valmadrid,65-100,2009,30
50275,Valmadrid,65-100,2010,31
50275,Valmadrid,65-100,2011,32
50275,Valmadrid,65-100,2012,32
50275,Valmadrid,65-100,2013,44
50275,Valmadrid,65-100,2014,49
50275,Valmadrid,65-100,2015,45
50275,Valmadrid,65-100,2016,47
50275,Valmadrid,65-100,2017,56
50275,Valmadrid,65-100,2018,53
50275,Valmadrid,65-100,2019,58
50275,Valmadrid,65-100,2020,55
50275,Valmadrid,65-100,2021,45
50275,Valmadrid,65-100,2022,51
50276,Valpalmas,0-16,2003,13
50276,Valpalmas,0-16,2004,14
50276,Valpalmas,0-16,2005,15
50276,Valpalmas,0-16,2006,13
50276,Valpalmas,0-16,2007,9
50276,Valpalmas,0-16,2008,8
50276,Valpalmas,0-16,2009,7
50276,Valpalmas,0-16,2010,6
50276,Valpalmas,0-16,2011,6
50276,Valpalmas,0-16,2012,5
50276,Valpalmas,0-16,2013,2
50276,Valpalmas,0-16,2014,2
50276,Valpalmas,0-16,2015,1
50276,Valpalmas,0-16,2016,2
50276,Valpalmas,0-16,2017,2
50276,Valpalmas,0-16,2018,3
50276,Valpalmas,0-16,2019,3
50276,Valpalmas,0-16,2020,2
50276,Valpalmas,0-16,2021,3
50276,Valpalmas,0-16,2022,2
50276,Valpalmas,16-64,2003,88
50276,Valpalmas,16-64,2004,90
50276,Valpalmas,16-64,2005,90
50276,Valpalmas,16-64,2006,91
50276,Valpalmas,16-64,2007,92
50276,Valpalmas,16-64,2008,91
50276,Valpalmas,16-64,2009,90
50276,Valpalmas,16-64,2010,90
50276,Valpalmas,16-64,2011,98
50276,Valpalmas,16-64,2012,99
50276,Valpalmas,16-64,2013,94
50276,Valpalmas,16-64,2014,91
50276,Valpalmas,16-64,2015,91
50276,Valpalmas,16-64,2016,93
50276,Valpalmas,16-64,2017,83
50276,Valpalmas,16-64,2018,87
50276,Valpalmas,16-64,2019,85
50276,Valpalmas,16-64,2020,85
50276,Valpalmas,16-64,2021,80
50276,Valpalmas,16-64,2022,77
50276,Valpalmas,65-100,2003,68
50276,Valpalmas,65-100,2004,64
50276,Valpalmas,65-100,2005,61
50276,Valpalmas,65-100,2006,63
50276,Valpalmas,65-100,2007,65
50276,Valpalmas,65-100,2008,66
50276,Valpalmas,65-100,2009,63
50276,Valpalmas,65-100,2010,59
50276,Valpalmas,65-100,2011,60
50276,Valpalmas,65-100,2012,57
50276,Valpalmas,65-100,2013,55
50276,Valpalmas,65-100,2014,51
50276,Valpalmas,65-100,2015,50
50276,Valpalmas,65-100,2016,52
50276,Valpalmas,65-100,2017,50
50276,Valpalmas,65-100,2018,52
50276,Valpalmas,65-100,2019,52
50276,Valpalmas,65-100,2020,50
50276,Valpalmas,65-100,2021,52
50276,Valpalmas,65-100,2022,55
50277,Valtorres,0-16,2003,5
50277,Valtorres,0-16,2004,4
50277,Valtorres,0-16,2005,6
50277,Valtorres,0-16,2006,6
50277,Valtorres,0-16,2007,10
50277,Valtorres,0-16,2008,10
50277,Valtorres,0-16,2009,11
50277,Valtorres,0-16,2010,11
50277,Valtorres,0-16,2011,6
50277,Valtorres,0-16,2012,9
50277,Valtorres,0-16,2013,9
50277,Valtorres,0-16,2014,8
50277,Valtorres,0-16,2015,4
50277,Valtorres,0-16,2016,5
50277,Valtorres,0-16,2017,2
50277,Valtorres,0-16,2018,5
50277,Valtorres,0-16,2019,5
50277,Valtorres,0-16,2020,6
50277,Valtorres,0-16,2021,5
50277,Valtorres,0-16,2022,5
50277,Valtorres,16-64,2003,46
50277,Valtorres,16-64,2004,55
50277,Valtorres,16-64,2005,55
50277,Valtorres,16-64,2006,57
50277,Valtorres,16-64,2007,59
50277,Valtorres,16-64,2008,57
50277,Valtorres,16-64,2009,56
50277,Valtorres,16-64,2010,56
50277,Valtorres,16-64,2011,43
50277,Valtorres,16-64,2012,47
50277,Valtorres,16-64,2013,41
50277,Valtorres,16-64,2014,37
50277,Valtorres,16-64,2015,27
50277,Valtorres,16-64,2016,36
50277,Valtorres,16-64,2017,34
50277,Valtorres,16-64,2018,34
50277,Valtorres,16-64,2019,28
50277,Valtorres,16-64,2020,31
50277,Valtorres,16-64,2021,37
50277,Valtorres,16-64,2022,40
50277,Valtorres,65-100,2003,50
50277,Valtorres,65-100,2004,50
50277,Valtorres,65-100,2005,49
50277,Valtorres,65-100,2006,46
50277,Valtorres,65-100,2007,48
50277,Valtorres,65-100,2008,47
50277,Valtorres,65-100,2009,47
50277,Valtorres,65-100,2010,47
50277,Valtorres,65-100,2011,46
50277,Valtorres,65-100,2012,45
50277,Valtorres,65-100,2013,42
50277,Valtorres,65-100,2014,42
50277,Valtorres,65-100,2015,35
50277,Valtorres,65-100,2016,32
50277,Valtorres,65-100,2017,28
50277,Valtorres,65-100,2018,29
50277,Valtorres,65-100,2019,28
50277,Valtorres,65-100,2020,24
50277,Valtorres,65-100,2021,21
50277,Valtorres,65-100,2022,19
50278,Velilla de Ebro,0-16,2003,23
50278,Velilla de Ebro,0-16,2004,26
50278,Velilla de Ebro,0-16,2005,22
50278,Velilla de Ebro,0-16,2006,29
50278,Velilla de Ebro,0-16,2007,25
50278,Velilla de Ebro,0-16,2008,28
50278,Velilla de Ebro,0-16,2009,36
50278,Velilla de Ebro,0-16,2010,38
50278,Velilla de Ebro,0-16,2011,33
50278,Velilla de Ebro,0-16,2012,29
50278,Velilla de Ebro,0-16,2013,31
50278,Velilla de Ebro,0-16,2014,34
50278,Velilla de Ebro,0-16,2015,38
50278,Velilla de Ebro,0-16,2016,32
50278,Velilla de Ebro,0-16,2017,32
50278,Velilla de Ebro,0-16,2018,29
50278,Velilla de Ebro,0-16,2019,32
50278,Velilla de Ebro,0-16,2020,24
50278,Velilla de Ebro,0-16,2021,21
50278,Velilla de Ebro,0-16,2022,19
50278,Velilla de Ebro,16-64,2003,144
50278,Velilla de Ebro,16-64,2004,147
50278,Velilla de Ebro,16-64,2005,154
50278,Velilla de Ebro,16-64,2006,153
50278,Velilla de Ebro,16-64,2007,150
50278,Velilla de Ebro,16-64,2008,155
50278,Velilla de Ebro,16-64,2009,162
50278,Velilla de Ebro,16-64,2010,154
50278,Velilla de Ebro,16-64,2011,150
50278,Velilla de Ebro,16-64,2012,146
50278,Velilla de Ebro,16-64,2013,146
50278,Velilla de Ebro,16-64,2014,143
50278,Velilla de Ebro,16-64,2015,147
50278,Velilla de Ebro,16-64,2016,136
50278,Velilla de Ebro,16-64,2017,132
50278,Velilla de Ebro,16-64,2018,126
50278,Velilla de Ebro,16-64,2019,126
50278,Velilla de Ebro,16-64,2020,118
50278,Velilla de Ebro,16-64,2021,121
50278,Velilla de Ebro,16-64,2022,120
50278,Velilla de Ebro,65-100,2003,82
50278,Velilla de Ebro,65-100,2004,83
50278,Velilla de Ebro,65-100,2005,79
50278,Velilla de Ebro,65-100,2006,78
50278,Velilla de Ebro,65-100,2007,73
50278,Velilla de Ebro,65-100,2008,67
50278,Velilla de Ebro,65-100,2009,63
50278,Velilla de Ebro,65-100,2010,62
50278,Velilla de Ebro,65-100,2011,62
50278,Velilla de Ebro,65-100,2012,68
50278,Velilla de Ebro,65-100,2013,66
50278,Velilla de Ebro,65-100,2014,64
50278,Velilla de Ebro,65-100,2015,65
50278,Velilla de Ebro,65-100,2016,63
50278,Velilla de Ebro,65-100,2017,60
50278,Velilla de Ebro,65-100,2018,60
50278,Velilla de Ebro,65-100,2019,57
50278,Velilla de Ebro,65-100,2020,61
50278,Velilla de Ebro,65-100,2021,61
50278,Velilla de Ebro,65-100,2022,61
50279,Velilla de Jiloca,0-16,2003,6
50279,Velilla de Jiloca,0-16,2004,6
50279,Velilla de Jiloca,0-16,2005,5
50279,Velilla de Jiloca,0-16,2006,5
50279,Velilla de Jiloca,0-16,2007,4
50279,Velilla de Jiloca,0-16,2008,10
50279,Velilla de Jiloca,0-16,2009,7
50279,Velilla de Jiloca,0-16,2010,7
50279,Velilla de Jiloca,0-16,2011,7
50279,Velilla de Jiloca,0-16,2012,13
50279,Velilla de Jiloca,0-16,2013,11
50279,Velilla de Jiloca,0-16,2014,16
50279,Velilla de Jiloca,0-16,2015,13
50279,Velilla de Jiloca,0-16,2016,11
50279,Velilla de Jiloca,0-16,2017,8
50279,Velilla de Jiloca,0-16,2018,4
50279,Velilla de Jiloca,0-16,2019,4
50279,Velilla de Jiloca,0-16,2020,4
50279,Velilla de Jiloca,0-16,2021,2
50279,Velilla de Jiloca,0-16,2022,2
50279,Velilla de Jiloca,16-64,2003,39
50279,Velilla de Jiloca,16-64,2004,37
50279,Velilla de Jiloca,16-64,2005,35
50279,Velilla de Jiloca,16-64,2006,31
50279,Velilla de Jiloca,16-64,2007,27
50279,Velilla de Jiloca,16-64,2008,37
50279,Velilla de Jiloca,16-64,2009,37
50279,Velilla de Jiloca,16-64,2010,36
50279,Velilla de Jiloca,16-64,2011,33
50279,Velilla de Jiloca,16-64,2012,47
50279,Velilla de Jiloca,16-64,2013,51
50279,Velilla de Jiloca,16-64,2014,67
50279,Velilla de Jiloca,16-64,2015,62
50279,Velilla de Jiloca,16-64,2016,63
50279,Velilla de Jiloca,16-64,2017,57
50279,Velilla de Jiloca,16-64,2018,49
50279,Velilla de Jiloca,16-64,2019,48
50279,Velilla de Jiloca,16-64,2020,49
50279,Velilla de Jiloca,16-64,2021,48
50279,Velilla de Jiloca,16-64,2022,46
50279,Velilla de Jiloca,65-100,2003,72
50279,Velilla de Jiloca,65-100,2004,71
50279,Velilla de Jiloca,65-100,2005,69
50279,Velilla de Jiloca,65-100,2006,68
50279,Velilla de Jiloca,65-100,2007,64
50279,Velilla de Jiloca,65-100,2008,61
50279,Velilla de Jiloca,65-100,2009,60
50279,Velilla de Jiloca,65-100,2010,59
50279,Velilla de Jiloca,65-100,2011,59
50279,Velilla de Jiloca,65-100,2012,55
50279,Velilla de Jiloca,65-100,2013,54
50279,Velilla de Jiloca,65-100,2014,45
50279,Velilla de Jiloca,65-100,2015,45
50279,Velilla de Jiloca,65-100,2016,40
50279,Velilla de Jiloca,65-100,2017,35
50279,Velilla de Jiloca,65-100,2018,37
50279,Velilla de Jiloca,65-100,2019,35
50279,Velilla de Jiloca,65-100,2020,28
50279,Velilla de Jiloca,65-100,2021,26
50279,Velilla de Jiloca,65-100,2022,23
50280,Vera de Moncayo,0-16,2003,31
50280,Vera de Moncayo,0-16,2004,27
50280,Vera de Moncayo,0-16,2005,27
50280,Vera de Moncayo,0-16,2006,30
50280,Vera de Moncayo,0-16,2007,28
50280,Vera de Moncayo,0-16,2008,22
50280,Vera de Moncayo,0-16,2009,24
50280,Vera de Moncayo,0-16,2010,26
50280,Vera de Moncayo,0-16,2011,24
50280,Vera de Moncayo,0-16,2012,24
50280,Vera de Moncayo,0-16,2013,27
50280,Vera de Moncayo,0-16,2014,27
50280,Vera de Moncayo,0-16,2015,28
50280,Vera de Moncayo,0-16,2016,30
50280,Vera de Moncayo,0-16,2017,26
50280,Vera de Moncayo,0-16,2018,24
50280,Vera de Moncayo,0-16,2019,25
50280,Vera de Moncayo,0-16,2020,19
50280,Vera de Moncayo,0-16,2021,16
50280,Vera de Moncayo,0-16,2022,15
50280,Vera de Moncayo,16-64,2003,247
50280,Vera de Moncayo,16-64,2004,248
50280,Vera de Moncayo,16-64,2005,246
50280,Vera de Moncayo,16-64,2006,242
50280,Vera de Moncayo,16-64,2007,250
50280,Vera de Moncayo,16-64,2008,244
50280,Vera de Moncayo,16-64,2009,246
50280,Vera de Moncayo,16-64,2010,236
50280,Vera de Moncayo,16-64,2011,237
50280,Vera de Moncayo,16-64,2012,233
50280,Vera de Moncayo,16-64,2013,236
50280,Vera de Moncayo,16-64,2014,228
50280,Vera de Moncayo,16-64,2015,226
50280,Vera de Moncayo,16-64,2016,218
50280,Vera de Moncayo,16-64,2017,217
50280,Vera de Moncayo,16-64,2018,202
50280,Vera de Moncayo,16-64,2019,186
50280,Vera de Moncayo,16-64,2020,180
50280,Vera de Moncayo,16-64,2021,183
50280,Vera de Moncayo,16-64,2022,185
50280,Vera de Moncayo,65-100,2003,170
50280,Vera de Moncayo,65-100,2004,157
50280,Vera de Moncayo,65-100,2005,165
50280,Vera de Moncayo,65-100,2006,159
50280,Vera de Moncayo,65-100,2007,163
50280,Vera de Moncayo,65-100,2008,158
50280,Vera de Moncayo,65-100,2009,155
50280,Vera de Moncayo,65-100,2010,157
50280,Vera de Moncayo,65-100,2011,144
50280,Vera de Moncayo,65-100,2012,141
50280,Vera de Moncayo,65-100,2013,143
50280,Vera de Moncayo,65-100,2014,137
50280,Vera de Moncayo,65-100,2015,134
50280,Vera de Moncayo,65-100,2016,135
50280,Vera de Moncayo,65-100,2017,132
50280,Vera de Moncayo,65-100,2018,134
50280,Vera de Moncayo,65-100,2019,127
50280,Vera de Moncayo,65-100,2020,123
50280,Vera de Moncayo,65-100,2021,115
50280,Vera de Moncayo,65-100,2022,116
50281,Vierlas,0-16,2003,14
50281,Vierlas,0-16,2004,12
50281,Vierlas,0-16,2005,14
50281,Vierlas,0-16,2006,14
50281,Vierlas,0-16,2007,12
50281,Vierlas,0-16,2008,12
50281,Vierlas,0-16,2009,15
50281,Vierlas,0-16,2010,15
50281,Vierlas,0-16,2011,15
50281,Vierlas,0-16,2012,16
50281,Vierlas,0-16,2013,15
50281,Vierlas,0-16,2014,16
50281,Vierlas,0-16,2015,15
50281,Vierlas,0-16,2016,10
50281,Vierlas,0-16,2017,6
50281,Vierlas,0-16,2018,5
50281,Vierlas,0-16,2019,6
50281,Vierlas,0-16,2020,6
50281,Vierlas,0-16,2021,5
50281,Vierlas,0-16,2022,4
50281,Vierlas,16-64,2003,45
50281,Vierlas,16-64,2004,42
50281,Vierlas,16-64,2005,41
50281,Vierlas,16-64,2006,46
50281,Vierlas,16-64,2007,52
50281,Vierlas,16-64,2008,51
50281,Vierlas,16-64,2009,47
50281,Vierlas,16-64,2010,51
50281,Vierlas,16-64,2011,46
50281,Vierlas,16-64,2012,47
50281,Vierlas,16-64,2013,45
50281,Vierlas,16-64,2014,56
50281,Vierlas,16-64,2015,48
50281,Vierlas,16-64,2016,46
50281,Vierlas,16-64,2017,43
50281,Vierlas,16-64,2018,42
50281,Vierlas,16-64,2019,44
50281,Vierlas,16-64,2020,49
50281,Vierlas,16-64,2021,53
50281,Vierlas,16-64,2022,54
50281,Vierlas,65-100,2003,44
50281,Vierlas,65-100,2004,44
50281,Vierlas,65-100,2005,43
50281,Vierlas,65-100,2006,41
50281,Vierlas,65-100,2007,39
50281,Vierlas,65-100,2008,40
50281,Vierlas,65-100,2009,33
50281,Vierlas,65-100,2010,38
50281,Vierlas,65-100,2011,36
50281,Vierlas,65-100,2012,35
50281,Vierlas,65-100,2013,31
50281,Vierlas,65-100,2014,33
50281,Vierlas,65-100,2015,33
50281,Vierlas,65-100,2016,29
50281,Vierlas,65-100,2017,24
50281,Vierlas,65-100,2018,27
50281,Vierlas,65-100,2019,27
50281,Vierlas,65-100,2020,27
50281,Vierlas,65-100,2021,25
50281,Vierlas,65-100,2022,22
50283,Villadoz,0-16,2003,3
50283,Villadoz,0-16,2004,8
50283,Villadoz,0-16,2005,10
50283,Villadoz,0-16,2006,10
50283,Villadoz,0-16,2007,8
50283,Villadoz,0-16,2008,9
50283,Villadoz,0-16,2009,10
50283,Villadoz,0-16,2010,9
50283,Villadoz,0-16,2011,9
50283,Villadoz,0-16,2012,8
50283,Villadoz,0-16,2013,10
50283,Villadoz,0-16,2014,10
50283,Villadoz,0-16,2015,6
50283,Villadoz,0-16,2016,7
50283,Villadoz,0-16,2017,9
50283,Villadoz,0-16,2018,9
50283,Villadoz,0-16,2019,13
50283,Villadoz,0-16,2020,12
50283,Villadoz,0-16,2021,10
50283,Villadoz,0-16,2022,11
50283,Villadoz,16-64,2003,45
50283,Villadoz,16-64,2004,52
50283,Villadoz,16-64,2005,57
50283,Villadoz,16-64,2006,54
50283,Villadoz,16-64,2007,46
50283,Villadoz,16-64,2008,41
50283,Villadoz,16-64,2009,44
50283,Villadoz,16-64,2010,42
50283,Villadoz,16-64,2011,42
50283,Villadoz,16-64,2012,45
50283,Villadoz,16-64,2013,47
50283,Villadoz,16-64,2014,47
50283,Villadoz,16-64,2015,45
50283,Villadoz,16-64,2016,38
50283,Villadoz,16-64,2017,44
50283,Villadoz,16-64,2018,45
50283,Villadoz,16-64,2019,47
50283,Villadoz,16-64,2020,52
50283,Villadoz,16-64,2021,50
50283,Villadoz,16-64,2022,53
50283,Villadoz,65-100,2003,31
50283,Villadoz,65-100,2004,28
50283,Villadoz,65-100,2005,31
50283,Villadoz,65-100,2006,33
50283,Villadoz,65-100,2007,37
50283,Villadoz,65-100,2008,36
50283,Villadoz,65-100,2009,34
50283,Villadoz,65-100,2010,32
50283,Villadoz,65-100,2011,33
50283,Villadoz,65-100,2012,34
50283,Villadoz,65-100,2013,36
50283,Villadoz,65-100,2014,37
50283,Villadoz,65-100,2015,39
50283,Villadoz,65-100,2016,37
50283,Villadoz,65-100,2017,37
50283,Villadoz,65-100,2018,34
50283,Villadoz,65-100,2019,32
50283,Villadoz,65-100,2020,31
50283,Villadoz,65-100,2021,30
50283,Villadoz,65-100,2022,26
50284,Villafeliche,0-16,2003,16
50284,Villafeliche,0-16,2004,19
50284,Villafeliche,0-16,2005,19
50284,Villafeliche,0-16,2006,17
50284,Villafeliche,0-16,2007,15
50284,Villafeliche,0-16,2008,13
50284,Villafeliche,0-16,2009,14
50284,Villafeliche,0-16,2010,19
50284,Villafeliche,0-16,2011,22
50284,Villafeliche,0-16,2012,21
50284,Villafeliche,0-16,2013,21
50284,Villafeliche,0-16,2014,22
50284,Villafeliche,0-16,2015,16
50284,Villafeliche,0-16,2016,16
50284,Villafeliche,0-16,2017,14
50284,Villafeliche,0-16,2018,11
50284,Villafeliche,0-16,2019,12
50284,Villafeliche,0-16,2020,7
50284,Villafeliche,0-16,2021,6
50284,Villafeliche,0-16,2022,6
50284,Villafeliche,16-64,2003,105
50284,Villafeliche,16-64,2004,96
50284,Villafeliche,16-64,2005,90
50284,Villafeliche,16-64,2006,82
50284,Villafeliche,16-64,2007,81
50284,Villafeliche,16-64,2008,76
50284,Villafeliche,16-64,2009,69
50284,Villafeliche,16-64,2010,84
50284,Villafeliche,16-64,2011,107
50284,Villafeliche,16-64,2012,90
50284,Villafeliche,16-64,2013,89
50284,Villafeliche,16-64,2014,89
50284,Villafeliche,16-64,2015,93
50284,Villafeliche,16-64,2016,86
50284,Villafeliche,16-64,2017,80
50284,Villafeliche,16-64,2018,89
50284,Villafeliche,16-64,2019,94
50284,Villafeliche,16-64,2020,89
50284,Villafeliche,16-64,2021,85
50284,Villafeliche,16-64,2022,94
50284,Villafeliche,65-100,2003,114
50284,Villafeliche,65-100,2004,111
50284,Villafeliche,65-100,2005,111
50284,Villafeliche,65-100,2006,108
50284,Villafeliche,65-100,2007,103
50284,Villafeliche,65-100,2008,98
50284,Villafeliche,65-100,2009,102
50284,Villafeliche,65-100,2010,97
50284,Villafeliche,65-100,2011,96
50284,Villafeliche,65-100,2012,98
50284,Villafeliche,65-100,2013,96
50284,Villafeliche,65-100,2014,89
50284,Villafeliche,65-100,2015,86
50284,Villafeliche,65-100,2016,82
50284,Villafeliche,65-100,2017,74
50284,Villafeliche,65-100,2018,70
50284,Villafeliche,65-100,2019,60
50284,Villafeliche,65-100,2020,58
50284,Villafeliche,65-100,2021,56
50284,Villafeliche,65-100,2022,54
50285,Villafranca de Ebro,0-16,2003,92
50285,Villafranca de Ebro,0-16,2004,93
50285,Villafranca de Ebro,0-16,2005,97
50285,Villafranca de Ebro,0-16,2006,98
50285,Villafranca de Ebro,0-16,2007,98
50285,Villafranca de Ebro,0-16,2008,108
50285,Villafranca de Ebro,0-16,2009,112
50285,Villafranca de Ebro,0-16,2010,120
50285,Villafranca de Ebro,0-16,2011,123
50285,Villafranca de Ebro,0-16,2012,123
50285,Villafranca de Ebro,0-16,2013,124
50285,Villafranca de Ebro,0-16,2014,125
50285,Villafranca de Ebro,0-16,2015,122
50285,Villafranca de Ebro,0-16,2016,121
50285,Villafranca de Ebro,0-16,2017,120
50285,Villafranca de Ebro,0-16,2018,117
50285,Villafranca de Ebro,0-16,2019,114
50285,Villafranca de Ebro,0-16,2020,113
50285,Villafranca de Ebro,0-16,2021,113
50285,Villafranca de Ebro,0-16,2022,109
50285,Villafranca de Ebro,16-64,2003,396
50285,Villafranca de Ebro,16-64,2004,406
50285,Villafranca de Ebro,16-64,2005,426
50285,Villafranca de Ebro,16-64,2006,434
50285,Villafranca de Ebro,16-64,2007,434
50285,Villafranca de Ebro,16-64,2008,456
50285,Villafranca de Ebro,16-64,2009,480
50285,Villafranca de Ebro,16-64,2010,514
50285,Villafranca de Ebro,16-64,2011,509
50285,Villafranca de Ebro,16-64,2012,511
50285,Villafranca de Ebro,16-64,2013,516
50285,Villafranca de Ebro,16-64,2014,504
50285,Villafranca de Ebro,16-64,2015,524
50285,Villafranca de Ebro,16-64,2016,518
50285,Villafranca de Ebro,16-64,2017,517
50285,Villafranca de Ebro,16-64,2018,535
50285,Villafranca de Ebro,16-64,2019,537
50285,Villafranca de Ebro,16-64,2020,538
50285,Villafranca de Ebro,16-64,2021,554
50285,Villafranca de Ebro,16-64,2022,564
50285,Villafranca de Ebro,65-100,2003,184
50285,Villafranca de Ebro,65-100,2004,185
50285,Villafranca de Ebro,65-100,2005,211
50285,Villafranca de Ebro,65-100,2006,201
50285,Villafranca de Ebro,65-100,2007,203
50285,Villafranca de Ebro,65-100,2008,186
50285,Villafranca de Ebro,65-100,2009,185
50285,Villafranca de Ebro,65-100,2010,203
50285,Villafranca de Ebro,65-100,2011,205
50285,Villafranca de Ebro,65-100,2012,200
50285,Villafranca de Ebro,65-100,2013,194
50285,Villafranca de Ebro,65-100,2014,191
50285,Villafranca de Ebro,65-100,2015,190
50285,Villafranca de Ebro,65-100,2016,190
50285,Villafranca de Ebro,65-100,2017,184
50285,Villafranca de Ebro,65-100,2018,178
50285,Villafranca de Ebro,65-100,2019,182
50285,Villafranca de Ebro,65-100,2020,187
50285,Villafranca de Ebro,65-100,2021,181
50285,Villafranca de Ebro,65-100,2022,175
50286,Villalba de Perejil,0-16,2003,11
50286,Villalba de Perejil,0-16,2004,12
50286,Villalba de Perejil,0-16,2005,10
50286,Villalba de Perejil,0-16,2006,9
50286,Villalba de Perejil,0-16,2007,8
50286,Villalba de Perejil,0-16,2008,8
50286,Villalba de Perejil,0-16,2009,9
50286,Villalba de Perejil,0-16,2010,6
50286,Villalba de Perejil,0-16,2011,10
50286,Villalba de Perejil,0-16,2012,10
50286,Villalba de Perejil,0-16,2013,9
50286,Villalba de Perejil,0-16,2014,10
50286,Villalba de Perejil,0-16,2015,11
50286,Villalba de Perejil,0-16,2016,11
50286,Villalba de Perejil,0-16,2017,8
50286,Villalba de Perejil,0-16,2018,10
50286,Villalba de Perejil,0-16,2019,8
50286,Villalba de Perejil,0-16,2020,8
50286,Villalba de Perejil,0-16,2021,10
50286,Villalba de Perejil,0-16,2022,16
50286,Villalba de Perejil,16-64,2003,69
50286,Villalba de Perejil,16-64,2004,76
50286,Villalba de Perejil,16-64,2005,77
50286,Villalba de Perejil,16-64,2006,78
50286,Villalba de Perejil,16-64,2007,76
50286,Villalba de Perejil,16-64,2008,76
50286,Villalba de Perejil,16-64,2009,72
50286,Villalba de Perejil,16-64,2010,77
50286,Villalba de Perejil,16-64,2011,72
50286,Villalba de Perejil,16-64,2012,66
50286,Villalba de Perejil,16-64,2013,70
50286,Villalba de Perejil,16-64,2014,63
50286,Villalba de Perejil,16-64,2015,59
50286,Villalba de Perejil,16-64,2016,57
50286,Villalba de Perejil,16-64,2017,53
50286,Villalba de Perejil,16-64,2018,58
50286,Villalba de Perejil,16-64,2019,57
50286,Villalba de Perejil,16-64,2020,55
50286,Villalba de Perejil,16-64,2021,54
50286,Villalba de Perejil,16-64,2022,51
50286,Villalba de Perejil,65-100,2003,35
50286,Villalba de Perejil,65-100,2004,35
50286,Villalba de Perejil,65-100,2005,36
50286,Villalba de Perejil,65-100,2006,34
50286,Villalba de Perejil,65-100,2007,33
50286,Villalba de Perejil,65-100,2008,30
50286,Villalba de Perejil,65-100,2009,30
50286,Villalba de Perejil,65-100,2010,29
50286,Villalba de Perejil,65-100,2011,31
50286,Villalba de Perejil,65-100,2012,33
50286,Villalba de Perejil,65-100,2013,29
50286,Villalba de Perejil,65-100,2014,29
50286,Villalba de Perejil,65-100,2015,28
50286,Villalba de Perejil,65-100,2016,31
50286,Villalba de Perejil,65-100,2017,32
50286,Villalba de Perejil,65-100,2018,31
50286,Villalba de Perejil,65-100,2019,31
50286,Villalba de Perejil,65-100,2020,33
50286,Villalba de Perejil,65-100,2021,36
50286,Villalba de Perejil,65-100,2022,33
50287,Villalengua,0-16,2003,36
50287,Villalengua,0-16,2004,37
50287,Villalengua,0-16,2005,38
50287,Villalengua,0-16,2006,34
50287,Villalengua,0-16,2007,40
50287,Villalengua,0-16,2008,36
50287,Villalengua,0-16,2009,30
50287,Villalengua,0-16,2010,31
50287,Villalengua,0-16,2011,33
50287,Villalengua,0-16,2012,35
50287,Villalengua,0-16,2013,37
50287,Villalengua,0-16,2014,33
50287,Villalengua,0-16,2015,28
50287,Villalengua,0-16,2016,29
50287,Villalengua,0-16,2017,24
50287,Villalengua,0-16,2018,26
50287,Villalengua,0-16,2019,24
50287,Villalengua,0-16,2020,22
50287,Villalengua,0-16,2021,21
50287,Villalengua,0-16,2022,23
50287,Villalengua,16-64,2003,228
50287,Villalengua,16-64,2004,228
50287,Villalengua,16-64,2005,230
50287,Villalengua,16-64,2006,221
50287,Villalengua,16-64,2007,228
50287,Villalengua,16-64,2008,228
50287,Villalengua,16-64,2009,235
50287,Villalengua,16-64,2010,236
50287,Villalengua,16-64,2011,239
50287,Villalengua,16-64,2012,240
50287,Villalengua,16-64,2013,232
50287,Villalengua,16-64,2014,223
50287,Villalengua,16-64,2015,223
50287,Villalengua,16-64,2016,209
50287,Villalengua,16-64,2017,201
50287,Villalengua,16-64,2018,198
50287,Villalengua,16-64,2019,196
50287,Villalengua,16-64,2020,178
50287,Villalengua,16-64,2021,176
50287,Villalengua,16-64,2022,172
50287,Villalengua,65-100,2003,138
50287,Villalengua,65-100,2004,130
50287,Villalengua,65-100,2005,128
50287,Villalengua,65-100,2006,123
50287,Villalengua,65-100,2007,121
50287,Villalengua,65-100,2008,123
50287,Villalengua,65-100,2009,122
50287,Villalengua,65-100,2010,124
50287,Villalengua,65-100,2011,118
50287,Villalengua,65-100,2012,111
50287,Villalengua,65-100,2013,107
50287,Villalengua,65-100,2014,104
50287,Villalengua,65-100,2015,97
50287,Villalengua,65-100,2016,98
50287,Villalengua,65-100,2017,99
50287,Villalengua,65-100,2018,95
50287,Villalengua,65-100,2019,93
50287,Villalengua,65-100,2020,93
50287,Villalengua,65-100,2021,94
50287,Villalengua,65-100,2022,92
50903,Villamayor de Gállego,0-16,2007,457
50903,Villamayor de Gállego,0-16,2008,460
50903,Villamayor de Gállego,0-16,2009,470
50903,Villamayor de Gállego,0-16,2010,464
50903,Villamayor de Gállego,0-16,2011,450
50903,Villamayor de Gállego,0-16,2012,433
50903,Villamayor de Gállego,0-16,2013,408
50903,Villamayor de Gállego,0-16,2014,398
50903,Villamayor de Gállego,0-16,2015,377
50903,Villamayor de Gállego,0-16,2016,364
50903,Villamayor de Gállego,0-16,2017,353
50903,Villamayor de Gállego,0-16,2018,320
50903,Villamayor de Gállego,0-16,2019,318
50903,Villamayor de Gállego,0-16,2020,325
50903,Villamayor de Gállego,0-16,2021,331
50903,Villamayor de Gállego,0-16,2022,344
50903,Villamayor de Gállego,16-64,2007,1852
50903,Villamayor de Gállego,16-64,2008,1867
50903,Villamayor de Gállego,16-64,2009,1852
50903,Villamayor de Gállego,16-64,2010,1872
50903,Villamayor de Gállego,16-64,2011,1883
50903,Villamayor de Gállego,16-64,2012,1839
50903,Villamayor de Gállego,16-64,2013,1866
50903,Villamayor de Gállego,16-64,2014,1846
50903,Villamayor de Gállego,16-64,2015,1841
50903,Villamayor de Gállego,16-64,2016,1817
50903,Villamayor de Gállego,16-64,2017,1790
50903,Villamayor de Gállego,16-64,2018,1793
50903,Villamayor de Gállego,16-64,2019,1811
50903,Villamayor de Gállego,16-64,2020,1812
50903,Villamayor de Gállego,16-64,2021,1821
50903,Villamayor de Gállego,16-64,2022,1859
50903,Villamayor de Gállego,65-100,2007,540
50903,Villamayor de Gállego,65-100,2008,551
50903,Villamayor de Gállego,65-100,2009,546
50903,Villamayor de Gállego,65-100,2010,552
50903,Villamayor de Gállego,65-100,2011,552
50903,Villamayor de Gállego,65-100,2012,566
50903,Villamayor de Gállego,65-100,2013,563
50903,Villamayor de Gállego,65-100,2014,576
50903,Villamayor de Gállego,65-100,2015,575
50903,Villamayor de Gállego,65-100,2016,572
50903,Villamayor de Gállego,65-100,2017,578
50903,Villamayor de Gállego,65-100,2018,583
50903,Villamayor de Gállego,65-100,2019,591
50903,Villamayor de Gállego,65-100,2020,608
50903,Villamayor de Gállego,65-100,2021,616
50903,Villamayor de Gállego,65-100,2022,624
50288,Villanueva de Gállego,0-16,2003,630
50288,Villanueva de Gállego,0-16,2004,671
50288,Villanueva de Gállego,0-16,2005,693
50288,Villanueva de Gállego,0-16,2006,725
50288,Villanueva de Gállego,0-16,2007,789
50288,Villanueva de Gállego,0-16,2008,807
50288,Villanueva de Gállego,0-16,2009,855
50288,Villanueva de Gállego,0-16,2010,863
50288,Villanueva de Gállego,0-16,2011,905
50288,Villanueva de Gállego,0-16,2012,935
50288,Villanueva de Gállego,0-16,2013,927
50288,Villanueva de Gállego,0-16,2014,909
50288,Villanueva de Gállego,0-16,2015,903
50288,Villanueva de Gállego,0-16,2016,901
50288,Villanueva de Gállego,0-16,2017,870
50288,Villanueva de Gállego,0-16,2018,855
50288,Villanueva de Gállego,0-16,2019,846
50288,Villanueva de Gállego,0-16,2020,818
50288,Villanueva de Gállego,0-16,2021,805
50288,Villanueva de Gállego,0-16,2022,791
50288,Villanueva de Gállego,16-64,2003,2291
50288,Villanueva de Gállego,16-64,2004,2428
50288,Villanueva de Gállego,16-64,2005,2537
50288,Villanueva de Gállego,16-64,2006,2605
50288,Villanueva de Gállego,16-64,2007,2669
50288,Villanueva de Gállego,16-64,2008,2732
50288,Villanueva de Gállego,16-64,2009,2822
50288,Villanueva de Gállego,16-64,2010,2911
50288,Villanueva de Gállego,16-64,2011,3008
50288,Villanueva de Gállego,16-64,2012,3043
50288,Villanueva de Gállego,16-64,2013,3022
50288,Villanueva de Gállego,16-64,2014,3027
50288,Villanueva de Gállego,16-64,2015,3025
50288,Villanueva de Gállego,16-64,2016,3083
50288,Villanueva de Gállego,16-64,2017,3088
50288,Villanueva de Gállego,16-64,2018,3104
50288,Villanueva de Gállego,16-64,2019,3166
50288,Villanueva de Gállego,16-64,2020,3180
50288,Villanueva de Gállego,16-64,2021,3177
50288,Villanueva de Gállego,16-64,2022,3213
50288,Villanueva de Gállego,65-100,2003,567
50288,Villanueva de Gállego,65-100,2004,563
50288,Villanueva de Gállego,65-100,2005,560
50288,Villanueva de Gállego,65-100,2006,573
50288,Villanueva de Gállego,65-100,2007,555
50288,Villanueva de Gállego,65-100,2008,562
50288,Villanueva de Gállego,65-100,2009,578
50288,Villanueva de Gállego,65-100,2010,602
50288,Villanueva de Gállego,65-100,2011,613
50288,Villanueva de Gállego,65-100,2012,633
50288,Villanueva de Gállego,65-100,2013,657
50288,Villanueva de Gállego,65-100,2014,680
50288,Villanueva de Gállego,65-100,2015,686
50288,Villanueva de Gállego,65-100,2016,694
50288,Villanueva de Gállego,65-100,2017,698
50288,Villanueva de Gállego,65-100,2018,702
50288,Villanueva de Gállego,65-100,2019,708
50288,Villanueva de Gállego,65-100,2020,730
50288,Villanueva de Gállego,65-100,2021,743
50288,Villanueva de Gállego,65-100,2022,765
50290,Villanueva de Huerva,0-16,2003,52
50290,Villanueva de Huerva,0-16,2004,55
50290,Villanueva de Huerva,0-16,2005,51
50290,Villanueva de Huerva,0-16,2006,58
50290,Villanueva de Huerva,0-16,2007,55
50290,Villanueva de Huerva,0-16,2008,62
50290,Villanueva de Huerva,0-16,2009,59
50290,Villanueva de Huerva,0-16,2010,57
50290,Villanueva de Huerva,0-16,2011,53
50290,Villanueva de Huerva,0-16,2012,53
50290,Villanueva de Huerva,0-16,2013,47
50290,Villanueva de Huerva,0-16,2014,40
50290,Villanueva de Huerva,0-16,2015,38
50290,Villanueva de Huerva,0-16,2016,36
50290,Villanueva de Huerva,0-16,2017,38
50290,Villanueva de Huerva,0-16,2018,36
50290,Villanueva de Huerva,0-16,2019,36
50290,Villanueva de Huerva,0-16,2020,30
50290,Villanueva de Huerva,0-16,2021,24
50290,Villanueva de Huerva,0-16,2022,21
50290,Villanueva de Huerva,16-64,2003,292
50290,Villanueva de Huerva,16-64,2004,288
50290,Villanueva de Huerva,16-64,2005,297
50290,Villanueva de Huerva,16-64,2006,303
50290,Villanueva de Huerva,16-64,2007,302
50290,Villanueva de Huerva,16-64,2008,321
50290,Villanueva de Huerva,16-64,2009,316
50290,Villanueva de Huerva,16-64,2010,302
50290,Villanueva de Huerva,16-64,2011,308
50290,Villanueva de Huerva,16-64,2012,312
50290,Villanueva de Huerva,16-64,2013,302
50290,Villanueva de Huerva,16-64,2014,295
50290,Villanueva de Huerva,16-64,2015,281
50290,Villanueva de Huerva,16-64,2016,274
50290,Villanueva de Huerva,16-64,2017,270
50290,Villanueva de Huerva,16-64,2018,274
50290,Villanueva de Huerva,16-64,2019,267
50290,Villanueva de Huerva,16-64,2020,267
50290,Villanueva de Huerva,16-64,2021,254
50290,Villanueva de Huerva,16-64,2022,248
50290,Villanueva de Huerva,65-100,2003,241
50290,Villanueva de Huerva,65-100,2004,231
50290,Villanueva de Huerva,65-100,2005,226
50290,Villanueva de Huerva,65-100,2006,229
50290,Villanueva de Huerva,65-100,2007,220
50290,Villanueva de Huerva,65-100,2008,216
50290,Villanueva de Huerva,65-100,2009,213
50290,Villanueva de Huerva,65-100,2010,203
50290,Villanueva de Huerva,65-100,2011,199
50290,Villanueva de Huerva,65-100,2012,194
50290,Villanueva de Huerva,65-100,2013,185
50290,Villanueva de Huerva,65-100,2014,176
50290,Villanueva de Huerva,65-100,2015,172
50290,Villanueva de Huerva,65-100,2016,163
50290,Villanueva de Huerva,65-100,2017,154
50290,Villanueva de Huerva,65-100,2018,153
50290,Villanueva de Huerva,65-100,2019,140
50290,Villanueva de Huerva,65-100,2020,137
50290,Villanueva de Huerva,65-100,2021,134
50290,Villanueva de Huerva,65-100,2022,120
50289,Villanueva de Jiloca,0-16,2003,4
50289,Villanueva de Jiloca,0-16,2004,2
50289,Villanueva de Jiloca,0-16,2005,2
50289,Villanueva de Jiloca,0-16,2006,2
50289,Villanueva de Jiloca,0-16,2007,4
50289,Villanueva de Jiloca,0-16,2008,2
50289,Villanueva de Jiloca,0-16,2009,1
50289,Villanueva de Jiloca,0-16,2010,1
50289,Villanueva de Jiloca,0-16,2011,0
50289,Villanueva de Jiloca,0-16,2012,0
50289,Villanueva de Jiloca,0-16,2013,0
50289,Villanueva de Jiloca,0-16,2014,0
50289,Villanueva de Jiloca,0-16,2015,0
50289,Villanueva de Jiloca,0-16,2016,0
50289,Villanueva de Jiloca,0-16,2017,0
50289,Villanueva de Jiloca,0-16,2018,0
50289,Villanueva de Jiloca,0-16,2019,1
50289,Villanueva de Jiloca,0-16,2020,0
50289,Villanueva de Jiloca,0-16,2021,0
50289,Villanueva de Jiloca,0-16,2022,2
50289,Villanueva de Jiloca,16-64,2003,42
50289,Villanueva de Jiloca,16-64,2004,38
50289,Villanueva de Jiloca,16-64,2005,32
50289,Villanueva de Jiloca,16-64,2006,27
50289,Villanueva de Jiloca,16-64,2007,39
50289,Villanueva de Jiloca,16-64,2008,35
50289,Villanueva de Jiloca,16-64,2009,30
50289,Villanueva de Jiloca,16-64,2010,28
50289,Villanueva de Jiloca,16-64,2011,31
50289,Villanueva de Jiloca,16-64,2012,21
50289,Villanueva de Jiloca,16-64,2013,19
50289,Villanueva de Jiloca,16-64,2014,20
50289,Villanueva de Jiloca,16-64,2015,24
50289,Villanueva de Jiloca,16-64,2016,24
50289,Villanueva de Jiloca,16-64,2017,24
50289,Villanueva de Jiloca,16-64,2018,22
50289,Villanueva de Jiloca,16-64,2019,27
50289,Villanueva de Jiloca,16-64,2020,29
50289,Villanueva de Jiloca,16-64,2021,28
50289,Villanueva de Jiloca,16-64,2022,36
50289,Villanueva de Jiloca,65-100,2003,47
50289,Villanueva de Jiloca,65-100,2004,45
50289,Villanueva de Jiloca,65-100,2005,48
50289,Villanueva de Jiloca,65-100,2006,48
50289,Villanueva de Jiloca,65-100,2007,46
50289,Villanueva de Jiloca,65-100,2008,46
50289,Villanueva de Jiloca,65-100,2009,43
50289,Villanueva de Jiloca,65-100,2010,40
50289,Villanueva de Jiloca,65-100,2011,47
50289,Villanueva de Jiloca,65-100,2012,39
50289,Villanueva de Jiloca,65-100,2013,38
50289,Villanueva de Jiloca,65-100,2014,32
50289,Villanueva de Jiloca,65-100,2015,33
50289,Villanueva de Jiloca,65-100,2016,33
50289,Villanueva de Jiloca,65-100,2017,28
50289,Villanueva de Jiloca,65-100,2018,24
50289,Villanueva de Jiloca,65-100,2019,26
50289,Villanueva de Jiloca,65-100,2020,23
50289,Villanueva de Jiloca,65-100,2021,29
50289,Villanueva de Jiloca,65-100,2022,30
50291,Villar de los Navarros,0-16,2003,6
50291,Villar de los Navarros,0-16,2004,5
50291,Villar de los Navarros,0-16,2005,4
50291,Villar de los Navarros,0-16,2006,6
50291,Villar de los Navarros,0-16,2007,7
50291,Villar de los Navarros,0-16,2008,6
50291,Villar de los Navarros,0-16,2009,6
50291,Villar de los Navarros,0-16,2010,6
50291,Villar de los Navarros,0-16,2011,8
50291,Villar de los Navarros,0-16,2012,8
50291,Villar de los Navarros,0-16,2013,6
50291,Villar de los Navarros,0-16,2014,6
50291,Villar de los Navarros,0-16,2015,9
50291,Villar de los Navarros,0-16,2016,11
50291,Villar de los Navarros,0-16,2017,8
50291,Villar de los Navarros,0-16,2018,9
50291,Villar de los Navarros,0-16,2019,7
50291,Villar de los Navarros,0-16,2020,9
50291,Villar de los Navarros,0-16,2021,10
50291,Villar de los Navarros,0-16,2022,13
50291,Villar de los Navarros,16-64,2003,73
50291,Villar de los Navarros,16-64,2004,78
50291,Villar de los Navarros,16-64,2005,79
50291,Villar de los Navarros,16-64,2006,74
50291,Villar de los Navarros,16-64,2007,64
50291,Villar de los Navarros,16-64,2008,67
50291,Villar de los Navarros,16-64,2009,61
50291,Villar de los Navarros,16-64,2010,60
50291,Villar de los Navarros,16-64,2011,59
50291,Villar de los Navarros,16-64,2012,58
50291,Villar de los Navarros,16-64,2013,57
50291,Villar de los Navarros,16-64,2014,56
50291,Villar de los Navarros,16-64,2015,57
50291,Villar de los Navarros,16-64,2016,56
50291,Villar de los Navarros,16-64,2017,52
50291,Villar de los Navarros,16-64,2018,54
50291,Villar de los Navarros,16-64,2019,57
50291,Villar de los Navarros,16-64,2020,59
50291,Villar de los Navarros,16-64,2021,74
50291,Villar de los Navarros,16-64,2022,84
50291,Villar de los Navarros,65-100,2003,61
50291,Villar de los Navarros,65-100,2004,60
50291,Villar de los Navarros,65-100,2005,59
50291,Villar de los Navarros,65-100,2006,59
50291,Villar de los Navarros,65-100,2007,58
50291,Villar de los Navarros,65-100,2008,57
50291,Villar de los Navarros,65-100,2009,54
50291,Villar de los Navarros,65-100,2010,54
50291,Villar de los Navarros,65-100,2011,53
50291,Villar de los Navarros,65-100,2012,48
50291,Villar de los Navarros,65-100,2013,50
50291,Villar de los Navarros,65-100,2014,49
50291,Villar de los Navarros,65-100,2015,47
50291,Villar de los Navarros,65-100,2016,43
50291,Villar de los Navarros,65-100,2017,42
50291,Villar de los Navarros,65-100,2018,39
50291,Villar de los Navarros,65-100,2019,42
50291,Villar de los Navarros,65-100,2020,45
50291,Villar de los Navarros,65-100,2021,46
50291,Villar de los Navarros,65-100,2022,44
50292,Villarreal de Huerva,0-16,2003,22
50292,Villarreal de Huerva,0-16,2004,25
50292,Villarreal de Huerva,0-16,2005,24
50292,Villarreal de Huerva,0-16,2006,22
50292,Villarreal de Huerva,0-16,2007,24
50292,Villarreal de Huerva,0-16,2008,22
50292,Villarreal de Huerva,0-16,2009,22
50292,Villarreal de Huerva,0-16,2010,20
50292,Villarreal de Huerva,0-16,2011,27
50292,Villarreal de Huerva,0-16,2012,27
50292,Villarreal de Huerva,0-16,2013,24
50292,Villarreal de Huerva,0-16,2014,29
50292,Villarreal de Huerva,0-16,2015,26
50292,Villarreal de Huerva,0-16,2016,28
50292,Villarreal de Huerva,0-16,2017,33
50292,Villarreal de Huerva,0-16,2018,33
50292,Villarreal de Huerva,0-16,2019,37
50292,Villarreal de Huerva,0-16,2020,35
50292,Villarreal de Huerva,0-16,2021,37
50292,Villarreal de Huerva,0-16,2022,39
50292,Villarreal de Huerva,16-64,2003,107
50292,Villarreal de Huerva,16-64,2004,105
50292,Villarreal de Huerva,16-64,2005,120
50292,Villarreal de Huerva,16-64,2006,113
50292,Villarreal de Huerva,16-64,2007,112
50292,Villarreal de Huerva,16-64,2008,120
50292,Villarreal de Huerva,16-64,2009,119
50292,Villarreal de Huerva,16-64,2010,122
50292,Villarreal de Huerva,16-64,2011,144
50292,Villarreal de Huerva,16-64,2012,148
50292,Villarreal de Huerva,16-64,2013,140
50292,Villarreal de Huerva,16-64,2014,158
50292,Villarreal de Huerva,16-64,2015,161
50292,Villarreal de Huerva,16-64,2016,162
50292,Villarreal de Huerva,16-64,2017,178
50292,Villarreal de Huerva,16-64,2018,190
50292,Villarreal de Huerva,16-64,2019,185
50292,Villarreal de Huerva,16-64,2020,186
50292,Villarreal de Huerva,16-64,2021,184
50292,Villarreal de Huerva,16-64,2022,175
50292,Villarreal de Huerva,65-100,2003,60
50292,Villarreal de Huerva,65-100,2004,63
50292,Villarreal de Huerva,65-100,2005,64
50292,Villarreal de Huerva,65-100,2006,60
50292,Villarreal de Huerva,65-100,2007,63
50292,Villarreal de Huerva,65-100,2008,61
50292,Villarreal de Huerva,65-100,2009,61
50292,Villarreal de Huerva,65-100,2010,60
50292,Villarreal de Huerva,65-100,2011,59
50292,Villarreal de Huerva,65-100,2012,55
50292,Villarreal de Huerva,65-100,2013,55
50292,Villarreal de Huerva,65-100,2014,54
50292,Villarreal de Huerva,65-100,2015,60
50292,Villarreal de Huerva,65-100,2016,52
50292,Villarreal de Huerva,65-100,2017,49
50292,Villarreal de Huerva,65-100,2018,51
50292,Villarreal de Huerva,65-100,2019,52
50292,Villarreal de Huerva,65-100,2020,52
50292,Villarreal de Huerva,65-100,2021,51
50292,Villarreal de Huerva,65-100,2022,52
50293,Villarroya de la Sierra,0-16,2003,48
50293,Villarroya de la Sierra,0-16,2004,45
50293,Villarroya de la Sierra,0-16,2005,45
50293,Villarroya de la Sierra,0-16,2006,48
50293,Villarroya de la Sierra,0-16,2007,50
50293,Villarroya de la Sierra,0-16,2008,57
50293,Villarroya de la Sierra,0-16,2009,48
50293,Villarroya de la Sierra,0-16,2010,43
50293,Villarroya de la Sierra,0-16,2011,46
50293,Villarroya de la Sierra,0-16,2012,43
50293,Villarroya de la Sierra,0-16,2013,42
50293,Villarroya de la Sierra,0-16,2014,37
50293,Villarroya de la Sierra,0-16,2015,34
50293,Villarroya de la Sierra,0-16,2016,29
50293,Villarroya de la Sierra,0-16,2017,28
50293,Villarroya de la Sierra,0-16,2018,29
50293,Villarroya de la Sierra,0-16,2019,28
50293,Villarroya de la Sierra,0-16,2020,24
50293,Villarroya de la Sierra,0-16,2021,25
50293,Villarroya de la Sierra,0-16,2022,26
50293,Villarroya de la Sierra,16-64,2003,309
50293,Villarroya de la Sierra,16-64,2004,308
50293,Villarroya de la Sierra,16-64,2005,314
50293,Villarroya de la Sierra,16-64,2006,307
50293,Villarroya de la Sierra,16-64,2007,303
50293,Villarroya de la Sierra,16-64,2008,306
50293,Villarroya de la Sierra,16-64,2009,294
50293,Villarroya de la Sierra,16-64,2010,277
50293,Villarroya de la Sierra,16-64,2011,288
50293,Villarroya de la Sierra,16-64,2012,281
50293,Villarroya de la Sierra,16-64,2013,270
50293,Villarroya de la Sierra,16-64,2014,269
50293,Villarroya de la Sierra,16-64,2015,258
50293,Villarroya de la Sierra,16-64,2016,253
50293,Villarroya de la Sierra,16-64,2017,249
50293,Villarroya de la Sierra,16-64,2018,247
50293,Villarroya de la Sierra,16-64,2019,230
50293,Villarroya de la Sierra,16-64,2020,229
50293,Villarroya de la Sierra,16-64,2021,237
50293,Villarroya de la Sierra,16-64,2022,230
50293,Villarroya de la Sierra,65-100,2003,275
50293,Villarroya de la Sierra,65-100,2004,269
50293,Villarroya de la Sierra,65-100,2005,265
50293,Villarroya de la Sierra,65-100,2006,256
50293,Villarroya de la Sierra,65-100,2007,247
50293,Villarroya de la Sierra,65-100,2008,246
50293,Villarroya de la Sierra,65-100,2009,243
50293,Villarroya de la Sierra,65-100,2010,245
50293,Villarroya de la Sierra,65-100,2011,241
50293,Villarroya de la Sierra,65-100,2012,229
50293,Villarroya de la Sierra,65-100,2013,223
50293,Villarroya de la Sierra,65-100,2014,215
50293,Villarroya de la Sierra,65-100,2015,211
50293,Villarroya de la Sierra,65-100,2016,196
50293,Villarroya de la Sierra,65-100,2017,190
50293,Villarroya de la Sierra,65-100,2018,190
50293,Villarroya de la Sierra,65-100,2019,188
50293,Villarroya de la Sierra,65-100,2020,182
50293,Villarroya de la Sierra,65-100,2021,183
50293,Villarroya de la Sierra,65-100,2022,179
50294,Villarroya del Campo,0-16,2003,2
50294,Villarroya del Campo,0-16,2004,2
50294,Villarroya del Campo,0-16,2005,3
50294,Villarroya del Campo,0-16,2006,3
50294,Villarroya del Campo,0-16,2007,2
50294,Villarroya del Campo,0-16,2008,2
50294,Villarroya del Campo,0-16,2009,2
50294,Villarroya del Campo,0-16,2010,2
50294,Villarroya del Campo,0-16,2011,2
50294,Villarroya del Campo,0-16,2012,1
50294,Villarroya del Campo,0-16,2013,1
50294,Villarroya del Campo,0-16,2014,1
50294,Villarroya del Campo,0-16,2015,2
50294,Villarroya del Campo,0-16,2016,2
50294,Villarroya del Campo,0-16,2017,2
50294,Villarroya del Campo,0-16,2018,2
50294,Villarroya del Campo,0-16,2019,4
50294,Villarroya del Campo,0-16,2020,9
50294,Villarroya del Campo,0-16,2021,7
50294,Villarroya del Campo,0-16,2022,5
50294,Villarroya del Campo,16-64,2003,39
50294,Villarroya del Campo,16-64,2004,42
50294,Villarroya del Campo,16-64,2005,37
50294,Villarroya del Campo,16-64,2006,37
50294,Villarroya del Campo,16-64,2007,34
50294,Villarroya del Campo,16-64,2008,34
50294,Villarroya del Campo,16-64,2009,32
50294,Villarroya del Campo,16-64,2010,37
50294,Villarroya del Campo,16-64,2011,40
50294,Villarroya del Campo,16-64,2012,38
50294,Villarroya del Campo,16-64,2013,38
50294,Villarroya del Campo,16-64,2014,44
50294,Villarroya del Campo,16-64,2015,42
50294,Villarroya del Campo,16-64,2016,41
50294,Villarroya del Campo,16-64,2017,37
50294,Villarroya del Campo,16-64,2018,33
50294,Villarroya del Campo,16-64,2019,35
50294,Villarroya del Campo,16-64,2020,45
50294,Villarroya del Campo,16-64,2021,47
50294,Villarroya del Campo,16-64,2022,42
50294,Villarroya del Campo,65-100,2003,37
50294,Villarroya del Campo,65-100,2004,36
50294,Villarroya del Campo,65-100,2005,38
50294,Villarroya del Campo,65-100,2006,39
50294,Villarroya del Campo,65-100,2007,42
50294,Villarroya del Campo,65-100,2008,40
50294,Villarroya del Campo,65-100,2009,40
50294,Villarroya del Campo,65-100,2010,36
50294,Villarroya del Campo,65-100,2011,39
50294,Villarroya del Campo,65-100,2012,39
50294,Villarroya del Campo,65-100,2013,39
50294,Villarroya del Campo,65-100,2014,38
50294,Villarroya del Campo,65-100,2015,36
50294,Villarroya del Campo,65-100,2016,33
50294,Villarroya del Campo,65-100,2017,32
50294,Villarroya del Campo,65-100,2018,33
50294,Villarroya del Campo,65-100,2019,35
50294,Villarroya del Campo,65-100,2020,35
50294,Villarroya del Campo,65-100,2021,35
50294,Villarroya del Campo,65-100,2022,35
50282,La Vilueña,0-16,2003,0
50282,La Vilueña,0-16,2004,2
50282,La Vilueña,0-16,2005,3
50282,La Vilueña,0-16,2006,4
50282,La Vilueña,0-16,2007,4
50282,La Vilueña,0-16,2008,4
50282,La Vilueña,0-16,2009,4
50282,La Vilueña,0-16,2010,6
50282,La Vilueña,0-16,2011,8
50282,La Vilueña,0-16,2012,6
50282,La Vilueña,0-16,2013,8
50282,La Vilueña,0-16,2014,6
50282,La Vilueña,0-16,2015,4
50282,La Vilueña,0-16,2016,5
50282,La Vilueña,0-16,2017,4
50282,La Vilueña,0-16,2018,3
50282,La Vilueña,0-16,2019,2
50282,La Vilueña,0-16,2020,2
50282,La Vilueña,0-16,2021,7
50282,La Vilueña,0-16,2022,8
50282,La Vilueña,16-64,2003,59
50282,La Vilueña,16-64,2004,56
50282,La Vilueña,16-64,2005,57
50282,La Vilueña,16-64,2006,56
50282,La Vilueña,16-64,2007,66
50282,La Vilueña,16-64,2008,72
50282,La Vilueña,16-64,2009,68
50282,La Vilueña,16-64,2010,70
50282,La Vilueña,16-64,2011,74
50282,La Vilueña,16-64,2012,72
50282,La Vilueña,16-64,2013,68
50282,La Vilueña,16-64,2014,63
50282,La Vilueña,16-64,2015,72
50282,La Vilueña,16-64,2016,61
50282,La Vilueña,16-64,2017,49
50282,La Vilueña,16-64,2018,43
50282,La Vilueña,16-64,2019,39
50282,La Vilueña,16-64,2020,31
50282,La Vilueña,16-64,2021,36
50282,La Vilueña,16-64,2022,34
50282,La Vilueña,65-100,2003,52
50282,La Vilueña,65-100,2004,49
50282,La Vilueña,65-100,2005,49
50282,La Vilueña,65-100,2006,43
50282,La Vilueña,65-100,2007,46
50282,La Vilueña,65-100,2008,41
50282,La Vilueña,65-100,2009,38
50282,La Vilueña,65-100,2010,38
50282,La Vilueña,65-100,2011,37
50282,La Vilueña,65-100,2012,33
50282,La Vilueña,65-100,2013,33
50282,La Vilueña,65-100,2014,37
50282,La Vilueña,65-100,2015,35
50282,La Vilueña,65-100,2016,34
50282,La Vilueña,65-100,2017,35
50282,La Vilueña,65-100,2018,31
50282,La Vilueña,65-100,2019,31
50282,La Vilueña,65-100,2020,29
50282,La Vilueña,65-100,2021,28
50282,La Vilueña,65-100,2022,23
50295,Vistabella,0-16,2003,0
50295,Vistabella,0-16,2004,0
50295,Vistabella,0-16,2005,0
50295,Vistabella,0-16,2006,2
50295,Vistabella,0-16,2007,2
50295,Vistabella,0-16,2008,1
50295,Vistabella,0-16,2009,1
50295,Vistabella,0-16,2010,1
50295,Vistabella,0-16,2011,1
50295,Vistabella,0-16,2012,0
50295,Vistabella,0-16,2013,0
50295,Vistabella,0-16,2014,0
50295,Vistabella,0-16,2015,0
50295,Vistabella,0-16,2016,0
50295,Vistabella,0-16,2017,0
50295,Vistabella,0-16,2018,0
50295,Vistabella,0-16,2019,0
50295,Vistabella,0-16,2020,0
50295,Vistabella,0-16,2021,0
50295,Vistabella,0-16,2022,0
50295,Vistabella,16-64,2003,20
50295,Vistabella,16-64,2004,19
50295,Vistabella,16-64,2005,19
50295,Vistabella,16-64,2006,23
50295,Vistabella,16-64,2007,27
50295,Vistabella,16-64,2008,31
50295,Vistabella,16-64,2009,27
50295,Vistabella,16-64,2010,32
50295,Vistabella,16-64,2011,33
50295,Vistabella,16-64,2012,35
50295,Vistabella,16-64,2013,33
50295,Vistabella,16-64,2014,31
50295,Vistabella,16-64,2015,29
50295,Vistabella,16-64,2016,30
50295,Vistabella,16-64,2017,31
50295,Vistabella,16-64,2018,27
50295,Vistabella,16-64,2019,26
50295,Vistabella,16-64,2020,20
50295,Vistabella,16-64,2021,25
50295,Vistabella,16-64,2022,24
50295,Vistabella,65-100,2003,15
50295,Vistabella,65-100,2004,15
50295,Vistabella,65-100,2005,16
50295,Vistabella,65-100,2006,14
50295,Vistabella,65-100,2007,17
50295,Vistabella,65-100,2008,16
50295,Vistabella,65-100,2009,17
50295,Vistabella,65-100,2010,17
50295,Vistabella,65-100,2011,16
50295,Vistabella,65-100,2012,17
50295,Vistabella,65-100,2013,16
50295,Vistabella,65-100,2014,16
50295,Vistabella,65-100,2015,16
50295,Vistabella,65-100,2016,18
50295,Vistabella,65-100,2017,19
50295,Vistabella,65-100,2018,22
50295,Vistabella,65-100,2019,23
50295,Vistabella,65-100,2020,28
50295,Vistabella,65-100,2021,26
50295,Vistabella,65-100,2022,28
50296,La Zaida,0-16,2003,70
50296,La Zaida,0-16,2004,68
50296,La Zaida,0-16,2005,67
50296,La Zaida,0-16,2006,68
50296,La Zaida,0-16,2007,69
50296,La Zaida,0-16,2008,67
50296,La Zaida,0-16,2009,69
50296,La Zaida,0-16,2010,64
50296,La Zaida,0-16,2011,61
50296,La Zaida,0-16,2012,53
50296,La Zaida,0-16,2013,49
50296,La Zaida,0-16,2014,51
50296,La Zaida,0-16,2015,50
50296,La Zaida,0-16,2016,47
50296,La Zaida,0-16,2017,40
50296,La Zaida,0-16,2018,40
50296,La Zaida,0-16,2019,37
50296,La Zaida,0-16,2020,40
50296,La Zaida,0-16,2021,37
50296,La Zaida,0-16,2022,35
50296,La Zaida,16-64,2003,353
50296,La Zaida,16-64,2004,350
50296,La Zaida,16-64,2005,346
50296,La Zaida,16-64,2006,331
50296,La Zaida,16-64,2007,322
50296,La Zaida,16-64,2008,327
50296,La Zaida,16-64,2009,333
50296,La Zaida,16-64,2010,320
50296,La Zaida,16-64,2011,328
50296,La Zaida,16-64,2012,322
50296,La Zaida,16-64,2013,314
50296,La Zaida,16-64,2014,308
50296,La Zaida,16-64,2015,303
50296,La Zaida,16-64,2016,293
50296,La Zaida,16-64,2017,303
50296,La Zaida,16-64,2018,293
50296,La Zaida,16-64,2019,278
50296,La Zaida,16-64,2020,280
50296,La Zaida,16-64,2021,263
50296,La Zaida,16-64,2022,264
50296,La Zaida,65-100,2003,145
50296,La Zaida,65-100,2004,140
50296,La Zaida,65-100,2005,136
50296,La Zaida,65-100,2006,138
50296,La Zaida,65-100,2007,131
50296,La Zaida,65-100,2008,131
50296,La Zaida,65-100,2009,132
50296,La Zaida,65-100,2010,125
50296,La Zaida,65-100,2011,125
50296,La Zaida,65-100,2012,124
50296,La Zaida,65-100,2013,123
50296,La Zaida,65-100,2014,122
50296,La Zaida,65-100,2015,120
50296,La Zaida,65-100,2016,121
50296,La Zaida,65-100,2017,120
50296,La Zaida,65-100,2018,122
50296,La Zaida,65-100,2019,120
50296,La Zaida,65-100,2020,127
50296,La Zaida,65-100,2021,132
50296,La Zaida,65-100,2022,136
50297,Zaragoza,0-16,2003,87335
50297,Zaragoza,0-16,2004,89351
50297,Zaragoza,0-16,2005,90874
50297,Zaragoza,0-16,2006,91047
50297,Zaragoza,0-16,2007,92496
50297,Zaragoza,0-16,2008,95018
50297,Zaragoza,0-16,2009,97534
50297,Zaragoza,0-16,2010,99215
50297,Zaragoza,0-16,2011,100062
50297,Zaragoza,0-16,2012,101497
50297,Zaragoza,0-16,2013,102059
50297,Zaragoza,0-16,2014,100359
50297,Zaragoza,0-16,2015,100788
50297,Zaragoza,0-16,2016,100536
50297,Zaragoza,0-16,2017,101411
50297,Zaragoza,0-16,2018,101646
50297,Zaragoza,0-16,2019,102009
50297,Zaragoza,0-16,2020,101832
50297,Zaragoza,0-16,2021,99561
50297,Zaragoza,0-16,2022,98083
50297,Zaragoza,16-64,2003,426078
50297,Zaragoza,16-64,2004,435696
50297,Zaragoza,16-64,2005,442774
50297,Zaragoza,16-64,2006,442804
50297,Zaragoza,16-64,2007,445959
50297,Zaragoza,16-64,2008,453943
50297,Zaragoza,16-64,2009,457378
50297,Zaragoza,16-64,2010,454092
50297,Zaragoza,16-64,2011,450196
50297,Zaragoza,16-64,2012,450966
50297,Zaragoza,16-64,2013,450240
50297,Zaragoza,16-64,2014,433525
50297,Zaragoza,16-64,2015,429807
50297,Zaragoza,16-64,2016,424129
50297,Zaragoza,16-64,2017,424683
50297,Zaragoza,16-64,2018,423854
50297,Zaragoza,16-64,2019,429186
50297,Zaragoza,16-64,2020,433725
50297,Zaragoza,16-64,2021,428613
50297,Zaragoza,16-64,2022,426149
50297,Zaragoza,65-100,2003,112668
50297,Zaragoza,65-100,2004,113752
50297,Zaragoza,65-100,2005,113725
50297,Zaragoza,65-100,2006,115330
50297,Zaragoza,65-100,2007,115935
50297,Zaragoza,65-100,2008,117168
50297,Zaragoza,65-100,2009,119405
50297,Zaragoza,65-100,2010,121814
50297,Zaragoza,65-100,2011,124467
50297,Zaragoza,65-100,2012,127161
50297,Zaragoza,65-100,2013,129705
50297,Zaragoza,65-100,2014,132174
50297,Zaragoza,65-100,2015,134358
50297,Zaragoza,65-100,2016,136443
50297,Zaragoza,65-100,2017,138844
50297,Zaragoza,65-100,2018,141380
50297,Zaragoza,65-100,2019,143802
50297,Zaragoza,65-100,2020,146320
50297,Zaragoza,65-100,2021,147127
50297,Zaragoza,65-100,2022,148778
50298,Zuera,0-16,2003,870
50298,Zuera,0-16,2004,883
50298,Zuera,0-16,2005,928
50298,Zuera,0-16,2006,1013
50298,Zuera,0-16,2007,1063
50298,Zuera,0-16,2008,1147
50298,Zuera,0-16,2009,1167
50298,Zuera,0-16,2010,1197
50298,Zuera,0-16,2011,1225
50298,Zuera,0-16,2012,1267
50298,Zuera,0-16,2013,1287
50298,Zuera,0-16,2014,1303
50298,Zuera,0-16,2015,1342
50298,Zuera,0-16,2016,1363
50298,Zuera,0-16,2017,1416
50298,Zuera,0-16,2018,1426
50298,Zuera,0-16,2019,1450
50298,Zuera,0-16,2020,1414
50298,Zuera,0-16,2021,1428
50298,Zuera,0-16,2022,1458
50298,Zuera,16-64,2003,3765
50298,Zuera,16-64,2004,3881
50298,Zuera,16-64,2005,4088
50298,Zuera,16-64,2006,4205
50298,Zuera,16-64,2007,4479
50298,Zuera,16-64,2008,4902
50298,Zuera,16-64,2009,5031
50298,Zuera,16-64,2010,5085
50298,Zuera,16-64,2011,5143
50298,Zuera,16-64,2012,5232
50298,Zuera,16-64,2013,5287
50298,Zuera,16-64,2014,5196
50298,Zuera,16-64,2015,5216
50298,Zuera,16-64,2016,5373
50298,Zuera,16-64,2017,5591
50298,Zuera,16-64,2018,5674
50298,Zuera,16-64,2019,5832
50298,Zuera,16-64,2020,5838
50298,Zuera,16-64,2021,5835
50298,Zuera,16-64,2022,5804
50298,Zuera,65-100,2003,1200
50298,Zuera,65-100,2004,1209
50298,Zuera,65-100,2005,1196
50298,Zuera,65-100,2006,1206
50298,Zuera,65-100,2007,1217
50298,Zuera,65-100,2008,1239
50298,Zuera,65-100,2009,1229
50298,Zuera,65-100,2010,1228
50298,Zuera,65-100,2011,1236
50298,Zuera,65-100,2012,1239
50298,Zuera,65-100,2013,1243
50298,Zuera,65-100,2014,1243
50298,Zuera,65-100,2015,1262
50298,Zuera,65-100,2016,1242
50298,Zuera,65-100,2017,1246
50298,Zuera,65-100,2018,1265
50298,Zuera,65-100,2019,1283
50298,Zuera,65-100,2020,1324
50298,Zuera,65-100,2021,1328
50298,Zuera,65-100,2022,1370
50001,Abanto,0-16,2023,2
50002,Acered,0-16,2023,9
50003,Agón,0-16,2023,6
50004,Aguarón,0-16,2023,41
50005,Aguilón,0-16,2023,11
50006,Ainzón,0-16,2023,114
50007,Aladrén,0-16,2023,2
50008,Alagón,0-16,2023,1105
50009,Alarba,0-16,2023,2
50010,Alberite de San Juan,0-16,2023,6
50011,Albeta,0-16,2023,13
50012,Alborge,0-16,2023,9
50013,Alcalá de Ebro,0-16,2023,22
50014,Alcalá de Moncayo,0-16,2023,13
50015,Alconchel de Ariza,0-16,2023,3
50016,Aldehuela de Liestos,0-16,2023,0
50017,Alfajarín,0-16,2023,403
50018,Alfamén,0-16,2023,219
50019,Alforque,0-16,2023,0
50020,Alhama de Aragón,0-16,2023,106
50021,Almochuel,0-16,2023,0
50022,La Almolda,0-16,2023,41
50023,Almonacid de la Cuba,0-16,2023,14
50024,Almonacid de la Sierra,0-16,2023,95
50025,La Almunia de Doña Godina,0-16,2023,1272
50026,Alpartir,0-16,2023,67
50027,Ambel,0-16,2023,16
50028,Anento,0-16,2023,4
50029,Aniñón,0-16,2023,65
50030,Añón de Moncayo,0-16,2023,22
50031,Aranda de Moncayo,0-16,2023,4
50032,Arándiga,0-16,2023,20
50033,Ardisa,0-16,2023,1
50034,Ariza,0-16,2023,148
50035,Artieda,0-16,2023,6
50036,Asín,0-16,2023,5
50037,Atea,0-16,2023,6
50038,Ateca,0-16,2023,152
50039,Azuara,0-16,2023,38
50040,Badules,0-16,2023,2
50041,Bagüés,0-16,2023,2
50042,Balconchán,0-16,2023,0
50043,Bárboles,0-16,2023,28
50044,Bardallur,0-16,2023,16
50045,Belchite,0-16,2023,154
50046,Belmonte de Gracián,0-16,2023,9
50047,Berdejo,0-16,2023,1
50048,Berrueco,0-16,2023,0
50050,Bijuesca,0-16,2023,2
50051,Biota,0-16,2023,68
50052,Bisimbre,0-16,2023,6
50053,Boquiñeni,0-16,2023,70
50054,Bordalba,0-16,2023,0
50055,Borja,0-16,2023,809
50056,Botorrita,0-16,2023,85
50057,Brea de Aragón,0-16,2023,153
50058,Bubierca,0-16,2023,1
50059,Bujaraloz,0-16,2023,120
50060,Bulbuente,0-16,2023,23
50061,Bureta,0-16,2023,13
50062,El Burgo de Ebro,0-16,2023,437
50063,El Buste,0-16,2023,3
50064,Cabañas de Ebro,0-16,2023,43
50065,Cabolafuente,0-16,2023,0
50066,Cadrete,0-16,2023,877
50067,Calatayud,0-16,2023,2707
50068,Calatorao,0-16,2023,455
50069,Calcena,0-16,2023,0
50070,Calmarza,0-16,2023,5
50071,Campillo de Aragón,0-16,2023,5
50072,Carenas,0-16,2023,4
50073,Cariñena,0-16,2023,523
50074,Caspe,0-16,2023,1763
50075,Castejón de Alarba,0-16,2023,1
50076,Castejón de las Armas,0-16,2023,2
50077,Castejón de Valdejasa,0-16,2023,11
50078,Castiliscar,0-16,2023,12
50079,Cervera de la Cañada,0-16,2023,29
50080,Cerveruela,0-16,2023,1
50081,Cetina,0-16,2023,58
50082,Cimballa,0-16,2023,8
50083,Cinco Olivas,0-16,2023,7
50084,Clarés de Ribota,0-16,2023,2
50085,Codo,0-16,2023,16
50086,Codos,0-16,2023,27
50087,Contamina,0-16,2023,3
50088,Cosuenda,0-16,2023,33
50089,Cuarte de Huerva,0-16,2023,3643
50090,Cubel,0-16,2023,17
50091,Las Cuerlas,0-16,2023,0
50092,Chiprana,0-16,2023,82
50093,Chodes,0-16,2023,7
50094,Daroca,0-16,2023,250
50095,Ejea de los Caballeros,0-16,2023,2485
50096,Embid de Ariza,0-16,2023,1
50098,Encinacorba,0-16,2023,9
50099,Épila,0-16,2023,786
50100,Erla,0-16,2023,36
50101,Escatrón,0-16,2023,156
50102,Fabara,0-16,2023,114
50104,Farlete,0-16,2023,30
50105,Fayón,0-16,2023,60
50106,Los Fayos,0-16,2023,7
50107,Figueruelas,0-16,2023,157
50108,Fombuena,0-16,2023,3
50109,El Frago,0-16,2023,14
50110,El Frasno,0-16,2023,16
50111,Fréscano,0-16,2023,18
50113,Fuendejalón,0-16,2023,76
50114,Fuendetodos,0-16,2023,10
50115,Fuentes de Ebro,0-16,2023,716
50116,Fuentes de Jiloca,0-16,2023,12
50117,Gallocanta,0-16,2023,9
50118,Gallur,0-16,2023,323
50119,Gelsa,0-16,2023,110
50120,Godojos,0-16,2023,4
50121,Gotor,0-16,2023,21
50122,Grisel,0-16,2023,10
50123,Grisén,0-16,2023,97
50124,Herrera de los Navarros,0-16,2023,51
50125,Ibdes,0-16,2023,31
50126,Illueca,0-16,2023,238
50128,Isuerre,0-16,2023,2
50129,Jaraba,0-16,2023,46
50130,Jarque de Moncayo,0-16,2023,34
50131,Jaulín,0-16,2023,24
50132,La Joyosa,0-16,2023,217
50133,Lagata,0-16,2023,3
50134,Langa del Castillo,0-16,2023,5
50135,Layana,0-16,2023,6
50136,Lécera,0-16,2023,45
50137,Leciñena,0-16,2023,119
50138,Lechón,0-16,2023,1
50139,Letux,0-16,2023,13
50140,Litago,0-16,2023,10
50141,Lituénigo,0-16,2023,12
50142,Lobera de Onsella,0-16,2023,2
50143,Longares,0-16,2023,79
50144,Longás,0-16,2023,0
50146,Lucena de Jalón,0-16,2023,26
50147,Luceni,0-16,2023,133
50148,Luesia,0-16,2023,21
50149,Luesma,0-16,2023,1
50150,Lumpiaque,0-16,2023,120
50151,Luna,0-16,2023,46
50152,Maella,0-16,2023,289
50153,Magallón,0-16,2023,133
50154,Mainar,0-16,2023,17
50155,Malanquilla,0-16,2023,3
50156,Maleján,0-16,2023,34
50157,Malón,0-16,2023,60
50159,Maluenda,0-16,2023,94
50160,Mallén,0-16,2023,410
50161,Manchones,0-16,2023,8
50162,Mara,0-16,2023,15
50163,María de Huerva,0-16,2023,1618
50164,Mediana de Aragón,0-16,2023,51
50165,Mequinenza,0-16,2023,298
50166,Mesones de Isuela,0-16,2023,17
50167,Mezalocha,0-16,2023,12
50168,Mianos,0-16,2023,0
50169,Miedes de Aragón,0-16,2023,41
50170,Monegrillo,0-16,2023,25
50171,Moneva,0-16,2023,8
50172,Monreal de Ariza,0-16,2023,6
50173,Monterde,0-16,2023,3
50174,Montón,0-16,2023,5
50175,Morata de Jalón,0-16,2023,88
50176,Morata de Jiloca,0-16,2023,19
50177,Morés,0-16,2023,21
50178,Moros,0-16,2023,5
50179,Moyuela,0-16,2023,2
50180,Mozota,0-16,2023,14
50181,Muel,0-16,2023,195
50182,La Muela,0-16,2023,1383
50183,Munébrega,0-16,2023,20
50184,Murero,0-16,2023,3
50185,Murillo de Gállego,0-16,2023,24
50186,Navardún,0-16,2023,0
50187,Nigüella,0-16,2023,0
50188,Nombrevilla,0-16,2023,2
50189,Nonaspe,0-16,2023,131
50190,Novallas,0-16,2023,108
50191,Novillas,0-16,2023,38
50192,Nuévalos,0-16,2023,34
50193,Nuez de Ebro,0-16,2023,149
50194,Olvés,0-16,2023,7
50195,Orcajo,0-16,2023,1
50196,Orera,0-16,2023,4
50197,Orés,0-16,2023,5
50198,Oseja,0-16,2023,0
50199,Osera de Ebro,0-16,2023,41
50200,Paniza,0-16,2023,64
50201,Paracuellos de Jiloca,0-16,2023,67
50202,Paracuellos de la Ribera,0-16,2023,0
50203,Pastriz,0-16,2023,177
50204,Pedrola,0-16,2023,553
50205,Las Pedrosas,0-16,2023,7
50206,Perdiguera,0-16,2023,55
50207,Piedratajada,0-16,2023,2
50208,Pina de Ebro,0-16,2023,364
50209,Pinseque,0-16,2023,833
50210,Los Pintanos,0-16,2023,1
50211,Plasencia de Jalón,0-16,2023,37
50212,Pleitas,0-16,2023,4
50213,Plenas,0-16,2023,8
50214,Pomer,0-16,2023,0
50215,Pozuel de Ariza,0-16,2023,3
50216,Pozuelo de Aragón,0-16,2023,19
50217,Pradilla de Ebro,0-16,2023,52
50218,Puebla de Albortón,0-16,2023,2
50219,La Puebla de Alfindén,0-16,2023,1387
50220,Puendeluna,0-16,2023,0
50221,Purujosa,0-16,2023,0
50222,Quinto,0-16,2023,238
50223,Remolinos,0-16,2023,86
50224,Retascón,0-16,2023,5
50225,Ricla,0-16,2023,332
50227,Romanos,0-16,2023,15
50228,Rueda de Jalón,0-16,2023,43
50229,Ruesca,0-16,2023,3
50230,Sádaba,0-16,2023,99
50231,Salillas de Jalón,0-16,2023,51
50232,Salvatierra de Esca,0-16,2023,33
50233,Samper del Salz,0-16,2023,6
50234,San Martín de la Virgen de Moncayo,0-16,2023,35
50235,San Mateo de Gállego,0-16,2023,540
50236,Santa Cruz de Grío,0-16,2023,3
50237,Santa Cruz de Moncayo,0-16,2023,16
50238,Santa Eulalia de Gállego,0-16,2023,7
50239,Santed,0-16,2023,1
50240,Sástago,0-16,2023,131
50241,Sabiñán,0-16,2023,64
50242,Sediles,0-16,2023,9
50243,Sestrica,0-16,2023,10
50244,Sierra de Luna,0-16,2023,32
50245,Sigüés,0-16,2023,6
50246,Sisamón,0-16,2023,0
50247,Sobradiel,0-16,2023,195
50248,Sos del Rey Católico,0-16,2023,52
50249,Tabuenca,0-16,2023,16
50250,Talamantes,0-16,2023,8
50251,Tarazona,0-16,2023,1542
50252,Tauste,0-16,2023,891
50253,Terrer,0-16,2023,58
50254,Tierga,0-16,2023,6
50255,Tobed,0-16,2023,11
50256,Torralba de los Frailes,0-16,2023,3
50257,Torralba de Ribota,0-16,2023,5
50258,Torralbilla,0-16,2023,0
50259,Torrehermosa,0-16,2023,3
50260,Torrelapaja,0-16,2023,0
50261,Torrellas,0-16,2023,25
50262,Torres de Berrellén,0-16,2023,213
50263,Torrijo de la Cañada,0-16,2023,9
50264,Tosos,0-16,2023,8
50265,Trasmoz,0-16,2023,7
50266,Trasobares,0-16,2023,5
50267,Uncastillo,0-16,2023,32
50268,Undués de Lerda,0-16,2023,5
50269,Urrea de Jalón,0-16,2023,62
50270,Urriés,0-16,2023,4
50271,Used,0-16,2023,14
50272,Utebo,0-16,2023,3436
50273,Valdehorna,0-16,2023,0
50274,Val de San Martín,0-16,2023,2
50275,Valmadrid,0-16,2023,5
50276,Valpalmas,0-16,2023,1
50277,Valtorres,0-16,2023,9
50278,Velilla de Ebro,0-16,2023,20
50279,Velilla de Jiloca,0-16,2023,2
50280,Vera de Moncayo,0-16,2023,16
50281,Vierlas,0-16,2023,7
50282,La Vilueña,0-16,2023,7
50283,Villadoz,0-16,2023,12
50284,Villafeliche,0-16,2023,4
50285,Villafranca de Ebro,0-16,2023,106
50286,Villalba de Perejil,0-16,2023,12
50287,Villalengua,0-16,2023,24
50288,Villanueva de Gállego,0-16,2023,760
50289,Villanueva de Jiloca,0-16,2023,3
50290,Villanueva de Huerva,0-16,2023,25
50291,Villar de los Navarros,0-16,2023,14
50292,Villarreal de Huerva,0-16,2023,38
50293,Villarroya de la Sierra,0-16,2023,29
50294,Villarroya del Campo,0-16,2023,4
50295,Vistabella,0-16,2023,0
50296,La Zaida,0-16,2023,39
50297,Zaragoza,0-16,2023,98226
50298,Zuera,0-16,2023,1453
50901,Biel,0-16,2023,5
50902,Marracos,0-16,2023,4
50903,Villamayor de Gállego,0-16,2023,358
50001,Abanto,0-16,2024,2
50002,Acered,0-16,2024,10
50003,Agón,0-16,2024,5
50004,Aguarón,0-16,2024,46
50005,Aguilón,0-16,2024,10
50006,Ainzón,0-16,2024,104
50007,Aladrén,0-16,2024,1
50008,Alagón,0-16,2024,1067
50009,Alarba,0-16,2024,2
50010,Alberite de San Juan,0-16,2024,5
50011,Albeta,0-16,2024,14
50012,Alborge,0-16,2024,8
50013,Alcalá de Ebro,0-16,2024,21
50014,Alcalá de Moncayo,0-16,2024,13
50015,Alconchel de Ariza,0-16,2024,4
50016,Aldehuela de Liestos,0-16,2024,0
50017,Alfajarín,0-16,2024,396
50018,Alfamén,0-16,2024,233
50019,Alforque,0-16,2024,0
50020,Alhama de Aragón,0-16,2024,92
50021,Almochuel,0-16,2024,0
50022,La Almolda,0-16,2024,40
50023,Almonacid de la Cuba,0-16,2024,12
50024,Almonacid de la Sierra,0-16,2024,98
50025,La Almunia de Doña Godina,0-16,2024,1262
50026,Alpartir,0-16,2024,75
50027,Ambel,0-16,2024,22
50028,Anento,0-16,2024,2
50029,Aniñón,0-16,2024,68
50030,Añón de Moncayo,0-16,2024,23
50031,Aranda de Moncayo,0-16,2024,3
50032,Arándiga,0-16,2024,22
50033,Ardisa,0-16,2024,0
50034,Ariza,0-16,2024,138
50035,Artieda,0-16,2024,5
50036,Asín,0-16,2024,6
50037,Atea,0-16,2024,2
50038,Ateca,0-16,2024,150
50039,Azuara,0-16,2024,33
50040,Badules,0-16,2024,2
50041,Bagüés,0-16,2024,2
50042,Balconchán,0-16,2024,0
50043,Bárboles,0-16,2024,27
50044,Bardallur,0-16,2024,14
50045,Belchite,0-16,2024,142
50046,Belmonte de Gracián,0-16,2024,8
50047,Berdejo,0-16,2024,1
50048,Berrueco,0-16,2024,0
50050,Bijuesca,0-16,2024,2
50051,Biota,0-16,2024,63
50052,Bisimbre,0-16,2024,3
50053,Boquiñeni,0-16,2024,70
50054,Bordalba,0-16,2024,0
50055,Borja,0-16,2024,816
50056,Botorrita,0-16,2024,83
50057,Brea de Aragón,0-16,2024,144
50058,Bubierca,0-16,2024,1
50059,Bujaraloz,0-16,2024,117
50060,Bulbuente,0-16,2024,22
50061,Bureta,0-16,2024,14
50062,El Burgo de Ebro,0-16,2024,436
50063,El Buste,0-16,2024,2
50064,Cabañas de Ebro,0-16,2024,44
50065,Cabolafuente,0-16,2024,0
50066,Cadrete,0-16,2024,849
50067,Calatayud,0-16,2024,2715
50068,Calatorao,0-16,2024,430
50069,Calcena,0-16,2024,1
50070,Calmarza,0-16,2024,6
50071,Campillo de Aragón,0-16,2024,2
50072,Carenas,0-16,2024,1
50073,Cariñena,0-16,2024,532
50074,Caspe,0-16,2024,1793
50075,Castejón de Alarba,0-16,2024,1
50076,Castejón de las Armas,0-16,2024,0
50077,Castejón de Valdejasa,0-16,2024,9
50078,Castiliscar,0-16,2024,11
50079,Cervera de la Cañada,0-16,2024,24
50080,Cerveruela,0-16,2024,1
50081,Cetina,0-16,2024,55
50082,Cimballa,0-16,2024,6
50083,Cinco Olivas,0-16,2024,5
50084,Clarés de Ribota,0-16,2024,2
50085,Codo,0-16,2024,11
50086,Codos,0-16,2024,27
50087,Contamina,0-16,2024,2
50088,Cosuenda,0-16,2024,31
50089,Cuarte de Huerva,0-16,2024,3664
50090,Cubel,0-16,2024,14
50091,Las Cuerlas,0-16,2024,0
50092,Chiprana,0-16,2024,67
50093,Chodes,0-16,2024,7
50094,Daroca,0-16,2024,236
50095,Ejea de los Caballeros,0-16,2024,2481
50096,Embid de Ariza,0-16,2024,1
50098,Encinacorba,0-16,2024,8
50099,Épila,0-16,2024,797
50100,Erla,0-16,2024,42
50101,Escatrón,0-16,2024,163
50102,Fabara,0-16,2024,117
50104,Farlete,0-16,2024,21
50105,Fayón,0-16,2024,60
50106,Los Fayos,0-16,2024,9
50107,Figueruelas,0-16,2024,153
50108,Fombuena,0-16,2024,0
50109,El Frago,0-16,2024,16
50110,El Frasno,0-16,2024,14
50111,Fréscano,0-16,2024,17
50113,Fuendejalón,0-16,2024,80
50114,Fuendetodos,0-16,2024,7
50115,Fuentes de Ebro,0-16,2024,702
50116,Fuentes de Jiloca,0-16,2024,11
50117,Gallocanta,0-16,2024,10
50118,Gallur,0-16,2024,310
50119,Gelsa,0-16,2024,99
50120,Godojos,0-16,2024,4
50121,Gotor,0-16,2024,19
50122,Grisel,0-16,2024,12
50123,Grisén,0-16,2024,89
50124,Herrera de los Navarros,0-16,2024,46
50125,Ibdes,0-16,2024,29
50126,Illueca,0-16,2024,251
50128,Isuerre,0-16,2024,2
50129,Jaraba,0-16,2024,45
50130,Jarque de Moncayo,0-16,2024,31
50131,Jaulín,0-16,2024,24
50132,La Joyosa,0-16,2024,216
50133,Lagata,0-16,2024,6
50134,Langa del Castillo,0-16,2024,5
50135,Layana,0-16,2024,6
50136,Lécera,0-16,2024,47
50137,Leciñena,0-16,2024,119
50138,Lechón,0-16,2024,0
50139,Letux,0-16,2024,14
50140,Litago,0-16,2024,9
50141,Lituénigo,0-16,2024,13
50142,Lobera de Onsella,0-16,2024,0
50143,Longares,0-16,2024,85
50144,Longás,0-16,2024,0
50146,Lucena de Jalón,0-16,2024,28
50147,Luceni,0-16,2024,130
50148,Luesia,0-16,2024,22
50149,Luesma,0-16,2024,0
50150,Lumpiaque,0-16,2024,115
50151,Luna,0-16,2024,50
50152,Maella,0-16,2024,297
50153,Magallón,0-16,2024,123
50154,Mainar,0-16,2024,13
50155,Malanquilla,0-16,2024,2
50156,Maleján,0-16,2024,35
50157,Malón,0-16,2024,68
50159,Maluenda,0-16,2024,97
50160,Mallén,0-16,2024,405
50161,Manchones,0-16,2024,5
50162,Mara,0-16,2024,15
50163,María de Huerva,0-16,2024,1565
50164,Mediana de Aragón,0-16,2024,50
50165,Mequinenza,0-16,2024,282
50166,Mesones de Isuela,0-16,2024,16
50167,Mezalocha,0-16,2024,9
50168,Mianos,0-16,2024,0
50169,Miedes de Aragón,0-16,2024,33
50170,Monegrillo,0-16,2024,22
50171,Moneva,0-16,2024,9
50172,Monreal de Ariza,0-16,2024,5
50173,Monterde,0-16,2024,4
50174,Montón,0-16,2024,6
50175,Morata de Jalón,0-16,2024,95
50176,Morata de Jiloca,0-16,2024,17
50177,Morés,0-16,2024,23
50178,Moros,0-16,2024,4
50179,Moyuela,0-16,2024,0
50180,Mozota,0-16,2024,14
50181,Muel,0-16,2024,207
50182,La Muela,0-16,2024,1354
50183,Munébrega,0-16,2024,25
50184,Murero,0-16,2024,2
50185,Murillo de Gállego,0-16,2024,17
50186,Navardún,0-16,2024,0
50187,Nigüella,0-16,2024,0
50188,Nombrevilla,0-16,2024,2
50189,Nonaspe,0-16,2024,130
50190,Novallas,0-16,2024,111
50191,Novillas,0-16,2024,30
50192,Nuévalos,0-16,2024,36
50193,Nuez de Ebro,0-16,2024,141
50194,Olvés,0-16,2024,10
50195,Orcajo,0-16,2024,1
50196,Orera,0-16,2024,4
50197,Orés,0-16,2024,2
50198,Oseja,0-16,2024,0
50199,Osera de Ebro,0-16,2024,47
50200,Paniza,0-16,2024,57
50201,Paracuellos de Jiloca,0-16,2024,64
50202,Paracuellos de la Ribera,0-16,2024,0
50203,Pastriz,0-16,2024,168
50204,Pedrola,0-16,2024,567
50205,Las Pedrosas,0-16,2024,9
50206,Perdiguera,0-16,2024,53
50207,Piedratajada,0-16,2024,1
50208,Pina de Ebro,0-16,2024,345
50209,Pinseque,0-16,2024,852
50210,Los Pintanos,0-16,2024,0
50211,Plasencia de Jalón,0-16,2024,46
50212,Pleitas,0-16,2024,4
50213,Plenas,0-16,2024,8
50214,Pomer,0-16,2024,0
50215,Pozuel de Ariza,0-16,2024,5
50216,Pozuelo de Aragón,0-16,2024,16
50217,Pradilla de Ebro,0-16,2024,48
50218,Puebla de Albortón,0-16,2024,5
50219,La Puebla de Alfindén,0-16,2024,1329
50220,Puendeluna,0-16,2024,0
50221,Purujosa,0-16,2024,0
50222,Quinto,0-16,2024,244
50223,Remolinos,0-16,2024,89
50224,Retascón,0-16,2024,5
50225,Ricla,0-16,2024,334
50227,Romanos,0-16,2024,11
50228,Rueda de Jalón,0-16,2024,42
50229,Ruesca,0-16,2024,6
50230,Sádaba,0-16,2024,107
50231,Salillas de Jalón,0-16,2024,51
50232,Salvatierra de Esca,0-16,2024,30
50233,Samper del Salz,0-16,2024,6
50234,San Martín de la Virgen de Moncayo,0-16,2024,34
50235,San Mateo de Gállego,0-16,2024,526
50236,Santa Cruz de Grío,0-16,2024,6
50237,Santa Cruz de Moncayo,0-16,2024,14
50238,Santa Eulalia de Gállego,0-16,2024,9
50239,Santed,0-16,2024,1
50240,Sástago,0-16,2024,138
50241,Sabiñán,0-16,2024,72
50242,Sediles,0-16,2024,11
50243,Sestrica,0-16,2024,11
50244,Sierra de Luna,0-16,2024,29
50245,Sigüés,0-16,2024,7
50246,Sisamón,0-16,2024,1
50247,Sobradiel,0-16,2024,187
50248,Sos del Rey Católico,0-16,2024,58
50249,Tabuenca,0-16,2024,16
50250,Talamantes,0-16,2024,10
50251,Tarazona,0-16,2024,1514
50252,Tauste,0-16,2024,874
50253,Terrer,0-16,2024,58
50254,Tierga,0-16,2024,6
50255,Tobed,0-16,2024,14
50256,Torralba de los Frailes,0-16,2024,3
50257,Torralba de Ribota,0-16,2024,3
50258,Torralbilla,0-16,2024,0
50259,Torrehermosa,0-16,2024,4
50260,Torrelapaja,0-16,2024,0
50261,Torrellas,0-16,2024,23
50262,Torres de Berrellén,0-16,2024,210
50263,Torrijo de la Cañada,0-16,2024,9
50264,Tosos,0-16,2024,14
50265,Trasmoz,0-16,2024,9
50266,Trasobares,0-16,2024,5
50267,Uncastillo,0-16,2024,34
50268,Undués de Lerda,0-16,2024,7
50269,Urrea de Jalón,0-16,2024,64
50270,Urriés,0-16,2024,3
50271,Used,0-16,2024,13
50272,Utebo,0-16,2024,3284
50273,Valdehorna,0-16,2024,0
50274,Val de San Martín,0-16,2024,1
50275,Valmadrid,0-16,2024,6
50276,Valpalmas,0-16,2024,1
50277,Valtorres,0-16,2024,11
50278,Velilla de Ebro,0-16,2024,22
50279,Velilla de Jiloca,0-16,2024,4
50280,Vera de Moncayo,0-16,2024,15
50281,Vierlas,0-16,2024,11
50282,La Vilueña,0-16,2024,7
50283,Villadoz,0-16,2024,13
50284,Villafeliche,0-16,2024,11
50285,Villafranca de Ebro,0-16,2024,101
50286,Villalba de Perejil,0-16,2024,10
50287,Villalengua,0-16,2024,22
50288,Villanueva de Gállego,0-16,2024,720
50289,Villanueva de Jiloca,0-16,2024,3
50290,Villanueva de Huerva,0-16,2024,21
50291,Villar de los Navarros,0-16,2024,14
50292,Villarreal de Huerva,0-16,2024,37
50293,Villarroya de la Sierra,0-16,2024,20
50294,Villarroya del Campo,0-16,2024,4
50295,Vistabella,0-16,2024,0
50296,La Zaida,0-16,2024,37
50297,Zaragoza,0-16,2024,96887
50298,Zuera,0-16,2024,1431
50901,Biel,0-16,2024,6
50902,Marracos,0-16,2024,3
50903,Villamayor de Gállego,0-16,2024,360
50001,Abanto,16-64,2023,51
50002,Acered,16-64,2023,74
50003,Agón,16-64,2023,80
50004,Aguarón,16-64,2023,376
50005,Aguilón,16-64,2023,146
50006,Ainzón,16-64,2023,680
50007,Aladrén,16-64,2023,41
50008,Alagón,16-64,2023,4780
50009,Alarba,16-64,2023,48
50010,Alberite de San Juan,16-64,2023,49
50011,Albeta,16-64,2023,87
50012,Alborge,16-64,2023,66
50013,Alcalá de Ebro,16-64,2023,151
50014,Alcalá de Moncayo,16-64,2023,94
50015,Alconchel de Ariza,16-64,2023,43
50016,Aldehuela de Liestos,16-64,2023,30
50017,Alfajarín,16-64,2023,1572
50018,Alfamén,16-64,2023,976
50019,Alforque,16-64,2023,41
50020,Alhama de Aragón,16-64,2023,582
50021,Almochuel,16-64,2023,10
50022,La Almolda,16-64,2023,311
50023,Almonacid de la Cuba,16-64,2023,137
50024,Almonacid de la Sierra,16-64,2023,477
50025,La Almunia de Doña Godina,16-64,2023,5323
50026,Alpartir,16-64,2023,360
50027,Ambel,16-64,2023,140
50028,Anento,16-64,2023,84
50029,Aniñón,16-64,2023,386
50030,Añón de Moncayo,16-64,2023,106
50031,Aranda de Moncayo,16-64,2023,72
50032,Arándiga,16-64,2023,150
50033,Ardisa,16-64,2023,39
50034,Ariza,16-64,2023,609
50035,Artieda,16-64,2023,49
50036,Asín,16-64,2023,50
50037,Atea,16-64,2023,80
50038,Ateca,16-64,2023,1048
50039,Azuara,16-64,2023,337
50040,Badules,16-64,2023,42
50041,Bagüés,16-64,2023,10
50042,Balconchán,16-64,2023,7
50043,Bárboles,16-64,2023,182
50044,Bardallur,16-64,2023,136
50045,Belchite,16-64,2023,916
50046,Belmonte de Gracián,16-64,2023,96
50047,Berdejo,16-64,2023,18
50048,Berrueco,16-64,2023,19
50050,Bijuesca,16-64,2023,73
50051,Biota,16-64,2023,524
50052,Bisimbre,16-64,2023,46
50053,Boquiñeni,16-64,2023,457
50054,Bordalba,16-64,2023,24
50055,Borja,16-64,2023,3256
50056,Botorrita,16-64,2023,363
50057,Brea de Aragón,16-64,2023,909
50058,Bubierca,16-64,2023,39
50059,Bujaraloz,16-64,2023,627
50060,Bulbuente,16-64,2023,165
50061,Bureta,16-64,2023,109
50062,El Burgo de Ebro,16-64,2023,1788
50063,El Buste,16-64,2023,34
50064,Cabañas de Ebro,16-64,2023,287
50065,Cabolafuente,16-64,2023,24
50066,Cadrete,16-64,2023,3168
50067,Calatayud,16-64,2023,12820
50068,Calatorao,16-64,2023,1814
50069,Calcena,16-64,2023,43
50070,Calmarza,16-64,2023,27
50071,Campillo de Aragón,16-64,2023,69
50072,Carenas,16-64,2023,108
50073,Cariñena,16-64,2023,2246
50074,Caspe,16-64,2023,6515
50075,Castejón de Alarba,16-64,2023,52
50076,Castejón de las Armas,16-64,2023,52
50077,Castejón de Valdejasa,16-64,2023,114
50078,Castiliscar,16-64,2023,107
50079,Cervera de la Cañada,16-64,2023,150
50080,Cerveruela,16-64,2023,24
50081,Cetina,16-64,2023,352
50082,Cimballa,16-64,2023,44
50083,Cinco Olivas,16-64,2023,62
50084,Clarés de Ribota,16-64,2023,45
50085,Codo,16-64,2023,123
50086,Codos,16-64,2023,131
50087,Contamina,16-64,2023,16
50088,Cosuenda,16-64,2023,194
50089,Cuarte de Huerva,16-64,2023,9955
50090,Cubel,16-64,2023,76
50091,Las Cuerlas,16-64,2023,25
50092,Chiprana,16-64,2023,362
50093,Chodes,16-64,2023,55
50094,Daroca,16-64,2023,1207
50095,Ejea de los Caballeros,16-64,2023,11215
50096,Embid de Ariza,16-64,2023,14
50098,Encinacorba,16-64,2023,107
50099,Épila,16-64,2023,2866
50100,Erla,16-64,2023,201
50101,Escatrón,16-64,2023,707
50102,Fabara,16-64,2023,633
50104,Farlete,16-64,2023,233
50105,Fayón,16-64,2023,239
50106,Los Fayos,16-64,2023,72
50107,Figueruelas,16-64,2023,854
50108,Fombuena,16-64,2023,41
50109,El Frago,16-64,2023,74
50110,El Frasno,16-64,2023,228
50111,Fréscano,16-64,2023,129
50113,Fuendejalón,16-64,2023,483
50114,Fuendetodos,16-64,2023,94
50115,Fuentes de Ebro,16-64,2023,3030
50116,Fuentes de Jiloca,16-64,2023,126
50117,Gallocanta,16-64,2023,68
50118,Gallur,16-64,2023,1612
50119,Gelsa,16-64,2023,581
50120,Godojos,16-64,2023,40
50121,Gotor,16-64,2023,194
50122,Grisel,16-64,2023,61
50123,Grisén,16-64,2023,424
50124,Herrera de los Navarros,16-64,2023,311
50125,Ibdes,16-64,2023,228
50126,Illueca,16-64,2023,1795
50128,Isuerre,16-64,2023,15
50129,Jaraba,16-64,2023,174
50130,Jarque de Moncayo,16-64,2023,264
50131,Jaulín,16-64,2023,169
50132,La Joyosa,16-64,2023,776
50133,Lagata,16-64,2023,62
50134,Langa del Castillo,16-64,2023,54
50135,Layana,16-64,2023,60
50136,Lécera,16-64,2023,361
50137,Leciñena,16-64,2023,604
50138,Lechón,16-64,2023,28
50139,Letux,16-64,2023,192
50140,Litago,16-64,2023,118
50141,Lituénigo,16-64,2023,72
50142,Lobera de Onsella,16-64,2023,14
50143,Longares,16-64,2023,597
50144,Longás,16-64,2023,26
50146,Lucena de Jalón,16-64,2023,137
50147,Luceni,16-64,2023,615
50148,Luesia,16-64,2023,213
50149,Luesma,16-64,2023,24
50150,Lumpiaque,16-64,2023,506
50151,Luna,16-64,2023,419
50152,Maella,16-64,2023,1280
50153,Magallón,16-64,2023,664
50154,Mainar,16-64,2023,108
50155,Malanquilla,16-64,2023,42
50156,Maleján,16-64,2023,167
50157,Malón,16-64,2023,257
50159,Maluenda,16-64,2023,567
50160,Mallén,16-64,2023,1968
50161,Manchones,16-64,2023,51
50162,Mara,16-64,2023,102
50163,María de Huerva,16-64,2023,4286
50164,Mediana de Aragón,16-64,2023,279
50165,Mequinenza,16-64,2023,1415
50166,Mesones de Isuela,16-64,2023,140
50167,Mezalocha,16-64,2023,128
50168,Mianos,16-64,2023,15
50169,Miedes de Aragón,16-64,2023,272
50170,Monegrillo,16-64,2023,226
50171,Moneva,16-64,2023,69
50172,Monreal de Ariza,16-64,2023,103
50173,Monterde,16-64,2023,85
50174,Montón,16-64,2023,39
50175,Morata de Jalón,16-64,2023,646
50176,Morata de Jiloca,16-64,2023,165
50177,Morés,16-64,2023,172
50178,Moros,16-64,2023,175
50179,Moyuela,16-64,2023,125
50180,Mozota,16-64,2023,74
50181,Muel,16-64,2023,951
50182,La Muela,16-64,2023,4418
50183,Munébrega,16-64,2023,240
50184,Murero,16-64,2023,66
50185,Murillo de Gállego,16-64,2023,133
50186,Navardún,16-64,2023,23
50187,Nigüella,16-64,2023,30
50188,Nombrevilla,16-64,2023,19
50189,Nonaspe,16-64,2023,628
50190,Novallas,16-64,2023,536
50191,Novillas,16-64,2023,302
50192,Nuévalos,16-64,2023,211
50193,Nuez de Ebro,16-64,2023,583
50194,Olvés,16-64,2023,56
50195,Orcajo,16-64,2023,35
50196,Orera,16-64,2023,66
50197,Orés,16-64,2023,52
50198,Oseja,16-64,2023,31
50199,Osera de Ebro,16-64,2023,248
50200,Paniza,16-64,2023,360
50201,Paracuellos de Jiloca,16-64,2023,391
50202,Paracuellos de la Ribera,16-64,2023,58
50203,Pastriz,16-64,2023,876
50204,Pedrola,16-64,2023,2461
50205,Las Pedrosas,16-64,2023,59
50206,Perdiguera,16-64,2023,368
50207,Piedratajada,16-64,2023,48
50208,Pina de Ebro,16-64,2023,1591
50209,Pinseque,16-64,2023,2942
50210,Los Pintanos,16-64,2023,15
50211,Plasencia de Jalón,16-64,2023,235
50212,Pleitas,16-64,2023,18
50213,Plenas,16-64,2023,50
50214,Pomer,16-64,2023,18
50215,Pozuel de Ariza,16-64,2023,11
50216,Pozuelo de Aragón,16-64,2023,157
50217,Pradilla de Ebro,16-64,2023,366
50218,Puebla de Albortón,16-64,2023,83
50219,La Puebla de Alfindén,16-64,2023,4501
50220,Puendeluna,16-64,2023,28
50221,Purujosa,16-64,2023,22
50222,Quinto,16-64,2023,1149
50223,Remolinos,16-64,2023,591
50224,Retascón,16-64,2023,42
50225,Ricla,16-64,2023,2194
50227,Romanos,16-64,2023,78
50228,Rueda de Jalón,16-64,2023,187
50229,Ruesca,16-64,2023,57
50230,Sádaba,16-64,2023,807
50231,Salillas de Jalón,16-64,2023,211
50232,Salvatierra de Esca,16-64,2023,120
50233,Samper del Salz,16-64,2023,46
50234,San Martín de la Virgen de Moncayo,16-64,2023,150
50235,San Mateo de Gállego,16-64,2023,2248
50236,Santa Cruz de Grío,16-64,2023,57
50237,Santa Cruz de Moncayo,16-64,2023,78
50238,Santa Eulalia de Gállego,16-64,2023,52
50239,Santed,16-64,2023,39
50240,Sástago,16-64,2023,589
50241,Sabiñán,16-64,2023,385
50242,Sediles,16-64,2023,58
50243,Sestrica,16-64,2023,216
50244,Sierra de Luna,16-64,2023,162
50245,Sigüés,16-64,2023,38
50246,Sisamón,16-64,2023,29
50247,Sobradiel,16-64,2023,703
50248,Sos del Rey Católico,16-64,2023,325
50249,Tabuenca,16-64,2023,180
50250,Talamantes,16-64,2023,58
50251,Tarazona,16-64,2023,6722
50252,Tauste,16-64,2023,4343
50253,Terrer,16-64,2023,348
50254,Tierga,16-64,2023,112
50255,Tobed,16-64,2023,112
50256,Torralba de los Frailes,16-64,2023,34
50257,Torralba de Ribota,16-64,2023,101
50258,Torralbilla,16-64,2023,25
50259,Torrehermosa,16-64,2023,44
50260,Torrelapaja,16-64,2023,15
50261,Torrellas,16-64,2023,141
50262,Torres de Berrellén,16-64,2023,949
50263,Torrijo de la Cañada,16-64,2023,109
50264,Tosos,16-64,2023,103
50265,Trasmoz,16-64,2023,48
50266,Trasobares,16-64,2023,61
50267,Uncastillo,16-64,2023,372
50268,Undués de Lerda,16-64,2023,36
50269,Urrea de Jalón,16-64,2023,267
50270,Urriés,16-64,2023,24
50271,Used,16-64,2023,150
50272,Utebo,16-64,2023,12810
50273,Valdehorna,16-64,2023,22
50274,Val de San Martín,16-64,2023,37
50275,Valmadrid,16-64,2023,70
50276,Valpalmas,16-64,2023,77
50277,Valtorres,16-64,2023,47
50278,Velilla de Ebro,16-64,2023,125
50279,Velilla de Jiloca,16-64,2023,44
50280,Vera de Moncayo,16-64,2023,181
50281,Vierlas,16-64,2023,57
50282,La Vilueña,16-64,2023,31
50283,Villadoz,16-64,2023,48
50284,Villafeliche,16-64,2023,95
50285,Villafranca de Ebro,16-64,2023,554
50286,Villalba de Perejil,16-64,2023,46
50287,Villalengua,16-64,2023,167
50288,Villanueva de Gállego,16-64,2023,3259
50289,Villanueva de Jiloca,16-64,2023,35
50290,Villanueva de Huerva,16-64,2023,249
50291,Villar de los Navarros,16-64,2023,87
50292,Villarreal de Huerva,16-64,2023,182
50293,Villarroya de la Sierra,16-64,2023,232
50294,Villarroya del Campo,16-64,2023,35
50295,Vistabella,16-64,2023,25
50296,La Zaida,16-64,2023,259
50297,Zaragoza,16-64,2023,434253
50298,Zuera,16-64,2023,5780
50901,Biel,16-64,2023,97
50902,Marracos,16-64,2023,50
50903,Villamayor de Gállego,16-64,2023,1862
50001,Abanto,16-64,2024,45
50002,Acered,16-64,2024,79
50003,Agón,16-64,2024,80
50004,Aguarón,16-64,2024,389
50005,Aguilón,16-64,2024,146
50006,Ainzón,16-64,2024,658
50007,Aladrén,16-64,2024,41
50008,Alagón,16-64,2024,4910
50009,Alarba,16-64,2024,50
50010,Alberite de San Juan,16-64,2024,50
50011,Albeta,16-64,2024,91
50012,Alborge,16-64,2024,66
50013,Alcalá de Ebro,16-64,2024,154
50014,Alcalá de Moncayo,16-64,2024,92
50015,Alconchel de Ariza,16-64,2024,46
50016,Aldehuela de Liestos,16-64,2024,31
50017,Alfajarín,16-64,2024,1542
50018,Alfamén,16-64,2024,975
50019,Alforque,16-64,2024,38
50020,Alhama de Aragón,16-64,2024,585
50021,Almochuel,16-64,2024,10
50022,La Almolda,16-64,2024,304
50023,Almonacid de la Cuba,16-64,2024,141
50024,Almonacid de la Sierra,16-64,2024,458
50025,La Almunia de Doña Godina,16-64,2024,5371
50026,Alpartir,16-64,2024,384
50027,Ambel,16-64,2024,143
50028,Anento,16-64,2024,86
50029,Aniñón,16-64,2024,391
50030,Añón de Moncayo,16-64,2024,108
50031,Aranda de Moncayo,16-64,2024,63
50032,Arándiga,16-64,2024,153
50033,Ardisa,16-64,2024,39
50034,Ariza,16-64,2024,640
50035,Artieda,16-64,2024,52
50036,Asín,16-64,2024,44
50037,Atea,16-64,2024,85
50038,Ateca,16-64,2024,1075
50039,Azuara,16-64,2024,346
50040,Badules,16-64,2024,50
50041,Bagüés,16-64,2024,11
50042,Balconchán,16-64,2024,8
50043,Bárboles,16-64,2024,182
50044,Bardallur,16-64,2024,127
50045,Belchite,16-64,2024,907
50046,Belmonte de Gracián,16-64,2024,101
50047,Berdejo,16-64,2024,21
50048,Berrueco,16-64,2024,18
50050,Bijuesca,16-64,2024,72
50051,Biota,16-64,2024,507
50052,Bisimbre,16-64,2024,53
50053,Boquiñeni,16-64,2024,445
50054,Bordalba,16-64,2024,22
50055,Borja,16-64,2024,3286
50056,Botorrita,16-64,2024,375
50057,Brea de Aragón,16-64,2024,906
50058,Bubierca,16-64,2024,36
50059,Bujaraloz,16-64,2024,613
50060,Bulbuente,16-64,2024,159
50061,Bureta,16-64,2024,108
50062,El Burgo de Ebro,16-64,2024,1818
50063,El Buste,16-64,2024,32
50064,Cabañas de Ebro,16-64,2024,276
50065,Cabolafuente,16-64,2024,29
50066,Cadrete,16-64,2024,3241
50067,Calatayud,16-64,2024,12909
50068,Calatorao,16-64,2024,1812
50069,Calcena,16-64,2024,41
50070,Calmarza,16-64,2024,28
50071,Campillo de Aragón,16-64,2024,68
50072,Carenas,16-64,2024,98
50073,Cariñena,16-64,2024,2276
50074,Caspe,16-64,2024,6555
50075,Castejón de Alarba,16-64,2024,49
50076,Castejón de las Armas,16-64,2024,55
50077,Castejón de Valdejasa,16-64,2024,113
50078,Castiliscar,16-64,2024,104
50079,Cervera de la Cañada,16-64,2024,147
50080,Cerveruela,16-64,2024,23
50081,Cetina,16-64,2024,351
50082,Cimballa,16-64,2024,46
50083,Cinco Olivas,16-64,2024,61
50084,Clarés de Ribota,16-64,2024,45
50085,Codo,16-64,2024,120
50086,Codos,16-64,2024,134
50087,Contamina,16-64,2024,13
50088,Cosuenda,16-64,2024,190
50089,Cuarte de Huerva,16-64,2024,10264
50090,Cubel,16-64,2024,75
50091,Las Cuerlas,16-64,2024,23
50092,Chiprana,16-64,2024,357
50093,Chodes,16-64,2024,63
50094,Daroca,16-64,2024,1211
50095,Ejea de los Caballeros,16-64,2024,11080
50096,Embid de Ariza,16-64,2024,13
50098,Encinacorba,16-64,2024,103
50099,Épila,16-64,2024,2889
50100,Erla,16-64,2024,205
50101,Escatrón,16-64,2024,693
50102,Fabara,16-64,2024,622
50104,Farlete,16-64,2024,225
50105,Fayón,16-64,2024,247
50106,Los Fayos,16-64,2024,71
50107,Figueruelas,16-64,2024,857
50108,Fombuena,16-64,2024,38
50109,El Frago,16-64,2024,79
50110,El Frasno,16-64,2024,227
50111,Fréscano,16-64,2024,120
50113,Fuendejalón,16-64,2024,483
50114,Fuendetodos,16-64,2024,90
50115,Fuentes de Ebro,16-64,2024,3033
50116,Fuentes de Jiloca,16-64,2024,112
50117,Gallocanta,16-64,2024,75
50118,Gallur,16-64,2024,1613
50119,Gelsa,16-64,2024,578
50120,Godojos,16-64,2024,33
50121,Gotor,16-64,2024,201
50122,Grisel,16-64,2024,61
50123,Grisén,16-64,2024,413
50124,Herrera de los Navarros,16-64,2024,321
50125,Ibdes,16-64,2024,220
50126,Illueca,16-64,2024,1790
50128,Isuerre,16-64,2024,14
50129,Jaraba,16-64,2024,188
50130,Jarque de Moncayo,16-64,2024,251
50131,Jaulín,16-64,2024,166
50132,La Joyosa,16-64,2024,761
50133,Lagata,16-64,2024,64
50134,Langa del Castillo,16-64,2024,49
50135,Layana,16-64,2024,61
50136,Lécera,16-64,2024,345
50137,Leciñena,16-64,2024,600
50138,Lechón,16-64,2024,28
50139,Letux,16-64,2024,206
50140,Litago,16-64,2024,115
50141,Lituénigo,16-64,2024,71
50142,Lobera de Onsella,16-64,2024,14
50143,Longares,16-64,2024,554
50144,Longás,16-64,2024,26
50146,Lucena de Jalón,16-64,2024,131
50147,Luceni,16-64,2024,623
50148,Luesia,16-64,2024,202
50149,Luesma,16-64,2024,25
50150,Lumpiaque,16-64,2024,510
50151,Luna,16-64,2024,402
50152,Maella,16-64,2024,1237
50153,Magallón,16-64,2024,659
50154,Mainar,16-64,2024,109
50155,Malanquilla,16-64,2024,48
50156,Maleján,16-64,2024,172
50157,Malón,16-64,2024,266
50159,Maluenda,16-64,2024,576
50160,Mallén,16-64,2024,1978
50161,Manchones,16-64,2024,48
50162,Mara,16-64,2024,105
50163,María de Huerva,16-64,2024,4384
50164,Mediana de Aragón,16-64,2024,293
50165,Mequinenza,16-64,2024,1403
50166,Mesones de Isuela,16-64,2024,146
50167,Mezalocha,16-64,2024,117
50168,Mianos,16-64,2024,17
50169,Miedes de Aragón,16-64,2024,251
50170,Monegrillo,16-64,2024,217
50171,Moneva,16-64,2024,70
50172,Monreal de Ariza,16-64,2024,99
50173,Monterde,16-64,2024,87
50174,Montón,16-64,2024,47
50175,Morata de Jalón,16-64,2024,655
50176,Morata de Jiloca,16-64,2024,159
50177,Morés,16-64,2024,171
50178,Moros,16-64,2024,162
50179,Moyuela,16-64,2024,120
50180,Mozota,16-64,2024,72
50181,Muel,16-64,2024,962
50182,La Muela,16-64,2024,4551
50183,Munébrega,16-64,2024,238
50184,Murero,16-64,2024,56
50185,Murillo de Gállego,16-64,2024,142
50186,Navardún,16-64,2024,24
50187,Nigüella,16-64,2024,32
50188,Nombrevilla,16-64,2024,22
50189,Nonaspe,16-64,2024,611
50190,Novallas,16-64,2024,538
50191,Novillas,16-64,2024,297
50192,Nuévalos,16-64,2024,199
50193,Nuez de Ebro,16-64,2024,581
50194,Olvés,16-64,2024,61
50195,Orcajo,16-64,2024,32
50196,Orera,16-64,2024,64
50197,Orés,16-64,2024,45
50198,Oseja,16-64,2024,27
50199,Osera de Ebro,16-64,2024,270
50200,Paniza,16-64,2024,341
50201,Paracuellos de Jiloca,16-64,2024,407
50202,Paracuellos de la Ribera,16-64,2024,62
50203,Pastriz,16-64,2024,870
50204,Pedrola,16-64,2024,2486
50205,Las Pedrosas,16-64,2024,70
50206,Perdiguera,16-64,2024,365
50207,Piedratajada,16-64,2024,51
50208,Pina de Ebro,16-64,2024,1606
50209,Pinseque,16-64,2024,3069
50210,Los Pintanos,16-64,2024,16
50211,Plasencia de Jalón,16-64,2024,241
50212,Pleitas,16-64,2024,16
50213,Plenas,16-64,2024,55
50214,Pomer,16-64,2024,16
50215,Pozuel de Ariza,16-64,2024,10
50216,Pozuelo de Aragón,16-64,2024,149
50217,Pradilla de Ebro,16-64,2024,361
50218,Puebla de Albortón,16-64,2024,88
50219,La Puebla de Alfindén,16-64,2024,4542
50220,Puendeluna,16-64,2024,24
50221,Purujosa,16-64,2024,21
50222,Quinto,16-64,2024,1147
50223,Remolinos,16-64,2024,613
50224,Retascón,16-64,2024,46
50225,Ricla,16-64,2024,2182
50227,Romanos,16-64,2024,68
50228,Rueda de Jalón,16-64,2024,189
50229,Ruesca,16-64,2024,53
50230,Sádaba,16-64,2024,799
50231,Salillas de Jalón,16-64,2024,221
50232,Salvatierra de Esca,16-64,2024,114
50233,Samper del Salz,16-64,2024,42
50234,San Martín de la Virgen de Moncayo,16-64,2024,154
50235,San Mateo de Gállego,16-64,2024,2244
50236,Santa Cruz de Grío,16-64,2024,63
50237,Santa Cruz de Moncayo,16-64,2024,77
50238,Santa Eulalia de Gállego,16-64,2024,52
50239,Santed,16-64,2024,39
50240,Sástago,16-64,2024,599
50241,Sabiñán,16-64,2024,395
50242,Sediles,16-64,2024,59
50243,Sestrica,16-64,2024,220
50244,Sierra de Luna,16-64,2024,153
50245,Sigüés,16-64,2024,39
50246,Sisamón,16-64,2024,25
50247,Sobradiel,16-64,2024,726
50248,Sos del Rey Católico,16-64,2024,329
50249,Tabuenca,16-64,2024,176
50250,Talamantes,16-64,2024,49
50251,Tarazona,16-64,2024,6821
50252,Tauste,16-64,2024,4315
50253,Terrer,16-64,2024,365
50254,Tierga,16-64,2024,116
50255,Tobed,16-64,2024,110
50256,Torralba de los Frailes,16-64,2024,30
50257,Torralba de Ribota,16-64,2024,101
50258,Torralbilla,16-64,2024,22
50259,Torrehermosa,16-64,2024,47
50260,Torrelapaja,16-64,2024,14
50261,Torrellas,16-64,2024,137
50262,Torres de Berrellén,16-64,2024,959
50263,Torrijo de la Cañada,16-64,2024,103
50264,Tosos,16-64,2024,105
50265,Trasmoz,16-64,2024,49
50266,Trasobares,16-64,2024,64
50267,Uncastillo,16-64,2024,357
50268,Undués de Lerda,16-64,2024,42
50269,Urrea de Jalón,16-64,2024,267
50270,Urriés,16-64,2024,23
50271,Used,16-64,2024,147
50272,Utebo,16-64,2024,12937
50273,Valdehorna,16-64,2024,22
50274,Val de San Martín,16-64,2024,34
50275,Valmadrid,16-64,2024,71
50276,Valpalmas,16-64,2024,73
50277,Valtorres,16-64,2024,46
50278,Velilla de Ebro,16-64,2024,120
50279,Velilla de Jiloca,16-64,2024,52
50280,Vera de Moncayo,16-64,2024,175
50281,Vierlas,16-64,2024,58
50282,La Vilueña,16-64,2024,28
50283,Villadoz,16-64,2024,45
50284,Villafeliche,16-64,2024,94
50285,Villafranca de Ebro,16-64,2024,554
50286,Villalba de Perejil,16-64,2024,43
50287,Villalengua,16-64,2024,170
50288,Villanueva de Gállego,16-64,2024,3268
50289,Villanueva de Jiloca,16-64,2024,37
50290,Villanueva de Huerva,16-64,2024,242
50291,Villar de los Navarros,16-64,2024,90
50292,Villarreal de Huerva,16-64,2024,180
50293,Villarroya de la Sierra,16-64,2024,224
50294,Villarroya del Campo,16-64,2024,35
50295,Vistabella,16-64,2024,26
50296,La Zaida,16-64,2024,252
50297,Zaragoza,16-64,2024,439307
50298,Zuera,16-64,2024,5761
50901,Biel,16-64,2024,102
50902,Marracos,16-64,2024,50
50903,Villamayor de Gállego,16-64,2024,1853
50001,Abanto,65-100,2023,34
50002,Acered,65-100,2023,56
50003,Agón,65-100,2023,46
50004,Aguarón,65-100,2023,166
50005,Aguilón,65-100,2023,115
50006,Ainzón,65-100,2023,262
50007,Aladrén,65-100,2023,21
50008,Alagón,65-100,2023,1371
50009,Alarba,65-100,2023,46
50010,Alberite de San Juan,65-100,2023,27
50011,Albeta,65-100,2023,41
50012,Alborge,65-100,2023,30
50013,Alcalá de Ebro,65-100,2023,67
50014,Alcalá de Moncayo,65-100,2023,43
50015,Alconchel de Ariza,65-100,2023,30
50016,Aldehuela de Liestos,65-100,2023,21
50017,Alfajarín,65-100,2023,469
50018,Alfamén,65-100,2023,264
50019,Alforque,65-100,2023,24
50020,Alhama de Aragón,65-100,2023,241
50021,Almochuel,65-100,2023,10
50022,La Almolda,65-100,2023,200
50023,Almonacid de la Cuba,65-100,2023,75
50024,Almonacid de la Sierra,65-100,2023,207
50025,La Almunia de Doña Godina,65-100,2023,1296
50026,Alpartir,65-100,2023,140
50027,Ambel,65-100,2023,92
50028,Anento,65-100,2023,23
50029,Aniñón,65-100,2023,225
50030,Añón de Moncayo,65-100,2023,90
50031,Aranda de Moncayo,65-100,2023,51
50032,Arándiga,65-100,2023,97
50033,Ardisa,65-100,2023,37
50034,Ariza,65-100,2023,303
50035,Artieda,65-100,2023,26
50036,Asín,65-100,2023,46
50037,Atea,65-100,2023,49
50038,Ateca,65-100,2023,493
50039,Azuara,65-100,2023,155
50040,Badules,65-100,2023,30
50041,Bagüés,65-100,2023,6
50042,Balconchán,65-100,2023,10
50043,Bárboles,65-100,2023,81
50044,Bardallur,65-100,2023,79
50045,Belchite,65-100,2023,457
50046,Belmonte de Gracián,65-100,2023,75
50047,Berdejo,65-100,2023,18
50048,Berrueco,65-100,2023,14
50050,Bijuesca,65-100,2023,20
50051,Biota,65-100,2023,262
50052,Bisimbre,65-100,2023,33
50053,Boquiñeni,65-100,2023,258
50054,Bordalba,65-100,2023,25
50055,Borja,65-100,2023,1009
50056,Botorrita,65-100,2023,124
50057,Brea de Aragón,65-100,2023,459
50058,Bubierca,65-100,2023,20
50059,Bujaraloz,65-100,2023,227
50060,Bulbuente,65-100,2023,54
50061,Bureta,65-100,2023,90
50062,El Burgo de Ebro,65-100,2023,471
50063,El Buste,65-100,2023,26
50064,Cabañas de Ebro,65-100,2023,156
50065,Cabolafuente,65-100,2023,22
50066,Cadrete,65-100,2023,524
50067,Calatayud,65-100,2023,4186
50068,Calatorao,65-100,2023,615
50069,Calcena,65-100,2023,33
50070,Calmarza,65-100,2023,26
50071,Campillo de Aragón,65-100,2023,49
50072,Carenas,65-100,2023,76
50073,Cariñena,65-100,2023,681
50074,Caspe,65-100,2023,2002
50075,Castejón de Alarba,65-100,2023,35
50076,Castejón de las Armas,65-100,2023,34
50077,Castejón de Valdejasa,65-100,2023,78
50078,Castiliscar,65-100,2023,100
50079,Cervera de la Cañada,65-100,2023,95
50080,Cerveruela,65-100,2023,12
50081,Cetina,65-100,2023,154
50082,Cimballa,65-100,2023,38
50083,Cinco Olivas,65-100,2023,32
50084,Clarés de Ribota,65-100,2023,28
50085,Codo,65-100,2023,75
50086,Codos,65-100,2023,72
50087,Contamina,65-100,2023,18
50088,Cosuenda,65-100,2023,109
50089,Cuarte de Huerva,65-100,2023,1031
50090,Cubel,65-100,2023,55
50091,Las Cuerlas,65-100,2023,16
50092,Chiprana,65-100,2023,89
50093,Chodes,65-100,2023,33
50094,Daroca,65-100,2023,497
50095,Ejea de los Caballeros,65-100,2023,3449
50096,Embid de Ariza,65-100,2023,16
50098,Encinacorba,65-100,2023,71
50099,Épila,65-100,2023,851
50100,Erla,65-100,2023,126
50101,Escatrón,65-100,2023,308
50102,Fabara,65-100,2023,315
50104,Farlete,65-100,2023,148
50105,Fayón,65-100,2023,121
50106,Los Fayos,65-100,2023,51
50107,Figueruelas,65-100,2023,244
50108,Fombuena,65-100,2023,13
50109,El Frago,65-100,2023,38
50110,El Frasno,65-100,2023,125
50111,Fréscano,65-100,2023,54
50113,Fuendejalón,65-100,2023,226
50114,Fuendetodos,65-100,2023,46
50115,Fuentes de Ebro,65-100,2023,897
50116,Fuentes de Jiloca,65-100,2023,82
50117,Gallocanta,65-100,2023,46
50118,Gallur,65-100,2023,657
50119,Gelsa,65-100,2023,309
50120,Godojos,65-100,2023,17
50121,Gotor,65-100,2023,98
50122,Grisel,65-100,2023,22
50123,Grisén,65-100,2023,124
50124,Herrera de los Navarros,65-100,2023,138
50125,Ibdes,65-100,2023,124
50126,Illueca,65-100,2023,677
50128,Isuerre,65-100,2023,16
50129,Jaraba,65-100,2023,62
50130,Jarque de Moncayo,65-100,2023,103
50131,Jaulín,65-100,2023,98
50132,La Joyosa,65-100,2023,152
50133,Lagata,65-100,2023,45
50134,Langa del Castillo,65-100,2023,56
50135,Layana,65-100,2023,30
50136,Lécera,65-100,2023,212
50137,Leciñena,65-100,2023,379
50138,Lechón,65-100,2023,17
50139,Letux,65-100,2023,132
50140,Litago,65-100,2023,68
50141,Lituénigo,65-100,2023,39
50142,Lobera de Onsella,65-100,2023,9
50143,Longares,65-100,2023,179
50144,Longás,65-100,2023,18
50146,Lucena de Jalón,65-100,2023,73
50147,Luceni,65-100,2023,241
50148,Luesia,65-100,2023,113
50149,Luesma,65-100,2023,15
50150,Lumpiaque,65-100,2023,232
50151,Luna,65-100,2023,222
50152,Maella,65-100,2023,523
50153,Magallón,65-100,2023,313
50154,Mainar,65-100,2023,52
50155,Malanquilla,65-100,2023,34
50156,Maleján,65-100,2023,68
50157,Malón,65-100,2023,111
50159,Maluenda,65-100,2023,240
50160,Mallén,65-100,2023,643
50161,Manchones,65-100,2023,40
50162,Mara,65-100,2023,47
50163,María de Huerva,65-100,2023,526
50164,Mediana de Aragón,65-100,2023,114
50165,Mequinenza,65-100,2023,559
50166,Mesones de Isuela,65-100,2023,103
50167,Mezalocha,65-100,2023,85
50168,Mianos,65-100,2023,12
50169,Miedes de Aragón,65-100,2023,118
50170,Monegrillo,65-100,2023,132
50171,Moneva,65-100,2023,50
50172,Monreal de Ariza,65-100,2023,68
50173,Monterde,65-100,2023,73
50174,Montón,65-100,2023,44
50175,Morata de Jalón,65-100,2023,328
50176,Morata de Jiloca,65-100,2023,77
50177,Morés,65-100,2023,113
50178,Moros,65-100,2023,101
50179,Moyuela,65-100,2023,115
50180,Mozota,65-100,2023,40
50181,Muel,65-100,2023,313
50182,La Muela,65-100,2023,652
50183,Munébrega,65-100,2023,116
50184,Murero,65-100,2023,37
50185,Murillo de Gállego,65-100,2023,47
50186,Navardún,65-100,2023,15
50187,Nigüella,65-100,2023,30
50188,Nombrevilla,65-100,2023,16
50189,Nonaspe,65-100,2023,269
50190,Novallas,65-100,2023,206
50191,Novillas,65-100,2023,171
50192,Nuévalos,65-100,2023,72
50193,Nuez de Ebro,65-100,2023,178
50194,Olvés,65-100,2023,38
50195,Orcajo,65-100,2023,23
50196,Orera,65-100,2023,33
50197,Orés,65-100,2023,34
50198,Oseja,65-100,2023,16
50199,Osera de Ebro,65-100,2023,112
50200,Paniza,65-100,2023,170
50201,Paracuellos de Jiloca,65-100,2023,130
50202,Paracuellos de la Ribera,65-100,2023,56
50203,Pastriz,65-100,2023,267
50204,Pedrola,65-100,2023,690
50205,Las Pedrosas,65-100,2023,33
50206,Perdiguera,65-100,2023,130
50207,Piedratajada,65-100,2023,39
50208,Pina de Ebro,65-100,2023,499
50209,Pinseque,65-100,2023,562
50210,Los Pintanos,65-100,2023,24
50211,Plasencia de Jalón,65-100,2023,84
50212,Pleitas,65-100,2023,11
50213,Plenas,65-100,2023,48
50214,Pomer,65-100,2023,8
50215,Pozuel de Ariza,65-100,2023,9
50216,Pozuelo de Aragón,65-100,2023,82
50217,Pradilla de Ebro,65-100,2023,148
50218,Puebla de Albortón,65-100,2023,46
50219,La Puebla de Alfindén,65-100,2023,609
50220,Puendeluna,65-100,2023,16
50221,Purujosa,65-100,2023,8
50222,Quinto,65-100,2023,484
50223,Remolinos,65-100,2023,332
50224,Retascón,65-100,2023,24
50225,Ricla,65-100,2023,480
50227,Romanos,65-100,2023,55
50228,Rueda de Jalón,65-100,2023,93
50229,Ruesca,65-100,2023,10
50230,Sádaba,65-100,2023,355
50231,Salillas de Jalón,65-100,2023,91
50232,Salvatierra de Esca,65-100,2023,50
50233,Samper del Salz,65-100,2023,40
50234,San Martín de la Virgen de Moncayo,65-100,2023,86
50235,San Mateo de Gállego,65-100,2023,651
50236,Santa Cruz de Grío,65-100,2023,37
50237,Santa Cruz de Moncayo,65-100,2023,32
50238,Santa Eulalia de Gállego,65-100,2023,37
50239,Santed,65-100,2023,27
50240,Sástago,65-100,2023,367
50241,Sabiñán,65-100,2023,224
50242,Sediles,65-100,2023,45
50243,Sestrica,65-100,2023,113
50244,Sierra de Luna,65-100,2023,78
50245,Sigüés,65-100,2023,26
50246,Sisamón,65-100,2023,16
50247,Sobradiel,65-100,2023,222
50248,Sos del Rey Católico,65-100,2023,206
50249,Tabuenca,65-100,2023,119
50250,Talamantes,65-100,2023,18
50251,Tarazona,65-100,2023,2419
50252,Tauste,65-100,2023,1568
50253,Terrer,65-100,2023,148
50254,Tierga,65-100,2023,56
50255,Tobed,65-100,2023,77
50256,Torralba de los Frailes,65-100,2023,35
50257,Torralba de Ribota,65-100,2023,71
50258,Torralbilla,65-100,2023,19
50259,Torrehermosa,65-100,2023,27
50260,Torrelapaja,65-100,2023,17
50261,Torrellas,65-100,2023,72
50262,Torres de Berrellén,65-100,2023,336
50263,Torrijo de la Cañada,65-100,2023,82
50264,Tosos,65-100,2023,56
50265,Trasmoz,65-100,2023,27
50266,Trasobares,65-100,2023,57
50267,Uncastillo,65-100,2023,222
50268,Undués de Lerda,65-100,2023,11
50269,Urrea de Jalón,65-100,2023,110
50270,Urriés,65-100,2023,21
50271,Used,65-100,2023,107
50272,Utebo,65-100,2023,2671
50273,Valdehorna,65-100,2023,10
50274,Val de San Martín,65-100,2023,24
50275,Valmadrid,65-100,2023,51
50276,Valpalmas,65-100,2023,57
50277,Valtorres,65-100,2023,19
50278,Velilla de Ebro,65-100,2023,57
50279,Velilla de Jiloca,65-100,2023,20
50280,Vera de Moncayo,65-100,2023,119
50281,Vierlas,65-100,2023,21
50282,La Vilueña,65-100,2023,27
50283,Villadoz,65-100,2023,24
50284,Villafeliche,65-100,2023,48
50285,Villafranca de Ebro,65-100,2023,179
50286,Villalba de Perejil,65-100,2023,33
50287,Villalengua,65-100,2023,97
50288,Villanueva de Gállego,65-100,2023,788
50289,Villanueva de Jiloca,65-100,2023,29
50290,Villanueva de Huerva,65-100,2023,116
50291,Villar de los Navarros,65-100,2023,47
50292,Villarreal de Huerva,65-100,2023,55
50293,Villarroya de la Sierra,65-100,2023,170
50294,Villarroya del Campo,65-100,2023,32
50295,Vistabella,65-100,2023,26
50296,La Zaida,65-100,2023,140
50297,Zaragoza,65-100,2023,151470
50298,Zuera,65-100,2023,1406
50901,Biel,65-100,2023,63
50902,Marracos,65-100,2023,33
50903,Villamayor de Gállego,65-100,2023,644
50001,Abanto,65-100,2024,34
50002,Acered,65-100,2024,52
50003,Agón,65-100,2024,48
50004,Aguarón,65-100,2024,161
50005,Aguilón,65-100,2024,117
50006,Ainzón,65-100,2024,282
50007,Aladrén,65-100,2024,20
50008,Alagón,65-100,2024,1447
50009,Alarba,65-100,2024,41
50010,Alberite de San Juan,65-100,2024,28
50011,Albeta,65-100,2024,37
50012,Alborge,65-100,2024,28
50013,Alcalá de Ebro,65-100,2024,68
50014,Alcalá de Moncayo,65-100,2024,49
50015,Alconchel de Ariza,65-100,2024,29
50016,Aldehuela de Liestos,65-100,2024,18
50017,Alfajarín,65-100,2024,469
50018,Alfamén,65-100,2024,272
50019,Alforque,65-100,2024,23
50020,Alhama de Aragón,65-100,2024,248
50021,Almochuel,65-100,2024,12
50022,La Almolda,65-100,2024,200
50023,Almonacid de la Cuba,65-100,2024,81
50024,Almonacid de la Sierra,65-100,2024,201
50025,La Almunia de Doña Godina,65-100,2024,1322
50026,Alpartir,65-100,2024,133
50027,Ambel,65-100,2024,89
50028,Anento,65-100,2024,24
50029,Aniñón,65-100,2024,220
50030,Añón de Moncayo,65-100,2024,91
50031,Aranda de Moncayo,65-100,2024,49
50032,Arándiga,65-100,2024,90
50033,Ardisa,65-100,2024,37
50034,Ariza,65-100,2024,304
50035,Artieda,65-100,2024,29
50036,Asín,65-100,2024,40
50037,Atea,65-100,2024,48
50038,Ateca,65-100,2024,502
50039,Azuara,65-100,2024,161
50040,Badules,65-100,2024,30
50041,Bagüés,65-100,2024,6
50042,Balconchán,65-100,2024,11
50043,Bárboles,65-100,2024,76
50044,Bardallur,65-100,2024,86
50045,Belchite,65-100,2024,463
50046,Belmonte de Gracián,65-100,2024,71
50047,Berdejo,65-100,2024,16
50048,Berrueco,65-100,2024,15
50050,Bijuesca,65-100,2024,20
50051,Biota,65-100,2024,269
50052,Bisimbre,65-100,2024,35
50053,Boquiñeni,65-100,2024,245
50054,Bordalba,65-100,2024,25
50055,Borja,65-100,2024,1053
50056,Botorrita,65-100,2024,124
50057,Brea de Aragón,65-100,2024,462
50058,Bubierca,65-100,2024,20
50059,Bujaraloz,65-100,2024,229
50060,Bulbuente,65-100,2024,58
50061,Bureta,65-100,2024,86
50062,El Burgo de Ebro,65-100,2024,490
50063,El Buste,65-100,2024,25
50064,Cabañas de Ebro,65-100,2024,155
50065,Cabolafuente,65-100,2024,22
50066,Cadrete,65-100,2024,559
50067,Calatayud,65-100,2024,4210
50068,Calatorao,65-100,2024,628
50069,Calcena,65-100,2024,30
50070,Calmarza,65-100,2024,24
50071,Campillo de Aragón,65-100,2024,43
50072,Carenas,65-100,2024,67
50073,Cariñena,65-100,2024,695
50074,Caspe,65-100,2024,2021
50075,Castejón de Alarba,65-100,2024,29
50076,Castejón de las Armas,65-100,2024,35
50077,Castejón de Valdejasa,65-100,2024,76
50078,Castiliscar,65-100,2024,99
50079,Cervera de la Cañada,65-100,2024,89
50080,Cerveruela,65-100,2024,13
50081,Cetina,65-100,2024,148
50082,Cimballa,65-100,2024,29
50083,Cinco Olivas,65-100,2024,34
50084,Clarés de Ribota,65-100,2024,25
50085,Codo,65-100,2024,70
50086,Codos,65-100,2024,69
50087,Contamina,65-100,2024,18
50088,Cosuenda,65-100,2024,109
50089,Cuarte de Huerva,65-100,2024,1136
50090,Cubel,65-100,2024,54
50091,Las Cuerlas,65-100,2024,18
50092,Chiprana,65-100,2024,87
50093,Chodes,65-100,2024,32
50094,Daroca,65-100,2024,480
50095,Ejea de los Caballeros,65-100,2024,3539
50096,Embid de Ariza,65-100,2024,15
50098,Encinacorba,65-100,2024,73
50099,Épila,65-100,2024,851
50100,Erla,65-100,2024,125
50101,Escatrón,65-100,2024,315
50102,Fabara,65-100,2024,305
50104,Farlete,65-100,2024,148
50105,Fayón,65-100,2024,121
50106,Los Fayos,65-100,2024,54
50107,Figueruelas,65-100,2024,263
50108,Fombuena,65-100,2024,17
50109,El Frago,65-100,2024,39
50110,El Frasno,65-100,2024,125
50111,Fréscano,65-100,2024,58
50113,Fuendejalón,65-100,2024,223
50114,Fuendetodos,65-100,2024,46
50115,Fuentes de Ebro,65-100,2024,921
50116,Fuentes de Jiloca,65-100,2024,87
50117,Gallocanta,65-100,2024,45
50118,Gallur,65-100,2024,679
50119,Gelsa,65-100,2024,311
50120,Godojos,65-100,2024,17
50121,Gotor,65-100,2024,94
50122,Grisel,65-100,2024,23
50123,Grisén,65-100,2024,124
50124,Herrera de los Navarros,65-100,2024,136
50125,Ibdes,65-100,2024,126
50126,Illueca,65-100,2024,680
50128,Isuerre,65-100,2024,14
50129,Jaraba,65-100,2024,62
50130,Jarque de Moncayo,65-100,2024,102
50131,Jaulín,65-100,2024,103
50132,La Joyosa,65-100,2024,155
50133,Lagata,65-100,2024,45
50134,Langa del Castillo,65-100,2024,56
50135,Layana,65-100,2024,31
50136,Lécera,65-100,2024,206
50137,Leciñena,65-100,2024,372
50138,Lechón,65-100,2024,16
50139,Letux,65-100,2024,135
50140,Litago,65-100,2024,68
50141,Lituénigo,65-100,2024,40
50142,Lobera de Onsella,65-100,2024,13
50143,Longares,65-100,2024,183
50144,Longás,65-100,2024,19
50146,Lucena de Jalón,65-100,2024,67
50147,Luceni,65-100,2024,250
50148,Luesia,65-100,2024,115
50149,Luesma,65-100,2024,16
50150,Lumpiaque,65-100,2024,243
50151,Luna,65-100,2024,225
50152,Maella,65-100,2024,534
50153,Magallón,65-100,2024,311
50154,Mainar,65-100,2024,49
50155,Malanquilla,65-100,2024,23
50156,Maleján,65-100,2024,71
50157,Malón,65-100,2024,107
50159,Maluenda,65-100,2024,242
50160,Mallén,65-100,2024,658
50161,Manchones,65-100,2024,44
50162,Mara,65-100,2024,44
50163,María de Huerva,65-100,2024,540
50164,Mediana de Aragón,65-100,2024,113
50165,Mequinenza,65-100,2024,548
50166,Mesones de Isuela,65-100,2024,104
50167,Mezalocha,65-100,2024,81
50168,Mianos,65-100,2024,11
50169,Miedes de Aragón,65-100,2024,120
50170,Monegrillo,65-100,2024,137
50171,Moneva,65-100,2024,41
50172,Monreal de Ariza,65-100,2024,68
50173,Monterde,65-100,2024,63
50174,Montón,65-100,2024,42
50175,Morata de Jalón,65-100,2024,336
50176,Morata de Jiloca,65-100,2024,73
50177,Morés,65-100,2024,111
50178,Moros,65-100,2024,103
50179,Moyuela,65-100,2024,107
50180,Mozota,65-100,2024,44
50181,Muel,65-100,2024,322
50182,La Muela,65-100,2024,664
50183,Munébrega,65-100,2024,105
50184,Murero,65-100,2024,34
50185,Murillo de Gállego,65-100,2024,45
50186,Navardún,65-100,2024,14
50187,Nigüella,65-100,2024,30
50188,Nombrevilla,65-100,2024,15
50189,Nonaspe,65-100,2024,276
50190,Novallas,65-100,2024,212
50191,Novillas,65-100,2024,175
50192,Nuévalos,65-100,2024,75
50193,Nuez de Ebro,65-100,2024,184
50194,Olvés,65-100,2024,41
50195,Orcajo,65-100,2024,26
50196,Orera,65-100,2024,33
50197,Orés,65-100,2024,27
50198,Oseja,65-100,2024,17
50199,Osera de Ebro,65-100,2024,112
50200,Paniza,65-100,2024,176
50201,Paracuellos de Jiloca,65-100,2024,142
50202,Paracuellos de la Ribera,65-100,2024,50
50203,Pastriz,65-100,2024,276
50204,Pedrola,65-100,2024,704
50205,Las Pedrosas,65-100,2024,34
50206,Perdiguera,65-100,2024,125
50207,Piedratajada,65-100,2024,45
50208,Pina de Ebro,65-100,2024,494
50209,Pinseque,65-100,2024,620
50210,Los Pintanos,65-100,2024,23
50211,Plasencia de Jalón,65-100,2024,94
50212,Pleitas,65-100,2024,10
50213,Plenas,65-100,2024,50
50214,Pomer,65-100,2024,8
50215,Pozuel de Ariza,65-100,2024,9
50216,Pozuelo de Aragón,65-100,2024,84
50217,Pradilla de Ebro,65-100,2024,156
50218,Puebla de Albortón,65-100,2024,44
50219,La Puebla de Alfindén,65-100,2024,647
50220,Puendeluna,65-100,2024,18
50221,Purujosa,65-100,2024,8
50222,Quinto,65-100,2024,489
50223,Remolinos,65-100,2024,322
50224,Retascón,65-100,2024,22
50225,Ricla,65-100,2024,482
50227,Romanos,65-100,2024,65
50228,Rueda de Jalón,65-100,2024,95
50229,Ruesca,65-100,2024,10
50230,Sádaba,65-100,2024,362
50231,Salillas de Jalón,65-100,2024,89
50232,Salvatierra de Esca,65-100,2024,49
50233,Samper del Salz,65-100,2024,34
50234,San Martín de la Virgen de Moncayo,65-100,2024,86
50235,San Mateo de Gállego,65-100,2024,647
50236,Santa Cruz de Grío,65-100,2024,35
50237,Santa Cruz de Moncayo,65-100,2024,33
50238,Santa Eulalia de Gállego,65-100,2024,40
50239,Santed,65-100,2024,31
50240,Sástago,65-100,2024,356
50241,Sabiñán,65-100,2024,223
50242,Sediles,65-100,2024,42
50243,Sestrica,65-100,2024,109
50244,Sierra de Luna,65-100,2024,75
50245,Sigüés,65-100,2024,25
50246,Sisamón,65-100,2024,21
50247,Sobradiel,65-100,2024,224
50248,Sos del Rey Católico,65-100,2024,199
50249,Tabuenca,65-100,2024,119
50250,Talamantes,65-100,2024,23
50251,Tarazona,65-100,2024,2431
50252,Tauste,65-100,2024,1596
50253,Terrer,65-100,2024,154
50254,Tierga,65-100,2024,55
50255,Tobed,65-100,2024,72
50256,Torralba de los Frailes,65-100,2024,35
50257,Torralba de Ribota,65-100,2024,65
50258,Torralbilla,65-100,2024,17
50259,Torrehermosa,65-100,2024,27
50260,Torrelapaja,65-100,2024,15
50261,Torrellas,65-100,2024,71
50262,Torres de Berrellén,65-100,2024,335
50263,Torrijo de la Cañada,65-100,2024,81
50264,Tosos,65-100,2024,57
50265,Trasmoz,65-100,2024,25
50266,Trasobares,65-100,2024,53
50267,Uncastillo,65-100,2024,224
50268,Undués de Lerda,65-100,2024,6
50269,Urrea de Jalón,65-100,2024,106
50270,Urriés,65-100,2024,23
50271,Used,65-100,2024,103
50272,Utebo,65-100,2024,2763
50273,Valdehorna,65-100,2024,9
50274,Val de San Martín,65-100,2024,24
50275,Valmadrid,65-100,2024,50
50276,Valpalmas,65-100,2024,53
50277,Valtorres,65-100,2024,19
50278,Velilla de Ebro,65-100,2024,63
50279,Velilla de Jiloca,65-100,2024,20
50280,Vera de Moncayo,65-100,2024,126
50281,Vierlas,65-100,2024,21
50282,La Vilueña,65-100,2024,24
50283,Villadoz,65-100,2024,23
50284,Villafeliche,65-100,2024,51
50285,Villafranca de Ebro,65-100,2024,178
50286,Villalba de Perejil,65-100,2024,31
50287,Villalengua,65-100,2024,97
50288,Villanueva de Gállego,65-100,2024,821
50289,Villanueva de Jiloca,65-100,2024,29
50290,Villanueva de Huerva,65-100,2024,116
50291,Villar de los Navarros,65-100,2024,53
50292,Villarreal de Huerva,65-100,2024,50
50293,Villarroya de la Sierra,65-100,2024,168
50294,Villarroya del Campo,65-100,2024,29
50295,Vistabella,65-100,2024,25
50296,La Zaida,65-100,2024,142
50297,Zaragoza,65-100,2024,154843
50298,Zuera,65-100,2024,1443
50901,Biel,65-100,2024,62
50902,Marracos,65-100,2024,32
50903,Villamayor de Gállego,65-100,2024,639
