cp,name,age,year,total
22001,Abiego,0-16,2003,31
22001,Abiego,16-64,2003,160
22001,Abiego,65-100,2003,93
22001,Abiego,0-16,2004,33
22001,Abiego,16-64,2004,167
22001,Abiego,65-100,2004,88
22001,Abiego,0-16,2005,29
22001,Abiego,16-64,2005,166
22001,Abiego,65-100,2005,82
22001,Abiego,0-16,2006,29
22001,Abiego,16-64,2006,178
22001,Abiego,65-100,2006,81
22001,Abiego,0-16,2007,30
22001,Abiego,16-64,2007,182
22001,Abiego,65-100,2007,80
22001,Abiego,0-16,2008,26
22001,Abiego,16-64,2008,181
22001,Abiego,65-100,2008,81
22001,Abiego,0-16,2009,26
22001,Abiego,16-64,2009,182
22001,Abiego,65-100,2009,78
22001,Abiego,0-16,2010,26
22001,Abiego,16-64,2010,180
22001,Abiego,65-100,2010,75
22001,Abiego,0-16,2011,25
22001,Abiego,16-64,2011,177
22001,Abiego,65-100,2011,78
22001,Abiego,0-16,2012,23
22001,Abiego,16-64,2012,174
22001,Abiego,65-100,2012,80
22001,Abiego,0-16,2013,28
22001,Abiego,16-64,2013,168
22001,Abiego,65-100,2013,83
22001,Abiego,0-16,2014,20
22001,Abiego,16-64,2014,168
22001,Abiego,65-100,2014,79
22001,Abiego,0-16,2015,15
22001,Abiego,16-64,2015,158
22001,Abiego,65-100,2015,80
22001,Abiego,0-16,2016,17
22001,Abiego,16-64,2016,151
22001,Abiego,65-100,2016,79
22001,Abiego,0-16,2017,17
22001,Abiego,16-64,2017,153
22001,Abiego,65-100,2017,76
22001,Abiego,0-16,2018,17
22001,Abiego,16-64,2018,146
22001,Abiego,65-100,2018,74
22001,Abiego,0-16,2019,22
22001,Abiego,16-64,2019,151
22001,Abiego,65-100,2019,75
22001,Abiego,0-16,2020,28
22001,Abiego,16-64,2020,154
22001,Abiego,65-100,2020,76
22001,Abiego,0-16,2021,26
22001,Abiego,16-64,2021,168
22001,Abiego,65-100,2021,77
22001,Abiego,0-16,2022,30
22001,Abiego,16-64,2022,174
22001,Abiego,65-100,2022,74
22001,Abiego,0-16,2023,22
22001,Abiego,16-64,2023,165
22001,Abiego,65-100,2023,74
22001,Abiego,0-16,2024,24
22001,Abiego,16-64,2024,167
22001,Abiego,65-100,2024,73
22001,Abiego,0-16,2025,21
22001,Abiego,16-64,2025,165
22001,Abiego,65-100,2025,73
22002,Abizanda,0-16,2003,11
22002,Abizanda,16-64,2003,90
22002,Abizanda,65-100,2003,31
22002,Abizanda,0-16,2004,9
22002,Abizanda,16-64,2004,94
22002,Abizanda,65-100,2004,28
22002,Abizanda,0-16,2005,7
22002,Abizanda,16-64,2005,92
22002,Abizanda,65-100,2005,29
22002,Abizanda,0-16,2006,8
22002,Abizanda,16-64,2006,94
22002,Abizanda,65-100,2006,34
22002,Abizanda,0-16,2007,8
22002,Abizanda,16-64,2007,92
22002,Abizanda,65-100,2007,33
22002,Abizanda,0-16,2008,8
22002,Abizanda,16-64,2008,90
22002,Abizanda,65-100,2008,32
22002,Abizanda,0-16,2009,10
22002,Abizanda,16-64,2009,80
22002,Abizanda,65-100,2009,36
22002,Abizanda,0-16,2010,10
22002,Abizanda,16-64,2010,85
22002,Abizanda,65-100,2010,37
22002,Abizanda,0-16,2011,8
22002,Abizanda,16-64,2011,93
22002,Abizanda,65-100,2011,38
22002,Abizanda,0-16,2012,8
22002,Abizanda,16-64,2012,91
22002,Abizanda,65-100,2012,37
22002,Abizanda,0-16,2013,11
22002,Abizanda,16-64,2013,96
22002,Abizanda,65-100,2013,36
22002,Abizanda,0-16,2014,11
22002,Abizanda,16-64,2014,92
22002,Abizanda,65-100,2014,37
22002,Abizanda,0-16,2015,9
22002,Abizanda,16-64,2015,96
22002,Abizanda,65-100,2015,37
22002,Abizanda,0-16,2016,12
22002,Abizanda,16-64,2016,89
22002,Abizanda,65-100,2016,41
22002,Abizanda,0-16,2017,14
22002,Abizanda,16-64,2017,100
22002,Abizanda,65-100,2017,42
22002,Abizanda,0-16,2018,12
22002,Abizanda,16-64,2018,98
22002,Abizanda,65-100,2018,41
22002,Abizanda,0-16,2019,14
22002,Abizanda,16-64,2019,97
22002,Abizanda,65-100,2019,39
22002,Abizanda,0-16,2020,13
22002,Abizanda,16-64,2020,90
22002,Abizanda,65-100,2020,36
22002,Abizanda,0-16,2021,14
22002,Abizanda,16-64,2021,91
22002,Abizanda,65-100,2021,38
22002,Abizanda,0-16,2022,19
22002,Abizanda,16-64,2022,92
22002,Abizanda,65-100,2022,40
22002,Abizanda,0-16,2023,14
22002,Abizanda,16-64,2023,108
22002,Abizanda,65-100,2023,40
22002,Abizanda,0-16,2024,11
22002,Abizanda,16-64,2024,109
22002,Abizanda,65-100,2024,43
22002,Abizanda,0-16,2025,13
22002,Abizanda,16-64,2025,108
22002,Abizanda,65-100,2025,40
22003,Adahuesca,0-16,2003,15
22003,Adahuesca,16-64,2003,82
22003,Adahuesca,65-100,2003,58
22003,Adahuesca,0-16,2004,16
22003,Adahuesca,16-64,2004,89
22003,Adahuesca,65-100,2004,58
22003,Adahuesca,0-16,2005,15
22003,Adahuesca,16-64,2005,91
22003,Adahuesca,65-100,2005,56
22003,Adahuesca,0-16,2006,17
22003,Adahuesca,16-64,2006,94
22003,Adahuesca,65-100,2006,58
22003,Adahuesca,0-16,2007,17
22003,Adahuesca,16-64,2007,99
22003,Adahuesca,65-100,2007,53
22003,Adahuesca,0-16,2008,14
22003,Adahuesca,16-64,2008,95
22003,Adahuesca,65-100,2008,54
22003,Adahuesca,0-16,2009,12
22003,Adahuesca,16-64,2009,102
22003,Adahuesca,65-100,2009,54
22003,Adahuesca,0-16,2010,10
22003,Adahuesca,16-64,2010,105
22003,Adahuesca,65-100,2010,51
22003,Adahuesca,0-16,2011,15
22003,Adahuesca,16-64,2011,111
22003,Adahuesca,65-100,2011,50
22003,Adahuesca,0-16,2012,17
22003,Adahuesca,16-64,2012,111
22003,Adahuesca,65-100,2012,54
22003,Adahuesca,0-16,2013,19
22003,Adahuesca,16-64,2013,107
22003,Adahuesca,65-100,2013,50
22003,Adahuesca,0-16,2014,21
22003,Adahuesca,16-64,2014,100
22003,Adahuesca,65-100,2014,51
22003,Adahuesca,0-16,2015,24
22003,Adahuesca,16-64,2015,99
22003,Adahuesca,65-100,2015,50
22003,Adahuesca,0-16,2016,24
22003,Adahuesca,16-64,2016,91
22003,Adahuesca,65-100,2016,51
22003,Adahuesca,0-16,2017,26
22003,Adahuesca,16-64,2017,98
22003,Adahuesca,65-100,2017,48
22003,Adahuesca,0-16,2018,24
22003,Adahuesca,16-64,2018,100
22003,Adahuesca,65-100,2018,48
22003,Adahuesca,0-16,2019,31
22003,Adahuesca,16-64,2019,103
22003,Adahuesca,65-100,2019,43
22003,Adahuesca,0-16,2020,27
22003,Adahuesca,16-64,2020,110
22003,Adahuesca,65-100,2020,43
22003,Adahuesca,0-16,2021,27
22003,Adahuesca,16-64,2021,115
22003,Adahuesca,65-100,2021,48
22003,Adahuesca,0-16,2022,33
22003,Adahuesca,16-64,2022,121
22003,Adahuesca,65-100,2022,50
22003,Adahuesca,0-16,2023,35
22003,Adahuesca,16-64,2023,118
22003,Adahuesca,65-100,2023,54
22003,Adahuesca,0-16,2024,37
22003,Adahuesca,16-64,2024,117
22003,Adahuesca,65-100,2024,51
22003,Adahuesca,0-16,2025,36
22003,Adahuesca,16-64,2025,108
22003,Adahuesca,65-100,2025,52
22004,Agüero,0-16,2003,12
22004,Agüero,16-64,2003,85
22004,Agüero,65-100,2003,77
22004,Agüero,0-16,2004,10
22004,Agüero,16-64,2004,78
22004,Agüero,65-100,2004,74
22004,Agüero,0-16,2005,10
22004,Agüero,16-64,2005,82
22004,Agüero,65-100,2005,73
22004,Agüero,0-16,2006,10
22004,Agüero,16-64,2006,84
22004,Agüero,65-100,2006,72
22004,Agüero,0-16,2007,12
22004,Agüero,16-64,2007,83
22004,Agüero,65-100,2007,66
22004,Agüero,0-16,2008,12
22004,Agüero,16-64,2008,87
22004,Agüero,65-100,2008,62
22004,Agüero,0-16,2009,11
22004,Agüero,16-64,2009,93
22004,Agüero,65-100,2009,62
22004,Agüero,0-16,2010,10
22004,Agüero,16-64,2010,92
22004,Agüero,65-100,2010,62
22004,Agüero,0-16,2011,7
22004,Agüero,16-64,2011,89
22004,Agüero,65-100,2011,64
22004,Agüero,0-16,2012,7
22004,Agüero,16-64,2012,85
22004,Agüero,65-100,2012,67
22004,Agüero,0-16,2013,5
22004,Agüero,16-64,2013,84
22004,Agüero,65-100,2013,61
22004,Agüero,0-16,2014,4
22004,Agüero,16-64,2014,84
22004,Agüero,65-100,2014,62
22004,Agüero,0-16,2015,3
22004,Agüero,16-64,2015,86
22004,Agüero,65-100,2015,56
22004,Agüero,0-16,2016,1
22004,Agüero,16-64,2016,86
22004,Agüero,65-100,2016,54
22004,Agüero,0-16,2017,4
22004,Agüero,16-64,2017,82
22004,Agüero,65-100,2017,53
22004,Agüero,0-16,2018,4
22004,Agüero,16-64,2018,74
22004,Agüero,65-100,2018,52
22004,Agüero,0-16,2019,3
22004,Agüero,16-64,2019,72
22004,Agüero,65-100,2019,54
22004,Agüero,0-16,2020,3
22004,Agüero,16-64,2020,67
22004,Agüero,65-100,2020,55
22004,Agüero,0-16,2021,5
22004,Agüero,16-64,2021,79
22004,Agüero,65-100,2021,55
22004,Agüero,0-16,2022,9
22004,Agüero,16-64,2022,81
22004,Agüero,65-100,2022,55
22004,Agüero,0-16,2023,9
22004,Agüero,16-64,2023,76
22004,Agüero,65-100,2023,58
22004,Agüero,0-16,2024,7
22004,Agüero,16-64,2024,78
22004,Agüero,65-100,2024,54
22004,Agüero,0-16,2025,9
22004,Agüero,16-64,2025,78
22004,Agüero,65-100,2025,57
22006,Aisa,0-16,2003,35
22006,Aisa,16-64,2003,293
22006,Aisa,65-100,2003,83
22006,Aisa,0-16,2004,35
22006,Aisa,16-64,2004,294
22006,Aisa,65-100,2004,86
22006,Aisa,0-16,2005,37
22006,Aisa,16-64,2005,291
22006,Aisa,65-100,2005,83
22006,Aisa,0-16,2006,43
22006,Aisa,16-64,2006,287
22006,Aisa,65-100,2006,85
22006,Aisa,0-16,2007,40
22006,Aisa,16-64,2007,283
22006,Aisa,65-100,2007,85
22006,Aisa,0-16,2008,39
22006,Aisa,16-64,2008,278
22006,Aisa,65-100,2008,85
22006,Aisa,0-16,2009,40
22006,Aisa,16-64,2009,273
22006,Aisa,65-100,2009,81
22006,Aisa,0-16,2010,33
22006,Aisa,16-64,2010,252
22006,Aisa,65-100,2010,77
22006,Aisa,0-16,2011,36
22006,Aisa,16-64,2011,266
22006,Aisa,65-100,2011,77
22006,Aisa,0-16,2012,37
22006,Aisa,16-64,2012,256
22006,Aisa,65-100,2012,74
22006,Aisa,0-16,2013,34
22006,Aisa,16-64,2013,253
22006,Aisa,65-100,2013,77
22006,Aisa,0-16,2014,32
22006,Aisa,16-64,2014,251
22006,Aisa,65-100,2014,80
22006,Aisa,0-16,2015,32
22006,Aisa,16-64,2015,246
22006,Aisa,65-100,2015,80
22006,Aisa,0-16,2016,31
22006,Aisa,16-64,2016,235
22006,Aisa,65-100,2016,79
22006,Aisa,0-16,2017,33
22006,Aisa,16-64,2017,223
22006,Aisa,65-100,2017,75
22006,Aisa,0-16,2018,29
22006,Aisa,16-64,2018,213
22006,Aisa,65-100,2018,79
22006,Aisa,0-16,2019,32
22006,Aisa,16-64,2019,209
22006,Aisa,65-100,2019,79
22006,Aisa,0-16,2020,27
22006,Aisa,16-64,2020,208
22006,Aisa,65-100,2020,78
22006,Aisa,0-16,2021,28
22006,Aisa,16-64,2021,223
22006,Aisa,65-100,2021,85
22006,Aisa,0-16,2022,22
22006,Aisa,16-64,2022,233
22006,Aisa,65-100,2022,84
22006,Aisa,0-16,2023,21
22006,Aisa,16-64,2023,219
22006,Aisa,65-100,2023,85
22006,Aisa,0-16,2024,23
22006,Aisa,16-64,2024,201
22006,Aisa,65-100,2024,90
22006,Aisa,0-16,2025,26
22006,Aisa,16-64,2025,199
22006,Aisa,65-100,2025,102
22007,Albalate de Cinca,0-16,2003,144
22007,Albalate de Cinca,16-64,2003,854
22007,Albalate de Cinca,65-100,2003,288
22007,Albalate de Cinca,0-16,2004,132
22007,Albalate de Cinca,16-64,2004,798
22007,Albalate de Cinca,65-100,2004,292
22007,Albalate de Cinca,0-16,2005,128
22007,Albalate de Cinca,16-64,2005,775
22007,Albalate de Cinca,65-100,2005,286
22007,Albalate de Cinca,0-16,2006,120
22007,Albalate de Cinca,16-64,2006,749
22007,Albalate de Cinca,65-100,2006,284
22007,Albalate de Cinca,0-16,2007,135
22007,Albalate de Cinca,16-64,2007,710
22007,Albalate de Cinca,65-100,2007,286
22007,Albalate de Cinca,0-16,2008,134
22007,Albalate de Cinca,16-64,2008,760
22007,Albalate de Cinca,65-100,2008,285
22007,Albalate de Cinca,0-16,2009,139
22007,Albalate de Cinca,16-64,2009,784
22007,Albalate de Cinca,65-100,2009,282
22007,Albalate de Cinca,0-16,2010,138
22007,Albalate de Cinca,16-64,2010,812
22007,Albalate de Cinca,65-100,2010,287
22007,Albalate de Cinca,0-16,2011,134
22007,Albalate de Cinca,16-64,2011,839
22007,Albalate de Cinca,65-100,2011,286
22007,Albalate de Cinca,0-16,2012,139
22007,Albalate de Cinca,16-64,2012,826
22007,Albalate de Cinca,65-100,2012,286
22007,Albalate de Cinca,0-16,2013,156
22007,Albalate de Cinca,16-64,2013,808
22007,Albalate de Cinca,65-100,2013,285
22007,Albalate de Cinca,0-16,2014,153
22007,Albalate de Cinca,16-64,2014,765
22007,Albalate de Cinca,65-100,2014,283
22007,Albalate de Cinca,0-16,2015,143
22007,Albalate de Cinca,16-64,2015,732
22007,Albalate de Cinca,65-100,2015,276
22007,Albalate de Cinca,0-16,2016,154
22007,Albalate de Cinca,16-64,2016,726
22007,Albalate de Cinca,65-100,2016,267
22007,Albalate de Cinca,0-16,2017,149
22007,Albalate de Cinca,16-64,2017,705
22007,Albalate de Cinca,65-100,2017,266
22007,Albalate de Cinca,0-16,2018,140
22007,Albalate de Cinca,16-64,2018,698
22007,Albalate de Cinca,65-100,2018,264
22007,Albalate de Cinca,0-16,2019,148
22007,Albalate de Cinca,16-64,2019,701
22007,Albalate de Cinca,65-100,2019,254
22007,Albalate de Cinca,0-16,2020,146
22007,Albalate de Cinca,16-64,2020,699
22007,Albalate de Cinca,65-100,2020,254
22007,Albalate de Cinca,0-16,2021,147
22007,Albalate de Cinca,16-64,2021,721
22007,Albalate de Cinca,65-100,2021,257
22007,Albalate de Cinca,0-16,2022,143
22007,Albalate de Cinca,16-64,2022,720
22007,Albalate de Cinca,65-100,2022,262
22007,Albalate de Cinca,0-16,2023,144
22007,Albalate de Cinca,16-64,2023,743
22007,Albalate de Cinca,65-100,2023,272
22007,Albalate de Cinca,0-16,2024,145
22007,Albalate de Cinca,16-64,2024,748
22007,Albalate de Cinca,65-100,2024,276
22007,Albalate de Cinca,0-16,2025,137
22007,Albalate de Cinca,16-64,2025,697
22007,Albalate de Cinca,65-100,2025,277
22008,Albalatillo,0-16,2003,13
22008,Albalatillo,16-64,2003,129
22008,Albalatillo,65-100,2003,101
22008,Albalatillo,0-16,2004,14
22008,Albalatillo,16-64,2004,141
22008,Albalatillo,65-100,2004,98
22008,Albalatillo,0-16,2005,19
22008,Albalatillo,16-64,2005,150
22008,Albalatillo,65-100,2005,96
22008,Albalatillo,0-16,2006,18
22008,Albalatillo,16-64,2006,143
22008,Albalatillo,65-100,2006,94
22008,Albalatillo,0-16,2007,20
22008,Albalatillo,16-64,2007,151
22008,Albalatillo,65-100,2007,94
22008,Albalatillo,0-16,2008,19
22008,Albalatillo,16-64,2008,136
22008,Albalatillo,65-100,2008,93
22008,Albalatillo,0-16,2009,15
22008,Albalatillo,16-64,2009,127
22008,Albalatillo,65-100,2009,92
22008,Albalatillo,0-16,2010,17
22008,Albalatillo,16-64,2010,136
22008,Albalatillo,65-100,2010,90
22008,Albalatillo,0-16,2011,15
22008,Albalatillo,16-64,2011,133
22008,Albalatillo,65-100,2011,89
22008,Albalatillo,0-16,2012,15
22008,Albalatillo,16-64,2012,121
22008,Albalatillo,65-100,2012,88
22008,Albalatillo,0-16,2013,16
22008,Albalatillo,16-64,2013,106
22008,Albalatillo,65-100,2013,87
22008,Albalatillo,0-16,2014,19
22008,Albalatillo,16-64,2014,101
22008,Albalatillo,65-100,2014,87
22008,Albalatillo,0-16,2015,16
22008,Albalatillo,16-64,2015,102
22008,Albalatillo,65-100,2015,87
22008,Albalatillo,0-16,2016,15
22008,Albalatillo,16-64,2016,96
22008,Albalatillo,65-100,2016,85
22008,Albalatillo,0-16,2017,13
22008,Albalatillo,16-64,2017,91
22008,Albalatillo,65-100,2017,83
22008,Albalatillo,0-16,2018,14
22008,Albalatillo,16-64,2018,87
22008,Albalatillo,65-100,2018,80
22008,Albalatillo,0-16,2019,14
22008,Albalatillo,16-64,2019,85
22008,Albalatillo,65-100,2019,77
22008,Albalatillo,0-16,2020,11
22008,Albalatillo,16-64,2020,83
22008,Albalatillo,65-100,2020,69
22008,Albalatillo,0-16,2021,17
22008,Albalatillo,16-64,2021,106
22008,Albalatillo,65-100,2021,65
22008,Albalatillo,0-16,2022,19
22008,Albalatillo,16-64,2022,117
22008,Albalatillo,65-100,2022,68
22008,Albalatillo,0-16,2023,16
22008,Albalatillo,16-64,2023,122
22008,Albalatillo,65-100,2023,62
22008,Albalatillo,0-16,2024,18
22008,Albalatillo,16-64,2024,133
22008,Albalatillo,65-100,2024,62
22008,Albalatillo,0-16,2025,27
22008,Albalatillo,16-64,2025,135
22008,Albalatillo,65-100,2025,61
22009,Albelda,0-16,2003,71
22009,Albelda,16-64,2003,513
22009,Albelda,65-100,2003,327
22009,Albelda,0-16,2004,71
22009,Albelda,16-64,2004,504
22009,Albelda,65-100,2004,302
22009,Albelda,0-16,2005,73
22009,Albelda,16-64,2005,497
22009,Albelda,65-100,2005,307
22009,Albelda,0-16,2006,77
22009,Albelda,16-64,2006,506
22009,Albelda,65-100,2006,309
22009,Albelda,0-16,2007,80
22009,Albelda,16-64,2007,489
22009,Albelda,65-100,2007,306
22009,Albelda,0-16,2008,83
22009,Albelda,16-64,2008,493
22009,Albelda,65-100,2008,294
22009,Albelda,0-16,2009,77
22009,Albelda,16-64,2009,493
22009,Albelda,65-100,2009,291
22009,Albelda,0-16,2010,85
22009,Albelda,16-64,2010,473
22009,Albelda,65-100,2010,289
22009,Albelda,0-16,2011,86
22009,Albelda,16-64,2011,465
22009,Albelda,65-100,2011,288
22009,Albelda,0-16,2012,88
22009,Albelda,16-64,2012,444
22009,Albelda,65-100,2012,278
22009,Albelda,0-16,2013,87
22009,Albelda,16-64,2013,432
22009,Albelda,65-100,2013,275
22009,Albelda,0-16,2014,81
22009,Albelda,16-64,2014,409
22009,Albelda,65-100,2014,272
22009,Albelda,0-16,2015,82
22009,Albelda,16-64,2015,397
22009,Albelda,65-100,2015,271
22009,Albelda,0-16,2016,81
22009,Albelda,16-64,2016,394
22009,Albelda,65-100,2016,260
22009,Albelda,0-16,2017,79
22009,Albelda,16-64,2017,388
22009,Albelda,65-100,2017,261
22009,Albelda,0-16,2018,81
22009,Albelda,16-64,2018,379
22009,Albelda,65-100,2018,261
22009,Albelda,0-16,2019,78
22009,Albelda,16-64,2019,366
22009,Albelda,65-100,2019,254
22009,Albelda,0-16,2020,86
22009,Albelda,16-64,2020,377
22009,Albelda,65-100,2020,245
22009,Albelda,0-16,2021,82
22009,Albelda,16-64,2021,366
22009,Albelda,65-100,2021,238
22009,Albelda,0-16,2022,76
22009,Albelda,16-64,2022,375
22009,Albelda,65-100,2022,243
22009,Albelda,0-16,2023,74
22009,Albelda,16-64,2023,378
22009,Albelda,65-100,2023,249
22009,Albelda,0-16,2024,69
22009,Albelda,16-64,2024,397
22009,Albelda,65-100,2024,242
22009,Albelda,0-16,2025,79
22009,Albelda,16-64,2025,406
22009,Albelda,65-100,2025,242
22011,Albero Alto,0-16,2003,16
22011,Albero Alto,16-64,2003,58
22011,Albero Alto,65-100,2003,34
22011,Albero Alto,0-16,2004,21
22011,Albero Alto,16-64,2004,61
22011,Albero Alto,65-100,2004,32
22011,Albero Alto,0-16,2005,20
22011,Albero Alto,16-64,2005,72
22011,Albero Alto,65-100,2005,30
22011,Albero Alto,0-16,2006,21
22011,Albero Alto,16-64,2006,67
22011,Albero Alto,65-100,2006,37
22011,Albero Alto,0-16,2007,19
22011,Albero Alto,16-64,2007,66
22011,Albero Alto,65-100,2007,35
22011,Albero Alto,0-16,2008,18
22011,Albero Alto,16-64,2008,65
22011,Albero Alto,65-100,2008,34
22011,Albero Alto,0-16,2009,22
22011,Albero Alto,16-64,2009,67
22011,Albero Alto,65-100,2009,34
22011,Albero Alto,0-16,2010,26
22011,Albero Alto,16-64,2010,74
22011,Albero Alto,65-100,2010,32
22011,Albero Alto,0-16,2011,26
22011,Albero Alto,16-64,2011,77
22011,Albero Alto,65-100,2011,31
22011,Albero Alto,0-16,2012,26
22011,Albero Alto,16-64,2012,78
22011,Albero Alto,65-100,2012,30
22011,Albero Alto,0-16,2013,23
22011,Albero Alto,16-64,2013,72
22011,Albero Alto,65-100,2013,28
22011,Albero Alto,0-16,2014,19
22011,Albero Alto,16-64,2014,76
22011,Albero Alto,65-100,2014,30
22011,Albero Alto,0-16,2015,19
22011,Albero Alto,16-64,2015,76
22011,Albero Alto,65-100,2015,29
22011,Albero Alto,0-16,2016,18
22011,Albero Alto,16-64,2016,69
22011,Albero Alto,65-100,2016,27
22011,Albero Alto,0-16,2017,16
22011,Albero Alto,16-64,2017,71
22011,Albero Alto,65-100,2017,27
22011,Albero Alto,0-16,2018,14
22011,Albero Alto,16-64,2018,66
22011,Albero Alto,65-100,2018,25
22011,Albero Alto,0-16,2019,15
22011,Albero Alto,16-64,2019,71
22011,Albero Alto,65-100,2019,31
22011,Albero Alto,0-16,2020,12
22011,Albero Alto,16-64,2020,73
22011,Albero Alto,65-100,2020,35
22011,Albero Alto,0-16,2021,13
22011,Albero Alto,16-64,2021,72
22011,Albero Alto,65-100,2021,33
22011,Albero Alto,0-16,2022,14
22011,Albero Alto,16-64,2022,72
22011,Albero Alto,65-100,2022,31
22011,Albero Alto,0-16,2023,17
22011,Albero Alto,16-64,2023,75
22011,Albero Alto,65-100,2023,32
22011,Albero Alto,0-16,2024,18
22011,Albero Alto,16-64,2024,80
22011,Albero Alto,65-100,2024,30
22011,Albero Alto,0-16,2025,18
22011,Albero Alto,16-64,2025,74
22011,Albero Alto,65-100,2025,31
22012,Albero Bajo,0-16,2003,1
22012,Albero Bajo,16-64,2003,59
22012,Albero Bajo,65-100,2003,37
22012,Albero Bajo,0-16,2004,2
22012,Albero Bajo,16-64,2004,55
22012,Albero Bajo,65-100,2004,36
22012,Albero Bajo,0-16,2005,3
22012,Albero Bajo,16-64,2005,60
22012,Albero Bajo,65-100,2005,33
22012,Albero Bajo,0-16,2006,8
22012,Albero Bajo,16-64,2006,71
22012,Albero Bajo,65-100,2006,32
22012,Albero Bajo,0-16,2007,7
22012,Albero Bajo,16-64,2007,68
22012,Albero Bajo,65-100,2007,32
22012,Albero Bajo,0-16,2008,11
22012,Albero Bajo,16-64,2008,70
22012,Albero Bajo,65-100,2008,31
22012,Albero Bajo,0-16,2009,9
22012,Albero Bajo,16-64,2009,61
22012,Albero Bajo,65-100,2009,33
22012,Albero Bajo,0-16,2010,7
22012,Albero Bajo,16-64,2010,57
22012,Albero Bajo,65-100,2010,32
22012,Albero Bajo,0-16,2011,12
22012,Albero Bajo,16-64,2011,66
22012,Albero Bajo,65-100,2011,31
22012,Albero Bajo,0-16,2012,14
22012,Albero Bajo,16-64,2012,70
22012,Albero Bajo,65-100,2012,30
22012,Albero Bajo,0-16,2013,18
22012,Albero Bajo,16-64,2013,74
22012,Albero Bajo,65-100,2013,29
22012,Albero Bajo,0-16,2014,20
22012,Albero Bajo,16-64,2014,73
22012,Albero Bajo,65-100,2014,29
22012,Albero Bajo,0-16,2015,25
22012,Albero Bajo,16-64,2015,83
22012,Albero Bajo,65-100,2015,30
22012,Albero Bajo,0-16,2016,22
22012,Albero Bajo,16-64,2016,85
22012,Albero Bajo,65-100,2016,30
22012,Albero Bajo,0-16,2017,21
22012,Albero Bajo,16-64,2017,88
22012,Albero Bajo,65-100,2017,29
22012,Albero Bajo,0-16,2018,22
22012,Albero Bajo,16-64,2018,89
22012,Albero Bajo,65-100,2018,30
22012,Albero Bajo,0-16,2019,21
22012,Albero Bajo,16-64,2019,81
22012,Albero Bajo,65-100,2019,33
22012,Albero Bajo,0-16,2020,16
22012,Albero Bajo,16-64,2020,83
22012,Albero Bajo,65-100,2020,33
22012,Albero Bajo,0-16,2021,19
22012,Albero Bajo,16-64,2021,85
22012,Albero Bajo,65-100,2021,33
22012,Albero Bajo,0-16,2022,19
22012,Albero Bajo,16-64,2022,81
22012,Albero Bajo,65-100,2022,34
22012,Albero Bajo,0-16,2023,18
22012,Albero Bajo,16-64,2023,78
22012,Albero Bajo,65-100,2023,34
22012,Albero Bajo,0-16,2024,13
22012,Albero Bajo,16-64,2024,71
22012,Albero Bajo,65-100,2024,28
22012,Albero Bajo,0-16,2025,13
22012,Albero Bajo,16-64,2025,67
22012,Albero Bajo,65-100,2025,29
22013,Alberuela de Tubo,0-16,2003,45
22013,Alberuela de Tubo,16-64,2003,215
22013,Alberuela de Tubo,65-100,2003,101
22013,Alberuela de Tubo,0-16,2004,42
22013,Alberuela de Tubo,16-64,2004,227
22013,Alberuela de Tubo,65-100,2004,101
22013,Alberuela de Tubo,0-16,2005,37
22013,Alberuela de Tubo,16-64,2005,234
22013,Alberuela de Tubo,65-100,2005,99
22013,Alberuela de Tubo,0-16,2006,32
22013,Alberuela de Tubo,16-64,2006,231
22013,Alberuela de Tubo,65-100,2006,94
22013,Alberuela de Tubo,0-16,2007,31
22013,Alberuela de Tubo,16-64,2007,230
22013,Alberuela de Tubo,65-100,2007,92
22013,Alberuela de Tubo,0-16,2008,32
22013,Alberuela de Tubo,16-64,2008,229
22013,Alberuela de Tubo,65-100,2008,97
22013,Alberuela de Tubo,0-16,2009,30
22013,Alberuela de Tubo,16-64,2009,229
22013,Alberuela de Tubo,65-100,2009,99
22013,Alberuela de Tubo,0-16,2010,25
22013,Alberuela de Tubo,16-64,2010,236
22013,Alberuela de Tubo,65-100,2010,94
22013,Alberuela de Tubo,0-16,2011,25
22013,Alberuela de Tubo,16-64,2011,234
22013,Alberuela de Tubo,65-100,2011,96
22013,Alberuela de Tubo,0-16,2012,24
22013,Alberuela de Tubo,16-64,2012,226
22013,Alberuela de Tubo,65-100,2012,98
22013,Alberuela de Tubo,0-16,2013,19
22013,Alberuela de Tubo,16-64,2013,223
22013,Alberuela de Tubo,65-100,2013,97
22013,Alberuela de Tubo,0-16,2014,16
22013,Alberuela de Tubo,16-64,2014,216
22013,Alberuela de Tubo,65-100,2014,95
22013,Alberuela de Tubo,0-16,2015,15
22013,Alberuela de Tubo,16-64,2015,202
22013,Alberuela de Tubo,65-100,2015,97
22013,Alberuela de Tubo,0-16,2016,17
22013,Alberuela de Tubo,16-64,2016,200
22013,Alberuela de Tubo,65-100,2016,98
22013,Alberuela de Tubo,0-16,2017,16
22013,Alberuela de Tubo,16-64,2017,192
22013,Alberuela de Tubo,65-100,2017,102
22013,Alberuela de Tubo,0-16,2018,18
22013,Alberuela de Tubo,16-64,2018,188
22013,Alberuela de Tubo,65-100,2018,103
22013,Alberuela de Tubo,0-16,2019,17
22013,Alberuela de Tubo,16-64,2019,181
22013,Alberuela de Tubo,65-100,2019,103
22013,Alberuela de Tubo,0-16,2020,17
22013,Alberuela de Tubo,16-64,2020,171
22013,Alberuela de Tubo,65-100,2020,102
22013,Alberuela de Tubo,0-16,2021,23
22013,Alberuela de Tubo,16-64,2021,183
22013,Alberuela de Tubo,65-100,2021,100
22013,Alberuela de Tubo,0-16,2022,24
22013,Alberuela de Tubo,16-64,2022,180
22013,Alberuela de Tubo,65-100,2022,101
22013,Alberuela de Tubo,0-16,2023,22
22013,Alberuela de Tubo,16-64,2023,183
22013,Alberuela de Tubo,65-100,2023,101
22013,Alberuela de Tubo,0-16,2024,18
22013,Alberuela de Tubo,16-64,2024,168
22013,Alberuela de Tubo,65-100,2024,96
22013,Alberuela de Tubo,0-16,2025,11
22013,Alberuela de Tubo,16-64,2025,157
22013,Alberuela de Tubo,65-100,2025,102
22014,Alcalá de Gurrea,0-16,2003,10
22014,Alcalá de Gurrea,16-64,2003,158
22014,Alcalá de Gurrea,65-100,2003,116
22014,Alcalá de Gurrea,0-16,2004,10
22014,Alcalá de Gurrea,16-64,2004,162
22014,Alcalá de Gurrea,65-100,2004,120
22014,Alcalá de Gurrea,0-16,2005,11
22014,Alcalá de Gurrea,16-64,2005,157
22014,Alcalá de Gurrea,65-100,2005,114
22014,Alcalá de Gurrea,0-16,2006,11
22014,Alcalá de Gurrea,16-64,2006,159
22014,Alcalá de Gurrea,65-100,2006,112
22014,Alcalá de Gurrea,0-16,2007,11
22014,Alcalá de Gurrea,16-64,2007,155
22014,Alcalá de Gurrea,65-100,2007,110
22014,Alcalá de Gurrea,0-16,2008,15
22014,Alcalá de Gurrea,16-64,2008,164
22014,Alcalá de Gurrea,65-100,2008,106
22014,Alcalá de Gurrea,0-16,2009,14
22014,Alcalá de Gurrea,16-64,2009,163
22014,Alcalá de Gurrea,65-100,2009,105
22014,Alcalá de Gurrea,0-16,2010,15
22014,Alcalá de Gurrea,16-64,2010,156
22014,Alcalá de Gurrea,65-100,2010,107
22014,Alcalá de Gurrea,0-16,2011,12
22014,Alcalá de Gurrea,16-64,2011,153
22014,Alcalá de Gurrea,65-100,2011,110
22014,Alcalá de Gurrea,0-16,2012,14
22014,Alcalá de Gurrea,16-64,2012,158
22014,Alcalá de Gurrea,65-100,2012,113
22014,Alcalá de Gurrea,0-16,2013,15
22014,Alcalá de Gurrea,16-64,2013,151
22014,Alcalá de Gurrea,65-100,2013,111
22014,Alcalá de Gurrea,0-16,2014,15
22014,Alcalá de Gurrea,16-64,2014,148
22014,Alcalá de Gurrea,65-100,2014,114
22014,Alcalá de Gurrea,0-16,2015,12
22014,Alcalá de Gurrea,16-64,2015,150
22014,Alcalá de Gurrea,65-100,2015,111
22014,Alcalá de Gurrea,0-16,2016,11
22014,Alcalá de Gurrea,16-64,2016,151
22014,Alcalá de Gurrea,65-100,2016,104
22014,Alcalá de Gurrea,0-16,2017,13
22014,Alcalá de Gurrea,16-64,2017,152
22014,Alcalá de Gurrea,65-100,2017,102
22014,Alcalá de Gurrea,0-16,2018,8
22014,Alcalá de Gurrea,16-64,2018,138
22014,Alcalá de Gurrea,65-100,2018,100
22014,Alcalá de Gurrea,0-16,2019,6
22014,Alcalá de Gurrea,16-64,2019,142
22014,Alcalá de Gurrea,65-100,2019,100
22014,Alcalá de Gurrea,0-16,2020,9
22014,Alcalá de Gurrea,16-64,2020,129
22014,Alcalá de Gurrea,65-100,2020,101
22014,Alcalá de Gurrea,0-16,2021,7
22014,Alcalá de Gurrea,16-64,2021,124
22014,Alcalá de Gurrea,65-100,2021,99
22014,Alcalá de Gurrea,0-16,2022,6
22014,Alcalá de Gurrea,16-64,2022,125
22014,Alcalá de Gurrea,65-100,2022,99
22014,Alcalá de Gurrea,0-16,2023,10
22014,Alcalá de Gurrea,16-64,2023,131
22014,Alcalá de Gurrea,65-100,2023,88
22014,Alcalá de Gurrea,0-16,2024,15
22014,Alcalá de Gurrea,16-64,2024,164
22014,Alcalá de Gurrea,65-100,2024,90
22014,Alcalá de Gurrea,0-16,2025,12
22014,Alcalá de Gurrea,16-64,2025,160
22014,Alcalá de Gurrea,65-100,2025,92
22015,Alcalá del Obispo,0-16,2003,24
22015,Alcalá del Obispo,16-64,2003,217
22015,Alcalá del Obispo,65-100,2003,114
22015,Alcalá del Obispo,0-16,2004,27
22015,Alcalá del Obispo,16-64,2004,220
22015,Alcalá del Obispo,65-100,2004,116
22015,Alcalá del Obispo,0-16,2005,28
22015,Alcalá del Obispo,16-64,2005,222
22015,Alcalá del Obispo,65-100,2005,114
22015,Alcalá del Obispo,0-16,2006,26
22015,Alcalá del Obispo,16-64,2006,212
22015,Alcalá del Obispo,65-100,2006,110
22015,Alcalá del Obispo,0-16,2007,30
22015,Alcalá del Obispo,16-64,2007,229
22015,Alcalá del Obispo,65-100,2007,108
22015,Alcalá del Obispo,0-16,2008,35
22015,Alcalá del Obispo,16-64,2008,288
22015,Alcalá del Obispo,65-100,2008,102
22015,Alcalá del Obispo,0-16,2009,33
22015,Alcalá del Obispo,16-64,2009,293
22015,Alcalá del Obispo,65-100,2009,103
22015,Alcalá del Obispo,0-16,2010,26
22015,Alcalá del Obispo,16-64,2010,362
22015,Alcalá del Obispo,65-100,2010,103
22015,Alcalá del Obispo,0-16,2011,20
22015,Alcalá del Obispo,16-64,2011,292
22015,Alcalá del Obispo,65-100,2011,99
22015,Alcalá del Obispo,0-16,2012,25
22015,Alcalá del Obispo,16-64,2012,244
22015,Alcalá del Obispo,65-100,2012,99
22015,Alcalá del Obispo,0-16,2013,20
22015,Alcalá del Obispo,16-64,2013,230
22015,Alcalá del Obispo,65-100,2013,104
22015,Alcalá del Obispo,0-16,2014,16
22015,Alcalá del Obispo,16-64,2014,222
22015,Alcalá del Obispo,65-100,2014,111
22015,Alcalá del Obispo,0-16,2015,13
22015,Alcalá del Obispo,16-64,2015,216
22015,Alcalá del Obispo,65-100,2015,113
22015,Alcalá del Obispo,0-16,2016,12
22015,Alcalá del Obispo,16-64,2016,213
22015,Alcalá del Obispo,65-100,2016,115
22015,Alcalá del Obispo,0-16,2017,12
22015,Alcalá del Obispo,16-64,2017,206
22015,Alcalá del Obispo,65-100,2017,114
22015,Alcalá del Obispo,0-16,2018,13
22015,Alcalá del Obispo,16-64,2018,195
22015,Alcalá del Obispo,65-100,2018,117
22015,Alcalá del Obispo,0-16,2019,15
22015,Alcalá del Obispo,16-64,2019,184
22015,Alcalá del Obispo,65-100,2019,119
22015,Alcalá del Obispo,0-16,2020,9
22015,Alcalá del Obispo,16-64,2020,171
22015,Alcalá del Obispo,65-100,2020,118
22015,Alcalá del Obispo,0-16,2021,23
22015,Alcalá del Obispo,16-64,2021,189
22015,Alcalá del Obispo,65-100,2021,125
22015,Alcalá del Obispo,0-16,2022,32
22015,Alcalá del Obispo,16-64,2022,212
22015,Alcalá del Obispo,65-100,2022,130
22015,Alcalá del Obispo,0-16,2023,34
22015,Alcalá del Obispo,16-64,2023,211
22015,Alcalá del Obispo,65-100,2023,127
22015,Alcalá del Obispo,0-16,2024,34
22015,Alcalá del Obispo,16-64,2024,212
22015,Alcalá del Obispo,65-100,2024,126
22015,Alcalá del Obispo,0-16,2025,33
22015,Alcalá del Obispo,16-64,2025,230
22015,Alcalá del Obispo,65-100,2025,131
22016,Alcampell,0-16,2003,64
22016,Alcampell,16-64,2003,448
22016,Alcampell,65-100,2003,356
22016,Alcampell,0-16,2004,61
22016,Alcampell,16-64,2004,438
22016,Alcampell,65-100,2004,350
22016,Alcampell,0-16,2005,63
22016,Alcampell,16-64,2005,441
22016,Alcampell,65-100,2005,342
22016,Alcampell,0-16,2006,64
22016,Alcampell,16-64,2006,432
22016,Alcampell,65-100,2006,331
22016,Alcampell,0-16,2007,65
22016,Alcampell,16-64,2007,423
22016,Alcampell,65-100,2007,333
22016,Alcampell,0-16,2008,64
22016,Alcampell,16-64,2008,410
22016,Alcampell,65-100,2008,322
22016,Alcampell,0-16,2009,72
22016,Alcampell,16-64,2009,402
22016,Alcampell,65-100,2009,319
22016,Alcampell,0-16,2010,72
22016,Alcampell,16-64,2010,401
22016,Alcampell,65-100,2010,309
22016,Alcampell,0-16,2011,66
22016,Alcampell,16-64,2011,388
22016,Alcampell,65-100,2011,308
22016,Alcampell,0-16,2012,71
22016,Alcampell,16-64,2012,375
22016,Alcampell,65-100,2012,300
22016,Alcampell,0-16,2013,52
22016,Alcampell,16-64,2013,379
22016,Alcampell,65-100,2013,293
22016,Alcampell,0-16,2014,54
22016,Alcampell,16-64,2014,362
22016,Alcampell,65-100,2014,291
22016,Alcampell,0-16,2015,55
22016,Alcampell,16-64,2015,346
22016,Alcampell,65-100,2015,296
22016,Alcampell,0-16,2016,54
22016,Alcampell,16-64,2016,334
22016,Alcampell,65-100,2016,290
22016,Alcampell,0-16,2017,54
22016,Alcampell,16-64,2017,329
22016,Alcampell,65-100,2017,288
22016,Alcampell,0-16,2018,50
22016,Alcampell,16-64,2018,315
22016,Alcampell,65-100,2018,287
22016,Alcampell,0-16,2019,49
22016,Alcampell,16-64,2019,306
22016,Alcampell,65-100,2019,276
22016,Alcampell,0-16,2020,50
22016,Alcampell,16-64,2020,307
22016,Alcampell,65-100,2020,266
22016,Alcampell,0-16,2021,51
22016,Alcampell,16-64,2021,314
22016,Alcampell,65-100,2021,262
22016,Alcampell,0-16,2022,51
22016,Alcampell,16-64,2022,310
22016,Alcampell,65-100,2022,262
22016,Alcampell,0-16,2023,51
22016,Alcampell,16-64,2023,306
22016,Alcampell,65-100,2023,266
22016,Alcampell,0-16,2024,51
22016,Alcampell,16-64,2024,318
22016,Alcampell,65-100,2024,268
22016,Alcampell,0-16,2025,46
22016,Alcampell,16-64,2025,334
22016,Alcampell,65-100,2025,268
22017,Alcolea de Cinca,0-16,2003,161
22017,Alcolea de Cinca,16-64,2003,753
22017,Alcolea de Cinca,65-100,2003,316
22017,Alcolea de Cinca,0-16,2004,165
22017,Alcolea de Cinca,16-64,2004,757
22017,Alcolea de Cinca,65-100,2004,323
22017,Alcolea de Cinca,0-16,2005,166
22017,Alcolea de Cinca,16-64,2005,761
22017,Alcolea de Cinca,65-100,2005,325
22017,Alcolea de Cinca,0-16,2006,162
22017,Alcolea de Cinca,16-64,2006,700
22017,Alcolea de Cinca,65-100,2006,321
22017,Alcolea de Cinca,0-16,2007,153
22017,Alcolea de Cinca,16-64,2007,694
22017,Alcolea de Cinca,65-100,2007,321
22017,Alcolea de Cinca,0-16,2008,157
22017,Alcolea de Cinca,16-64,2008,733
22017,Alcolea de Cinca,65-100,2008,314
22017,Alcolea de Cinca,0-16,2009,149
22017,Alcolea de Cinca,16-64,2009,722
22017,Alcolea de Cinca,65-100,2009,315
22017,Alcolea de Cinca,0-16,2010,135
22017,Alcolea de Cinca,16-64,2010,726
22017,Alcolea de Cinca,65-100,2010,303
22017,Alcolea de Cinca,0-16,2011,138
22017,Alcolea de Cinca,16-64,2011,702
22017,Alcolea de Cinca,65-100,2011,297
22017,Alcolea de Cinca,0-16,2012,138
22017,Alcolea de Cinca,16-64,2012,709
22017,Alcolea de Cinca,65-100,2012,294
22017,Alcolea de Cinca,0-16,2013,141
22017,Alcolea de Cinca,16-64,2013,692
22017,Alcolea de Cinca,65-100,2013,292
22017,Alcolea de Cinca,0-16,2014,139
22017,Alcolea de Cinca,16-64,2014,708
22017,Alcolea de Cinca,65-100,2014,289
22017,Alcolea de Cinca,0-16,2015,138
22017,Alcolea de Cinca,16-64,2015,705
22017,Alcolea de Cinca,65-100,2015,282
22017,Alcolea de Cinca,0-16,2016,141
22017,Alcolea de Cinca,16-64,2016,731
22017,Alcolea de Cinca,65-100,2016,286
22017,Alcolea de Cinca,0-16,2017,132
22017,Alcolea de Cinca,16-64,2017,693
22017,Alcolea de Cinca,65-100,2017,279
22017,Alcolea de Cinca,0-16,2018,138
22017,Alcolea de Cinca,16-64,2018,740
22017,Alcolea de Cinca,65-100,2018,282
22017,Alcolea de Cinca,0-16,2019,144
22017,Alcolea de Cinca,16-64,2019,739
22017,Alcolea de Cinca,65-100,2019,272
22017,Alcolea de Cinca,0-16,2020,143
22017,Alcolea de Cinca,16-64,2020,754
22017,Alcolea de Cinca,65-100,2020,280
22017,Alcolea de Cinca,0-16,2021,156
22017,Alcolea de Cinca,16-64,2021,756
22017,Alcolea de Cinca,65-100,2021,288
22017,Alcolea de Cinca,0-16,2022,146
22017,Alcolea de Cinca,16-64,2022,730
22017,Alcolea de Cinca,65-100,2022,284
22017,Alcolea de Cinca,0-16,2023,142
22017,Alcolea de Cinca,16-64,2023,680
22017,Alcolea de Cinca,65-100,2023,278
22017,Alcolea de Cinca,0-16,2024,138
22017,Alcolea de Cinca,16-64,2024,706
22017,Alcolea de Cinca,65-100,2024,273
22017,Alcolea de Cinca,0-16,2025,147
22017,Alcolea de Cinca,16-64,2025,712
22017,Alcolea de Cinca,65-100,2025,279
22018,Alcubierre,0-16,2003,36
22018,Alcubierre,16-64,2003,259
22018,Alcubierre,65-100,2003,153
22018,Alcubierre,0-16,2004,33
22018,Alcubierre,16-64,2004,251
22018,Alcubierre,65-100,2004,155
22018,Alcubierre,0-16,2005,31
22018,Alcubierre,16-64,2005,253
22018,Alcubierre,65-100,2005,153
22018,Alcubierre,0-16,2006,39
22018,Alcubierre,16-64,2006,249
22018,Alcubierre,65-100,2006,153
22018,Alcubierre,0-16,2007,37
22018,Alcubierre,16-64,2007,253
22018,Alcubierre,65-100,2007,156
22018,Alcubierre,0-16,2008,40
22018,Alcubierre,16-64,2008,251
22018,Alcubierre,65-100,2008,155
22018,Alcubierre,0-16,2009,43
22018,Alcubierre,16-64,2009,245
22018,Alcubierre,65-100,2009,152
22018,Alcubierre,0-16,2010,47
22018,Alcubierre,16-64,2010,234
22018,Alcubierre,65-100,2010,152
22018,Alcubierre,0-16,2011,45
22018,Alcubierre,16-64,2011,239
22018,Alcubierre,65-100,2011,155
22018,Alcubierre,0-16,2012,39
22018,Alcubierre,16-64,2012,238
22018,Alcubierre,65-100,2012,147
22018,Alcubierre,0-16,2013,38
22018,Alcubierre,16-64,2013,229
22018,Alcubierre,65-100,2013,149
22018,Alcubierre,0-16,2014,36
22018,Alcubierre,16-64,2014,220
22018,Alcubierre,65-100,2014,145
22018,Alcubierre,0-16,2015,34
22018,Alcubierre,16-64,2015,214
22018,Alcubierre,65-100,2015,151
22018,Alcubierre,0-16,2016,35
22018,Alcubierre,16-64,2016,215
22018,Alcubierre,65-100,2016,135
22018,Alcubierre,0-16,2017,34
22018,Alcubierre,16-64,2017,212
22018,Alcubierre,65-100,2017,131
22018,Alcubierre,0-16,2018,27
22018,Alcubierre,16-64,2018,203
22018,Alcubierre,65-100,2018,133
22018,Alcubierre,0-16,2019,28
22018,Alcubierre,16-64,2019,198
22018,Alcubierre,65-100,2019,134
22018,Alcubierre,0-16,2020,28
22018,Alcubierre,16-64,2020,199
22018,Alcubierre,65-100,2020,135
22018,Alcubierre,0-16,2021,26
22018,Alcubierre,16-64,2021,216
22018,Alcubierre,65-100,2021,130
22018,Alcubierre,0-16,2022,32
22018,Alcubierre,16-64,2022,229
22018,Alcubierre,65-100,2022,138
22018,Alcubierre,0-16,2023,40
22018,Alcubierre,16-64,2023,230
22018,Alcubierre,65-100,2023,142
22018,Alcubierre,0-16,2024,41
22018,Alcubierre,16-64,2024,223
22018,Alcubierre,65-100,2024,134
22018,Alcubierre,0-16,2025,36
22018,Alcubierre,16-64,2025,218
22018,Alcubierre,65-100,2025,145
22019,Alerre,0-16,2003,29
22019,Alerre,16-64,2003,148
22019,Alerre,65-100,2003,43
22019,Alerre,0-16,2004,25
22019,Alerre,16-64,2004,159
22019,Alerre,65-100,2004,43
22019,Alerre,0-16,2005,26
22019,Alerre,16-64,2005,160
22019,Alerre,65-100,2005,42
22019,Alerre,0-16,2006,26
22019,Alerre,16-64,2006,161
22019,Alerre,65-100,2006,41
22019,Alerre,0-16,2007,24
22019,Alerre,16-64,2007,161
22019,Alerre,65-100,2007,39
22019,Alerre,0-16,2008,22
22019,Alerre,16-64,2008,162
22019,Alerre,65-100,2008,40
22019,Alerre,0-16,2009,21
22019,Alerre,16-64,2009,166
22019,Alerre,65-100,2009,41
22019,Alerre,0-16,2010,20
22019,Alerre,16-64,2010,160
22019,Alerre,65-100,2010,43
22019,Alerre,0-16,2011,18
22019,Alerre,16-64,2011,156
22019,Alerre,65-100,2011,48
22019,Alerre,0-16,2012,15
22019,Alerre,16-64,2012,149
22019,Alerre,65-100,2012,47
22019,Alerre,0-16,2013,18
22019,Alerre,16-64,2013,148
22019,Alerre,65-100,2013,47
22019,Alerre,0-16,2014,19
22019,Alerre,16-64,2014,143
22019,Alerre,65-100,2014,51
22019,Alerre,0-16,2015,17
22019,Alerre,16-64,2015,139
22019,Alerre,65-100,2015,53
22019,Alerre,0-16,2016,17
22019,Alerre,16-64,2016,133
22019,Alerre,65-100,2016,55
22019,Alerre,0-16,2017,15
22019,Alerre,16-64,2017,125
22019,Alerre,65-100,2017,60
22019,Alerre,0-16,2018,19
22019,Alerre,16-64,2018,119
22019,Alerre,65-100,2018,63
22019,Alerre,0-16,2019,17
22019,Alerre,16-64,2019,120
22019,Alerre,65-100,2019,62
22019,Alerre,0-16,2020,17
22019,Alerre,16-64,2020,117
22019,Alerre,65-100,2020,66
22019,Alerre,0-16,2021,17
22019,Alerre,16-64,2021,126
22019,Alerre,65-100,2021,65
22019,Alerre,0-16,2022,20
22019,Alerre,16-64,2022,127
22019,Alerre,65-100,2022,66
22019,Alerre,0-16,2023,25
22019,Alerre,16-64,2023,129
22019,Alerre,65-100,2023,67
22019,Alerre,0-16,2024,31
22019,Alerre,16-64,2024,125
22019,Alerre,65-100,2024,69
22019,Alerre,0-16,2025,33
22019,Alerre,16-64,2025,118
22019,Alerre,65-100,2025,73
22020,Alfántega,0-16,2003,12
22020,Alfántega,16-64,2003,63
22020,Alfántega,65-100,2003,32
22020,Alfántega,0-16,2004,13
22020,Alfántega,16-64,2004,68
22020,Alfántega,65-100,2004,32
22020,Alfántega,0-16,2005,15
22020,Alfántega,16-64,2005,75
22020,Alfántega,65-100,2005,30
22020,Alfántega,0-16,2006,13
22020,Alfántega,16-64,2006,69
22020,Alfántega,65-100,2006,30
22020,Alfántega,0-16,2007,13
22020,Alfántega,16-64,2007,72
22020,Alfántega,65-100,2007,35
22020,Alfántega,0-16,2008,11
22020,Alfántega,16-64,2008,78
22020,Alfántega,65-100,2008,36
22020,Alfántega,0-16,2009,12
22020,Alfántega,16-64,2009,88
22020,Alfántega,65-100,2009,35
22020,Alfántega,0-16,2010,10
22020,Alfántega,16-64,2010,75
22020,Alfántega,65-100,2010,40
22020,Alfántega,0-16,2011,10
22020,Alfántega,16-64,2011,78
22020,Alfántega,65-100,2011,42
22020,Alfántega,0-16,2012,10
22020,Alfántega,16-64,2012,79
22020,Alfántega,65-100,2012,46
22020,Alfántega,0-16,2013,12
22020,Alfántega,16-64,2013,79
22020,Alfántega,65-100,2013,49
22020,Alfántega,0-16,2014,12
22020,Alfántega,16-64,2014,77
22020,Alfántega,65-100,2014,47
22020,Alfántega,0-16,2015,10
22020,Alfántega,16-64,2015,73
22020,Alfántega,65-100,2015,45
22020,Alfántega,0-16,2016,12
22020,Alfántega,16-64,2016,71
22020,Alfántega,65-100,2016,48
22020,Alfántega,0-16,2017,13
22020,Alfántega,16-64,2017,76
22020,Alfántega,65-100,2017,46
22020,Alfántega,0-16,2018,10
22020,Alfántega,16-64,2018,72
22020,Alfántega,65-100,2018,45
22020,Alfántega,0-16,2019,10
22020,Alfántega,16-64,2019,76
22020,Alfántega,65-100,2019,44
22020,Alfántega,0-16,2020,8
22020,Alfántega,16-64,2020,79
22020,Alfántega,65-100,2020,43
22020,Alfántega,0-16,2021,9
22020,Alfántega,16-64,2021,78
22020,Alfántega,65-100,2021,46
22020,Alfántega,0-16,2022,8
22020,Alfántega,16-64,2022,71
22020,Alfántega,65-100,2022,45
22020,Alfántega,0-16,2023,12
22020,Alfántega,16-64,2023,78
22020,Alfántega,65-100,2023,46
22020,Alfántega,0-16,2024,11
22020,Alfántega,16-64,2024,76
22020,Alfántega,65-100,2024,44
22020,Alfántega,0-16,2025,11
22020,Alfántega,16-64,2025,78
22020,Alfántega,65-100,2025,39
22021,Almudévar,0-16,2003,232
22021,Almudévar,16-64,2003,1390
22021,Almudévar,65-100,2003,683
22021,Almudévar,0-16,2004,250
22021,Almudévar,16-64,2004,1436
22021,Almudévar,65-100,2004,691
22021,Almudévar,0-16,2005,265
22021,Almudévar,16-64,2005,1448
22021,Almudévar,65-100,2005,682
22021,Almudévar,0-16,2006,273
22021,Almudévar,16-64,2006,1427
22021,Almudévar,65-100,2006,681
22021,Almudévar,0-16,2007,279
22021,Almudévar,16-64,2007,1444
22021,Almudévar,65-100,2007,666
22021,Almudévar,0-16,2008,290
22021,Almudévar,16-64,2008,1499
22021,Almudévar,65-100,2008,660
22021,Almudévar,0-16,2009,327
22021,Almudévar,16-64,2009,1552
22021,Almudévar,65-100,2009,673
22021,Almudévar,0-16,2010,313
22021,Almudévar,16-64,2010,1557
22021,Almudévar,65-100,2010,684
22021,Almudévar,0-16,2011,334
22021,Almudévar,16-64,2011,1532
22021,Almudévar,65-100,2011,694
22021,Almudévar,0-16,2012,324
22021,Almudévar,16-64,2012,1503
22021,Almudévar,65-100,2012,692
22021,Almudévar,0-16,2013,337
22021,Almudévar,16-64,2013,1496
22021,Almudévar,65-100,2013,681
22021,Almudévar,0-16,2014,360
22021,Almudévar,16-64,2014,1479
22021,Almudévar,65-100,2014,680
22021,Almudévar,0-16,2015,371
22021,Almudévar,16-64,2015,1456
22021,Almudévar,65-100,2015,674
22021,Almudévar,0-16,2016,368
22021,Almudévar,16-64,2016,1439
22021,Almudévar,65-100,2016,665
22021,Almudévar,0-16,2017,366
22021,Almudévar,16-64,2017,1428
22021,Almudévar,65-100,2017,650
22021,Almudévar,0-16,2018,359
22021,Almudévar,16-64,2018,1392
22021,Almudévar,65-100,2018,643
22021,Almudévar,0-16,2019,367
22021,Almudévar,16-64,2019,1381
22021,Almudévar,65-100,2019,631
22021,Almudévar,0-16,2020,361
22021,Almudévar,16-64,2020,1384
22021,Almudévar,65-100,2020,632
22021,Almudévar,0-16,2021,355
22021,Almudévar,16-64,2021,1442
22021,Almudévar,65-100,2021,615
22021,Almudévar,0-16,2022,348
22021,Almudévar,16-64,2022,1439
22021,Almudévar,65-100,2022,607
22021,Almudévar,0-16,2023,363
22021,Almudévar,16-64,2023,1461
22021,Almudévar,65-100,2023,611
22021,Almudévar,0-16,2024,367
22021,Almudévar,16-64,2024,1457
22021,Almudévar,65-100,2024,611
22021,Almudévar,0-16,2025,352
22021,Almudévar,16-64,2025,1480
22021,Almudévar,65-100,2025,619
22022,Almunia de San Juan,0-16,2003,70
22022,Almunia de San Juan,16-64,2003,375
22022,Almunia de San Juan,65-100,2003,226
22022,Almunia de San Juan,0-16,2004,70
22022,Almunia de San Juan,16-64,2004,372
22022,Almunia de San Juan,65-100,2004,218
22022,Almunia de San Juan,0-16,2005,66
22022,Almunia de San Juan,16-64,2005,373
22022,Almunia de San Juan,65-100,2005,211
22022,Almunia de San Juan,0-16,2006,70
22022,Almunia de San Juan,16-64,2006,376
22022,Almunia de San Juan,65-100,2006,204
22022,Almunia de San Juan,0-16,2007,67
22022,Almunia de San Juan,16-64,2007,382
22022,Almunia de San Juan,65-100,2007,209
22022,Almunia de San Juan,0-16,2008,64
22022,Almunia de San Juan,16-64,2008,395
22022,Almunia de San Juan,65-100,2008,208
22022,Almunia de San Juan,0-16,2009,69
22022,Almunia de San Juan,16-64,2009,393
22022,Almunia de San Juan,65-100,2009,192
22022,Almunia de San Juan,0-16,2010,64
22022,Almunia de San Juan,16-64,2010,410
22022,Almunia de San Juan,65-100,2010,190
22022,Almunia de San Juan,0-16,2011,60
22022,Almunia de San Juan,16-64,2011,423
22022,Almunia de San Juan,65-100,2011,178
22022,Almunia de San Juan,0-16,2012,59
22022,Almunia de San Juan,16-64,2012,430
22022,Almunia de San Juan,65-100,2012,175
22022,Almunia de San Juan,0-16,2013,70
22022,Almunia de San Juan,16-64,2013,427
22022,Almunia de San Juan,65-100,2013,166
22022,Almunia de San Juan,0-16,2014,80
22022,Almunia de San Juan,16-64,2014,430
22022,Almunia de San Juan,65-100,2014,171
22022,Almunia de San Juan,0-16,2015,81
22022,Almunia de San Juan,16-64,2015,423
22022,Almunia de San Juan,65-100,2015,175
22022,Almunia de San Juan,0-16,2016,85
22022,Almunia de San Juan,16-64,2016,413
22022,Almunia de San Juan,65-100,2016,174
22022,Almunia de San Juan,0-16,2017,85
22022,Almunia de San Juan,16-64,2017,406
22022,Almunia de San Juan,65-100,2017,174
22022,Almunia de San Juan,0-16,2018,86
22022,Almunia de San Juan,16-64,2018,391
22022,Almunia de San Juan,65-100,2018,177
22022,Almunia de San Juan,0-16,2019,86
22022,Almunia de San Juan,16-64,2019,391
22022,Almunia de San Juan,65-100,2019,181
22022,Almunia de San Juan,0-16,2020,83
22022,Almunia de San Juan,16-64,2020,397
22022,Almunia de San Juan,65-100,2020,186
22022,Almunia de San Juan,0-16,2021,89
22022,Almunia de San Juan,16-64,2021,417
22022,Almunia de San Juan,65-100,2021,183
22022,Almunia de San Juan,0-16,2022,85
22022,Almunia de San Juan,16-64,2022,439
22022,Almunia de San Juan,65-100,2022,183
22022,Almunia de San Juan,0-16,2023,97
22022,Almunia de San Juan,16-64,2023,445
22022,Almunia de San Juan,65-100,2023,183
22022,Almunia de San Juan,0-16,2024,96
22022,Almunia de San Juan,16-64,2024,432
22022,Almunia de San Juan,65-100,2024,185
22022,Almunia de San Juan,0-16,2025,103
22022,Almunia de San Juan,16-64,2025,444
22022,Almunia de San Juan,65-100,2025,190
22023,Almuniente,0-16,2003,45
22023,Almuniente,16-64,2003,393
22023,Almuniente,65-100,2003,133
22023,Almuniente,0-16,2004,50
22023,Almuniente,16-64,2004,390
22023,Almuniente,65-100,2004,131
22023,Almuniente,0-16,2005,48
22023,Almuniente,16-64,2005,392
22023,Almuniente,65-100,2005,130
22023,Almuniente,0-16,2006,50
22023,Almuniente,16-64,2006,380
22023,Almuniente,65-100,2006,129
22023,Almuniente,0-16,2007,48
22023,Almuniente,16-64,2007,385
22023,Almuniente,65-100,2007,134
22023,Almuniente,0-16,2008,47
22023,Almuniente,16-64,2008,385
22023,Almuniente,65-100,2008,130
22023,Almuniente,0-16,2009,54
22023,Almuniente,16-64,2009,386
22023,Almuniente,65-100,2009,127
22023,Almuniente,0-16,2010,51
22023,Almuniente,16-64,2010,377
22023,Almuniente,65-100,2010,131
22023,Almuniente,0-16,2011,52
22023,Almuniente,16-64,2011,366
22023,Almuniente,65-100,2011,132
22023,Almuniente,0-16,2012,60
22023,Almuniente,16-64,2012,366
22023,Almuniente,65-100,2012,138
22023,Almuniente,0-16,2013,62
22023,Almuniente,16-64,2013,335
22023,Almuniente,65-100,2013,141
22023,Almuniente,0-16,2014,63
22023,Almuniente,16-64,2014,324
22023,Almuniente,65-100,2014,141
22023,Almuniente,0-16,2015,61
22023,Almuniente,16-64,2015,311
22023,Almuniente,65-100,2015,150
22023,Almuniente,0-16,2016,55
22023,Almuniente,16-64,2016,298
22023,Almuniente,65-100,2016,148
22023,Almuniente,0-16,2017,59
22023,Almuniente,16-64,2017,283
22023,Almuniente,65-100,2017,144
22023,Almuniente,0-16,2018,54
22023,Almuniente,16-64,2018,271
22023,Almuniente,65-100,2018,146
22023,Almuniente,0-16,2019,50
22023,Almuniente,16-64,2019,259
22023,Almuniente,65-100,2019,151
22023,Almuniente,0-16,2020,48
22023,Almuniente,16-64,2020,258
22023,Almuniente,65-100,2020,151
22023,Almuniente,0-16,2021,50
22023,Almuniente,16-64,2021,260
22023,Almuniente,65-100,2021,144
22023,Almuniente,0-16,2022,49
22023,Almuniente,16-64,2022,259
22023,Almuniente,65-100,2022,145
22023,Almuniente,0-16,2023,41
22023,Almuniente,16-64,2023,260
22023,Almuniente,65-100,2023,142
22023,Almuniente,0-16,2024,41
22023,Almuniente,16-64,2024,259
22023,Almuniente,65-100,2024,149
22023,Almuniente,0-16,2025,43
22023,Almuniente,16-64,2025,252
22023,Almuniente,65-100,2025,155
22024,Alquézar,0-16,2003,33
22024,Alquézar,16-64,2003,186
22024,Alquézar,65-100,2003,96
22024,Alquézar,0-16,2004,30
22024,Alquézar,16-64,2004,185
22024,Alquézar,65-100,2004,94
22024,Alquézar,0-16,2005,26
22024,Alquézar,16-64,2005,192
22024,Alquézar,65-100,2005,94
22024,Alquézar,0-16,2006,23
22024,Alquézar,16-64,2006,197
22024,Alquézar,65-100,2006,93
22024,Alquézar,0-16,2007,24
22024,Alquézar,16-64,2007,198
22024,Alquézar,65-100,2007,90
22024,Alquézar,0-16,2008,18
22024,Alquézar,16-64,2008,213
22024,Alquézar,65-100,2008,90
22024,Alquézar,0-16,2009,20
22024,Alquézar,16-64,2009,217
22024,Alquézar,65-100,2009,84
22024,Alquézar,0-16,2010,21
22024,Alquézar,16-64,2010,207
22024,Alquézar,65-100,2010,85
22024,Alquézar,0-16,2011,21
22024,Alquézar,16-64,2011,201
22024,Alquézar,65-100,2011,80
22024,Alquézar,0-16,2012,19
22024,Alquézar,16-64,2012,201
22024,Alquézar,65-100,2012,81
22024,Alquézar,0-16,2013,23
22024,Alquézar,16-64,2013,193
22024,Alquézar,65-100,2013,82
22024,Alquézar,0-16,2014,23
22024,Alquézar,16-64,2014,189
22024,Alquézar,65-100,2014,85
22024,Alquézar,0-16,2015,23
22024,Alquézar,16-64,2015,188
22024,Alquézar,65-100,2015,86
22024,Alquézar,0-16,2016,22
22024,Alquézar,16-64,2016,189
22024,Alquézar,65-100,2016,88
22024,Alquézar,0-16,2017,20
22024,Alquézar,16-64,2017,201
22024,Alquézar,65-100,2017,83
22024,Alquézar,0-16,2018,19
22024,Alquézar,16-64,2018,191
22024,Alquézar,65-100,2018,86
22024,Alquézar,0-16,2019,25
22024,Alquézar,16-64,2019,193
22024,Alquézar,65-100,2019,85
22024,Alquézar,0-16,2020,32
22024,Alquézar,16-64,2020,194
22024,Alquézar,65-100,2020,86
22024,Alquézar,0-16,2021,37
22024,Alquézar,16-64,2021,217
22024,Alquézar,65-100,2021,84
22024,Alquézar,0-16,2022,43
22024,Alquézar,16-64,2022,225
22024,Alquézar,65-100,2022,86
22024,Alquézar,0-16,2023,41
22024,Alquézar,16-64,2023,218
22024,Alquézar,65-100,2023,88
22024,Alquézar,0-16,2024,36
22024,Alquézar,16-64,2024,212
22024,Alquézar,65-100,2024,90
22024,Alquézar,0-16,2025,29
22024,Alquézar,16-64,2025,199
22024,Alquézar,65-100,2025,97
22025,Altorricón,0-16,2003,164
22025,Altorricón,16-64,2003,901
22025,Altorricón,65-100,2003,399
22025,Altorricón,0-16,2004,160
22025,Altorricón,16-64,2004,892
22025,Altorricón,65-100,2004,395
22025,Altorricón,0-16,2005,173
22025,Altorricón,16-64,2005,910
22025,Altorricón,65-100,2005,379
22025,Altorricón,0-16,2006,182
22025,Altorricón,16-64,2006,902
22025,Altorricón,65-100,2006,385
22025,Altorricón,0-16,2007,180
22025,Altorricón,16-64,2007,894
22025,Altorricón,65-100,2007,383
22025,Altorricón,0-16,2008,178
22025,Altorricón,16-64,2008,933
22025,Altorricón,65-100,2008,380
22025,Altorricón,0-16,2009,189
22025,Altorricón,16-64,2009,946
22025,Altorricón,65-100,2009,383
22025,Altorricón,0-16,2010,178
22025,Altorricón,16-64,2010,940
22025,Altorricón,65-100,2010,388
22025,Altorricón,0-16,2011,185
22025,Altorricón,16-64,2011,924
22025,Altorricón,65-100,2011,383
22025,Altorricón,0-16,2012,187
22025,Altorricón,16-64,2012,920
22025,Altorricón,65-100,2012,387
22025,Altorricón,0-16,2013,174
22025,Altorricón,16-64,2013,890
22025,Altorricón,65-100,2013,383
22025,Altorricón,0-16,2014,195
22025,Altorricón,16-64,2014,899
22025,Altorricón,65-100,2014,383
22025,Altorricón,0-16,2015,203
22025,Altorricón,16-64,2015,882
22025,Altorricón,65-100,2015,384
22025,Altorricón,0-16,2016,204
22025,Altorricón,16-64,2016,882
22025,Altorricón,65-100,2016,380
22025,Altorricón,0-16,2017,190
22025,Altorricón,16-64,2017,853
22025,Altorricón,65-100,2017,377
22025,Altorricón,0-16,2018,200
22025,Altorricón,16-64,2018,838
22025,Altorricón,65-100,2018,371
22025,Altorricón,0-16,2019,198
22025,Altorricón,16-64,2019,856
22025,Altorricón,65-100,2019,363
22025,Altorricón,0-16,2020,197
22025,Altorricón,16-64,2020,863
22025,Altorricón,65-100,2020,360
22025,Altorricón,0-16,2021,191
22025,Altorricón,16-64,2021,896
22025,Altorricón,65-100,2021,354
22025,Altorricón,0-16,2022,181
22025,Altorricón,16-64,2022,890
22025,Altorricón,65-100,2022,345
22025,Altorricón,0-16,2023,188
22025,Altorricón,16-64,2023,894
22025,Altorricón,65-100,2023,344
22025,Altorricón,0-16,2024,205
22025,Altorricón,16-64,2024,920
22025,Altorricón,65-100,2024,343
22025,Altorricón,0-16,2025,200
22025,Altorricón,16-64,2025,963
22025,Altorricón,65-100,2025,333
22027,Angüés,0-16,2003,47
22027,Angüés,16-64,2003,226
22027,Angüés,65-100,2003,154
22027,Angüés,0-16,2004,38
22027,Angüés,16-64,2004,234
22027,Angüés,65-100,2004,151
22027,Angüés,0-16,2005,38
22027,Angüés,16-64,2005,233
22027,Angüés,65-100,2005,146
22027,Angüés,0-16,2006,36
22027,Angüés,16-64,2006,238
22027,Angüés,65-100,2006,149
22027,Angüés,0-16,2007,40
22027,Angüés,16-64,2007,237
22027,Angüés,65-100,2007,145
22027,Angüés,0-16,2008,43
22027,Angüés,16-64,2008,226
22027,Angüés,65-100,2008,154
22027,Angüés,0-16,2009,44
22027,Angüés,16-64,2009,228
22027,Angüés,65-100,2009,159
22027,Angüés,0-16,2010,44
22027,Angüés,16-64,2010,232
22027,Angüés,65-100,2010,153
22027,Angüés,0-16,2011,48
22027,Angüés,16-64,2011,242
22027,Angüés,65-100,2011,149
22027,Angüés,0-16,2012,39
22027,Angüés,16-64,2012,238
22027,Angüés,65-100,2012,142
22027,Angüés,0-16,2013,37
22027,Angüés,16-64,2013,238
22027,Angüés,65-100,2013,144
22027,Angüés,0-16,2014,40
22027,Angüés,16-64,2014,229
22027,Angüés,65-100,2014,135
22027,Angüés,0-16,2015,34
22027,Angüés,16-64,2015,216
22027,Angüés,65-100,2015,141
22027,Angüés,0-16,2016,36
22027,Angüés,16-64,2016,219
22027,Angüés,65-100,2016,135
22027,Angüés,0-16,2017,28
22027,Angüés,16-64,2017,204
22027,Angüés,65-100,2017,128
22027,Angüés,0-16,2018,28
22027,Angüés,16-64,2018,207
22027,Angüés,65-100,2018,132
22027,Angüés,0-16,2019,22
22027,Angüés,16-64,2019,207
22027,Angüés,65-100,2019,125
22027,Angüés,0-16,2020,19
22027,Angüés,16-64,2020,215
22027,Angüés,65-100,2020,119
22027,Angüés,0-16,2021,19
22027,Angüés,16-64,2021,229
22027,Angüés,65-100,2021,122
22027,Angüés,0-16,2022,22
22027,Angüés,16-64,2022,228
22027,Angüés,65-100,2022,118
22027,Angüés,0-16,2023,27
22027,Angüés,16-64,2023,238
22027,Angüés,65-100,2023,111
22027,Angüés,0-16,2024,26
22027,Angüés,16-64,2024,229
22027,Angüés,65-100,2024,108
22027,Angüés,0-16,2025,17
22027,Angüés,16-64,2025,228
22027,Angüés,65-100,2025,104
22028,Ansó,0-16,2003,56
22028,Ansó,16-64,2003,316
22028,Ansó,65-100,2003,157
22028,Ansó,0-16,2004,53
22028,Ansó,16-64,2004,315
22028,Ansó,65-100,2004,155
22028,Ansó,0-16,2005,53
22028,Ansó,16-64,2005,320
22028,Ansó,65-100,2005,152
22028,Ansó,0-16,2006,46
22028,Ansó,16-64,2006,311
22028,Ansó,65-100,2006,152
22028,Ansó,0-16,2007,42
22028,Ansó,16-64,2007,303
22028,Ansó,65-100,2007,155
22028,Ansó,0-16,2008,45
22028,Ansó,16-64,2008,291
22028,Ansó,65-100,2008,160
22028,Ansó,0-16,2009,44
22028,Ansó,16-64,2009,289
22028,Ansó,65-100,2009,164
22028,Ansó,0-16,2010,51
22028,Ansó,16-64,2010,284
22028,Ansó,65-100,2010,156
22028,Ansó,0-16,2011,44
22028,Ansó,16-64,2011,276
22028,Ansó,65-100,2011,155
22028,Ansó,0-16,2012,39
22028,Ansó,16-64,2012,270
22028,Ansó,65-100,2012,158
22028,Ansó,0-16,2013,39
22028,Ansó,16-64,2013,256
22028,Ansó,65-100,2013,152
22028,Ansó,0-16,2014,41
22028,Ansó,16-64,2014,245
22028,Ansó,65-100,2014,150
22028,Ansó,0-16,2015,37
22028,Ansó,16-64,2015,244
22028,Ansó,65-100,2015,145
22028,Ansó,0-16,2016,33
22028,Ansó,16-64,2016,234
22028,Ansó,65-100,2016,145
22028,Ansó,0-16,2017,39
22028,Ansó,16-64,2017,227
22028,Ansó,65-100,2017,145
22028,Ansó,0-16,2018,36
22028,Ansó,16-64,2018,234
22028,Ansó,65-100,2018,161
22028,Ansó,0-16,2019,32
22028,Ansó,16-64,2019,219
22028,Ansó,65-100,2019,154
22028,Ansó,0-16,2020,32
22028,Ansó,16-64,2020,211
22028,Ansó,65-100,2020,143
22028,Ansó,0-16,2021,34
22028,Ansó,16-64,2021,220
22028,Ansó,65-100,2021,143
22028,Ansó,0-16,2022,37
22028,Ansó,16-64,2022,228
22028,Ansó,65-100,2022,141
22028,Ansó,0-16,2023,43
22028,Ansó,16-64,2023,235
22028,Ansó,65-100,2023,144
22028,Ansó,0-16,2024,36
22028,Ansó,16-64,2024,229
22028,Ansó,65-100,2024,148
22028,Ansó,0-16,2025,37
22028,Ansó,16-64,2025,226
22028,Ansó,65-100,2025,146
22029,Antillón,0-16,2003,12
22029,Antillón,16-64,2003,96
22029,Antillón,65-100,2003,48
22029,Antillón,0-16,2004,9
22029,Antillón,16-64,2004,105
22029,Antillón,65-100,2004,49
22029,Antillón,0-16,2005,9
22029,Antillón,16-64,2005,107
22029,Antillón,65-100,2005,47
22029,Antillón,0-16,2006,13
22029,Antillón,16-64,2006,105
22029,Antillón,65-100,2006,47
22029,Antillón,0-16,2007,16
22029,Antillón,16-64,2007,102
22029,Antillón,65-100,2007,46
22029,Antillón,0-16,2008,14
22029,Antillón,16-64,2008,105
22029,Antillón,65-100,2008,46
22029,Antillón,0-16,2009,12
22029,Antillón,16-64,2009,98
22029,Antillón,65-100,2009,46
22029,Antillón,0-16,2010,7
22029,Antillón,16-64,2010,99
22029,Antillón,65-100,2010,44
22029,Antillón,0-16,2011,7
22029,Antillón,16-64,2011,92
22029,Antillón,65-100,2011,47
22029,Antillón,0-16,2012,9
22029,Antillón,16-64,2012,90
22029,Antillón,65-100,2012,49
22029,Antillón,0-16,2013,15
22029,Antillón,16-64,2013,91
22029,Antillón,65-100,2013,50
22029,Antillón,0-16,2014,16
22029,Antillón,16-64,2014,87
22029,Antillón,65-100,2014,50
22029,Antillón,0-16,2015,19
22029,Antillón,16-64,2015,89
22029,Antillón,65-100,2015,51
22029,Antillón,0-16,2016,20
22029,Antillón,16-64,2016,84
22029,Antillón,65-100,2016,51
22029,Antillón,0-16,2017,18
22029,Antillón,16-64,2017,84
22029,Antillón,65-100,2017,52
22029,Antillón,0-16,2018,18
22029,Antillón,16-64,2018,79
22029,Antillón,65-100,2018,52
22029,Antillón,0-16,2019,15
22029,Antillón,16-64,2019,76
22029,Antillón,65-100,2019,49
22029,Antillón,0-16,2020,16
22029,Antillón,16-64,2020,69
22029,Antillón,65-100,2020,50
22029,Antillón,0-16,2021,19
22029,Antillón,16-64,2021,70
22029,Antillón,65-100,2021,48
22029,Antillón,0-16,2022,16
22029,Antillón,16-64,2022,71
22029,Antillón,65-100,2022,49
22029,Antillón,0-16,2023,13
22029,Antillón,16-64,2023,68
22029,Antillón,65-100,2023,51
22029,Antillón,0-16,2024,12
22029,Antillón,16-64,2024,66
22029,Antillón,65-100,2024,49
22029,Antillón,0-16,2025,12
22029,Antillón,16-64,2025,66
22029,Antillón,65-100,2025,49
22032,Aragüés del Puerto,0-16,2003,7
22032,Aragüés del Puerto,16-64,2003,89
22032,Aragüés del Puerto,65-100,2003,46
22032,Aragüés del Puerto,0-16,2004,6
22032,Aragüés del Puerto,16-64,2004,93
22032,Aragüés del Puerto,65-100,2004,44
22032,Aragüés del Puerto,0-16,2005,5
22032,Aragüés del Puerto,16-64,2005,99
22032,Aragüés del Puerto,65-100,2005,46
22032,Aragüés del Puerto,0-16,2006,5
22032,Aragüés del Puerto,16-64,2006,91
22032,Aragüés del Puerto,65-100,2006,41
22032,Aragüés del Puerto,0-16,2007,9
22032,Aragüés del Puerto,16-64,2007,87
22032,Aragüés del Puerto,65-100,2007,40
22032,Aragüés del Puerto,0-16,2008,8
22032,Aragüés del Puerto,16-64,2008,83
22032,Aragüés del Puerto,65-100,2008,37
22032,Aragüés del Puerto,0-16,2009,13
22032,Aragüés del Puerto,16-64,2009,78
22032,Aragüés del Puerto,65-100,2009,41
22032,Aragüés del Puerto,0-16,2010,12
22032,Aragüés del Puerto,16-64,2010,74
22032,Aragüés del Puerto,65-100,2010,42
22032,Aragüés del Puerto,0-16,2011,12
22032,Aragüés del Puerto,16-64,2011,79
22032,Aragüés del Puerto,65-100,2011,42
22032,Aragüés del Puerto,0-16,2012,9
22032,Aragüés del Puerto,16-64,2012,74
22032,Aragüés del Puerto,65-100,2012,45
22032,Aragüés del Puerto,0-16,2013,10
22032,Aragüés del Puerto,16-64,2013,77
22032,Aragüés del Puerto,65-100,2013,41
22032,Aragüés del Puerto,0-16,2014,10
22032,Aragüés del Puerto,16-64,2014,71
22032,Aragüés del Puerto,65-100,2014,42
22032,Aragüés del Puerto,0-16,2015,11
22032,Aragüés del Puerto,16-64,2015,70
22032,Aragüés del Puerto,65-100,2015,38
22032,Aragüés del Puerto,0-16,2016,7
22032,Aragüés del Puerto,16-64,2016,70
22032,Aragüés del Puerto,65-100,2016,38
22032,Aragüés del Puerto,0-16,2017,9
22032,Aragüés del Puerto,16-64,2017,69
22032,Aragüés del Puerto,65-100,2017,36
22032,Aragüés del Puerto,0-16,2018,9
22032,Aragüés del Puerto,16-64,2018,72
22032,Aragüés del Puerto,65-100,2018,35
22032,Aragüés del Puerto,0-16,2019,11
22032,Aragüés del Puerto,16-64,2019,71
22032,Aragüés del Puerto,65-100,2019,33
22032,Aragüés del Puerto,0-16,2020,9
22032,Aragüés del Puerto,16-64,2020,68
22032,Aragüés del Puerto,65-100,2020,34
22032,Aragüés del Puerto,0-16,2021,9
22032,Aragüés del Puerto,16-64,2021,71
22032,Aragüés del Puerto,65-100,2021,36
22032,Aragüés del Puerto,0-16,2022,8
22032,Aragüés del Puerto,16-64,2022,72
22032,Aragüés del Puerto,65-100,2022,37
22032,Aragüés del Puerto,0-16,2023,7
22032,Aragüés del Puerto,16-64,2023,75
22032,Aragüés del Puerto,65-100,2023,38
22032,Aragüés del Puerto,0-16,2024,6
22032,Aragüés del Puerto,16-64,2024,72
22032,Aragüés del Puerto,65-100,2024,36
22032,Aragüés del Puerto,0-16,2025,5
22032,Aragüés del Puerto,16-64,2025,80
22032,Aragüés del Puerto,65-100,2025,38
22035,Arén,0-16,2003,40
22035,Arén,16-64,2003,200
22035,Arén,65-100,2003,130
22035,Arén,0-16,2004,37
22035,Arén,16-64,2004,200
22035,Arén,65-100,2004,127
22035,Arén,0-16,2005,41
22035,Arén,16-64,2005,188
22035,Arén,65-100,2005,124
22035,Arén,0-16,2006,41
22035,Arén,16-64,2006,174
22035,Arén,65-100,2006,122
22035,Arén,0-16,2007,40
22035,Arén,16-64,2007,166
22035,Arén,65-100,2007,116
22035,Arén,0-16,2008,41
22035,Arén,16-64,2008,164
22035,Arén,65-100,2008,117
22035,Arén,0-16,2009,40
22035,Arén,16-64,2009,167
22035,Arén,65-100,2009,113
22035,Arén,0-16,2010,40
22035,Arén,16-64,2010,206
22035,Arén,65-100,2010,117
22035,Arén,0-16,2011,34
22035,Arén,16-64,2011,210
22035,Arén,65-100,2011,115
22035,Arén,0-16,2012,34
22035,Arén,16-64,2012,216
22035,Arén,65-100,2012,112
22035,Arén,0-16,2013,29
22035,Arén,16-64,2013,194
22035,Arén,65-100,2013,103
22035,Arén,0-16,2014,23
22035,Arén,16-64,2014,191
22035,Arén,65-100,2014,100
22035,Arén,0-16,2015,25
22035,Arén,16-64,2015,203
22035,Arén,65-100,2015,100
22035,Arén,0-16,2016,22
22035,Arén,16-64,2016,201
22035,Arén,65-100,2016,98
22035,Arén,0-16,2017,20
22035,Arén,16-64,2017,206
22035,Arén,65-100,2017,94
22035,Arén,0-16,2018,18
22035,Arén,16-64,2018,212
22035,Arén,65-100,2018,88
22035,Arén,0-16,2019,18
22035,Arén,16-64,2019,203
22035,Arén,65-100,2019,92
22035,Arén,0-16,2020,24
22035,Arén,16-64,2020,190
22035,Arén,65-100,2020,94
22035,Arén,0-16,2021,29
22035,Arén,16-64,2021,187
22035,Arén,65-100,2021,102
22035,Arén,0-16,2022,28
22035,Arén,16-64,2022,193
22035,Arén,65-100,2022,97
22035,Arén,0-16,2023,32
22035,Arén,16-64,2023,190
22035,Arén,65-100,2023,95
22035,Arén,0-16,2024,30
22035,Arén,16-64,2024,188
22035,Arén,65-100,2024,96
22035,Arén,0-16,2025,31
22035,Arén,16-64,2025,178
22035,Arén,65-100,2025,98
22036,Argavieso,0-16,2003,19
22036,Argavieso,16-64,2003,66
22036,Argavieso,65-100,2003,46
22036,Argavieso,0-16,2004,19
22036,Argavieso,16-64,2004,65
22036,Argavieso,65-100,2004,43
22036,Argavieso,0-16,2005,18
22036,Argavieso,16-64,2005,74
22036,Argavieso,65-100,2005,43
22036,Argavieso,0-16,2006,14
22036,Argavieso,16-64,2006,73
22036,Argavieso,65-100,2006,43
22036,Argavieso,0-16,2007,14
22036,Argavieso,16-64,2007,78
22036,Argavieso,65-100,2007,43
22036,Argavieso,0-16,2008,14
22036,Argavieso,16-64,2008,74
22036,Argavieso,65-100,2008,44
22036,Argavieso,0-16,2009,12
22036,Argavieso,16-64,2009,71
22036,Argavieso,65-100,2009,42
22036,Argavieso,0-16,2010,12
22036,Argavieso,16-64,2010,67
22036,Argavieso,65-100,2010,40
22036,Argavieso,0-16,2011,11
22036,Argavieso,16-64,2011,69
22036,Argavieso,65-100,2011,38
22036,Argavieso,0-16,2012,7
22036,Argavieso,16-64,2012,64
22036,Argavieso,65-100,2012,39
22036,Argavieso,0-16,2013,9
22036,Argavieso,16-64,2013,62
22036,Argavieso,65-100,2013,41
22036,Argavieso,0-16,2014,7
22036,Argavieso,16-64,2014,55
22036,Argavieso,65-100,2014,45
22036,Argavieso,0-16,2015,10
22036,Argavieso,16-64,2015,51
22036,Argavieso,65-100,2015,44
22036,Argavieso,0-16,2016,9
22036,Argavieso,16-64,2016,49
22036,Argavieso,65-100,2016,43
22036,Argavieso,0-16,2017,7
22036,Argavieso,16-64,2017,47
22036,Argavieso,65-100,2017,46
22036,Argavieso,0-16,2018,7
22036,Argavieso,16-64,2018,44
22036,Argavieso,65-100,2018,45
22036,Argavieso,0-16,2019,7
22036,Argavieso,16-64,2019,43
22036,Argavieso,65-100,2019,45
22036,Argavieso,0-16,2020,10
22036,Argavieso,16-64,2020,45
22036,Argavieso,65-100,2020,40
22036,Argavieso,0-16,2021,14
22036,Argavieso,16-64,2021,60
22036,Argavieso,65-100,2021,40
22036,Argavieso,0-16,2022,17
22036,Argavieso,16-64,2022,66
22036,Argavieso,65-100,2022,43
22036,Argavieso,0-16,2023,18
22036,Argavieso,16-64,2023,61
22036,Argavieso,65-100,2023,40
22036,Argavieso,0-16,2024,16
22036,Argavieso,16-64,2024,58
22036,Argavieso,65-100,2024,38
22036,Argavieso,0-16,2025,16
22036,Argavieso,16-64,2025,57
22036,Argavieso,65-100,2025,36
22037,Arguis,0-16,2003,2
22037,Arguis,16-64,2003,40
22037,Arguis,65-100,2003,19
22037,Arguis,0-16,2004,2
22037,Arguis,16-64,2004,40
22037,Arguis,65-100,2004,19
22037,Arguis,0-16,2005,3
22037,Arguis,16-64,2005,56
22037,Arguis,65-100,2005,21
22037,Arguis,0-16,2006,3
22037,Arguis,16-64,2006,58
22037,Arguis,65-100,2006,21
22037,Arguis,0-16,2007,3
22037,Arguis,16-64,2007,74
22037,Arguis,65-100,2007,20
22037,Arguis,0-16,2008,4
22037,Arguis,16-64,2008,80
22037,Arguis,65-100,2008,21
22037,Arguis,0-16,2009,3
22037,Arguis,16-64,2009,86
22037,Arguis,65-100,2009,22
22037,Arguis,0-16,2010,4
22037,Arguis,16-64,2010,90
22037,Arguis,65-100,2010,24
22037,Arguis,0-16,2011,6
22037,Arguis,16-64,2011,91
22037,Arguis,65-100,2011,20
22037,Arguis,0-16,2012,8
22037,Arguis,16-64,2012,96
22037,Arguis,65-100,2012,21
22037,Arguis,0-16,2013,8
22037,Arguis,16-64,2013,98
22037,Arguis,65-100,2013,23
22037,Arguis,0-16,2014,7
22037,Arguis,16-64,2014,94
22037,Arguis,65-100,2014,24
22037,Arguis,0-16,2015,7
22037,Arguis,16-64,2015,94
22037,Arguis,65-100,2015,25
22037,Arguis,0-16,2016,8
22037,Arguis,16-64,2016,89
22037,Arguis,65-100,2016,25
22037,Arguis,0-16,2017,9
22037,Arguis,16-64,2017,90
22037,Arguis,65-100,2017,23
22037,Arguis,0-16,2018,13
22037,Arguis,16-64,2018,91
22037,Arguis,65-100,2018,25
22037,Arguis,0-16,2019,12
22037,Arguis,16-64,2019,87
22037,Arguis,65-100,2019,28
22037,Arguis,0-16,2020,10
22037,Arguis,16-64,2020,88
22037,Arguis,65-100,2020,27
22037,Arguis,0-16,2021,17
22037,Arguis,16-64,2021,111
22037,Arguis,65-100,2021,25
22037,Arguis,0-16,2022,18
22037,Arguis,16-64,2022,110
22037,Arguis,65-100,2022,25
22037,Arguis,0-16,2023,23
22037,Arguis,16-64,2023,109
22037,Arguis,65-100,2023,28
22037,Arguis,0-16,2024,24
22037,Arguis,16-64,2024,108
22037,Arguis,65-100,2024,33
22037,Arguis,0-16,2025,25
22037,Arguis,16-64,2025,105
22037,Arguis,65-100,2025,38
22039,Ayerbe,0-16,2003,90
22039,Ayerbe,16-64,2003,600
22039,Ayerbe,65-100,2003,391
22039,Ayerbe,0-16,2004,94
22039,Ayerbe,16-64,2004,616
22039,Ayerbe,65-100,2004,382
22039,Ayerbe,0-16,2005,89
22039,Ayerbe,16-64,2005,632
22039,Ayerbe,65-100,2005,376
22039,Ayerbe,0-16,2006,113
22039,Ayerbe,16-64,2006,636
22039,Ayerbe,65-100,2006,363
22039,Ayerbe,0-16,2007,118
22039,Ayerbe,16-64,2007,638
22039,Ayerbe,65-100,2007,355
22039,Ayerbe,0-16,2008,130
22039,Ayerbe,16-64,2008,653
22039,Ayerbe,65-100,2008,343
22039,Ayerbe,0-16,2009,133
22039,Ayerbe,16-64,2009,645
22039,Ayerbe,65-100,2009,347
22039,Ayerbe,0-16,2010,142
22039,Ayerbe,16-64,2010,633
22039,Ayerbe,65-100,2010,344
22039,Ayerbe,0-16,2011,144
22039,Ayerbe,16-64,2011,630
22039,Ayerbe,65-100,2011,351
22039,Ayerbe,0-16,2012,146
22039,Ayerbe,16-64,2012,629
22039,Ayerbe,65-100,2012,342
22039,Ayerbe,0-16,2013,148
22039,Ayerbe,16-64,2013,619
22039,Ayerbe,65-100,2013,344
22039,Ayerbe,0-16,2014,150
22039,Ayerbe,16-64,2014,608
22039,Ayerbe,65-100,2014,339
22039,Ayerbe,0-16,2015,163
22039,Ayerbe,16-64,2015,617
22039,Ayerbe,65-100,2015,336
22039,Ayerbe,0-16,2016,165
22039,Ayerbe,16-64,2016,607
22039,Ayerbe,65-100,2016,328
22039,Ayerbe,0-16,2017,159
22039,Ayerbe,16-64,2017,579
22039,Ayerbe,65-100,2017,333
22039,Ayerbe,0-16,2018,154
22039,Ayerbe,16-64,2018,568
22039,Ayerbe,65-100,2018,319
22039,Ayerbe,0-16,2019,145
22039,Ayerbe,16-64,2019,552
22039,Ayerbe,65-100,2019,312
22039,Ayerbe,0-16,2020,138
22039,Ayerbe,16-64,2020,563
22039,Ayerbe,65-100,2020,316
22039,Ayerbe,0-16,2021,122
22039,Ayerbe,16-64,2021,599
22039,Ayerbe,65-100,2021,307
22039,Ayerbe,0-16,2022,117
22039,Ayerbe,16-64,2022,625
22039,Ayerbe,65-100,2022,317
22039,Ayerbe,0-16,2023,126
22039,Ayerbe,16-64,2023,622
22039,Ayerbe,65-100,2023,325
22039,Ayerbe,0-16,2024,113
22039,Ayerbe,16-64,2024,633
22039,Ayerbe,65-100,2024,320
22039,Ayerbe,0-16,2025,107
22039,Ayerbe,16-64,2025,629
22039,Ayerbe,65-100,2025,315
22040,Azanuy-Alins,0-16,2003,12
22040,Azanuy-Alins,16-64,2003,87
22040,Azanuy-Alins,65-100,2003,74
22040,Azanuy-Alins,0-16,2004,14
22040,Azanuy-Alins,16-64,2004,92
22040,Azanuy-Alins,65-100,2004,73
22040,Azanuy-Alins,0-16,2005,16
22040,Azanuy-Alins,16-64,2005,93
22040,Azanuy-Alins,65-100,2005,71
22040,Azanuy-Alins,0-16,2006,14
22040,Azanuy-Alins,16-64,2006,92
22040,Azanuy-Alins,65-100,2006,67
22040,Azanuy-Alins,0-16,2007,18
22040,Azanuy-Alins,16-64,2007,96
22040,Azanuy-Alins,65-100,2007,64
22040,Azanuy-Alins,0-16,2008,18
22040,Azanuy-Alins,16-64,2008,104
22040,Azanuy-Alins,65-100,2008,65
22040,Azanuy-Alins,0-16,2009,20
22040,Azanuy-Alins,16-64,2009,109
22040,Azanuy-Alins,65-100,2009,65
22040,Azanuy-Alins,0-16,2010,17
22040,Azanuy-Alins,16-64,2010,96
22040,Azanuy-Alins,65-100,2010,61
22040,Azanuy-Alins,0-16,2011,20
22040,Azanuy-Alins,16-64,2011,99
22040,Azanuy-Alins,65-100,2011,62
22040,Azanuy-Alins,0-16,2012,19
22040,Azanuy-Alins,16-64,2012,94
22040,Azanuy-Alins,65-100,2012,61
22040,Azanuy-Alins,0-16,2013,19
22040,Azanuy-Alins,16-64,2013,103
22040,Azanuy-Alins,65-100,2013,59
22040,Azanuy-Alins,0-16,2014,23
22040,Azanuy-Alins,16-64,2014,103
22040,Azanuy-Alins,65-100,2014,58
22040,Azanuy-Alins,0-16,2015,21
22040,Azanuy-Alins,16-64,2015,95
22040,Azanuy-Alins,65-100,2015,57
22040,Azanuy-Alins,0-16,2016,20
22040,Azanuy-Alins,16-64,2016,92
22040,Azanuy-Alins,65-100,2016,56
22040,Azanuy-Alins,0-16,2017,21
22040,Azanuy-Alins,16-64,2017,90
22040,Azanuy-Alins,65-100,2017,62
22040,Azanuy-Alins,0-16,2018,21
22040,Azanuy-Alins,16-64,2018,93
22040,Azanuy-Alins,65-100,2018,62
22040,Azanuy-Alins,0-16,2019,18
22040,Azanuy-Alins,16-64,2019,88
22040,Azanuy-Alins,65-100,2019,62
22040,Azanuy-Alins,0-16,2020,18
22040,Azanuy-Alins,16-64,2020,92
22040,Azanuy-Alins,65-100,2020,60
22040,Azanuy-Alins,0-16,2021,18
22040,Azanuy-Alins,16-64,2021,98
22040,Azanuy-Alins,65-100,2021,61
22040,Azanuy-Alins,0-16,2022,18
22040,Azanuy-Alins,16-64,2022,93
22040,Azanuy-Alins,65-100,2022,63
22040,Azanuy-Alins,0-16,2023,15
22040,Azanuy-Alins,16-64,2023,97
22040,Azanuy-Alins,65-100,2023,65
22040,Azanuy-Alins,0-16,2024,20
22040,Azanuy-Alins,16-64,2024,97
22040,Azanuy-Alins,65-100,2024,66
22040,Azanuy-Alins,0-16,2025,20
22040,Azanuy-Alins,16-64,2025,98
22040,Azanuy-Alins,65-100,2025,66
22041,Azara,0-16,2003,23
22041,Azara,16-64,2003,118
22041,Azara,65-100,2003,66
22041,Azara,0-16,2004,23
22041,Azara,16-64,2004,114
22041,Azara,65-100,2004,63
22041,Azara,0-16,2005,21
22041,Azara,16-64,2005,113
22041,Azara,65-100,2005,63
22041,Azara,0-16,2006,17
22041,Azara,16-64,2006,113
22041,Azara,65-100,2006,61
22041,Azara,0-16,2007,17
22041,Azara,16-64,2007,113
22041,Azara,65-100,2007,63
22041,Azara,0-16,2008,22
22041,Azara,16-64,2008,114
22041,Azara,65-100,2008,64
22041,Azara,0-16,2009,21
22041,Azara,16-64,2009,118
22041,Azara,65-100,2009,64
22041,Azara,0-16,2010,20
22041,Azara,16-64,2010,114
22041,Azara,65-100,2010,66
22041,Azara,0-16,2011,19
22041,Azara,16-64,2011,114
22041,Azara,65-100,2011,67
22041,Azara,0-16,2012,16
22041,Azara,16-64,2012,113
22041,Azara,65-100,2012,71
22041,Azara,0-16,2013,19
22041,Azara,16-64,2013,111
22041,Azara,65-100,2013,67
22041,Azara,0-16,2014,19
22041,Azara,16-64,2014,110
22041,Azara,65-100,2014,64
22041,Azara,0-16,2015,16
22041,Azara,16-64,2015,108
22041,Azara,65-100,2015,65
22041,Azara,0-16,2016,14
22041,Azara,16-64,2016,110
22041,Azara,65-100,2016,63
22041,Azara,0-16,2017,15
22041,Azara,16-64,2017,106
22041,Azara,65-100,2017,59
22041,Azara,0-16,2018,14
22041,Azara,16-64,2018,103
22041,Azara,65-100,2018,57
22041,Azara,0-16,2019,14
22041,Azara,16-64,2019,100
22041,Azara,65-100,2019,57
22041,Azara,0-16,2020,13
22041,Azara,16-64,2020,89
22041,Azara,65-100,2020,55
22041,Azara,0-16,2021,13
22041,Azara,16-64,2021,93
22041,Azara,65-100,2021,56
22041,Azara,0-16,2022,13
22041,Azara,16-64,2022,91
22041,Azara,65-100,2022,56
22041,Azara,0-16,2023,18
22041,Azara,16-64,2023,95
22041,Azara,65-100,2023,57
22041,Azara,0-16,2024,14
22041,Azara,16-64,2024,99
22041,Azara,65-100,2024,52
22041,Azara,0-16,2025,14
22041,Azara,16-64,2025,101
22041,Azara,65-100,2025,52
22042,Azlor,0-16,2003,9
22042,Azlor,16-64,2003,80
22042,Azlor,65-100,2003,68
22042,Azlor,0-16,2004,12
22042,Azlor,16-64,2004,80
22042,Azlor,65-100,2004,62
22042,Azlor,0-16,2005,12
22042,Azlor,16-64,2005,77
22042,Azlor,65-100,2005,61
22042,Azlor,0-16,2006,10
22042,Azlor,16-64,2006,72
22042,Azlor,65-100,2006,62
22042,Azlor,0-16,2007,8
22042,Azlor,16-64,2007,72
22042,Azlor,65-100,2007,62
22042,Azlor,0-16,2008,12
22042,Azlor,16-64,2008,70
22042,Azlor,65-100,2008,61
22042,Azlor,0-16,2009,11
22042,Azlor,16-64,2009,67
22042,Azlor,65-100,2009,58
22042,Azlor,0-16,2010,12
22042,Azlor,16-64,2010,66
22042,Azlor,65-100,2010,57
22042,Azlor,0-16,2011,13
22042,Azlor,16-64,2011,66
22042,Azlor,65-100,2011,54
22042,Azlor,0-16,2012,13
22042,Azlor,16-64,2012,68
22042,Azlor,65-100,2012,52
22042,Azlor,0-16,2013,11
22042,Azlor,16-64,2013,74
22042,Azlor,65-100,2013,48
22042,Azlor,0-16,2014,15
22042,Azlor,16-64,2014,74
22042,Azlor,65-100,2014,48
22042,Azlor,0-16,2015,17
22042,Azlor,16-64,2015,74
22042,Azlor,65-100,2015,50
22042,Azlor,0-16,2016,16
22042,Azlor,16-64,2016,72
22042,Azlor,65-100,2016,49
22042,Azlor,0-16,2017,16
22042,Azlor,16-64,2017,79
22042,Azlor,65-100,2017,48
22042,Azlor,0-16,2018,19
22042,Azlor,16-64,2018,85
22042,Azlor,65-100,2018,49
22042,Azlor,0-16,2019,16
22042,Azlor,16-64,2019,77
22042,Azlor,65-100,2019,50
22042,Azlor,0-16,2020,16
22042,Azlor,16-64,2020,75
22042,Azlor,65-100,2020,47
22042,Azlor,0-16,2021,20
22042,Azlor,16-64,2021,84
22042,Azlor,65-100,2021,44
22042,Azlor,0-16,2022,21
22042,Azlor,16-64,2022,84
22042,Azlor,65-100,2022,43
22042,Azlor,0-16,2023,16
22042,Azlor,16-64,2023,98
22042,Azlor,65-100,2023,40
22042,Azlor,0-16,2024,18
22042,Azlor,16-64,2024,100
22042,Azlor,65-100,2024,39
22042,Azlor,0-16,2025,15
22042,Azlor,16-64,2025,101
22042,Azlor,65-100,2025,39
22043,Baélls,0-16,2003,6
22043,Baélls,16-64,2003,75
22043,Baélls,65-100,2003,54
22043,Baélls,0-16,2004,5
22043,Baélls,16-64,2004,75
22043,Baélls,65-100,2004,54
22043,Baélls,0-16,2005,5
22043,Baélls,16-64,2005,78
22043,Baélls,65-100,2005,45
22043,Baélls,0-16,2006,5
22043,Baélls,16-64,2006,77
22043,Baélls,65-100,2006,43
22043,Baélls,0-16,2007,4
22043,Baélls,16-64,2007,80
22043,Baélls,65-100,2007,45
22043,Baélls,0-16,2008,4
22043,Baélls,16-64,2008,74
22043,Baélls,65-100,2008,46
22043,Baélls,0-16,2009,2
22043,Baélls,16-64,2009,71
22043,Baélls,65-100,2009,46
22043,Baélls,0-16,2010,2
22043,Baélls,16-64,2010,70
22043,Baélls,65-100,2010,48
22043,Baélls,0-16,2011,3
22043,Baélls,16-64,2011,65
22043,Baélls,65-100,2011,46
22043,Baélls,0-16,2012,7
22043,Baélls,16-64,2012,69
22043,Baélls,65-100,2012,47
22043,Baélls,0-16,2013,3
22043,Baélls,16-64,2013,60
22043,Baélls,65-100,2013,46
22043,Baélls,0-16,2014,8
22043,Baélls,16-64,2014,61
22043,Baélls,65-100,2014,44
22043,Baélls,0-16,2015,9
22043,Baélls,16-64,2015,56
22043,Baélls,65-100,2015,41
22043,Baélls,0-16,2016,8
22043,Baélls,16-64,2016,58
22043,Baélls,65-100,2016,39
22043,Baélls,0-16,2017,9
22043,Baélls,16-64,2017,57
22043,Baélls,65-100,2017,37
22043,Baélls,0-16,2018,8
22043,Baélls,16-64,2018,55
22043,Baélls,65-100,2018,41
22043,Baélls,0-16,2019,9
22043,Baélls,16-64,2019,49
22043,Baélls,65-100,2019,46
22043,Baélls,0-16,2020,5
22043,Baélls,16-64,2020,46
22043,Baélls,65-100,2020,46
22043,Baélls,0-16,2021,5
22043,Baélls,16-64,2021,45
22043,Baélls,65-100,2021,44
22043,Baélls,0-16,2022,6
22043,Baélls,16-64,2022,42
22043,Baélls,65-100,2022,42
22043,Baélls,0-16,2023,10
22043,Baélls,16-64,2023,40
22043,Baélls,65-100,2023,41
22043,Baélls,0-16,2024,9
22043,Baélls,16-64,2024,39
22043,Baélls,65-100,2024,43
22043,Baélls,0-16,2025,8
22043,Baélls,16-64,2025,41
22043,Baélls,65-100,2025,42
22044,Bailo,0-16,2003,19
22044,Bailo,16-64,2003,160
22044,Bailo,65-100,2003,89
22044,Bailo,0-16,2004,16
22044,Bailo,16-64,2004,151
22044,Bailo,65-100,2004,89
22044,Bailo,0-16,2005,14
22044,Bailo,16-64,2005,147
22044,Bailo,65-100,2005,85
22044,Bailo,0-16,2006,12
22044,Bailo,16-64,2006,142
22044,Bailo,65-100,2006,86
22044,Bailo,0-16,2007,11
22044,Bailo,16-64,2007,140
22044,Bailo,65-100,2007,78
22044,Bailo,0-16,2008,8
22044,Bailo,16-64,2008,137
22044,Bailo,65-100,2008,74
22044,Bailo,0-16,2009,11
22044,Bailo,16-64,2009,156
22044,Bailo,65-100,2009,76
22044,Bailo,0-16,2010,20
22044,Bailo,16-64,2010,189
22044,Bailo,65-100,2010,87
22044,Bailo,0-16,2011,17
22044,Bailo,16-64,2011,189
22044,Bailo,65-100,2011,94
22044,Bailo,0-16,2012,21
22044,Bailo,16-64,2012,198
22044,Bailo,65-100,2012,92
22044,Bailo,0-16,2013,22
22044,Bailo,16-64,2013,192
22044,Bailo,65-100,2013,87
22044,Bailo,0-16,2014,19
22044,Bailo,16-64,2014,186
22044,Bailo,65-100,2014,85
22044,Bailo,0-16,2015,17
22044,Bailo,16-64,2015,186
22044,Bailo,65-100,2015,85
22044,Bailo,0-16,2016,21
22044,Bailo,16-64,2016,183
22044,Bailo,65-100,2016,83
22044,Bailo,0-16,2017,20
22044,Bailo,16-64,2017,176
22044,Bailo,65-100,2017,88
22044,Bailo,0-16,2018,18
22044,Bailo,16-64,2018,175
22044,Bailo,65-100,2018,86
22044,Bailo,0-16,2019,21
22044,Bailo,16-64,2019,167
22044,Bailo,65-100,2019,79
22044,Bailo,0-16,2020,20
22044,Bailo,16-64,2020,163
22044,Bailo,65-100,2020,78
22044,Bailo,0-16,2021,21
22044,Bailo,16-64,2021,163
22044,Bailo,65-100,2021,79
22044,Bailo,0-16,2022,24
22044,Bailo,16-64,2022,168
22044,Bailo,65-100,2022,81
22044,Bailo,0-16,2023,21
22044,Bailo,16-64,2023,163
22044,Bailo,65-100,2023,79
22044,Bailo,0-16,2024,18
22044,Bailo,16-64,2024,161
22044,Bailo,65-100,2024,85
22044,Bailo,0-16,2025,16
22044,Bailo,16-64,2025,158
22044,Bailo,65-100,2025,89
22045,Baldellou,0-16,2003,10
22045,Baldellou,16-64,2003,62
22045,Baldellou,65-100,2003,60
22045,Baldellou,0-16,2004,9
22045,Baldellou,16-64,2004,59
22045,Baldellou,65-100,2004,61
22045,Baldellou,0-16,2005,8
22045,Baldellou,16-64,2005,62
22045,Baldellou,65-100,2005,60
22045,Baldellou,0-16,2006,5
22045,Baldellou,16-64,2006,56
22045,Baldellou,65-100,2006,54
22045,Baldellou,0-16,2007,8
22045,Baldellou,16-64,2007,56
22045,Baldellou,65-100,2007,53
22045,Baldellou,0-16,2008,5
22045,Baldellou,16-64,2008,58
22045,Baldellou,65-100,2008,53
22045,Baldellou,0-16,2009,6
22045,Baldellou,16-64,2009,53
22045,Baldellou,65-100,2009,55
22045,Baldellou,0-16,2010,8
22045,Baldellou,16-64,2010,54
22045,Baldellou,65-100,2010,55
22045,Baldellou,0-16,2011,7
22045,Baldellou,16-64,2011,57
22045,Baldellou,65-100,2011,55
22045,Baldellou,0-16,2012,8
22045,Baldellou,16-64,2012,53
22045,Baldellou,65-100,2012,52
22045,Baldellou,0-16,2013,6
22045,Baldellou,16-64,2013,50
22045,Baldellou,65-100,2013,47
22045,Baldellou,0-16,2014,5
22045,Baldellou,16-64,2014,46
22045,Baldellou,65-100,2014,47
22045,Baldellou,0-16,2015,4
22045,Baldellou,16-64,2015,54
22045,Baldellou,65-100,2015,44
22045,Baldellou,0-16,2016,3
22045,Baldellou,16-64,2016,48
22045,Baldellou,65-100,2016,40
22045,Baldellou,0-16,2017,1
22045,Baldellou,16-64,2017,43
22045,Baldellou,65-100,2017,38
22045,Baldellou,0-16,2018,1
22045,Baldellou,16-64,2018,40
22045,Baldellou,65-100,2018,36
22045,Baldellou,0-16,2019,2
22045,Baldellou,16-64,2019,40
22045,Baldellou,65-100,2019,34
22045,Baldellou,0-16,2020,2
22045,Baldellou,16-64,2020,34
22045,Baldellou,65-100,2020,28
22045,Baldellou,0-16,2021,2
22045,Baldellou,16-64,2021,40
22045,Baldellou,65-100,2021,29
22045,Baldellou,0-16,2022,2
22045,Baldellou,16-64,2022,51
22045,Baldellou,65-100,2022,26
22045,Baldellou,0-16,2023,3
22045,Baldellou,16-64,2023,59
22045,Baldellou,65-100,2023,28
22045,Baldellou,0-16,2024,2
22045,Baldellou,16-64,2024,55
22045,Baldellou,65-100,2024,25
22045,Baldellou,0-16,2025,3
22045,Baldellou,16-64,2025,48
22045,Baldellou,65-100,2025,30
22046,Ballobar,0-16,2003,122
22046,Ballobar,16-64,2003,568
22046,Ballobar,65-100,2003,307
22046,Ballobar,0-16,2004,123
22046,Ballobar,16-64,2004,590
22046,Ballobar,65-100,2004,299
22046,Ballobar,0-16,2005,123
22046,Ballobar,16-64,2005,602
22046,Ballobar,65-100,2005,283
22046,Ballobar,0-16,2006,112
22046,Ballobar,16-64,2006,583
22046,Ballobar,65-100,2006,285
22046,Ballobar,0-16,2007,110
22046,Ballobar,16-64,2007,601
22046,Ballobar,65-100,2007,286
22046,Ballobar,0-16,2008,109
22046,Ballobar,16-64,2008,603
22046,Ballobar,65-100,2008,278
22046,Ballobar,0-16,2009,108
22046,Ballobar,16-64,2009,605
22046,Ballobar,65-100,2009,274
22046,Ballobar,0-16,2010,109
22046,Ballobar,16-64,2010,602
22046,Ballobar,65-100,2010,270
22046,Ballobar,0-16,2011,102
22046,Ballobar,16-64,2011,602
22046,Ballobar,65-100,2011,270
22046,Ballobar,0-16,2012,93
22046,Ballobar,16-64,2012,571
22046,Ballobar,65-100,2012,276
22046,Ballobar,0-16,2013,107
22046,Ballobar,16-64,2013,486
22046,Ballobar,65-100,2013,270
22046,Ballobar,0-16,2014,104
22046,Ballobar,16-64,2014,485
22046,Ballobar,65-100,2014,277
22046,Ballobar,0-16,2015,100
22046,Ballobar,16-64,2015,468
22046,Ballobar,65-100,2015,270
22046,Ballobar,0-16,2016,96
22046,Ballobar,16-64,2016,467
22046,Ballobar,65-100,2016,262
22046,Ballobar,0-16,2017,102
22046,Ballobar,16-64,2017,469
22046,Ballobar,65-100,2017,259
22046,Ballobar,0-16,2018,98
22046,Ballobar,16-64,2018,465
22046,Ballobar,65-100,2018,260
22046,Ballobar,0-16,2019,98
22046,Ballobar,16-64,2019,450
22046,Ballobar,65-100,2019,264
22046,Ballobar,0-16,2020,100
22046,Ballobar,16-64,2020,472
22046,Ballobar,65-100,2020,261
22046,Ballobar,0-16,2021,94
22046,Ballobar,16-64,2021,494
22046,Ballobar,65-100,2021,261
22046,Ballobar,0-16,2022,96
22046,Ballobar,16-64,2022,507
22046,Ballobar,65-100,2022,261
22046,Ballobar,0-16,2023,101
22046,Ballobar,16-64,2023,524
22046,Ballobar,65-100,2023,259
22046,Ballobar,0-16,2024,101
22046,Ballobar,16-64,2024,505
22046,Ballobar,65-100,2024,259
22046,Ballobar,0-16,2025,102
22046,Ballobar,16-64,2025,491
22046,Ballobar,65-100,2025,277
22047,Banastás,0-16,2003,40
22047,Banastás,16-64,2003,147
22047,Banastás,65-100,2003,28
22047,Banastás,0-16,2004,41
22047,Banastás,16-64,2004,169
22047,Banastás,65-100,2004,28
22047,Banastás,0-16,2005,48
22047,Banastás,16-64,2005,167
22047,Banastás,65-100,2005,26
22047,Banastás,0-16,2006,47
22047,Banastás,16-64,2006,167
22047,Banastás,65-100,2006,25
22047,Banastás,0-16,2007,44
22047,Banastás,16-64,2007,178
22047,Banastás,65-100,2007,27
22047,Banastás,0-16,2008,46
22047,Banastás,16-64,2008,190
22047,Banastás,65-100,2008,28
22047,Banastás,0-16,2009,44
22047,Banastás,16-64,2009,195
22047,Banastás,65-100,2009,29
22047,Banastás,0-16,2010,48
22047,Banastás,16-64,2010,194
22047,Banastás,65-100,2010,28
22047,Banastás,0-16,2011,49
22047,Banastás,16-64,2011,199
22047,Banastás,65-100,2011,35
22047,Banastás,0-16,2012,46
22047,Banastás,16-64,2012,199
22047,Banastás,65-100,2012,41
22047,Banastás,0-16,2013,52
22047,Banastás,16-64,2013,201
22047,Banastás,65-100,2013,44
22047,Banastás,0-16,2014,50
22047,Banastás,16-64,2014,203
22047,Banastás,65-100,2014,50
22047,Banastás,0-16,2015,48
22047,Banastás,16-64,2015,207
22047,Banastás,65-100,2015,50
22047,Banastás,0-16,2016,46
22047,Banastás,16-64,2016,202
22047,Banastás,65-100,2016,49
22047,Banastás,0-16,2017,48
22047,Banastás,16-64,2017,200
22047,Banastás,65-100,2017,47
22047,Banastás,0-16,2018,44
22047,Banastás,16-64,2018,198
22047,Banastás,65-100,2018,50
22047,Banastás,0-16,2019,45
22047,Banastás,16-64,2019,200
22047,Banastás,65-100,2019,50
22047,Banastás,0-16,2020,48
22047,Banastás,16-64,2020,203
22047,Banastás,65-100,2020,59
22047,Banastás,0-16,2021,51
22047,Banastás,16-64,2021,211
22047,Banastás,65-100,2021,65
22047,Banastás,0-16,2022,50
22047,Banastás,16-64,2022,213
22047,Banastás,65-100,2022,70
22047,Banastás,0-16,2023,51
22047,Banastás,16-64,2023,208
22047,Banastás,65-100,2023,76
22047,Banastás,0-16,2024,47
22047,Banastás,16-64,2024,203
22047,Banastás,65-100,2024,79
22047,Banastás,0-16,2025,44
22047,Banastás,16-64,2025,209
22047,Banastás,65-100,2025,84
22048,Barbastro,0-16,2003,2456
22048,Barbastro,16-64,2003,9809
22048,Barbastro,65-100,2003,3225
22048,Barbastro,0-16,2004,2418
22048,Barbastro,16-64,2004,9963
22048,Barbastro,65-100,2004,3211
22048,Barbastro,0-16,2005,2470
22048,Barbastro,16-64,2005,10111
22048,Barbastro,65-100,2005,3197
22048,Barbastro,0-16,2006,2539
22048,Barbastro,16-64,2006,10170
22048,Barbastro,65-100,2006,3171
22048,Barbastro,0-16,2007,2546
22048,Barbastro,16-64,2007,10328
22048,Barbastro,65-100,2007,3151
22048,Barbastro,0-16,2008,2612
22048,Barbastro,16-64,2008,10706
22048,Barbastro,65-100,2008,3168
22048,Barbastro,0-16,2009,2729
22048,Barbastro,16-64,2009,10979
22048,Barbastro,65-100,2009,3216
22048,Barbastro,0-16,2010,2790
22048,Barbastro,16-64,2010,11040
22048,Barbastro,65-100,2010,3250
22048,Barbastro,0-16,2011,2772
22048,Barbastro,16-64,2011,11029
22048,Barbastro,65-100,2011,3284
22048,Barbastro,0-16,2012,2857
22048,Barbastro,16-64,2012,11134
22048,Barbastro,65-100,2012,3313
22048,Barbastro,0-16,2013,2846
22048,Barbastro,16-64,2013,11040
22048,Barbastro,65-100,2013,3324
22048,Barbastro,0-16,2014,2827
22048,Barbastro,16-64,2014,10904
22048,Barbastro,65-100,2014,3378
22048,Barbastro,0-16,2015,2796
22048,Barbastro,16-64,2015,10838
22048,Barbastro,65-100,2015,3386
22048,Barbastro,0-16,2016,2779
22048,Barbastro,16-64,2016,10766
22048,Barbastro,65-100,2016,3416
22048,Barbastro,0-16,2017,2741
22048,Barbastro,16-64,2017,10724
22048,Barbastro,65-100,2017,3442
22048,Barbastro,0-16,2018,2719
22048,Barbastro,16-64,2018,10788
22048,Barbastro,65-100,2018,3437
22048,Barbastro,0-16,2019,2705
22048,Barbastro,16-64,2019,10790
22048,Barbastro,65-100,2019,3484
22048,Barbastro,0-16,2020,2749
22048,Barbastro,16-64,2020,10860
22048,Barbastro,65-100,2020,3565
22048,Barbastro,0-16,2021,2714
22048,Barbastro,16-64,2021,10849
22048,Barbastro,65-100,2021,3583
22048,Barbastro,0-16,2022,2662
22048,Barbastro,16-64,2022,10910
22048,Barbastro,65-100,2022,3642
22048,Barbastro,0-16,2023,2688
22048,Barbastro,16-64,2023,10931
22048,Barbastro,65-100,2023,3689
22048,Barbastro,0-16,2024,2679
22048,Barbastro,16-64,2024,11110
22048,Barbastro,65-100,2024,3769
22048,Barbastro,0-16,2025,2675
22048,Barbastro,16-64,2025,11280
22048,Barbastro,65-100,2025,3844
22049,Barbués,0-16,2003,13
22049,Barbués,16-64,2003,58
22049,Barbués,65-100,2003,41
22049,Barbués,0-16,2004,11
22049,Barbués,16-64,2004,59
22049,Barbués,65-100,2004,38
22049,Barbués,0-16,2005,11
22049,Barbués,16-64,2005,60
22049,Barbués,65-100,2005,38
22049,Barbués,0-16,2006,9
22049,Barbués,16-64,2006,66
22049,Barbués,65-100,2006,40
22049,Barbués,0-16,2007,6
22049,Barbués,16-64,2007,65
22049,Barbués,65-100,2007,39
22049,Barbués,0-16,2008,6
22049,Barbués,16-64,2008,63
22049,Barbués,65-100,2008,37
22049,Barbués,0-16,2009,7
22049,Barbués,16-64,2009,63
22049,Barbués,65-100,2009,33
22049,Barbués,0-16,2010,6
22049,Barbués,16-64,2010,60
22049,Barbués,65-100,2010,32
22049,Barbués,0-16,2011,5
22049,Barbués,16-64,2011,58
22049,Barbués,65-100,2011,33
22049,Barbués,0-16,2012,6
22049,Barbués,16-64,2012,60
22049,Barbués,65-100,2012,32
22049,Barbués,0-16,2013,3
22049,Barbués,16-64,2013,56
22049,Barbués,65-100,2013,30
22049,Barbués,0-16,2014,5
22049,Barbués,16-64,2014,58
22049,Barbués,65-100,2014,29
22049,Barbués,0-16,2015,5
22049,Barbués,16-64,2015,55
22049,Barbués,65-100,2015,27
22049,Barbués,0-16,2016,4
22049,Barbués,16-64,2016,51
22049,Barbués,65-100,2016,28
22049,Barbués,0-16,2017,3
22049,Barbués,16-64,2017,52
22049,Barbués,65-100,2017,26
22049,Barbués,0-16,2018,0
22049,Barbués,16-64,2018,52
22049,Barbués,65-100,2018,25
22049,Barbués,0-16,2019,2
22049,Barbués,16-64,2019,52
22049,Barbués,65-100,2019,24
22049,Barbués,0-16,2020,4
22049,Barbués,16-64,2020,60
22049,Barbués,65-100,2020,22
22049,Barbués,0-16,2021,6
22049,Barbués,16-64,2021,62
22049,Barbués,65-100,2021,23
22049,Barbués,0-16,2022,6
22049,Barbués,16-64,2022,61
22049,Barbués,65-100,2022,23
22049,Barbués,0-16,2023,2
22049,Barbués,16-64,2023,59
22049,Barbués,65-100,2023,25
22049,Barbués,0-16,2024,4
22049,Barbués,16-64,2024,61
22049,Barbués,65-100,2024,25
22049,Barbués,0-16,2025,10
22049,Barbués,16-64,2025,61
22049,Barbués,65-100,2025,26
22050,Barbuñales,0-16,2003,19
22050,Barbuñales,16-64,2003,55
22050,Barbuñales,65-100,2003,40
22050,Barbuñales,0-16,2004,15
22050,Barbuñales,16-64,2004,60
22050,Barbuñales,65-100,2004,41
22050,Barbuñales,0-16,2005,14
22050,Barbuñales,16-64,2005,61
22050,Barbuñales,65-100,2005,37
22050,Barbuñales,0-16,2006,11
22050,Barbuñales,16-64,2006,63
22050,Barbuñales,65-100,2006,36
22050,Barbuñales,0-16,2007,10
22050,Barbuñales,16-64,2007,60
22050,Barbuñales,65-100,2007,37
22050,Barbuñales,0-16,2008,10
22050,Barbuñales,16-64,2008,63
22050,Barbuñales,65-100,2008,38
22050,Barbuñales,0-16,2009,7
22050,Barbuñales,16-64,2009,62
22050,Barbuñales,65-100,2009,38
22050,Barbuñales,0-16,2010,7
22050,Barbuñales,16-64,2010,64
22050,Barbuñales,65-100,2010,38
22050,Barbuñales,0-16,2011,3
22050,Barbuñales,16-64,2011,61
22050,Barbuñales,65-100,2011,37
22050,Barbuñales,0-16,2012,5
22050,Barbuñales,16-64,2012,62
22050,Barbuñales,65-100,2012,38
22050,Barbuñales,0-16,2013,4
22050,Barbuñales,16-64,2013,59
22050,Barbuñales,65-100,2013,35
22050,Barbuñales,0-16,2014,4
22050,Barbuñales,16-64,2014,58
22050,Barbuñales,65-100,2014,38
22050,Barbuñales,0-16,2015,2
22050,Barbuñales,16-64,2015,61
22050,Barbuñales,65-100,2015,36
22050,Barbuñales,0-16,2016,1
22050,Barbuñales,16-64,2016,57
22050,Barbuñales,65-100,2016,37
22050,Barbuñales,0-16,2017,1
22050,Barbuñales,16-64,2017,57
22050,Barbuñales,65-100,2017,36
22050,Barbuñales,0-16,2018,0
22050,Barbuñales,16-64,2018,55
22050,Barbuñales,65-100,2018,40
22050,Barbuñales,0-16,2019,2
22050,Barbuñales,16-64,2019,52
22050,Barbuñales,65-100,2019,42
22050,Barbuñales,0-16,2020,2
22050,Barbuñales,16-64,2020,51
22050,Barbuñales,65-100,2020,43
22050,Barbuñales,0-16,2021,4
22050,Barbuñales,16-64,2021,53
22050,Barbuñales,65-100,2021,43
22050,Barbuñales,0-16,2022,4
22050,Barbuñales,16-64,2022,50
22050,Barbuñales,65-100,2022,44
22050,Barbuñales,0-16,2023,4
22050,Barbuñales,16-64,2023,47
22050,Barbuñales,65-100,2023,45
22050,Barbuñales,0-16,2024,3
22050,Barbuñales,16-64,2024,47
22050,Barbuñales,65-100,2024,45
22050,Barbuñales,0-16,2025,2
22050,Barbuñales,16-64,2025,45
22050,Barbuñales,65-100,2025,46
22051,Bárcabo,0-16,2003,8
22051,Bárcabo,16-64,2003,59
22051,Bárcabo,65-100,2003,40
22051,Bárcabo,0-16,2004,7
22051,Bárcabo,16-64,2004,59
22051,Bárcabo,65-100,2004,37
22051,Bárcabo,0-16,2005,7
22051,Bárcabo,16-64,2005,58
22051,Bárcabo,65-100,2005,39
22051,Bárcabo,0-16,2006,8
22051,Bárcabo,16-64,2006,59
22051,Bárcabo,65-100,2006,37
22051,Bárcabo,0-16,2007,8
22051,Bárcabo,16-64,2007,71
22051,Bárcabo,65-100,2007,44
22051,Bárcabo,0-16,2008,8
22051,Bárcabo,16-64,2008,73
22051,Bárcabo,65-100,2008,43
22051,Bárcabo,0-16,2009,7
22051,Bárcabo,16-64,2009,71
22051,Bárcabo,65-100,2009,46
22051,Bárcabo,0-16,2010,7
22051,Bárcabo,16-64,2010,76
22051,Bárcabo,65-100,2010,46
22051,Bárcabo,0-16,2011,5
22051,Bárcabo,16-64,2011,75
22051,Bárcabo,65-100,2011,46
22051,Bárcabo,0-16,2012,4
22051,Bárcabo,16-64,2012,72
22051,Bárcabo,65-100,2012,41
22051,Bárcabo,0-16,2013,4
22051,Bárcabo,16-64,2013,69
22051,Bárcabo,65-100,2013,42
22051,Bárcabo,0-16,2014,3
22051,Bárcabo,16-64,2014,72
22051,Bárcabo,65-100,2014,42
22051,Bárcabo,0-16,2015,3
22051,Bárcabo,16-64,2015,72
22051,Bárcabo,65-100,2015,42
22051,Bárcabo,0-16,2016,2
22051,Bárcabo,16-64,2016,69
22051,Bárcabo,65-100,2016,42
22051,Bárcabo,0-16,2017,2
22051,Bárcabo,16-64,2017,67
22051,Bárcabo,65-100,2017,38
22051,Bárcabo,0-16,2018,2
22051,Bárcabo,16-64,2018,65
22051,Bárcabo,65-100,2018,38
22051,Bárcabo,0-16,2019,2
22051,Bárcabo,16-64,2019,62
22051,Bárcabo,65-100,2019,39
22051,Bárcabo,0-16,2020,2
22051,Bárcabo,16-64,2020,64
22051,Bárcabo,65-100,2020,36
22051,Bárcabo,0-16,2021,3
22051,Bárcabo,16-64,2021,66
22051,Bárcabo,65-100,2021,37
22051,Bárcabo,0-16,2022,4
22051,Bárcabo,16-64,2022,60
22051,Bárcabo,65-100,2022,44
22051,Bárcabo,0-16,2023,4
22051,Bárcabo,16-64,2023,62
22051,Bárcabo,65-100,2023,50
22051,Bárcabo,0-16,2024,7
22051,Bárcabo,16-64,2024,62
22051,Bárcabo,65-100,2024,53
22051,Bárcabo,0-16,2025,6
22051,Bárcabo,16-64,2025,58
22051,Bárcabo,65-100,2025,52
22052,Belver de Cinca,0-16,2003,152
22052,Belver de Cinca,16-64,2003,832
22052,Belver de Cinca,65-100,2003,388
22052,Belver de Cinca,0-16,2004,155
22052,Belver de Cinca,16-64,2004,839
22052,Belver de Cinca,65-100,2004,381
22052,Belver de Cinca,0-16,2005,153
22052,Belver de Cinca,16-64,2005,851
22052,Belver de Cinca,65-100,2005,382
22052,Belver de Cinca,0-16,2006,158
22052,Belver de Cinca,16-64,2006,809
22052,Belver de Cinca,65-100,2006,373
22052,Belver de Cinca,0-16,2007,164
22052,Belver de Cinca,16-64,2007,797
22052,Belver de Cinca,65-100,2007,358
22052,Belver de Cinca,0-16,2008,182
22052,Belver de Cinca,16-64,2008,837
22052,Belver de Cinca,65-100,2008,361
22052,Belver de Cinca,0-16,2009,175
22052,Belver de Cinca,16-64,2009,826
22052,Belver de Cinca,65-100,2009,379
22052,Belver de Cinca,0-16,2010,176
22052,Belver de Cinca,16-64,2010,814
22052,Belver de Cinca,65-100,2010,372
22052,Belver de Cinca,0-16,2011,173
22052,Belver de Cinca,16-64,2011,823
22052,Belver de Cinca,65-100,2011,378
22052,Belver de Cinca,0-16,2012,175
22052,Belver de Cinca,16-64,2012,828
22052,Belver de Cinca,65-100,2012,372
22052,Belver de Cinca,0-16,2013,176
22052,Belver de Cinca,16-64,2013,786
22052,Belver de Cinca,65-100,2013,368
22052,Belver de Cinca,0-16,2014,182
22052,Belver de Cinca,16-64,2014,795
22052,Belver de Cinca,65-100,2014,369
22052,Belver de Cinca,0-16,2015,177
22052,Belver de Cinca,16-64,2015,769
22052,Belver de Cinca,65-100,2015,366
22052,Belver de Cinca,0-16,2016,177
22052,Belver de Cinca,16-64,2016,767
22052,Belver de Cinca,65-100,2016,350
22052,Belver de Cinca,0-16,2017,173
22052,Belver de Cinca,16-64,2017,766
22052,Belver de Cinca,65-100,2017,342
22052,Belver de Cinca,0-16,2018,177
22052,Belver de Cinca,16-64,2018,782
22052,Belver de Cinca,65-100,2018,333
22052,Belver de Cinca,0-16,2019,161
22052,Belver de Cinca,16-64,2019,778
22052,Belver de Cinca,65-100,2019,336
22052,Belver de Cinca,0-16,2020,165
22052,Belver de Cinca,16-64,2020,800
22052,Belver de Cinca,65-100,2020,336
22052,Belver de Cinca,0-16,2021,174
22052,Belver de Cinca,16-64,2021,799
22052,Belver de Cinca,65-100,2021,334
22052,Belver de Cinca,0-16,2022,175
22052,Belver de Cinca,16-64,2022,823
22052,Belver de Cinca,65-100,2022,332
22052,Belver de Cinca,0-16,2023,174
22052,Belver de Cinca,16-64,2023,810
22052,Belver de Cinca,65-100,2023,334
22052,Belver de Cinca,0-16,2024,163
22052,Belver de Cinca,16-64,2024,803
22052,Belver de Cinca,65-100,2024,338
22052,Belver de Cinca,0-16,2025,152
22052,Belver de Cinca,16-64,2025,800
22052,Belver de Cinca,65-100,2025,332
22053,Benabarre,0-16,2003,104
22053,Benabarre,16-64,2003,629
22053,Benabarre,65-100,2003,379
22053,Benabarre,0-16,2004,104
22053,Benabarre,16-64,2004,640
22053,Benabarre,65-100,2004,368
22053,Benabarre,0-16,2005,106
22053,Benabarre,16-64,2005,652
22053,Benabarre,65-100,2005,356
22053,Benabarre,0-16,2006,117
22053,Benabarre,16-64,2006,678
22053,Benabarre,65-100,2006,365
22053,Benabarre,0-16,2007,113
22053,Benabarre,16-64,2007,695
22053,Benabarre,65-100,2007,359
22053,Benabarre,0-16,2008,129
22053,Benabarre,16-64,2008,723
22053,Benabarre,65-100,2008,345
22053,Benabarre,0-16,2009,130
22053,Benabarre,16-64,2009,733
22053,Benabarre,65-100,2009,336
22053,Benabarre,0-16,2010,127
22053,Benabarre,16-64,2010,725
22053,Benabarre,65-100,2010,325
22053,Benabarre,0-16,2011,145
22053,Benabarre,16-64,2011,717
22053,Benabarre,65-100,2011,318
22053,Benabarre,0-16,2012,165
22053,Benabarre,16-64,2012,728
22053,Benabarre,65-100,2012,322
22053,Benabarre,0-16,2013,167
22053,Benabarre,16-64,2013,727
22053,Benabarre,65-100,2013,312
22053,Benabarre,0-16,2014,150
22053,Benabarre,16-64,2014,684
22053,Benabarre,65-100,2014,319
22053,Benabarre,0-16,2015,152
22053,Benabarre,16-64,2015,663
22053,Benabarre,65-100,2015,312
22053,Benabarre,0-16,2016,150
22053,Benabarre,16-64,2016,645
22053,Benabarre,65-100,2016,316
22053,Benabarre,0-16,2017,155
22053,Benabarre,16-64,2017,642
22053,Benabarre,65-100,2017,313
22053,Benabarre,0-16,2018,154
22053,Benabarre,16-64,2018,629
22053,Benabarre,65-100,2018,324
22053,Benabarre,0-16,2019,160
22053,Benabarre,16-64,2019,642
22053,Benabarre,65-100,2019,322
22053,Benabarre,0-16,2020,163
22053,Benabarre,16-64,2020,646
22053,Benabarre,65-100,2020,333
22053,Benabarre,0-16,2021,161
22053,Benabarre,16-64,2021,659
22053,Benabarre,65-100,2021,342
22053,Benabarre,0-16,2022,165
22053,Benabarre,16-64,2022,661
22053,Benabarre,65-100,2022,349
22053,Benabarre,0-16,2023,159
22053,Benabarre,16-64,2023,664
22053,Benabarre,65-100,2023,345
22053,Benabarre,0-16,2024,151
22053,Benabarre,16-64,2024,651
22053,Benabarre,65-100,2024,338
22053,Benabarre,0-16,2025,141
22053,Benabarre,16-64,2025,664
22053,Benabarre,65-100,2025,341
22054,Benasque,0-16,2003,243
22054,Benasque,16-64,2003,1403
22054,Benasque,65-100,2003,186
22054,Benasque,0-16,2004,260
22054,Benasque,16-64,2004,1583
22054,Benasque,65-100,2004,182
22054,Benasque,0-16,2005,278
22054,Benasque,16-64,2005,1634
22054,Benasque,65-100,2005,176
22054,Benasque,0-16,2006,286
22054,Benasque,16-64,2006,1584
22054,Benasque,65-100,2006,175
22054,Benasque,0-16,2007,275
22054,Benasque,16-64,2007,1619
22054,Benasque,65-100,2007,186
22054,Benasque,0-16,2008,293
22054,Benasque,16-64,2008,1687
22054,Benasque,65-100,2008,186
22054,Benasque,0-16,2009,306
22054,Benasque,16-64,2009,1702
22054,Benasque,65-100,2009,192
22054,Benasque,0-16,2010,312
22054,Benasque,16-64,2010,1712
22054,Benasque,65-100,2010,195
22054,Benasque,0-16,2011,309
22054,Benasque,16-64,2011,1725
22054,Benasque,65-100,2011,202
22054,Benasque,0-16,2012,306
22054,Benasque,16-64,2012,1709
22054,Benasque,65-100,2012,202
22054,Benasque,0-16,2013,302
22054,Benasque,16-64,2013,1693
22054,Benasque,65-100,2013,200
22054,Benasque,0-16,2014,315
22054,Benasque,16-64,2014,1626
22054,Benasque,65-100,2014,208
22054,Benasque,0-16,2015,308
22054,Benasque,16-64,2015,1576
22054,Benasque,65-100,2015,206
22054,Benasque,0-16,2016,287
22054,Benasque,16-64,2016,1549
22054,Benasque,65-100,2016,211
22054,Benasque,0-16,2017,323
22054,Benasque,16-64,2017,1581
22054,Benasque,65-100,2017,217
22054,Benasque,0-16,2018,321
22054,Benasque,16-64,2018,1607
22054,Benasque,65-100,2018,229
22054,Benasque,0-16,2019,320
22054,Benasque,16-64,2019,1585
22054,Benasque,65-100,2019,250
22054,Benasque,0-16,2020,332
22054,Benasque,16-64,2020,1594
22054,Benasque,65-100,2020,258
22054,Benasque,0-16,2021,328
22054,Benasque,16-64,2021,1644
22054,Benasque,65-100,2021,267
22054,Benasque,0-16,2022,328
22054,Benasque,16-64,2022,1674
22054,Benasque,65-100,2022,280
22054,Benasque,0-16,2023,324
22054,Benasque,16-64,2023,1702
22054,Benasque,65-100,2023,286
22054,Benasque,0-16,2024,345
22054,Benasque,16-64,2024,1715
22054,Benasque,65-100,2024,306
22054,Benasque,0-16,2025,343
22054,Benasque,16-64,2025,1713
22054,Benasque,65-100,2025,310
22055,Berbegal,0-16,2003,59
22055,Berbegal,16-64,2003,255
22055,Berbegal,65-100,2003,149
22055,Berbegal,0-16,2004,60
22055,Berbegal,16-64,2004,255
22055,Berbegal,65-100,2004,144
22055,Berbegal,0-16,2005,62
22055,Berbegal,16-64,2005,263
22055,Berbegal,65-100,2005,141
22055,Berbegal,0-16,2006,59
22055,Berbegal,16-64,2006,266
22055,Berbegal,65-100,2006,140
22055,Berbegal,0-16,2007,62
22055,Berbegal,16-64,2007,285
22055,Berbegal,65-100,2007,134
22055,Berbegal,0-16,2008,54
22055,Berbegal,16-64,2008,281
22055,Berbegal,65-100,2008,133
22055,Berbegal,0-16,2009,49
22055,Berbegal,16-64,2009,273
22055,Berbegal,65-100,2009,128
22055,Berbegal,0-16,2010,45
22055,Berbegal,16-64,2010,268
22055,Berbegal,65-100,2010,128
22055,Berbegal,0-16,2011,34
22055,Berbegal,16-64,2011,255
22055,Berbegal,65-100,2011,128
22055,Berbegal,0-16,2012,35
22055,Berbegal,16-64,2012,262
22055,Berbegal,65-100,2012,123
22055,Berbegal,0-16,2013,31
22055,Berbegal,16-64,2013,240
22055,Berbegal,65-100,2013,114
22055,Berbegal,0-16,2014,31
22055,Berbegal,16-64,2014,250
22055,Berbegal,65-100,2014,110
22055,Berbegal,0-16,2015,29
22055,Berbegal,16-64,2015,243
22055,Berbegal,65-100,2015,106
22055,Berbegal,0-16,2016,23
22055,Berbegal,16-64,2016,238
22055,Berbegal,65-100,2016,102
22055,Berbegal,0-16,2017,25
22055,Berbegal,16-64,2017,235
22055,Berbegal,65-100,2017,97
22055,Berbegal,0-16,2018,22
22055,Berbegal,16-64,2018,224
22055,Berbegal,65-100,2018,99
22055,Berbegal,0-16,2019,18
22055,Berbegal,16-64,2019,230
22055,Berbegal,65-100,2019,99
22055,Berbegal,0-16,2020,16
22055,Berbegal,16-64,2020,212
22055,Berbegal,65-100,2020,99
22055,Berbegal,0-16,2021,9
22055,Berbegal,16-64,2021,206
22055,Berbegal,65-100,2021,93
22055,Berbegal,0-16,2022,15
22055,Berbegal,16-64,2022,222
22055,Berbegal,65-100,2022,98
22055,Berbegal,0-16,2023,19
22055,Berbegal,16-64,2023,207
22055,Berbegal,65-100,2023,96
22055,Berbegal,0-16,2024,22
22055,Berbegal,16-64,2024,204
22055,Berbegal,65-100,2024,100
22055,Berbegal,0-16,2025,18
22055,Berbegal,16-64,2025,201
22055,Berbegal,65-100,2025,102
22057,Bielsa,0-16,2003,52
22057,Bielsa,16-64,2003,272
22057,Bielsa,65-100,2003,141
22057,Bielsa,0-16,2004,46
22057,Bielsa,16-64,2004,279
22057,Bielsa,65-100,2004,138
22057,Bielsa,0-16,2005,51
22057,Bielsa,16-64,2005,307
22057,Bielsa,65-100,2005,141
22057,Bielsa,0-16,2006,58
22057,Bielsa,16-64,2006,311
22057,Bielsa,65-100,2006,137
22057,Bielsa,0-16,2007,61
22057,Bielsa,16-64,2007,334
22057,Bielsa,65-100,2007,129
22057,Bielsa,0-16,2008,66
22057,Bielsa,16-64,2008,336
22057,Bielsa,65-100,2008,126
22057,Bielsa,0-16,2009,63
22057,Bielsa,16-64,2009,321
22057,Bielsa,65-100,2009,124
22057,Bielsa,0-16,2010,65
22057,Bielsa,16-64,2010,323
22057,Bielsa,65-100,2010,123
22057,Bielsa,0-16,2011,57
22057,Bielsa,16-64,2011,320
22057,Bielsa,65-100,2011,118
22057,Bielsa,0-16,2012,64
22057,Bielsa,16-64,2012,328
22057,Bielsa,65-100,2012,111
22057,Bielsa,0-16,2013,65
22057,Bielsa,16-64,2013,327
22057,Bielsa,65-100,2013,108
22057,Bielsa,0-16,2014,69
22057,Bielsa,16-64,2014,318
22057,Bielsa,65-100,2014,109
22057,Bielsa,0-16,2015,61
22057,Bielsa,16-64,2015,316
22057,Bielsa,65-100,2015,111
22057,Bielsa,0-16,2016,60
22057,Bielsa,16-64,2016,307
22057,Bielsa,65-100,2016,116
22057,Bielsa,0-16,2017,56
22057,Bielsa,16-64,2017,304
22057,Bielsa,65-100,2017,113
22057,Bielsa,0-16,2018,53
22057,Bielsa,16-64,2018,306
22057,Bielsa,65-100,2018,117
22057,Bielsa,0-16,2019,51
22057,Bielsa,16-64,2019,290
22057,Bielsa,65-100,2019,116
22057,Bielsa,0-16,2020,45
22057,Bielsa,16-64,2020,287
22057,Bielsa,65-100,2020,116
22057,Bielsa,0-16,2021,52
22057,Bielsa,16-64,2021,311
22057,Bielsa,65-100,2021,118
22057,Bielsa,0-16,2022,50
22057,Bielsa,16-64,2022,308
22057,Bielsa,65-100,2022,122
22057,Bielsa,0-16,2023,46
22057,Bielsa,16-64,2023,313
22057,Bielsa,65-100,2023,124
22057,Bielsa,0-16,2024,44
22057,Bielsa,16-64,2024,325
22057,Bielsa,65-100,2024,117
22057,Bielsa,0-16,2025,42
22057,Bielsa,16-64,2025,312
22057,Bielsa,65-100,2025,124
22058,Bierge,0-16,2003,20
22058,Bierge,16-64,2003,141
22058,Bierge,65-100,2003,87
22058,Bierge,0-16,2004,18
22058,Bierge,16-64,2004,144
22058,Bierge,65-100,2004,84
22058,Bierge,0-16,2005,16
22058,Bierge,16-64,2005,146
22058,Bierge,65-100,2005,82
22058,Bierge,0-16,2006,17
22058,Bierge,16-64,2006,143
22058,Bierge,65-100,2006,79
22058,Bierge,0-16,2007,16
22058,Bierge,16-64,2007,142
22058,Bierge,65-100,2007,77
22058,Bierge,0-16,2008,18
22058,Bierge,16-64,2008,160
22058,Bierge,65-100,2008,75
22058,Bierge,0-16,2009,20
22058,Bierge,16-64,2009,169
22058,Bierge,65-100,2009,73
22058,Bierge,0-16,2010,21
22058,Bierge,16-64,2010,161
22058,Bierge,65-100,2010,76
22058,Bierge,0-16,2011,19
22058,Bierge,16-64,2011,166
22058,Bierge,65-100,2011,69
22058,Bierge,0-16,2012,17
22058,Bierge,16-64,2012,166
22058,Bierge,65-100,2012,68
22058,Bierge,0-16,2013,18
22058,Bierge,16-64,2013,156
22058,Bierge,65-100,2013,72
22058,Bierge,0-16,2014,18
22058,Bierge,16-64,2014,152
22058,Bierge,65-100,2014,72
22058,Bierge,0-16,2015,21
22058,Bierge,16-64,2015,153
22058,Bierge,65-100,2015,70
22058,Bierge,0-16,2016,22
22058,Bierge,16-64,2016,156
22058,Bierge,65-100,2016,73
22058,Bierge,0-16,2017,24
22058,Bierge,16-64,2017,152
22058,Bierge,65-100,2017,66
22058,Bierge,0-16,2018,20
22058,Bierge,16-64,2018,142
22058,Bierge,65-100,2018,69
22058,Bierge,0-16,2019,21
22058,Bierge,16-64,2019,147
22058,Bierge,65-100,2019,71
22058,Bierge,0-16,2020,25
22058,Bierge,16-64,2020,158
22058,Bierge,65-100,2020,69
22058,Bierge,0-16,2021,24
22058,Bierge,16-64,2021,160
22058,Bierge,65-100,2021,70
22058,Bierge,0-16,2022,23
22058,Bierge,16-64,2022,155
22058,Bierge,65-100,2022,73
22058,Bierge,0-16,2023,23
22058,Bierge,16-64,2023,159
22058,Bierge,65-100,2023,71
22058,Bierge,0-16,2024,21
22058,Bierge,16-64,2024,153
22058,Bierge,65-100,2024,66
22058,Bierge,0-16,2025,16
22058,Bierge,16-64,2025,154
22058,Bierge,65-100,2025,71
22059,Biescas,0-16,2003,149
22059,Biescas,16-64,2003,770
22059,Biescas,65-100,2003,393
22059,Biescas,0-16,2004,154
22059,Biescas,16-64,2004,820
22059,Biescas,65-100,2004,388
22059,Biescas,0-16,2005,173
22059,Biescas,16-64,2005,920
22059,Biescas,65-100,2005,392
22059,Biescas,0-16,2006,174
22059,Biescas,16-64,2006,958
22059,Biescas,65-100,2006,381
22059,Biescas,0-16,2007,176
22059,Biescas,16-64,2007,1005
22059,Biescas,65-100,2007,368
22059,Biescas,0-16,2008,207
22059,Biescas,16-64,2008,1146
22059,Biescas,65-100,2008,359
22059,Biescas,0-16,2009,216
22059,Biescas,16-64,2009,1111
22059,Biescas,65-100,2009,348
22059,Biescas,0-16,2010,207
22059,Biescas,16-64,2010,1083
22059,Biescas,65-100,2010,344
22059,Biescas,0-16,2011,199
22059,Biescas,16-64,2011,1068
22059,Biescas,65-100,2011,330
22059,Biescas,0-16,2012,213
22059,Biescas,16-64,2012,1055
22059,Biescas,65-100,2012,321
22059,Biescas,0-16,2013,206
22059,Biescas,16-64,2013,1059
22059,Biescas,65-100,2013,303
22059,Biescas,0-16,2014,202
22059,Biescas,16-64,2014,1034
22059,Biescas,65-100,2014,299
22059,Biescas,0-16,2015,195
22059,Biescas,16-64,2015,991
22059,Biescas,65-100,2015,301
22059,Biescas,0-16,2016,191
22059,Biescas,16-64,2016,978
22059,Biescas,65-100,2016,301
22059,Biescas,0-16,2017,197
22059,Biescas,16-64,2017,967
22059,Biescas,65-100,2017,316
22059,Biescas,0-16,2018,199
22059,Biescas,16-64,2018,965
22059,Biescas,65-100,2018,315
22059,Biescas,0-16,2019,192
22059,Biescas,16-64,2019,966
22059,Biescas,65-100,2019,305
22059,Biescas,0-16,2020,196
22059,Biescas,16-64,2020,969
22059,Biescas,65-100,2020,309
22059,Biescas,0-16,2021,198
22059,Biescas,16-64,2021,1049
22059,Biescas,65-100,2021,303
22059,Biescas,0-16,2022,197
22059,Biescas,16-64,2022,1061
22059,Biescas,65-100,2022,326
22059,Biescas,0-16,2023,200
22059,Biescas,16-64,2023,1068
22059,Biescas,65-100,2023,338
22059,Biescas,0-16,2024,183
22059,Biescas,16-64,2024,1088
22059,Biescas,65-100,2024,344
22059,Biescas,0-16,2025,185
22059,Biescas,16-64,2025,1098
22059,Biescas,65-100,2025,363
22060,Binaced,0-16,2003,186
22060,Binaced,16-64,2003,1094
22060,Binaced,65-100,2003,424
22060,Binaced,0-16,2004,180
22060,Binaced,16-64,2004,1038
22060,Binaced,65-100,2004,427
22060,Binaced,0-16,2005,180
22060,Binaced,16-64,2005,1035
22060,Binaced,65-100,2005,410
22060,Binaced,0-16,2006,189
22060,Binaced,16-64,2006,956
22060,Binaced,65-100,2006,388
22060,Binaced,0-16,2007,191
22060,Binaced,16-64,2007,964
22060,Binaced,65-100,2007,375
22060,Binaced,0-16,2008,202
22060,Binaced,16-64,2008,965
22060,Binaced,65-100,2008,367
22060,Binaced,0-16,2009,206
22060,Binaced,16-64,2009,964
22060,Binaced,65-100,2009,358
22060,Binaced,0-16,2010,201
22060,Binaced,16-64,2010,934
22060,Binaced,65-100,2010,359
22060,Binaced,0-16,2011,198
22060,Binaced,16-64,2011,938
22060,Binaced,65-100,2011,349
22060,Binaced,0-16,2012,195
22060,Binaced,16-64,2012,954
22060,Binaced,65-100,2012,349
22060,Binaced,0-16,2013,202
22060,Binaced,16-64,2013,992
22060,Binaced,65-100,2013,356
22060,Binaced,0-16,2014,195
22060,Binaced,16-64,2014,990
22060,Binaced,65-100,2014,354
22060,Binaced,0-16,2015,185
22060,Binaced,16-64,2015,974
22060,Binaced,65-100,2015,348
22060,Binaced,0-16,2016,194
22060,Binaced,16-64,2016,990
22060,Binaced,65-100,2016,344
22060,Binaced,0-16,2017,194
22060,Binaced,16-64,2017,973
22060,Binaced,65-100,2017,357
22060,Binaced,0-16,2018,206
22060,Binaced,16-64,2018,981
22060,Binaced,65-100,2018,368
22060,Binaced,0-16,2019,206
22060,Binaced,16-64,2019,990
22060,Binaced,65-100,2019,379
22060,Binaced,0-16,2020,209
22060,Binaced,16-64,2020,1013
22060,Binaced,65-100,2020,383
22060,Binaced,0-16,2021,209
22060,Binaced,16-64,2021,1001
22060,Binaced,65-100,2021,387
22060,Binaced,0-16,2022,204
22060,Binaced,16-64,2022,1027
22060,Binaced,65-100,2022,390
22060,Binaced,0-16,2023,197
22060,Binaced,16-64,2023,1014
22060,Binaced,65-100,2023,380
22060,Binaced,0-16,2024,203
22060,Binaced,16-64,2024,1036
22060,Binaced,65-100,2024,376
22060,Binaced,0-16,2025,216
22060,Binaced,16-64,2025,1088
22060,Binaced,65-100,2025,376
22061,Binéfar,0-16,2003,1231
22061,Binéfar,16-64,2003,5587
22061,Binéfar,65-100,2003,1821
22061,Binéfar,0-16,2004,1265
22061,Binéfar,16-64,2004,5711
22061,Binéfar,65-100,2004,1810
22061,Binéfar,0-16,2005,1299
22061,Binéfar,16-64,2005,5799
22061,Binéfar,65-100,2005,1792
22061,Binéfar,0-16,2006,1317
22061,Binéfar,16-64,2006,5884
22061,Binéfar,65-100,2006,1811
22061,Binéfar,0-16,2007,1386
22061,Binéfar,16-64,2007,5861
22061,Binéfar,65-100,2007,1801
22061,Binéfar,0-16,2008,1434
22061,Binéfar,16-64,2008,6074
22061,Binéfar,65-100,2008,1780
22061,Binéfar,0-16,2009,1449
22061,Binéfar,16-64,2009,6184
22061,Binéfar,65-100,2009,1811
22061,Binéfar,0-16,2010,1477
22061,Binéfar,16-64,2010,6109
22061,Binéfar,65-100,2010,1821
22061,Binéfar,0-16,2011,1532
22061,Binéfar,16-64,2011,6103
22061,Binéfar,65-100,2011,1847
22061,Binéfar,0-16,2012,1552
22061,Binéfar,16-64,2012,6037
22061,Binéfar,65-100,2012,1867
22061,Binéfar,0-16,2013,1551
22061,Binéfar,16-64,2013,6038
22061,Binéfar,65-100,2013,1879
22061,Binéfar,0-16,2014,1572
22061,Binéfar,16-64,2014,5991
22061,Binéfar,65-100,2014,1898
22061,Binéfar,0-16,2015,1559
22061,Binéfar,16-64,2015,5965
22061,Binéfar,65-100,2015,1915
22061,Binéfar,0-16,2016,1522
22061,Binéfar,16-64,2016,5967
22061,Binéfar,65-100,2016,1905
22061,Binéfar,0-16,2017,1529
22061,Binéfar,16-64,2017,5961
22061,Binéfar,65-100,2017,1901
22061,Binéfar,0-16,2018,1555
22061,Binéfar,16-64,2018,5966
22061,Binéfar,65-100,2018,1914
22061,Binéfar,0-16,2019,1582
22061,Binéfar,16-64,2019,6061
22061,Binéfar,65-100,2019,1918
22061,Binéfar,0-16,2020,1602
22061,Binéfar,16-64,2020,6219
22061,Binéfar,65-100,2020,1921
22061,Binéfar,0-16,2021,1578
22061,Binéfar,16-64,2021,6375
22061,Binéfar,65-100,2021,1935
22061,Binéfar,0-16,2022,1562
22061,Binéfar,16-64,2022,6417
22061,Binéfar,65-100,2022,1948
22061,Binéfar,0-16,2023,1568
22061,Binéfar,16-64,2023,6521
22061,Binéfar,65-100,2023,1952
22061,Binéfar,0-16,2024,1571
22061,Binéfar,16-64,2024,6537
22061,Binéfar,65-100,2024,1974
22061,Binéfar,0-16,2025,1563
22061,Binéfar,16-64,2025,6618
22061,Binéfar,65-100,2025,1988
22062,Bisaurri,0-16,2003,17
22062,Bisaurri,16-64,2003,145
22062,Bisaurri,65-100,2003,73
22062,Bisaurri,0-16,2004,18
22062,Bisaurri,16-64,2004,157
22062,Bisaurri,65-100,2004,73
22062,Bisaurri,0-16,2005,20
22062,Bisaurri,16-64,2005,159
22062,Bisaurri,65-100,2005,69
22062,Bisaurri,0-16,2006,19
22062,Bisaurri,16-64,2006,158
22062,Bisaurri,65-100,2006,70
22062,Bisaurri,0-16,2007,18
22062,Bisaurri,16-64,2007,155
22062,Bisaurri,65-100,2007,66
22062,Bisaurri,0-16,2008,17
22062,Bisaurri,16-64,2008,154
22062,Bisaurri,65-100,2008,63
22062,Bisaurri,0-16,2009,15
22062,Bisaurri,16-64,2009,145
22062,Bisaurri,65-100,2009,66
22062,Bisaurri,0-16,2010,15
22062,Bisaurri,16-64,2010,133
22062,Bisaurri,65-100,2010,60
22062,Bisaurri,0-16,2011,15
22062,Bisaurri,16-64,2011,131
22062,Bisaurri,65-100,2011,60
22062,Bisaurri,0-16,2012,15
22062,Bisaurri,16-64,2012,132
22062,Bisaurri,65-100,2012,55
22062,Bisaurri,0-16,2013,15
22062,Bisaurri,16-64,2013,126
22062,Bisaurri,65-100,2013,53
22062,Bisaurri,0-16,2014,11
22062,Bisaurri,16-64,2014,114
22062,Bisaurri,65-100,2014,54
22062,Bisaurri,0-16,2015,11
22062,Bisaurri,16-64,2015,109
22062,Bisaurri,65-100,2015,56
22062,Bisaurri,0-16,2016,16
22062,Bisaurri,16-64,2016,111
22062,Bisaurri,65-100,2016,58
22062,Bisaurri,0-16,2017,14
22062,Bisaurri,16-64,2017,109
22062,Bisaurri,65-100,2017,57
22062,Bisaurri,0-16,2018,14
22062,Bisaurri,16-64,2018,111
22062,Bisaurri,65-100,2018,56
22062,Bisaurri,0-16,2019,11
22062,Bisaurri,16-64,2019,105
22062,Bisaurri,65-100,2019,51
22062,Bisaurri,0-16,2020,13
22062,Bisaurri,16-64,2020,104
22062,Bisaurri,65-100,2020,54
22062,Bisaurri,0-16,2021,14
22062,Bisaurri,16-64,2021,106
22062,Bisaurri,65-100,2021,56
22062,Bisaurri,0-16,2022,12
22062,Bisaurri,16-64,2022,105
22062,Bisaurri,65-100,2022,56
22062,Bisaurri,0-16,2023,15
22062,Bisaurri,16-64,2023,101
22062,Bisaurri,65-100,2023,67
22062,Bisaurri,0-16,2024,11
22062,Bisaurri,16-64,2024,100
22062,Bisaurri,65-100,2024,68
22062,Bisaurri,0-16,2025,12
22062,Bisaurri,16-64,2025,98
22062,Bisaurri,65-100,2025,66
22063,Biscarrués,0-16,2003,22
22063,Biscarrués,16-64,2003,122
22063,Biscarrués,65-100,2003,86
22063,Biscarrués,0-16,2004,21
22063,Biscarrués,16-64,2004,126
22063,Biscarrués,65-100,2004,85
22063,Biscarrués,0-16,2005,18
22063,Biscarrués,16-64,2005,122
22063,Biscarrués,65-100,2005,75
22063,Biscarrués,0-16,2006,18
22063,Biscarrués,16-64,2006,118
22063,Biscarrués,65-100,2006,81
22063,Biscarrués,0-16,2007,20
22063,Biscarrués,16-64,2007,125
22063,Biscarrués,65-100,2007,76
22063,Biscarrués,0-16,2008,21
22063,Biscarrués,16-64,2008,136
22063,Biscarrués,65-100,2008,74
22063,Biscarrués,0-16,2009,21
22063,Biscarrués,16-64,2009,136
22063,Biscarrués,65-100,2009,77
22063,Biscarrués,0-16,2010,21
22063,Biscarrués,16-64,2010,129
22063,Biscarrués,65-100,2010,78
22063,Biscarrués,0-16,2011,20
22063,Biscarrués,16-64,2011,127
22063,Biscarrués,65-100,2011,76
22063,Biscarrués,0-16,2012,19
22063,Biscarrués,16-64,2012,130
22063,Biscarrués,65-100,2012,77
22063,Biscarrués,0-16,2013,18
22063,Biscarrués,16-64,2013,126
22063,Biscarrués,65-100,2013,76
22063,Biscarrués,0-16,2014,16
22063,Biscarrués,16-64,2014,119
22063,Biscarrués,65-100,2014,74
22063,Biscarrués,0-16,2015,13
22063,Biscarrués,16-64,2015,117
22063,Biscarrués,65-100,2015,72
22063,Biscarrués,0-16,2016,13
22063,Biscarrués,16-64,2016,113
22063,Biscarrués,65-100,2016,69
22063,Biscarrués,0-16,2017,12
22063,Biscarrués,16-64,2017,113
22063,Biscarrués,65-100,2017,67
22063,Biscarrués,0-16,2018,13
22063,Biscarrués,16-64,2018,114
22063,Biscarrués,65-100,2018,62
22063,Biscarrués,0-16,2019,11
22063,Biscarrués,16-64,2019,107
22063,Biscarrués,65-100,2019,64
22063,Biscarrués,0-16,2020,11
22063,Biscarrués,16-64,2020,102
22063,Biscarrués,65-100,2020,69
22063,Biscarrués,0-16,2021,12
22063,Biscarrués,16-64,2021,115
22063,Biscarrués,65-100,2021,64
22063,Biscarrués,0-16,2022,6
22063,Biscarrués,16-64,2022,121
22063,Biscarrués,65-100,2022,66
22063,Biscarrués,0-16,2023,5
22063,Biscarrués,16-64,2023,118
22063,Biscarrués,65-100,2023,65
22063,Biscarrués,0-16,2024,7
22063,Biscarrués,16-64,2024,117
22063,Biscarrués,65-100,2024,64
22063,Biscarrués,0-16,2025,7
22063,Biscarrués,16-64,2025,116
22063,Biscarrués,65-100,2025,67
22064,Blecua y Torres,0-16,2003,8
22064,Blecua y Torres,16-64,2003,126
22064,Blecua y Torres,65-100,2003,56
22064,Blecua y Torres,0-16,2004,7
22064,Blecua y Torres,16-64,2004,127
22064,Blecua y Torres,65-100,2004,55
22064,Blecua y Torres,0-16,2005,10
22064,Blecua y Torres,16-64,2005,129
22064,Blecua y Torres,65-100,2005,52
22064,Blecua y Torres,0-16,2006,12
22064,Blecua y Torres,16-64,2006,127
22064,Blecua y Torres,65-100,2006,56
22064,Blecua y Torres,0-16,2007,16
22064,Blecua y Torres,16-64,2007,128
22064,Blecua y Torres,65-100,2007,57
22064,Blecua y Torres,0-16,2008,14
22064,Blecua y Torres,16-64,2008,118
22064,Blecua y Torres,65-100,2008,54
22064,Blecua y Torres,0-16,2009,18
22064,Blecua y Torres,16-64,2009,120
22064,Blecua y Torres,65-100,2009,54
22064,Blecua y Torres,0-16,2010,25
22064,Blecua y Torres,16-64,2010,132
22064,Blecua y Torres,65-100,2010,51
22064,Blecua y Torres,0-16,2011,28
22064,Blecua y Torres,16-64,2011,130
22064,Blecua y Torres,65-100,2011,57
22064,Blecua y Torres,0-16,2012,28
22064,Blecua y Torres,16-64,2012,128
22064,Blecua y Torres,65-100,2012,63
22064,Blecua y Torres,0-16,2013,26
22064,Blecua y Torres,16-64,2013,122
22064,Blecua y Torres,65-100,2013,63
22064,Blecua y Torres,0-16,2014,25
22064,Blecua y Torres,16-64,2014,115
22064,Blecua y Torres,65-100,2014,62
22064,Blecua y Torres,0-16,2015,22
22064,Blecua y Torres,16-64,2015,117
22064,Blecua y Torres,65-100,2015,61
22064,Blecua y Torres,0-16,2016,24
22064,Blecua y Torres,16-64,2016,114
22064,Blecua y Torres,65-100,2016,64
22064,Blecua y Torres,0-16,2017,17
22064,Blecua y Torres,16-64,2017,104
22064,Blecua y Torres,65-100,2017,61
22064,Blecua y Torres,0-16,2018,16
22064,Blecua y Torres,16-64,2018,110
22064,Blecua y Torres,65-100,2018,57
22064,Blecua y Torres,0-16,2019,12
22064,Blecua y Torres,16-64,2019,108
22064,Blecua y Torres,65-100,2019,62
22064,Blecua y Torres,0-16,2020,11
22064,Blecua y Torres,16-64,2020,104
22064,Blecua y Torres,65-100,2020,58
22064,Blecua y Torres,0-16,2021,11
22064,Blecua y Torres,16-64,2021,112
22064,Blecua y Torres,65-100,2021,56
22064,Blecua y Torres,0-16,2022,12
22064,Blecua y Torres,16-64,2022,126
22064,Blecua y Torres,65-100,2022,50
22064,Blecua y Torres,0-16,2023,12
22064,Blecua y Torres,16-64,2023,121
22064,Blecua y Torres,65-100,2023,53
22064,Blecua y Torres,0-16,2024,7
22064,Blecua y Torres,16-64,2024,113
22064,Blecua y Torres,65-100,2024,52
22064,Blecua y Torres,0-16,2025,8
22064,Blecua y Torres,16-64,2025,111
22064,Blecua y Torres,65-100,2025,56
22066,Boltaña,0-16,2003,107
22066,Boltaña,16-64,2003,526
22066,Boltaña,65-100,2003,205
22066,Boltaña,0-16,2004,111
22066,Boltaña,16-64,2004,551
22066,Boltaña,65-100,2004,208
22066,Boltaña,0-16,2005,127
22066,Boltaña,16-64,2005,583
22066,Boltaña,65-100,2005,207
22066,Boltaña,0-16,2006,121
22066,Boltaña,16-64,2006,596
22066,Boltaña,65-100,2006,207
22066,Boltaña,0-16,2007,135
22066,Boltaña,16-64,2007,642
22066,Boltaña,65-100,2007,200
22066,Boltaña,0-16,2008,146
22066,Boltaña,16-64,2008,675
22066,Boltaña,65-100,2008,201
22066,Boltaña,0-16,2009,152
22066,Boltaña,16-64,2009,685
22066,Boltaña,65-100,2009,198
22066,Boltaña,0-16,2010,165
22066,Boltaña,16-64,2010,699
22066,Boltaña,65-100,2010,187
22066,Boltaña,0-16,2011,166
22066,Boltaña,16-64,2011,699
22066,Boltaña,65-100,2011,190
22066,Boltaña,0-16,2012,174
22066,Boltaña,16-64,2012,738
22066,Boltaña,65-100,2012,180
22066,Boltaña,0-16,2013,163
22066,Boltaña,16-64,2013,734
22066,Boltaña,65-100,2013,174
22066,Boltaña,0-16,2014,150
22066,Boltaña,16-64,2014,719
22066,Boltaña,65-100,2014,172
22066,Boltaña,0-16,2015,134
22066,Boltaña,16-64,2015,670
22066,Boltaña,65-100,2015,177
22066,Boltaña,0-16,2016,138
22066,Boltaña,16-64,2016,649
22066,Boltaña,65-100,2016,172
22066,Boltaña,0-16,2017,137
22066,Boltaña,16-64,2017,637
22066,Boltaña,65-100,2017,167
22066,Boltaña,0-16,2018,146
22066,Boltaña,16-64,2018,667
22066,Boltaña,65-100,2018,173
22066,Boltaña,0-16,2019,149
22066,Boltaña,16-64,2019,688
22066,Boltaña,65-100,2019,179
22066,Boltaña,0-16,2020,157
22066,Boltaña,16-64,2020,702
22066,Boltaña,65-100,2020,186
22066,Boltaña,0-16,2021,150
22066,Boltaña,16-64,2021,718
22066,Boltaña,65-100,2021,197
22066,Boltaña,0-16,2022,140
22066,Boltaña,16-64,2022,751
22066,Boltaña,65-100,2022,206
22066,Boltaña,0-16,2023,135
22066,Boltaña,16-64,2023,758
22066,Boltaña,65-100,2023,211
22066,Boltaña,0-16,2024,133
22066,Boltaña,16-64,2024,758
22066,Boltaña,65-100,2024,213
22066,Boltaña,0-16,2025,126
22066,Boltaña,16-64,2025,739
22066,Boltaña,65-100,2025,226
22067,Bonansa,0-16,2003,17
22067,Bonansa,16-64,2003,54
22067,Bonansa,65-100,2003,26
22067,Bonansa,0-16,2004,14
22067,Bonansa,16-64,2004,62
22067,Bonansa,65-100,2004,25
22067,Bonansa,0-16,2005,15
22067,Bonansa,16-64,2005,67
22067,Bonansa,65-100,2005,23
22067,Bonansa,0-16,2006,16
22067,Bonansa,16-64,2006,64
22067,Bonansa,65-100,2006,21
22067,Bonansa,0-16,2007,14
22067,Bonansa,16-64,2007,62
22067,Bonansa,65-100,2007,21
22067,Bonansa,0-16,2008,12
22067,Bonansa,16-64,2008,63
22067,Bonansa,65-100,2008,18
22067,Bonansa,0-16,2009,11
22067,Bonansa,16-64,2009,67
22067,Bonansa,65-100,2009,18
22067,Bonansa,0-16,2010,12
22067,Bonansa,16-64,2010,70
22067,Bonansa,65-100,2010,20
22067,Bonansa,0-16,2011,13
22067,Bonansa,16-64,2011,72
22067,Bonansa,65-100,2011,17
22067,Bonansa,0-16,2012,13
22067,Bonansa,16-64,2012,66
22067,Bonansa,65-100,2012,17
22067,Bonansa,0-16,2013,10
22067,Bonansa,16-64,2013,58
22067,Bonansa,65-100,2013,18
22067,Bonansa,0-16,2014,10
22067,Bonansa,16-64,2014,54
22067,Bonansa,65-100,2014,20
22067,Bonansa,0-16,2015,10
22067,Bonansa,16-64,2015,54
22067,Bonansa,65-100,2015,17
22067,Bonansa,0-16,2016,8
22067,Bonansa,16-64,2016,56
22067,Bonansa,65-100,2016,16
22067,Bonansa,0-16,2017,8
22067,Bonansa,16-64,2017,53
22067,Bonansa,65-100,2017,18
22067,Bonansa,0-16,2018,9
22067,Bonansa,16-64,2018,54
22067,Bonansa,65-100,2018,23
22067,Bonansa,0-16,2019,10
22067,Bonansa,16-64,2019,56
22067,Bonansa,65-100,2019,22
22067,Bonansa,0-16,2020,10
22067,Bonansa,16-64,2020,56
22067,Bonansa,65-100,2020,21
22067,Bonansa,0-16,2021,12
22067,Bonansa,16-64,2021,57
22067,Bonansa,65-100,2021,21
22067,Bonansa,0-16,2022,12
22067,Bonansa,16-64,2022,56
22067,Bonansa,65-100,2022,23
22067,Bonansa,0-16,2023,10
22067,Bonansa,16-64,2023,58
22067,Bonansa,65-100,2023,21
22067,Bonansa,0-16,2024,11
22067,Bonansa,16-64,2024,54
22067,Bonansa,65-100,2024,21
22067,Bonansa,0-16,2025,9
22067,Bonansa,16-64,2025,56
22067,Bonansa,65-100,2025,20
22068,Borau,0-16,2003,5
22068,Borau,16-64,2003,55
22068,Borau,65-100,2003,16
22068,Borau,0-16,2004,5
22068,Borau,16-64,2004,54
22068,Borau,65-100,2004,16
22068,Borau,0-16,2005,5
22068,Borau,16-64,2005,52
22068,Borau,65-100,2005,15
22068,Borau,0-16,2006,5
22068,Borau,16-64,2006,50
22068,Borau,65-100,2006,17
22068,Borau,0-16,2007,5
22068,Borau,16-64,2007,50
22068,Borau,65-100,2007,17
22068,Borau,0-16,2008,5
22068,Borau,16-64,2008,52
22068,Borau,65-100,2008,16
22068,Borau,0-16,2009,4
22068,Borau,16-64,2009,51
22068,Borau,65-100,2009,16
22068,Borau,0-16,2010,5
22068,Borau,16-64,2010,59
22068,Borau,65-100,2010,17
22068,Borau,0-16,2011,3
22068,Borau,16-64,2011,59
22068,Borau,65-100,2011,23
22068,Borau,0-16,2012,4
22068,Borau,16-64,2012,59
22068,Borau,65-100,2012,21
22068,Borau,0-16,2013,4
22068,Borau,16-64,2013,61
22068,Borau,65-100,2013,21
22068,Borau,0-16,2014,7
22068,Borau,16-64,2014,62
22068,Borau,65-100,2014,22
22068,Borau,0-16,2015,8
22068,Borau,16-64,2015,66
22068,Borau,65-100,2015,21
22068,Borau,0-16,2016,9
22068,Borau,16-64,2016,63
22068,Borau,65-100,2016,19
22068,Borau,0-16,2017,4
22068,Borau,16-64,2017,58
22068,Borau,65-100,2017,19
22068,Borau,0-16,2018,4
22068,Borau,16-64,2018,57
22068,Borau,65-100,2018,19
22068,Borau,0-16,2019,4
22068,Borau,16-64,2019,52
22068,Borau,65-100,2019,18
22068,Borau,0-16,2020,4
22068,Borau,16-64,2020,49
22068,Borau,65-100,2020,17
22068,Borau,0-16,2021,8
22068,Borau,16-64,2021,55
22068,Borau,65-100,2021,20
22068,Borau,0-16,2022,8
22068,Borau,16-64,2022,58
22068,Borau,65-100,2022,24
22068,Borau,0-16,2023,5
22068,Borau,16-64,2023,56
22068,Borau,65-100,2023,25
22068,Borau,0-16,2024,5
22068,Borau,16-64,2024,54
22068,Borau,65-100,2024,26
22068,Borau,0-16,2025,4
22068,Borau,16-64,2025,45
22068,Borau,65-100,2025,28
22069,Broto,0-16,2003,69
22069,Broto,16-64,2003,325
22069,Broto,65-100,2003,130
22069,Broto,0-16,2004,64
22069,Broto,16-64,2004,331
22069,Broto,65-100,2004,121
22069,Broto,0-16,2005,72
22069,Broto,16-64,2005,341
22069,Broto,65-100,2005,115
22069,Broto,0-16,2006,68
22069,Broto,16-64,2006,340
22069,Broto,65-100,2006,112
22069,Broto,0-16,2007,69
22069,Broto,16-64,2007,353
22069,Broto,65-100,2007,111
22069,Broto,0-16,2008,72
22069,Broto,16-64,2008,368
22069,Broto,65-100,2008,110
22069,Broto,0-16,2009,72
22069,Broto,16-64,2009,363
22069,Broto,65-100,2009,112
22069,Broto,0-16,2010,67
22069,Broto,16-64,2010,362
22069,Broto,65-100,2010,113
22069,Broto,0-16,2011,66
22069,Broto,16-64,2011,365
22069,Broto,65-100,2011,112
22069,Broto,0-16,2012,64
22069,Broto,16-64,2012,363
22069,Broto,65-100,2012,115
22069,Broto,0-16,2013,61
22069,Broto,16-64,2013,366
22069,Broto,65-100,2013,106
22069,Broto,0-16,2014,59
22069,Broto,16-64,2014,351
22069,Broto,65-100,2014,113
22069,Broto,0-16,2015,60
22069,Broto,16-64,2015,359
22069,Broto,65-100,2015,113
22069,Broto,0-16,2016,56
22069,Broto,16-64,2016,372
22069,Broto,65-100,2016,104
22069,Broto,0-16,2017,68
22069,Broto,16-64,2017,378
22069,Broto,65-100,2017,106
22069,Broto,0-16,2018,60
22069,Broto,16-64,2018,364
22069,Broto,65-100,2018,107
22069,Broto,0-16,2019,54
22069,Broto,16-64,2019,366
22069,Broto,65-100,2019,102
22069,Broto,0-16,2020,55
22069,Broto,16-64,2020,382
22069,Broto,65-100,2020,101
22069,Broto,0-16,2021,62
22069,Broto,16-64,2021,398
22069,Broto,65-100,2021,104
22069,Broto,0-16,2022,67
22069,Broto,16-64,2022,392
22069,Broto,65-100,2022,118
22069,Broto,0-16,2023,69
22069,Broto,16-64,2023,413
22069,Broto,65-100,2023,121
22069,Broto,0-16,2024,72
22069,Broto,16-64,2024,423
22069,Broto,65-100,2024,118
22069,Broto,0-16,2025,76
22069,Broto,16-64,2025,412
22069,Broto,65-100,2025,129
22072,Caldearenas,0-16,2003,17
22072,Caldearenas,16-64,2003,153
22072,Caldearenas,65-100,2003,93
22072,Caldearenas,0-16,2004,21
22072,Caldearenas,16-64,2004,162
22072,Caldearenas,65-100,2004,87
22072,Caldearenas,0-16,2005,17
22072,Caldearenas,16-64,2005,150
22072,Caldearenas,65-100,2005,85
22072,Caldearenas,0-16,2006,16
22072,Caldearenas,16-64,2006,142
22072,Caldearenas,65-100,2006,86
22072,Caldearenas,0-16,2007,16
22072,Caldearenas,16-64,2007,149
22072,Caldearenas,65-100,2007,85
22072,Caldearenas,0-16,2008,19
22072,Caldearenas,16-64,2008,128
22072,Caldearenas,65-100,2008,83
22072,Caldearenas,0-16,2009,20
22072,Caldearenas,16-64,2009,144
22072,Caldearenas,65-100,2009,82
22072,Caldearenas,0-16,2010,20
22072,Caldearenas,16-64,2010,147
22072,Caldearenas,65-100,2010,79
22072,Caldearenas,0-16,2011,18
22072,Caldearenas,16-64,2011,139
22072,Caldearenas,65-100,2011,74
22072,Caldearenas,0-16,2012,14
22072,Caldearenas,16-64,2012,136
22072,Caldearenas,65-100,2012,73
22072,Caldearenas,0-16,2013,14
22072,Caldearenas,16-64,2013,126
22072,Caldearenas,65-100,2013,72
22072,Caldearenas,0-16,2014,13
22072,Caldearenas,16-64,2014,124
22072,Caldearenas,65-100,2014,71
22072,Caldearenas,0-16,2015,13
22072,Caldearenas,16-64,2015,122
22072,Caldearenas,65-100,2015,75
22072,Caldearenas,0-16,2016,17
22072,Caldearenas,16-64,2016,126
22072,Caldearenas,65-100,2016,73
22072,Caldearenas,0-16,2017,20
22072,Caldearenas,16-64,2017,140
22072,Caldearenas,65-100,2017,68
22072,Caldearenas,0-16,2018,18
22072,Caldearenas,16-64,2018,135
22072,Caldearenas,65-100,2018,65
22072,Caldearenas,0-16,2019,22
22072,Caldearenas,16-64,2019,136
22072,Caldearenas,65-100,2019,71
22072,Caldearenas,0-16,2020,22
22072,Caldearenas,16-64,2020,129
22072,Caldearenas,65-100,2020,75
22072,Caldearenas,0-16,2021,19
22072,Caldearenas,16-64,2021,133
22072,Caldearenas,65-100,2021,70
22072,Caldearenas,0-16,2022,25
22072,Caldearenas,16-64,2022,139
22072,Caldearenas,65-100,2022,77
22072,Caldearenas,0-16,2023,30
22072,Caldearenas,16-64,2023,135
22072,Caldearenas,65-100,2023,78
22072,Caldearenas,0-16,2024,29
22072,Caldearenas,16-64,2024,130
22072,Caldearenas,65-100,2024,79
22072,Caldearenas,0-16,2025,22
22072,Caldearenas,16-64,2025,118
22072,Caldearenas,65-100,2025,82
22074,Campo,0-16,2003,20
22074,Campo,16-64,2003,178
22074,Campo,65-100,2003,106
22074,Campo,0-16,2004,17
22074,Campo,16-64,2004,171
22074,Campo,65-100,2004,107
22074,Campo,0-16,2005,14
22074,Campo,16-64,2005,169
22074,Campo,65-100,2005,108
22074,Campo,0-16,2006,12
22074,Campo,16-64,2006,167
22074,Campo,65-100,2006,108
22074,Campo,0-16,2007,15
22074,Campo,16-64,2007,162
22074,Campo,65-100,2007,102
22074,Campo,0-16,2008,13
22074,Campo,16-64,2008,156
22074,Campo,65-100,2008,83
22074,Campo,0-16,2009,11
22074,Campo,16-64,2009,151
22074,Campo,65-100,2009,84
22074,Campo,0-16,2010,43
22074,Campo,16-64,2010,227
22074,Campo,65-100,2010,85
22074,Campo,0-16,2011,48
22074,Campo,16-64,2011,219
22074,Campo,65-100,2011,83
22074,Campo,0-16,2012,43
22074,Campo,16-64,2012,202
22074,Campo,65-100,2012,85
22074,Campo,0-16,2013,64
22074,Campo,16-64,2013,270
22074,Campo,65-100,2013,92
22074,Campo,0-16,2014,61
22074,Campo,16-64,2014,289
22074,Campo,65-100,2014,109
22074,Campo,0-16,2015,58
22074,Campo,16-64,2015,277
22074,Campo,65-100,2015,102
22074,Campo,0-16,2016,40
22074,Campo,16-64,2016,223
22074,Campo,65-100,2016,102
22074,Campo,0-16,2017,31
22074,Campo,16-64,2017,207
22074,Campo,65-100,2017,105
22074,Campo,0-16,2018,20
22074,Campo,16-64,2018,201
22074,Campo,65-100,2018,102
22074,Campo,0-16,2019,18
22074,Campo,16-64,2019,180
22074,Campo,65-100,2019,80
22074,Campo,0-16,2020,48
22074,Campo,16-64,2020,289
22074,Campo,65-100,2020,99
22074,Campo,0-16,2021,44
22074,Campo,16-64,2021,314
22074,Campo,65-100,2021,101
22074,Campo,0-16,2022,49
22074,Campo,16-64,2022,311
22074,Campo,65-100,2022,100
22074,Campo,0-16,2023,53
22074,Campo,16-64,2023,312
22074,Campo,65-100,2023,102
22074,Campo,0-16,2024,51
22074,Campo,16-64,2024,326
22074,Campo,65-100,2024,109
22074,Campo,0-16,2025,58
22074,Campo,16-64,2025,328
22074,Campo,65-100,2025,110
22075,Camporrélls,0-16,2003,11
22075,Camporrélls,16-64,2003,130
22075,Camporrélls,65-100,2003,100
22075,Camporrélls,0-16,2004,11
22075,Camporrélls,16-64,2004,126
22075,Camporrélls,65-100,2004,94
22075,Camporrélls,0-16,2005,8
22075,Camporrélls,16-64,2005,132
22075,Camporrélls,65-100,2005,93
22075,Camporrélls,0-16,2006,9
22075,Camporrélls,16-64,2006,124
22075,Camporrélls,65-100,2006,84
22075,Camporrélls,0-16,2007,11
22075,Camporrélls,16-64,2007,124
22075,Camporrélls,65-100,2007,84
22075,Camporrélls,0-16,2008,11
22075,Camporrélls,16-64,2008,119
22075,Camporrélls,65-100,2008,76
22075,Camporrélls,0-16,2009,10
22075,Camporrélls,16-64,2009,113
22075,Camporrélls,65-100,2009,73
22075,Camporrélls,0-16,2010,11
22075,Camporrélls,16-64,2010,106
22075,Camporrélls,65-100,2010,76
22075,Camporrélls,0-16,2011,9
22075,Camporrélls,16-64,2011,97
22075,Camporrélls,65-100,2011,76
22075,Camporrélls,0-16,2012,9
22075,Camporrélls,16-64,2012,84
22075,Camporrélls,65-100,2012,74
22075,Camporrélls,0-16,2013,9
22075,Camporrélls,16-64,2013,86
22075,Camporrélls,65-100,2013,70
22075,Camporrélls,0-16,2014,8
22075,Camporrélls,16-64,2014,69
22075,Camporrélls,65-100,2014,71
22075,Camporrélls,0-16,2015,6
22075,Camporrélls,16-64,2015,65
22075,Camporrélls,65-100,2015,67
22075,Camporrélls,0-16,2016,7
22075,Camporrélls,16-64,2016,68
22075,Camporrélls,65-100,2016,63
22075,Camporrélls,0-16,2017,8
22075,Camporrélls,16-64,2017,68
22075,Camporrélls,65-100,2017,58
22075,Camporrélls,0-16,2018,8
22075,Camporrélls,16-64,2018,71
22075,Camporrélls,65-100,2018,58
22075,Camporrélls,0-16,2019,8
22075,Camporrélls,16-64,2019,69
22075,Camporrélls,65-100,2019,57
22075,Camporrélls,0-16,2020,8
22075,Camporrélls,16-64,2020,64
22075,Camporrélls,65-100,2020,55
22075,Camporrélls,0-16,2021,6
22075,Camporrélls,16-64,2021,62
22075,Camporrélls,65-100,2021,55
22075,Camporrélls,0-16,2022,6
22075,Camporrélls,16-64,2022,71
22075,Camporrélls,65-100,2022,59
22075,Camporrélls,0-16,2023,11
22075,Camporrélls,16-64,2023,80
22075,Camporrélls,65-100,2023,60
22075,Camporrélls,0-16,2024,13
22075,Camporrélls,16-64,2024,82
22075,Camporrélls,65-100,2024,63
22075,Camporrélls,0-16,2025,12
22075,Camporrélls,16-64,2025,81
22075,Camporrélls,65-100,2025,59
22076,Canal de Berdún,0-16,2003,39
22076,Canal de Berdún,16-64,2003,213
22076,Canal de Berdún,65-100,2003,150
22076,Canal de Berdún,0-16,2004,40
22076,Canal de Berdún,16-64,2004,219
22076,Canal de Berdún,65-100,2004,142
22076,Canal de Berdún,0-16,2005,37
22076,Canal de Berdún,16-64,2005,220
22076,Canal de Berdún,65-100,2005,157
22076,Canal de Berdún,0-16,2006,40
22076,Canal de Berdún,16-64,2006,219
22076,Canal de Berdún,65-100,2006,157
22076,Canal de Berdún,0-16,2007,41
22076,Canal de Berdún,16-64,2007,221
22076,Canal de Berdún,65-100,2007,155
22076,Canal de Berdún,0-16,2008,39
22076,Canal de Berdún,16-64,2008,223
22076,Canal de Berdún,65-100,2008,150
22076,Canal de Berdún,0-16,2009,38
22076,Canal de Berdún,16-64,2009,217
22076,Canal de Berdún,65-100,2009,146
22076,Canal de Berdún,0-16,2010,34
22076,Canal de Berdún,16-64,2010,222
22076,Canal de Berdún,65-100,2010,140
22076,Canal de Berdún,0-16,2011,27
22076,Canal de Berdún,16-64,2011,216
22076,Canal de Berdún,65-100,2011,139
22076,Canal de Berdún,0-16,2012,26
22076,Canal de Berdún,16-64,2012,203
22076,Canal de Berdún,65-100,2012,136
22076,Canal de Berdún,0-16,2013,33
22076,Canal de Berdún,16-64,2013,219
22076,Canal de Berdún,65-100,2013,133
22076,Canal de Berdún,0-16,2014,34
22076,Canal de Berdún,16-64,2014,215
22076,Canal de Berdún,65-100,2014,127
22076,Canal de Berdún,0-16,2015,30
22076,Canal de Berdún,16-64,2015,212
22076,Canal de Berdún,65-100,2015,125
22076,Canal de Berdún,0-16,2016,30
22076,Canal de Berdún,16-64,2016,204
22076,Canal de Berdún,65-100,2016,127
22076,Canal de Berdún,0-16,2017,29
22076,Canal de Berdún,16-64,2017,195
22076,Canal de Berdún,65-100,2017,119
22076,Canal de Berdún,0-16,2018,24
22076,Canal de Berdún,16-64,2018,178
22076,Canal de Berdún,65-100,2018,119
22076,Canal de Berdún,0-16,2019,22
22076,Canal de Berdún,16-64,2019,178
22076,Canal de Berdún,65-100,2019,114
22076,Canal de Berdún,0-16,2020,23
22076,Canal de Berdún,16-64,2020,184
22076,Canal de Berdún,65-100,2020,116
22076,Canal de Berdún,0-16,2021,23
22076,Canal de Berdún,16-64,2021,200
22076,Canal de Berdún,65-100,2021,125
22076,Canal de Berdún,0-16,2022,20
22076,Canal de Berdún,16-64,2022,198
22076,Canal de Berdún,65-100,2022,128
22076,Canal de Berdún,0-16,2023,24
22076,Canal de Berdún,16-64,2023,188
22076,Canal de Berdún,65-100,2023,128
22076,Canal de Berdún,0-16,2024,23
22076,Canal de Berdún,16-64,2024,182
22076,Canal de Berdún,65-100,2024,126
22076,Canal de Berdún,0-16,2025,20
22076,Canal de Berdún,16-64,2025,173
22076,Canal de Berdún,65-100,2025,128
22077,Candasnos,0-16,2003,26
22077,Candasnos,16-64,2003,323
22077,Candasnos,65-100,2003,140
22077,Candasnos,0-16,2004,22
22077,Candasnos,16-64,2004,311
22077,Candasnos,65-100,2004,137
22077,Candasnos,0-16,2005,22
22077,Candasnos,16-64,2005,307
22077,Candasnos,65-100,2005,130
22077,Candasnos,0-16,2006,16
22077,Candasnos,16-64,2006,301
22077,Candasnos,65-100,2006,129
22077,Candasnos,0-16,2007,14
22077,Candasnos,16-64,2007,291
22077,Candasnos,65-100,2007,134
22077,Candasnos,0-16,2008,13
22077,Candasnos,16-64,2008,276
22077,Candasnos,65-100,2008,138
22077,Candasnos,0-16,2009,11
22077,Candasnos,16-64,2009,264
22077,Candasnos,65-100,2009,144
22077,Candasnos,0-16,2010,8
22077,Candasnos,16-64,2010,257
22077,Candasnos,65-100,2010,144
22077,Candasnos,0-16,2011,8
22077,Candasnos,16-64,2011,249
22077,Candasnos,65-100,2011,138
22077,Candasnos,0-16,2012,6
22077,Candasnos,16-64,2012,233
22077,Candasnos,65-100,2012,142
22077,Candasnos,0-16,2013,5
22077,Candasnos,16-64,2013,199
22077,Candasnos,65-100,2013,145
22077,Candasnos,0-16,2014,0
22077,Candasnos,16-64,2014,193
22077,Candasnos,65-100,2014,146
22077,Candasnos,0-16,2015,0
22077,Candasnos,16-64,2015,179
22077,Candasnos,65-100,2015,151
22077,Candasnos,0-16,2016,0
22077,Candasnos,16-64,2016,170
22077,Candasnos,65-100,2016,148
22077,Candasnos,0-16,2017,0
22077,Candasnos,16-64,2017,166
22077,Candasnos,65-100,2017,149
22077,Candasnos,0-16,2018,0
22077,Candasnos,16-64,2018,162
22077,Candasnos,65-100,2018,155
22077,Candasnos,0-16,2019,40
22077,Candasnos,16-64,2019,274
22077,Candasnos,65-100,2019,148
22077,Candasnos,0-16,2020,36
22077,Candasnos,16-64,2020,240
22077,Candasnos,65-100,2020,143
22077,Candasnos,0-16,2021,33
22077,Candasnos,16-64,2021,228
22077,Candasnos,65-100,2021,141
22077,Candasnos,0-16,2022,35
22077,Candasnos,16-64,2022,226
22077,Candasnos,65-100,2022,135
22077,Candasnos,0-16,2023,41
22077,Candasnos,16-64,2023,241
22077,Candasnos,65-100,2023,138
22077,Candasnos,0-16,2024,44
22077,Candasnos,16-64,2024,244
22077,Candasnos,65-100,2024,134
22077,Candasnos,0-16,2025,37
22077,Candasnos,16-64,2025,305
22077,Candasnos,65-100,2025,133
22078,Canfranc,0-16,2003,50
22078,Canfranc,16-64,2003,397
22078,Canfranc,65-100,2003,85
22078,Canfranc,0-16,2004,53
22078,Canfranc,16-64,2004,431
22078,Canfranc,65-100,2004,80
22078,Canfranc,0-16,2005,55
22078,Canfranc,16-64,2005,482
22078,Canfranc,65-100,2005,74
22078,Canfranc,0-16,2006,81
22078,Canfranc,16-64,2006,518
22078,Canfranc,65-100,2006,79
22078,Canfranc,0-16,2007,88
22078,Canfranc,16-64,2007,501
22078,Canfranc,65-100,2007,83
22078,Canfranc,0-16,2008,76
22078,Canfranc,16-64,2008,487
22078,Canfranc,65-100,2008,85
22078,Canfranc,0-16,2009,75
22078,Canfranc,16-64,2009,466
22078,Canfranc,65-100,2009,84
22078,Canfranc,0-16,2010,81
22078,Canfranc,16-64,2010,453
22078,Canfranc,65-100,2010,90
22078,Canfranc,0-16,2011,86
22078,Canfranc,16-64,2011,445
22078,Canfranc,65-100,2011,89
22078,Canfranc,0-16,2012,80
22078,Canfranc,16-64,2012,427
22078,Canfranc,65-100,2012,92
22078,Canfranc,0-16,2013,69
22078,Canfranc,16-64,2013,414
22078,Canfranc,65-100,2013,89
22078,Canfranc,0-16,2014,69
22078,Canfranc,16-64,2014,390
22078,Canfranc,65-100,2014,95
22078,Canfranc,0-16,2015,66
22078,Canfranc,16-64,2015,401
22078,Canfranc,65-100,2015,93
22078,Canfranc,0-16,2016,70
22078,Canfranc,16-64,2016,385
22078,Canfranc,65-100,2016,88
22078,Canfranc,0-16,2017,75
22078,Canfranc,16-64,2017,383
22078,Canfranc,65-100,2017,84
22078,Canfranc,0-16,2018,70
22078,Canfranc,16-64,2018,372
22078,Canfranc,65-100,2018,90
22078,Canfranc,0-16,2019,72
22078,Canfranc,16-64,2019,377
22078,Canfranc,65-100,2019,91
22078,Canfranc,0-16,2020,79
22078,Canfranc,16-64,2020,391
22078,Canfranc,65-100,2020,88
22078,Canfranc,0-16,2021,74
22078,Canfranc,16-64,2021,431
22078,Canfranc,65-100,2021,94
22078,Canfranc,0-16,2022,66
22078,Canfranc,16-64,2022,453
22078,Canfranc,65-100,2022,93
22078,Canfranc,0-16,2023,52
22078,Canfranc,16-64,2023,451
22078,Canfranc,65-100,2023,93
22078,Canfranc,0-16,2024,51
22078,Canfranc,16-64,2024,465
22078,Canfranc,65-100,2024,97
22078,Canfranc,0-16,2025,48
22078,Canfranc,16-64,2025,478
22078,Canfranc,65-100,2025,106
22079,Capdesaso,0-16,2003,11
22079,Capdesaso,16-64,2003,89
22079,Capdesaso,65-100,2003,66
22079,Capdesaso,0-16,2004,11
22079,Capdesaso,16-64,2004,87
22079,Capdesaso,65-100,2004,62
22079,Capdesaso,0-16,2005,10
22079,Capdesaso,16-64,2005,83
22079,Capdesaso,65-100,2005,64
22079,Capdesaso,0-16,2006,12
22079,Capdesaso,16-64,2006,85
22079,Capdesaso,65-100,2006,64
22079,Capdesaso,0-16,2007,9
22079,Capdesaso,16-64,2007,98
22079,Capdesaso,65-100,2007,60
22079,Capdesaso,0-16,2008,9
22079,Capdesaso,16-64,2008,92
22079,Capdesaso,65-100,2008,56
22079,Capdesaso,0-16,2009,7
22079,Capdesaso,16-64,2009,99
22079,Capdesaso,65-100,2009,55
22079,Capdesaso,0-16,2010,8
22079,Capdesaso,16-64,2010,103
22079,Capdesaso,65-100,2010,52
22079,Capdesaso,0-16,2011,7
22079,Capdesaso,16-64,2011,121
22079,Capdesaso,65-100,2011,48
22079,Capdesaso,0-16,2012,6
22079,Capdesaso,16-64,2012,132
22079,Capdesaso,65-100,2012,46
22079,Capdesaso,0-16,2013,6
22079,Capdesaso,16-64,2013,128
22079,Capdesaso,65-100,2013,43
22079,Capdesaso,0-16,2014,6
22079,Capdesaso,16-64,2014,118
22079,Capdesaso,65-100,2014,46
22079,Capdesaso,0-16,2015,8
22079,Capdesaso,16-64,2015,120
22079,Capdesaso,65-100,2015,44
22079,Capdesaso,0-16,2016,7
22079,Capdesaso,16-64,2016,120
22079,Capdesaso,65-100,2016,41
22079,Capdesaso,0-16,2017,10
22079,Capdesaso,16-64,2017,115
22079,Capdesaso,65-100,2017,38
22079,Capdesaso,0-16,2018,11
22079,Capdesaso,16-64,2018,119
22079,Capdesaso,65-100,2018,44
22079,Capdesaso,0-16,2019,12
22079,Capdesaso,16-64,2019,140
22079,Capdesaso,65-100,2019,46
22079,Capdesaso,0-16,2020,12
22079,Capdesaso,16-64,2020,153
22079,Capdesaso,65-100,2020,46
22079,Capdesaso,0-16,2021,12
22079,Capdesaso,16-64,2021,149
22079,Capdesaso,65-100,2021,47
22079,Capdesaso,0-16,2022,10
22079,Capdesaso,16-64,2022,147
22079,Capdesaso,65-100,2022,47
22079,Capdesaso,0-16,2023,12
22079,Capdesaso,16-64,2023,151
22079,Capdesaso,65-100,2023,49
22079,Capdesaso,0-16,2024,15
22079,Capdesaso,16-64,2024,142
22079,Capdesaso,65-100,2024,47
22079,Capdesaso,0-16,2025,11
22079,Capdesaso,16-64,2025,135
22079,Capdesaso,65-100,2025,46
22080,Capella,0-16,2003,37
22080,Capella,16-64,2003,213
22080,Capella,65-100,2003,138
22080,Capella,0-16,2004,40
22080,Capella,16-64,2004,219
22080,Capella,65-100,2004,128
22080,Capella,0-16,2005,37
22080,Capella,16-64,2005,237
22080,Capella,65-100,2005,125
22080,Capella,0-16,2006,39
22080,Capella,16-64,2006,246
22080,Capella,65-100,2006,119
22080,Capella,0-16,2007,32
22080,Capella,16-64,2007,235
22080,Capella,65-100,2007,120
22080,Capella,0-16,2008,34
22080,Capella,16-64,2008,240
22080,Capella,65-100,2008,115
22080,Capella,0-16,2009,30
22080,Capella,16-64,2009,242
22080,Capella,65-100,2009,110
22080,Capella,0-16,2010,30
22080,Capella,16-64,2010,231
22080,Capella,65-100,2010,105
22080,Capella,0-16,2011,34
22080,Capella,16-64,2011,228
22080,Capella,65-100,2011,110
22080,Capella,0-16,2012,34
22080,Capella,16-64,2012,212
22080,Capella,65-100,2012,114
22080,Capella,0-16,2013,39
22080,Capella,16-64,2013,219
22080,Capella,65-100,2013,113
22080,Capella,0-16,2014,37
22080,Capella,16-64,2014,215
22080,Capella,65-100,2014,109
22080,Capella,0-16,2015,38
22080,Capella,16-64,2015,212
22080,Capella,65-100,2015,111
22080,Capella,0-16,2016,39
22080,Capella,16-64,2016,211
22080,Capella,65-100,2016,114
22080,Capella,0-16,2017,36
22080,Capella,16-64,2017,208
22080,Capella,65-100,2017,114
22080,Capella,0-16,2018,35
22080,Capella,16-64,2018,210
22080,Capella,65-100,2018,109
22080,Capella,0-16,2019,35
22080,Capella,16-64,2019,204
22080,Capella,65-100,2019,110
22080,Capella,0-16,2020,35
22080,Capella,16-64,2020,213
22080,Capella,65-100,2020,112
22080,Capella,0-16,2021,37
22080,Capella,16-64,2021,204
22080,Capella,65-100,2021,109
22080,Capella,0-16,2022,37
22080,Capella,16-64,2022,211
22080,Capella,65-100,2022,104
22080,Capella,0-16,2023,39
22080,Capella,16-64,2023,220
22080,Capella,65-100,2023,100
22080,Capella,0-16,2024,36
22080,Capella,16-64,2024,211
22080,Capella,65-100,2024,102
22080,Capella,0-16,2025,39
22080,Capella,16-64,2025,210
22080,Capella,65-100,2025,109
22081,Casbas de Huesca,0-16,2003,16
22081,Casbas de Huesca,16-64,2003,176
22081,Casbas de Huesca,65-100,2003,103
22081,Casbas de Huesca,0-16,2004,17
22081,Casbas de Huesca,16-64,2004,180
22081,Casbas de Huesca,65-100,2004,99
22081,Casbas de Huesca,0-16,2005,15
22081,Casbas de Huesca,16-64,2005,183
22081,Casbas de Huesca,65-100,2005,96
22081,Casbas de Huesca,0-16,2006,14
22081,Casbas de Huesca,16-64,2006,186
22081,Casbas de Huesca,65-100,2006,93
22081,Casbas de Huesca,0-16,2007,15
22081,Casbas de Huesca,16-64,2007,199
22081,Casbas de Huesca,65-100,2007,94
22081,Casbas de Huesca,0-16,2008,17
22081,Casbas de Huesca,16-64,2008,194
22081,Casbas de Huesca,65-100,2008,96
22081,Casbas de Huesca,0-16,2009,16
22081,Casbas de Huesca,16-64,2009,192
22081,Casbas de Huesca,65-100,2009,96
22081,Casbas de Huesca,0-16,2010,15
22081,Casbas de Huesca,16-64,2010,190
22081,Casbas de Huesca,65-100,2010,94
22081,Casbas de Huesca,0-16,2011,18
22081,Casbas de Huesca,16-64,2011,186
22081,Casbas de Huesca,65-100,2011,99
22081,Casbas de Huesca,0-16,2012,18
22081,Casbas de Huesca,16-64,2012,186
22081,Casbas de Huesca,65-100,2012,100
22081,Casbas de Huesca,0-16,2013,20
22081,Casbas de Huesca,16-64,2013,186
22081,Casbas de Huesca,65-100,2013,100
22081,Casbas de Huesca,0-16,2014,19
22081,Casbas de Huesca,16-64,2014,173
22081,Casbas de Huesca,65-100,2014,103
22081,Casbas de Huesca,0-16,2015,16
22081,Casbas de Huesca,16-64,2015,175
22081,Casbas de Huesca,65-100,2015,100
22081,Casbas de Huesca,0-16,2016,19
22081,Casbas de Huesca,16-64,2016,175
22081,Casbas de Huesca,65-100,2016,99
22081,Casbas de Huesca,0-16,2017,15
22081,Casbas de Huesca,16-64,2017,166
22081,Casbas de Huesca,65-100,2017,98
22081,Casbas de Huesca,0-16,2018,14
22081,Casbas de Huesca,16-64,2018,162
22081,Casbas de Huesca,65-100,2018,93
22081,Casbas de Huesca,0-16,2019,14
22081,Casbas de Huesca,16-64,2019,156
22081,Casbas de Huesca,65-100,2019,100
22081,Casbas de Huesca,0-16,2020,12
22081,Casbas de Huesca,16-64,2020,159
22081,Casbas de Huesca,65-100,2020,104
22081,Casbas de Huesca,0-16,2021,13
22081,Casbas de Huesca,16-64,2021,170
22081,Casbas de Huesca,65-100,2021,107
22081,Casbas de Huesca,0-16,2022,12
22081,Casbas de Huesca,16-64,2022,182
22081,Casbas de Huesca,65-100,2022,107
22081,Casbas de Huesca,0-16,2023,13
22081,Casbas de Huesca,16-64,2023,174
22081,Casbas de Huesca,65-100,2023,104
22081,Casbas de Huesca,0-16,2024,14
22081,Casbas de Huesca,16-64,2024,171
22081,Casbas de Huesca,65-100,2024,107
22081,Casbas de Huesca,0-16,2025,17
22081,Casbas de Huesca,16-64,2025,168
22081,Casbas de Huesca,65-100,2025,102
22082,Castejón del Puente,0-16,2003,67
22082,Castejón del Puente,16-64,2003,263
22082,Castejón del Puente,65-100,2003,90
22082,Castejón del Puente,0-16,2004,61
22082,Castejón del Puente,16-64,2004,279
22082,Castejón del Puente,65-100,2004,95
22082,Castejón del Puente,0-16,2005,47
22082,Castejón del Puente,16-64,2005,273
22082,Castejón del Puente,65-100,2005,103
22082,Castejón del Puente,0-16,2006,50
22082,Castejón del Puente,16-64,2006,277
22082,Castejón del Puente,65-100,2006,106
22082,Castejón del Puente,0-16,2007,51
22082,Castejón del Puente,16-64,2007,281
22082,Castejón del Puente,65-100,2007,107
22082,Castejón del Puente,0-16,2008,53
22082,Castejón del Puente,16-64,2008,291
22082,Castejón del Puente,65-100,2008,108
22082,Castejón del Puente,0-16,2009,49
22082,Castejón del Puente,16-64,2009,267
22082,Castejón del Puente,65-100,2009,108
22082,Castejón del Puente,0-16,2010,48
22082,Castejón del Puente,16-64,2010,244
22082,Castejón del Puente,65-100,2010,107
22082,Castejón del Puente,0-16,2011,34
22082,Castejón del Puente,16-64,2011,233
22082,Castejón del Puente,65-100,2011,105
22082,Castejón del Puente,0-16,2012,31
22082,Castejón del Puente,16-64,2012,224
22082,Castejón del Puente,65-100,2012,105
22082,Castejón del Puente,0-16,2013,25
22082,Castejón del Puente,16-64,2013,226
22082,Castejón del Puente,65-100,2013,98
22082,Castejón del Puente,0-16,2014,27
22082,Castejón del Puente,16-64,2014,224
22082,Castejón del Puente,65-100,2014,98
22082,Castejón del Puente,0-16,2015,24
22082,Castejón del Puente,16-64,2015,218
22082,Castejón del Puente,65-100,2015,98
22082,Castejón del Puente,0-16,2016,21
22082,Castejón del Puente,16-64,2016,207
22082,Castejón del Puente,65-100,2016,97
22082,Castejón del Puente,0-16,2017,23
22082,Castejón del Puente,16-64,2017,200
22082,Castejón del Puente,65-100,2017,103
22082,Castejón del Puente,0-16,2018,20
22082,Castejón del Puente,16-64,2018,193
22082,Castejón del Puente,65-100,2018,102
22082,Castejón del Puente,0-16,2019,22
22082,Castejón del Puente,16-64,2019,197
22082,Castejón del Puente,65-100,2019,99
22082,Castejón del Puente,0-16,2020,22
22082,Castejón del Puente,16-64,2020,194
22082,Castejón del Puente,65-100,2020,96
22082,Castejón del Puente,0-16,2021,33
22082,Castejón del Puente,16-64,2021,214
22082,Castejón del Puente,65-100,2021,98
22082,Castejón del Puente,0-16,2022,30
22082,Castejón del Puente,16-64,2022,201
22082,Castejón del Puente,65-100,2022,102
22082,Castejón del Puente,0-16,2023,35
22082,Castejón del Puente,16-64,2023,191
22082,Castejón del Puente,65-100,2023,102
22082,Castejón del Puente,0-16,2024,39
22082,Castejón del Puente,16-64,2024,193
22082,Castejón del Puente,65-100,2024,101
22082,Castejón del Puente,0-16,2025,52
22082,Castejón del Puente,16-64,2025,209
22082,Castejón del Puente,65-100,2025,98
22083,Castejón de Monegros,0-16,2003,57
22083,Castejón de Monegros,16-64,2003,404
22083,Castejón de Monegros,65-100,2003,235
22083,Castejón de Monegros,0-16,2004,52
22083,Castejón de Monegros,16-64,2004,392
22083,Castejón de Monegros,65-100,2004,239
22083,Castejón de Monegros,0-16,2005,51
22083,Castejón de Monegros,16-64,2005,378
22083,Castejón de Monegros,65-100,2005,227
22083,Castejón de Monegros,0-16,2006,47
22083,Castejón de Monegros,16-64,2006,377
22083,Castejón de Monegros,65-100,2006,231
22083,Castejón de Monegros,0-16,2007,46
22083,Castejón de Monegros,16-64,2007,378
22083,Castejón de Monegros,65-100,2007,222
22083,Castejón de Monegros,0-16,2008,51
22083,Castejón de Monegros,16-64,2008,391
22083,Castejón de Monegros,65-100,2008,225
22083,Castejón de Monegros,0-16,2009,53
22083,Castejón de Monegros,16-64,2009,391
22083,Castejón de Monegros,65-100,2009,226
22083,Castejón de Monegros,0-16,2010,51
22083,Castejón de Monegros,16-64,2010,388
22083,Castejón de Monegros,65-100,2010,222
22083,Castejón de Monegros,0-16,2011,55
22083,Castejón de Monegros,16-64,2011,379
22083,Castejón de Monegros,65-100,2011,215
22083,Castejón de Monegros,0-16,2012,50
22083,Castejón de Monegros,16-64,2012,369
22083,Castejón de Monegros,65-100,2012,204
22083,Castejón de Monegros,0-16,2013,50
22083,Castejón de Monegros,16-64,2013,362
22083,Castejón de Monegros,65-100,2013,199
22083,Castejón de Monegros,0-16,2014,41
22083,Castejón de Monegros,16-64,2014,342
22083,Castejón de Monegros,65-100,2014,191
22083,Castejón de Monegros,0-16,2015,43
22083,Castejón de Monegros,16-64,2015,327
22083,Castejón de Monegros,65-100,2015,198
22083,Castejón de Monegros,0-16,2016,38
22083,Castejón de Monegros,16-64,2016,316
22083,Castejón de Monegros,65-100,2016,189
22083,Castejón de Monegros,0-16,2017,38
22083,Castejón de Monegros,16-64,2017,302
22083,Castejón de Monegros,65-100,2017,188
22083,Castejón de Monegros,0-16,2018,38
22083,Castejón de Monegros,16-64,2018,293
22083,Castejón de Monegros,65-100,2018,200
22083,Castejón de Monegros,0-16,2019,37
22083,Castejón de Monegros,16-64,2019,290
22083,Castejón de Monegros,65-100,2019,195
22083,Castejón de Monegros,0-16,2020,30
22083,Castejón de Monegros,16-64,2020,285
22083,Castejón de Monegros,65-100,2020,195
22083,Castejón de Monegros,0-16,2021,27
22083,Castejón de Monegros,16-64,2021,274
22083,Castejón de Monegros,65-100,2021,196
22083,Castejón de Monegros,0-16,2022,34
22083,Castejón de Monegros,16-64,2022,285
22083,Castejón de Monegros,65-100,2022,193
22083,Castejón de Monegros,0-16,2023,25
22083,Castejón de Monegros,16-64,2023,263
22083,Castejón de Monegros,65-100,2023,189
22083,Castejón de Monegros,0-16,2024,25
22083,Castejón de Monegros,16-64,2024,264
22083,Castejón de Monegros,65-100,2024,179
22083,Castejón de Monegros,0-16,2025,21
22083,Castejón de Monegros,16-64,2025,264
22083,Castejón de Monegros,65-100,2025,173
22084,Castejón de Sos,0-16,2003,98
22084,Castejón de Sos,16-64,2003,448
22084,Castejón de Sos,65-100,2003,133
22084,Castejón de Sos,0-16,2004,112
22084,Castejón de Sos,16-64,2004,478
22084,Castejón de Sos,65-100,2004,141
22084,Castejón de Sos,0-16,2005,117
22084,Castejón de Sos,16-64,2005,505
22084,Castejón de Sos,65-100,2005,133
22084,Castejón de Sos,0-16,2006,113
22084,Castejón de Sos,16-64,2006,486
22084,Castejón de Sos,65-100,2006,134
22084,Castejón de Sos,0-16,2007,121
22084,Castejón de Sos,16-64,2007,486
22084,Castejón de Sos,65-100,2007,131
22084,Castejón de Sos,0-16,2008,132
22084,Castejón de Sos,16-64,2008,513
22084,Castejón de Sos,65-100,2008,126
22084,Castejón de Sos,0-16,2009,134
22084,Castejón de Sos,16-64,2009,532
22084,Castejón de Sos,65-100,2009,121
22084,Castejón de Sos,0-16,2010,137
22084,Castejón de Sos,16-64,2010,535
22084,Castejón de Sos,65-100,2010,116
22084,Castejón de Sos,0-16,2011,140
22084,Castejón de Sos,16-64,2011,521
22084,Castejón de Sos,65-100,2011,115
22084,Castejón de Sos,0-16,2012,138
22084,Castejón de Sos,16-64,2012,519
22084,Castejón de Sos,65-100,2012,110
22084,Castejón de Sos,0-16,2013,136
22084,Castejón de Sos,16-64,2013,489
22084,Castejón de Sos,65-100,2013,106
22084,Castejón de Sos,0-16,2014,137
22084,Castejón de Sos,16-64,2014,486
22084,Castejón de Sos,65-100,2014,110
22084,Castejón de Sos,0-16,2015,131
22084,Castejón de Sos,16-64,2015,486
22084,Castejón de Sos,65-100,2015,123
22084,Castejón de Sos,0-16,2016,131
22084,Castejón de Sos,16-64,2016,491
22084,Castejón de Sos,65-100,2016,118
22084,Castejón de Sos,0-16,2017,125
22084,Castejón de Sos,16-64,2017,490
22084,Castejón de Sos,65-100,2017,123
22084,Castejón de Sos,0-16,2018,121
22084,Castejón de Sos,16-64,2018,507
22084,Castejón de Sos,65-100,2018,125
22084,Castejón de Sos,0-16,2019,115
22084,Castejón de Sos,16-64,2019,506
22084,Castejón de Sos,65-100,2019,126
22084,Castejón de Sos,0-16,2020,109
22084,Castejón de Sos,16-64,2020,530
22084,Castejón de Sos,65-100,2020,125
22084,Castejón de Sos,0-16,2021,101
22084,Castejón de Sos,16-64,2021,561
22084,Castejón de Sos,65-100,2021,129
22084,Castejón de Sos,0-16,2022,105
22084,Castejón de Sos,16-64,2022,568
22084,Castejón de Sos,65-100,2022,132
22084,Castejón de Sos,0-16,2023,106
22084,Castejón de Sos,16-64,2023,591
22084,Castejón de Sos,65-100,2023,135
22084,Castejón de Sos,0-16,2024,109
22084,Castejón de Sos,16-64,2024,612
22084,Castejón de Sos,65-100,2024,144
22084,Castejón de Sos,0-16,2025,94
22084,Castejón de Sos,16-64,2025,579
22084,Castejón de Sos,65-100,2025,161
22085,Castelflorite,0-16,2003,5
22085,Castelflorite,16-64,2003,86
22085,Castelflorite,65-100,2003,42
22085,Castelflorite,0-16,2004,3
22085,Castelflorite,16-64,2004,84
22085,Castelflorite,65-100,2004,41
22085,Castelflorite,0-16,2005,2
22085,Castelflorite,16-64,2005,88
22085,Castelflorite,65-100,2005,41
22085,Castelflorite,0-16,2006,2
22085,Castelflorite,16-64,2006,90
22085,Castelflorite,65-100,2006,39
22085,Castelflorite,0-16,2007,2
22085,Castelflorite,16-64,2007,85
22085,Castelflorite,65-100,2007,41
22085,Castelflorite,0-16,2008,2
22085,Castelflorite,16-64,2008,83
22085,Castelflorite,65-100,2008,44
22085,Castelflorite,0-16,2009,7
22085,Castelflorite,16-64,2009,85
22085,Castelflorite,65-100,2009,44
22085,Castelflorite,0-16,2010,4
22085,Castelflorite,16-64,2010,77
22085,Castelflorite,65-100,2010,49
22085,Castelflorite,0-16,2011,5
22085,Castelflorite,16-64,2011,73
22085,Castelflorite,65-100,2011,50
22085,Castelflorite,0-16,2012,6
22085,Castelflorite,16-64,2012,80
22085,Castelflorite,65-100,2012,45
22085,Castelflorite,0-16,2013,10
22085,Castelflorite,16-64,2013,80
22085,Castelflorite,65-100,2013,45
22085,Castelflorite,0-16,2014,7
22085,Castelflorite,16-64,2014,71
22085,Castelflorite,65-100,2014,45
22085,Castelflorite,0-16,2015,7
22085,Castelflorite,16-64,2015,67
22085,Castelflorite,65-100,2015,46
22085,Castelflorite,0-16,2016,7
22085,Castelflorite,16-64,2016,63
22085,Castelflorite,65-100,2016,44
22085,Castelflorite,0-16,2017,6
22085,Castelflorite,16-64,2017,61
22085,Castelflorite,65-100,2017,45
22085,Castelflorite,0-16,2018,6
22085,Castelflorite,16-64,2018,57
22085,Castelflorite,65-100,2018,45
22085,Castelflorite,0-16,2019,4
22085,Castelflorite,16-64,2019,56
22085,Castelflorite,65-100,2019,46
22085,Castelflorite,0-16,2020,4
22085,Castelflorite,16-64,2020,54
22085,Castelflorite,65-100,2020,45
22085,Castelflorite,0-16,2021,5
22085,Castelflorite,16-64,2021,55
22085,Castelflorite,65-100,2021,43
22085,Castelflorite,0-16,2022,5
22085,Castelflorite,16-64,2022,54
22085,Castelflorite,65-100,2022,41
22085,Castelflorite,0-16,2023,7
22085,Castelflorite,16-64,2023,51
22085,Castelflorite,65-100,2023,43
22085,Castelflorite,0-16,2024,7
22085,Castelflorite,16-64,2024,53
22085,Castelflorite,65-100,2024,43
22085,Castelflorite,0-16,2025,6
22085,Castelflorite,16-64,2025,54
22085,Castelflorite,65-100,2025,42
22086,Castiello de Jaca,0-16,2003,20
22086,Castiello de Jaca,16-64,2003,113
22086,Castiello de Jaca,65-100,2003,47
22086,Castiello de Jaca,0-16,2004,20
22086,Castiello de Jaca,16-64,2004,130
22086,Castiello de Jaca,65-100,2004,48
22086,Castiello de Jaca,0-16,2005,23
22086,Castiello de Jaca,16-64,2005,148
22086,Castiello de Jaca,65-100,2005,48
22086,Castiello de Jaca,0-16,2006,30
22086,Castiello de Jaca,16-64,2006,152
22086,Castiello de Jaca,65-100,2006,48
22086,Castiello de Jaca,0-16,2007,32
22086,Castiello de Jaca,16-64,2007,169
22086,Castiello de Jaca,65-100,2007,48
22086,Castiello de Jaca,0-16,2008,31
22086,Castiello de Jaca,16-64,2008,176
22086,Castiello de Jaca,65-100,2008,50
22086,Castiello de Jaca,0-16,2009,36
22086,Castiello de Jaca,16-64,2009,182
22086,Castiello de Jaca,65-100,2009,47
22086,Castiello de Jaca,0-16,2010,38
22086,Castiello de Jaca,16-64,2010,170
22086,Castiello de Jaca,65-100,2010,48
22086,Castiello de Jaca,0-16,2011,39
22086,Castiello de Jaca,16-64,2011,171
22086,Castiello de Jaca,65-100,2011,47
22086,Castiello de Jaca,0-16,2012,31
22086,Castiello de Jaca,16-64,2012,173
22086,Castiello de Jaca,65-100,2012,45
22086,Castiello de Jaca,0-16,2013,28
22086,Castiello de Jaca,16-64,2013,175
22086,Castiello de Jaca,65-100,2013,46
22086,Castiello de Jaca,0-16,2014,23
22086,Castiello de Jaca,16-64,2014,173
22086,Castiello de Jaca,65-100,2014,47
22086,Castiello de Jaca,0-16,2015,26
22086,Castiello de Jaca,16-64,2015,182
22086,Castiello de Jaca,65-100,2015,43
22086,Castiello de Jaca,0-16,2016,28
22086,Castiello de Jaca,16-64,2016,183
22086,Castiello de Jaca,65-100,2016,44
22086,Castiello de Jaca,0-16,2017,24
22086,Castiello de Jaca,16-64,2017,173
22086,Castiello de Jaca,65-100,2017,47
22086,Castiello de Jaca,0-16,2018,34
22086,Castiello de Jaca,16-64,2018,190
22086,Castiello de Jaca,65-100,2018,43
22086,Castiello de Jaca,0-16,2019,26
22086,Castiello de Jaca,16-64,2019,175
22086,Castiello de Jaca,65-100,2019,42
22086,Castiello de Jaca,0-16,2020,23
22086,Castiello de Jaca,16-64,2020,158
22086,Castiello de Jaca,65-100,2020,40
22086,Castiello de Jaca,0-16,2021,30
22086,Castiello de Jaca,16-64,2021,167
22086,Castiello de Jaca,65-100,2021,43
22086,Castiello de Jaca,0-16,2022,27
22086,Castiello de Jaca,16-64,2022,174
22086,Castiello de Jaca,65-100,2022,48
22086,Castiello de Jaca,0-16,2023,26
22086,Castiello de Jaca,16-64,2023,171
22086,Castiello de Jaca,65-100,2023,47
22086,Castiello de Jaca,0-16,2024,30
22086,Castiello de Jaca,16-64,2024,181
22086,Castiello de Jaca,65-100,2024,54
22086,Castiello de Jaca,0-16,2025,34
22086,Castiello de Jaca,16-64,2025,181
22086,Castiello de Jaca,65-100,2025,65
22087,Castigaleu,0-16,2003,14
22087,Castigaleu,16-64,2003,69
22087,Castigaleu,65-100,2003,31
22087,Castigaleu,0-16,2004,15
22087,Castigaleu,16-64,2004,68
22087,Castigaleu,65-100,2004,32
22087,Castigaleu,0-16,2005,15
22087,Castigaleu,16-64,2005,71
22087,Castigaleu,65-100,2005,29
22087,Castigaleu,0-16,2006,13
22087,Castigaleu,16-64,2006,78
22087,Castigaleu,65-100,2006,27
22087,Castigaleu,0-16,2007,13
22087,Castigaleu,16-64,2007,84
22087,Castigaleu,65-100,2007,22
22087,Castigaleu,0-16,2008,21
22087,Castigaleu,16-64,2008,81
22087,Castigaleu,65-100,2008,21
22087,Castigaleu,0-16,2009,21
22087,Castigaleu,16-64,2009,79
22087,Castigaleu,65-100,2009,21
22087,Castigaleu,0-16,2010,22
22087,Castigaleu,16-64,2010,77
22087,Castigaleu,65-100,2010,20
22087,Castigaleu,0-16,2011,19
22087,Castigaleu,16-64,2011,77
22087,Castigaleu,65-100,2011,19
22087,Castigaleu,0-16,2012,15
22087,Castigaleu,16-64,2012,71
22087,Castigaleu,65-100,2012,18
22087,Castigaleu,0-16,2013,13
22087,Castigaleu,16-64,2013,71
22087,Castigaleu,65-100,2013,18
22087,Castigaleu,0-16,2014,12
22087,Castigaleu,16-64,2014,67
22087,Castigaleu,65-100,2014,16
22087,Castigaleu,0-16,2015,11
22087,Castigaleu,16-64,2015,65
22087,Castigaleu,65-100,2015,18
22087,Castigaleu,0-16,2016,12
22087,Castigaleu,16-64,2016,59
22087,Castigaleu,65-100,2016,18
22087,Castigaleu,0-16,2017,13
22087,Castigaleu,16-64,2017,53
22087,Castigaleu,65-100,2017,21
22087,Castigaleu,0-16,2018,13
22087,Castigaleu,16-64,2018,52
22087,Castigaleu,65-100,2018,21
22087,Castigaleu,0-16,2019,13
22087,Castigaleu,16-64,2019,51
22087,Castigaleu,65-100,2019,20
22087,Castigaleu,0-16,2020,12
22087,Castigaleu,16-64,2020,48
22087,Castigaleu,65-100,2020,19
22087,Castigaleu,0-16,2021,13
22087,Castigaleu,16-64,2021,48
22087,Castigaleu,65-100,2021,19
22087,Castigaleu,0-16,2022,14
22087,Castigaleu,16-64,2022,55
22087,Castigaleu,65-100,2022,19
22087,Castigaleu,0-16,2023,16
22087,Castigaleu,16-64,2023,60
22087,Castigaleu,65-100,2023,19
22087,Castigaleu,0-16,2024,12
22087,Castigaleu,16-64,2024,54
22087,Castigaleu,65-100,2024,20
22087,Castigaleu,0-16,2025,12
22087,Castigaleu,16-64,2025,49
22087,Castigaleu,65-100,2025,19
22088,Castillazuelo,0-16,2003,11
22088,Castillazuelo,16-64,2003,107
22088,Castillazuelo,65-100,2003,105
22088,Castillazuelo,0-16,2004,19
22088,Castillazuelo,16-64,2004,113
22088,Castillazuelo,65-100,2004,98
22088,Castillazuelo,0-16,2005,18
22088,Castillazuelo,16-64,2005,113
22088,Castillazuelo,65-100,2005,96
22088,Castillazuelo,0-16,2006,20
22088,Castillazuelo,16-64,2006,108
22088,Castillazuelo,65-100,2006,95
22088,Castillazuelo,0-16,2007,22
22088,Castillazuelo,16-64,2007,109
22088,Castillazuelo,65-100,2007,94
22088,Castillazuelo,0-16,2008,20
22088,Castillazuelo,16-64,2008,108
22088,Castillazuelo,65-100,2008,93
22088,Castillazuelo,0-16,2009,18
22088,Castillazuelo,16-64,2009,99
22088,Castillazuelo,65-100,2009,82
22088,Castillazuelo,0-16,2010,17
22088,Castillazuelo,16-64,2010,98
22088,Castillazuelo,65-100,2010,78
22088,Castillazuelo,0-16,2011,22
22088,Castillazuelo,16-64,2011,97
22088,Castillazuelo,65-100,2011,78
22088,Castillazuelo,0-16,2012,24
22088,Castillazuelo,16-64,2012,89
22088,Castillazuelo,65-100,2012,76
22088,Castillazuelo,0-16,2013,22
22088,Castillazuelo,16-64,2013,83
22088,Castillazuelo,65-100,2013,76
22088,Castillazuelo,0-16,2014,25
22088,Castillazuelo,16-64,2014,88
22088,Castillazuelo,65-100,2014,78
22088,Castillazuelo,0-16,2015,22
22088,Castillazuelo,16-64,2015,82
22088,Castillazuelo,65-100,2015,77
22088,Castillazuelo,0-16,2016,20
22088,Castillazuelo,16-64,2016,83
22088,Castillazuelo,65-100,2016,73
22088,Castillazuelo,0-16,2017,19
22088,Castillazuelo,16-64,2017,79
22088,Castillazuelo,65-100,2017,76
22088,Castillazuelo,0-16,2018,14
22088,Castillazuelo,16-64,2018,83
22088,Castillazuelo,65-100,2018,72
22088,Castillazuelo,0-16,2019,14
22088,Castillazuelo,16-64,2019,81
22088,Castillazuelo,65-100,2019,67
22088,Castillazuelo,0-16,2020,10
22088,Castillazuelo,16-64,2020,86
22088,Castillazuelo,65-100,2020,57
22088,Castillazuelo,0-16,2021,16
22088,Castillazuelo,16-64,2021,95
22088,Castillazuelo,65-100,2021,53
22088,Castillazuelo,0-16,2022,12
22088,Castillazuelo,16-64,2022,99
22088,Castillazuelo,65-100,2022,53
22088,Castillazuelo,0-16,2023,12
22088,Castillazuelo,16-64,2023,96
22088,Castillazuelo,65-100,2023,55
22088,Castillazuelo,0-16,2024,12
22088,Castillazuelo,16-64,2024,100
22088,Castillazuelo,65-100,2024,55
22088,Castillazuelo,0-16,2025,14
22088,Castillazuelo,16-64,2025,98
22088,Castillazuelo,65-100,2025,56
22089,Castillonroy,0-16,2003,45
22089,Castillonroy,16-64,2003,243
22089,Castillonroy,65-100,2003,124
22089,Castillonroy,0-16,2004,43
22089,Castillonroy,16-64,2004,242
22089,Castillonroy,65-100,2004,125
22089,Castillonroy,0-16,2005,40
22089,Castillonroy,16-64,2005,250
22089,Castillonroy,65-100,2005,116
22089,Castillonroy,0-16,2006,37
22089,Castillonroy,16-64,2006,241
22089,Castillonroy,65-100,2006,113
22089,Castillonroy,0-16,2007,33
22089,Castillonroy,16-64,2007,240
22089,Castillonroy,65-100,2007,109
22089,Castillonroy,0-16,2008,33
22089,Castillonroy,16-64,2008,246
22089,Castillonroy,65-100,2008,112
22089,Castillonroy,0-16,2009,34
22089,Castillonroy,16-64,2009,240
22089,Castillonroy,65-100,2009,116
22089,Castillonroy,0-16,2010,30
22089,Castillonroy,16-64,2010,234
22089,Castillonroy,65-100,2010,114
22089,Castillonroy,0-16,2011,26
22089,Castillonroy,16-64,2011,237
22089,Castillonroy,65-100,2011,117
22089,Castillonroy,0-16,2012,26
22089,Castillonroy,16-64,2012,221
22089,Castillonroy,65-100,2012,113
22089,Castillonroy,0-16,2013,25
22089,Castillonroy,16-64,2013,205
22089,Castillonroy,65-100,2013,112
22089,Castillonroy,0-16,2014,25
22089,Castillonroy,16-64,2014,201
22089,Castillonroy,65-100,2014,110
22089,Castillonroy,0-16,2015,27
22089,Castillonroy,16-64,2015,213
22089,Castillonroy,65-100,2015,103
22089,Castillonroy,0-16,2016,26
22089,Castillonroy,16-64,2016,208
22089,Castillonroy,65-100,2016,100
22089,Castillonroy,0-16,2017,26
22089,Castillonroy,16-64,2017,192
22089,Castillonroy,65-100,2017,103
22089,Castillonroy,0-16,2018,26
22089,Castillonroy,16-64,2018,189
22089,Castillonroy,65-100,2018,97
22089,Castillonroy,0-16,2019,26
22089,Castillonroy,16-64,2019,186
22089,Castillonroy,65-100,2019,101
22089,Castillonroy,0-16,2020,31
22089,Castillonroy,16-64,2020,185
22089,Castillonroy,65-100,2020,102
22089,Castillonroy,0-16,2021,36
22089,Castillonroy,16-64,2021,197
22089,Castillonroy,65-100,2021,100
22089,Castillonroy,0-16,2022,38
22089,Castillonroy,16-64,2022,195
22089,Castillonroy,65-100,2022,95
22089,Castillonroy,0-16,2023,34
22089,Castillonroy,16-64,2023,198
22089,Castillonroy,65-100,2023,100
22089,Castillonroy,0-16,2024,34
22089,Castillonroy,16-64,2024,201
22089,Castillonroy,65-100,2024,95
22089,Castillonroy,0-16,2025,33
22089,Castillonroy,16-64,2025,207
22089,Castillonroy,65-100,2025,99
22090,Colungo,0-16,2003,1
22090,Colungo,16-64,2003,77
22090,Colungo,65-100,2003,61
22090,Colungo,0-16,2004,1
22090,Colungo,16-64,2004,77
22090,Colungo,65-100,2004,57
22090,Colungo,0-16,2005,1
22090,Colungo,16-64,2005,78
22090,Colungo,65-100,2005,56
22090,Colungo,0-16,2006,3
22090,Colungo,16-64,2006,81
22090,Colungo,65-100,2006,56
22090,Colungo,0-16,2007,5
22090,Colungo,16-64,2007,86
22090,Colungo,65-100,2007,57
22090,Colungo,0-16,2008,3
22090,Colungo,16-64,2008,97
22090,Colungo,65-100,2008,56
22090,Colungo,0-16,2009,5
22090,Colungo,16-64,2009,95
22090,Colungo,65-100,2009,57
22090,Colungo,0-16,2010,6
22090,Colungo,16-64,2010,88
22090,Colungo,65-100,2010,53
22090,Colungo,0-16,2011,5
22090,Colungo,16-64,2011,86
22090,Colungo,65-100,2011,51
22090,Colungo,0-16,2012,4
22090,Colungo,16-64,2012,78
22090,Colungo,65-100,2012,49
22090,Colungo,0-16,2013,3
22090,Colungo,16-64,2013,64
22090,Colungo,65-100,2013,48
22090,Colungo,0-16,2014,4
22090,Colungo,16-64,2014,72
22090,Colungo,65-100,2014,48
22090,Colungo,0-16,2015,3
22090,Colungo,16-64,2015,75
22090,Colungo,65-100,2015,48
22090,Colungo,0-16,2016,3
22090,Colungo,16-64,2016,72
22090,Colungo,65-100,2016,53
22090,Colungo,0-16,2017,5
22090,Colungo,16-64,2017,63
22090,Colungo,65-100,2017,50
22090,Colungo,0-16,2018,6
22090,Colungo,16-64,2018,59
22090,Colungo,65-100,2018,49
22090,Colungo,0-16,2019,8
22090,Colungo,16-64,2019,56
22090,Colungo,65-100,2019,46
22090,Colungo,0-16,2020,11
22090,Colungo,16-64,2020,60
22090,Colungo,65-100,2020,46
22090,Colungo,0-16,2021,12
22090,Colungo,16-64,2021,63
22090,Colungo,65-100,2021,43
22090,Colungo,0-16,2022,10
22090,Colungo,16-64,2022,69
22090,Colungo,65-100,2022,44
22090,Colungo,0-16,2023,13
22090,Colungo,16-64,2023,73
22090,Colungo,65-100,2023,44
22090,Colungo,0-16,2024,13
22090,Colungo,16-64,2024,76
22090,Colungo,65-100,2024,42
22090,Colungo,0-16,2025,11
22090,Colungo,16-64,2025,75
22090,Colungo,65-100,2025,41
22094,Chalamera,0-16,2003,12
22094,Chalamera,16-64,2003,74
22094,Chalamera,65-100,2003,62
22094,Chalamera,0-16,2004,18
22094,Chalamera,16-64,2004,73
22094,Chalamera,65-100,2004,62
22094,Chalamera,0-16,2005,16
22094,Chalamera,16-64,2005,73
22094,Chalamera,65-100,2005,58
22094,Chalamera,0-16,2006,16
22094,Chalamera,16-64,2006,69
22094,Chalamera,65-100,2006,59
22094,Chalamera,0-16,2007,19
22094,Chalamera,16-64,2007,66
22094,Chalamera,65-100,2007,58
22094,Chalamera,0-16,2008,16
22094,Chalamera,16-64,2008,66
22094,Chalamera,65-100,2008,56
22094,Chalamera,0-16,2009,16
22094,Chalamera,16-64,2009,66
22094,Chalamera,65-100,2009,53
22094,Chalamera,0-16,2010,14
22094,Chalamera,16-64,2010,63
22094,Chalamera,65-100,2010,51
22094,Chalamera,0-16,2011,10
22094,Chalamera,16-64,2011,62
22094,Chalamera,65-100,2011,50
22094,Chalamera,0-16,2012,10
22094,Chalamera,16-64,2012,59
22094,Chalamera,65-100,2012,46
22094,Chalamera,0-16,2013,16
22094,Chalamera,16-64,2013,51
22094,Chalamera,65-100,2013,46
22094,Chalamera,0-16,2014,13
22094,Chalamera,16-64,2014,53
22094,Chalamera,65-100,2014,37
22094,Chalamera,0-16,2015,13
22094,Chalamera,16-64,2015,61
22094,Chalamera,65-100,2015,37
22094,Chalamera,0-16,2016,12
22094,Chalamera,16-64,2016,60
22094,Chalamera,65-100,2016,36
22094,Chalamera,0-16,2017,14
22094,Chalamera,16-64,2017,60
22094,Chalamera,65-100,2017,37
22094,Chalamera,0-16,2018,11
22094,Chalamera,16-64,2018,60
22094,Chalamera,65-100,2018,37
22094,Chalamera,0-16,2019,10
22094,Chalamera,16-64,2019,61
22094,Chalamera,65-100,2019,35
22094,Chalamera,0-16,2020,12
22094,Chalamera,16-64,2020,65
22094,Chalamera,65-100,2020,36
22094,Chalamera,0-16,2021,11
22094,Chalamera,16-64,2021,65
22094,Chalamera,65-100,2021,38
22094,Chalamera,0-16,2022,14
22094,Chalamera,16-64,2022,65
22094,Chalamera,65-100,2022,38
22094,Chalamera,0-16,2023,14
22094,Chalamera,16-64,2023,77
22094,Chalamera,65-100,2023,37
22094,Chalamera,0-16,2024,13
22094,Chalamera,16-64,2024,79
22094,Chalamera,65-100,2024,38
22094,Chalamera,0-16,2025,11
22094,Chalamera,16-64,2025,69
22094,Chalamera,65-100,2025,39
22095,Chía,0-16,2003,3
22095,Chía,16-64,2003,58
22095,Chía,65-100,2003,48
22095,Chía,0-16,2004,4
22095,Chía,16-64,2004,59
22095,Chía,65-100,2004,49
22095,Chía,0-16,2005,8
22095,Chía,16-64,2005,61
22095,Chía,65-100,2005,49
22095,Chía,0-16,2006,9
22095,Chía,16-64,2006,55
22095,Chía,65-100,2006,49
22095,Chía,0-16,2007,8
22095,Chía,16-64,2007,59
22095,Chía,65-100,2007,47
22095,Chía,0-16,2008,8
22095,Chía,16-64,2008,59
22095,Chía,65-100,2008,46
22095,Chía,0-16,2009,6
22095,Chía,16-64,2009,55
22095,Chía,65-100,2009,40
22095,Chía,0-16,2010,13
22095,Chía,16-64,2010,51
22095,Chía,65-100,2010,41
22095,Chía,0-16,2011,10
22095,Chía,16-64,2011,54
22095,Chía,65-100,2011,38
22095,Chía,0-16,2012,11
22095,Chía,16-64,2012,50
22095,Chía,65-100,2012,36
22095,Chía,0-16,2013,13
22095,Chía,16-64,2013,50
22095,Chía,65-100,2013,37
22095,Chía,0-16,2014,10
22095,Chía,16-64,2014,44
22095,Chía,65-100,2014,33
22095,Chía,0-16,2015,13
22095,Chía,16-64,2015,48
22095,Chía,65-100,2015,29
22095,Chía,0-16,2016,12
22095,Chía,16-64,2016,45
22095,Chía,65-100,2016,28
22095,Chía,0-16,2017,13
22095,Chía,16-64,2017,46
22095,Chía,65-100,2017,28
22095,Chía,0-16,2018,12
22095,Chía,16-64,2018,46
22095,Chía,65-100,2018,28
22095,Chía,0-16,2019,14
22095,Chía,16-64,2019,46
22095,Chía,65-100,2019,23
22095,Chía,0-16,2020,13
22095,Chía,16-64,2020,48
22095,Chía,65-100,2020,22
22095,Chía,0-16,2021,13
22095,Chía,16-64,2021,48
22095,Chía,65-100,2021,22
22095,Chía,0-16,2022,13
22095,Chía,16-64,2022,50
22095,Chía,65-100,2022,24
22095,Chía,0-16,2023,14
22095,Chía,16-64,2023,56
22095,Chía,65-100,2023,22
22095,Chía,0-16,2024,14
22095,Chía,16-64,2024,59
22095,Chía,65-100,2024,21
22095,Chía,0-16,2025,12
22095,Chía,16-64,2025,59
22095,Chía,65-100,2025,19
22096,Chimillas,0-16,2003,44
22096,Chimillas,16-64,2003,166
22096,Chimillas,65-100,2003,36
22096,Chimillas,0-16,2004,52
22096,Chimillas,16-64,2004,188
22096,Chimillas,65-100,2004,39
22096,Chimillas,0-16,2005,50
22096,Chimillas,16-64,2005,209
22096,Chimillas,65-100,2005,45
22096,Chimillas,0-16,2006,50
22096,Chimillas,16-64,2006,232
22096,Chimillas,65-100,2006,58
22096,Chimillas,0-16,2007,50
22096,Chimillas,16-64,2007,242
22096,Chimillas,65-100,2007,67
22096,Chimillas,0-16,2008,48
22096,Chimillas,16-64,2008,241
22096,Chimillas,65-100,2008,67
22096,Chimillas,0-16,2009,49
22096,Chimillas,16-64,2009,226
22096,Chimillas,65-100,2009,66
22096,Chimillas,0-16,2010,50
22096,Chimillas,16-64,2010,240
22096,Chimillas,65-100,2010,69
22096,Chimillas,0-16,2011,54
22096,Chimillas,16-64,2011,244
22096,Chimillas,65-100,2011,60
22096,Chimillas,0-16,2012,59
22096,Chimillas,16-64,2012,252
22096,Chimillas,65-100,2012,59
22096,Chimillas,0-16,2013,62
22096,Chimillas,16-64,2013,250
22096,Chimillas,65-100,2013,62
22096,Chimillas,0-16,2014,58
22096,Chimillas,16-64,2014,247
22096,Chimillas,65-100,2014,68
22096,Chimillas,0-16,2015,55
22096,Chimillas,16-64,2015,239
22096,Chimillas,65-100,2015,64
22096,Chimillas,0-16,2016,59
22096,Chimillas,16-64,2016,247
22096,Chimillas,65-100,2016,65
22096,Chimillas,0-16,2017,62
22096,Chimillas,16-64,2017,257
22096,Chimillas,65-100,2017,70
22096,Chimillas,0-16,2018,64
22096,Chimillas,16-64,2018,258
22096,Chimillas,65-100,2018,69
22096,Chimillas,0-16,2019,63
22096,Chimillas,16-64,2019,254
22096,Chimillas,65-100,2019,76
22096,Chimillas,0-16,2020,62
22096,Chimillas,16-64,2020,258
22096,Chimillas,65-100,2020,82
22096,Chimillas,0-16,2021,60
22096,Chimillas,16-64,2021,267
22096,Chimillas,65-100,2021,84
22096,Chimillas,0-16,2022,60
22096,Chimillas,16-64,2022,257
22096,Chimillas,65-100,2022,85
22096,Chimillas,0-16,2023,56
22096,Chimillas,16-64,2023,257
22096,Chimillas,65-100,2023,83
22096,Chimillas,0-16,2024,52
22096,Chimillas,16-64,2024,276
22096,Chimillas,65-100,2024,80
22096,Chimillas,0-16,2025,48
22096,Chimillas,16-64,2025,273
22096,Chimillas,65-100,2025,86
22099,Esplús,0-16,2003,72
22099,Esplús,16-64,2003,433
22099,Esplús,65-100,2003,226
22099,Esplús,0-16,2004,73
22099,Esplús,16-64,2004,433
22099,Esplús,65-100,2004,227
22099,Esplús,0-16,2005,78
22099,Esplús,16-64,2005,443
22099,Esplús,65-100,2005,229
22099,Esplús,0-16,2006,66
22099,Esplús,16-64,2006,411
22099,Esplús,65-100,2006,227
22099,Esplús,0-16,2007,67
22099,Esplús,16-64,2007,435
22099,Esplús,65-100,2007,229
22099,Esplús,0-16,2008,65
22099,Esplús,16-64,2008,427
22099,Esplús,65-100,2008,227
22099,Esplús,0-16,2009,61
22099,Esplús,16-64,2009,399
22099,Esplús,65-100,2009,221
22099,Esplús,0-16,2010,66
22099,Esplús,16-64,2010,397
22099,Esplús,65-100,2010,214
22099,Esplús,0-16,2011,59
22099,Esplús,16-64,2011,388
22099,Esplús,65-100,2011,207
22099,Esplús,0-16,2012,70
22099,Esplús,16-64,2012,390
22099,Esplús,65-100,2012,203
22099,Esplús,0-16,2013,84
22099,Esplús,16-64,2013,389
22099,Esplús,65-100,2013,199
22099,Esplús,0-16,2014,70
22099,Esplús,16-64,2014,378
22099,Esplús,65-100,2014,198
22099,Esplús,0-16,2015,66
22099,Esplús,16-64,2015,348
22099,Esplús,65-100,2015,205
22099,Esplús,0-16,2016,59
22099,Esplús,16-64,2016,355
22099,Esplús,65-100,2016,198
22099,Esplús,0-16,2017,51
22099,Esplús,16-64,2017,338
22099,Esplús,65-100,2017,192
22099,Esplús,0-16,2018,44
22099,Esplús,16-64,2018,311
22099,Esplús,65-100,2018,186
22099,Esplús,0-16,2019,58
22099,Esplús,16-64,2019,336
22099,Esplús,65-100,2019,187
22099,Esplús,0-16,2020,64
22099,Esplús,16-64,2020,375
22099,Esplús,65-100,2020,193
22099,Esplús,0-16,2021,68
22099,Esplús,16-64,2021,398
22099,Esplús,65-100,2021,183
22099,Esplús,0-16,2022,67
22099,Esplús,16-64,2022,406
22099,Esplús,65-100,2022,183
22099,Esplús,0-16,2023,75
22099,Esplús,16-64,2023,423
22099,Esplús,65-100,2023,173
22099,Esplús,0-16,2024,76
22099,Esplús,16-64,2024,404
22099,Esplús,65-100,2024,182
22099,Esplús,0-16,2025,84
22099,Esplús,16-64,2025,415
22099,Esplús,65-100,2025,176
22102,Estada,0-16,2003,19
22102,Estada,16-64,2003,112
22102,Estada,65-100,2003,54
22102,Estada,0-16,2004,18
22102,Estada,16-64,2004,118
22102,Estada,65-100,2004,56
22102,Estada,0-16,2005,23
22102,Estada,16-64,2005,131
22102,Estada,65-100,2005,58
22102,Estada,0-16,2006,25
22102,Estada,16-64,2006,148
22102,Estada,65-100,2006,58
22102,Estada,0-16,2007,23
22102,Estada,16-64,2007,143
22102,Estada,65-100,2007,58
22102,Estada,0-16,2008,24
22102,Estada,16-64,2008,148
22102,Estada,65-100,2008,59
22102,Estada,0-16,2009,26
22102,Estada,16-64,2009,149
22102,Estada,65-100,2009,62
22102,Estada,0-16,2010,25
22102,Estada,16-64,2010,153
22102,Estada,65-100,2010,58
22102,Estada,0-16,2011,19
22102,Estada,16-64,2011,154
22102,Estada,65-100,2011,61
22102,Estada,0-16,2012,18
22102,Estada,16-64,2012,151
22102,Estada,65-100,2012,61
22102,Estada,0-16,2013,18
22102,Estada,16-64,2013,143
22102,Estada,65-100,2013,60
22102,Estada,0-16,2014,16
22102,Estada,16-64,2014,139
22102,Estada,65-100,2014,60
22102,Estada,0-16,2015,14
22102,Estada,16-64,2015,135
22102,Estada,65-100,2015,61
22102,Estada,0-16,2016,12
22102,Estada,16-64,2016,134
22102,Estada,65-100,2016,59
22102,Estada,0-16,2017,12
22102,Estada,16-64,2017,134
22102,Estada,65-100,2017,56
22102,Estada,0-16,2018,13
22102,Estada,16-64,2018,133
22102,Estada,65-100,2018,58
22102,Estada,0-16,2019,17
22102,Estada,16-64,2019,133
22102,Estada,65-100,2019,58
22102,Estada,0-16,2020,12
22102,Estada,16-64,2020,124
22102,Estada,65-100,2020,63
22102,Estada,0-16,2021,15
22102,Estada,16-64,2021,123
22102,Estada,65-100,2021,66
22102,Estada,0-16,2022,14
22102,Estada,16-64,2022,126
22102,Estada,65-100,2022,66
22102,Estada,0-16,2023,16
22102,Estada,16-64,2023,122
22102,Estada,65-100,2023,65
22102,Estada,0-16,2024,18
22102,Estada,16-64,2024,124
22102,Estada,65-100,2024,72
22102,Estada,0-16,2025,17
22102,Estada,16-64,2025,121
22102,Estada,65-100,2025,77
22103,Estadilla,0-16,2003,86
22103,Estadilla,16-64,2003,524
22103,Estadilla,65-100,2003,276
22103,Estadilla,0-16,2004,82
22103,Estadilla,16-64,2004,509
22103,Estadilla,65-100,2004,265
22103,Estadilla,0-16,2005,100
22103,Estadilla,16-64,2005,513
22103,Estadilla,65-100,2005,264
22103,Estadilla,0-16,2006,102
22103,Estadilla,16-64,2006,513
22103,Estadilla,65-100,2006,262
22103,Estadilla,0-16,2007,97
22103,Estadilla,16-64,2007,515
22103,Estadilla,65-100,2007,252
22103,Estadilla,0-16,2008,101
22103,Estadilla,16-64,2008,521
22103,Estadilla,65-100,2008,254
22103,Estadilla,0-16,2009,100
22103,Estadilla,16-64,2009,509
22103,Estadilla,65-100,2009,257
22103,Estadilla,0-16,2010,102
22103,Estadilla,16-64,2010,498
22103,Estadilla,65-100,2010,260
22103,Estadilla,0-16,2011,108
22103,Estadilla,16-64,2011,486
22103,Estadilla,65-100,2011,259
22103,Estadilla,0-16,2012,108
22103,Estadilla,16-64,2012,492
22103,Estadilla,65-100,2012,255
22103,Estadilla,0-16,2013,106
22103,Estadilla,16-64,2013,485
22103,Estadilla,65-100,2013,256
22103,Estadilla,0-16,2014,96
22103,Estadilla,16-64,2014,469
22103,Estadilla,65-100,2014,257
22103,Estadilla,0-16,2015,88
22103,Estadilla,16-64,2015,478
22103,Estadilla,65-100,2015,253
22103,Estadilla,0-16,2016,92
22103,Estadilla,16-64,2016,468
22103,Estadilla,65-100,2016,248
22103,Estadilla,0-16,2017,86
22103,Estadilla,16-64,2017,483
22103,Estadilla,65-100,2017,245
22103,Estadilla,0-16,2018,83
22103,Estadilla,16-64,2018,463
22103,Estadilla,65-100,2018,248
22103,Estadilla,0-16,2019,89
22103,Estadilla,16-64,2019,464
22103,Estadilla,65-100,2019,247
22103,Estadilla,0-16,2020,99
22103,Estadilla,16-64,2020,453
22103,Estadilla,65-100,2020,244
22103,Estadilla,0-16,2021,93
22103,Estadilla,16-64,2021,471
22103,Estadilla,65-100,2021,239
22103,Estadilla,0-16,2022,99
22103,Estadilla,16-64,2022,484
22103,Estadilla,65-100,2022,229
22103,Estadilla,0-16,2023,106
22103,Estadilla,16-64,2023,508
22103,Estadilla,65-100,2023,226
22103,Estadilla,0-16,2024,101
22103,Estadilla,16-64,2024,495
22103,Estadilla,65-100,2024,230
22103,Estadilla,0-16,2025,88
22103,Estadilla,16-64,2025,483
22103,Estadilla,65-100,2025,239
22105,Estopiñán del Castillo,0-16,2003,22
22105,Estopiñán del Castillo,16-64,2003,122
22105,Estopiñán del Castillo,65-100,2003,83
22105,Estopiñán del Castillo,0-16,2004,23
22105,Estopiñán del Castillo,16-64,2004,109
22105,Estopiñán del Castillo,65-100,2004,85
22105,Estopiñán del Castillo,0-16,2005,22
22105,Estopiñán del Castillo,16-64,2005,108
22105,Estopiñán del Castillo,65-100,2005,80
22105,Estopiñán del Castillo,0-16,2006,22
22105,Estopiñán del Castillo,16-64,2006,100
22105,Estopiñán del Castillo,65-100,2006,77
22105,Estopiñán del Castillo,0-16,2007,25
22105,Estopiñán del Castillo,16-64,2007,99
22105,Estopiñán del Castillo,65-100,2007,74
22105,Estopiñán del Castillo,0-16,2008,25
22105,Estopiñán del Castillo,16-64,2008,97
22105,Estopiñán del Castillo,65-100,2008,74
22105,Estopiñán del Castillo,0-16,2009,21
22105,Estopiñán del Castillo,16-64,2009,86
22105,Estopiñán del Castillo,65-100,2009,74
22105,Estopiñán del Castillo,0-16,2010,20
22105,Estopiñán del Castillo,16-64,2010,89
22105,Estopiñán del Castillo,65-100,2010,68
22105,Estopiñán del Castillo,0-16,2011,21
22105,Estopiñán del Castillo,16-64,2011,84
22105,Estopiñán del Castillo,65-100,2011,69
22105,Estopiñán del Castillo,0-16,2012,20
22105,Estopiñán del Castillo,16-64,2012,82
22105,Estopiñán del Castillo,65-100,2012,59
22105,Estopiñán del Castillo,0-16,2013,16
22105,Estopiñán del Castillo,16-64,2013,72
22105,Estopiñán del Castillo,65-100,2013,56
22105,Estopiñán del Castillo,0-16,2014,17
22105,Estopiñán del Castillo,16-64,2014,66
22105,Estopiñán del Castillo,65-100,2014,53
22105,Estopiñán del Castillo,0-16,2015,17
22105,Estopiñán del Castillo,16-64,2015,78
22105,Estopiñán del Castillo,65-100,2015,52
22105,Estopiñán del Castillo,0-16,2016,17
22105,Estopiñán del Castillo,16-64,2016,80
22105,Estopiñán del Castillo,65-100,2016,45
22105,Estopiñán del Castillo,0-16,2017,17
22105,Estopiñán del Castillo,16-64,2017,71
22105,Estopiñán del Castillo,65-100,2017,44
22105,Estopiñán del Castillo,0-16,2018,16
22105,Estopiñán del Castillo,16-64,2018,67
22105,Estopiñán del Castillo,65-100,2018,43
22105,Estopiñán del Castillo,0-16,2019,13
22105,Estopiñán del Castillo,16-64,2019,65
22105,Estopiñán del Castillo,65-100,2019,42
22105,Estopiñán del Castillo,0-16,2020,12
22105,Estopiñán del Castillo,16-64,2020,68
22105,Estopiñán del Castillo,65-100,2020,41
22105,Estopiñán del Castillo,0-16,2021,9
22105,Estopiñán del Castillo,16-64,2021,72
22105,Estopiñán del Castillo,65-100,2021,39
22105,Estopiñán del Castillo,0-16,2022,9
22105,Estopiñán del Castillo,16-64,2022,71
22105,Estopiñán del Castillo,65-100,2022,37
22105,Estopiñán del Castillo,0-16,2023,12
22105,Estopiñán del Castillo,16-64,2023,72
22105,Estopiñán del Castillo,65-100,2023,38
22105,Estopiñán del Castillo,0-16,2024,15
22105,Estopiñán del Castillo,16-64,2024,83
22105,Estopiñán del Castillo,65-100,2024,38
22105,Estopiñán del Castillo,0-16,2025,16
22105,Estopiñán del Castillo,16-64,2025,93
22105,Estopiñán del Castillo,65-100,2025,37
22106,Fago,0-16,2003,2
22106,Fago,16-64,2003,16
22106,Fago,65-100,2003,15
22106,Fago,0-16,2004,1
22106,Fago,16-64,2004,16
22106,Fago,65-100,2004,16
22106,Fago,0-16,2005,3
22106,Fago,16-64,2005,17
22106,Fago,65-100,2005,17
22106,Fago,0-16,2006,3
22106,Fago,16-64,2006,17
22106,Fago,65-100,2006,15
22106,Fago,0-16,2007,3
22106,Fago,16-64,2007,17
22106,Fago,65-100,2007,11
22106,Fago,0-16,2008,3
22106,Fago,16-64,2008,18
22106,Fago,65-100,2008,10
22106,Fago,0-16,2009,3
22106,Fago,16-64,2009,17
22106,Fago,65-100,2009,11
22106,Fago,0-16,2010,3
22106,Fago,16-64,2010,14
22106,Fago,65-100,2010,9
22106,Fago,0-16,2011,5
22106,Fago,16-64,2011,16
22106,Fago,65-100,2011,9
22106,Fago,0-16,2012,5
22106,Fago,16-64,2012,15
22106,Fago,65-100,2012,9
22106,Fago,0-16,2013,5
22106,Fago,16-64,2013,14
22106,Fago,65-100,2013,8
22106,Fago,0-16,2014,1
22106,Fago,16-64,2014,15
22106,Fago,65-100,2014,8
22106,Fago,0-16,2015,1
22106,Fago,16-64,2015,16
22106,Fago,65-100,2015,8
22106,Fago,0-16,2016,1
22106,Fago,16-64,2016,13
22106,Fago,65-100,2016,8
22106,Fago,0-16,2017,4
22106,Fago,16-64,2017,15
22106,Fago,65-100,2017,8
22106,Fago,0-16,2018,3
22106,Fago,16-64,2018,13
22106,Fago,65-100,2018,7
22106,Fago,0-16,2019,2
22106,Fago,16-64,2019,12
22106,Fago,65-100,2019,8
22106,Fago,0-16,2020,0
22106,Fago,16-64,2020,12
22106,Fago,65-100,2020,8
22106,Fago,0-16,2021,0
22106,Fago,16-64,2021,12
22106,Fago,65-100,2021,9
22106,Fago,0-16,2022,0
22106,Fago,16-64,2022,16
22106,Fago,65-100,2022,9
22106,Fago,0-16,2023,0
22106,Fago,16-64,2023,16
22106,Fago,65-100,2023,10
22106,Fago,0-16,2024,0
22106,Fago,16-64,2024,15
22106,Fago,65-100,2024,10
22106,Fago,0-16,2025,0
22106,Fago,16-64,2025,14
22106,Fago,65-100,2025,9
22107,Fanlo,0-16,2003,1
22107,Fanlo,16-64,2003,138
22107,Fanlo,65-100,2003,43
22107,Fanlo,0-16,2004,1
22107,Fanlo,16-64,2004,129
22107,Fanlo,65-100,2004,42
22107,Fanlo,0-16,2005,0
22107,Fanlo,16-64,2005,128
22107,Fanlo,65-100,2005,43
22107,Fanlo,0-16,2006,0
22107,Fanlo,16-64,2006,129
22107,Fanlo,65-100,2006,41
22107,Fanlo,0-16,2007,2
22107,Fanlo,16-64,2007,127
22107,Fanlo,65-100,2007,42
22107,Fanlo,0-16,2008,1
22107,Fanlo,16-64,2008,119
22107,Fanlo,65-100,2008,39
22107,Fanlo,0-16,2009,1
22107,Fanlo,16-64,2009,108
22107,Fanlo,65-100,2009,40
22107,Fanlo,0-16,2010,0
22107,Fanlo,16-64,2010,100
22107,Fanlo,65-100,2010,38
22107,Fanlo,0-16,2011,0
22107,Fanlo,16-64,2011,95
22107,Fanlo,65-100,2011,37
22107,Fanlo,0-16,2012,0
22107,Fanlo,16-64,2012,90
22107,Fanlo,65-100,2012,36
22107,Fanlo,0-16,2013,0
22107,Fanlo,16-64,2013,80
22107,Fanlo,65-100,2013,38
22107,Fanlo,0-16,2014,2
22107,Fanlo,16-64,2014,80
22107,Fanlo,65-100,2014,36
22107,Fanlo,0-16,2015,2
22107,Fanlo,16-64,2015,76
22107,Fanlo,65-100,2015,34
22107,Fanlo,0-16,2016,2
22107,Fanlo,16-64,2016,70
22107,Fanlo,65-100,2016,35
22107,Fanlo,0-16,2017,2
22107,Fanlo,16-64,2017,66
22107,Fanlo,65-100,2017,34
22107,Fanlo,0-16,2018,2
22107,Fanlo,16-64,2018,65
22107,Fanlo,65-100,2018,30
22107,Fanlo,0-16,2019,5
22107,Fanlo,16-64,2019,64
22107,Fanlo,65-100,2019,32
22107,Fanlo,0-16,2020,5
22107,Fanlo,16-64,2020,62
22107,Fanlo,65-100,2020,33
22107,Fanlo,0-16,2021,5
22107,Fanlo,16-64,2021,64
22107,Fanlo,65-100,2021,34
22107,Fanlo,0-16,2022,8
22107,Fanlo,16-64,2022,62
22107,Fanlo,65-100,2022,36
22107,Fanlo,0-16,2023,7
22107,Fanlo,16-64,2023,66
22107,Fanlo,65-100,2023,39
22107,Fanlo,0-16,2024,11
22107,Fanlo,16-64,2024,64
22107,Fanlo,65-100,2024,43
22107,Fanlo,0-16,2025,11
22107,Fanlo,16-64,2025,64
22107,Fanlo,65-100,2025,38
22109,Fiscal,0-16,2003,25
22109,Fiscal,16-64,2003,151
22109,Fiscal,65-100,2003,75
22109,Fiscal,0-16,2004,28
22109,Fiscal,16-64,2004,179
22109,Fiscal,65-100,2004,75
22109,Fiscal,0-16,2005,26
22109,Fiscal,16-64,2005,170
22109,Fiscal,65-100,2005,76
22109,Fiscal,0-16,2006,29
22109,Fiscal,16-64,2006,195
22109,Fiscal,65-100,2006,76
22109,Fiscal,0-16,2007,32
22109,Fiscal,16-64,2007,192
22109,Fiscal,65-100,2007,72
22109,Fiscal,0-16,2008,40
22109,Fiscal,16-64,2008,190
22109,Fiscal,65-100,2008,71
22109,Fiscal,0-16,2009,50
22109,Fiscal,16-64,2009,210
22109,Fiscal,65-100,2009,70
22109,Fiscal,0-16,2010,42
22109,Fiscal,16-64,2010,209
22109,Fiscal,65-100,2010,66
22109,Fiscal,0-16,2011,45
22109,Fiscal,16-64,2011,202
22109,Fiscal,65-100,2011,71
22109,Fiscal,0-16,2012,51
22109,Fiscal,16-64,2012,225
22109,Fiscal,65-100,2012,70
22109,Fiscal,0-16,2013,64
22109,Fiscal,16-64,2013,241
22109,Fiscal,65-100,2013,69
22109,Fiscal,0-16,2014,64
22109,Fiscal,16-64,2014,236
22109,Fiscal,65-100,2014,69
22109,Fiscal,0-16,2015,47
22109,Fiscal,16-64,2015,247
22109,Fiscal,65-100,2015,67
22109,Fiscal,0-16,2016,37
22109,Fiscal,16-64,2016,232
22109,Fiscal,65-100,2016,69
22109,Fiscal,0-16,2017,36
22109,Fiscal,16-64,2017,217
22109,Fiscal,65-100,2017,70
22109,Fiscal,0-16,2018,39
22109,Fiscal,16-64,2018,218
22109,Fiscal,65-100,2018,70
22109,Fiscal,0-16,2019,41
22109,Fiscal,16-64,2019,217
22109,Fiscal,65-100,2019,72
22109,Fiscal,0-16,2020,38
22109,Fiscal,16-64,2020,220
22109,Fiscal,65-100,2020,73
22109,Fiscal,0-16,2021,45
22109,Fiscal,16-64,2021,222
22109,Fiscal,65-100,2021,77
22109,Fiscal,0-16,2022,45
22109,Fiscal,16-64,2022,234
22109,Fiscal,65-100,2022,82
22109,Fiscal,0-16,2023,50
22109,Fiscal,16-64,2023,252
22109,Fiscal,65-100,2023,90
22109,Fiscal,0-16,2024,43
22109,Fiscal,16-64,2024,247
22109,Fiscal,65-100,2024,93
22109,Fiscal,0-16,2025,41
22109,Fiscal,16-64,2025,237
22109,Fiscal,65-100,2025,87
22110,Fonz,0-16,2003,98
22110,Fonz,16-64,2003,584
22110,Fonz,65-100,2003,397
22110,Fonz,0-16,2004,88
22110,Fonz,16-64,2004,591
22110,Fonz,65-100,2004,385
22110,Fonz,0-16,2005,105
22110,Fonz,16-64,2005,613
22110,Fonz,65-100,2005,364
22110,Fonz,0-16,2006,100
22110,Fonz,16-64,2006,590
22110,Fonz,65-100,2006,350
22110,Fonz,0-16,2007,106
22110,Fonz,16-64,2007,588
22110,Fonz,65-100,2007,340
22110,Fonz,0-16,2008,104
22110,Fonz,16-64,2008,588
22110,Fonz,65-100,2008,339
22110,Fonz,0-16,2009,111
22110,Fonz,16-64,2009,587
22110,Fonz,65-100,2009,336
22110,Fonz,0-16,2010,116
22110,Fonz,16-64,2010,581
22110,Fonz,65-100,2010,338
22110,Fonz,0-16,2011,114
22110,Fonz,16-64,2011,560
22110,Fonz,65-100,2011,347
22110,Fonz,0-16,2012,112
22110,Fonz,16-64,2012,530
22110,Fonz,65-100,2012,340
22110,Fonz,0-16,2013,118
22110,Fonz,16-64,2013,529
22110,Fonz,65-100,2013,340
22110,Fonz,0-16,2014,114
22110,Fonz,16-64,2014,516
22110,Fonz,65-100,2014,330
22110,Fonz,0-16,2015,108
22110,Fonz,16-64,2015,516
22110,Fonz,65-100,2015,320
22110,Fonz,0-16,2016,109
22110,Fonz,16-64,2016,501
22110,Fonz,65-100,2016,308
22110,Fonz,0-16,2017,103
22110,Fonz,16-64,2017,503
22110,Fonz,65-100,2017,296
22110,Fonz,0-16,2018,92
22110,Fonz,16-64,2018,486
22110,Fonz,65-100,2018,292
22110,Fonz,0-16,2019,86
22110,Fonz,16-64,2019,475
22110,Fonz,65-100,2019,298
22110,Fonz,0-16,2020,86
22110,Fonz,16-64,2020,472
22110,Fonz,65-100,2020,293
22110,Fonz,0-16,2021,74
22110,Fonz,16-64,2021,484
22110,Fonz,65-100,2021,287
22110,Fonz,0-16,2022,76
22110,Fonz,16-64,2022,498
22110,Fonz,65-100,2022,283
22110,Fonz,0-16,2023,84
22110,Fonz,16-64,2023,514
22110,Fonz,65-100,2023,287
22110,Fonz,0-16,2024,80
22110,Fonz,16-64,2024,529
22110,Fonz,65-100,2024,283
22110,Fonz,0-16,2025,77
22110,Fonz,16-64,2025,531
22110,Fonz,65-100,2025,278
22111,Foradada del Toscar,0-16,2003,14
22111,Foradada del Toscar,16-64,2003,126
22111,Foradada del Toscar,65-100,2003,80
22111,Foradada del Toscar,0-16,2004,13
22111,Foradada del Toscar,16-64,2004,122
22111,Foradada del Toscar,65-100,2004,78
22111,Foradada del Toscar,0-16,2005,14
22111,Foradada del Toscar,16-64,2005,128
22111,Foradada del Toscar,65-100,2005,78
22111,Foradada del Toscar,0-16,2006,12
22111,Foradada del Toscar,16-64,2006,123
22111,Foradada del Toscar,65-100,2006,77
22111,Foradada del Toscar,0-16,2007,20
22111,Foradada del Toscar,16-64,2007,142
22111,Foradada del Toscar,65-100,2007,69
22111,Foradada del Toscar,0-16,2008,19
22111,Foradada del Toscar,16-64,2008,147
22111,Foradada del Toscar,65-100,2008,72
22111,Foradada del Toscar,0-16,2009,16
22111,Foradada del Toscar,16-64,2009,141
22111,Foradada del Toscar,65-100,2009,69
22111,Foradada del Toscar,0-16,2010,16
22111,Foradada del Toscar,16-64,2010,133
22111,Foradada del Toscar,65-100,2010,66
22111,Foradada del Toscar,0-16,2011,18
22111,Foradada del Toscar,16-64,2011,125
22111,Foradada del Toscar,65-100,2011,68
22111,Foradada del Toscar,0-16,2012,19
22111,Foradada del Toscar,16-64,2012,120
22111,Foradada del Toscar,65-100,2012,69
22111,Foradada del Toscar,0-16,2013,17
22111,Foradada del Toscar,16-64,2013,113
22111,Foradada del Toscar,65-100,2013,67
22111,Foradada del Toscar,0-16,2014,19
22111,Foradada del Toscar,16-64,2014,111
22111,Foradada del Toscar,65-100,2014,62
22111,Foradada del Toscar,0-16,2015,16
22111,Foradada del Toscar,16-64,2015,110
22111,Foradada del Toscar,65-100,2015,61
22111,Foradada del Toscar,0-16,2016,18
22111,Foradada del Toscar,16-64,2016,108
22111,Foradada del Toscar,65-100,2016,57
22111,Foradada del Toscar,0-16,2017,17
22111,Foradada del Toscar,16-64,2017,102
22111,Foradada del Toscar,65-100,2017,59
22111,Foradada del Toscar,0-16,2018,11
22111,Foradada del Toscar,16-64,2018,99
22111,Foradada del Toscar,65-100,2018,63
22111,Foradada del Toscar,0-16,2019,13
22111,Foradada del Toscar,16-64,2019,98
22111,Foradada del Toscar,65-100,2019,61
22111,Foradada del Toscar,0-16,2020,10
22111,Foradada del Toscar,16-64,2020,96
22111,Foradada del Toscar,65-100,2020,56
22111,Foradada del Toscar,0-16,2021,9
22111,Foradada del Toscar,16-64,2021,92
22111,Foradada del Toscar,65-100,2021,57
22111,Foradada del Toscar,0-16,2022,11
22111,Foradada del Toscar,16-64,2022,99
22111,Foradada del Toscar,65-100,2022,58
22111,Foradada del Toscar,0-16,2023,12
22111,Foradada del Toscar,16-64,2023,95
22111,Foradada del Toscar,65-100,2023,51
22111,Foradada del Toscar,0-16,2024,14
22111,Foradada del Toscar,16-64,2024,98
22111,Foradada del Toscar,65-100,2024,54
22111,Foradada del Toscar,0-16,2025,15
22111,Foradada del Toscar,16-64,2025,94
22111,Foradada del Toscar,65-100,2025,54
22112,Fraga,0-16,2003,2026
22112,Fraga,16-64,2003,8491
22112,Fraga,65-100,2003,2351
22112,Fraga,0-16,2004,2043
22112,Fraga,16-64,2004,8637
22112,Fraga,65-100,2004,2355
22112,Fraga,0-16,2005,2076
22112,Fraga,16-64,2005,8876
22112,Fraga,65-100,2005,2332
22112,Fraga,0-16,2006,2111
22112,Fraga,16-64,2006,8748
22112,Fraga,65-100,2006,2332
22112,Fraga,0-16,2007,2159
22112,Fraga,16-64,2007,9104
22112,Fraga,65-100,2007,2329
22112,Fraga,0-16,2008,2287
22112,Fraga,16-64,2008,9438
22112,Fraga,65-100,2008,2309
22112,Fraga,0-16,2009,2324
22112,Fraga,16-64,2009,9644
22112,Fraga,65-100,2009,2334
22112,Fraga,0-16,2010,2391
22112,Fraga,16-64,2010,9784
22112,Fraga,65-100,2010,2364
22112,Fraga,0-16,2011,2350
22112,Fraga,16-64,2011,9681
22112,Fraga,65-100,2011,2395
22112,Fraga,0-16,2012,2417
22112,Fraga,16-64,2012,9837
22112,Fraga,65-100,2012,2401
22112,Fraga,0-16,2013,2444
22112,Fraga,16-64,2013,9956
22112,Fraga,65-100,2013,2434
22112,Fraga,0-16,2014,2500
22112,Fraga,16-64,2014,9983
22112,Fraga,65-100,2014,2443
22112,Fraga,0-16,2015,2531
22112,Fraga,16-64,2015,9917
22112,Fraga,65-100,2015,2473
22112,Fraga,0-16,2016,2565
22112,Fraga,16-64,2016,9893
22112,Fraga,65-100,2016,2467
22112,Fraga,0-16,2017,2613
22112,Fraga,16-64,2017,9932
22112,Fraga,65-100,2017,2479
22112,Fraga,0-16,2018,2611
22112,Fraga,16-64,2018,9846
22112,Fraga,65-100,2018,2522
22112,Fraga,0-16,2019,2624
22112,Fraga,16-64,2019,9840
22112,Fraga,65-100,2019,2569
22112,Fraga,0-16,2020,2632
22112,Fraga,16-64,2020,10105
22112,Fraga,65-100,2020,2616
22112,Fraga,0-16,2021,2594
22112,Fraga,16-64,2021,9999
22112,Fraga,65-100,2021,2657
22112,Fraga,0-16,2022,2610
22112,Fraga,16-64,2022,9997
22112,Fraga,65-100,2022,2687
22112,Fraga,0-16,2023,2578
22112,Fraga,16-64,2023,9949
22112,Fraga,65-100,2023,2716
22112,Fraga,0-16,2024,2548
22112,Fraga,16-64,2024,10061
22112,Fraga,65-100,2024,2762
22112,Fraga,0-16,2025,2527
22112,Fraga,16-64,2025,10047
22112,Fraga,65-100,2025,2826
22113,La Fueva,0-16,2003,74
22113,La Fueva,16-64,2003,358
22113,La Fueva,65-100,2003,179
22113,La Fueva,0-16,2004,66
22113,La Fueva,16-64,2004,365
22113,La Fueva,65-100,2004,168
22113,La Fueva,0-16,2005,71
22113,La Fueva,16-64,2005,382
22113,La Fueva,65-100,2005,161
22113,La Fueva,0-16,2006,67
22113,La Fueva,16-64,2006,400
22113,La Fueva,65-100,2006,154
22113,La Fueva,0-16,2007,66
22113,La Fueva,16-64,2007,399
22113,La Fueva,65-100,2007,160
22113,La Fueva,0-16,2008,65
22113,La Fueva,16-64,2008,403
22113,La Fueva,65-100,2008,165
22113,La Fueva,0-16,2009,71
22113,La Fueva,16-64,2009,396
22113,La Fueva,65-100,2009,159
22113,La Fueva,0-16,2010,68
22113,La Fueva,16-64,2010,390
22113,La Fueva,65-100,2010,161
22113,La Fueva,0-16,2011,76
22113,La Fueva,16-64,2011,399
22113,La Fueva,65-100,2011,159
22113,La Fueva,0-16,2012,83
22113,La Fueva,16-64,2012,402
22113,La Fueva,65-100,2012,156
22113,La Fueva,0-16,2013,71
22113,La Fueva,16-64,2013,390
22113,La Fueva,65-100,2013,157
22113,La Fueva,0-16,2014,70
22113,La Fueva,16-64,2014,397
22113,La Fueva,65-100,2014,155
22113,La Fueva,0-16,2015,79
22113,La Fueva,16-64,2015,386
22113,La Fueva,65-100,2015,157
22113,La Fueva,0-16,2016,77
22113,La Fueva,16-64,2016,374
22113,La Fueva,65-100,2016,160
22113,La Fueva,0-16,2017,78
22113,La Fueva,16-64,2017,368
22113,La Fueva,65-100,2017,162
22113,La Fueva,0-16,2018,88
22113,La Fueva,16-64,2018,350
22113,La Fueva,65-100,2018,159
22113,La Fueva,0-16,2019,86
22113,La Fueva,16-64,2019,340
22113,La Fueva,65-100,2019,161
22113,La Fueva,0-16,2020,96
22113,La Fueva,16-64,2020,341
22113,La Fueva,65-100,2020,163
22113,La Fueva,0-16,2021,93
22113,La Fueva,16-64,2021,349
22113,La Fueva,65-100,2021,170
22113,La Fueva,0-16,2022,93
22113,La Fueva,16-64,2022,340
22113,La Fueva,65-100,2022,176
22113,La Fueva,0-16,2023,88
22113,La Fueva,16-64,2023,347
22113,La Fueva,65-100,2023,180
22113,La Fueva,0-16,2024,78
22113,La Fueva,16-64,2024,352
22113,La Fueva,65-100,2024,180
22113,La Fueva,0-16,2025,89
22113,La Fueva,16-64,2025,341
22113,La Fueva,65-100,2025,184
22114,Gistaín,0-16,2003,2
22114,Gistaín,16-64,2003,104
22114,Gistaín,65-100,2003,59
22114,Gistaín,0-16,2004,3
22114,Gistaín,16-64,2004,104
22114,Gistaín,65-100,2004,54
22114,Gistaín,0-16,2005,5
22114,Gistaín,16-64,2005,98
22114,Gistaín,65-100,2005,57
22114,Gistaín,0-16,2006,6
22114,Gistaín,16-64,2006,94
22114,Gistaín,65-100,2006,58
22114,Gistaín,0-16,2007,6
22114,Gistaín,16-64,2007,88
22114,Gistaín,65-100,2007,61
22114,Gistaín,0-16,2008,8
22114,Gistaín,16-64,2008,88
22114,Gistaín,65-100,2008,61
22114,Gistaín,0-16,2009,9
22114,Gistaín,16-64,2009,84
22114,Gistaín,65-100,2009,61
22114,Gistaín,0-16,2010,8
22114,Gistaín,16-64,2010,81
22114,Gistaín,65-100,2010,56
22114,Gistaín,0-16,2011,8
22114,Gistaín,16-64,2011,82
22114,Gistaín,65-100,2011,60
22114,Gistaín,0-16,2012,8
22114,Gistaín,16-64,2012,85
22114,Gistaín,65-100,2012,54
22114,Gistaín,0-16,2013,8
22114,Gistaín,16-64,2013,79
22114,Gistaín,65-100,2013,57
22114,Gistaín,0-16,2014,9
22114,Gistaín,16-64,2014,77
22114,Gistaín,65-100,2014,57
22114,Gistaín,0-16,2015,10
22114,Gistaín,16-64,2015,69
22114,Gistaín,65-100,2015,59
22114,Gistaín,0-16,2016,11
22114,Gistaín,16-64,2016,64
22114,Gistaín,65-100,2016,62
22114,Gistaín,0-16,2017,16
22114,Gistaín,16-64,2017,61
22114,Gistaín,65-100,2017,65
22114,Gistaín,0-16,2018,20
22114,Gistaín,16-64,2018,68
22114,Gistaín,65-100,2018,61
22114,Gistaín,0-16,2019,18
22114,Gistaín,16-64,2019,64
22114,Gistaín,65-100,2019,60
22114,Gistaín,0-16,2020,19
22114,Gistaín,16-64,2020,69
22114,Gistaín,65-100,2020,59
22114,Gistaín,0-16,2021,14
22114,Gistaín,16-64,2021,66
22114,Gistaín,65-100,2021,53
22114,Gistaín,0-16,2022,13
22114,Gistaín,16-64,2022,64
22114,Gistaín,65-100,2022,52
22114,Gistaín,0-16,2023,13
22114,Gistaín,16-64,2023,61
22114,Gistaín,65-100,2023,48
22114,Gistaín,0-16,2024,9
22114,Gistaín,16-64,2024,58
22114,Gistaín,65-100,2024,49
22114,Gistaín,0-16,2025,11
22114,Gistaín,16-64,2025,56
22114,Gistaín,65-100,2025,47
22115,El Grado,0-16,2003,40
22115,El Grado,16-64,2003,297
22115,El Grado,65-100,2003,177
22115,El Grado,0-16,2004,37
22115,El Grado,16-64,2004,301
22115,El Grado,65-100,2004,173
22115,El Grado,0-16,2005,34
22115,El Grado,16-64,2005,314
22115,El Grado,65-100,2005,169
22115,El Grado,0-16,2006,27
22115,El Grado,16-64,2006,306
22115,El Grado,65-100,2006,164
22115,El Grado,0-16,2007,36
22115,El Grado,16-64,2007,318
22115,El Grado,65-100,2007,155
22115,El Grado,0-16,2008,39
22115,El Grado,16-64,2008,314
22115,El Grado,65-100,2008,156
22115,El Grado,0-16,2009,38
22115,El Grado,16-64,2009,312
22115,El Grado,65-100,2009,156
22115,El Grado,0-16,2010,34
22115,El Grado,16-64,2010,303
22115,El Grado,65-100,2010,156
22115,El Grado,0-16,2011,29
22115,El Grado,16-64,2011,302
22115,El Grado,65-100,2011,153
22115,El Grado,0-16,2012,31
22115,El Grado,16-64,2012,291
22115,El Grado,65-100,2012,149
22115,El Grado,0-16,2013,32
22115,El Grado,16-64,2013,270
22115,El Grado,65-100,2013,146
22115,El Grado,0-16,2014,27
22115,El Grado,16-64,2014,258
22115,El Grado,65-100,2014,150
22115,El Grado,0-16,2015,31
22115,El Grado,16-64,2015,253
22115,El Grado,65-100,2015,149
22115,El Grado,0-16,2016,29
22115,El Grado,16-64,2016,252
22115,El Grado,65-100,2016,142
22115,El Grado,0-16,2017,30
22115,El Grado,16-64,2017,259
22115,El Grado,65-100,2017,133
22115,El Grado,0-16,2018,36
22115,El Grado,16-64,2018,251
22115,El Grado,65-100,2018,139
22115,El Grado,0-16,2019,30
22115,El Grado,16-64,2019,233
22115,El Grado,65-100,2019,137
22115,El Grado,0-16,2020,24
22115,El Grado,16-64,2020,233
22115,El Grado,65-100,2020,138
22115,El Grado,0-16,2021,21
22115,El Grado,16-64,2021,230
22115,El Grado,65-100,2021,142
22115,El Grado,0-16,2022,31
22115,El Grado,16-64,2022,238
22115,El Grado,65-100,2022,136
22115,El Grado,0-16,2023,28
22115,El Grado,16-64,2023,221
22115,El Grado,65-100,2023,140
22115,El Grado,0-16,2024,31
22115,El Grado,16-64,2024,215
22115,El Grado,65-100,2024,139
22115,El Grado,0-16,2025,28
22115,El Grado,16-64,2025,214
22115,El Grado,65-100,2025,140
22116,Grañén,0-16,2003,232
22116,Grañén,16-64,2003,1204
22116,Grañén,65-100,2003,573
22116,Grañén,0-16,2004,214
22116,Grañén,16-64,2004,1228
22116,Grañén,65-100,2004,557
22116,Grañén,0-16,2005,194
22116,Grañén,16-64,2005,1252
22116,Grañén,65-100,2005,544
22116,Grañén,0-16,2006,206
22116,Grañén,16-64,2006,1261
22116,Grañén,65-100,2006,542
22116,Grañén,0-16,2007,200
22116,Grañén,16-64,2007,1266
22116,Grañén,65-100,2007,526
22116,Grañén,0-16,2008,207
22116,Grañén,16-64,2008,1307
22116,Grañén,65-100,2008,527
22116,Grañén,0-16,2009,207
22116,Grañén,16-64,2009,1306
22116,Grañén,65-100,2009,525
22116,Grañén,0-16,2010,175
22116,Grañén,16-64,2010,1231
22116,Grañén,65-100,2010,524
22116,Grañén,0-16,2011,202
22116,Grañén,16-64,2011,1235
22116,Grañén,65-100,2011,551
22116,Grañén,0-16,2012,213
22116,Grañén,16-64,2012,1235
22116,Grañén,65-100,2012,542
22116,Grañén,0-16,2013,226
22116,Grañén,16-64,2013,1203
22116,Grañén,65-100,2013,532
22116,Grañén,0-16,2014,209
22116,Grañén,16-64,2014,1177
22116,Grañén,65-100,2014,516
22116,Grañén,0-16,2015,194
22116,Grañén,16-64,2015,1161
22116,Grañén,65-100,2015,504
22116,Grañén,0-16,2016,183
22116,Grañén,16-64,2016,1133
22116,Grañén,65-100,2016,488
22116,Grañén,0-16,2017,175
22116,Grañén,16-64,2017,1081
22116,Grañén,65-100,2017,492
22116,Grañén,0-16,2018,189
22116,Grañén,16-64,2018,1083
22116,Grañén,65-100,2018,481
22116,Grañén,0-16,2019,199
22116,Grañén,16-64,2019,1088
22116,Grañén,65-100,2019,475
22116,Grañén,0-16,2020,200
22116,Grañén,16-64,2020,1082
22116,Grañén,65-100,2020,456
22116,Grañén,0-16,2021,206
22116,Grañén,16-64,2021,1078
22116,Grañén,65-100,2021,456
22116,Grañén,0-16,2022,207
22116,Grañén,16-64,2022,1065
22116,Grañén,65-100,2022,455
22116,Grañén,0-16,2023,228
22116,Grañén,16-64,2023,1053
22116,Grañén,65-100,2023,455
22116,Grañén,0-16,2024,227
22116,Grañén,16-64,2024,1026
22116,Grañén,65-100,2024,453
22116,Grañén,0-16,2025,222
22116,Grañén,16-64,2025,1054
22116,Grañén,65-100,2025,457
22117,Graus,0-16,2003,389
22117,Graus,16-64,2003,1869
22117,Graus,65-100,2003,1008
22117,Graus,0-16,2004,396
22117,Graus,16-64,2004,1966
22117,Graus,65-100,2004,994
22117,Graus,0-16,2005,418
22117,Graus,16-64,2005,2056
22117,Graus,65-100,2005,950
22117,Graus,0-16,2006,435
22117,Graus,16-64,2006,2093
22117,Graus,65-100,2006,944
22117,Graus,0-16,2007,426
22117,Graus,16-64,2007,2124
22117,Graus,65-100,2007,922
22117,Graus,0-16,2008,435
22117,Graus,16-64,2008,2271
22117,Graus,65-100,2008,899
22117,Graus,0-16,2009,450
22117,Graus,16-64,2009,2324
22117,Graus,65-100,2009,891
22117,Graus,0-16,2010,460
22117,Graus,16-64,2010,2346
22117,Graus,65-100,2010,894
22117,Graus,0-16,2011,467
22117,Graus,16-64,2011,2350
22117,Graus,65-100,2011,880
22117,Graus,0-16,2012,438
22117,Graus,16-64,2012,2278
22117,Graus,65-100,2012,879
22117,Graus,0-16,2013,437
22117,Graus,16-64,2013,2212
22117,Graus,65-100,2013,864
22117,Graus,0-16,2014,442
22117,Graus,16-64,2014,2141
22117,Graus,65-100,2014,846
22117,Graus,0-16,2015,426
22117,Graus,16-64,2015,2119
22117,Graus,65-100,2015,826
22117,Graus,0-16,2016,421
22117,Graus,16-64,2016,2087
22117,Graus,65-100,2016,821
22117,Graus,0-16,2017,437
22117,Graus,16-64,2017,2079
22117,Graus,65-100,2017,818
22117,Graus,0-16,2018,449
22117,Graus,16-64,2018,2059
22117,Graus,65-100,2018,797
22117,Graus,0-16,2019,473
22117,Graus,16-64,2019,2127
22117,Graus,65-100,2019,795
22117,Graus,0-16,2020,461
22117,Graus,16-64,2020,2110
22117,Graus,65-100,2020,794
22117,Graus,0-16,2021,464
22117,Graus,16-64,2021,2161
22117,Graus,65-100,2021,809
22117,Graus,0-16,2022,456
22117,Graus,16-64,2022,2153
22117,Graus,65-100,2022,811
22117,Graus,0-16,2023,451
22117,Graus,16-64,2023,2125
22117,Graus,65-100,2023,821
22117,Graus,0-16,2024,447
22117,Graus,16-64,2024,2086
22117,Graus,65-100,2024,836
22117,Graus,0-16,2025,431
22117,Graus,16-64,2025,2104
22117,Graus,65-100,2025,866
22119,Gurrea de Gállego,0-16,2003,138
22119,Gurrea de Gállego,16-64,2003,1107
22119,Gurrea de Gállego,65-100,2003,495
22119,Gurrea de Gállego,0-16,2004,134
22119,Gurrea de Gállego,16-64,2004,1119
22119,Gurrea de Gállego,65-100,2004,491
22119,Gurrea de Gállego,0-16,2005,143
22119,Gurrea de Gállego,16-64,2005,1130
22119,Gurrea de Gállego,65-100,2005,488
22119,Gurrea de Gállego,0-16,2006,144
22119,Gurrea de Gállego,16-64,2006,1116
22119,Gurrea de Gállego,65-100,2006,485
22119,Gurrea de Gállego,0-16,2007,148
22119,Gurrea de Gállego,16-64,2007,1095
22119,Gurrea de Gállego,65-100,2007,478
22119,Gurrea de Gállego,0-16,2008,136
22119,Gurrea de Gállego,16-64,2008,1085
22119,Gurrea de Gállego,65-100,2008,489
22119,Gurrea de Gállego,0-16,2009,147
22119,Gurrea de Gállego,16-64,2009,1063
22119,Gurrea de Gállego,65-100,2009,496
22119,Gurrea de Gállego,0-16,2010,150
22119,Gurrea de Gállego,16-64,2010,1028
22119,Gurrea de Gállego,65-100,2010,486
22119,Gurrea de Gállego,0-16,2011,148
22119,Gurrea de Gállego,16-64,2011,1017
22119,Gurrea de Gállego,65-100,2011,486
22119,Gurrea de Gállego,0-16,2012,151
22119,Gurrea de Gállego,16-64,2012,1002
22119,Gurrea de Gállego,65-100,2012,491
22119,Gurrea de Gállego,0-16,2013,155
22119,Gurrea de Gállego,16-64,2013,991
22119,Gurrea de Gállego,65-100,2013,481
22119,Gurrea de Gállego,0-16,2014,152
22119,Gurrea de Gállego,16-64,2014,945
22119,Gurrea de Gállego,65-100,2014,478
22119,Gurrea de Gállego,0-16,2015,139
22119,Gurrea de Gállego,16-64,2015,927
22119,Gurrea de Gállego,65-100,2015,479
22119,Gurrea de Gállego,0-16,2016,140
22119,Gurrea de Gállego,16-64,2016,901
22119,Gurrea de Gállego,65-100,2016,472
22119,Gurrea de Gállego,0-16,2017,125
22119,Gurrea de Gállego,16-64,2017,881
22119,Gurrea de Gállego,65-100,2017,477
22119,Gurrea de Gállego,0-16,2018,134
22119,Gurrea de Gállego,16-64,2018,862
22119,Gurrea de Gállego,65-100,2018,480
22119,Gurrea de Gállego,0-16,2019,138
22119,Gurrea de Gállego,16-64,2019,844
22119,Gurrea de Gállego,65-100,2019,485
22119,Gurrea de Gállego,0-16,2020,138
22119,Gurrea de Gállego,16-64,2020,849
22119,Gurrea de Gállego,65-100,2020,489
22119,Gurrea de Gállego,0-16,2021,141
22119,Gurrea de Gállego,16-64,2021,843
22119,Gurrea de Gállego,65-100,2021,494
22119,Gurrea de Gállego,0-16,2022,141
22119,Gurrea de Gállego,16-64,2022,812
22119,Gurrea de Gállego,65-100,2022,507
22119,Gurrea de Gállego,0-16,2023,146
22119,Gurrea de Gállego,16-64,2023,795
22119,Gurrea de Gállego,65-100,2023,502
22119,Gurrea de Gállego,0-16,2024,143
22119,Gurrea de Gállego,16-64,2024,771
22119,Gurrea de Gállego,65-100,2024,509
22119,Gurrea de Gállego,0-16,2025,148
22119,Gurrea de Gállego,16-64,2025,769
22119,Gurrea de Gállego,65-100,2025,512
22122,Hoz de Jaca,0-16,2003,2
22122,Hoz de Jaca,16-64,2003,48
22122,Hoz de Jaca,65-100,2003,22
22122,Hoz de Jaca,0-16,2004,1
22122,Hoz de Jaca,16-64,2004,51
22122,Hoz de Jaca,65-100,2004,22
22122,Hoz de Jaca,0-16,2005,1
22122,Hoz de Jaca,16-64,2005,49
22122,Hoz de Jaca,65-100,2005,24
22122,Hoz de Jaca,0-16,2006,3
22122,Hoz de Jaca,16-64,2006,50
22122,Hoz de Jaca,65-100,2006,24
22122,Hoz de Jaca,0-16,2007,6
22122,Hoz de Jaca,16-64,2007,48
22122,Hoz de Jaca,65-100,2007,24
22122,Hoz de Jaca,0-16,2008,6
22122,Hoz de Jaca,16-64,2008,42
22122,Hoz de Jaca,65-100,2008,24
22122,Hoz de Jaca,0-16,2009,6
22122,Hoz de Jaca,16-64,2009,41
22122,Hoz de Jaca,65-100,2009,23
22122,Hoz de Jaca,0-16,2010,7
22122,Hoz de Jaca,16-64,2010,41
22122,Hoz de Jaca,65-100,2010,23
22122,Hoz de Jaca,0-16,2011,7
22122,Hoz de Jaca,16-64,2011,39
22122,Hoz de Jaca,65-100,2011,24
22122,Hoz de Jaca,0-16,2012,7
22122,Hoz de Jaca,16-64,2012,42
22122,Hoz de Jaca,65-100,2012,23
22122,Hoz de Jaca,0-16,2013,6
22122,Hoz de Jaca,16-64,2013,44
22122,Hoz de Jaca,65-100,2013,24
22122,Hoz de Jaca,0-16,2014,6
22122,Hoz de Jaca,16-64,2014,42
22122,Hoz de Jaca,65-100,2014,25
22122,Hoz de Jaca,0-16,2015,6
22122,Hoz de Jaca,16-64,2015,41
22122,Hoz de Jaca,65-100,2015,21
22122,Hoz de Jaca,0-16,2016,6
22122,Hoz de Jaca,16-64,2016,45
22122,Hoz de Jaca,65-100,2016,21
22122,Hoz de Jaca,0-16,2017,8
22122,Hoz de Jaca,16-64,2017,47
22122,Hoz de Jaca,65-100,2017,21
22122,Hoz de Jaca,0-16,2018,9
22122,Hoz de Jaca,16-64,2018,45
22122,Hoz de Jaca,65-100,2018,22
22122,Hoz de Jaca,0-16,2019,3
22122,Hoz de Jaca,16-64,2019,46
22122,Hoz de Jaca,65-100,2019,21
22122,Hoz de Jaca,0-16,2020,3
22122,Hoz de Jaca,16-64,2020,48
22122,Hoz de Jaca,65-100,2020,22
22122,Hoz de Jaca,0-16,2021,2
22122,Hoz de Jaca,16-64,2021,45
22122,Hoz de Jaca,65-100,2021,21
22122,Hoz de Jaca,0-16,2022,2
22122,Hoz de Jaca,16-64,2022,53
22122,Hoz de Jaca,65-100,2022,22
22122,Hoz de Jaca,0-16,2023,2
22122,Hoz de Jaca,16-64,2023,54
22122,Hoz de Jaca,65-100,2023,21
22122,Hoz de Jaca,0-16,2024,1
22122,Hoz de Jaca,16-64,2024,54
22122,Hoz de Jaca,65-100,2024,23
22122,Hoz de Jaca,0-16,2025,1
22122,Hoz de Jaca,16-64,2025,55
22122,Hoz de Jaca,65-100,2025,26
22124,Huerto,0-16,2003,21
22124,Huerto,16-64,2003,139
22124,Huerto,65-100,2003,86
22124,Huerto,0-16,2004,19
22124,Huerto,16-64,2004,141
22124,Huerto,65-100,2004,93
22124,Huerto,0-16,2005,16
22124,Huerto,16-64,2005,139
22124,Huerto,65-100,2005,94
22124,Huerto,0-16,2006,19
22124,Huerto,16-64,2006,137
22124,Huerto,65-100,2006,102
22124,Huerto,0-16,2007,18
22124,Huerto,16-64,2007,137
22124,Huerto,65-100,2007,102
22124,Huerto,0-16,2008,22
22124,Huerto,16-64,2008,148
22124,Huerto,65-100,2008,104
22124,Huerto,0-16,2009,19
22124,Huerto,16-64,2009,157
22124,Huerto,65-100,2009,102
22124,Huerto,0-16,2010,21
22124,Huerto,16-64,2010,154
22124,Huerto,65-100,2010,97
22124,Huerto,0-16,2011,22
22124,Huerto,16-64,2011,148
22124,Huerto,65-100,2011,97
22124,Huerto,0-16,2012,24
22124,Huerto,16-64,2012,147
22124,Huerto,65-100,2012,95
22124,Huerto,0-16,2013,23
22124,Huerto,16-64,2013,139
22124,Huerto,65-100,2013,93
22124,Huerto,0-16,2014,18
22124,Huerto,16-64,2014,135
22124,Huerto,65-100,2014,89
22124,Huerto,0-16,2015,18
22124,Huerto,16-64,2015,135
22124,Huerto,65-100,2015,85
22124,Huerto,0-16,2016,21
22124,Huerto,16-64,2016,128
22124,Huerto,65-100,2016,81
22124,Huerto,0-16,2017,17
22124,Huerto,16-64,2017,125
22124,Huerto,65-100,2017,76
22124,Huerto,0-16,2018,21
22124,Huerto,16-64,2018,126
22124,Huerto,65-100,2018,71
22124,Huerto,0-16,2019,18
22124,Huerto,16-64,2019,119
22124,Huerto,65-100,2019,69
22124,Huerto,0-16,2020,19
22124,Huerto,16-64,2020,125
22124,Huerto,65-100,2020,69
22124,Huerto,0-16,2021,21
22124,Huerto,16-64,2021,135
22124,Huerto,65-100,2021,71
22124,Huerto,0-16,2022,23
22124,Huerto,16-64,2022,141
22124,Huerto,65-100,2022,66
22124,Huerto,0-16,2023,23
22124,Huerto,16-64,2023,142
22124,Huerto,65-100,2023,62
22124,Huerto,0-16,2024,26
22124,Huerto,16-64,2024,142
22124,Huerto,65-100,2024,61
22124,Huerto,0-16,2025,18
22124,Huerto,16-64,2025,139
22124,Huerto,65-100,2025,58
22125,Huesca,0-16,2003,7198
22125,Huesca,16-64,2003,31427
22125,Huesca,65-100,2003,8984
22125,Huesca,0-16,2004,7397
22125,Huesca,16-64,2004,31634
22125,Huesca,65-100,2004,8892
22125,Huesca,0-16,2005,7367
22125,Huesca,16-64,2005,32277
22125,Huesca,65-100,2005,8886
22125,Huesca,0-16,2006,7584
22125,Huesca,16-64,2006,32891
22125,Huesca,65-100,2006,8837
22125,Huesca,0-16,2007,7769
22125,Huesca,16-64,2007,33222
22125,Huesca,65-100,2007,8828
22125,Huesca,0-16,2008,8015
22125,Huesca,16-64,2008,34164
22125,Huesca,65-100,2008,8938
22125,Huesca,0-16,2009,8271
22125,Huesca,16-64,2009,34731
22125,Huesca,65-100,2009,9057
22125,Huesca,0-16,2010,8404
22125,Huesca,16-64,2010,34794
22125,Huesca,65-100,2010,9149
22125,Huesca,0-16,2011,8454
22125,Huesca,16-64,2011,34737
22125,Huesca,65-100,2011,9252
22125,Huesca,0-16,2012,8542
22125,Huesca,16-64,2012,34356
22125,Huesca,65-100,2012,9398
22125,Huesca,0-16,2013,8576
22125,Huesca,16-64,2013,34325
22125,Huesca,65-100,2013,9517
22125,Huesca,0-16,2014,8659
22125,Huesca,16-64,2014,34118
22125,Huesca,65-100,2014,9778
22125,Huesca,0-16,2015,8628
22125,Huesca,16-64,2015,33640
22125,Huesca,65-100,2015,9971
22125,Huesca,0-16,2016,8664
22125,Huesca,16-64,2016,33588
22125,Huesca,65-100,2016,10030
22125,Huesca,0-16,2017,8626
22125,Huesca,16-64,2017,33387
22125,Huesca,65-100,2017,10210
22125,Huesca,0-16,2018,8632
22125,Huesca,16-64,2018,33385
22125,Huesca,65-100,2018,10446
22125,Huesca,0-16,2019,8686
22125,Huesca,16-64,2019,33762
22125,Huesca,65-100,2019,10684
22125,Huesca,0-16,2020,8793
22125,Huesca,16-64,2020,34174
22125,Huesca,65-100,2020,10989
22125,Huesca,0-16,2021,8612
22125,Huesca,16-64,2021,33793
22125,Huesca,65-100,2021,11024
22125,Huesca,0-16,2022,8489
22125,Huesca,16-64,2022,33538
22125,Huesca,65-100,2022,11278
22125,Huesca,0-16,2023,8532
22125,Huesca,16-64,2023,33860
22125,Huesca,65-100,2023,11546
22125,Huesca,0-16,2024,8536
22125,Huesca,16-64,2024,34191
22125,Huesca,65-100,2024,11937
22125,Huesca,0-16,2025,8328
22125,Huesca,16-64,2025,34464
22125,Huesca,65-100,2025,12241
22126,Ibieca,0-16,2003,6
22126,Ibieca,16-64,2003,68
22126,Ibieca,65-100,2003,40
22126,Ibieca,0-16,2004,9
22126,Ibieca,16-64,2004,66
22126,Ibieca,65-100,2004,42
22126,Ibieca,0-16,2005,8
22126,Ibieca,16-64,2005,63
22126,Ibieca,65-100,2005,43
22126,Ibieca,0-16,2006,6
22126,Ibieca,16-64,2006,65
22126,Ibieca,65-100,2006,39
22126,Ibieca,0-16,2007,8
22126,Ibieca,16-64,2007,68
22126,Ibieca,65-100,2007,40
22126,Ibieca,0-16,2008,8
22126,Ibieca,16-64,2008,68
22126,Ibieca,65-100,2008,38
22126,Ibieca,0-16,2009,6
22126,Ibieca,16-64,2009,65
22126,Ibieca,65-100,2009,39
22126,Ibieca,0-16,2010,8
22126,Ibieca,16-64,2010,62
22126,Ibieca,65-100,2010,38
22126,Ibieca,0-16,2011,6
22126,Ibieca,16-64,2011,62
22126,Ibieca,65-100,2011,41
22126,Ibieca,0-16,2012,9
22126,Ibieca,16-64,2012,63
22126,Ibieca,65-100,2012,41
22126,Ibieca,0-16,2013,14
22126,Ibieca,16-64,2013,64
22126,Ibieca,65-100,2013,43
22126,Ibieca,0-16,2014,12
22126,Ibieca,16-64,2014,65
22126,Ibieca,65-100,2014,42
22126,Ibieca,0-16,2015,12
22126,Ibieca,16-64,2015,62
22126,Ibieca,65-100,2015,36
22126,Ibieca,0-16,2016,7
22126,Ibieca,16-64,2016,55
22126,Ibieca,65-100,2016,38
22126,Ibieca,0-16,2017,7
22126,Ibieca,16-64,2017,55
22126,Ibieca,65-100,2017,38
22126,Ibieca,0-16,2018,5
22126,Ibieca,16-64,2018,54
22126,Ibieca,65-100,2018,38
22126,Ibieca,0-16,2019,5
22126,Ibieca,16-64,2019,54
22126,Ibieca,65-100,2019,37
22126,Ibieca,0-16,2020,5
22126,Ibieca,16-64,2020,55
22126,Ibieca,65-100,2020,40
22126,Ibieca,0-16,2021,5
22126,Ibieca,16-64,2021,61
22126,Ibieca,65-100,2021,47
22126,Ibieca,0-16,2022,3
22126,Ibieca,16-64,2022,60
22126,Ibieca,65-100,2022,47
22126,Ibieca,0-16,2023,5
22126,Ibieca,16-64,2023,59
22126,Ibieca,65-100,2023,47
22126,Ibieca,0-16,2024,6
22126,Ibieca,16-64,2024,57
22126,Ibieca,65-100,2024,42
22126,Ibieca,0-16,2025,7
22126,Ibieca,16-64,2025,63
22126,Ibieca,65-100,2025,41
22127,Igriés,0-16,2003,55
22127,Igriés,16-64,2003,193
22127,Igriés,65-100,2003,76
22127,Igriés,0-16,2004,66
22127,Igriés,16-64,2004,218
22127,Igriés,65-100,2004,78
22127,Igriés,0-16,2005,73
22127,Igriés,16-64,2005,253
22127,Igriés,65-100,2005,89
22127,Igriés,0-16,2006,83
22127,Igriés,16-64,2006,290
22127,Igriés,65-100,2006,83
22127,Igriés,0-16,2007,102
22127,Igriés,16-64,2007,336
22127,Igriés,65-100,2007,76
22127,Igriés,0-16,2008,107
22127,Igriés,16-64,2008,349
22127,Igriés,65-100,2008,74
22127,Igriés,0-16,2009,131
22127,Igriés,16-64,2009,395
22127,Igriés,65-100,2009,72
22127,Igriés,0-16,2010,140
22127,Igriés,16-64,2010,415
22127,Igriés,65-100,2010,72
22127,Igriés,0-16,2011,152
22127,Igriés,16-64,2011,444
22127,Igriés,65-100,2011,70
22127,Igriés,0-16,2012,154
22127,Igriés,16-64,2012,433
22127,Igriés,65-100,2012,71
22127,Igriés,0-16,2013,164
22127,Igriés,16-64,2013,435
22127,Igriés,65-100,2013,76
22127,Igriés,0-16,2014,168
22127,Igriés,16-64,2014,456
22127,Igriés,65-100,2014,76
22127,Igriés,0-16,2015,172
22127,Igriés,16-64,2015,449
22127,Igriés,65-100,2015,71
22127,Igriés,0-16,2016,169
22127,Igriés,16-64,2016,465
22127,Igriés,65-100,2016,77
22127,Igriés,0-16,2017,152
22127,Igriés,16-64,2017,455
22127,Igriés,65-100,2017,79
22127,Igriés,0-16,2018,154
22127,Igriés,16-64,2018,471
22127,Igriés,65-100,2018,80
22127,Igriés,0-16,2019,154
22127,Igriés,16-64,2019,487
22127,Igriés,65-100,2019,82
22127,Igriés,0-16,2020,147
22127,Igriés,16-64,2020,473
22127,Igriés,65-100,2020,75
22127,Igriés,0-16,2021,139
22127,Igriés,16-64,2021,480
22127,Igriés,65-100,2021,84
22127,Igriés,0-16,2022,136
22127,Igriés,16-64,2022,484
22127,Igriés,65-100,2022,83
22127,Igriés,0-16,2023,125
22127,Igriés,16-64,2023,494
22127,Igriés,65-100,2023,98
22127,Igriés,0-16,2024,127
22127,Igriés,16-64,2024,511
22127,Igriés,65-100,2024,101
22127,Igriés,0-16,2025,111
22127,Igriés,16-64,2025,508
22127,Igriés,65-100,2025,110
22128,Ilche,0-16,2003,21
22128,Ilche,16-64,2003,155
22128,Ilche,65-100,2003,88
22128,Ilche,0-16,2004,18
22128,Ilche,16-64,2004,154
22128,Ilche,65-100,2004,89
22128,Ilche,0-16,2005,18
22128,Ilche,16-64,2005,156
22128,Ilche,65-100,2005,89
22128,Ilche,0-16,2006,18
22128,Ilche,16-64,2006,165
22128,Ilche,65-100,2006,92
22128,Ilche,0-16,2007,17
22128,Ilche,16-64,2007,165
22128,Ilche,65-100,2007,91
22128,Ilche,0-16,2008,18
22128,Ilche,16-64,2008,162
22128,Ilche,65-100,2008,91
22128,Ilche,0-16,2009,17
22128,Ilche,16-64,2009,153
22128,Ilche,65-100,2009,89
22128,Ilche,0-16,2010,17
22128,Ilche,16-64,2010,145
22128,Ilche,65-100,2010,84
22128,Ilche,0-16,2011,14
22128,Ilche,16-64,2011,141
22128,Ilche,65-100,2011,82
22128,Ilche,0-16,2012,13
22128,Ilche,16-64,2012,131
22128,Ilche,65-100,2012,82
22128,Ilche,0-16,2013,15
22128,Ilche,16-64,2013,114
22128,Ilche,65-100,2013,82
22128,Ilche,0-16,2014,13
22128,Ilche,16-64,2014,115
22128,Ilche,65-100,2014,86
22128,Ilche,0-16,2015,10
22128,Ilche,16-64,2015,115
22128,Ilche,65-100,2015,83
22128,Ilche,0-16,2016,9
22128,Ilche,16-64,2016,123
22128,Ilche,65-100,2016,79
22128,Ilche,0-16,2017,8
22128,Ilche,16-64,2017,125
22128,Ilche,65-100,2017,80
22128,Ilche,0-16,2018,8
22128,Ilche,16-64,2018,127
22128,Ilche,65-100,2018,77
22128,Ilche,0-16,2019,9
22128,Ilche,16-64,2019,123
22128,Ilche,65-100,2019,79
22128,Ilche,0-16,2020,7
22128,Ilche,16-64,2020,113
22128,Ilche,65-100,2020,77
22128,Ilche,0-16,2021,6
22128,Ilche,16-64,2021,104
22128,Ilche,65-100,2021,75
22128,Ilche,0-16,2022,5
22128,Ilche,16-64,2022,109
22128,Ilche,65-100,2022,74
22128,Ilche,0-16,2023,5
22128,Ilche,16-64,2023,114
22128,Ilche,65-100,2023,74
22128,Ilche,0-16,2024,3
22128,Ilche,16-64,2024,112
22128,Ilche,65-100,2024,73
22128,Ilche,0-16,2025,3
22128,Ilche,16-64,2025,110
22128,Ilche,65-100,2025,74
22129,Isábena,0-16,2003,27
22129,Isábena,16-64,2003,164
22129,Isábena,65-100,2003,91
22129,Isábena,0-16,2004,29
22129,Isábena,16-64,2004,163
22129,Isábena,65-100,2004,86
22129,Isábena,0-16,2005,26
22129,Isábena,16-64,2005,170
22129,Isábena,65-100,2005,85
22129,Isábena,0-16,2006,38
22129,Isábena,16-64,2006,176
22129,Isábena,65-100,2006,88
22129,Isábena,0-16,2007,38
22129,Isábena,16-64,2007,173
22129,Isábena,65-100,2007,82
22129,Isábena,0-16,2008,36
22129,Isábena,16-64,2008,201
22129,Isábena,65-100,2008,83
22129,Isábena,0-16,2009,39
22129,Isábena,16-64,2009,210
22129,Isábena,65-100,2009,78
22129,Isábena,0-16,2010,32
22129,Isábena,16-64,2010,204
22129,Isábena,65-100,2010,77
22129,Isábena,0-16,2011,30
22129,Isábena,16-64,2011,202
22129,Isábena,65-100,2011,73
22129,Isábena,0-16,2012,28
22129,Isábena,16-64,2012,205
22129,Isábena,65-100,2012,74
22129,Isábena,0-16,2013,28
22129,Isábena,16-64,2013,195
22129,Isábena,65-100,2013,74
22129,Isábena,0-16,2014,21
22129,Isábena,16-64,2014,190
22129,Isábena,65-100,2014,77
22129,Isábena,0-16,2015,17
22129,Isábena,16-64,2015,187
22129,Isábena,65-100,2015,72
22129,Isábena,0-16,2016,13
22129,Isábena,16-64,2016,181
22129,Isábena,65-100,2016,72
22129,Isábena,0-16,2017,15
22129,Isábena,16-64,2017,174
22129,Isábena,65-100,2017,72
22129,Isábena,0-16,2018,14
22129,Isábena,16-64,2018,160
22129,Isábena,65-100,2018,64
22129,Isábena,0-16,2019,15
22129,Isábena,16-64,2019,156
22129,Isábena,65-100,2019,64
22129,Isábena,0-16,2020,13
22129,Isábena,16-64,2020,148
22129,Isábena,65-100,2020,70
22129,Isábena,0-16,2021,17
22129,Isábena,16-64,2021,158
22129,Isábena,65-100,2021,72
22129,Isábena,0-16,2022,12
22129,Isábena,16-64,2022,152
22129,Isábena,65-100,2022,75
22129,Isábena,0-16,2023,12
22129,Isábena,16-64,2023,147
22129,Isábena,65-100,2023,74
22129,Isábena,0-16,2024,15
22129,Isábena,16-64,2024,147
22129,Isábena,65-100,2024,74
22129,Isábena,0-16,2025,12
22129,Isábena,16-64,2025,146
22129,Isábena,65-100,2025,77
22130,Jaca,0-16,2003,1765
22130,Jaca,16-64,2003,7896
22130,Jaca,65-100,2003,2402
22130,Jaca,0-16,2004,1812
22130,Jaca,16-64,2004,8115
22130,Jaca,65-100,2004,2395
22130,Jaca,0-16,2005,1878
22130,Jaca,16-64,2005,8296
22130,Jaca,65-100,2005,2379
22130,Jaca,0-16,2006,1898
22130,Jaca,16-64,2006,8456
22130,Jaca,65-100,2006,2382
22130,Jaca,0-16,2007,1895
22130,Jaca,16-64,2007,8503
22130,Jaca,65-100,2007,2361
22130,Jaca,0-16,2008,1993
22130,Jaca,16-64,2008,8848
22130,Jaca,65-100,2008,2352
22130,Jaca,0-16,2009,2038
22130,Jaca,16-64,2009,8979
22130,Jaca,65-100,2009,2379
22130,Jaca,0-16,2010,2052
22130,Jaca,16-64,2010,8939
22130,Jaca,65-100,2010,2383
22130,Jaca,0-16,2011,2043
22130,Jaca,16-64,2011,8877
22130,Jaca,65-100,2011,2379
22130,Jaca,0-16,2012,2026
22130,Jaca,16-64,2012,8822
22130,Jaca,65-100,2012,2400
22130,Jaca,0-16,2013,2026
22130,Jaca,16-64,2013,8777
22130,Jaca,65-100,2013,2418
22130,Jaca,0-16,2014,2023
22130,Jaca,16-64,2014,8679
22130,Jaca,65-100,2014,2419
22130,Jaca,0-16,2015,2015
22130,Jaca,16-64,2015,8633
22130,Jaca,65-100,2015,2440
22130,Jaca,0-16,2016,1995
22130,Jaca,16-64,2016,8515
22130,Jaca,65-100,2016,2419
22130,Jaca,0-16,2017,1964
22130,Jaca,16-64,2017,8500
22130,Jaca,65-100,2017,2425
22130,Jaca,0-16,2018,1934
22130,Jaca,16-64,2018,8438
22130,Jaca,65-100,2018,2441
22130,Jaca,0-16,2019,1954
22130,Jaca,16-64,2019,8551
22130,Jaca,65-100,2019,2483
22130,Jaca,0-16,2020,1983
22130,Jaca,16-64,2020,8623
22130,Jaca,65-100,2020,2523
22130,Jaca,0-16,2021,1963
22130,Jaca,16-64,2021,8813
22130,Jaca,65-100,2021,2568
22130,Jaca,0-16,2022,1946
22130,Jaca,16-64,2022,8855
22130,Jaca,65-100,2022,2636
22130,Jaca,0-16,2023,1956
22130,Jaca,16-64,2023,8917
22130,Jaca,65-100,2023,2721
22130,Jaca,0-16,2024,1974
22130,Jaca,16-64,2024,9071
22130,Jaca,65-100,2024,2804
22130,Jaca,0-16,2025,1986
22130,Jaca,16-64,2025,9136
22130,Jaca,65-100,2025,2890
22131,Jasa,0-16,2003,10
22131,Jasa,16-64,2003,70
22131,Jasa,65-100,2003,35
22131,Jasa,0-16,2004,8
22131,Jasa,16-64,2004,84
22131,Jasa,65-100,2004,36
22131,Jasa,0-16,2005,7
22131,Jasa,16-64,2005,83
22131,Jasa,65-100,2005,34
22131,Jasa,0-16,2006,8
22131,Jasa,16-64,2006,84
22131,Jasa,65-100,2006,32
22131,Jasa,0-16,2007,10
22131,Jasa,16-64,2007,82
22131,Jasa,65-100,2007,29
22131,Jasa,0-16,2008,10
22131,Jasa,16-64,2008,82
22131,Jasa,65-100,2008,30
22131,Jasa,0-16,2009,10
22131,Jasa,16-64,2009,85
22131,Jasa,65-100,2009,30
22131,Jasa,0-16,2010,9
22131,Jasa,16-64,2010,77
22131,Jasa,65-100,2010,30
22131,Jasa,0-16,2011,9
22131,Jasa,16-64,2011,76
22131,Jasa,65-100,2011,28
22131,Jasa,0-16,2012,9
22131,Jasa,16-64,2012,71
22131,Jasa,65-100,2012,32
22131,Jasa,0-16,2013,9
22131,Jasa,16-64,2013,64
22131,Jasa,65-100,2013,29
22131,Jasa,0-16,2014,10
22131,Jasa,16-64,2014,72
22131,Jasa,65-100,2014,29
22131,Jasa,0-16,2015,12
22131,Jasa,16-64,2015,65
22131,Jasa,65-100,2015,27
22131,Jasa,0-16,2016,11
22131,Jasa,16-64,2016,60
22131,Jasa,65-100,2016,27
22131,Jasa,0-16,2017,8
22131,Jasa,16-64,2017,63
22131,Jasa,65-100,2017,23
22131,Jasa,0-16,2018,7
22131,Jasa,16-64,2018,60
22131,Jasa,65-100,2018,25
22131,Jasa,0-16,2019,7
22131,Jasa,16-64,2019,60
22131,Jasa,65-100,2019,25
22131,Jasa,0-16,2020,9
22131,Jasa,16-64,2020,59
22131,Jasa,65-100,2020,28
22131,Jasa,0-16,2021,9
22131,Jasa,16-64,2021,57
22131,Jasa,65-100,2021,28
22131,Jasa,0-16,2022,12
22131,Jasa,16-64,2022,66
22131,Jasa,65-100,2022,27
22131,Jasa,0-16,2023,11
22131,Jasa,16-64,2023,64
22131,Jasa,65-100,2023,27
22131,Jasa,0-16,2024,7
22131,Jasa,16-64,2024,58
22131,Jasa,65-100,2024,29
22131,Jasa,0-16,2025,6
22131,Jasa,16-64,2025,56
22131,Jasa,65-100,2025,28
22133,Labuerda,0-16,2003,22
22133,Labuerda,16-64,2003,89
22133,Labuerda,65-100,2003,56
22133,Labuerda,0-16,2004,20
22133,Labuerda,16-64,2004,89
22133,Labuerda,65-100,2004,57
22133,Labuerda,0-16,2005,21
22133,Labuerda,16-64,2005,95
22133,Labuerda,65-100,2005,55
22133,Labuerda,0-16,2006,20
22133,Labuerda,16-64,2006,98
22133,Labuerda,65-100,2006,51
22133,Labuerda,0-16,2007,18
22133,Labuerda,16-64,2007,109
22133,Labuerda,65-100,2007,50
22133,Labuerda,0-16,2008,20
22133,Labuerda,16-64,2008,111
22133,Labuerda,65-100,2008,49
22133,Labuerda,0-16,2009,21
22133,Labuerda,16-64,2009,110
22133,Labuerda,65-100,2009,41
22133,Labuerda,0-16,2010,18
22133,Labuerda,16-64,2010,113
22133,Labuerda,65-100,2010,36
22133,Labuerda,0-16,2011,19
22133,Labuerda,16-64,2011,114
22133,Labuerda,65-100,2011,36
22133,Labuerda,0-16,2012,15
22133,Labuerda,16-64,2012,109
22133,Labuerda,65-100,2012,32
22133,Labuerda,0-16,2013,16
22133,Labuerda,16-64,2013,108
22133,Labuerda,65-100,2013,32
22133,Labuerda,0-16,2014,17
22133,Labuerda,16-64,2014,106
22133,Labuerda,65-100,2014,32
22133,Labuerda,0-16,2015,20
22133,Labuerda,16-64,2015,114
22133,Labuerda,65-100,2015,33
22133,Labuerda,0-16,2016,19
22133,Labuerda,16-64,2016,109
22133,Labuerda,65-100,2016,30
22133,Labuerda,0-16,2017,20
22133,Labuerda,16-64,2017,108
22133,Labuerda,65-100,2017,29
22133,Labuerda,0-16,2018,18
22133,Labuerda,16-64,2018,115
22133,Labuerda,65-100,2018,29
22133,Labuerda,0-16,2019,22
22133,Labuerda,16-64,2019,110
22133,Labuerda,65-100,2019,30
22133,Labuerda,0-16,2020,23
22133,Labuerda,16-64,2020,102
22133,Labuerda,65-100,2020,30
22133,Labuerda,0-16,2021,21
22133,Labuerda,16-64,2021,102
22133,Labuerda,65-100,2021,31
22133,Labuerda,0-16,2022,20
22133,Labuerda,16-64,2022,93
22133,Labuerda,65-100,2022,33
22133,Labuerda,0-16,2023,23
22133,Labuerda,16-64,2023,102
22133,Labuerda,65-100,2023,36
22133,Labuerda,0-16,2024,23
22133,Labuerda,16-64,2024,113
22133,Labuerda,65-100,2024,38
22133,Labuerda,0-16,2025,22
22133,Labuerda,16-64,2025,111
22133,Labuerda,65-100,2025,43
22135,Laluenga,0-16,2003,16
22135,Laluenga,16-64,2003,145
22135,Laluenga,65-100,2003,89
22135,Laluenga,0-16,2004,14
22135,Laluenga,16-64,2004,148
22135,Laluenga,65-100,2004,86
22135,Laluenga,0-16,2005,14
22135,Laluenga,16-64,2005,146
22135,Laluenga,65-100,2005,87
22135,Laluenga,0-16,2006,16
22135,Laluenga,16-64,2006,143
22135,Laluenga,65-100,2006,85
22135,Laluenga,0-16,2007,12
22135,Laluenga,16-64,2007,140
22135,Laluenga,65-100,2007,82
22135,Laluenga,0-16,2008,9
22135,Laluenga,16-64,2008,144
22135,Laluenga,65-100,2008,80
22135,Laluenga,0-16,2009,12
22135,Laluenga,16-64,2009,136
22135,Laluenga,65-100,2009,85
22135,Laluenga,0-16,2010,12
22135,Laluenga,16-64,2010,126
22135,Laluenga,65-100,2010,82
22135,Laluenga,0-16,2011,12
22135,Laluenga,16-64,2011,117
22135,Laluenga,65-100,2011,87
22135,Laluenga,0-16,2012,15
22135,Laluenga,16-64,2012,118
22135,Laluenga,65-100,2012,88
22135,Laluenga,0-16,2013,17
22135,Laluenga,16-64,2013,119
22135,Laluenga,65-100,2013,89
22135,Laluenga,0-16,2014,13
22135,Laluenga,16-64,2014,117
22135,Laluenga,65-100,2014,86
22135,Laluenga,0-16,2015,17
22135,Laluenga,16-64,2015,113
22135,Laluenga,65-100,2015,83
22135,Laluenga,0-16,2016,14
22135,Laluenga,16-64,2016,115
22135,Laluenga,65-100,2016,82
22135,Laluenga,0-16,2017,17
22135,Laluenga,16-64,2017,113
22135,Laluenga,65-100,2017,80
22135,Laluenga,0-16,2018,11
22135,Laluenga,16-64,2018,108
22135,Laluenga,65-100,2018,75
22135,Laluenga,0-16,2019,13
22135,Laluenga,16-64,2019,114
22135,Laluenga,65-100,2019,70
22135,Laluenga,0-16,2020,13
22135,Laluenga,16-64,2020,112
22135,Laluenga,65-100,2020,66
22135,Laluenga,0-16,2021,15
22135,Laluenga,16-64,2021,113
22135,Laluenga,65-100,2021,66
22135,Laluenga,0-16,2022,18
22135,Laluenga,16-64,2022,118
22135,Laluenga,65-100,2022,66
22135,Laluenga,0-16,2023,16
22135,Laluenga,16-64,2023,117
22135,Laluenga,65-100,2023,68
22135,Laluenga,0-16,2024,17
22135,Laluenga,16-64,2024,117
22135,Laluenga,65-100,2024,71
22135,Laluenga,0-16,2025,20
22135,Laluenga,16-64,2025,113
22135,Laluenga,65-100,2025,68
22136,Lalueza,0-16,2003,97
22136,Lalueza,16-64,2003,702
22136,Lalueza,65-100,2003,353
22136,Lalueza,0-16,2004,82
22136,Lalueza,16-64,2004,706
22136,Lalueza,65-100,2004,352
22136,Lalueza,0-16,2005,92
22136,Lalueza,16-64,2005,705
22136,Lalueza,65-100,2005,345
22136,Lalueza,0-16,2006,96
22136,Lalueza,16-64,2006,703
22136,Lalueza,65-100,2006,337
22136,Lalueza,0-16,2007,109
22136,Lalueza,16-64,2007,698
22136,Lalueza,65-100,2007,329
22136,Lalueza,0-16,2008,104
22136,Lalueza,16-64,2008,698
22136,Lalueza,65-100,2008,335
22136,Lalueza,0-16,2009,102
22136,Lalueza,16-64,2009,692
22136,Lalueza,65-100,2009,338
22136,Lalueza,0-16,2010,101
22136,Lalueza,16-64,2010,666
22136,Lalueza,65-100,2010,334
22136,Lalueza,0-16,2011,101
22136,Lalueza,16-64,2011,661
22136,Lalueza,65-100,2011,327
22136,Lalueza,0-16,2012,101
22136,Lalueza,16-64,2012,638
22136,Lalueza,65-100,2012,327
22136,Lalueza,0-16,2013,87
22136,Lalueza,16-64,2013,621
22136,Lalueza,65-100,2013,313
22136,Lalueza,0-16,2014,95
22136,Lalueza,16-64,2014,617
22136,Lalueza,65-100,2014,312
22136,Lalueza,0-16,2015,88
22136,Lalueza,16-64,2015,591
22136,Lalueza,65-100,2015,318
22136,Lalueza,0-16,2016,89
22136,Lalueza,16-64,2016,577
22136,Lalueza,65-100,2016,308
22136,Lalueza,0-16,2017,81
22136,Lalueza,16-64,2017,564
22136,Lalueza,65-100,2017,298
22136,Lalueza,0-16,2018,77
22136,Lalueza,16-64,2018,542
22136,Lalueza,65-100,2018,294
22136,Lalueza,0-16,2019,72
22136,Lalueza,16-64,2019,528
22136,Lalueza,65-100,2019,292
22136,Lalueza,0-16,2020,72
22136,Lalueza,16-64,2020,520
22136,Lalueza,65-100,2020,300
22136,Lalueza,0-16,2021,70
22136,Lalueza,16-64,2021,516
22136,Lalueza,65-100,2021,299
22136,Lalueza,0-16,2022,68
22136,Lalueza,16-64,2022,511
22136,Lalueza,65-100,2022,309
22136,Lalueza,0-16,2023,63
22136,Lalueza,16-64,2023,508
22136,Lalueza,65-100,2023,308
22136,Lalueza,0-16,2024,57
22136,Lalueza,16-64,2024,503
22136,Lalueza,65-100,2024,304
22136,Lalueza,0-16,2025,64
22136,Lalueza,16-64,2025,470
22136,Lalueza,65-100,2025,314
22137,Lanaja,0-16,2003,160
22137,Lanaja,16-64,2003,850
22137,Lanaja,65-100,2003,486
22137,Lanaja,0-16,2004,143
22137,Lanaja,16-64,2004,855
22137,Lanaja,65-100,2004,483
22137,Lanaja,0-16,2005,147
22137,Lanaja,16-64,2005,864
22137,Lanaja,65-100,2005,467
22137,Lanaja,0-16,2006,131
22137,Lanaja,16-64,2006,851
22137,Lanaja,65-100,2006,475
22137,Lanaja,0-16,2007,128
22137,Lanaja,16-64,2007,858
22137,Lanaja,65-100,2007,475
22137,Lanaja,0-16,2008,131
22137,Lanaja,16-64,2008,882
22137,Lanaja,65-100,2008,465
22137,Lanaja,0-16,2009,121
22137,Lanaja,16-64,2009,871
22137,Lanaja,65-100,2009,468
22137,Lanaja,0-16,2010,112
22137,Lanaja,16-64,2010,834
22137,Lanaja,65-100,2010,471
22137,Lanaja,0-16,2011,110
22137,Lanaja,16-64,2011,811
22137,Lanaja,65-100,2011,460
22137,Lanaja,0-16,2012,107
22137,Lanaja,16-64,2012,804
22137,Lanaja,65-100,2012,447
22137,Lanaja,0-16,2013,100
22137,Lanaja,16-64,2013,795
22137,Lanaja,65-100,2013,445
22137,Lanaja,0-16,2014,102
22137,Lanaja,16-64,2014,783
22137,Lanaja,65-100,2014,439
22137,Lanaja,0-16,2015,87
22137,Lanaja,16-64,2015,752
22137,Lanaja,65-100,2015,429
22137,Lanaja,0-16,2016,83
22137,Lanaja,16-64,2016,734
22137,Lanaja,65-100,2016,414
22137,Lanaja,0-16,2017,69
22137,Lanaja,16-64,2017,714
22137,Lanaja,65-100,2017,396
22137,Lanaja,0-16,2018,87
22137,Lanaja,16-64,2018,720
22137,Lanaja,65-100,2018,395
22137,Lanaja,0-16,2019,92
22137,Lanaja,16-64,2019,706
22137,Lanaja,65-100,2019,376
22137,Lanaja,0-16,2020,90
22137,Lanaja,16-64,2020,702
22137,Lanaja,65-100,2020,371
22137,Lanaja,0-16,2021,96
22137,Lanaja,16-64,2021,725
22137,Lanaja,65-100,2021,374
22137,Lanaja,0-16,2022,93
22137,Lanaja,16-64,2022,713
22137,Lanaja,65-100,2022,383
22137,Lanaja,0-16,2023,101
22137,Lanaja,16-64,2023,693
22137,Lanaja,65-100,2023,381
22137,Lanaja,0-16,2024,93
22137,Lanaja,16-64,2024,673
22137,Lanaja,65-100,2024,375
22137,Lanaja,0-16,2025,99
22137,Lanaja,16-64,2025,666
22137,Lanaja,65-100,2025,376
22139,Laperdiguera,0-16,2003,8
22139,Laperdiguera,16-64,2003,58
22139,Laperdiguera,65-100,2003,36
22139,Laperdiguera,0-16,2004,9
22139,Laperdiguera,16-64,2004,60
22139,Laperdiguera,65-100,2004,34
22139,Laperdiguera,0-16,2005,10
22139,Laperdiguera,16-64,2005,60
22139,Laperdiguera,65-100,2005,35
22139,Laperdiguera,0-16,2006,10
22139,Laperdiguera,16-64,2006,59
22139,Laperdiguera,65-100,2006,32
22139,Laperdiguera,0-16,2007,7
22139,Laperdiguera,16-64,2007,66
22139,Laperdiguera,65-100,2007,29
22139,Laperdiguera,0-16,2008,5
22139,Laperdiguera,16-64,2008,63
22139,Laperdiguera,65-100,2008,30
22139,Laperdiguera,0-16,2009,6
22139,Laperdiguera,16-64,2009,63
22139,Laperdiguera,65-100,2009,33
22139,Laperdiguera,0-16,2010,6
22139,Laperdiguera,16-64,2010,64
22139,Laperdiguera,65-100,2010,32
22139,Laperdiguera,0-16,2011,6
22139,Laperdiguera,16-64,2011,65
22139,Laperdiguera,65-100,2011,31
22139,Laperdiguera,0-16,2012,6
22139,Laperdiguera,16-64,2012,64
22139,Laperdiguera,65-100,2012,31
22139,Laperdiguera,0-16,2013,6
22139,Laperdiguera,16-64,2013,62
22139,Laperdiguera,65-100,2013,27
22139,Laperdiguera,0-16,2014,5
22139,Laperdiguera,16-64,2014,64
22139,Laperdiguera,65-100,2014,25
22139,Laperdiguera,0-16,2015,5
22139,Laperdiguera,16-64,2015,65
22139,Laperdiguera,65-100,2015,26
22139,Laperdiguera,0-16,2016,7
22139,Laperdiguera,16-64,2016,59
22139,Laperdiguera,65-100,2016,26
22139,Laperdiguera,0-16,2017,7
22139,Laperdiguera,16-64,2017,56
22139,Laperdiguera,65-100,2017,28
22139,Laperdiguera,0-16,2018,6
22139,Laperdiguera,16-64,2018,55
22139,Laperdiguera,65-100,2018,30
22139,Laperdiguera,0-16,2019,6
22139,Laperdiguera,16-64,2019,53
22139,Laperdiguera,65-100,2019,32
22139,Laperdiguera,0-16,2020,5
22139,Laperdiguera,16-64,2020,54
22139,Laperdiguera,65-100,2020,33
22139,Laperdiguera,0-16,2021,4
22139,Laperdiguera,16-64,2021,55
22139,Laperdiguera,65-100,2021,33
22139,Laperdiguera,0-16,2022,4
22139,Laperdiguera,16-64,2022,58
22139,Laperdiguera,65-100,2022,33
22139,Laperdiguera,0-16,2023,4
22139,Laperdiguera,16-64,2023,53
22139,Laperdiguera,65-100,2023,34
22139,Laperdiguera,0-16,2024,3
22139,Laperdiguera,16-64,2024,50
22139,Laperdiguera,65-100,2024,35
22139,Laperdiguera,0-16,2025,3
22139,Laperdiguera,16-64,2025,48
22139,Laperdiguera,65-100,2025,36
22141,Lascellas-Ponzano,0-16,2003,10
22141,Lascellas-Ponzano,16-64,2003,92
22141,Lascellas-Ponzano,65-100,2003,56
22141,Lascellas-Ponzano,0-16,2004,9
22141,Lascellas-Ponzano,16-64,2004,93
22141,Lascellas-Ponzano,65-100,2004,55
22141,Lascellas-Ponzano,0-16,2005,11
22141,Lascellas-Ponzano,16-64,2005,97
22141,Lascellas-Ponzano,65-100,2005,58
22141,Lascellas-Ponzano,0-16,2006,9
22141,Lascellas-Ponzano,16-64,2006,94
22141,Lascellas-Ponzano,65-100,2006,59
22141,Lascellas-Ponzano,0-16,2007,9
22141,Lascellas-Ponzano,16-64,2007,100
22141,Lascellas-Ponzano,65-100,2007,57
22141,Lascellas-Ponzano,0-16,2008,10
22141,Lascellas-Ponzano,16-64,2008,93
22141,Lascellas-Ponzano,65-100,2008,51
22141,Lascellas-Ponzano,0-16,2009,11
22141,Lascellas-Ponzano,16-64,2009,94
22141,Lascellas-Ponzano,65-100,2009,46
22141,Lascellas-Ponzano,0-16,2010,13
22141,Lascellas-Ponzano,16-64,2010,90
22141,Lascellas-Ponzano,65-100,2010,51
22141,Lascellas-Ponzano,0-16,2011,13
22141,Lascellas-Ponzano,16-64,2011,87
22141,Lascellas-Ponzano,65-100,2011,48
22141,Lascellas-Ponzano,0-16,2012,11
22141,Lascellas-Ponzano,16-64,2012,87
22141,Lascellas-Ponzano,65-100,2012,45
22141,Lascellas-Ponzano,0-16,2013,13
22141,Lascellas-Ponzano,16-64,2013,91
22141,Lascellas-Ponzano,65-100,2013,44
22141,Lascellas-Ponzano,0-16,2014,13
22141,Lascellas-Ponzano,16-64,2014,89
22141,Lascellas-Ponzano,65-100,2014,44
22141,Lascellas-Ponzano,0-16,2015,14
22141,Lascellas-Ponzano,16-64,2015,85
22141,Lascellas-Ponzano,65-100,2015,39
22141,Lascellas-Ponzano,0-16,2016,13
22141,Lascellas-Ponzano,16-64,2016,79
22141,Lascellas-Ponzano,65-100,2016,41
22141,Lascellas-Ponzano,0-16,2017,14
22141,Lascellas-Ponzano,16-64,2017,78
22141,Lascellas-Ponzano,65-100,2017,36
22141,Lascellas-Ponzano,0-16,2018,13
22141,Lascellas-Ponzano,16-64,2018,78
22141,Lascellas-Ponzano,65-100,2018,35
22141,Lascellas-Ponzano,0-16,2019,13
22141,Lascellas-Ponzano,16-64,2019,80
22141,Lascellas-Ponzano,65-100,2019,36
22141,Lascellas-Ponzano,0-16,2020,15
22141,Lascellas-Ponzano,16-64,2020,80
22141,Lascellas-Ponzano,65-100,2020,35
22141,Lascellas-Ponzano,0-16,2021,13
22141,Lascellas-Ponzano,16-64,2021,85
22141,Lascellas-Ponzano,65-100,2021,35
22141,Lascellas-Ponzano,0-16,2022,14
22141,Lascellas-Ponzano,16-64,2022,87
22141,Lascellas-Ponzano,65-100,2022,34
22141,Lascellas-Ponzano,0-16,2023,13
22141,Lascellas-Ponzano,16-64,2023,84
22141,Lascellas-Ponzano,65-100,2023,37
22141,Lascellas-Ponzano,0-16,2024,12
22141,Lascellas-Ponzano,16-64,2024,87
22141,Lascellas-Ponzano,65-100,2024,40
22141,Lascellas-Ponzano,0-16,2025,12
22141,Lascellas-Ponzano,16-64,2025,83
22141,Lascellas-Ponzano,65-100,2025,43
22142,Lascuarre,0-16,2003,15
22142,Lascuarre,16-64,2003,83
22142,Lascuarre,65-100,2003,51
22142,Lascuarre,0-16,2004,14
22142,Lascuarre,16-64,2004,84
22142,Lascuarre,65-100,2004,48
22142,Lascuarre,0-16,2005,15
22142,Lascuarre,16-64,2005,89
22142,Lascuarre,65-100,2005,43
22142,Lascuarre,0-16,2006,14
22142,Lascuarre,16-64,2006,93
22142,Lascuarre,65-100,2006,40
22142,Lascuarre,0-16,2007,17
22142,Lascuarre,16-64,2007,97
22142,Lascuarre,65-100,2007,43
22142,Lascuarre,0-16,2008,14
22142,Lascuarre,16-64,2008,101
22142,Lascuarre,65-100,2008,44
22142,Lascuarre,0-16,2009,16
22142,Lascuarre,16-64,2009,98
22142,Lascuarre,65-100,2009,44
22142,Lascuarre,0-16,2010,13
22142,Lascuarre,16-64,2010,99
22142,Lascuarre,65-100,2010,45
22142,Lascuarre,0-16,2011,12
22142,Lascuarre,16-64,2011,100
22142,Lascuarre,65-100,2011,43
22142,Lascuarre,0-16,2012,14
22142,Lascuarre,16-64,2012,96
22142,Lascuarre,65-100,2012,42
22142,Lascuarre,0-16,2013,14
22142,Lascuarre,16-64,2013,88
22142,Lascuarre,65-100,2013,41
22142,Lascuarre,0-16,2014,15
22142,Lascuarre,16-64,2014,82
22142,Lascuarre,65-100,2014,39
22142,Lascuarre,0-16,2015,17
22142,Lascuarre,16-64,2015,81
22142,Lascuarre,65-100,2015,39
22142,Lascuarre,0-16,2016,18
22142,Lascuarre,16-64,2016,80
22142,Lascuarre,65-100,2016,38
22142,Lascuarre,0-16,2017,21
22142,Lascuarre,16-64,2017,73
22142,Lascuarre,65-100,2017,39
22142,Lascuarre,0-16,2018,22
22142,Lascuarre,16-64,2018,74
22142,Lascuarre,65-100,2018,40
22142,Lascuarre,0-16,2019,21
22142,Lascuarre,16-64,2019,75
22142,Lascuarre,65-100,2019,36
22142,Lascuarre,0-16,2020,23
22142,Lascuarre,16-64,2020,81
22142,Lascuarre,65-100,2020,35
22142,Lascuarre,0-16,2021,22
22142,Lascuarre,16-64,2021,84
22142,Lascuarre,65-100,2021,41
22142,Lascuarre,0-16,2022,19
22142,Lascuarre,16-64,2022,81
22142,Lascuarre,65-100,2022,41
22142,Lascuarre,0-16,2023,18
22142,Lascuarre,16-64,2023,77
22142,Lascuarre,65-100,2023,44
22142,Lascuarre,0-16,2024,20
22142,Lascuarre,16-64,2024,68
22142,Lascuarre,65-100,2024,47
22142,Lascuarre,0-16,2025,19
22142,Lascuarre,16-64,2025,71
22142,Lascuarre,65-100,2025,49
22143,Laspaúles,0-16,2003,23
22143,Laspaúles,16-64,2003,177
22143,Laspaúles,65-100,2003,84
22143,Laspaúles,0-16,2004,21
22143,Laspaúles,16-64,2004,173
22143,Laspaúles,65-100,2004,83
22143,Laspaúles,0-16,2005,22
22143,Laspaúles,16-64,2005,177
22143,Laspaúles,65-100,2005,83
22143,Laspaúles,0-16,2006,23
22143,Laspaúles,16-64,2006,177
22143,Laspaúles,65-100,2006,81
22143,Laspaúles,0-16,2007,30
22143,Laspaúles,16-64,2007,176
22143,Laspaúles,65-100,2007,81
22143,Laspaúles,0-16,2008,33
22143,Laspaúles,16-64,2008,193
22143,Laspaúles,65-100,2008,83
22143,Laspaúles,0-16,2009,31
22143,Laspaúles,16-64,2009,193
22143,Laspaúles,65-100,2009,85
22143,Laspaúles,0-16,2010,35
22143,Laspaúles,16-64,2010,178
22143,Laspaúles,65-100,2010,84
22143,Laspaúles,0-16,2011,37
22143,Laspaúles,16-64,2011,181
22143,Laspaúles,65-100,2011,84
22143,Laspaúles,0-16,2012,47
22143,Laspaúles,16-64,2012,185
22143,Laspaúles,65-100,2012,90
22143,Laspaúles,0-16,2013,45
22143,Laspaúles,16-64,2013,179
22143,Laspaúles,65-100,2013,92
22143,Laspaúles,0-16,2014,44
22143,Laspaúles,16-64,2014,168
22143,Laspaúles,65-100,2014,92
22143,Laspaúles,0-16,2015,33
22143,Laspaúles,16-64,2015,158
22143,Laspaúles,65-100,2015,90
22143,Laspaúles,0-16,2016,28
22143,Laspaúles,16-64,2016,156
22143,Laspaúles,65-100,2016,82
22143,Laspaúles,0-16,2017,24
22143,Laspaúles,16-64,2017,140
22143,Laspaúles,65-100,2017,80
22143,Laspaúles,0-16,2018,17
22143,Laspaúles,16-64,2018,134
22143,Laspaúles,65-100,2018,79
22143,Laspaúles,0-16,2019,18
22143,Laspaúles,16-64,2019,135
22143,Laspaúles,65-100,2019,77
22143,Laspaúles,0-16,2020,14
22143,Laspaúles,16-64,2020,125
22143,Laspaúles,65-100,2020,66
22143,Laspaúles,0-16,2021,16
22143,Laspaúles,16-64,2021,138
22143,Laspaúles,65-100,2021,68
22143,Laspaúles,0-16,2022,15
22143,Laspaúles,16-64,2022,139
22143,Laspaúles,65-100,2022,74
22143,Laspaúles,0-16,2023,14
22143,Laspaúles,16-64,2023,152
22143,Laspaúles,65-100,2023,70
22143,Laspaúles,0-16,2024,20
22143,Laspaúles,16-64,2024,164
22143,Laspaúles,65-100,2024,69
22143,Laspaúles,0-16,2025,19
22143,Laspaúles,16-64,2025,167
22143,Laspaúles,65-100,2025,69
22144,Laspuña,0-16,2003,19
22144,Laspuña,16-64,2003,161
22144,Laspuña,65-100,2003,92
22144,Laspuña,0-16,2004,19
22144,Laspuña,16-64,2004,161
22144,Laspuña,65-100,2004,91
22144,Laspuña,0-16,2005,22
22144,Laspuña,16-64,2005,166
22144,Laspuña,65-100,2005,88
22144,Laspuña,0-16,2006,22
22144,Laspuña,16-64,2006,191
22144,Laspuña,65-100,2006,85
22144,Laspuña,0-16,2007,19
22144,Laspuña,16-64,2007,208
22144,Laspuña,65-100,2007,85
22144,Laspuña,0-16,2008,19
22144,Laspuña,16-64,2008,198
22144,Laspuña,65-100,2008,85
22144,Laspuña,0-16,2009,19
22144,Laspuña,16-64,2009,191
22144,Laspuña,65-100,2009,84
22144,Laspuña,0-16,2010,21
22144,Laspuña,16-64,2010,187
22144,Laspuña,65-100,2010,81
22144,Laspuña,0-16,2011,23
22144,Laspuña,16-64,2011,196
22144,Laspuña,65-100,2011,82
22144,Laspuña,0-16,2012,20
22144,Laspuña,16-64,2012,191
22144,Laspuña,65-100,2012,85
22144,Laspuña,0-16,2013,20
22144,Laspuña,16-64,2013,189
22144,Laspuña,65-100,2013,84
22144,Laspuña,0-16,2014,25
22144,Laspuña,16-64,2014,187
22144,Laspuña,65-100,2014,86
22144,Laspuña,0-16,2015,22
22144,Laspuña,16-64,2015,179
22144,Laspuña,65-100,2015,89
22144,Laspuña,0-16,2016,23
22144,Laspuña,16-64,2016,163
22144,Laspuña,65-100,2016,88
22144,Laspuña,0-16,2017,26
22144,Laspuña,16-64,2017,167
22144,Laspuña,65-100,2017,88
22144,Laspuña,0-16,2018,29
22144,Laspuña,16-64,2018,170
22144,Laspuña,65-100,2018,92
22144,Laspuña,0-16,2019,31
22144,Laspuña,16-64,2019,168
22144,Laspuña,65-100,2019,99
22144,Laspuña,0-16,2020,31
22144,Laspuña,16-64,2020,166
22144,Laspuña,65-100,2020,100
22144,Laspuña,0-16,2021,29
22144,Laspuña,16-64,2021,159
22144,Laspuña,65-100,2021,100
22144,Laspuña,0-16,2022,27
22144,Laspuña,16-64,2022,160
22144,Laspuña,65-100,2022,99
22144,Laspuña,0-16,2023,28
22144,Laspuña,16-64,2023,156
22144,Laspuña,65-100,2023,95
22144,Laspuña,0-16,2024,27
22144,Laspuña,16-64,2024,155
22144,Laspuña,65-100,2024,95
22144,Laspuña,0-16,2025,25
22144,Laspuña,16-64,2025,162
22144,Laspuña,65-100,2025,92
22149,Loarre,0-16,2003,18
22149,Loarre,16-64,2003,223
22149,Loarre,65-100,2003,133
22149,Loarre,0-16,2004,26
22149,Loarre,16-64,2004,232
22149,Loarre,65-100,2004,139
22149,Loarre,0-16,2005,24
22149,Loarre,16-64,2005,230
22149,Loarre,65-100,2005,139
22149,Loarre,0-16,2006,25
22149,Loarre,16-64,2006,232
22149,Loarre,65-100,2006,135
22149,Loarre,0-16,2007,22
22149,Loarre,16-64,2007,224
22149,Loarre,65-100,2007,133
22149,Loarre,0-16,2008,21
22149,Loarre,16-64,2008,214
22149,Loarre,65-100,2008,134
22149,Loarre,0-16,2009,25
22149,Loarre,16-64,2009,220
22149,Loarre,65-100,2009,131
22149,Loarre,0-16,2010,24
22149,Loarre,16-64,2010,217
22149,Loarre,65-100,2010,130
22149,Loarre,0-16,2011,24
22149,Loarre,16-64,2011,215
22149,Loarre,65-100,2011,130
22149,Loarre,0-16,2012,22
22149,Loarre,16-64,2012,206
22149,Loarre,65-100,2012,133
22149,Loarre,0-16,2013,22
22149,Loarre,16-64,2013,205
22149,Loarre,65-100,2013,134
22149,Loarre,0-16,2014,16
22149,Loarre,16-64,2014,189
22149,Loarre,65-100,2014,133
22149,Loarre,0-16,2015,15
22149,Loarre,16-64,2015,196
22149,Loarre,65-100,2015,124
22149,Loarre,0-16,2016,16
22149,Loarre,16-64,2016,198
22149,Loarre,65-100,2016,123
22149,Loarre,0-16,2017,18
22149,Loarre,16-64,2017,191
22149,Loarre,65-100,2017,123
22149,Loarre,0-16,2018,18
22149,Loarre,16-64,2018,190
22149,Loarre,65-100,2018,123
22149,Loarre,0-16,2019,24
22149,Loarre,16-64,2019,191
22149,Loarre,65-100,2019,123
22149,Loarre,0-16,2020,20
22149,Loarre,16-64,2020,185
22149,Loarre,65-100,2020,118
22149,Loarre,0-16,2021,18
22149,Loarre,16-64,2021,203
22149,Loarre,65-100,2021,124
22149,Loarre,0-16,2022,21
22149,Loarre,16-64,2022,213
22149,Loarre,65-100,2022,119
22149,Loarre,0-16,2023,19
22149,Loarre,16-64,2023,212
22149,Loarre,65-100,2023,119
22149,Loarre,0-16,2024,16
22149,Loarre,16-64,2024,212
22149,Loarre,65-100,2024,123
22149,Loarre,0-16,2025,15
22149,Loarre,16-64,2025,223
22149,Loarre,65-100,2025,119
22150,Loporzano,0-16,2003,43
22150,Loporzano,16-64,2003,328
22150,Loporzano,65-100,2003,140
22150,Loporzano,0-16,2004,37
22150,Loporzano,16-64,2004,347
22150,Loporzano,65-100,2004,136
22150,Loporzano,0-16,2005,34
22150,Loporzano,16-64,2005,363
22150,Loporzano,65-100,2005,131
22150,Loporzano,0-16,2006,35
22150,Loporzano,16-64,2006,355
22150,Loporzano,65-100,2006,130
22150,Loporzano,0-16,2007,38
22150,Loporzano,16-64,2007,362
22150,Loporzano,65-100,2007,127
22150,Loporzano,0-16,2008,41
22150,Loporzano,16-64,2008,372
22150,Loporzano,65-100,2008,128
22150,Loporzano,0-16,2009,43
22150,Loporzano,16-64,2009,368
22150,Loporzano,65-100,2009,131
22150,Loporzano,0-16,2010,42
22150,Loporzano,16-64,2010,361
22150,Loporzano,65-100,2010,137
22150,Loporzano,0-16,2011,52
22150,Loporzano,16-64,2011,369
22150,Loporzano,65-100,2011,142
22150,Loporzano,0-16,2012,43
22150,Loporzano,16-64,2012,365
22150,Loporzano,65-100,2012,141
22150,Loporzano,0-16,2013,45
22150,Loporzano,16-64,2013,357
22150,Loporzano,65-100,2013,145
22150,Loporzano,0-16,2014,44
22150,Loporzano,16-64,2014,350
22150,Loporzano,65-100,2014,141
22150,Loporzano,0-16,2015,40
22150,Loporzano,16-64,2015,340
22150,Loporzano,65-100,2015,152
22150,Loporzano,0-16,2016,46
22150,Loporzano,16-64,2016,333
22150,Loporzano,65-100,2016,157
22150,Loporzano,0-16,2017,48
22150,Loporzano,16-64,2017,318
22150,Loporzano,65-100,2017,156
22150,Loporzano,0-16,2018,49
22150,Loporzano,16-64,2018,314
22150,Loporzano,65-100,2018,159
22150,Loporzano,0-16,2019,49
22150,Loporzano,16-64,2019,319
22150,Loporzano,65-100,2019,162
22150,Loporzano,0-16,2020,43
22150,Loporzano,16-64,2020,306
22150,Loporzano,65-100,2020,165
22150,Loporzano,0-16,2021,48
22150,Loporzano,16-64,2021,343
22150,Loporzano,65-100,2021,183
22150,Loporzano,0-16,2022,44
22150,Loporzano,16-64,2022,341
22150,Loporzano,65-100,2022,189
22150,Loporzano,0-16,2023,42
22150,Loporzano,16-64,2023,347
22150,Loporzano,65-100,2023,190
22150,Loporzano,0-16,2024,38
22150,Loporzano,16-64,2024,335
22150,Loporzano,65-100,2024,184
22150,Loporzano,0-16,2025,48
22150,Loporzano,16-64,2025,339
22150,Loporzano,65-100,2025,189
22151,Loscorrales,0-16,2003,4
22151,Loscorrales,16-64,2003,63
22151,Loscorrales,65-100,2003,45
22151,Loscorrales,0-16,2004,5
22151,Loscorrales,16-64,2004,63
22151,Loscorrales,65-100,2004,45
22151,Loscorrales,0-16,2005,5
22151,Loscorrales,16-64,2005,65
22151,Loscorrales,65-100,2005,44
22151,Loscorrales,0-16,2006,5
22151,Loscorrales,16-64,2006,64
22151,Loscorrales,65-100,2006,45
22151,Loscorrales,0-16,2007,3
22151,Loscorrales,16-64,2007,62
22151,Loscorrales,65-100,2007,46
22151,Loscorrales,0-16,2008,4
22151,Loscorrales,16-64,2008,61
22151,Loscorrales,65-100,2008,43
22151,Loscorrales,0-16,2009,6
22151,Loscorrales,16-64,2009,65
22151,Loscorrales,65-100,2009,43
22151,Loscorrales,0-16,2010,8
22151,Loscorrales,16-64,2010,63
22151,Loscorrales,65-100,2010,37
22151,Loscorrales,0-16,2011,8
22151,Loscorrales,16-64,2011,64
22151,Loscorrales,65-100,2011,36
22151,Loscorrales,0-16,2012,8
22151,Loscorrales,16-64,2012,66
22151,Loscorrales,65-100,2012,33
22151,Loscorrales,0-16,2013,6
22151,Loscorrales,16-64,2013,64
22151,Loscorrales,65-100,2013,36
22151,Loscorrales,0-16,2014,8
22151,Loscorrales,16-64,2014,61
22151,Loscorrales,65-100,2014,38
22151,Loscorrales,0-16,2015,8
22151,Loscorrales,16-64,2015,62
22151,Loscorrales,65-100,2015,36
22151,Loscorrales,0-16,2016,8
22151,Loscorrales,16-64,2016,61
22151,Loscorrales,65-100,2016,33
22151,Loscorrales,0-16,2017,8
22151,Loscorrales,16-64,2017,59
22151,Loscorrales,65-100,2017,33
22151,Loscorrales,0-16,2018,13
22151,Loscorrales,16-64,2018,63
22151,Loscorrales,65-100,2018,30
22151,Loscorrales,0-16,2019,10
22151,Loscorrales,16-64,2019,60
22151,Loscorrales,65-100,2019,29
22151,Loscorrales,0-16,2020,11
22151,Loscorrales,16-64,2020,55
22151,Loscorrales,65-100,2020,27
22151,Loscorrales,0-16,2021,12
22151,Loscorrales,16-64,2021,54
22151,Loscorrales,65-100,2021,27
22151,Loscorrales,0-16,2022,13
22151,Loscorrales,16-64,2022,58
22151,Loscorrales,65-100,2022,27
22151,Loscorrales,0-16,2023,18
22151,Loscorrales,16-64,2023,57
22151,Loscorrales,65-100,2023,24
22151,Loscorrales,0-16,2024,17
22151,Loscorrales,16-64,2024,63
22151,Loscorrales,65-100,2024,25
22151,Loscorrales,0-16,2025,15
22151,Loscorrales,16-64,2025,61
22151,Loscorrales,65-100,2025,22
22155,Monesma y Cajigar,0-16,2003,6
22155,Monesma y Cajigar,16-64,2003,59
22155,Monesma y Cajigar,65-100,2003,36
22155,Monesma y Cajigar,0-16,2004,5
22155,Monesma y Cajigar,16-64,2004,60
22155,Monesma y Cajigar,65-100,2004,39
22155,Monesma y Cajigar,0-16,2005,5
22155,Monesma y Cajigar,16-64,2005,60
22155,Monesma y Cajigar,65-100,2005,44
22155,Monesma y Cajigar,0-16,2006,5
22155,Monesma y Cajigar,16-64,2006,63
22155,Monesma y Cajigar,65-100,2006,43
22155,Monesma y Cajigar,0-16,2007,5
22155,Monesma y Cajigar,16-64,2007,61
22155,Monesma y Cajigar,65-100,2007,42
22155,Monesma y Cajigar,0-16,2008,4
22155,Monesma y Cajigar,16-64,2008,64
22155,Monesma y Cajigar,65-100,2008,43
22155,Monesma y Cajigar,0-16,2009,4
22155,Monesma y Cajigar,16-64,2009,62
22155,Monesma y Cajigar,65-100,2009,45
22155,Monesma y Cajigar,0-16,2010,3
22155,Monesma y Cajigar,16-64,2010,58
22155,Monesma y Cajigar,65-100,2010,45
22155,Monesma y Cajigar,0-16,2011,3
22155,Monesma y Cajigar,16-64,2011,56
22155,Monesma y Cajigar,65-100,2011,41
22155,Monesma y Cajigar,0-16,2012,2
22155,Monesma y Cajigar,16-64,2012,55
22155,Monesma y Cajigar,65-100,2012,38
22155,Monesma y Cajigar,0-16,2013,2
22155,Monesma y Cajigar,16-64,2013,55
22155,Monesma y Cajigar,65-100,2013,36
22155,Monesma y Cajigar,0-16,2014,1
22155,Monesma y Cajigar,16-64,2014,51
22155,Monesma y Cajigar,65-100,2014,36
22155,Monesma y Cajigar,0-16,2015,1
22155,Monesma y Cajigar,16-64,2015,52
22155,Monesma y Cajigar,65-100,2015,34
22155,Monesma y Cajigar,0-16,2016,3
22155,Monesma y Cajigar,16-64,2016,50
22155,Monesma y Cajigar,65-100,2016,31
22155,Monesma y Cajigar,0-16,2017,2
22155,Monesma y Cajigar,16-64,2017,46
22155,Monesma y Cajigar,65-100,2017,29
22155,Monesma y Cajigar,0-16,2018,2
22155,Monesma y Cajigar,16-64,2018,45
22155,Monesma y Cajigar,65-100,2018,26
22155,Monesma y Cajigar,0-16,2019,4
22155,Monesma y Cajigar,16-64,2019,48
22155,Monesma y Cajigar,65-100,2019,24
22155,Monesma y Cajigar,0-16,2020,2
22155,Monesma y Cajigar,16-64,2020,47
22155,Monesma y Cajigar,65-100,2020,23
22155,Monesma y Cajigar,0-16,2021,2
22155,Monesma y Cajigar,16-64,2021,41
22155,Monesma y Cajigar,65-100,2021,26
22155,Monesma y Cajigar,0-16,2022,2
22155,Monesma y Cajigar,16-64,2022,37
22155,Monesma y Cajigar,65-100,2022,27
22155,Monesma y Cajigar,0-16,2023,2
22155,Monesma y Cajigar,16-64,2023,36
22155,Monesma y Cajigar,65-100,2023,27
22155,Monesma y Cajigar,0-16,2024,2
22155,Monesma y Cajigar,16-64,2024,39
22155,Monesma y Cajigar,65-100,2024,28
22155,Monesma y Cajigar,0-16,2025,2
22155,Monesma y Cajigar,16-64,2025,39
22155,Monesma y Cajigar,65-100,2025,27
22156,Monflorite-Lascasas,0-16,2003,25
22156,Monflorite-Lascasas,16-64,2003,131
22156,Monflorite-Lascasas,65-100,2003,51
22156,Monflorite-Lascasas,0-16,2004,30
22156,Monflorite-Lascasas,16-64,2004,134
22156,Monflorite-Lascasas,65-100,2004,53
22156,Monflorite-Lascasas,0-16,2005,33
22156,Monflorite-Lascasas,16-64,2005,148
22156,Monflorite-Lascasas,65-100,2005,48
22156,Monflorite-Lascasas,0-16,2006,31
22156,Monflorite-Lascasas,16-64,2006,163
22156,Monflorite-Lascasas,65-100,2006,46
22156,Monflorite-Lascasas,0-16,2007,34
22156,Monflorite-Lascasas,16-64,2007,186
22156,Monflorite-Lascasas,65-100,2007,47
22156,Monflorite-Lascasas,0-16,2008,34
22156,Monflorite-Lascasas,16-64,2008,202
22156,Monflorite-Lascasas,65-100,2008,45
22156,Monflorite-Lascasas,0-16,2009,39
22156,Monflorite-Lascasas,16-64,2009,213
22156,Monflorite-Lascasas,65-100,2009,44
22156,Monflorite-Lascasas,0-16,2010,50
22156,Monflorite-Lascasas,16-64,2010,215
22156,Monflorite-Lascasas,65-100,2010,47
22156,Monflorite-Lascasas,0-16,2011,51
22156,Monflorite-Lascasas,16-64,2011,219
22156,Monflorite-Lascasas,65-100,2011,45
22156,Monflorite-Lascasas,0-16,2012,44
22156,Monflorite-Lascasas,16-64,2012,216
22156,Monflorite-Lascasas,65-100,2012,41
22156,Monflorite-Lascasas,0-16,2013,45
22156,Monflorite-Lascasas,16-64,2013,219
22156,Monflorite-Lascasas,65-100,2013,40
22156,Monflorite-Lascasas,0-16,2014,42
22156,Monflorite-Lascasas,16-64,2014,213
22156,Monflorite-Lascasas,65-100,2014,40
22156,Monflorite-Lascasas,0-16,2015,48
22156,Monflorite-Lascasas,16-64,2015,217
22156,Monflorite-Lascasas,65-100,2015,48
22156,Monflorite-Lascasas,0-16,2016,60
22156,Monflorite-Lascasas,16-64,2016,253
22156,Monflorite-Lascasas,65-100,2016,47
22156,Monflorite-Lascasas,0-16,2017,64
22156,Monflorite-Lascasas,16-64,2017,273
22156,Monflorite-Lascasas,65-100,2017,42
22156,Monflorite-Lascasas,0-16,2018,77
22156,Monflorite-Lascasas,16-64,2018,278
22156,Monflorite-Lascasas,65-100,2018,48
22156,Monflorite-Lascasas,0-16,2019,78
22156,Monflorite-Lascasas,16-64,2019,277
22156,Monflorite-Lascasas,65-100,2019,49
22156,Monflorite-Lascasas,0-16,2020,83
22156,Monflorite-Lascasas,16-64,2020,275
22156,Monflorite-Lascasas,65-100,2020,47
22156,Monflorite-Lascasas,0-16,2021,91
22156,Monflorite-Lascasas,16-64,2021,286
22156,Monflorite-Lascasas,65-100,2021,55
22156,Monflorite-Lascasas,0-16,2022,96
22156,Monflorite-Lascasas,16-64,2022,288
22156,Monflorite-Lascasas,65-100,2022,58
22156,Monflorite-Lascasas,0-16,2023,102
22156,Monflorite-Lascasas,16-64,2023,301
22156,Monflorite-Lascasas,65-100,2023,66
22156,Monflorite-Lascasas,0-16,2024,110
22156,Monflorite-Lascasas,16-64,2024,303
22156,Monflorite-Lascasas,65-100,2024,72
22156,Monflorite-Lascasas,0-16,2025,101
22156,Monflorite-Lascasas,16-64,2025,300
22156,Monflorite-Lascasas,65-100,2025,73
22157,Montanuy,0-16,2003,15
22157,Montanuy,16-64,2003,187
22157,Montanuy,65-100,2003,90
22157,Montanuy,0-16,2004,16
22157,Montanuy,16-64,2004,199
22157,Montanuy,65-100,2004,93
22157,Montanuy,0-16,2005,17
22157,Montanuy,16-64,2005,202
22157,Montanuy,65-100,2005,89
22157,Montanuy,0-16,2006,20
22157,Montanuy,16-64,2006,200
22157,Montanuy,65-100,2006,91
22157,Montanuy,0-16,2007,18
22157,Montanuy,16-64,2007,202
22157,Montanuy,65-100,2007,88
22157,Montanuy,0-16,2008,15
22157,Montanuy,16-64,2008,209
22157,Montanuy,65-100,2008,83
22157,Montanuy,0-16,2009,14
22157,Montanuy,16-64,2009,203
22157,Montanuy,65-100,2009,79
22157,Montanuy,0-16,2010,12
22157,Montanuy,16-64,2010,192
22157,Montanuy,65-100,2010,81
22157,Montanuy,0-16,2011,13
22157,Montanuy,16-64,2011,188
22157,Montanuy,65-100,2011,83
22157,Montanuy,0-16,2012,10
22157,Montanuy,16-64,2012,178
22157,Montanuy,65-100,2012,77
22157,Montanuy,0-16,2013,14
22157,Montanuy,16-64,2013,174
22157,Montanuy,65-100,2013,65
22157,Montanuy,0-16,2014,13
22157,Montanuy,16-64,2014,161
22157,Montanuy,65-100,2014,63
22157,Montanuy,0-16,2015,14
22157,Montanuy,16-64,2015,147
22157,Montanuy,65-100,2015,60
22157,Montanuy,0-16,2016,16
22157,Montanuy,16-64,2016,151
22157,Montanuy,65-100,2016,56
22157,Montanuy,0-16,2017,16
22157,Montanuy,16-64,2017,150
22157,Montanuy,65-100,2017,54
22157,Montanuy,0-16,2018,18
22157,Montanuy,16-64,2018,147
22157,Montanuy,65-100,2018,50
22157,Montanuy,0-16,2019,13
22157,Montanuy,16-64,2019,146
22157,Montanuy,65-100,2019,53
22157,Montanuy,0-16,2020,12
22157,Montanuy,16-64,2020,144
22157,Montanuy,65-100,2020,54
22157,Montanuy,0-16,2021,12
22157,Montanuy,16-64,2021,145
22157,Montanuy,65-100,2021,58
22157,Montanuy,0-16,2022,9
22157,Montanuy,16-64,2022,151
22157,Montanuy,65-100,2022,64
22157,Montanuy,0-16,2023,11
22157,Montanuy,16-64,2023,154
22157,Montanuy,65-100,2023,76
22157,Montanuy,0-16,2024,12
22157,Montanuy,16-64,2024,142
22157,Montanuy,65-100,2024,75
22157,Montanuy,0-16,2025,9
22157,Montanuy,16-64,2025,146
22157,Montanuy,65-100,2025,75
22158,Monzón,0-16,2003,2328
22158,Monzón,16-64,2003,9934
22158,Monzón,65-100,2003,3133
22158,Monzón,0-16,2004,2343
22158,Monzón,16-64,2004,9973
22158,Monzón,65-100,2004,3141
22158,Monzón,0-16,2005,2441
22158,Monzón,16-64,2005,10233
22158,Monzón,65-100,2005,3132
22158,Monzón,0-16,2006,2563
22158,Monzón,16-64,2006,10481
22158,Monzón,65-100,2006,3156
22158,Monzón,0-16,2007,2611
22158,Monzón,16-64,2007,10462
22158,Monzón,65-100,2007,3144
22158,Monzón,0-16,2008,2763
22158,Monzón,16-64,2008,10831
22158,Monzón,65-100,2008,3155
22158,Monzón,0-16,2009,2817
22158,Monzón,16-64,2009,11098
22158,Monzón,65-100,2009,3127
22158,Monzón,0-16,2010,2879
22158,Monzón,16-64,2010,11104
22158,Monzón,65-100,2010,3132
22158,Monzón,0-16,2011,2933
22158,Monzón,16-64,2011,11107
22158,Monzón,65-100,2011,3175
22158,Monzón,0-16,2012,2931
22158,Monzón,16-64,2012,11149
22158,Monzón,65-100,2012,3183
22158,Monzón,0-16,2013,2935
22158,Monzón,16-64,2013,11151
22158,Monzón,65-100,2013,3204
22158,Monzón,0-16,2014,2936
22158,Monzón,16-64,2014,11019
22158,Monzón,65-100,2014,3221
22158,Monzón,0-16,2015,2986
22158,Monzón,16-64,2015,11037
22158,Monzón,65-100,2015,3237
22158,Monzón,0-16,2016,2999
22158,Monzón,16-64,2016,11006
22158,Monzón,65-100,2016,3232
22158,Monzón,0-16,2017,2989
22158,Monzón,16-64,2017,10937
22158,Monzón,65-100,2017,3240
22158,Monzón,0-16,2018,2945
22158,Monzón,16-64,2018,10877
22158,Monzón,65-100,2018,3239
22158,Monzón,0-16,2019,2996
22158,Monzón,16-64,2019,10957
22158,Monzón,65-100,2019,3283
22158,Monzón,0-16,2020,3012
22158,Monzón,16-64,2020,11159
22158,Monzón,65-100,2020,3298
22158,Monzón,0-16,2021,2932
22158,Monzón,16-64,2021,11130
22158,Monzón,65-100,2021,3300
22158,Monzón,0-16,2022,2944
22158,Monzón,16-64,2022,11357
22158,Monzón,65-100,2022,3349
22158,Monzón,0-16,2023,2963
22158,Monzón,16-64,2023,11486
22158,Monzón,65-100,2023,3407
22158,Monzón,0-16,2024,2992
22158,Monzón,16-64,2024,11693
22158,Monzón,65-100,2024,3442
22158,Monzón,0-16,2025,3062
22158,Monzón,16-64,2025,11875
22158,Monzón,65-100,2025,3528
22160,Naval,0-16,2003,30
22160,Naval,16-64,2003,175
22160,Naval,65-100,2003,90
22160,Naval,0-16,2004,28
22160,Naval,16-64,2004,177
22160,Naval,65-100,2004,91
22160,Naval,0-16,2005,32
22160,Naval,16-64,2005,185
22160,Naval,65-100,2005,85
22160,Naval,0-16,2006,30
22160,Naval,16-64,2006,184
22160,Naval,65-100,2006,82
22160,Naval,0-16,2007,30
22160,Naval,16-64,2007,181
22160,Naval,65-100,2007,77
22160,Naval,0-16,2008,28
22160,Naval,16-64,2008,170
22160,Naval,65-100,2008,72
22160,Naval,0-16,2009,25
22160,Naval,16-64,2009,173
22160,Naval,65-100,2009,68
22160,Naval,0-16,2010,23
22160,Naval,16-64,2010,172
22160,Naval,65-100,2010,70
22160,Naval,0-16,2011,21
22160,Naval,16-64,2011,166
22160,Naval,65-100,2011,71
22160,Naval,0-16,2012,21
22160,Naval,16-64,2012,160
22160,Naval,65-100,2012,69
22160,Naval,0-16,2013,21
22160,Naval,16-64,2013,157
22160,Naval,65-100,2013,72
22160,Naval,0-16,2014,25
22160,Naval,16-64,2014,155
22160,Naval,65-100,2014,76
22160,Naval,0-16,2015,30
22160,Naval,16-64,2015,156
22160,Naval,65-100,2015,73
22160,Naval,0-16,2016,33
22160,Naval,16-64,2016,159
22160,Naval,65-100,2016,72
22160,Naval,0-16,2017,32
22160,Naval,16-64,2017,167
22160,Naval,65-100,2017,71
22160,Naval,0-16,2018,34
22160,Naval,16-64,2018,162
22160,Naval,65-100,2018,73
22160,Naval,0-16,2019,35
22160,Naval,16-64,2019,165
22160,Naval,65-100,2019,75
22160,Naval,0-16,2020,30
22160,Naval,16-64,2020,165
22160,Naval,65-100,2020,70
22160,Naval,0-16,2021,33
22160,Naval,16-64,2021,162
22160,Naval,65-100,2021,66
22160,Naval,0-16,2022,32
22160,Naval,16-64,2022,163
22160,Naval,65-100,2022,68
22160,Naval,0-16,2023,32
22160,Naval,16-64,2023,165
22160,Naval,65-100,2023,66
22160,Naval,0-16,2024,33
22160,Naval,16-64,2024,165
22160,Naval,65-100,2024,74
22160,Naval,0-16,2025,38
22160,Naval,16-64,2025,164
22160,Naval,65-100,2025,77
22162,Novales,0-16,2003,19
22162,Novales,16-64,2003,105
22162,Novales,65-100,2003,58
22162,Novales,0-16,2004,20
22162,Novales,16-64,2004,110
22162,Novales,65-100,2004,61
22162,Novales,0-16,2005,18
22162,Novales,16-64,2005,114
22162,Novales,65-100,2005,59
22162,Novales,0-16,2006,12
22162,Novales,16-64,2006,111
22162,Novales,65-100,2006,56
22162,Novales,0-16,2007,12
22162,Novales,16-64,2007,111
22162,Novales,65-100,2007,58
22162,Novales,0-16,2008,12
22162,Novales,16-64,2008,104
22162,Novales,65-100,2008,58
22162,Novales,0-16,2009,16
22162,Novales,16-64,2009,110
22162,Novales,65-100,2009,54
22162,Novales,0-16,2010,17
22162,Novales,16-64,2010,114
22162,Novales,65-100,2010,50
22162,Novales,0-16,2011,16
22162,Novales,16-64,2011,110
22162,Novales,65-100,2011,49
22162,Novales,0-16,2012,18
22162,Novales,16-64,2012,111
22162,Novales,65-100,2012,48
22162,Novales,0-16,2013,20
22162,Novales,16-64,2013,113
22162,Novales,65-100,2013,50
22162,Novales,0-16,2014,18
22162,Novales,16-64,2014,110
22162,Novales,65-100,2014,48
22162,Novales,0-16,2015,23
22162,Novales,16-64,2015,110
22162,Novales,65-100,2015,50
22162,Novales,0-16,2016,23
22162,Novales,16-64,2016,108
22162,Novales,65-100,2016,46
22162,Novales,0-16,2017,17
22162,Novales,16-64,2017,94
22162,Novales,65-100,2017,44
22162,Novales,0-16,2018,16
22162,Novales,16-64,2018,97
22162,Novales,65-100,2018,42
22162,Novales,0-16,2019,15
22162,Novales,16-64,2019,97
22162,Novales,65-100,2019,44
22162,Novales,0-16,2020,15
22162,Novales,16-64,2020,97
22162,Novales,65-100,2020,40
22162,Novales,0-16,2021,12
22162,Novales,16-64,2021,95
22162,Novales,65-100,2021,40
22162,Novales,0-16,2022,17
22162,Novales,16-64,2022,101
22162,Novales,65-100,2022,37
22162,Novales,0-16,2023,23
22162,Novales,16-64,2023,116
22162,Novales,65-100,2023,37
22162,Novales,0-16,2024,21
22162,Novales,16-64,2024,102
22162,Novales,65-100,2024,44
22162,Novales,0-16,2025,13
22162,Novales,16-64,2025,98
22162,Novales,65-100,2025,44
22163,Nueno,0-16,2003,40
22163,Nueno,16-64,2003,283
22163,Nueno,65-100,2003,71
22163,Nueno,0-16,2004,43
22163,Nueno,16-64,2004,307
22163,Nueno,65-100,2004,73
22163,Nueno,0-16,2005,48
22163,Nueno,16-64,2005,311
22163,Nueno,65-100,2005,74
22163,Nueno,0-16,2006,56
22163,Nueno,16-64,2006,358
22163,Nueno,65-100,2006,78
22163,Nueno,0-16,2007,64
22163,Nueno,16-64,2007,376
22163,Nueno,65-100,2007,81
22163,Nueno,0-16,2008,69
22163,Nueno,16-64,2008,374
22163,Nueno,65-100,2008,81
22163,Nueno,0-16,2009,76
22163,Nueno,16-64,2009,395
22163,Nueno,65-100,2009,84
22163,Nueno,0-16,2010,84
22163,Nueno,16-64,2010,387
22163,Nueno,65-100,2010,86
22163,Nueno,0-16,2011,87
22163,Nueno,16-64,2011,385
22163,Nueno,65-100,2011,87
22163,Nueno,0-16,2012,91
22163,Nueno,16-64,2012,389
22163,Nueno,65-100,2012,87
22163,Nueno,0-16,2013,96
22163,Nueno,16-64,2013,375
22163,Nueno,65-100,2013,87
22163,Nueno,0-16,2014,97
22163,Nueno,16-64,2014,370
22163,Nueno,65-100,2014,91
22163,Nueno,0-16,2015,91
22163,Nueno,16-64,2015,361
22163,Nueno,65-100,2015,100
22163,Nueno,0-16,2016,84
22163,Nueno,16-64,2016,356
22163,Nueno,65-100,2016,113
22163,Nueno,0-16,2017,80
22163,Nueno,16-64,2017,339
22163,Nueno,65-100,2017,118
22163,Nueno,0-16,2018,87
22163,Nueno,16-64,2018,319
22163,Nueno,65-100,2018,126
22163,Nueno,0-16,2019,87
22163,Nueno,16-64,2019,328
22163,Nueno,65-100,2019,122
22163,Nueno,0-16,2020,85
22163,Nueno,16-64,2020,335
22163,Nueno,65-100,2020,126
22163,Nueno,0-16,2021,90
22163,Nueno,16-64,2021,356
22163,Nueno,65-100,2021,141
22163,Nueno,0-16,2022,93
22163,Nueno,16-64,2022,350
22163,Nueno,65-100,2022,141
22163,Nueno,0-16,2023,93
22163,Nueno,16-64,2023,341
22163,Nueno,65-100,2023,139
22163,Nueno,0-16,2024,89
22163,Nueno,16-64,2024,338
22163,Nueno,65-100,2024,143
22163,Nueno,0-16,2025,85
22163,Nueno,16-64,2025,337
22163,Nueno,65-100,2025,151
22164,Olvena,0-16,2003,1
22164,Olvena,16-64,2003,42
22164,Olvena,65-100,2003,25
22164,Olvena,0-16,2004,2
22164,Olvena,16-64,2004,51
22164,Olvena,65-100,2004,26
22164,Olvena,0-16,2005,2
22164,Olvena,16-64,2005,40
22164,Olvena,65-100,2005,25
22164,Olvena,0-16,2006,2
22164,Olvena,16-64,2006,38
22164,Olvena,65-100,2006,25
22164,Olvena,0-16,2007,5
22164,Olvena,16-64,2007,45
22164,Olvena,65-100,2007,27
22164,Olvena,0-16,2008,5
22164,Olvena,16-64,2008,39
22164,Olvena,65-100,2008,26
22164,Olvena,0-16,2009,7
22164,Olvena,16-64,2009,33
22164,Olvena,65-100,2009,21
22164,Olvena,0-16,2010,7
22164,Olvena,16-64,2010,32
22164,Olvena,65-100,2010,19
22164,Olvena,0-16,2011,7
22164,Olvena,16-64,2011,27
22164,Olvena,65-100,2011,21
22164,Olvena,0-16,2012,7
22164,Olvena,16-64,2012,25
22164,Olvena,65-100,2012,21
22164,Olvena,0-16,2013,12
22164,Olvena,16-64,2013,26
22164,Olvena,65-100,2013,24
22164,Olvena,0-16,2014,12
22164,Olvena,16-64,2014,24
22164,Olvena,65-100,2014,21
22164,Olvena,0-16,2015,8
22164,Olvena,16-64,2015,18
22164,Olvena,65-100,2015,19
22164,Olvena,0-16,2016,9
22164,Olvena,16-64,2016,18
22164,Olvena,65-100,2016,18
22164,Olvena,0-16,2017,10
22164,Olvena,16-64,2017,18
22164,Olvena,65-100,2017,20
22164,Olvena,0-16,2018,10
22164,Olvena,16-64,2018,17
22164,Olvena,65-100,2018,23
22164,Olvena,0-16,2019,9
22164,Olvena,16-64,2019,24
22164,Olvena,65-100,2019,22
22164,Olvena,0-16,2020,9
22164,Olvena,16-64,2020,22
22164,Olvena,65-100,2020,25
22164,Olvena,0-16,2021,9
22164,Olvena,16-64,2021,24
22164,Olvena,65-100,2021,25
22164,Olvena,0-16,2022,11
22164,Olvena,16-64,2022,27
22164,Olvena,65-100,2022,29
22164,Olvena,0-16,2023,8
22164,Olvena,16-64,2023,31
22164,Olvena,65-100,2023,28
22164,Olvena,0-16,2024,9
22164,Olvena,16-64,2024,30
22164,Olvena,65-100,2024,26
22164,Olvena,0-16,2025,8
22164,Olvena,16-64,2025,29
22164,Olvena,65-100,2025,26
22165,Ontiñena,0-16,2003,68
22165,Ontiñena,16-64,2003,345
22165,Ontiñena,65-100,2003,224
22165,Ontiñena,0-16,2004,69
22165,Ontiñena,16-64,2004,347
22165,Ontiñena,65-100,2004,207
22165,Ontiñena,0-16,2005,68
22165,Ontiñena,16-64,2005,351
22165,Ontiñena,65-100,2005,202
22165,Ontiñena,0-16,2006,65
22165,Ontiñena,16-64,2006,343
22165,Ontiñena,65-100,2006,200
22165,Ontiñena,0-16,2007,66
22165,Ontiñena,16-64,2007,348
22165,Ontiñena,65-100,2007,196
22165,Ontiñena,0-16,2008,64
22165,Ontiñena,16-64,2008,354
22165,Ontiñena,65-100,2008,199
22165,Ontiñena,0-16,2009,57
22165,Ontiñena,16-64,2009,351
22165,Ontiñena,65-100,2009,194
22165,Ontiñena,0-16,2010,50
22165,Ontiñena,16-64,2010,350
22165,Ontiñena,65-100,2010,186
22165,Ontiñena,0-16,2011,56
22165,Ontiñena,16-64,2011,354
22165,Ontiñena,65-100,2011,187
22165,Ontiñena,0-16,2012,51
22165,Ontiñena,16-64,2012,350
22165,Ontiñena,65-100,2012,183
22165,Ontiñena,0-16,2013,49
22165,Ontiñena,16-64,2013,349
22165,Ontiñena,65-100,2013,187
22165,Ontiñena,0-16,2014,47
22165,Ontiñena,16-64,2014,341
22165,Ontiñena,65-100,2014,182
22165,Ontiñena,0-16,2015,52
22165,Ontiñena,16-64,2015,341
22165,Ontiñena,65-100,2015,176
22165,Ontiñena,0-16,2016,50
22165,Ontiñena,16-64,2016,336
22165,Ontiñena,65-100,2016,174
22165,Ontiñena,0-16,2017,35
22165,Ontiñena,16-64,2017,328
22165,Ontiñena,65-100,2017,174
22165,Ontiñena,0-16,2018,39
22165,Ontiñena,16-64,2018,324
22165,Ontiñena,65-100,2018,170
22165,Ontiñena,0-16,2019,33
22165,Ontiñena,16-64,2019,323
22165,Ontiñena,65-100,2019,162
22165,Ontiñena,0-16,2020,33
22165,Ontiñena,16-64,2020,314
22165,Ontiñena,65-100,2020,161
22165,Ontiñena,0-16,2021,36
22165,Ontiñena,16-64,2021,302
22165,Ontiñena,65-100,2021,162
22165,Ontiñena,0-16,2022,34
22165,Ontiñena,16-64,2022,318
22165,Ontiñena,65-100,2022,162
22165,Ontiñena,0-16,2023,37
22165,Ontiñena,16-64,2023,318
22165,Ontiñena,65-100,2023,163
22165,Ontiñena,0-16,2024,38
22165,Ontiñena,16-64,2024,309
22165,Ontiñena,65-100,2024,164
22165,Ontiñena,0-16,2025,35
22165,Ontiñena,16-64,2025,298
22165,Ontiñena,65-100,2025,165
22167,Osso de Cinca,0-16,2003,103
22167,Osso de Cinca,16-64,2003,498
22167,Osso de Cinca,65-100,2003,165
22167,Osso de Cinca,0-16,2004,88
22167,Osso de Cinca,16-64,2004,489
22167,Osso de Cinca,65-100,2004,169
22167,Osso de Cinca,0-16,2005,90
22167,Osso de Cinca,16-64,2005,499
22167,Osso de Cinca,65-100,2005,169
22167,Osso de Cinca,0-16,2006,92
22167,Osso de Cinca,16-64,2006,487
22167,Osso de Cinca,65-100,2006,170
22167,Osso de Cinca,0-16,2007,84
22167,Osso de Cinca,16-64,2007,484
22167,Osso de Cinca,65-100,2007,167
22167,Osso de Cinca,0-16,2008,85
22167,Osso de Cinca,16-64,2008,516
22167,Osso de Cinca,65-100,2008,173
22167,Osso de Cinca,0-16,2009,79
22167,Osso de Cinca,16-64,2009,524
22167,Osso de Cinca,65-100,2009,179
22167,Osso de Cinca,0-16,2010,88
22167,Osso de Cinca,16-64,2010,474
22167,Osso de Cinca,65-100,2010,173
22167,Osso de Cinca,0-16,2011,92
22167,Osso de Cinca,16-64,2011,502
22167,Osso de Cinca,65-100,2011,174
22167,Osso de Cinca,0-16,2012,89
22167,Osso de Cinca,16-64,2012,537
22167,Osso de Cinca,65-100,2012,180
22167,Osso de Cinca,0-16,2013,76
22167,Osso de Cinca,16-64,2013,547
22167,Osso de Cinca,65-100,2013,182
22167,Osso de Cinca,0-16,2014,71
22167,Osso de Cinca,16-64,2014,522
22167,Osso de Cinca,65-100,2014,178
22167,Osso de Cinca,0-16,2015,71
22167,Osso de Cinca,16-64,2015,502
22167,Osso de Cinca,65-100,2015,173
22167,Osso de Cinca,0-16,2016,68
22167,Osso de Cinca,16-64,2016,486
22167,Osso de Cinca,65-100,2016,175
22167,Osso de Cinca,0-16,2017,68
22167,Osso de Cinca,16-64,2017,447
22167,Osso de Cinca,65-100,2017,176
22167,Osso de Cinca,0-16,2018,64
22167,Osso de Cinca,16-64,2018,448
22167,Osso de Cinca,65-100,2018,175
22167,Osso de Cinca,0-16,2019,60
22167,Osso de Cinca,16-64,2019,451
22167,Osso de Cinca,65-100,2019,170
22167,Osso de Cinca,0-16,2020,53
22167,Osso de Cinca,16-64,2020,459
22167,Osso de Cinca,65-100,2020,166
22167,Osso de Cinca,0-16,2021,55
22167,Osso de Cinca,16-64,2021,444
22167,Osso de Cinca,65-100,2021,172
22167,Osso de Cinca,0-16,2022,56
22167,Osso de Cinca,16-64,2022,417
22167,Osso de Cinca,65-100,2022,177
22167,Osso de Cinca,0-16,2023,54
22167,Osso de Cinca,16-64,2023,419
22167,Osso de Cinca,65-100,2023,171
22167,Osso de Cinca,0-16,2024,56
22167,Osso de Cinca,16-64,2024,418
22167,Osso de Cinca,65-100,2024,183
22167,Osso de Cinca,0-16,2025,63
22167,Osso de Cinca,16-64,2025,421
22167,Osso de Cinca,65-100,2025,180
22168,Palo,0-16,2003,6
22168,Palo,16-64,2003,23
22168,Palo,65-100,2003,18
22168,Palo,0-16,2004,2
22168,Palo,16-64,2004,19
22168,Palo,65-100,2004,14
22168,Palo,0-16,2005,2
22168,Palo,16-64,2005,19
22168,Palo,65-100,2005,16
22168,Palo,0-16,2006,0
22168,Palo,16-64,2006,25
22168,Palo,65-100,2006,13
22168,Palo,0-16,2007,0
22168,Palo,16-64,2007,28
22168,Palo,65-100,2007,10
22168,Palo,0-16,2008,0
22168,Palo,16-64,2008,23
22168,Palo,65-100,2008,9
22168,Palo,0-16,2009,0
22168,Palo,16-64,2009,17
22168,Palo,65-100,2009,11
22168,Palo,0-16,2010,0
22168,Palo,16-64,2010,13
22168,Palo,65-100,2010,11
22168,Palo,0-16,2011,1
22168,Palo,16-64,2011,17
22168,Palo,65-100,2011,11
22168,Palo,0-16,2012,1
22168,Palo,16-64,2012,15
22168,Palo,65-100,2012,14
22168,Palo,0-16,2013,1
22168,Palo,16-64,2013,12
22168,Palo,65-100,2013,10
22168,Palo,0-16,2014,2
22168,Palo,16-64,2014,11
22168,Palo,65-100,2014,9
22168,Palo,0-16,2015,2
22168,Palo,16-64,2015,13
22168,Palo,65-100,2015,9
22168,Palo,0-16,2016,2
22168,Palo,16-64,2016,12
22168,Palo,65-100,2016,10
22168,Palo,0-16,2017,2
22168,Palo,16-64,2017,13
22168,Palo,65-100,2017,11
22168,Palo,0-16,2018,2
22168,Palo,16-64,2018,13
22168,Palo,65-100,2018,12
22168,Palo,0-16,2019,2
22168,Palo,16-64,2019,14
22168,Palo,65-100,2019,11
22168,Palo,0-16,2020,2
22168,Palo,16-64,2020,13
22168,Palo,65-100,2020,11
22168,Palo,0-16,2021,2
22168,Palo,16-64,2021,14
22168,Palo,65-100,2021,12
22168,Palo,0-16,2022,2
22168,Palo,16-64,2022,17
22168,Palo,65-100,2022,11
22168,Palo,0-16,2023,3
22168,Palo,16-64,2023,18
22168,Palo,65-100,2023,10
22168,Palo,0-16,2024,5
22168,Palo,16-64,2024,17
22168,Palo,65-100,2024,11
22168,Palo,0-16,2025,4
22168,Palo,16-64,2025,16
22168,Palo,65-100,2025,11
22170,Panticosa,0-16,2003,112
22170,Panticosa,16-64,2003,493
22170,Panticosa,65-100,2003,126
22170,Panticosa,0-16,2004,107
22170,Panticosa,16-64,2004,487
22170,Panticosa,65-100,2004,124
22170,Panticosa,0-16,2005,112
22170,Panticosa,16-64,2005,496
22170,Panticosa,65-100,2005,123
22170,Panticosa,0-16,2006,119
22170,Panticosa,16-64,2006,498
22170,Panticosa,65-100,2006,123
22170,Panticosa,0-16,2007,116
22170,Panticosa,16-64,2007,537
22170,Panticosa,65-100,2007,123
22170,Panticosa,0-16,2008,114
22170,Panticosa,16-64,2008,603
22170,Panticosa,65-100,2008,120
22170,Panticosa,0-16,2009,116
22170,Panticosa,16-64,2009,591
22170,Panticosa,65-100,2009,125
22170,Panticosa,0-16,2010,108
22170,Panticosa,16-64,2010,579
22170,Panticosa,65-100,2010,132
22170,Panticosa,0-16,2011,109
22170,Panticosa,16-64,2011,580
22170,Panticosa,65-100,2011,131
22170,Panticosa,0-16,2012,94
22170,Panticosa,16-64,2012,566
22170,Panticosa,65-100,2012,130
22170,Panticosa,0-16,2013,98
22170,Panticosa,16-64,2013,537
22170,Panticosa,65-100,2013,130
22170,Panticosa,0-16,2014,87
22170,Panticosa,16-64,2014,538
22170,Panticosa,65-100,2014,132
22170,Panticosa,0-16,2015,80
22170,Panticosa,16-64,2015,548
22170,Panticosa,65-100,2015,134
22170,Panticosa,0-16,2016,88
22170,Panticosa,16-64,2016,553
22170,Panticosa,65-100,2016,133
22170,Panticosa,0-16,2017,88
22170,Panticosa,16-64,2017,575
22170,Panticosa,65-100,2017,132
22170,Panticosa,0-16,2018,90
22170,Panticosa,16-64,2018,572
22170,Panticosa,65-100,2018,124
22170,Panticosa,0-16,2019,80
22170,Panticosa,16-64,2019,582
22170,Panticosa,65-100,2019,122
22170,Panticosa,0-16,2020,78
22170,Panticosa,16-64,2020,585
22170,Panticosa,65-100,2020,137
22170,Panticosa,0-16,2021,84
22170,Panticosa,16-64,2021,624
22170,Panticosa,65-100,2021,141
22170,Panticosa,0-16,2022,90
22170,Panticosa,16-64,2022,649
22170,Panticosa,65-100,2022,148
22170,Panticosa,0-16,2023,99
22170,Panticosa,16-64,2023,645
22170,Panticosa,65-100,2023,157
22170,Panticosa,0-16,2024,104
22170,Panticosa,16-64,2024,651
22170,Panticosa,65-100,2024,160
22170,Panticosa,0-16,2025,102
22170,Panticosa,16-64,2025,650
22170,Panticosa,65-100,2025,167
22172,Peñalba,0-16,2003,87
22172,Peñalba,16-64,2003,475
22172,Peñalba,65-100,2003,202
22172,Peñalba,0-16,2004,78
22172,Peñalba,16-64,2004,455
22172,Peñalba,65-100,2004,209
22172,Peñalba,0-16,2005,68
22172,Peñalba,16-64,2005,452
22172,Peñalba,65-100,2005,207
22172,Peñalba,0-16,2006,82
22172,Peñalba,16-64,2006,465
22172,Peñalba,65-100,2006,209
22172,Peñalba,0-16,2007,76
22172,Peñalba,16-64,2007,466
22172,Peñalba,65-100,2007,211
22172,Peñalba,0-16,2008,70
22172,Peñalba,16-64,2008,463
22172,Peñalba,65-100,2008,216
22172,Peñalba,0-16,2009,71
22172,Peñalba,16-64,2009,455
22172,Peñalba,65-100,2009,215
22172,Peñalba,0-16,2010,78
22172,Peñalba,16-64,2010,470
22172,Peñalba,65-100,2010,213
22172,Peñalba,0-16,2011,79
22172,Peñalba,16-64,2011,478
22172,Peñalba,65-100,2011,208
22172,Peñalba,0-16,2012,76
22172,Peñalba,16-64,2012,478
22172,Peñalba,65-100,2012,205
22172,Peñalba,0-16,2013,74
22172,Peñalba,16-64,2013,446
22172,Peñalba,65-100,2013,200
22172,Peñalba,0-16,2014,71
22172,Peñalba,16-64,2014,418
22172,Peñalba,65-100,2014,202
22172,Peñalba,0-16,2015,74
22172,Peñalba,16-64,2015,424
22172,Peñalba,65-100,2015,197
22172,Peñalba,0-16,2016,73
22172,Peñalba,16-64,2016,421
22172,Peñalba,65-100,2016,194
22172,Peñalba,0-16,2017,69
22172,Peñalba,16-64,2017,405
22172,Peñalba,65-100,2017,188
22172,Peñalba,0-16,2018,59
22172,Peñalba,16-64,2018,376
22172,Peñalba,65-100,2018,187
22172,Peñalba,0-16,2019,50
22172,Peñalba,16-64,2019,375
22172,Peñalba,65-100,2019,186
22172,Peñalba,0-16,2020,57
22172,Peñalba,16-64,2020,404
22172,Peñalba,65-100,2020,183
22172,Peñalba,0-16,2021,60
22172,Peñalba,16-64,2021,445
22172,Peñalba,65-100,2021,187
22172,Peñalba,0-16,2022,62
22172,Peñalba,16-64,2022,517
22172,Peñalba,65-100,2022,178
22172,Peñalba,0-16,2023,60
22172,Peñalba,16-64,2023,511
22172,Peñalba,65-100,2023,166
22172,Peñalba,0-16,2024,61
22172,Peñalba,16-64,2024,476
22172,Peñalba,65-100,2024,172
22172,Peñalba,0-16,2025,57
22172,Peñalba,16-64,2025,454
22172,Peñalba,65-100,2025,174
22173,Las Peñas de Riglos,0-16,2003,10
22173,Las Peñas de Riglos,16-64,2003,146
22173,Las Peñas de Riglos,65-100,2003,116
22173,Las Peñas de Riglos,0-16,2004,10
22173,Las Peñas de Riglos,16-64,2004,156
22173,Las Peñas de Riglos,65-100,2004,116
22173,Las Peñas de Riglos,0-16,2005,13
22173,Las Peñas de Riglos,16-64,2005,169
22173,Las Peñas de Riglos,65-100,2005,115
22173,Las Peñas de Riglos,0-16,2006,14
22173,Las Peñas de Riglos,16-64,2006,172
22173,Las Peñas de Riglos,65-100,2006,109
22173,Las Peñas de Riglos,0-16,2007,13
22173,Las Peñas de Riglos,16-64,2007,176
22173,Las Peñas de Riglos,65-100,2007,108
22173,Las Peñas de Riglos,0-16,2008,13
22173,Las Peñas de Riglos,16-64,2008,163
22173,Las Peñas de Riglos,65-100,2008,103
22173,Las Peñas de Riglos,0-16,2009,13
22173,Las Peñas de Riglos,16-64,2009,156
22173,Las Peñas de Riglos,65-100,2009,103
22173,Las Peñas de Riglos,0-16,2010,12
22173,Las Peñas de Riglos,16-64,2010,155
22173,Las Peñas de Riglos,65-100,2010,101
22173,Las Peñas de Riglos,0-16,2011,14
22173,Las Peñas de Riglos,16-64,2011,164
22173,Las Peñas de Riglos,65-100,2011,91
22173,Las Peñas de Riglos,0-16,2012,17
22173,Las Peñas de Riglos,16-64,2012,160
22173,Las Peñas de Riglos,65-100,2012,91
22173,Las Peñas de Riglos,0-16,2013,20
22173,Las Peñas de Riglos,16-64,2013,163
22173,Las Peñas de Riglos,65-100,2013,85
22173,Las Peñas de Riglos,0-16,2014,19
22173,Las Peñas de Riglos,16-64,2014,160
22173,Las Peñas de Riglos,65-100,2014,88
22173,Las Peñas de Riglos,0-16,2015,18
22173,Las Peñas de Riglos,16-64,2015,160
22173,Las Peñas de Riglos,65-100,2015,86
22173,Las Peñas de Riglos,0-16,2016,18
22173,Las Peñas de Riglos,16-64,2016,159
22173,Las Peñas de Riglos,65-100,2016,81
22173,Las Peñas de Riglos,0-16,2017,15
22173,Las Peñas de Riglos,16-64,2017,160
22173,Las Peñas de Riglos,65-100,2017,80
22173,Las Peñas de Riglos,0-16,2018,17
22173,Las Peñas de Riglos,16-64,2018,161
22173,Las Peñas de Riglos,65-100,2018,73
22173,Las Peñas de Riglos,0-16,2019,18
22173,Las Peñas de Riglos,16-64,2019,161
22173,Las Peñas de Riglos,65-100,2019,69
22173,Las Peñas de Riglos,0-16,2020,18
22173,Las Peñas de Riglos,16-64,2020,165
22173,Las Peñas de Riglos,65-100,2020,64
22173,Las Peñas de Riglos,0-16,2021,18
22173,Las Peñas de Riglos,16-64,2021,169
22173,Las Peñas de Riglos,65-100,2021,68
22173,Las Peñas de Riglos,0-16,2022,17
22173,Las Peñas de Riglos,16-64,2022,173
22173,Las Peñas de Riglos,65-100,2022,70
22173,Las Peñas de Riglos,0-16,2023,18
22173,Las Peñas de Riglos,16-64,2023,180
22173,Las Peñas de Riglos,65-100,2023,74
22173,Las Peñas de Riglos,0-16,2024,19
22173,Las Peñas de Riglos,16-64,2024,169
22173,Las Peñas de Riglos,65-100,2024,80
22173,Las Peñas de Riglos,0-16,2025,15
22173,Las Peñas de Riglos,16-64,2025,163
22173,Las Peñas de Riglos,65-100,2025,85
22174,Peralta de Alcofea,0-16,2003,47
22174,Peralta de Alcofea,16-64,2003,398
22174,Peralta de Alcofea,65-100,2003,230
22174,Peralta de Alcofea,0-16,2004,49
22174,Peralta de Alcofea,16-64,2004,396
22174,Peralta de Alcofea,65-100,2004,225
22174,Peralta de Alcofea,0-16,2005,56
22174,Peralta de Alcofea,16-64,2005,394
22174,Peralta de Alcofea,65-100,2005,217
22174,Peralta de Alcofea,0-16,2006,46
22174,Peralta de Alcofea,16-64,2006,404
22174,Peralta de Alcofea,65-100,2006,204
22174,Peralta de Alcofea,0-16,2007,40
22174,Peralta de Alcofea,16-64,2007,397
22174,Peralta de Alcofea,65-100,2007,196
22174,Peralta de Alcofea,0-16,2008,43
22174,Peralta de Alcofea,16-64,2008,409
22174,Peralta de Alcofea,65-100,2008,195
22174,Peralta de Alcofea,0-16,2009,44
22174,Peralta de Alcofea,16-64,2009,397
22174,Peralta de Alcofea,65-100,2009,198
22174,Peralta de Alcofea,0-16,2010,43
22174,Peralta de Alcofea,16-64,2010,376
22174,Peralta de Alcofea,65-100,2010,199
22174,Peralta de Alcofea,0-16,2011,49
22174,Peralta de Alcofea,16-64,2011,371
22174,Peralta de Alcofea,65-100,2011,199
22174,Peralta de Alcofea,0-16,2012,40
22174,Peralta de Alcofea,16-64,2012,355
22174,Peralta de Alcofea,65-100,2012,201
22174,Peralta de Alcofea,0-16,2013,36
22174,Peralta de Alcofea,16-64,2013,315
22174,Peralta de Alcofea,65-100,2013,202
22174,Peralta de Alcofea,0-16,2014,43
22174,Peralta de Alcofea,16-64,2014,334
22174,Peralta de Alcofea,65-100,2014,205
22174,Peralta de Alcofea,0-16,2015,51
22174,Peralta de Alcofea,16-64,2015,334
22174,Peralta de Alcofea,65-100,2015,217
22174,Peralta de Alcofea,0-16,2016,47
22174,Peralta de Alcofea,16-64,2016,332
22174,Peralta de Alcofea,65-100,2016,208
22174,Peralta de Alcofea,0-16,2017,42
22174,Peralta de Alcofea,16-64,2017,328
22174,Peralta de Alcofea,65-100,2017,206
22174,Peralta de Alcofea,0-16,2018,39
22174,Peralta de Alcofea,16-64,2018,318
22174,Peralta de Alcofea,65-100,2018,205
22174,Peralta de Alcofea,0-16,2019,40
22174,Peralta de Alcofea,16-64,2019,322
22174,Peralta de Alcofea,65-100,2019,194
22174,Peralta de Alcofea,0-16,2020,45
22174,Peralta de Alcofea,16-64,2020,326
22174,Peralta de Alcofea,65-100,2020,192
22174,Peralta de Alcofea,0-16,2021,45
22174,Peralta de Alcofea,16-64,2021,339
22174,Peralta de Alcofea,65-100,2021,192
22174,Peralta de Alcofea,0-16,2022,49
22174,Peralta de Alcofea,16-64,2022,347
22174,Peralta de Alcofea,65-100,2022,200
22174,Peralta de Alcofea,0-16,2023,54
22174,Peralta de Alcofea,16-64,2023,360
22174,Peralta de Alcofea,65-100,2023,203
22174,Peralta de Alcofea,0-16,2024,44
22174,Peralta de Alcofea,16-64,2024,339
22174,Peralta de Alcofea,65-100,2024,202
22174,Peralta de Alcofea,0-16,2025,39
22174,Peralta de Alcofea,16-64,2025,334
22174,Peralta de Alcofea,65-100,2025,200
22175,Peralta de Calasanz,0-16,2003,10
22175,Peralta de Calasanz,16-64,2003,136
22175,Peralta de Calasanz,65-100,2003,131
22175,Peralta de Calasanz,0-16,2004,13
22175,Peralta de Calasanz,16-64,2004,134
22175,Peralta de Calasanz,65-100,2004,127
22175,Peralta de Calasanz,0-16,2005,13
22175,Peralta de Calasanz,16-64,2005,131
22175,Peralta de Calasanz,65-100,2005,121
22175,Peralta de Calasanz,0-16,2006,13
22175,Peralta de Calasanz,16-64,2006,126
22175,Peralta de Calasanz,65-100,2006,122
22175,Peralta de Calasanz,0-16,2007,13
22175,Peralta de Calasanz,16-64,2007,122
22175,Peralta de Calasanz,65-100,2007,117
22175,Peralta de Calasanz,0-16,2008,12
22175,Peralta de Calasanz,16-64,2008,123
22175,Peralta de Calasanz,65-100,2008,113
22175,Peralta de Calasanz,0-16,2009,9
22175,Peralta de Calasanz,16-64,2009,118
22175,Peralta de Calasanz,65-100,2009,105
22175,Peralta de Calasanz,0-16,2010,13
22175,Peralta de Calasanz,16-64,2010,125
22175,Peralta de Calasanz,65-100,2010,97
22175,Peralta de Calasanz,0-16,2011,13
22175,Peralta de Calasanz,16-64,2011,128
22175,Peralta de Calasanz,65-100,2011,102
22175,Peralta de Calasanz,0-16,2012,14
22175,Peralta de Calasanz,16-64,2012,134
22175,Peralta de Calasanz,65-100,2012,94
22175,Peralta de Calasanz,0-16,2013,16
22175,Peralta de Calasanz,16-64,2013,131
22175,Peralta de Calasanz,65-100,2013,93
22175,Peralta de Calasanz,0-16,2014,17
22175,Peralta de Calasanz,16-64,2014,128
22175,Peralta de Calasanz,65-100,2014,95
22175,Peralta de Calasanz,0-16,2015,17
22175,Peralta de Calasanz,16-64,2015,125
22175,Peralta de Calasanz,65-100,2015,91
22175,Peralta de Calasanz,0-16,2016,16
22175,Peralta de Calasanz,16-64,2016,122
22175,Peralta de Calasanz,65-100,2016,90
22175,Peralta de Calasanz,0-16,2017,17
22175,Peralta de Calasanz,16-64,2017,117
22175,Peralta de Calasanz,65-100,2017,87
22175,Peralta de Calasanz,0-16,2018,15
22175,Peralta de Calasanz,16-64,2018,118
22175,Peralta de Calasanz,65-100,2018,86
22175,Peralta de Calasanz,0-16,2019,15
22175,Peralta de Calasanz,16-64,2019,111
22175,Peralta de Calasanz,65-100,2019,84
22175,Peralta de Calasanz,0-16,2020,15
22175,Peralta de Calasanz,16-64,2020,114
22175,Peralta de Calasanz,65-100,2020,81
22175,Peralta de Calasanz,0-16,2021,20
22175,Peralta de Calasanz,16-64,2021,124
22175,Peralta de Calasanz,65-100,2021,82
22175,Peralta de Calasanz,0-16,2022,18
22175,Peralta de Calasanz,16-64,2022,121
22175,Peralta de Calasanz,65-100,2022,82
22175,Peralta de Calasanz,0-16,2023,29
22175,Peralta de Calasanz,16-64,2023,162
22175,Peralta de Calasanz,65-100,2023,79
22175,Peralta de Calasanz,0-16,2024,19
22175,Peralta de Calasanz,16-64,2024,124
22175,Peralta de Calasanz,65-100,2024,72
22175,Peralta de Calasanz,0-16,2025,14
22175,Peralta de Calasanz,16-64,2025,123
22175,Peralta de Calasanz,65-100,2025,68
22176,Peraltilla,0-16,2003,28
22176,Peraltilla,16-64,2003,107
22176,Peraltilla,65-100,2003,45
22176,Peraltilla,0-16,2004,24
22176,Peraltilla,16-64,2004,110
22176,Peraltilla,65-100,2004,47
22176,Peraltilla,0-16,2005,21
22176,Peraltilla,16-64,2005,109
22176,Peraltilla,65-100,2005,47
22176,Peraltilla,0-16,2006,20
22176,Peraltilla,16-64,2006,118
22176,Peraltilla,65-100,2006,43
22176,Peraltilla,0-16,2007,21
22176,Peraltilla,16-64,2007,122
22176,Peraltilla,65-100,2007,41
22176,Peraltilla,0-16,2008,25
22176,Peraltilla,16-64,2008,134
22176,Peraltilla,65-100,2008,41
22176,Peraltilla,0-16,2009,25
22176,Peraltilla,16-64,2009,133
22176,Peraltilla,65-100,2009,40
22176,Peraltilla,0-16,2010,22
22176,Peraltilla,16-64,2010,139
22176,Peraltilla,65-100,2010,39
22176,Peraltilla,0-16,2011,19
22176,Peraltilla,16-64,2011,150
22176,Peraltilla,65-100,2011,43
22176,Peraltilla,0-16,2012,16
22176,Peraltilla,16-64,2012,141
22176,Peraltilla,65-100,2012,45
22176,Peraltilla,0-16,2013,12
22176,Peraltilla,16-64,2013,140
22176,Peraltilla,65-100,2013,49
22176,Peraltilla,0-16,2014,15
22176,Peraltilla,16-64,2014,138
22176,Peraltilla,65-100,2014,53
22176,Peraltilla,0-16,2015,14
22176,Peraltilla,16-64,2015,136
22176,Peraltilla,65-100,2015,51
22176,Peraltilla,0-16,2016,16
22176,Peraltilla,16-64,2016,132
22176,Peraltilla,65-100,2016,49
22176,Peraltilla,0-16,2017,19
22176,Peraltilla,16-64,2017,134
22176,Peraltilla,65-100,2017,47
22176,Peraltilla,0-16,2018,18
22176,Peraltilla,16-64,2018,134
22176,Peraltilla,65-100,2018,47
22176,Peraltilla,0-16,2019,16
22176,Peraltilla,16-64,2019,131
22176,Peraltilla,65-100,2019,49
22176,Peraltilla,0-16,2020,23
22176,Peraltilla,16-64,2020,131
22176,Peraltilla,65-100,2020,55
22176,Peraltilla,0-16,2021,26
22176,Peraltilla,16-64,2021,139
22176,Peraltilla,65-100,2021,59
22176,Peraltilla,0-16,2022,29
22176,Peraltilla,16-64,2022,134
22176,Peraltilla,65-100,2022,60
22176,Peraltilla,0-16,2023,29
22176,Peraltilla,16-64,2023,130
22176,Peraltilla,65-100,2023,65
22176,Peraltilla,0-16,2024,29
22176,Peraltilla,16-64,2024,124
22176,Peraltilla,65-100,2024,61
22176,Peraltilla,0-16,2025,29
22176,Peraltilla,16-64,2025,127
22176,Peraltilla,65-100,2025,56
22177,Perarrúa,0-16,2003,10
22177,Perarrúa,16-64,2003,64
22177,Perarrúa,65-100,2003,50
22177,Perarrúa,0-16,2004,11
22177,Perarrúa,16-64,2004,63
22177,Perarrúa,65-100,2004,49
22177,Perarrúa,0-16,2005,10
22177,Perarrúa,16-64,2005,62
22177,Perarrúa,65-100,2005,45
22177,Perarrúa,0-16,2006,8
22177,Perarrúa,16-64,2006,61
22177,Perarrúa,65-100,2006,41
22177,Perarrúa,0-16,2007,8
22177,Perarrúa,16-64,2007,57
22177,Perarrúa,65-100,2007,40
22177,Perarrúa,0-16,2008,7
22177,Perarrúa,16-64,2008,53
22177,Perarrúa,65-100,2008,39
22177,Perarrúa,0-16,2009,8
22177,Perarrúa,16-64,2009,50
22177,Perarrúa,65-100,2009,40
22177,Perarrúa,0-16,2010,12
22177,Perarrúa,16-64,2010,61
22177,Perarrúa,65-100,2010,39
22177,Perarrúa,0-16,2011,11
22177,Perarrúa,16-64,2011,61
22177,Perarrúa,65-100,2011,40
22177,Perarrúa,0-16,2012,9
22177,Perarrúa,16-64,2012,61
22177,Perarrúa,65-100,2012,39
22177,Perarrúa,0-16,2013,10
22177,Perarrúa,16-64,2013,61
22177,Perarrúa,65-100,2013,36
22177,Perarrúa,0-16,2014,12
22177,Perarrúa,16-64,2014,67
22177,Perarrúa,65-100,2014,34
22177,Perarrúa,0-16,2015,11
22177,Perarrúa,16-64,2015,67
22177,Perarrúa,65-100,2015,33
22177,Perarrúa,0-16,2016,12
22177,Perarrúa,16-64,2016,68
22177,Perarrúa,65-100,2016,33
22177,Perarrúa,0-16,2017,10
22177,Perarrúa,16-64,2017,68
22177,Perarrúa,65-100,2017,34
22177,Perarrúa,0-16,2018,10
22177,Perarrúa,16-64,2018,63
22177,Perarrúa,65-100,2018,36
22177,Perarrúa,0-16,2019,9
22177,Perarrúa,16-64,2019,65
22177,Perarrúa,65-100,2019,37
22177,Perarrúa,0-16,2020,8
22177,Perarrúa,16-64,2020,61
22177,Perarrúa,65-100,2020,37
22177,Perarrúa,0-16,2021,11
22177,Perarrúa,16-64,2021,60
22177,Perarrúa,65-100,2021,36
22177,Perarrúa,0-16,2022,12
22177,Perarrúa,16-64,2022,59
22177,Perarrúa,65-100,2022,37
22177,Perarrúa,0-16,2023,14
22177,Perarrúa,16-64,2023,60
22177,Perarrúa,65-100,2023,38
22177,Perarrúa,0-16,2024,15
22177,Perarrúa,16-64,2024,58
22177,Perarrúa,65-100,2024,39
22177,Perarrúa,0-16,2025,15
22177,Perarrúa,16-64,2025,64
22177,Perarrúa,65-100,2025,37
22178,Pertusa,0-16,2003,13
22178,Pertusa,16-64,2003,101
22178,Pertusa,65-100,2003,31
22178,Pertusa,0-16,2004,13
22178,Pertusa,16-64,2004,94
22178,Pertusa,65-100,2004,28
22178,Pertusa,0-16,2005,12
22178,Pertusa,16-64,2005,90
22178,Pertusa,65-100,2005,29
22178,Pertusa,0-16,2006,7
22178,Pertusa,16-64,2006,88
22178,Pertusa,65-100,2006,29
22178,Pertusa,0-16,2007,10
22178,Pertusa,16-64,2007,86
22178,Pertusa,65-100,2007,27
22178,Pertusa,0-16,2008,10
22178,Pertusa,16-64,2008,84
22178,Pertusa,65-100,2008,28
22178,Pertusa,0-16,2009,8
22178,Pertusa,16-64,2009,77
22178,Pertusa,65-100,2009,25
22178,Pertusa,0-16,2010,7
22178,Pertusa,16-64,2010,78
22178,Pertusa,65-100,2010,28
22178,Pertusa,0-16,2011,8
22178,Pertusa,16-64,2011,80
22178,Pertusa,65-100,2011,29
22178,Pertusa,0-16,2012,10
22178,Pertusa,16-64,2012,79
22178,Pertusa,65-100,2012,32
22178,Pertusa,0-16,2013,11
22178,Pertusa,16-64,2013,77
22178,Pertusa,65-100,2013,36
22178,Pertusa,0-16,2014,11
22178,Pertusa,16-64,2014,68
22178,Pertusa,65-100,2014,42
22178,Pertusa,0-16,2015,11
22178,Pertusa,16-64,2015,74
22178,Pertusa,65-100,2015,39
22178,Pertusa,0-16,2016,10
22178,Pertusa,16-64,2016,68
22178,Pertusa,65-100,2016,37
22178,Pertusa,0-16,2017,7
22178,Pertusa,16-64,2017,71
22178,Pertusa,65-100,2017,36
22178,Pertusa,0-16,2018,8
22178,Pertusa,16-64,2018,66
22178,Pertusa,65-100,2018,36
22178,Pertusa,0-16,2019,7
22178,Pertusa,16-64,2019,66
22178,Pertusa,65-100,2019,40
22178,Pertusa,0-16,2020,5
22178,Pertusa,16-64,2020,76
22178,Pertusa,65-100,2020,39
22178,Pertusa,0-16,2021,9
22178,Pertusa,16-64,2021,75
22178,Pertusa,65-100,2021,45
22178,Pertusa,0-16,2022,8
22178,Pertusa,16-64,2022,72
22178,Pertusa,65-100,2022,45
22178,Pertusa,0-16,2023,12
22178,Pertusa,16-64,2023,82
22178,Pertusa,65-100,2023,44
22178,Pertusa,0-16,2024,11
22178,Pertusa,16-64,2024,80
22178,Pertusa,65-100,2024,45
22178,Pertusa,0-16,2025,6
22178,Pertusa,16-64,2025,77
22178,Pertusa,65-100,2025,46
22181,Piracés,0-16,2003,11
22181,Piracés,16-64,2003,57
22181,Piracés,65-100,2003,35
22181,Piracés,0-16,2004,8
22181,Piracés,16-64,2004,58
22181,Piracés,65-100,2004,37
22181,Piracés,0-16,2005,6
22181,Piracés,16-64,2005,62
22181,Piracés,65-100,2005,38
22181,Piracés,0-16,2006,6
22181,Piracés,16-64,2006,64
22181,Piracés,65-100,2006,40
22181,Piracés,0-16,2007,2
22181,Piracés,16-64,2007,61
22181,Piracés,65-100,2007,38
22181,Piracés,0-16,2008,2
22181,Piracés,16-64,2008,59
22181,Piracés,65-100,2008,36
22181,Piracés,0-16,2009,2
22181,Piracés,16-64,2009,58
22181,Piracés,65-100,2009,36
22181,Piracés,0-16,2010,4
22181,Piracés,16-64,2010,62
22181,Piracés,65-100,2010,38
22181,Piracés,0-16,2011,3
22181,Piracés,16-64,2011,59
22181,Piracés,65-100,2011,41
22181,Piracés,0-16,2012,4
22181,Piracés,16-64,2012,57
22181,Piracés,65-100,2012,39
22181,Piracés,0-16,2013,7
22181,Piracés,16-64,2013,57
22181,Piracés,65-100,2013,38
22181,Piracés,0-16,2014,9
22181,Piracés,16-64,2014,59
22181,Piracés,65-100,2014,38
22181,Piracés,0-16,2015,9
22181,Piracés,16-64,2015,60
22181,Piracés,65-100,2015,38
22181,Piracés,0-16,2016,8
22181,Piracés,16-64,2016,55
22181,Piracés,65-100,2016,40
22181,Piracés,0-16,2017,8
22181,Piracés,16-64,2017,58
22181,Piracés,65-100,2017,38
22181,Piracés,0-16,2018,8
22181,Piracés,16-64,2018,54
22181,Piracés,65-100,2018,36
22181,Piracés,0-16,2019,9
22181,Piracés,16-64,2019,59
22181,Piracés,65-100,2019,34
22181,Piracés,0-16,2020,9
22181,Piracés,16-64,2020,58
22181,Piracés,65-100,2020,33
22181,Piracés,0-16,2021,7
22181,Piracés,16-64,2021,58
22181,Piracés,65-100,2021,31
22181,Piracés,0-16,2022,9
22181,Piracés,16-64,2022,57
22181,Piracés,65-100,2022,29
22181,Piracés,0-16,2023,9
22181,Piracés,16-64,2023,59
22181,Piracés,65-100,2023,29
22181,Piracés,0-16,2024,9
22181,Piracés,16-64,2024,56
22181,Piracés,65-100,2024,28
22181,Piracés,0-16,2025,8
22181,Piracés,16-64,2025,56
22181,Piracés,65-100,2025,27
22182,Plan,0-16,2003,38
22182,Plan,16-64,2003,191
22182,Plan,65-100,2003,90
22182,Plan,0-16,2004,37
22182,Plan,16-64,2004,187
22182,Plan,65-100,2004,90
22182,Plan,0-16,2005,39
22182,Plan,16-64,2005,193
22182,Plan,65-100,2005,87
22182,Plan,0-16,2006,41
22182,Plan,16-64,2006,193
22182,Plan,65-100,2006,85
22182,Plan,0-16,2007,40
22182,Plan,16-64,2007,198
22182,Plan,65-100,2007,85
22182,Plan,0-16,2008,39
22182,Plan,16-64,2008,199
22182,Plan,65-100,2008,91
22182,Plan,0-16,2009,39
22182,Plan,16-64,2009,202
22182,Plan,65-100,2009,91
22182,Plan,0-16,2010,42
22182,Plan,16-64,2010,198
22182,Plan,65-100,2010,96
22182,Plan,0-16,2011,39
22182,Plan,16-64,2011,191
22182,Plan,65-100,2011,97
22182,Plan,0-16,2012,35
22182,Plan,16-64,2012,188
22182,Plan,65-100,2012,91
22182,Plan,0-16,2013,36
22182,Plan,16-64,2013,182
22182,Plan,65-100,2013,94
22182,Plan,0-16,2014,38
22182,Plan,16-64,2014,184
22182,Plan,65-100,2014,92
22182,Plan,0-16,2015,40
22182,Plan,16-64,2015,176
22182,Plan,65-100,2015,87
22182,Plan,0-16,2016,38
22182,Plan,16-64,2016,176
22182,Plan,65-100,2016,85
22182,Plan,0-16,2017,37
22182,Plan,16-64,2017,168
22182,Plan,65-100,2017,82
22182,Plan,0-16,2018,40
22182,Plan,16-64,2018,164
22182,Plan,65-100,2018,83
22182,Plan,0-16,2019,30
22182,Plan,16-64,2019,171
22182,Plan,65-100,2019,82
22182,Plan,0-16,2020,31
22182,Plan,16-64,2020,166
22182,Plan,65-100,2020,76
22182,Plan,0-16,2021,29
22182,Plan,16-64,2021,163
22182,Plan,65-100,2021,82
22182,Plan,0-16,2022,30
22182,Plan,16-64,2022,167
22182,Plan,65-100,2022,86
22182,Plan,0-16,2023,32
22182,Plan,16-64,2023,168
22182,Plan,65-100,2023,84
22182,Plan,0-16,2024,26
22182,Plan,16-64,2024,170
22182,Plan,65-100,2024,87
22182,Plan,0-16,2025,26
22182,Plan,16-64,2025,161
22182,Plan,65-100,2025,87
22184,Poleñino,0-16,2003,21
22184,Poleñino,16-64,2003,165
22184,Poleñino,65-100,2003,81
22184,Poleñino,0-16,2004,20
22184,Poleñino,16-64,2004,159
22184,Poleñino,65-100,2004,77
22184,Poleñino,0-16,2005,17
22184,Poleñino,16-64,2005,154
22184,Poleñino,65-100,2005,75
22184,Poleñino,0-16,2006,14
22184,Poleñino,16-64,2006,157
22184,Poleñino,65-100,2006,76
22184,Poleñino,0-16,2007,13
22184,Poleñino,16-64,2007,150
22184,Poleñino,65-100,2007,74
22184,Poleñino,0-16,2008,11
22184,Poleñino,16-64,2008,146
22184,Poleñino,65-100,2008,70
22184,Poleñino,0-16,2009,11
22184,Poleñino,16-64,2009,141
22184,Poleñino,65-100,2009,70
22184,Poleñino,0-16,2010,15
22184,Poleñino,16-64,2010,143
22184,Poleñino,65-100,2010,68
22184,Poleñino,0-16,2011,15
22184,Poleñino,16-64,2011,141
22184,Poleñino,65-100,2011,68
22184,Poleñino,0-16,2012,14
22184,Poleñino,16-64,2012,135
22184,Poleñino,65-100,2012,68
22184,Poleñino,0-16,2013,16
22184,Poleñino,16-64,2013,135
22184,Poleñino,65-100,2013,64
22184,Poleñino,0-16,2014,18
22184,Poleñino,16-64,2014,131
22184,Poleñino,65-100,2014,67
22184,Poleñino,0-16,2015,18
22184,Poleñino,16-64,2015,135
22184,Poleñino,65-100,2015,64
22184,Poleñino,0-16,2016,19
22184,Poleñino,16-64,2016,130
22184,Poleñino,65-100,2016,60
22184,Poleñino,0-16,2017,20
22184,Poleñino,16-64,2017,128
22184,Poleñino,65-100,2017,57
22184,Poleñino,0-16,2018,19
22184,Poleñino,16-64,2018,125
22184,Poleñino,65-100,2018,56
22184,Poleñino,0-16,2019,19
22184,Poleñino,16-64,2019,128
22184,Poleñino,65-100,2019,53
22184,Poleñino,0-16,2020,22
22184,Poleñino,16-64,2020,129
22184,Poleñino,65-100,2020,59
22184,Poleñino,0-16,2021,20
22184,Poleñino,16-64,2021,120
22184,Poleñino,65-100,2021,59
22184,Poleñino,0-16,2022,19
22184,Poleñino,16-64,2022,110
22184,Poleñino,65-100,2022,64
22184,Poleñino,0-16,2023,21
22184,Poleñino,16-64,2023,104
22184,Poleñino,65-100,2023,71
22184,Poleñino,0-16,2024,17
22184,Poleñino,16-64,2024,110
22184,Poleñino,65-100,2024,71
22184,Poleñino,0-16,2025,14
22184,Poleñino,16-64,2025,97
22184,Poleñino,65-100,2025,72
22186,Pozán de Vero,0-16,2003,17
22186,Pozán de Vero,16-64,2003,118
22186,Pozán de Vero,65-100,2003,113
22186,Pozán de Vero,0-16,2004,15
22186,Pozán de Vero,16-64,2004,121
22186,Pozán de Vero,65-100,2004,108
22186,Pozán de Vero,0-16,2005,19
22186,Pozán de Vero,16-64,2005,129
22186,Pozán de Vero,65-100,2005,109
22186,Pozán de Vero,0-16,2006,20
22186,Pozán de Vero,16-64,2006,133
22186,Pozán de Vero,65-100,2006,103
22186,Pozán de Vero,0-16,2007,18
22186,Pozán de Vero,16-64,2007,133
22186,Pozán de Vero,65-100,2007,100
22186,Pozán de Vero,0-16,2008,17
22186,Pozán de Vero,16-64,2008,133
22186,Pozán de Vero,65-100,2008,102
22186,Pozán de Vero,0-16,2009,15
22186,Pozán de Vero,16-64,2009,136
22186,Pozán de Vero,65-100,2009,99
22186,Pozán de Vero,0-16,2010,15
22186,Pozán de Vero,16-64,2010,131
22186,Pozán de Vero,65-100,2010,98
22186,Pozán de Vero,0-16,2011,18
22186,Pozán de Vero,16-64,2011,131
22186,Pozán de Vero,65-100,2011,92
22186,Pozán de Vero,0-16,2012,24
22186,Pozán de Vero,16-64,2012,132
22186,Pozán de Vero,65-100,2012,87
22186,Pozán de Vero,0-16,2013,20
22186,Pozán de Vero,16-64,2013,127
22186,Pozán de Vero,65-100,2013,83
22186,Pozán de Vero,0-16,2014,21
22186,Pozán de Vero,16-64,2014,122
22186,Pozán de Vero,65-100,2014,82
22186,Pozán de Vero,0-16,2015,20
22186,Pozán de Vero,16-64,2015,123
22186,Pozán de Vero,65-100,2015,78
22186,Pozán de Vero,0-16,2016,19
22186,Pozán de Vero,16-64,2016,113
22186,Pozán de Vero,65-100,2016,72
22186,Pozán de Vero,0-16,2017,23
22186,Pozán de Vero,16-64,2017,122
22186,Pozán de Vero,65-100,2017,69
22186,Pozán de Vero,0-16,2018,28
22186,Pozán de Vero,16-64,2018,123
22186,Pozán de Vero,65-100,2018,67
22186,Pozán de Vero,0-16,2019,32
22186,Pozán de Vero,16-64,2019,127
22186,Pozán de Vero,65-100,2019,69
22186,Pozán de Vero,0-16,2020,28
22186,Pozán de Vero,16-64,2020,116
22186,Pozán de Vero,65-100,2020,70
22186,Pozán de Vero,0-16,2021,37
22186,Pozán de Vero,16-64,2021,128
22186,Pozán de Vero,65-100,2021,69
22186,Pozán de Vero,0-16,2022,39
22186,Pozán de Vero,16-64,2022,129
22186,Pozán de Vero,65-100,2022,73
22186,Pozán de Vero,0-16,2023,39
22186,Pozán de Vero,16-64,2023,122
22186,Pozán de Vero,65-100,2023,72
22186,Pozán de Vero,0-16,2024,38
22186,Pozán de Vero,16-64,2024,128
22186,Pozán de Vero,65-100,2024,70
22186,Pozán de Vero,0-16,2025,39
22186,Pozán de Vero,16-64,2025,120
22186,Pozán de Vero,65-100,2025,68
22187,La Puebla de Castro,0-16,2003,46
22187,La Puebla de Castro,16-64,2003,211
22187,La Puebla de Castro,65-100,2003,94
22187,La Puebla de Castro,0-16,2004,46
22187,La Puebla de Castro,16-64,2004,231
22187,La Puebla de Castro,65-100,2004,95
22187,La Puebla de Castro,0-16,2005,47
22187,La Puebla de Castro,16-64,2005,232
22187,La Puebla de Castro,65-100,2005,94
22187,La Puebla de Castro,0-16,2006,44
22187,La Puebla de Castro,16-64,2006,241
22187,La Puebla de Castro,65-100,2006,97
22187,La Puebla de Castro,0-16,2007,44
22187,La Puebla de Castro,16-64,2007,260
22187,La Puebla de Castro,65-100,2007,99
22187,La Puebla de Castro,0-16,2008,57
22187,La Puebla de Castro,16-64,2008,254
22187,La Puebla de Castro,65-100,2008,99
22187,La Puebla de Castro,0-16,2009,63
22187,La Puebla de Castro,16-64,2009,271
22187,La Puebla de Castro,65-100,2009,94
22187,La Puebla de Castro,0-16,2010,62
22187,La Puebla de Castro,16-64,2010,273
22187,La Puebla de Castro,65-100,2010,98
22187,La Puebla de Castro,0-16,2011,60
22187,La Puebla de Castro,16-64,2011,260
22187,La Puebla de Castro,65-100,2011,96
22187,La Puebla de Castro,0-16,2012,55
22187,La Puebla de Castro,16-64,2012,281
22187,La Puebla de Castro,65-100,2012,94
22187,La Puebla de Castro,0-16,2013,52
22187,La Puebla de Castro,16-64,2013,266
22187,La Puebla de Castro,65-100,2013,97
22187,La Puebla de Castro,0-16,2014,56
22187,La Puebla de Castro,16-64,2014,251
22187,La Puebla de Castro,65-100,2014,94
22187,La Puebla de Castro,0-16,2015,51
22187,La Puebla de Castro,16-64,2015,236
22187,La Puebla de Castro,65-100,2015,96
22187,La Puebla de Castro,0-16,2016,48
22187,La Puebla de Castro,16-64,2016,239
22187,La Puebla de Castro,65-100,2016,92
22187,La Puebla de Castro,0-16,2017,51
22187,La Puebla de Castro,16-64,2017,223
22187,La Puebla de Castro,65-100,2017,87
22187,La Puebla de Castro,0-16,2018,52
22187,La Puebla de Castro,16-64,2018,233
22187,La Puebla de Castro,65-100,2018,87
22187,La Puebla de Castro,0-16,2019,49
22187,La Puebla de Castro,16-64,2019,249
22187,La Puebla de Castro,65-100,2019,85
22187,La Puebla de Castro,0-16,2020,49
22187,La Puebla de Castro,16-64,2020,248
22187,La Puebla de Castro,65-100,2020,80
22187,La Puebla de Castro,0-16,2021,52
22187,La Puebla de Castro,16-64,2021,253
22187,La Puebla de Castro,65-100,2021,86
22187,La Puebla de Castro,0-16,2022,58
22187,La Puebla de Castro,16-64,2022,272
22187,La Puebla de Castro,65-100,2022,85
22187,La Puebla de Castro,0-16,2023,59
22187,La Puebla de Castro,16-64,2023,268
22187,La Puebla de Castro,65-100,2023,92
22187,La Puebla de Castro,0-16,2024,58
22187,La Puebla de Castro,16-64,2024,281
22187,La Puebla de Castro,65-100,2024,91
22187,La Puebla de Castro,0-16,2025,54
22187,La Puebla de Castro,16-64,2025,281
22187,La Puebla de Castro,65-100,2025,92
22188,Puente de Montañana,0-16,2003,7
22188,Puente de Montañana,16-64,2003,50
22188,Puente de Montañana,65-100,2003,50
22188,Puente de Montañana,0-16,2004,6
22188,Puente de Montañana,16-64,2004,48
22188,Puente de Montañana,65-100,2004,48
22188,Puente de Montañana,0-16,2005,3
22188,Puente de Montañana,16-64,2005,46
22188,Puente de Montañana,65-100,2005,50
22188,Puente de Montañana,0-16,2006,3
22188,Puente de Montañana,16-64,2006,43
22188,Puente de Montañana,65-100,2006,42
22188,Puente de Montañana,0-16,2007,10
22188,Puente de Montañana,16-64,2007,93
22188,Puente de Montañana,65-100,2007,49
22188,Puente de Montañana,0-16,2008,11
22188,Puente de Montañana,16-64,2008,90
22188,Puente de Montañana,65-100,2008,50
22188,Puente de Montañana,0-16,2009,12
22188,Puente de Montañana,16-64,2009,96
22188,Puente de Montañana,65-100,2009,47
22188,Puente de Montañana,0-16,2010,15
22188,Puente de Montañana,16-64,2010,90
22188,Puente de Montañana,65-100,2010,43
22188,Puente de Montañana,0-16,2011,15
22188,Puente de Montañana,16-64,2011,86
22188,Puente de Montañana,65-100,2011,42
22188,Puente de Montañana,0-16,2012,15
22188,Puente de Montañana,16-64,2012,74
22188,Puente de Montañana,65-100,2012,44
22188,Puente de Montañana,0-16,2013,13
22188,Puente de Montañana,16-64,2013,74
22188,Puente de Montañana,65-100,2013,42
22188,Puente de Montañana,0-16,2014,10
22188,Puente de Montañana,16-64,2014,66
22188,Puente de Montañana,65-100,2014,43
22188,Puente de Montañana,0-16,2015,7
22188,Puente de Montañana,16-64,2015,57
22188,Puente de Montañana,65-100,2015,43
22188,Puente de Montañana,0-16,2016,5
22188,Puente de Montañana,16-64,2016,56
22188,Puente de Montañana,65-100,2016,42
22188,Puente de Montañana,0-16,2017,4
22188,Puente de Montañana,16-64,2017,53
22188,Puente de Montañana,65-100,2017,39
22188,Puente de Montañana,0-16,2018,4
22188,Puente de Montañana,16-64,2018,50
22188,Puente de Montañana,65-100,2018,39
22188,Puente de Montañana,0-16,2019,3
22188,Puente de Montañana,16-64,2019,49
22188,Puente de Montañana,65-100,2019,37
22188,Puente de Montañana,0-16,2020,6
22188,Puente de Montañana,16-64,2020,50
22188,Puente de Montañana,65-100,2020,37
22188,Puente de Montañana,0-16,2021,5
22188,Puente de Montañana,16-64,2021,56
22188,Puente de Montañana,65-100,2021,35
22188,Puente de Montañana,0-16,2022,5
22188,Puente de Montañana,16-64,2022,52
22188,Puente de Montañana,65-100,2022,37
22188,Puente de Montañana,0-16,2023,7
22188,Puente de Montañana,16-64,2023,56
22188,Puente de Montañana,65-100,2023,37
22188,Puente de Montañana,0-16,2024,8
22188,Puente de Montañana,16-64,2024,54
22188,Puente de Montañana,65-100,2024,34
22188,Puente de Montañana,0-16,2025,4
22188,Puente de Montañana,16-64,2025,52
22188,Puente de Montañana,65-100,2025,31
22189,Puértolas,0-16,2003,22
22189,Puértolas,16-64,2003,147
22189,Puértolas,65-100,2003,54
22189,Puértolas,0-16,2004,22
22189,Puértolas,16-64,2004,145
22189,Puértolas,65-100,2004,57
22189,Puértolas,0-16,2005,21
22189,Puértolas,16-64,2005,149
22189,Puértolas,65-100,2005,60
22189,Puértolas,0-16,2006,13
22189,Puértolas,16-64,2006,152
22189,Puértolas,65-100,2006,57
22189,Puértolas,0-16,2007,16
22189,Puértolas,16-64,2007,157
22189,Puértolas,65-100,2007,54
22189,Puértolas,0-16,2008,18
22189,Puértolas,16-64,2008,178
22189,Puértolas,65-100,2008,56
22189,Puértolas,0-16,2009,16
22189,Puértolas,16-64,2009,170
22189,Puértolas,65-100,2009,53
22189,Puértolas,0-16,2010,22
22189,Puértolas,16-64,2010,162
22189,Puértolas,65-100,2010,57
22189,Puértolas,0-16,2011,22
22189,Puértolas,16-64,2011,155
22189,Puértolas,65-100,2011,56
22189,Puértolas,0-16,2012,20
22189,Puértolas,16-64,2012,149
22189,Puértolas,65-100,2012,56
22189,Puértolas,0-16,2013,18
22189,Puértolas,16-64,2013,139
22189,Puértolas,65-100,2013,57
22189,Puértolas,0-16,2014,19
22189,Puértolas,16-64,2014,138
22189,Puértolas,65-100,2014,60
22189,Puértolas,0-16,2015,22
22189,Puértolas,16-64,2015,128
22189,Puértolas,65-100,2015,57
22189,Puértolas,0-16,2016,25
22189,Puértolas,16-64,2016,127
22189,Puértolas,65-100,2016,61
22189,Puértolas,0-16,2017,25
22189,Puértolas,16-64,2017,127
22189,Puértolas,65-100,2017,58
22189,Puértolas,0-16,2018,23
22189,Puértolas,16-64,2018,132
22189,Puértolas,65-100,2018,60
22189,Puértolas,0-16,2019,24
22189,Puértolas,16-64,2019,124
22189,Puértolas,65-100,2019,64
22189,Puértolas,0-16,2020,28
22189,Puértolas,16-64,2020,121
22189,Puértolas,65-100,2020,64
22189,Puértolas,0-16,2021,28
22189,Puértolas,16-64,2021,119
22189,Puértolas,65-100,2021,65
22189,Puértolas,0-16,2022,29
22189,Puértolas,16-64,2022,128
22189,Puértolas,65-100,2022,59
22189,Puértolas,0-16,2023,29
22189,Puértolas,16-64,2023,136
22189,Puértolas,65-100,2023,59
22189,Puértolas,0-16,2024,31
22189,Puértolas,16-64,2024,137
22189,Puértolas,65-100,2024,58
22189,Puértolas,0-16,2025,30
22189,Puértolas,16-64,2025,129
22189,Puértolas,65-100,2025,60
22190,El Pueyo de Araguás,0-16,2003,14
22190,El Pueyo de Araguás,16-64,2003,90
22190,El Pueyo de Araguás,65-100,2003,39
22190,El Pueyo de Araguás,0-16,2004,15
22190,El Pueyo de Araguás,16-64,2004,99
22190,El Pueyo de Araguás,65-100,2004,37
22190,El Pueyo de Araguás,0-16,2005,15
22190,El Pueyo de Araguás,16-64,2005,106
22190,El Pueyo de Araguás,65-100,2005,39
22190,El Pueyo de Araguás,0-16,2006,19
22190,El Pueyo de Araguás,16-64,2006,107
22190,El Pueyo de Araguás,65-100,2006,38
22190,El Pueyo de Araguás,0-16,2007,18
22190,El Pueyo de Araguás,16-64,2007,102
22190,El Pueyo de Araguás,65-100,2007,39
22190,El Pueyo de Araguás,0-16,2008,18
22190,El Pueyo de Araguás,16-64,2008,98
22190,El Pueyo de Araguás,65-100,2008,39
22190,El Pueyo de Araguás,0-16,2009,19
22190,El Pueyo de Araguás,16-64,2009,98
22190,El Pueyo de Araguás,65-100,2009,36
22190,El Pueyo de Araguás,0-16,2010,17
22190,El Pueyo de Araguás,16-64,2010,92
22190,El Pueyo de Araguás,65-100,2010,41
22190,El Pueyo de Araguás,0-16,2011,17
22190,El Pueyo de Araguás,16-64,2011,94
22190,El Pueyo de Araguás,65-100,2011,40
22190,El Pueyo de Araguás,0-16,2012,18
22190,El Pueyo de Araguás,16-64,2012,99
22190,El Pueyo de Araguás,65-100,2012,37
22190,El Pueyo de Araguás,0-16,2013,21
22190,El Pueyo de Araguás,16-64,2013,94
22190,El Pueyo de Araguás,65-100,2013,38
22190,El Pueyo de Araguás,0-16,2014,21
22190,El Pueyo de Araguás,16-64,2014,87
22190,El Pueyo de Araguás,65-100,2014,37
22190,El Pueyo de Araguás,0-16,2015,24
22190,El Pueyo de Araguás,16-64,2015,90
22190,El Pueyo de Araguás,65-100,2015,35
22190,El Pueyo de Araguás,0-16,2016,25
22190,El Pueyo de Araguás,16-64,2016,92
22190,El Pueyo de Araguás,65-100,2016,39
22190,El Pueyo de Araguás,0-16,2017,24
22190,El Pueyo de Araguás,16-64,2017,92
22190,El Pueyo de Araguás,65-100,2017,36
22190,El Pueyo de Araguás,0-16,2018,26
22190,El Pueyo de Araguás,16-64,2018,92
22190,El Pueyo de Araguás,65-100,2018,36
22190,El Pueyo de Araguás,0-16,2019,28
22190,El Pueyo de Araguás,16-64,2019,97
22190,El Pueyo de Araguás,65-100,2019,36
22190,El Pueyo de Araguás,0-16,2020,25
22190,El Pueyo de Araguás,16-64,2020,96
22190,El Pueyo de Araguás,65-100,2020,40
22190,El Pueyo de Araguás,0-16,2021,25
22190,El Pueyo de Araguás,16-64,2021,101
22190,El Pueyo de Araguás,65-100,2021,41
22190,El Pueyo de Araguás,0-16,2022,24
22190,El Pueyo de Araguás,16-64,2022,103
22190,El Pueyo de Araguás,65-100,2022,41
22190,El Pueyo de Araguás,0-16,2023,24
22190,El Pueyo de Araguás,16-64,2023,109
22190,El Pueyo de Araguás,65-100,2023,40
22190,El Pueyo de Araguás,0-16,2024,21
22190,El Pueyo de Araguás,16-64,2024,111
22190,El Pueyo de Araguás,65-100,2024,39
22190,El Pueyo de Araguás,0-16,2025,24
22190,El Pueyo de Araguás,16-64,2025,114
22190,El Pueyo de Araguás,65-100,2025,40
22193,Pueyo de Santa Cruz,0-16,2003,31
22193,Pueyo de Santa Cruz,16-64,2003,184
22193,Pueyo de Santa Cruz,65-100,2003,120
22193,Pueyo de Santa Cruz,0-16,2004,28
22193,Pueyo de Santa Cruz,16-64,2004,183
22193,Pueyo de Santa Cruz,65-100,2004,119
22193,Pueyo de Santa Cruz,0-16,2005,27
22193,Pueyo de Santa Cruz,16-64,2005,190
22193,Pueyo de Santa Cruz,65-100,2005,117
22193,Pueyo de Santa Cruz,0-16,2006,30
22193,Pueyo de Santa Cruz,16-64,2006,198
22193,Pueyo de Santa Cruz,65-100,2006,119
22193,Pueyo de Santa Cruz,0-16,2007,38
22193,Pueyo de Santa Cruz,16-64,2007,219
22193,Pueyo de Santa Cruz,65-100,2007,120
22193,Pueyo de Santa Cruz,0-16,2008,34
22193,Pueyo de Santa Cruz,16-64,2008,218
22193,Pueyo de Santa Cruz,65-100,2008,114
22193,Pueyo de Santa Cruz,0-16,2009,34
22193,Pueyo de Santa Cruz,16-64,2009,220
22193,Pueyo de Santa Cruz,65-100,2009,116
22193,Pueyo de Santa Cruz,0-16,2010,37
22193,Pueyo de Santa Cruz,16-64,2010,221
22193,Pueyo de Santa Cruz,65-100,2010,111
22193,Pueyo de Santa Cruz,0-16,2011,34
22193,Pueyo de Santa Cruz,16-64,2011,228
22193,Pueyo de Santa Cruz,65-100,2011,109
22193,Pueyo de Santa Cruz,0-16,2012,34
22193,Pueyo de Santa Cruz,16-64,2012,225
22193,Pueyo de Santa Cruz,65-100,2012,103
22193,Pueyo de Santa Cruz,0-16,2013,35
22193,Pueyo de Santa Cruz,16-64,2013,221
22193,Pueyo de Santa Cruz,65-100,2013,102
22193,Pueyo de Santa Cruz,0-16,2014,32
22193,Pueyo de Santa Cruz,16-64,2014,208
22193,Pueyo de Santa Cruz,65-100,2014,98
22193,Pueyo de Santa Cruz,0-16,2015,32
22193,Pueyo de Santa Cruz,16-64,2015,202
22193,Pueyo de Santa Cruz,65-100,2015,94
22193,Pueyo de Santa Cruz,0-16,2016,29
22193,Pueyo de Santa Cruz,16-64,2016,192
22193,Pueyo de Santa Cruz,65-100,2016,96
22193,Pueyo de Santa Cruz,0-16,2017,33
22193,Pueyo de Santa Cruz,16-64,2017,202
22193,Pueyo de Santa Cruz,65-100,2017,93
22193,Pueyo de Santa Cruz,0-16,2018,31
22193,Pueyo de Santa Cruz,16-64,2018,192
22193,Pueyo de Santa Cruz,65-100,2018,91
22193,Pueyo de Santa Cruz,0-16,2019,32
22193,Pueyo de Santa Cruz,16-64,2019,191
22193,Pueyo de Santa Cruz,65-100,2019,95
22193,Pueyo de Santa Cruz,0-16,2020,38
22193,Pueyo de Santa Cruz,16-64,2020,200
22193,Pueyo de Santa Cruz,65-100,2020,93
22193,Pueyo de Santa Cruz,0-16,2021,39
22193,Pueyo de Santa Cruz,16-64,2021,195
22193,Pueyo de Santa Cruz,65-100,2021,92
22193,Pueyo de Santa Cruz,0-16,2022,34
22193,Pueyo de Santa Cruz,16-64,2022,193
22193,Pueyo de Santa Cruz,65-100,2022,91
22193,Pueyo de Santa Cruz,0-16,2023,38
22193,Pueyo de Santa Cruz,16-64,2023,205
22193,Pueyo de Santa Cruz,65-100,2023,87
22193,Pueyo de Santa Cruz,0-16,2024,41
22193,Pueyo de Santa Cruz,16-64,2024,201
22193,Pueyo de Santa Cruz,65-100,2024,82
22193,Pueyo de Santa Cruz,0-16,2025,44
22193,Pueyo de Santa Cruz,16-64,2025,215
22193,Pueyo de Santa Cruz,65-100,2025,74
22195,Quicena,0-16,2003,13
22195,Quicena,16-64,2003,93
22195,Quicena,65-100,2003,40
22195,Quicena,0-16,2004,30
22195,Quicena,16-64,2004,138
22195,Quicena,65-100,2004,39
22195,Quicena,0-16,2005,40
22195,Quicena,16-64,2005,150
22195,Quicena,65-100,2005,38
22195,Quicena,0-16,2006,53
22195,Quicena,16-64,2006,180
22195,Quicena,65-100,2006,41
22195,Quicena,0-16,2007,57
22195,Quicena,16-64,2007,209
22195,Quicena,65-100,2007,38
22195,Quicena,0-16,2008,56
22195,Quicena,16-64,2008,214
22195,Quicena,65-100,2008,36
22195,Quicena,0-16,2009,56
22195,Quicena,16-64,2009,210
22195,Quicena,65-100,2009,39
22195,Quicena,0-16,2010,55
22195,Quicena,16-64,2010,207
22195,Quicena,65-100,2010,40
22195,Quicena,0-16,2011,46
22195,Quicena,16-64,2011,202
22195,Quicena,65-100,2011,42
22195,Quicena,0-16,2012,46
22195,Quicena,16-64,2012,202
22195,Quicena,65-100,2012,43
22195,Quicena,0-16,2013,48
22195,Quicena,16-64,2013,204
22195,Quicena,65-100,2013,46
22195,Quicena,0-16,2014,47
22195,Quicena,16-64,2014,208
22195,Quicena,65-100,2014,45
22195,Quicena,0-16,2015,44
22195,Quicena,16-64,2015,200
22195,Quicena,65-100,2015,42
22195,Quicena,0-16,2016,40
22195,Quicena,16-64,2016,197
22195,Quicena,65-100,2016,49
22195,Quicena,0-16,2017,42
22195,Quicena,16-64,2017,193
22195,Quicena,65-100,2017,48
22195,Quicena,0-16,2018,34
22195,Quicena,16-64,2018,200
22195,Quicena,65-100,2018,49
22195,Quicena,0-16,2019,33
22195,Quicena,16-64,2019,199
22195,Quicena,65-100,2019,48
22195,Quicena,0-16,2020,33
22195,Quicena,16-64,2020,200
22195,Quicena,65-100,2020,49
22195,Quicena,0-16,2021,31
22195,Quicena,16-64,2021,208
22195,Quicena,65-100,2021,52
22195,Quicena,0-16,2022,34
22195,Quicena,16-64,2022,208
22195,Quicena,65-100,2022,53
22195,Quicena,0-16,2023,42
22195,Quicena,16-64,2023,233
22195,Quicena,65-100,2023,53
22195,Quicena,0-16,2024,35
22195,Quicena,16-64,2024,237
22195,Quicena,65-100,2024,58
22195,Quicena,0-16,2025,35
22195,Quicena,16-64,2025,298
22195,Quicena,65-100,2025,58
22197,Robres,0-16,2003,59
22197,Robres,16-64,2003,406
22197,Robres,65-100,2003,192
22197,Robres,0-16,2004,53
22197,Robres,16-64,2004,408
22197,Robres,65-100,2004,200
22197,Robres,0-16,2005,50
22197,Robres,16-64,2005,419
22197,Robres,65-100,2005,190
22197,Robres,0-16,2006,44
22197,Robres,16-64,2006,411
22197,Robres,65-100,2006,188
22197,Robres,0-16,2007,53
22197,Robres,16-64,2007,410
22197,Robres,65-100,2007,186
22197,Robres,0-16,2008,54
22197,Robres,16-64,2008,410
22197,Robres,65-100,2008,179
22197,Robres,0-16,2009,55
22197,Robres,16-64,2009,396
22197,Robres,65-100,2009,181
22197,Robres,0-16,2010,55
22197,Robres,16-64,2010,397
22197,Robres,65-100,2010,178
22197,Robres,0-16,2011,50
22197,Robres,16-64,2011,379
22197,Robres,65-100,2011,177
22197,Robres,0-16,2012,58
22197,Robres,16-64,2012,372
22197,Robres,65-100,2012,175
22197,Robres,0-16,2013,55
22197,Robres,16-64,2013,358
22197,Robres,65-100,2013,169
22197,Robres,0-16,2014,55
22197,Robres,16-64,2014,353
22197,Robres,65-100,2014,167
22197,Robres,0-16,2015,58
22197,Robres,16-64,2015,353
22197,Robres,65-100,2015,175
22197,Robres,0-16,2016,63
22197,Robres,16-64,2016,336
22197,Robres,65-100,2016,170
22197,Robres,0-16,2017,62
22197,Robres,16-64,2017,330
22197,Robres,65-100,2017,169
22197,Robres,0-16,2018,55
22197,Robres,16-64,2018,318
22197,Robres,65-100,2018,168
22197,Robres,0-16,2019,51
22197,Robres,16-64,2019,314
22197,Robres,65-100,2019,162
22197,Robres,0-16,2020,46
22197,Robres,16-64,2020,309
22197,Robres,65-100,2020,159
22197,Robres,0-16,2021,55
22197,Robres,16-64,2021,305
22197,Robres,65-100,2021,165
22197,Robres,0-16,2022,60
22197,Robres,16-64,2022,313
22197,Robres,65-100,2022,164
22197,Robres,0-16,2023,57
22197,Robres,16-64,2023,300
22197,Robres,65-100,2023,169
22197,Robres,0-16,2024,63
22197,Robres,16-64,2024,293
22197,Robres,65-100,2024,176
22197,Robres,0-16,2025,63
22197,Robres,16-64,2025,280
22197,Robres,65-100,2025,181
22199,Sabiñánigo,0-16,2003,1155
22199,Sabiñánigo,16-64,2003,5676
22199,Sabiñánigo,65-100,2003,1966
22199,Sabiñánigo,0-16,2004,1189
22199,Sabiñánigo,16-64,2004,5719
22199,Sabiñánigo,65-100,2004,1947
22199,Sabiñánigo,0-16,2005,1205
22199,Sabiñánigo,16-64,2005,5855
22199,Sabiñánigo,65-100,2005,1963
22199,Sabiñánigo,0-16,2006,1243
22199,Sabiñánigo,16-64,2006,6061
22199,Sabiñánigo,65-100,2006,1960
22199,Sabiñánigo,0-16,2007,1339
22199,Sabiñánigo,16-64,2007,6369
22199,Sabiñánigo,65-100,2007,1965
22199,Sabiñánigo,0-16,2008,1390
22199,Sabiñánigo,16-64,2008,6716
22199,Sabiñánigo,65-100,2008,2006
22199,Sabiñánigo,0-16,2009,1426
22199,Sabiñánigo,16-64,2009,6944
22199,Sabiñánigo,65-100,2009,2008
22199,Sabiñánigo,0-16,2010,1458
22199,Sabiñánigo,16-64,2010,6916
22199,Sabiñánigo,65-100,2010,2009
22199,Sabiñánigo,0-16,2011,1474
22199,Sabiñánigo,16-64,2011,6859
22199,Sabiñánigo,65-100,2011,2012
22199,Sabiñánigo,0-16,2012,1498
22199,Sabiñánigo,16-64,2012,6761
22199,Sabiñánigo,65-100,2012,1982
22199,Sabiñánigo,0-16,2013,1479
22199,Sabiñánigo,16-64,2013,6684
22199,Sabiñánigo,65-100,2013,1966
22199,Sabiñánigo,0-16,2014,1440
22199,Sabiñánigo,16-64,2014,6470
22199,Sabiñánigo,65-100,2014,1973
22199,Sabiñánigo,0-16,2015,1391
22199,Sabiñánigo,16-64,2015,6229
22199,Sabiñánigo,65-100,2015,1978
22199,Sabiñánigo,0-16,2016,1330
22199,Sabiñánigo,16-64,2016,6047
22199,Sabiñánigo,65-100,2016,1972
22199,Sabiñánigo,0-16,2017,1326
22199,Sabiñánigo,16-64,2017,5945
22199,Sabiñánigo,65-100,2017,1983
22199,Sabiñánigo,0-16,2018,1303
22199,Sabiñánigo,16-64,2018,5935
22199,Sabiñánigo,65-100,2018,2007
22199,Sabiñánigo,0-16,2019,1293
22199,Sabiñánigo,16-64,2019,5919
22199,Sabiñánigo,65-100,2019,2026
22199,Sabiñánigo,0-16,2020,1251
22199,Sabiñánigo,16-64,2020,5879
22199,Sabiñánigo,65-100,2020,2055
22199,Sabiñánigo,0-16,2021,1294
22199,Sabiñánigo,16-64,2021,5958
22199,Sabiñánigo,65-100,2021,2100
22199,Sabiñánigo,0-16,2022,1265
22199,Sabiñánigo,16-64,2022,5968
22199,Sabiñánigo,65-100,2022,2138
22199,Sabiñánigo,0-16,2023,1265
22199,Sabiñánigo,16-64,2023,5977
22199,Sabiñánigo,65-100,2023,2152
22199,Sabiñánigo,0-16,2024,1266
22199,Sabiñánigo,16-64,2024,6052
22199,Sabiñánigo,65-100,2024,2222
22199,Sabiñánigo,0-16,2025,1245
22199,Sabiñánigo,16-64,2025,6135
22199,Sabiñánigo,65-100,2025,2285
22200,Sahún,0-16,2003,14
22200,Sahún,16-64,2003,153
22200,Sahún,65-100,2003,81
22200,Sahún,0-16,2004,12
22200,Sahún,16-64,2004,150
22200,Sahún,65-100,2004,79
22200,Sahún,0-16,2005,10
22200,Sahún,16-64,2005,145
22200,Sahún,65-100,2005,78
22200,Sahún,0-16,2006,34
22200,Sahún,16-64,2006,220
22200,Sahún,65-100,2006,77
22200,Sahún,0-16,2007,46
22200,Sahún,16-64,2007,243
22200,Sahún,65-100,2007,75
22200,Sahún,0-16,2008,45
22200,Sahún,16-64,2008,254
22200,Sahún,65-100,2008,73
22200,Sahún,0-16,2009,46
22200,Sahún,16-64,2009,253
22200,Sahún,65-100,2009,69
22200,Sahún,0-16,2010,44
22200,Sahún,16-64,2010,244
22200,Sahún,65-100,2010,72
22200,Sahún,0-16,2011,38
22200,Sahún,16-64,2011,231
22200,Sahún,65-100,2011,73
22200,Sahún,0-16,2012,45
22200,Sahún,16-64,2012,222
22200,Sahún,65-100,2012,73
22200,Sahún,0-16,2013,45
22200,Sahún,16-64,2013,211
22200,Sahún,65-100,2013,70
22200,Sahún,0-16,2014,38
22200,Sahún,16-64,2014,196
22200,Sahún,65-100,2014,70
22200,Sahún,0-16,2015,41
22200,Sahún,16-64,2015,193
22200,Sahún,65-100,2015,74
22200,Sahún,0-16,2016,43
22200,Sahún,16-64,2016,183
22200,Sahún,65-100,2016,77
22200,Sahún,0-16,2017,45
22200,Sahún,16-64,2017,181
22200,Sahún,65-100,2017,79
22200,Sahún,0-16,2018,42
22200,Sahún,16-64,2018,182
22200,Sahún,65-100,2018,70
22200,Sahún,0-16,2019,51
22200,Sahún,16-64,2019,192
22200,Sahún,65-100,2019,69
22200,Sahún,0-16,2020,43
22200,Sahún,16-64,2020,189
22200,Sahún,65-100,2020,71
22200,Sahún,0-16,2021,42
22200,Sahún,16-64,2021,192
22200,Sahún,65-100,2021,68
22200,Sahún,0-16,2022,39
22200,Sahún,16-64,2022,197
22200,Sahún,65-100,2022,72
22200,Sahún,0-16,2023,37
22200,Sahún,16-64,2023,210
22200,Sahún,65-100,2023,74
22200,Sahún,0-16,2024,32
22200,Sahún,16-64,2024,213
22200,Sahún,65-100,2024,76
22200,Sahún,0-16,2025,31
22200,Sahún,16-64,2025,211
22200,Sahún,65-100,2025,80
22201,Salas Altas,0-16,2003,31
22201,Salas Altas,16-64,2003,180
22201,Salas Altas,65-100,2003,165
22201,Salas Altas,0-16,2004,31
22201,Salas Altas,16-64,2004,177
22201,Salas Altas,65-100,2004,158
22201,Salas Altas,0-16,2005,29
22201,Salas Altas,16-64,2005,174
22201,Salas Altas,65-100,2005,146
22201,Salas Altas,0-16,2006,23
22201,Salas Altas,16-64,2006,164
22201,Salas Altas,65-100,2006,143
22201,Salas Altas,0-16,2007,22
22201,Salas Altas,16-64,2007,164
22201,Salas Altas,65-100,2007,140
22201,Salas Altas,0-16,2008,19
22201,Salas Altas,16-64,2008,164
22201,Salas Altas,65-100,2008,137
22201,Salas Altas,0-16,2009,16
22201,Salas Altas,16-64,2009,159
22201,Salas Altas,65-100,2009,130
22201,Salas Altas,0-16,2010,20
22201,Salas Altas,16-64,2010,165
22201,Salas Altas,65-100,2010,126
22201,Salas Altas,0-16,2011,21
22201,Salas Altas,16-64,2011,168
22201,Salas Altas,65-100,2011,121
22201,Salas Altas,0-16,2012,20
22201,Salas Altas,16-64,2012,161
22201,Salas Altas,65-100,2012,130
22201,Salas Altas,0-16,2013,22
22201,Salas Altas,16-64,2013,152
22201,Salas Altas,65-100,2013,128
22201,Salas Altas,0-16,2014,27
22201,Salas Altas,16-64,2014,172
22201,Salas Altas,65-100,2014,120
22201,Salas Altas,0-16,2015,29
22201,Salas Altas,16-64,2015,174
22201,Salas Altas,65-100,2015,110
22201,Salas Altas,0-16,2016,25
22201,Salas Altas,16-64,2016,177
22201,Salas Altas,65-100,2016,108
22201,Salas Altas,0-16,2017,25
22201,Salas Altas,16-64,2017,171
22201,Salas Altas,65-100,2017,107
22201,Salas Altas,0-16,2018,30
22201,Salas Altas,16-64,2018,175
22201,Salas Altas,65-100,2018,103
22201,Salas Altas,0-16,2019,32
22201,Salas Altas,16-64,2019,180
22201,Salas Altas,65-100,2019,104
22201,Salas Altas,0-16,2020,28
22201,Salas Altas,16-64,2020,169
22201,Salas Altas,65-100,2020,109
22201,Salas Altas,0-16,2021,27
22201,Salas Altas,16-64,2021,175
22201,Salas Altas,65-100,2021,107
22201,Salas Altas,0-16,2022,30
22201,Salas Altas,16-64,2022,172
22201,Salas Altas,65-100,2022,114
22201,Salas Altas,0-16,2023,35
22201,Salas Altas,16-64,2023,166
22201,Salas Altas,65-100,2023,104
22201,Salas Altas,0-16,2024,32
22201,Salas Altas,16-64,2024,166
22201,Salas Altas,65-100,2024,94
22201,Salas Altas,0-16,2025,39
22201,Salas Altas,16-64,2025,165
22201,Salas Altas,65-100,2025,93
22202,Salas Bajas,0-16,2003,8
22202,Salas Bajas,16-64,2003,86
22202,Salas Bajas,65-100,2003,55
22202,Salas Bajas,0-16,2004,13
22202,Salas Bajas,16-64,2004,91
22202,Salas Bajas,65-100,2004,52
22202,Salas Bajas,0-16,2005,13
22202,Salas Bajas,16-64,2005,88
22202,Salas Bajas,65-100,2005,50
22202,Salas Bajas,0-16,2006,11
22202,Salas Bajas,16-64,2006,83
22202,Salas Bajas,65-100,2006,50
22202,Salas Bajas,0-16,2007,10
22202,Salas Bajas,16-64,2007,86
22202,Salas Bajas,65-100,2007,48
22202,Salas Bajas,0-16,2008,10
22202,Salas Bajas,16-64,2008,82
22202,Salas Bajas,65-100,2008,46
22202,Salas Bajas,0-16,2009,9
22202,Salas Bajas,16-64,2009,80
22202,Salas Bajas,65-100,2009,47
22202,Salas Bajas,0-16,2010,11
22202,Salas Bajas,16-64,2010,88
22202,Salas Bajas,65-100,2010,50
22202,Salas Bajas,0-16,2011,11
22202,Salas Bajas,16-64,2011,82
22202,Salas Bajas,65-100,2011,47
22202,Salas Bajas,0-16,2012,11
22202,Salas Bajas,16-64,2012,82
22202,Salas Bajas,65-100,2012,45
22202,Salas Bajas,0-16,2013,15
22202,Salas Bajas,16-64,2013,77
22202,Salas Bajas,65-100,2013,44
22202,Salas Bajas,0-16,2014,18
22202,Salas Bajas,16-64,2014,96
22202,Salas Bajas,65-100,2014,47
22202,Salas Bajas,0-16,2015,21
22202,Salas Bajas,16-64,2015,102
22202,Salas Bajas,65-100,2015,45
22202,Salas Bajas,0-16,2016,21
22202,Salas Bajas,16-64,2016,101
22202,Salas Bajas,65-100,2016,47
22202,Salas Bajas,0-16,2017,22
22202,Salas Bajas,16-64,2017,102
22202,Salas Bajas,65-100,2017,47
22202,Salas Bajas,0-16,2018,21
22202,Salas Bajas,16-64,2018,101
22202,Salas Bajas,65-100,2018,45
22202,Salas Bajas,0-16,2019,20
22202,Salas Bajas,16-64,2019,109
22202,Salas Bajas,65-100,2019,46
22202,Salas Bajas,0-16,2020,19
22202,Salas Bajas,16-64,2020,118
22202,Salas Bajas,65-100,2020,48
22202,Salas Bajas,0-16,2021,22
22202,Salas Bajas,16-64,2021,126
22202,Salas Bajas,65-100,2021,45
22202,Salas Bajas,0-16,2022,21
22202,Salas Bajas,16-64,2022,124
22202,Salas Bajas,65-100,2022,45
22202,Salas Bajas,0-16,2023,24
22202,Salas Bajas,16-64,2023,125
22202,Salas Bajas,65-100,2023,42
22202,Salas Bajas,0-16,2024,21
22202,Salas Bajas,16-64,2024,118
22202,Salas Bajas,65-100,2024,41
22202,Salas Bajas,0-16,2025,20
22202,Salas Bajas,16-64,2025,119
22202,Salas Bajas,65-100,2025,45
22203,Salillas,0-16,2003,7
22203,Salillas,16-64,2003,63
22203,Salillas,65-100,2003,48
22203,Salillas,0-16,2004,6
22203,Salillas,16-64,2004,61
22203,Salillas,65-100,2004,48
22203,Salillas,0-16,2005,7
22203,Salillas,16-64,2005,69
22203,Salillas,65-100,2005,44
22203,Salillas,0-16,2006,7
22203,Salillas,16-64,2006,67
22203,Salillas,65-100,2006,45
22203,Salillas,0-16,2007,5
22203,Salillas,16-64,2007,69
22203,Salillas,65-100,2007,45
22203,Salillas,0-16,2008,6
22203,Salillas,16-64,2008,65
22203,Salillas,65-100,2008,48
22203,Salillas,0-16,2009,5
22203,Salillas,16-64,2009,64
22203,Salillas,65-100,2009,46
22203,Salillas,0-16,2010,4
22203,Salillas,16-64,2010,61
22203,Salillas,65-100,2010,45
22203,Salillas,0-16,2011,5
22203,Salillas,16-64,2011,58
22203,Salillas,65-100,2011,43
22203,Salillas,0-16,2012,5
22203,Salillas,16-64,2012,61
22203,Salillas,65-100,2012,40
22203,Salillas,0-16,2013,5
22203,Salillas,16-64,2013,56
22203,Salillas,65-100,2013,41
22203,Salillas,0-16,2014,5
22203,Salillas,16-64,2014,63
22203,Salillas,65-100,2014,39
22203,Salillas,0-16,2015,6
22203,Salillas,16-64,2015,56
22203,Salillas,65-100,2015,39
22203,Salillas,0-16,2016,7
22203,Salillas,16-64,2016,49
22203,Salillas,65-100,2016,42
22203,Salillas,0-16,2017,7
22203,Salillas,16-64,2017,52
22203,Salillas,65-100,2017,42
22203,Salillas,0-16,2018,7
22203,Salillas,16-64,2018,50
22203,Salillas,65-100,2018,39
22203,Salillas,0-16,2019,6
22203,Salillas,16-64,2019,49
22203,Salillas,65-100,2019,39
22203,Salillas,0-16,2020,5
22203,Salillas,16-64,2020,51
22203,Salillas,65-100,2020,35
22203,Salillas,0-16,2021,9
22203,Salillas,16-64,2021,58
22203,Salillas,65-100,2021,40
22203,Salillas,0-16,2022,8
22203,Salillas,16-64,2022,56
22203,Salillas,65-100,2022,38
22203,Salillas,0-16,2023,8
22203,Salillas,16-64,2023,58
22203,Salillas,65-100,2023,38
22203,Salillas,0-16,2024,9
22203,Salillas,16-64,2024,56
22203,Salillas,65-100,2024,35
22203,Salillas,0-16,2025,8
22203,Salillas,16-64,2025,50
22203,Salillas,65-100,2025,35
22204,Sallent de Gállego,0-16,2003,154
22204,Sallent de Gállego,16-64,2003,855
22204,Sallent de Gállego,65-100,2003,163
22204,Sallent de Gállego,0-16,2004,164
22204,Sallent de Gállego,16-64,2004,899
22204,Sallent de Gállego,65-100,2004,164
22204,Sallent de Gállego,0-16,2005,180
22204,Sallent de Gállego,16-64,2005,973
22204,Sallent de Gállego,65-100,2005,163
22204,Sallent de Gállego,0-16,2006,196
22204,Sallent de Gállego,16-64,2006,1019
22204,Sallent de Gállego,65-100,2006,169
22204,Sallent de Gállego,0-16,2007,186
22204,Sallent de Gállego,16-64,2007,1047
22204,Sallent de Gállego,65-100,2007,167
22204,Sallent de Gállego,0-16,2008,188
22204,Sallent de Gállego,16-64,2008,1013
22204,Sallent de Gállego,65-100,2008,175
22204,Sallent de Gállego,0-16,2009,211
22204,Sallent de Gállego,16-64,2009,1088
22204,Sallent de Gállego,65-100,2009,181
22204,Sallent de Gállego,0-16,2010,221
22204,Sallent de Gállego,16-64,2010,1132
22204,Sallent de Gállego,65-100,2010,189
22204,Sallent de Gállego,0-16,2011,215
22204,Sallent de Gállego,16-64,2011,1121
22204,Sallent de Gállego,65-100,2011,200
22204,Sallent de Gállego,0-16,2012,220
22204,Sallent de Gállego,16-64,2012,1090
22204,Sallent de Gállego,65-100,2012,202
22204,Sallent de Gállego,0-16,2013,226
22204,Sallent de Gállego,16-64,2013,1063
22204,Sallent de Gállego,65-100,2013,201
22204,Sallent de Gállego,0-16,2014,234
22204,Sallent de Gállego,16-64,2014,1039
22204,Sallent de Gállego,65-100,2014,211
22204,Sallent de Gállego,0-16,2015,220
22204,Sallent de Gállego,16-64,2015,1003
22204,Sallent de Gállego,65-100,2015,218
22204,Sallent de Gállego,0-16,2016,229
22204,Sallent de Gállego,16-64,2016,1013
22204,Sallent de Gállego,65-100,2016,219
22204,Sallent de Gállego,0-16,2017,214
22204,Sallent de Gállego,16-64,2017,1006
22204,Sallent de Gállego,65-100,2017,224
22204,Sallent de Gállego,0-16,2018,213
22204,Sallent de Gállego,16-64,2018,1020
22204,Sallent de Gállego,65-100,2018,230
22204,Sallent de Gállego,0-16,2019,227
22204,Sallent de Gállego,16-64,2019,1031
22204,Sallent de Gállego,65-100,2019,220
22204,Sallent de Gállego,0-16,2020,226
22204,Sallent de Gállego,16-64,2020,1029
22204,Sallent de Gállego,65-100,2020,222
22204,Sallent de Gállego,0-16,2021,216
22204,Sallent de Gállego,16-64,2021,1074
22204,Sallent de Gállego,65-100,2021,229
22204,Sallent de Gállego,0-16,2022,205
22204,Sallent de Gállego,16-64,2022,1104
22204,Sallent de Gállego,65-100,2022,248
22204,Sallent de Gállego,0-16,2023,202
22204,Sallent de Gállego,16-64,2023,1103
22204,Sallent de Gállego,65-100,2023,257
22204,Sallent de Gállego,0-16,2024,188
22204,Sallent de Gállego,16-64,2024,1093
22204,Sallent de Gállego,65-100,2024,254
22204,Sallent de Gállego,0-16,2025,184
22204,Sallent de Gállego,16-64,2025,1090
22204,Sallent de Gállego,65-100,2025,266
22205,San Esteban de Litera,0-16,2003,36
22205,San Esteban de Litera,16-64,2003,334
22205,San Esteban de Litera,65-100,2003,202
22205,San Esteban de Litera,0-16,2004,37
22205,San Esteban de Litera,16-64,2004,327
22205,San Esteban de Litera,65-100,2004,198
22205,San Esteban de Litera,0-16,2005,33
22205,San Esteban de Litera,16-64,2005,307
22205,San Esteban de Litera,65-100,2005,201
22205,San Esteban de Litera,0-16,2006,29
22205,San Esteban de Litera,16-64,2006,294
22205,San Esteban de Litera,65-100,2006,189
22205,San Esteban de Litera,0-16,2007,27
22205,San Esteban de Litera,16-64,2007,279
22205,San Esteban de Litera,65-100,2007,191
22205,San Esteban de Litera,0-16,2008,35
22205,San Esteban de Litera,16-64,2008,320
22205,San Esteban de Litera,65-100,2008,195
22205,San Esteban de Litera,0-16,2009,32
22205,San Esteban de Litera,16-64,2009,298
22205,San Esteban de Litera,65-100,2009,197
22205,San Esteban de Litera,0-16,2010,35
22205,San Esteban de Litera,16-64,2010,304
22205,San Esteban de Litera,65-100,2010,187
22205,San Esteban de Litera,0-16,2011,35
22205,San Esteban de Litera,16-64,2011,286
22205,San Esteban de Litera,65-100,2011,188
22205,San Esteban de Litera,0-16,2012,33
22205,San Esteban de Litera,16-64,2012,282
22205,San Esteban de Litera,65-100,2012,187
22205,San Esteban de Litera,0-16,2013,34
22205,San Esteban de Litera,16-64,2013,278
22205,San Esteban de Litera,65-100,2013,189
22205,San Esteban de Litera,0-16,2014,34
22205,San Esteban de Litera,16-64,2014,274
22205,San Esteban de Litera,65-100,2014,187
22205,San Esteban de Litera,0-16,2015,39
22205,San Esteban de Litera,16-64,2015,267
22205,San Esteban de Litera,65-100,2015,192
22205,San Esteban de Litera,0-16,2016,41
22205,San Esteban de Litera,16-64,2016,270
22205,San Esteban de Litera,65-100,2016,187
22205,San Esteban de Litera,0-16,2017,35
22205,San Esteban de Litera,16-64,2017,266
22205,San Esteban de Litera,65-100,2017,184
22205,San Esteban de Litera,0-16,2018,35
22205,San Esteban de Litera,16-64,2018,288
22205,San Esteban de Litera,65-100,2018,183
22205,San Esteban de Litera,0-16,2019,45
22205,San Esteban de Litera,16-64,2019,301
22205,San Esteban de Litera,65-100,2019,189
22205,San Esteban de Litera,0-16,2020,54
22205,San Esteban de Litera,16-64,2020,306
22205,San Esteban de Litera,65-100,2020,187
22205,San Esteban de Litera,0-16,2021,59
22205,San Esteban de Litera,16-64,2021,324
22205,San Esteban de Litera,65-100,2021,187
22205,San Esteban de Litera,0-16,2022,61
22205,San Esteban de Litera,16-64,2022,342
22205,San Esteban de Litera,65-100,2022,183
22205,San Esteban de Litera,0-16,2023,72
22205,San Esteban de Litera,16-64,2023,366
22205,San Esteban de Litera,65-100,2023,182
22205,San Esteban de Litera,0-16,2024,75
22205,San Esteban de Litera,16-64,2024,385
22205,San Esteban de Litera,65-100,2024,181
22205,San Esteban de Litera,0-16,2025,74
22205,San Esteban de Litera,16-64,2025,405
22205,San Esteban de Litera,65-100,2025,190
22206,Sangarrén,0-16,2003,20
22206,Sangarrén,16-64,2003,160
22206,Sangarrén,65-100,2003,91
22206,Sangarrén,0-16,2004,12
22206,Sangarrén,16-64,2004,168
22206,Sangarrén,65-100,2004,94
22206,Sangarrén,0-16,2005,10
22206,Sangarrén,16-64,2005,169
22206,Sangarrén,65-100,2005,84
22206,Sangarrén,0-16,2006,11
22206,Sangarrén,16-64,2006,173
22206,Sangarrén,65-100,2006,79
22206,Sangarrén,0-16,2007,8
22206,Sangarrén,16-64,2007,175
22206,Sangarrén,65-100,2007,79
22206,Sangarrén,0-16,2008,12
22206,Sangarrén,16-64,2008,179
22206,Sangarrén,65-100,2008,81
22206,Sangarrén,0-16,2009,13
22206,Sangarrén,16-64,2009,164
22206,Sangarrén,65-100,2009,80
22206,Sangarrén,0-16,2010,6
22206,Sangarrén,16-64,2010,155
22206,Sangarrén,65-100,2010,81
22206,Sangarrén,0-16,2011,6
22206,Sangarrén,16-64,2011,142
22206,Sangarrén,65-100,2011,83
22206,Sangarrén,0-16,2012,9
22206,Sangarrén,16-64,2012,136
22206,Sangarrén,65-100,2012,82
22206,Sangarrén,0-16,2013,8
22206,Sangarrén,16-64,2013,123
22206,Sangarrén,65-100,2013,83
22206,Sangarrén,0-16,2014,12
22206,Sangarrén,16-64,2014,119
22206,Sangarrén,65-100,2014,81
22206,Sangarrén,0-16,2015,14
22206,Sangarrén,16-64,2015,137
22206,Sangarrén,65-100,2015,84
22206,Sangarrén,0-16,2016,11
22206,Sangarrén,16-64,2016,126
22206,Sangarrén,65-100,2016,85
22206,Sangarrén,0-16,2017,12
22206,Sangarrén,16-64,2017,124
22206,Sangarrén,65-100,2017,84
22206,Sangarrén,0-16,2018,13
22206,Sangarrén,16-64,2018,117
22206,Sangarrén,65-100,2018,89
22206,Sangarrén,0-16,2019,16
22206,Sangarrén,16-64,2019,117
22206,Sangarrén,65-100,2019,90
22206,Sangarrén,0-16,2020,15
22206,Sangarrén,16-64,2020,119
22206,Sangarrén,65-100,2020,87
22206,Sangarrén,0-16,2021,14
22206,Sangarrén,16-64,2021,118
22206,Sangarrén,65-100,2021,87
22206,Sangarrén,0-16,2022,13
22206,Sangarrén,16-64,2022,118
22206,Sangarrén,65-100,2022,88
22206,Sangarrén,0-16,2023,13
22206,Sangarrén,16-64,2023,117
22206,Sangarrén,65-100,2023,83
22206,Sangarrén,0-16,2024,19
22206,Sangarrén,16-64,2024,119
22206,Sangarrén,65-100,2024,85
22206,Sangarrén,0-16,2025,27
22206,Sangarrén,16-64,2025,123
22206,Sangarrén,65-100,2025,81
22207,San Juan de Plan,0-16,2003,13
22207,San Juan de Plan,16-64,2003,91
22207,San Juan de Plan,65-100,2003,43
22207,San Juan de Plan,0-16,2004,9
22207,San Juan de Plan,16-64,2004,93
22207,San Juan de Plan,65-100,2004,45
22207,San Juan de Plan,0-16,2005,12
22207,San Juan de Plan,16-64,2005,94
22207,San Juan de Plan,65-100,2005,43
22207,San Juan de Plan,0-16,2006,14
22207,San Juan de Plan,16-64,2006,93
22207,San Juan de Plan,65-100,2006,43
22207,San Juan de Plan,0-16,2007,15
22207,San Juan de Plan,16-64,2007,92
22207,San Juan de Plan,65-100,2007,43
22207,San Juan de Plan,0-16,2008,17
22207,San Juan de Plan,16-64,2008,89
22207,San Juan de Plan,65-100,2008,47
22207,San Juan de Plan,0-16,2009,18
22207,San Juan de Plan,16-64,2009,86
22207,San Juan de Plan,65-100,2009,49
22207,San Juan de Plan,0-16,2010,18
22207,San Juan de Plan,16-64,2010,84
22207,San Juan de Plan,65-100,2010,51
22207,San Juan de Plan,0-16,2011,22
22207,San Juan de Plan,16-64,2011,85
22207,San Juan de Plan,65-100,2011,50
22207,San Juan de Plan,0-16,2012,26
22207,San Juan de Plan,16-64,2012,86
22207,San Juan de Plan,65-100,2012,50
22207,San Juan de Plan,0-16,2013,25
22207,San Juan de Plan,16-64,2013,87
22207,San Juan de Plan,65-100,2013,46
22207,San Juan de Plan,0-16,2014,20
22207,San Juan de Plan,16-64,2014,85
22207,San Juan de Plan,65-100,2014,42
22207,San Juan de Plan,0-16,2015,19
22207,San Juan de Plan,16-64,2015,87
22207,San Juan de Plan,65-100,2015,42
22207,San Juan de Plan,0-16,2016,20
22207,San Juan de Plan,16-64,2016,85
22207,San Juan de Plan,65-100,2016,39
22207,San Juan de Plan,0-16,2017,21
22207,San Juan de Plan,16-64,2017,83
22207,San Juan de Plan,65-100,2017,38
22207,San Juan de Plan,0-16,2018,23
22207,San Juan de Plan,16-64,2018,92
22207,San Juan de Plan,65-100,2018,37
22207,San Juan de Plan,0-16,2019,25
22207,San Juan de Plan,16-64,2019,92
22207,San Juan de Plan,65-100,2019,36
22207,San Juan de Plan,0-16,2020,25
22207,San Juan de Plan,16-64,2020,90
22207,San Juan de Plan,65-100,2020,35
22207,San Juan de Plan,0-16,2021,24
22207,San Juan de Plan,16-64,2021,92
22207,San Juan de Plan,65-100,2021,32
22207,San Juan de Plan,0-16,2022,24
22207,San Juan de Plan,16-64,2022,100
22207,San Juan de Plan,65-100,2022,34
22207,San Juan de Plan,0-16,2023,20
22207,San Juan de Plan,16-64,2023,102
22207,San Juan de Plan,65-100,2023,32
22207,San Juan de Plan,0-16,2024,19
22207,San Juan de Plan,16-64,2024,99
22207,San Juan de Plan,65-100,2024,33
22207,San Juan de Plan,0-16,2025,17
22207,San Juan de Plan,16-64,2025,97
22207,San Juan de Plan,65-100,2025,31
22208,Santa Cilia,0-16,2003,25
22208,Santa Cilia,16-64,2003,116
22208,Santa Cilia,65-100,2003,59
22208,Santa Cilia,0-16,2004,25
22208,Santa Cilia,16-64,2004,113
22208,Santa Cilia,65-100,2004,61
22208,Santa Cilia,0-16,2005,22
22208,Santa Cilia,16-64,2005,112
22208,Santa Cilia,65-100,2005,55
22208,Santa Cilia,0-16,2006,25
22208,Santa Cilia,16-64,2006,112
22208,Santa Cilia,65-100,2006,54
22208,Santa Cilia,0-16,2007,24
22208,Santa Cilia,16-64,2007,117
22208,Santa Cilia,65-100,2007,52
22208,Santa Cilia,0-16,2008,26
22208,Santa Cilia,16-64,2008,123
22208,Santa Cilia,65-100,2008,52
22208,Santa Cilia,0-16,2009,32
22208,Santa Cilia,16-64,2009,123
22208,Santa Cilia,65-100,2009,52
22208,Santa Cilia,0-16,2010,35
22208,Santa Cilia,16-64,2010,123
22208,Santa Cilia,65-100,2010,51
22208,Santa Cilia,0-16,2011,33
22208,Santa Cilia,16-64,2011,120
22208,Santa Cilia,65-100,2011,55
22208,Santa Cilia,0-16,2012,27
22208,Santa Cilia,16-64,2012,123
22208,Santa Cilia,65-100,2012,51
22208,Santa Cilia,0-16,2013,32
22208,Santa Cilia,16-64,2013,123
22208,Santa Cilia,65-100,2013,51
22208,Santa Cilia,0-16,2014,36
22208,Santa Cilia,16-64,2014,139
22208,Santa Cilia,65-100,2014,50
22208,Santa Cilia,0-16,2015,25
22208,Santa Cilia,16-64,2015,134
22208,Santa Cilia,65-100,2015,48
22208,Santa Cilia,0-16,2016,30
22208,Santa Cilia,16-64,2016,141
22208,Santa Cilia,65-100,2016,48
22208,Santa Cilia,0-16,2017,32
22208,Santa Cilia,16-64,2017,151
22208,Santa Cilia,65-100,2017,46
22208,Santa Cilia,0-16,2018,37
22208,Santa Cilia,16-64,2018,150
22208,Santa Cilia,65-100,2018,44
22208,Santa Cilia,0-16,2019,43
22208,Santa Cilia,16-64,2019,155
22208,Santa Cilia,65-100,2019,42
22208,Santa Cilia,0-16,2020,42
22208,Santa Cilia,16-64,2020,155
22208,Santa Cilia,65-100,2020,46
22208,Santa Cilia,0-16,2021,38
22208,Santa Cilia,16-64,2021,161
22208,Santa Cilia,65-100,2021,46
22208,Santa Cilia,0-16,2022,42
22208,Santa Cilia,16-64,2022,165
22208,Santa Cilia,65-100,2022,47
22208,Santa Cilia,0-16,2023,40
22208,Santa Cilia,16-64,2023,166
22208,Santa Cilia,65-100,2023,50
22208,Santa Cilia,0-16,2024,38
22208,Santa Cilia,16-64,2024,158
22208,Santa Cilia,65-100,2024,51
22208,Santa Cilia,0-16,2025,32
22208,Santa Cilia,16-64,2025,159
22208,Santa Cilia,65-100,2025,51
22209,Santa Cruz de la Serós,0-16,2003,24
22209,Santa Cruz de la Serós,16-64,2003,113
22209,Santa Cruz de la Serós,65-100,2003,27
22209,Santa Cruz de la Serós,0-16,2004,22
22209,Santa Cruz de la Serós,16-64,2004,111
22209,Santa Cruz de la Serós,65-100,2004,28
22209,Santa Cruz de la Serós,0-16,2005,22
22209,Santa Cruz de la Serós,16-64,2005,100
22209,Santa Cruz de la Serós,65-100,2005,29
22209,Santa Cruz de la Serós,0-16,2006,21
22209,Santa Cruz de la Serós,16-64,2006,99
22209,Santa Cruz de la Serós,65-100,2006,28
22209,Santa Cruz de la Serós,0-16,2007,19
22209,Santa Cruz de la Serós,16-64,2007,98
22209,Santa Cruz de la Serós,65-100,2007,28
22209,Santa Cruz de la Serós,0-16,2008,19
22209,Santa Cruz de la Serós,16-64,2008,96
22209,Santa Cruz de la Serós,65-100,2008,28
22209,Santa Cruz de la Serós,0-16,2009,15
22209,Santa Cruz de la Serós,16-64,2009,95
22209,Santa Cruz de la Serós,65-100,2009,30
22209,Santa Cruz de la Serós,0-16,2010,13
22209,Santa Cruz de la Serós,16-64,2010,93
22209,Santa Cruz de la Serós,65-100,2010,30
22209,Santa Cruz de la Serós,0-16,2011,23
22209,Santa Cruz de la Serós,16-64,2011,133
22209,Santa Cruz de la Serós,65-100,2011,33
22209,Santa Cruz de la Serós,0-16,2012,24
22209,Santa Cruz de la Serós,16-64,2012,133
22209,Santa Cruz de la Serós,65-100,2012,37
22209,Santa Cruz de la Serós,0-16,2013,19
22209,Santa Cruz de la Serós,16-64,2013,133
22209,Santa Cruz de la Serós,65-100,2013,39
22209,Santa Cruz de la Serós,0-16,2014,19
22209,Santa Cruz de la Serós,16-64,2014,135
22209,Santa Cruz de la Serós,65-100,2014,38
22209,Santa Cruz de la Serós,0-16,2015,17
22209,Santa Cruz de la Serós,16-64,2015,131
22209,Santa Cruz de la Serós,65-100,2015,38
22209,Santa Cruz de la Serós,0-16,2016,15
22209,Santa Cruz de la Serós,16-64,2016,129
22209,Santa Cruz de la Serós,65-100,2016,42
22209,Santa Cruz de la Serós,0-16,2017,14
22209,Santa Cruz de la Serós,16-64,2017,126
22209,Santa Cruz de la Serós,65-100,2017,37
22209,Santa Cruz de la Serós,0-16,2018,17
22209,Santa Cruz de la Serós,16-64,2018,127
22209,Santa Cruz de la Serós,65-100,2018,36
22209,Santa Cruz de la Serós,0-16,2019,19
22209,Santa Cruz de la Serós,16-64,2019,126
22209,Santa Cruz de la Serós,65-100,2019,38
22209,Santa Cruz de la Serós,0-16,2020,17
22209,Santa Cruz de la Serós,16-64,2020,129
22209,Santa Cruz de la Serós,65-100,2020,42
22209,Santa Cruz de la Serós,0-16,2021,18
22209,Santa Cruz de la Serós,16-64,2021,132
22209,Santa Cruz de la Serós,65-100,2021,43
22209,Santa Cruz de la Serós,0-16,2022,20
22209,Santa Cruz de la Serós,16-64,2022,128
22209,Santa Cruz de la Serós,65-100,2022,46
22209,Santa Cruz de la Serós,0-16,2023,22
22209,Santa Cruz de la Serós,16-64,2023,124
22209,Santa Cruz de la Serós,65-100,2023,45
22209,Santa Cruz de la Serós,0-16,2024,22
22209,Santa Cruz de la Serós,16-64,2024,121
22209,Santa Cruz de la Serós,65-100,2024,46
22209,Santa Cruz de la Serós,0-16,2025,26
22209,Santa Cruz de la Serós,16-64,2025,122
22209,Santa Cruz de la Serós,65-100,2025,46
22212,Santaliestra y San Quílez,0-16,2003,5
22212,Santaliestra y San Quílez,16-64,2003,70
22212,Santaliestra y San Quílez,65-100,2003,32
22212,Santaliestra y San Quílez,0-16,2004,3
22212,Santaliestra y San Quílez,16-64,2004,69
22212,Santaliestra y San Quílez,65-100,2004,30
22212,Santaliestra y San Quílez,0-16,2005,6
22212,Santaliestra y San Quílez,16-64,2005,78
22212,Santaliestra y San Quílez,65-100,2005,30
22212,Santaliestra y San Quílez,0-16,2006,6
22212,Santaliestra y San Quílez,16-64,2006,71
22212,Santaliestra y San Quílez,65-100,2006,31
22212,Santaliestra y San Quílez,0-16,2007,8
22212,Santaliestra y San Quílez,16-64,2007,60
22212,Santaliestra y San Quílez,65-100,2007,32
22212,Santaliestra y San Quílez,0-16,2008,9
22212,Santaliestra y San Quílez,16-64,2008,60
22212,Santaliestra y San Quílez,65-100,2008,32
22212,Santaliestra y San Quílez,0-16,2009,7
22212,Santaliestra y San Quílez,16-64,2009,67
22212,Santaliestra y San Quílez,65-100,2009,34
22212,Santaliestra y San Quílez,0-16,2010,9
22212,Santaliestra y San Quílez,16-64,2010,66
22212,Santaliestra y San Quílez,65-100,2010,31
22212,Santaliestra y San Quílez,0-16,2011,6
22212,Santaliestra y San Quílez,16-64,2011,58
22212,Santaliestra y San Quílez,65-100,2011,33
22212,Santaliestra y San Quílez,0-16,2012,4
22212,Santaliestra y San Quílez,16-64,2012,60
22212,Santaliestra y San Quílez,65-100,2012,30
22212,Santaliestra y San Quílez,0-16,2013,4
22212,Santaliestra y San Quílez,16-64,2013,56
22212,Santaliestra y San Quílez,65-100,2013,31
22212,Santaliestra y San Quílez,0-16,2014,10
22212,Santaliestra y San Quílez,16-64,2014,59
22212,Santaliestra y San Quílez,65-100,2014,30
22212,Santaliestra y San Quílez,0-16,2015,10
22212,Santaliestra y San Quílez,16-64,2015,61
22212,Santaliestra y San Quílez,65-100,2015,33
22212,Santaliestra y San Quílez,0-16,2016,12
22212,Santaliestra y San Quílez,16-64,2016,56
22212,Santaliestra y San Quílez,65-100,2016,27
22212,Santaliestra y San Quílez,0-16,2017,10
22212,Santaliestra y San Quílez,16-64,2017,48
22212,Santaliestra y San Quílez,65-100,2017,29
22212,Santaliestra y San Quílez,0-16,2018,8
22212,Santaliestra y San Quílez,16-64,2018,40
22212,Santaliestra y San Quílez,65-100,2018,33
22212,Santaliestra y San Quílez,0-16,2019,10
22212,Santaliestra y San Quílez,16-64,2019,38
22212,Santaliestra y San Quílez,65-100,2019,34
22212,Santaliestra y San Quílez,0-16,2020,8
22212,Santaliestra y San Quílez,16-64,2020,40
22212,Santaliestra y San Quílez,65-100,2020,32
22212,Santaliestra y San Quílez,0-16,2021,5
22212,Santaliestra y San Quílez,16-64,2021,37
22212,Santaliestra y San Quílez,65-100,2021,33
22212,Santaliestra y San Quílez,0-16,2022,5
22212,Santaliestra y San Quílez,16-64,2022,40
22212,Santaliestra y San Quílez,65-100,2022,34
22212,Santaliestra y San Quílez,0-16,2023,5
22212,Santaliestra y San Quílez,16-64,2023,39
22212,Santaliestra y San Quílez,65-100,2023,33
22212,Santaliestra y San Quílez,0-16,2024,6
22212,Santaliestra y San Quílez,16-64,2024,46
22212,Santaliestra y San Quílez,65-100,2024,32
22212,Santaliestra y San Quílez,0-16,2025,4
22212,Santaliestra y San Quílez,16-64,2025,44
22212,Santaliestra y San Quílez,65-100,2025,30
22213,Sariñena,0-16,2003,533
22213,Sariñena,16-64,2003,2524
22213,Sariñena,65-100,2003,930
22213,Sariñena,0-16,2004,543
22213,Sariñena,16-64,2004,2555
22213,Sariñena,65-100,2004,928
22213,Sariñena,0-16,2005,537
22213,Sariñena,16-64,2005,2581
22213,Sariñena,65-100,2005,903
22213,Sariñena,0-16,2006,566
22213,Sariñena,16-64,2006,2687
22213,Sariñena,65-100,2006,899
22213,Sariñena,0-16,2007,578
22213,Sariñena,16-64,2007,2731
22213,Sariñena,65-100,2007,897
22213,Sariñena,0-16,2008,601
22213,Sariñena,16-64,2008,2835
22213,Sariñena,65-100,2008,872
22213,Sariñena,0-16,2009,623
22213,Sariñena,16-64,2009,2948
22213,Sariñena,65-100,2009,884
22213,Sariñena,0-16,2010,639
22213,Sariñena,16-64,2010,2887
22213,Sariñena,65-100,2010,902
22213,Sariñena,0-16,2011,627
22213,Sariñena,16-64,2011,2878
22213,Sariñena,65-100,2011,897
22213,Sariñena,0-16,2012,609
22213,Sariñena,16-64,2012,2899
22213,Sariñena,65-100,2012,894
22213,Sariñena,0-16,2013,608
22213,Sariñena,16-64,2013,2825
22213,Sariñena,65-100,2013,890
22213,Sariñena,0-16,2014,602
22213,Sariñena,16-64,2014,2792
22213,Sariñena,65-100,2014,899
22213,Sariñena,0-16,2015,590
22213,Sariñena,16-64,2015,2718
22213,Sariñena,65-100,2015,915
22213,Sariñena,0-16,2016,575
22213,Sariñena,16-64,2016,2706
22213,Sariñena,65-100,2016,907
22213,Sariñena,0-16,2017,581
22213,Sariñena,16-64,2017,2659
22213,Sariñena,65-100,2017,915
22213,Sariñena,0-16,2018,590
22213,Sariñena,16-64,2018,2662
22213,Sariñena,65-100,2018,916
22213,Sariñena,0-16,2019,606
22213,Sariñena,16-64,2019,2634
22213,Sariñena,65-100,2019,920
22213,Sariñena,0-16,2020,624
22213,Sariñena,16-64,2020,2641
22213,Sariñena,65-100,2020,919
22213,Sariñena,0-16,2021,617
22213,Sariñena,16-64,2021,2646
22213,Sariñena,65-100,2021,910
22213,Sariñena,0-16,2022,615
22213,Sariñena,16-64,2022,2630
22213,Sariñena,65-100,2022,919
22213,Sariñena,0-16,2023,605
22213,Sariñena,16-64,2023,2561
22213,Sariñena,65-100,2023,927
22213,Sariñena,0-16,2024,602
22213,Sariñena,16-64,2024,2552
22213,Sariñena,65-100,2024,942
22213,Sariñena,0-16,2025,610
22213,Sariñena,16-64,2025,2569
22213,Sariñena,65-100,2025,940
22214,Secastilla,0-16,2003,19
22214,Secastilla,16-64,2003,84
22214,Secastilla,65-100,2003,56
22214,Secastilla,0-16,2004,13
22214,Secastilla,16-64,2004,81
22214,Secastilla,65-100,2004,53
22214,Secastilla,0-16,2005,13
22214,Secastilla,16-64,2005,85
22214,Secastilla,65-100,2005,44
22214,Secastilla,0-16,2006,8
22214,Secastilla,16-64,2006,82
22214,Secastilla,65-100,2006,41
22214,Secastilla,0-16,2007,9
22214,Secastilla,16-64,2007,83
22214,Secastilla,65-100,2007,41
22214,Secastilla,0-16,2008,10
22214,Secastilla,16-64,2008,85
22214,Secastilla,65-100,2008,40
22214,Secastilla,0-16,2009,11
22214,Secastilla,16-64,2009,90
22214,Secastilla,65-100,2009,40
22214,Secastilla,0-16,2010,14
22214,Secastilla,16-64,2010,97
22214,Secastilla,65-100,2010,39
22214,Secastilla,0-16,2011,15
22214,Secastilla,16-64,2011,97
22214,Secastilla,65-100,2011,43
22214,Secastilla,0-16,2012,14
22214,Secastilla,16-64,2012,98
22214,Secastilla,65-100,2012,41
22214,Secastilla,0-16,2013,15
22214,Secastilla,16-64,2013,105
22214,Secastilla,65-100,2013,38
22214,Secastilla,0-16,2014,11
22214,Secastilla,16-64,2014,98
22214,Secastilla,65-100,2014,37
22214,Secastilla,0-16,2015,13
22214,Secastilla,16-64,2015,94
22214,Secastilla,65-100,2015,37
22214,Secastilla,0-16,2016,14
22214,Secastilla,16-64,2016,94
22214,Secastilla,65-100,2016,38
22214,Secastilla,0-16,2017,14
22214,Secastilla,16-64,2017,97
22214,Secastilla,65-100,2017,39
22214,Secastilla,0-16,2018,16
22214,Secastilla,16-64,2018,91
22214,Secastilla,65-100,2018,39
22214,Secastilla,0-16,2019,15
22214,Secastilla,16-64,2019,88
22214,Secastilla,65-100,2019,37
22214,Secastilla,0-16,2020,15
22214,Secastilla,16-64,2020,90
22214,Secastilla,65-100,2020,35
22214,Secastilla,0-16,2021,18
22214,Secastilla,16-64,2021,92
22214,Secastilla,65-100,2021,39
22214,Secastilla,0-16,2022,18
22214,Secastilla,16-64,2022,93
22214,Secastilla,65-100,2022,40
22214,Secastilla,0-16,2023,18
22214,Secastilla,16-64,2023,93
22214,Secastilla,65-100,2023,41
22214,Secastilla,0-16,2024,18
22214,Secastilla,16-64,2024,89
22214,Secastilla,65-100,2024,41
22214,Secastilla,0-16,2025,12
22214,Secastilla,16-64,2025,88
22214,Secastilla,65-100,2025,42
22215,Seira,0-16,2003,19
22215,Seira,16-64,2003,120
22215,Seira,65-100,2003,56
22215,Seira,0-16,2004,14
22215,Seira,16-64,2004,114
22215,Seira,65-100,2004,51
22215,Seira,0-16,2005,13
22215,Seira,16-64,2005,111
22215,Seira,65-100,2005,49
22215,Seira,0-16,2006,14
22215,Seira,16-64,2006,111
22215,Seira,65-100,2006,45
22215,Seira,0-16,2007,19
22215,Seira,16-64,2007,116
22215,Seira,65-100,2007,44
22215,Seira,0-16,2008,15
22215,Seira,16-64,2008,115
22215,Seira,65-100,2008,44
22215,Seira,0-16,2009,13
22215,Seira,16-64,2009,107
22215,Seira,65-100,2009,45
22215,Seira,0-16,2010,11
22215,Seira,16-64,2010,101
22215,Seira,65-100,2010,44
22215,Seira,0-16,2011,9
22215,Seira,16-64,2011,96
22215,Seira,65-100,2011,46
22215,Seira,0-16,2012,9
22215,Seira,16-64,2012,95
22215,Seira,65-100,2012,45
22215,Seira,0-16,2013,5
22215,Seira,16-64,2013,91
22215,Seira,65-100,2013,46
22215,Seira,0-16,2014,5
22215,Seira,16-64,2014,99
22215,Seira,65-100,2014,43
22215,Seira,0-16,2015,5
22215,Seira,16-64,2015,96
22215,Seira,65-100,2015,46
22215,Seira,0-16,2016,10
22215,Seira,16-64,2016,87
22215,Seira,65-100,2016,48
22215,Seira,0-16,2017,9
22215,Seira,16-64,2017,87
22215,Seira,65-100,2017,47
22215,Seira,0-16,2018,10
22215,Seira,16-64,2018,91
22215,Seira,65-100,2018,49
22215,Seira,0-16,2019,9
22215,Seira,16-64,2019,88
22215,Seira,65-100,2019,51
22215,Seira,0-16,2020,10
22215,Seira,16-64,2020,85
22215,Seira,65-100,2020,50
22215,Seira,0-16,2021,12
22215,Seira,16-64,2021,92
22215,Seira,65-100,2021,50
22215,Seira,0-16,2022,14
22215,Seira,16-64,2022,96
22215,Seira,65-100,2022,49
22215,Seira,0-16,2023,14
22215,Seira,16-64,2023,102
22215,Seira,65-100,2023,44
22215,Seira,0-16,2024,12
22215,Seira,16-64,2024,92
22215,Seira,65-100,2024,42
22215,Seira,0-16,2025,11
22215,Seira,16-64,2025,93
22215,Seira,65-100,2025,45
22217,Sena,0-16,2003,60
22217,Sena,16-64,2003,358
22217,Sena,65-100,2003,169
22217,Sena,0-16,2004,57
22217,Sena,16-64,2004,339
22217,Sena,65-100,2004,160
22217,Sena,0-16,2005,63
22217,Sena,16-64,2005,334
22217,Sena,65-100,2005,155
22217,Sena,0-16,2006,69
22217,Sena,16-64,2006,333
22217,Sena,65-100,2006,154
22217,Sena,0-16,2007,71
22217,Sena,16-64,2007,330
22217,Sena,65-100,2007,146
22217,Sena,0-16,2008,73
22217,Sena,16-64,2008,342
22217,Sena,65-100,2008,144
22217,Sena,0-16,2009,68
22217,Sena,16-64,2009,333
22217,Sena,65-100,2009,147
22217,Sena,0-16,2010,66
22217,Sena,16-64,2010,326
22217,Sena,65-100,2010,156
22217,Sena,0-16,2011,70
22217,Sena,16-64,2011,319
22217,Sena,65-100,2011,160
22217,Sena,0-16,2012,68
22217,Sena,16-64,2012,319
22217,Sena,65-100,2012,155
22217,Sena,0-16,2013,69
22217,Sena,16-64,2013,307
22217,Sena,65-100,2013,154
22217,Sena,0-16,2014,61
22217,Sena,16-64,2014,297
22217,Sena,65-100,2014,158
22217,Sena,0-16,2015,60
22217,Sena,16-64,2015,302
22217,Sena,65-100,2015,153
22217,Sena,0-16,2016,58
22217,Sena,16-64,2016,297
22217,Sena,65-100,2016,152
22217,Sena,0-16,2017,47
22217,Sena,16-64,2017,286
22217,Sena,65-100,2017,148
22217,Sena,0-16,2018,48
22217,Sena,16-64,2018,291
22217,Sena,65-100,2018,150
22217,Sena,0-16,2019,53
22217,Sena,16-64,2019,294
22217,Sena,65-100,2019,148
22217,Sena,0-16,2020,59
22217,Sena,16-64,2020,290
22217,Sena,65-100,2020,152
22217,Sena,0-16,2021,59
22217,Sena,16-64,2021,281
22217,Sena,65-100,2021,151
22217,Sena,0-16,2022,60
22217,Sena,16-64,2022,286
22217,Sena,65-100,2022,150
22217,Sena,0-16,2023,64
22217,Sena,16-64,2023,273
22217,Sena,65-100,2023,147
22217,Sena,0-16,2024,62
22217,Sena,16-64,2024,268
22217,Sena,65-100,2024,145
22217,Sena,0-16,2025,64
22217,Sena,16-64,2025,280
22217,Sena,65-100,2025,144
22218,Senés de Alcubierre,0-16,2003,5
22218,Senés de Alcubierre,16-64,2003,36
22218,Senés de Alcubierre,65-100,2003,11
22218,Senés de Alcubierre,0-16,2004,5
22218,Senés de Alcubierre,16-64,2004,35
22218,Senés de Alcubierre,65-100,2004,10
22218,Senés de Alcubierre,0-16,2005,6
22218,Senés de Alcubierre,16-64,2005,33
22218,Senés de Alcubierre,65-100,2005,11
22218,Senés de Alcubierre,0-16,2006,6
22218,Senés de Alcubierre,16-64,2006,34
22218,Senés de Alcubierre,65-100,2006,11
22218,Senés de Alcubierre,0-16,2007,12
22218,Senés de Alcubierre,16-64,2007,34
22218,Senés de Alcubierre,65-100,2007,12
22218,Senés de Alcubierre,0-16,2008,14
22218,Senés de Alcubierre,16-64,2008,33
22218,Senés de Alcubierre,65-100,2008,14
22218,Senés de Alcubierre,0-16,2009,15
22218,Senés de Alcubierre,16-64,2009,31
22218,Senés de Alcubierre,65-100,2009,14
22218,Senés de Alcubierre,0-16,2010,17
22218,Senés de Alcubierre,16-64,2010,37
22218,Senés de Alcubierre,65-100,2010,14
22218,Senés de Alcubierre,0-16,2011,13
22218,Senés de Alcubierre,16-64,2011,36
22218,Senés de Alcubierre,65-100,2011,15
22218,Senés de Alcubierre,0-16,2012,9
22218,Senés de Alcubierre,16-64,2012,29
22218,Senés de Alcubierre,65-100,2012,15
22218,Senés de Alcubierre,0-16,2013,7
22218,Senés de Alcubierre,16-64,2013,29
22218,Senés de Alcubierre,65-100,2013,15
22218,Senés de Alcubierre,0-16,2014,6
22218,Senés de Alcubierre,16-64,2014,30
22218,Senés de Alcubierre,65-100,2014,16
22218,Senés de Alcubierre,0-16,2015,4
22218,Senés de Alcubierre,16-64,2015,30
22218,Senés de Alcubierre,65-100,2015,15
22218,Senés de Alcubierre,0-16,2016,2
22218,Senés de Alcubierre,16-64,2016,28
22218,Senés de Alcubierre,65-100,2016,15
22218,Senés de Alcubierre,0-16,2017,0
22218,Senés de Alcubierre,16-64,2017,27
22218,Senés de Alcubierre,65-100,2017,15
22218,Senés de Alcubierre,0-16,2018,0
22218,Senés de Alcubierre,16-64,2018,26
22218,Senés de Alcubierre,65-100,2018,15
22218,Senés de Alcubierre,0-16,2019,1
22218,Senés de Alcubierre,16-64,2019,26
22218,Senés de Alcubierre,65-100,2019,14
22218,Senés de Alcubierre,0-16,2020,1
22218,Senés de Alcubierre,16-64,2020,24
22218,Senés de Alcubierre,65-100,2020,15
22218,Senés de Alcubierre,0-16,2021,1
22218,Senés de Alcubierre,16-64,2021,29
22218,Senés de Alcubierre,65-100,2021,15
22218,Senés de Alcubierre,0-16,2022,1
22218,Senés de Alcubierre,16-64,2022,30
22218,Senés de Alcubierre,65-100,2022,15
22218,Senés de Alcubierre,0-16,2023,1
22218,Senés de Alcubierre,16-64,2023,29
22218,Senés de Alcubierre,65-100,2023,15
22218,Senés de Alcubierre,0-16,2024,2
22218,Senés de Alcubierre,16-64,2024,36
22218,Senés de Alcubierre,65-100,2024,14
22218,Senés de Alcubierre,0-16,2025,2
22218,Senés de Alcubierre,16-64,2025,33
22218,Senés de Alcubierre,65-100,2025,14
22220,Sesa,0-16,2003,12
22220,Sesa,16-64,2003,125
22220,Sesa,65-100,2003,106
22220,Sesa,0-16,2004,13
22220,Sesa,16-64,2004,123
22220,Sesa,65-100,2004,105
22220,Sesa,0-16,2005,16
22220,Sesa,16-64,2005,122
22220,Sesa,65-100,2005,103
22220,Sesa,0-16,2006,19
22220,Sesa,16-64,2006,121
22220,Sesa,65-100,2006,104
22220,Sesa,0-16,2007,26
22220,Sesa,16-64,2007,122
22220,Sesa,65-100,2007,102
22220,Sesa,0-16,2008,20
22220,Sesa,16-64,2008,122
22220,Sesa,65-100,2008,99
22220,Sesa,0-16,2009,19
22220,Sesa,16-64,2009,117
22220,Sesa,65-100,2009,97
22220,Sesa,0-16,2010,18
22220,Sesa,16-64,2010,113
22220,Sesa,65-100,2010,94
22220,Sesa,0-16,2011,17
22220,Sesa,16-64,2011,106
22220,Sesa,65-100,2011,86
22220,Sesa,0-16,2012,16
22220,Sesa,16-64,2012,106
22220,Sesa,65-100,2012,86
22220,Sesa,0-16,2013,19
22220,Sesa,16-64,2013,106
22220,Sesa,65-100,2013,83
22220,Sesa,0-16,2014,17
22220,Sesa,16-64,2014,103
22220,Sesa,65-100,2014,82
22220,Sesa,0-16,2015,13
22220,Sesa,16-64,2015,94
22220,Sesa,65-100,2015,83
22220,Sesa,0-16,2016,12
22220,Sesa,16-64,2016,88
22220,Sesa,65-100,2016,80
22220,Sesa,0-16,2017,10
22220,Sesa,16-64,2017,88
22220,Sesa,65-100,2017,77
22220,Sesa,0-16,2018,10
22220,Sesa,16-64,2018,85
22220,Sesa,65-100,2018,72
22220,Sesa,0-16,2019,8
22220,Sesa,16-64,2019,85
22220,Sesa,65-100,2019,68
22220,Sesa,0-16,2020,8
22220,Sesa,16-64,2020,81
22220,Sesa,65-100,2020,65
22220,Sesa,0-16,2021,7
22220,Sesa,16-64,2021,94
22220,Sesa,65-100,2021,61
22220,Sesa,0-16,2022,6
22220,Sesa,16-64,2022,93
22220,Sesa,65-100,2022,61
22220,Sesa,0-16,2023,7
22220,Sesa,16-64,2023,90
22220,Sesa,65-100,2023,60
22220,Sesa,0-16,2024,6
22220,Sesa,16-64,2024,93
22220,Sesa,65-100,2024,63
22220,Sesa,0-16,2025,8
22220,Sesa,16-64,2025,101
22220,Sesa,65-100,2025,59
22221,Sesué,0-16,2003,24
22221,Sesué,16-64,2003,81
22221,Sesué,65-100,2003,26
22221,Sesué,0-16,2004,22
22221,Sesué,16-64,2004,83
22221,Sesué,65-100,2004,25
22221,Sesué,0-16,2005,19
22221,Sesué,16-64,2005,81
22221,Sesué,65-100,2005,24
22221,Sesué,0-16,2006,14
22221,Sesué,16-64,2006,86
22221,Sesué,65-100,2006,25
22221,Sesué,0-16,2007,11
22221,Sesué,16-64,2007,81
22221,Sesué,65-100,2007,24
22221,Sesué,0-16,2008,12
22221,Sesué,16-64,2008,82
22221,Sesué,65-100,2008,25
22221,Sesué,0-16,2009,14
22221,Sesué,16-64,2009,83
22221,Sesué,65-100,2009,24
22221,Sesué,0-16,2010,16
22221,Sesué,16-64,2010,86
22221,Sesué,65-100,2010,25
22221,Sesué,0-16,2011,19
22221,Sesué,16-64,2011,88
22221,Sesué,65-100,2011,24
22221,Sesué,0-16,2012,19
22221,Sesué,16-64,2012,83
22221,Sesué,65-100,2012,25
22221,Sesué,0-16,2013,16
22221,Sesué,16-64,2013,79
22221,Sesué,65-100,2013,26
22221,Sesué,0-16,2014,17
22221,Sesué,16-64,2014,78
22221,Sesué,65-100,2014,21
22221,Sesué,0-16,2015,21
22221,Sesué,16-64,2015,77
22221,Sesué,65-100,2015,21
22221,Sesué,0-16,2016,19
22221,Sesué,16-64,2016,65
22221,Sesué,65-100,2016,19
22221,Sesué,0-16,2017,23
22221,Sesué,16-64,2017,83
22221,Sesué,65-100,2017,20
22221,Sesué,0-16,2018,24
22221,Sesué,16-64,2018,83
22221,Sesué,65-100,2018,20
22221,Sesué,0-16,2019,25
22221,Sesué,16-64,2019,78
22221,Sesué,65-100,2019,19
22221,Sesué,0-16,2020,27
22221,Sesué,16-64,2020,79
22221,Sesué,65-100,2020,16
22221,Sesué,0-16,2021,26
22221,Sesué,16-64,2021,81
22221,Sesué,65-100,2021,16
22221,Sesué,0-16,2022,25
22221,Sesué,16-64,2022,87
22221,Sesué,65-100,2022,16
22221,Sesué,0-16,2023,25
22221,Sesué,16-64,2023,82
22221,Sesué,65-100,2023,18
22221,Sesué,0-16,2024,21
22221,Sesué,16-64,2024,78
22221,Sesué,65-100,2024,17
22221,Sesué,0-16,2025,20
22221,Sesué,16-64,2025,83
22221,Sesué,65-100,2025,17
22222,Siétamo,0-16,2003,52
22222,Siétamo,16-64,2003,292
22222,Siétamo,65-100,2003,116
22222,Siétamo,0-16,2004,56
22222,Siétamo,16-64,2004,319
22222,Siétamo,65-100,2004,116
22222,Siétamo,0-16,2005,77
22222,Siétamo,16-64,2005,362
22222,Siétamo,65-100,2005,112
22222,Siétamo,0-16,2006,88
22222,Siétamo,16-64,2006,380
22222,Siétamo,65-100,2006,108
22222,Siétamo,0-16,2007,92
22222,Siétamo,16-64,2007,386
22222,Siétamo,65-100,2007,110
22222,Siétamo,0-16,2008,104
22222,Siétamo,16-64,2008,416
22222,Siétamo,65-100,2008,105
22222,Siétamo,0-16,2009,110
22222,Siétamo,16-64,2009,426
22222,Siétamo,65-100,2009,99
22222,Siétamo,0-16,2010,115
22222,Siétamo,16-64,2010,451
22222,Siétamo,65-100,2010,99
22222,Siétamo,0-16,2011,106
22222,Siétamo,16-64,2011,450
22222,Siétamo,65-100,2011,102
22222,Siétamo,0-16,2012,101
22222,Siétamo,16-64,2012,449
22222,Siétamo,65-100,2012,100
22222,Siétamo,0-16,2013,105
22222,Siétamo,16-64,2013,454
22222,Siétamo,65-100,2013,104
22222,Siétamo,0-16,2014,110
22222,Siétamo,16-64,2014,459
22222,Siétamo,65-100,2014,106
22222,Siétamo,0-16,2015,109
22222,Siétamo,16-64,2015,451
22222,Siétamo,65-100,2015,112
22222,Siétamo,0-16,2016,115
22222,Siétamo,16-64,2016,459
22222,Siétamo,65-100,2016,106
22222,Siétamo,0-16,2017,119
22222,Siétamo,16-64,2017,458
22222,Siétamo,65-100,2017,104
22222,Siétamo,0-16,2018,114
22222,Siétamo,16-64,2018,443
22222,Siétamo,65-100,2018,107
22222,Siétamo,0-16,2019,120
22222,Siétamo,16-64,2019,445
22222,Siétamo,65-100,2019,114
22222,Siétamo,0-16,2020,119
22222,Siétamo,16-64,2020,455
22222,Siétamo,65-100,2020,115
22222,Siétamo,0-16,2021,113
22222,Siétamo,16-64,2021,477
22222,Siétamo,65-100,2021,120
22222,Siétamo,0-16,2022,112
22222,Siétamo,16-64,2022,463
22222,Siétamo,65-100,2022,122
22222,Siétamo,0-16,2023,107
22222,Siétamo,16-64,2023,462
22222,Siétamo,65-100,2023,122
22222,Siétamo,0-16,2024,99
22222,Siétamo,16-64,2024,454
22222,Siétamo,65-100,2024,131
22222,Siétamo,0-16,2025,96
22222,Siétamo,16-64,2025,470
22222,Siétamo,65-100,2025,137
22223,Sopeira,0-16,2003,9
22223,Sopeira,16-64,2003,59
22223,Sopeira,65-100,2003,35
22223,Sopeira,0-16,2004,9
22223,Sopeira,16-64,2004,55
22223,Sopeira,65-100,2004,36
22223,Sopeira,0-16,2005,10
22223,Sopeira,16-64,2005,54
22223,Sopeira,65-100,2005,34
22223,Sopeira,0-16,2006,11
22223,Sopeira,16-64,2006,56
22223,Sopeira,65-100,2006,35
22223,Sopeira,0-16,2007,11
22223,Sopeira,16-64,2007,60
22223,Sopeira,65-100,2007,35
22223,Sopeira,0-16,2008,10
22223,Sopeira,16-64,2008,64
22223,Sopeira,65-100,2008,34
22223,Sopeira,0-16,2009,11
22223,Sopeira,16-64,2009,68
22223,Sopeira,65-100,2009,32
22223,Sopeira,0-16,2010,17
22223,Sopeira,16-64,2010,69
22223,Sopeira,65-100,2010,34
22223,Sopeira,0-16,2011,17
22223,Sopeira,16-64,2011,69
22223,Sopeira,65-100,2011,32
22223,Sopeira,0-16,2012,19
22223,Sopeira,16-64,2012,66
22223,Sopeira,65-100,2012,29
22223,Sopeira,0-16,2013,18
22223,Sopeira,16-64,2013,66
22223,Sopeira,65-100,2013,26
22223,Sopeira,0-16,2014,18
22223,Sopeira,16-64,2014,63
22223,Sopeira,65-100,2014,26
22223,Sopeira,0-16,2015,14
22223,Sopeira,16-64,2015,59
22223,Sopeira,65-100,2015,26
22223,Sopeira,0-16,2016,11
22223,Sopeira,16-64,2016,63
22223,Sopeira,65-100,2016,21
22223,Sopeira,0-16,2017,12
22223,Sopeira,16-64,2017,60
22223,Sopeira,65-100,2017,24
22223,Sopeira,0-16,2018,11
22223,Sopeira,16-64,2018,61
22223,Sopeira,65-100,2018,22
22223,Sopeira,0-16,2019,8
22223,Sopeira,16-64,2019,61
22223,Sopeira,65-100,2019,22
22223,Sopeira,0-16,2020,6
22223,Sopeira,16-64,2020,63
22223,Sopeira,65-100,2020,22
22223,Sopeira,0-16,2021,6
22223,Sopeira,16-64,2021,61
22223,Sopeira,65-100,2021,26
22223,Sopeira,0-16,2022,6
22223,Sopeira,16-64,2022,59
22223,Sopeira,65-100,2022,28
22223,Sopeira,0-16,2023,5
22223,Sopeira,16-64,2023,55
22223,Sopeira,65-100,2023,32
22223,Sopeira,0-16,2024,5
22223,Sopeira,16-64,2024,51
22223,Sopeira,65-100,2024,28
22223,Sopeira,0-16,2025,6
22223,Sopeira,16-64,2025,53
22223,Sopeira,65-100,2025,27
22225,Tamarite de Litera,0-16,2003,449
22225,Tamarite de Litera,16-64,2003,2199
22225,Tamarite de Litera,65-100,2003,1051
22225,Tamarite de Litera,0-16,2004,442
22225,Tamarite de Litera,16-64,2004,2187
22225,Tamarite de Litera,65-100,2004,1044
22225,Tamarite de Litera,0-16,2005,434
22225,Tamarite de Litera,16-64,2005,2202
22225,Tamarite de Litera,65-100,2005,1019
22225,Tamarite de Litera,0-16,2006,463
22225,Tamarite de Litera,16-64,2006,2210
22225,Tamarite de Litera,65-100,2006,1005
22225,Tamarite de Litera,0-16,2007,464
22225,Tamarite de Litera,16-64,2007,2244
22225,Tamarite de Litera,65-100,2007,995
22225,Tamarite de Litera,0-16,2008,486
22225,Tamarite de Litera,16-64,2008,2247
22225,Tamarite de Litera,65-100,2008,982
22225,Tamarite de Litera,0-16,2009,512
22225,Tamarite de Litera,16-64,2009,2253
22225,Tamarite de Litera,65-100,2009,978
22225,Tamarite de Litera,0-16,2010,510
22225,Tamarite de Litera,16-64,2010,2247
22225,Tamarite de Litera,65-100,2010,973
22225,Tamarite de Litera,0-16,2011,523
22225,Tamarite de Litera,16-64,2011,2220
22225,Tamarite de Litera,65-100,2011,968
22225,Tamarite de Litera,0-16,2012,515
22225,Tamarite de Litera,16-64,2012,2182
22225,Tamarite de Litera,65-100,2012,959
22225,Tamarite de Litera,0-16,2013,503
22225,Tamarite de Litera,16-64,2013,2183
22225,Tamarite de Litera,65-100,2013,940
22225,Tamarite de Litera,0-16,2014,489
22225,Tamarite de Litera,16-64,2014,2170
22225,Tamarite de Litera,65-100,2014,945
22225,Tamarite de Litera,0-16,2015,483
22225,Tamarite de Litera,16-64,2015,2112
22225,Tamarite de Litera,65-100,2015,943
22225,Tamarite de Litera,0-16,2016,483
22225,Tamarite de Litera,16-64,2016,2102
22225,Tamarite de Litera,65-100,2016,922
22225,Tamarite de Litera,0-16,2017,480
22225,Tamarite de Litera,16-64,2017,2110
22225,Tamarite de Litera,65-100,2017,917
22225,Tamarite de Litera,0-16,2018,479
22225,Tamarite de Litera,16-64,2018,2134
22225,Tamarite de Litera,65-100,2018,915
22225,Tamarite de Litera,0-16,2019,475
22225,Tamarite de Litera,16-64,2019,2098
22225,Tamarite de Litera,65-100,2019,903
22225,Tamarite de Litera,0-16,2020,479
22225,Tamarite de Litera,16-64,2020,2101
22225,Tamarite de Litera,65-100,2020,907
22225,Tamarite de Litera,0-16,2021,482
22225,Tamarite de Litera,16-64,2021,2067
22225,Tamarite de Litera,65-100,2021,900
22225,Tamarite de Litera,0-16,2022,466
22225,Tamarite de Litera,16-64,2022,2086
22225,Tamarite de Litera,65-100,2022,893
22225,Tamarite de Litera,0-16,2023,468
22225,Tamarite de Litera,16-64,2023,2055
22225,Tamarite de Litera,65-100,2023,872
22225,Tamarite de Litera,0-16,2024,454
22225,Tamarite de Litera,16-64,2024,2084
22225,Tamarite de Litera,65-100,2024,886
22225,Tamarite de Litera,0-16,2025,442
22225,Tamarite de Litera,16-64,2025,2123
22225,Tamarite de Litera,65-100,2025,892
22226,Tardienta,0-16,2003,99
22226,Tardienta,16-64,2003,641
22226,Tardienta,65-100,2003,343
22226,Tardienta,0-16,2004,99
22226,Tardienta,16-64,2004,630
22226,Tardienta,65-100,2004,343
22226,Tardienta,0-16,2005,95
22226,Tardienta,16-64,2005,645
22226,Tardienta,65-100,2005,329
22226,Tardienta,0-16,2006,89
22226,Tardienta,16-64,2006,629
22226,Tardienta,65-100,2006,317
22226,Tardienta,0-16,2007,96
22226,Tardienta,16-64,2007,606
22226,Tardienta,65-100,2007,320
22226,Tardienta,0-16,2008,100
22226,Tardienta,16-64,2008,629
22226,Tardienta,65-100,2008,314
22226,Tardienta,0-16,2009,107
22226,Tardienta,16-64,2009,619
22226,Tardienta,65-100,2009,309
22226,Tardienta,0-16,2010,103
22226,Tardienta,16-64,2010,598
22226,Tardienta,65-100,2010,306
22226,Tardienta,0-16,2011,108
22226,Tardienta,16-64,2011,582
22226,Tardienta,65-100,2011,308
22226,Tardienta,0-16,2012,101
22226,Tardienta,16-64,2012,579
22226,Tardienta,65-100,2012,305
22226,Tardienta,0-16,2013,111
22226,Tardienta,16-64,2013,577
22226,Tardienta,65-100,2013,306
22226,Tardienta,0-16,2014,126
22226,Tardienta,16-64,2014,579
22226,Tardienta,65-100,2014,300
22226,Tardienta,0-16,2015,127
22226,Tardienta,16-64,2015,563
22226,Tardienta,65-100,2015,295
22226,Tardienta,0-16,2016,129
22226,Tardienta,16-64,2016,550
22226,Tardienta,65-100,2016,286
22226,Tardienta,0-16,2017,122
22226,Tardienta,16-64,2017,547
22226,Tardienta,65-100,2017,304
22226,Tardienta,0-16,2018,118
22226,Tardienta,16-64,2018,540
22226,Tardienta,65-100,2018,294
22226,Tardienta,0-16,2019,125
22226,Tardienta,16-64,2019,548
22226,Tardienta,65-100,2019,288
22226,Tardienta,0-16,2020,130
22226,Tardienta,16-64,2020,541
22226,Tardienta,65-100,2020,277
22226,Tardienta,0-16,2021,134
22226,Tardienta,16-64,2021,533
22226,Tardienta,65-100,2021,271
22226,Tardienta,0-16,2022,135
22226,Tardienta,16-64,2022,535
22226,Tardienta,65-100,2022,267
22226,Tardienta,0-16,2023,129
22226,Tardienta,16-64,2023,533
22226,Tardienta,65-100,2023,271
22226,Tardienta,0-16,2024,146
22226,Tardienta,16-64,2024,528
22226,Tardienta,65-100,2024,264
22226,Tardienta,0-16,2025,149
22226,Tardienta,16-64,2025,534
22226,Tardienta,65-100,2025,268
22227,Tella-Sin,0-16,2003,20
22227,Tella-Sin,16-64,2003,139
22227,Tella-Sin,65-100,2003,105
22227,Tella-Sin,0-16,2004,19
22227,Tella-Sin,16-64,2004,142
22227,Tella-Sin,65-100,2004,106
22227,Tella-Sin,0-16,2005,23
22227,Tella-Sin,16-64,2005,149
22227,Tella-Sin,65-100,2005,100
22227,Tella-Sin,0-16,2006,23
22227,Tella-Sin,16-64,2006,149
22227,Tella-Sin,65-100,2006,96
22227,Tella-Sin,0-16,2007,21
22227,Tella-Sin,16-64,2007,164
22227,Tella-Sin,65-100,2007,105
22227,Tella-Sin,0-16,2008,21
22227,Tella-Sin,16-64,2008,182
22227,Tella-Sin,65-100,2008,104
22227,Tella-Sin,0-16,2009,19
22227,Tella-Sin,16-64,2009,176
22227,Tella-Sin,65-100,2009,96
22227,Tella-Sin,0-16,2010,17
22227,Tella-Sin,16-64,2010,150
22227,Tella-Sin,65-100,2010,99
22227,Tella-Sin,0-16,2011,20
22227,Tella-Sin,16-64,2011,152
22227,Tella-Sin,65-100,2011,100
22227,Tella-Sin,0-16,2012,17
22227,Tella-Sin,16-64,2012,144
22227,Tella-Sin,65-100,2012,102
22227,Tella-Sin,0-16,2013,16
22227,Tella-Sin,16-64,2013,142
22227,Tella-Sin,65-100,2013,96
22227,Tella-Sin,0-16,2014,16
22227,Tella-Sin,16-64,2014,148
22227,Tella-Sin,65-100,2014,96
22227,Tella-Sin,0-16,2015,12
22227,Tella-Sin,16-64,2015,142
22227,Tella-Sin,65-100,2015,95
22227,Tella-Sin,0-16,2016,10
22227,Tella-Sin,16-64,2016,142
22227,Tella-Sin,65-100,2016,91
22227,Tella-Sin,0-16,2017,10
22227,Tella-Sin,16-64,2017,132
22227,Tella-Sin,65-100,2017,89
22227,Tella-Sin,0-16,2018,9
22227,Tella-Sin,16-64,2018,133
22227,Tella-Sin,65-100,2018,84
22227,Tella-Sin,0-16,2019,12
22227,Tella-Sin,16-64,2019,131
22227,Tella-Sin,65-100,2019,89
22227,Tella-Sin,0-16,2020,12
22227,Tella-Sin,16-64,2020,129
22227,Tella-Sin,65-100,2020,84
22227,Tella-Sin,0-16,2021,10
22227,Tella-Sin,16-64,2021,134
22227,Tella-Sin,65-100,2021,80
22227,Tella-Sin,0-16,2022,11
22227,Tella-Sin,16-64,2022,132
22227,Tella-Sin,65-100,2022,85
22227,Tella-Sin,0-16,2023,12
22227,Tella-Sin,16-64,2023,134
22227,Tella-Sin,65-100,2023,81
22227,Tella-Sin,0-16,2024,12
22227,Tella-Sin,16-64,2024,127
22227,Tella-Sin,65-100,2024,77
22227,Tella-Sin,0-16,2025,13
22227,Tella-Sin,16-64,2025,116
22227,Tella-Sin,65-100,2025,78
22228,Tierz,0-16,2003,15
22228,Tierz,16-64,2003,96
22228,Tierz,65-100,2003,63
22228,Tierz,0-16,2004,32
22228,Tierz,16-64,2004,145
22228,Tierz,65-100,2004,66
22228,Tierz,0-16,2005,75
22228,Tierz,16-64,2005,260
22228,Tierz,65-100,2005,68
22228,Tierz,0-16,2006,99
22228,Tierz,16-64,2006,382
22228,Tierz,65-100,2006,69
22228,Tierz,0-16,2007,113
22228,Tierz,16-64,2007,406
22228,Tierz,65-100,2007,66
22228,Tierz,0-16,2008,133
22228,Tierz,16-64,2008,433
22228,Tierz,65-100,2008,63
22228,Tierz,0-16,2009,145
22228,Tierz,16-64,2009,438
22228,Tierz,65-100,2009,63
22228,Tierz,0-16,2010,173
22228,Tierz,16-64,2010,451
22228,Tierz,65-100,2010,67
22228,Tierz,0-16,2011,186
22228,Tierz,16-64,2011,463
22228,Tierz,65-100,2011,66
22228,Tierz,0-16,2012,195
22228,Tierz,16-64,2012,455
22228,Tierz,65-100,2012,64
22228,Tierz,0-16,2013,199
22228,Tierz,16-64,2013,464
22228,Tierz,65-100,2013,63
22228,Tierz,0-16,2014,207
22228,Tierz,16-64,2014,459
22228,Tierz,65-100,2014,68
22228,Tierz,0-16,2015,208
22228,Tierz,16-64,2015,465
22228,Tierz,65-100,2015,69
22228,Tierz,0-16,2016,206
22228,Tierz,16-64,2016,468
22228,Tierz,65-100,2016,69
22228,Tierz,0-16,2017,206
22228,Tierz,16-64,2017,485
22228,Tierz,65-100,2017,63
22228,Tierz,0-16,2018,196
22228,Tierz,16-64,2018,496
22228,Tierz,65-100,2018,66
22228,Tierz,0-16,2019,194
22228,Tierz,16-64,2019,506
22228,Tierz,65-100,2019,71
22228,Tierz,0-16,2020,202
22228,Tierz,16-64,2020,511
22228,Tierz,65-100,2020,68
22228,Tierz,0-16,2021,199
22228,Tierz,16-64,2021,531
22228,Tierz,65-100,2021,70
22228,Tierz,0-16,2022,195
22228,Tierz,16-64,2022,552
22228,Tierz,65-100,2022,75
22228,Tierz,0-16,2023,189
22228,Tierz,16-64,2023,564
22228,Tierz,65-100,2023,71
22228,Tierz,0-16,2024,180
22228,Tierz,16-64,2024,564
22228,Tierz,65-100,2024,77
22228,Tierz,0-16,2025,172
22228,Tierz,16-64,2025,574
22228,Tierz,65-100,2025,77
22229,Tolva,0-16,2003,17
22229,Tolva,16-64,2003,93
22229,Tolva,65-100,2003,72
22229,Tolva,0-16,2004,17
22229,Tolva,16-64,2004,94
22229,Tolva,65-100,2004,69
22229,Tolva,0-16,2005,19
22229,Tolva,16-64,2005,98
22229,Tolva,65-100,2005,66
22229,Tolva,0-16,2006,21
22229,Tolva,16-64,2006,95
22229,Tolva,65-100,2006,60
22229,Tolva,0-16,2007,26
22229,Tolva,16-64,2007,106
22229,Tolva,65-100,2007,61
22229,Tolva,0-16,2008,20
22229,Tolva,16-64,2008,108
22229,Tolva,65-100,2008,63
22229,Tolva,0-16,2009,15
22229,Tolva,16-64,2009,101
22229,Tolva,65-100,2009,59
22229,Tolva,0-16,2010,15
22229,Tolva,16-64,2010,101
22229,Tolva,65-100,2010,55
22229,Tolva,0-16,2011,12
22229,Tolva,16-64,2011,95
22229,Tolva,65-100,2011,53
22229,Tolva,0-16,2012,12
22229,Tolva,16-64,2012,87
22229,Tolva,65-100,2012,53
22229,Tolva,0-16,2013,11
22229,Tolva,16-64,2013,88
22229,Tolva,65-100,2013,48
22229,Tolva,0-16,2014,12
22229,Tolva,16-64,2014,89
22229,Tolva,65-100,2014,47
22229,Tolva,0-16,2015,10
22229,Tolva,16-64,2015,79
22229,Tolva,65-100,2015,48
22229,Tolva,0-16,2016,9
22229,Tolva,16-64,2016,76
22229,Tolva,65-100,2016,49
22229,Tolva,0-16,2017,9
22229,Tolva,16-64,2017,72
22229,Tolva,65-100,2017,46
22229,Tolva,0-16,2018,6
22229,Tolva,16-64,2018,71
22229,Tolva,65-100,2018,46
22229,Tolva,0-16,2019,5
22229,Tolva,16-64,2019,73
22229,Tolva,65-100,2019,43
22229,Tolva,0-16,2020,5
22229,Tolva,16-64,2020,72
22229,Tolva,65-100,2020,45
22229,Tolva,0-16,2021,7
22229,Tolva,16-64,2021,73
22229,Tolva,65-100,2021,46
22229,Tolva,0-16,2022,10
22229,Tolva,16-64,2022,80
22229,Tolva,65-100,2022,42
22229,Tolva,0-16,2023,9
22229,Tolva,16-64,2023,68
22229,Tolva,65-100,2023,47
22229,Tolva,0-16,2024,10
22229,Tolva,16-64,2024,74
22229,Tolva,65-100,2024,48
22229,Tolva,0-16,2025,11
22229,Tolva,16-64,2025,71
22229,Tolva,65-100,2025,48
22230,Torla-Ordesa,0-16,2003,26
22230,Torla-Ordesa,16-64,2003,198
22230,Torla-Ordesa,65-100,2003,92
22230,Torla-Ordesa,0-16,2004,23
22230,Torla-Ordesa,16-64,2004,203
22230,Torla-Ordesa,65-100,2004,89
22230,Torla-Ordesa,0-16,2005,22
22230,Torla-Ordesa,16-64,2005,209
22230,Torla-Ordesa,65-100,2005,87
22230,Torla-Ordesa,0-16,2006,32
22230,Torla-Ordesa,16-64,2006,208
22230,Torla-Ordesa,65-100,2006,89
22230,Torla-Ordesa,0-16,2007,29
22230,Torla-Ordesa,16-64,2007,212
22230,Torla-Ordesa,65-100,2007,78
22230,Torla-Ordesa,0-16,2008,27
22230,Torla-Ordesa,16-64,2008,217
22230,Torla-Ordesa,65-100,2008,79
22230,Torla-Ordesa,0-16,2009,26
22230,Torla-Ordesa,16-64,2009,215
22230,Torla-Ordesa,65-100,2009,83
22230,Torla-Ordesa,0-16,2010,23
22230,Torla-Ordesa,16-64,2010,221
22230,Torla-Ordesa,65-100,2010,84
22230,Torla-Ordesa,0-16,2011,23
22230,Torla-Ordesa,16-64,2011,214
22230,Torla-Ordesa,65-100,2011,90
22230,Torla-Ordesa,0-16,2012,21
22230,Torla-Ordesa,16-64,2012,212
22230,Torla-Ordesa,65-100,2012,87
22230,Torla-Ordesa,0-16,2013,23
22230,Torla-Ordesa,16-64,2013,183
22230,Torla-Ordesa,65-100,2013,86
22230,Torla-Ordesa,0-16,2014,21
22230,Torla-Ordesa,16-64,2014,184
22230,Torla-Ordesa,65-100,2014,88
22230,Torla-Ordesa,0-16,2015,17
22230,Torla-Ordesa,16-64,2015,204
22230,Torla-Ordesa,65-100,2015,85
22230,Torla-Ordesa,0-16,2016,16
22230,Torla-Ordesa,16-64,2016,203
22230,Torla-Ordesa,65-100,2016,86
22230,Torla-Ordesa,0-16,2017,13
22230,Torla-Ordesa,16-64,2017,202
22230,Torla-Ordesa,65-100,2017,84
22230,Torla-Ordesa,0-16,2018,15
22230,Torla-Ordesa,16-64,2018,197
22230,Torla-Ordesa,65-100,2018,86
22230,Torla-Ordesa,0-16,2019,13
22230,Torla-Ordesa,16-64,2019,199
22230,Torla-Ordesa,65-100,2019,92
22230,Torla-Ordesa,0-16,2020,12
22230,Torla-Ordesa,16-64,2020,194
22230,Torla-Ordesa,65-100,2020,92
22230,Torla-Ordesa,0-16,2021,8
22230,Torla-Ordesa,16-64,2021,199
22230,Torla-Ordesa,65-100,2021,92
22230,Torla-Ordesa,0-16,2022,11
22230,Torla-Ordesa,16-64,2022,201
22230,Torla-Ordesa,65-100,2022,95
22230,Torla-Ordesa,0-16,2023,29
22230,Torla-Ordesa,16-64,2023,204
22230,Torla-Ordesa,65-100,2023,96
22230,Torla-Ordesa,0-16,2024,30
22230,Torla-Ordesa,16-64,2024,210
22230,Torla-Ordesa,65-100,2024,96
22230,Torla-Ordesa,0-16,2025,34
22230,Torla-Ordesa,16-64,2025,211
22230,Torla-Ordesa,65-100,2025,99
22232,Torralba de Aragón,0-16,2003,4
22232,Torralba de Aragón,16-64,2003,72
22232,Torralba de Aragón,65-100,2003,42
22232,Torralba de Aragón,0-16,2004,3
22232,Torralba de Aragón,16-64,2004,72
22232,Torralba de Aragón,65-100,2004,40
22232,Torralba de Aragón,0-16,2005,5
22232,Torralba de Aragón,16-64,2005,74
22232,Torralba de Aragón,65-100,2005,43
22232,Torralba de Aragón,0-16,2006,2
22232,Torralba de Aragón,16-64,2006,74
22232,Torralba de Aragón,65-100,2006,41
22232,Torralba de Aragón,0-16,2007,4
22232,Torralba de Aragón,16-64,2007,71
22232,Torralba de Aragón,65-100,2007,43
22232,Torralba de Aragón,0-16,2008,6
22232,Torralba de Aragón,16-64,2008,69
22232,Torralba de Aragón,65-100,2008,41
22232,Torralba de Aragón,0-16,2009,5
22232,Torralba de Aragón,16-64,2009,67
22232,Torralba de Aragón,65-100,2009,41
22232,Torralba de Aragón,0-16,2010,5
22232,Torralba de Aragón,16-64,2010,67
22232,Torralba de Aragón,65-100,2010,39
22232,Torralba de Aragón,0-16,2011,4
22232,Torralba de Aragón,16-64,2011,67
22232,Torralba de Aragón,65-100,2011,36
22232,Torralba de Aragón,0-16,2012,6
22232,Torralba de Aragón,16-64,2012,69
22232,Torralba de Aragón,65-100,2012,35
22232,Torralba de Aragón,0-16,2013,7
22232,Torralba de Aragón,16-64,2013,64
22232,Torralba de Aragón,65-100,2013,36
22232,Torralba de Aragón,0-16,2014,10
22232,Torralba de Aragón,16-64,2014,64
22232,Torralba de Aragón,65-100,2014,39
22232,Torralba de Aragón,0-16,2015,9
22232,Torralba de Aragón,16-64,2015,65
22232,Torralba de Aragón,65-100,2015,40
22232,Torralba de Aragón,0-16,2016,6
22232,Torralba de Aragón,16-64,2016,63
22232,Torralba de Aragón,65-100,2016,38
22232,Torralba de Aragón,0-16,2017,11
22232,Torralba de Aragón,16-64,2017,67
22232,Torralba de Aragón,65-100,2017,36
22232,Torralba de Aragón,0-16,2018,7
22232,Torralba de Aragón,16-64,2018,63
22232,Torralba de Aragón,65-100,2018,33
22232,Torralba de Aragón,0-16,2019,7
22232,Torralba de Aragón,16-64,2019,62
22232,Torralba de Aragón,65-100,2019,32
22232,Torralba de Aragón,0-16,2020,14
22232,Torralba de Aragón,16-64,2020,67
22232,Torralba de Aragón,65-100,2020,32
22232,Torralba de Aragón,0-16,2021,10
22232,Torralba de Aragón,16-64,2021,69
22232,Torralba de Aragón,65-100,2021,30
22232,Torralba de Aragón,0-16,2022,11
22232,Torralba de Aragón,16-64,2022,67
22232,Torralba de Aragón,65-100,2022,27
22232,Torralba de Aragón,0-16,2023,13
22232,Torralba de Aragón,16-64,2023,70
22232,Torralba de Aragón,65-100,2023,23
22232,Torralba de Aragón,0-16,2024,12
22232,Torralba de Aragón,16-64,2024,68
22232,Torralba de Aragón,65-100,2024,24
22232,Torralba de Aragón,0-16,2025,13
22232,Torralba de Aragón,16-64,2025,66
22232,Torralba de Aragón,65-100,2025,23
22233,Torre la Ribera,0-16,2003,16
22233,Torre la Ribera,16-64,2003,67
22233,Torre la Ribera,65-100,2003,36
22233,Torre la Ribera,0-16,2004,14
22233,Torre la Ribera,16-64,2004,71
22233,Torre la Ribera,65-100,2004,32
22233,Torre la Ribera,0-16,2005,13
22233,Torre la Ribera,16-64,2005,73
22233,Torre la Ribera,65-100,2005,33
22233,Torre la Ribera,0-16,2006,12
22233,Torre la Ribera,16-64,2006,73
22233,Torre la Ribera,65-100,2006,33
22233,Torre la Ribera,0-16,2007,12
22233,Torre la Ribera,16-64,2007,71
22233,Torre la Ribera,65-100,2007,36
22233,Torre la Ribera,0-16,2008,11
22233,Torre la Ribera,16-64,2008,76
22233,Torre la Ribera,65-100,2008,34
22233,Torre la Ribera,0-16,2009,11
22233,Torre la Ribera,16-64,2009,72
22233,Torre la Ribera,65-100,2009,35
22233,Torre la Ribera,0-16,2010,9
22233,Torre la Ribera,16-64,2010,75
22233,Torre la Ribera,65-100,2010,33
22233,Torre la Ribera,0-16,2011,11
22233,Torre la Ribera,16-64,2011,74
22233,Torre la Ribera,65-100,2011,34
22233,Torre la Ribera,0-16,2012,9
22233,Torre la Ribera,16-64,2012,75
22233,Torre la Ribera,65-100,2012,33
22233,Torre la Ribera,0-16,2013,9
22233,Torre la Ribera,16-64,2013,71
22233,Torre la Ribera,65-100,2013,33
22233,Torre la Ribera,0-16,2014,8
22233,Torre la Ribera,16-64,2014,67
22233,Torre la Ribera,65-100,2014,31
22233,Torre la Ribera,0-16,2015,9
22233,Torre la Ribera,16-64,2015,65
22233,Torre la Ribera,65-100,2015,30
22233,Torre la Ribera,0-16,2016,9
22233,Torre la Ribera,16-64,2016,63
22233,Torre la Ribera,65-100,2016,31
22233,Torre la Ribera,0-16,2017,9
22233,Torre la Ribera,16-64,2017,61
22233,Torre la Ribera,65-100,2017,33
22233,Torre la Ribera,0-16,2018,7
22233,Torre la Ribera,16-64,2018,61
22233,Torre la Ribera,65-100,2018,34
22233,Torre la Ribera,0-16,2019,5
22233,Torre la Ribera,16-64,2019,65
22233,Torre la Ribera,65-100,2019,31
22233,Torre la Ribera,0-16,2020,8
22233,Torre la Ribera,16-64,2020,60
22233,Torre la Ribera,65-100,2020,28
22233,Torre la Ribera,0-16,2021,9
22233,Torre la Ribera,16-64,2021,60
22233,Torre la Ribera,65-100,2021,26
22233,Torre la Ribera,0-16,2022,10
22233,Torre la Ribera,16-64,2022,62
22233,Torre la Ribera,65-100,2022,29
22233,Torre la Ribera,0-16,2023,11
22233,Torre la Ribera,16-64,2023,58
22233,Torre la Ribera,65-100,2023,28
22233,Torre la Ribera,0-16,2024,11
22233,Torre la Ribera,16-64,2024,61
22233,Torre la Ribera,65-100,2024,29
22233,Torre la Ribera,0-16,2025,9
22233,Torre la Ribera,16-64,2025,63
22233,Torre la Ribera,65-100,2025,30
22234,Torrente de Cinca,0-16,2003,109
22234,Torrente de Cinca,16-64,2003,606
22234,Torrente de Cinca,65-100,2003,286
22234,Torrente de Cinca,0-16,2004,105
22234,Torrente de Cinca,16-64,2004,615
22234,Torrente de Cinca,65-100,2004,282
22234,Torrente de Cinca,0-16,2005,106
22234,Torrente de Cinca,16-64,2005,662
22234,Torrente de Cinca,65-100,2005,279
22234,Torrente de Cinca,0-16,2006,102
22234,Torrente de Cinca,16-64,2006,700
22234,Torrente de Cinca,65-100,2006,282
22234,Torrente de Cinca,0-16,2007,92
22234,Torrente de Cinca,16-64,2007,643
22234,Torrente de Cinca,65-100,2007,286
22234,Torrente de Cinca,0-16,2008,93
22234,Torrente de Cinca,16-64,2008,633
22234,Torrente de Cinca,65-100,2008,291
22234,Torrente de Cinca,0-16,2009,141
22234,Torrente de Cinca,16-64,2009,943
22234,Torrente de Cinca,65-100,2009,286
22234,Torrente de Cinca,0-16,2010,132
22234,Torrente de Cinca,16-64,2010,860
22234,Torrente de Cinca,65-100,2010,284
22234,Torrente de Cinca,0-16,2011,129
22234,Torrente de Cinca,16-64,2011,921
22234,Torrente de Cinca,65-100,2011,287
22234,Torrente de Cinca,0-16,2012,131
22234,Torrente de Cinca,16-64,2012,896
22234,Torrente de Cinca,65-100,2012,294
22234,Torrente de Cinca,0-16,2013,134
22234,Torrente de Cinca,16-64,2013,818
22234,Torrente de Cinca,65-100,2013,289
22234,Torrente de Cinca,0-16,2014,127
22234,Torrente de Cinca,16-64,2014,789
22234,Torrente de Cinca,65-100,2014,289
22234,Torrente de Cinca,0-16,2015,128
22234,Torrente de Cinca,16-64,2015,766
22234,Torrente de Cinca,65-100,2015,293
22234,Torrente de Cinca,0-16,2016,123
22234,Torrente de Cinca,16-64,2016,746
22234,Torrente de Cinca,65-100,2016,288
22234,Torrente de Cinca,0-16,2017,114
22234,Torrente de Cinca,16-64,2017,735
22234,Torrente de Cinca,65-100,2017,283
22234,Torrente de Cinca,0-16,2018,115
22234,Torrente de Cinca,16-64,2018,751
22234,Torrente de Cinca,65-100,2018,282
22234,Torrente de Cinca,0-16,2019,118
22234,Torrente de Cinca,16-64,2019,766
22234,Torrente de Cinca,65-100,2019,270
22234,Torrente de Cinca,0-16,2020,126
22234,Torrente de Cinca,16-64,2020,929
22234,Torrente de Cinca,65-100,2020,272
22234,Torrente de Cinca,0-16,2021,122
22234,Torrente de Cinca,16-64,2021,884
22234,Torrente de Cinca,65-100,2021,273
22234,Torrente de Cinca,0-16,2022,118
22234,Torrente de Cinca,16-64,2022,765
22234,Torrente de Cinca,65-100,2022,268
22234,Torrente de Cinca,0-16,2023,110
22234,Torrente de Cinca,16-64,2023,795
22234,Torrente de Cinca,65-100,2023,271
22234,Torrente de Cinca,0-16,2024,104
22234,Torrente de Cinca,16-64,2024,762
22234,Torrente de Cinca,65-100,2024,274
22234,Torrente de Cinca,0-16,2025,102
22234,Torrente de Cinca,16-64,2025,712
22234,Torrente de Cinca,65-100,2025,263
22235,Torres de Alcanadre,0-16,2003,9
22235,Torres de Alcanadre,16-64,2003,58
22235,Torres de Alcanadre,65-100,2003,61
22235,Torres de Alcanadre,0-16,2004,8
22235,Torres de Alcanadre,16-64,2004,58
22235,Torres de Alcanadre,65-100,2004,59
22235,Torres de Alcanadre,0-16,2005,7
22235,Torres de Alcanadre,16-64,2005,59
22235,Torres de Alcanadre,65-100,2005,58
22235,Torres de Alcanadre,0-16,2006,6
22235,Torres de Alcanadre,16-64,2006,56
22235,Torres de Alcanadre,65-100,2006,60
22235,Torres de Alcanadre,0-16,2007,5
22235,Torres de Alcanadre,16-64,2007,54
22235,Torres de Alcanadre,65-100,2007,57
22235,Torres de Alcanadre,0-16,2008,5
22235,Torres de Alcanadre,16-64,2008,54
22235,Torres de Alcanadre,65-100,2008,53
22235,Torres de Alcanadre,0-16,2009,3
22235,Torres de Alcanadre,16-64,2009,55
22235,Torres de Alcanadre,65-100,2009,55
22235,Torres de Alcanadre,0-16,2010,1
22235,Torres de Alcanadre,16-64,2010,54
22235,Torres de Alcanadre,65-100,2010,51
22235,Torres de Alcanadre,0-16,2011,2
22235,Torres de Alcanadre,16-64,2011,55
22235,Torres de Alcanadre,65-100,2011,52
22235,Torres de Alcanadre,0-16,2012,1
22235,Torres de Alcanadre,16-64,2012,52
22235,Torres de Alcanadre,65-100,2012,52
22235,Torres de Alcanadre,0-16,2013,3
22235,Torres de Alcanadre,16-64,2013,52
22235,Torres de Alcanadre,65-100,2013,51
22235,Torres de Alcanadre,0-16,2014,2
22235,Torres de Alcanadre,16-64,2014,50
22235,Torres de Alcanadre,65-100,2014,51
22235,Torres de Alcanadre,0-16,2015,3
22235,Torres de Alcanadre,16-64,2015,54
22235,Torres de Alcanadre,65-100,2015,50
22235,Torres de Alcanadre,0-16,2016,0
22235,Torres de Alcanadre,16-64,2016,49
22235,Torres de Alcanadre,65-100,2016,49
22235,Torres de Alcanadre,0-16,2017,0
22235,Torres de Alcanadre,16-64,2017,47
22235,Torres de Alcanadre,65-100,2017,46
22235,Torres de Alcanadre,0-16,2018,0
22235,Torres de Alcanadre,16-64,2018,47
22235,Torres de Alcanadre,65-100,2018,45
22235,Torres de Alcanadre,0-16,2019,0
22235,Torres de Alcanadre,16-64,2019,48
22235,Torres de Alcanadre,65-100,2019,38
22235,Torres de Alcanadre,0-16,2020,0
22235,Torres de Alcanadre,16-64,2020,48
22235,Torres de Alcanadre,65-100,2020,34
22235,Torres de Alcanadre,0-16,2021,3
22235,Torres de Alcanadre,16-64,2021,53
22235,Torres de Alcanadre,65-100,2021,35
22235,Torres de Alcanadre,0-16,2022,2
22235,Torres de Alcanadre,16-64,2022,46
22235,Torres de Alcanadre,65-100,2022,37
22235,Torres de Alcanadre,0-16,2023,2
22235,Torres de Alcanadre,16-64,2023,47
22235,Torres de Alcanadre,65-100,2023,32
22235,Torres de Alcanadre,0-16,2024,4
22235,Torres de Alcanadre,16-64,2024,50
22235,Torres de Alcanadre,65-100,2024,38
22235,Torres de Alcanadre,0-16,2025,6
22235,Torres de Alcanadre,16-64,2025,45
22235,Torres de Alcanadre,65-100,2025,40
22236,Torres de Barbués,0-16,2003,26
22236,Torres de Barbués,16-64,2003,193
22236,Torres de Barbués,65-100,2003,117
22236,Torres de Barbués,0-16,2004,26
22236,Torres de Barbués,16-64,2004,198
22236,Torres de Barbués,65-100,2004,111
22236,Torres de Barbués,0-16,2005,22
22236,Torres de Barbués,16-64,2005,190
22236,Torres de Barbués,65-100,2005,109
22236,Torres de Barbués,0-16,2006,24
22236,Torres de Barbués,16-64,2006,194
22236,Torres de Barbués,65-100,2006,106
22236,Torres de Barbués,0-16,2007,23
22236,Torres de Barbués,16-64,2007,198
22236,Torres de Barbués,65-100,2007,103
22236,Torres de Barbués,0-16,2008,24
22236,Torres de Barbués,16-64,2008,195
22236,Torres de Barbués,65-100,2008,101
22236,Torres de Barbués,0-16,2009,24
22236,Torres de Barbués,16-64,2009,194
22236,Torres de Barbués,65-100,2009,100
22236,Torres de Barbués,0-16,2010,21
22236,Torres de Barbués,16-64,2010,187
22236,Torres de Barbués,65-100,2010,95
22236,Torres de Barbués,0-16,2011,20
22236,Torres de Barbués,16-64,2011,183
22236,Torres de Barbués,65-100,2011,98
22236,Torres de Barbués,0-16,2012,18
22236,Torres de Barbués,16-64,2012,183
22236,Torres de Barbués,65-100,2012,96
22236,Torres de Barbués,0-16,2013,22
22236,Torres de Barbués,16-64,2013,184
22236,Torres de Barbués,65-100,2013,97
22236,Torres de Barbués,0-16,2014,14
22236,Torres de Barbués,16-64,2014,180
22236,Torres de Barbués,65-100,2014,99
22236,Torres de Barbués,0-16,2015,13
22236,Torres de Barbués,16-64,2015,174
22236,Torres de Barbués,65-100,2015,96
22236,Torres de Barbués,0-16,2016,17
22236,Torres de Barbués,16-64,2016,174
22236,Torres de Barbués,65-100,2016,90
22236,Torres de Barbués,0-16,2017,14
22236,Torres de Barbués,16-64,2017,173
22236,Torres de Barbués,65-100,2017,85
22236,Torres de Barbués,0-16,2018,13
22236,Torres de Barbués,16-64,2018,168
22236,Torres de Barbués,65-100,2018,85
22236,Torres de Barbués,0-16,2019,9
22236,Torres de Barbués,16-64,2019,160
22236,Torres de Barbués,65-100,2019,83
22236,Torres de Barbués,0-16,2020,15
22236,Torres de Barbués,16-64,2020,154
22236,Torres de Barbués,65-100,2020,82
22236,Torres de Barbués,0-16,2021,14
22236,Torres de Barbués,16-64,2021,156
22236,Torres de Barbués,65-100,2021,81
22236,Torres de Barbués,0-16,2022,17
22236,Torres de Barbués,16-64,2022,161
22236,Torres de Barbués,65-100,2022,78
22236,Torres de Barbués,0-16,2023,20
22236,Torres de Barbués,16-64,2023,159
22236,Torres de Barbués,65-100,2023,83
22236,Torres de Barbués,0-16,2024,22
22236,Torres de Barbués,16-64,2024,164
22236,Torres de Barbués,65-100,2024,87
22236,Torres de Barbués,0-16,2025,28
22236,Torres de Barbués,16-64,2025,162
22236,Torres de Barbués,65-100,2025,85
22239,Tramaced,0-16,2003,1
22239,Tramaced,16-64,2003,58
22239,Tramaced,65-100,2003,40
22239,Tramaced,0-16,2004,2
22239,Tramaced,16-64,2004,67
22239,Tramaced,65-100,2004,39
22239,Tramaced,0-16,2005,2
22239,Tramaced,16-64,2005,65
22239,Tramaced,65-100,2005,40
22239,Tramaced,0-16,2006,2
22239,Tramaced,16-64,2006,64
22239,Tramaced,65-100,2006,39
22239,Tramaced,0-16,2007,5
22239,Tramaced,16-64,2007,64
22239,Tramaced,65-100,2007,41
22239,Tramaced,0-16,2008,4
22239,Tramaced,16-64,2008,63
22239,Tramaced,65-100,2008,39
22239,Tramaced,0-16,2009,4
22239,Tramaced,16-64,2009,58
22239,Tramaced,65-100,2009,38
22239,Tramaced,0-16,2010,2
22239,Tramaced,16-64,2010,59
22239,Tramaced,65-100,2010,39
22239,Tramaced,0-16,2011,4
22239,Tramaced,16-64,2011,58
22239,Tramaced,65-100,2011,36
22239,Tramaced,0-16,2012,5
22239,Tramaced,16-64,2012,51
22239,Tramaced,65-100,2012,38
22239,Tramaced,0-16,2013,7
22239,Tramaced,16-64,2013,54
22239,Tramaced,65-100,2013,34
22239,Tramaced,0-16,2014,6
22239,Tramaced,16-64,2014,52
22239,Tramaced,65-100,2014,39
22239,Tramaced,0-16,2015,12
22239,Tramaced,16-64,2015,56
22239,Tramaced,65-100,2015,42
22239,Tramaced,0-16,2016,13
22239,Tramaced,16-64,2016,57
22239,Tramaced,65-100,2016,43
22239,Tramaced,0-16,2017,7
22239,Tramaced,16-64,2017,54
22239,Tramaced,65-100,2017,46
22239,Tramaced,0-16,2018,7
22239,Tramaced,16-64,2018,48
22239,Tramaced,65-100,2018,44
22239,Tramaced,0-16,2019,8
22239,Tramaced,16-64,2019,56
22239,Tramaced,65-100,2019,40
22239,Tramaced,0-16,2020,6
22239,Tramaced,16-64,2020,55
22239,Tramaced,65-100,2020,37
22239,Tramaced,0-16,2021,8
22239,Tramaced,16-64,2021,56
22239,Tramaced,65-100,2021,36
22239,Tramaced,0-16,2022,9
22239,Tramaced,16-64,2022,65
22239,Tramaced,65-100,2022,36
22239,Tramaced,0-16,2023,8
22239,Tramaced,16-64,2023,68
22239,Tramaced,65-100,2023,35
22239,Tramaced,0-16,2024,6
22239,Tramaced,16-64,2024,70
22239,Tramaced,65-100,2024,35
22239,Tramaced,0-16,2025,5
22239,Tramaced,16-64,2025,70
22239,Tramaced,65-100,2025,33
22242,Valfarta,0-16,2003,11
22242,Valfarta,16-64,2003,51
22242,Valfarta,65-100,2003,36
22242,Valfarta,0-16,2004,9
22242,Valfarta,16-64,2004,45
22242,Valfarta,65-100,2004,37
22242,Valfarta,0-16,2005,12
22242,Valfarta,16-64,2005,51
22242,Valfarta,65-100,2005,37
22242,Valfarta,0-16,2006,12
22242,Valfarta,16-64,2006,51
22242,Valfarta,65-100,2006,38
22242,Valfarta,0-16,2007,10
22242,Valfarta,16-64,2007,49
22242,Valfarta,65-100,2007,40
22242,Valfarta,0-16,2008,8
22242,Valfarta,16-64,2008,46
22242,Valfarta,65-100,2008,38
22242,Valfarta,0-16,2009,8
22242,Valfarta,16-64,2009,44
22242,Valfarta,65-100,2009,38
22242,Valfarta,0-16,2010,8
22242,Valfarta,16-64,2010,41
22242,Valfarta,65-100,2010,38
22242,Valfarta,0-16,2011,10
22242,Valfarta,16-64,2011,42
22242,Valfarta,65-100,2011,38
22242,Valfarta,0-16,2012,4
22242,Valfarta,16-64,2012,37
22242,Valfarta,65-100,2012,33
22242,Valfarta,0-16,2013,7
22242,Valfarta,16-64,2013,37
22242,Valfarta,65-100,2013,34
22242,Valfarta,0-16,2014,6
22242,Valfarta,16-64,2014,37
22242,Valfarta,65-100,2014,30
22242,Valfarta,0-16,2015,6
22242,Valfarta,16-64,2015,36
22242,Valfarta,65-100,2015,30
22242,Valfarta,0-16,2016,3
22242,Valfarta,16-64,2016,38
22242,Valfarta,65-100,2016,29
22242,Valfarta,0-16,2017,1
22242,Valfarta,16-64,2017,36
22242,Valfarta,65-100,2017,29
22242,Valfarta,0-16,2018,4
22242,Valfarta,16-64,2018,35
22242,Valfarta,65-100,2018,30
22242,Valfarta,0-16,2019,5
22242,Valfarta,16-64,2019,34
22242,Valfarta,65-100,2019,28
22242,Valfarta,0-16,2020,4
22242,Valfarta,16-64,2020,31
22242,Valfarta,65-100,2020,28
22242,Valfarta,0-16,2021,2
22242,Valfarta,16-64,2021,37
22242,Valfarta,65-100,2021,26
22242,Valfarta,0-16,2022,1
22242,Valfarta,16-64,2022,34
22242,Valfarta,65-100,2022,23
22242,Valfarta,0-16,2023,4
22242,Valfarta,16-64,2023,35
22242,Valfarta,65-100,2023,24
22242,Valfarta,0-16,2024,3
22242,Valfarta,16-64,2024,28
22242,Valfarta,65-100,2024,24
22242,Valfarta,0-16,2025,3
22242,Valfarta,16-64,2025,28
22242,Valfarta,65-100,2025,23
22243,Valle de Bardají,0-16,2003,11
22243,Valle de Bardají,16-64,2003,23
22243,Valle de Bardají,65-100,2003,20
22243,Valle de Bardají,0-16,2004,10
22243,Valle de Bardají,16-64,2004,23
22243,Valle de Bardají,65-100,2004,21
22243,Valle de Bardají,0-16,2005,9
22243,Valle de Bardají,16-64,2005,24
22243,Valle de Bardají,65-100,2005,21
22243,Valle de Bardají,0-16,2006,8
22243,Valle de Bardají,16-64,2006,25
22243,Valle de Bardají,65-100,2006,20
22243,Valle de Bardají,0-16,2007,5
22243,Valle de Bardají,16-64,2007,28
22243,Valle de Bardají,65-100,2007,20
22243,Valle de Bardají,0-16,2008,4
22243,Valle de Bardají,16-64,2008,26
22243,Valle de Bardají,65-100,2008,23
22243,Valle de Bardají,0-16,2009,4
22243,Valle de Bardají,16-64,2009,25
22243,Valle de Bardají,65-100,2009,23
22243,Valle de Bardají,0-16,2010,3
22243,Valle de Bardají,16-64,2010,25
22243,Valle de Bardají,65-100,2010,22
22243,Valle de Bardají,0-16,2011,1
22243,Valle de Bardají,16-64,2011,27
22243,Valle de Bardají,65-100,2011,22
22243,Valle de Bardají,0-16,2012,1
22243,Valle de Bardají,16-64,2012,27
22243,Valle de Bardají,65-100,2012,21
22243,Valle de Bardají,0-16,2013,0
22243,Valle de Bardají,16-64,2013,18
22243,Valle de Bardají,65-100,2013,21
22243,Valle de Bardají,0-16,2014,0
22243,Valle de Bardají,16-64,2014,17
22243,Valle de Bardají,65-100,2014,20
22243,Valle de Bardají,0-16,2015,0
22243,Valle de Bardají,16-64,2015,18
22243,Valle de Bardají,65-100,2015,19
22243,Valle de Bardají,0-16,2016,0
22243,Valle de Bardají,16-64,2016,16
22243,Valle de Bardají,65-100,2016,18
22243,Valle de Bardají,0-16,2017,0
22243,Valle de Bardají,16-64,2017,17
22243,Valle de Bardají,65-100,2017,18
22243,Valle de Bardají,0-16,2018,0
22243,Valle de Bardají,16-64,2018,14
22243,Valle de Bardají,65-100,2018,20
22243,Valle de Bardají,0-16,2019,0
22243,Valle de Bardají,16-64,2019,12
22243,Valle de Bardají,65-100,2019,18
22243,Valle de Bardají,0-16,2020,0
22243,Valle de Bardají,16-64,2020,19
22243,Valle de Bardají,65-100,2020,21
22243,Valle de Bardají,0-16,2021,0
22243,Valle de Bardají,16-64,2021,46
22243,Valle de Bardají,65-100,2021,18
22243,Valle de Bardají,0-16,2022,0
22243,Valle de Bardají,16-64,2022,42
22243,Valle de Bardají,65-100,2022,16
22243,Valle de Bardají,0-16,2023,2
22243,Valle de Bardají,16-64,2023,40
22243,Valle de Bardají,65-100,2023,14
22243,Valle de Bardají,0-16,2024,2
22243,Valle de Bardají,16-64,2024,40
22243,Valle de Bardají,65-100,2024,14
22243,Valle de Bardají,0-16,2025,2
22243,Valle de Bardají,16-64,2025,37
22243,Valle de Bardají,65-100,2025,13
22244,Valle de Lierp,0-16,2003,2
22244,Valle de Lierp,16-64,2003,25
22244,Valle de Lierp,65-100,2003,24
22244,Valle de Lierp,0-16,2004,2
22244,Valle de Lierp,16-64,2004,24
22244,Valle de Lierp,65-100,2004,23
22244,Valle de Lierp,0-16,2005,1
22244,Valle de Lierp,16-64,2005,24
22244,Valle de Lierp,65-100,2005,24
22244,Valle de Lierp,0-16,2006,1
22244,Valle de Lierp,16-64,2006,23
22244,Valle de Lierp,65-100,2006,23
22244,Valle de Lierp,0-16,2007,1
22244,Valle de Lierp,16-64,2007,21
22244,Valle de Lierp,65-100,2007,25
22244,Valle de Lierp,0-16,2008,0
22244,Valle de Lierp,16-64,2008,21
22244,Valle de Lierp,65-100,2008,23
22244,Valle de Lierp,0-16,2009,0
22244,Valle de Lierp,16-64,2009,20
22244,Valle de Lierp,65-100,2009,22
22244,Valle de Lierp,0-16,2010,3
22244,Valle de Lierp,16-64,2010,36
22244,Valle de Lierp,65-100,2010,26
22244,Valle de Lierp,0-16,2011,5
22244,Valle de Lierp,16-64,2011,33
22244,Valle de Lierp,65-100,2011,28
22244,Valle de Lierp,0-16,2012,5
22244,Valle de Lierp,16-64,2012,29
22244,Valle de Lierp,65-100,2012,30
22244,Valle de Lierp,0-16,2013,5
22244,Valle de Lierp,16-64,2013,24
22244,Valle de Lierp,65-100,2013,30
22244,Valle de Lierp,0-16,2014,4
22244,Valle de Lierp,16-64,2014,24
22244,Valle de Lierp,65-100,2014,30
22244,Valle de Lierp,0-16,2015,4
22244,Valle de Lierp,16-64,2015,22
22244,Valle de Lierp,65-100,2015,28
22244,Valle de Lierp,0-16,2016,4
22244,Valle de Lierp,16-64,2016,19
22244,Valle de Lierp,65-100,2016,29
22244,Valle de Lierp,0-16,2017,3
22244,Valle de Lierp,16-64,2017,19
22244,Valle de Lierp,65-100,2017,26
22244,Valle de Lierp,0-16,2018,3
22244,Valle de Lierp,16-64,2018,16
22244,Valle de Lierp,65-100,2018,27
22244,Valle de Lierp,0-16,2019,2
22244,Valle de Lierp,16-64,2019,15
22244,Valle de Lierp,65-100,2019,22
22244,Valle de Lierp,0-16,2020,1
22244,Valle de Lierp,16-64,2020,31
22244,Valle de Lierp,65-100,2020,19
22244,Valle de Lierp,0-16,2021,2
22244,Valle de Lierp,16-64,2021,27
22244,Valle de Lierp,65-100,2021,17
22244,Valle de Lierp,0-16,2022,5
22244,Valle de Lierp,16-64,2022,29
22244,Valle de Lierp,65-100,2022,19
22244,Valle de Lierp,0-16,2023,6
22244,Valle de Lierp,16-64,2023,33
22244,Valle de Lierp,65-100,2023,21
22244,Valle de Lierp,0-16,2024,3
22244,Valle de Lierp,16-64,2024,33
22244,Valle de Lierp,65-100,2024,21
22244,Valle de Lierp,0-16,2025,2
22244,Valle de Lierp,16-64,2025,30
22244,Valle de Lierp,65-100,2025,20
22245,Velilla de Cinca,0-16,2003,53
22245,Velilla de Cinca,16-64,2003,251
22245,Velilla de Cinca,65-100,2003,142
22245,Velilla de Cinca,0-16,2004,54
22245,Velilla de Cinca,16-64,2004,248
22245,Velilla de Cinca,65-100,2004,139
22245,Velilla de Cinca,0-16,2005,62
22245,Velilla de Cinca,16-64,2005,255
22245,Velilla de Cinca,65-100,2005,139
22245,Velilla de Cinca,0-16,2006,63
22245,Velilla de Cinca,16-64,2006,269
22245,Velilla de Cinca,65-100,2006,137
22245,Velilla de Cinca,0-16,2007,72
22245,Velilla de Cinca,16-64,2007,273
22245,Velilla de Cinca,65-100,2007,137
22245,Velilla de Cinca,0-16,2008,67
22245,Velilla de Cinca,16-64,2008,276
22245,Velilla de Cinca,65-100,2008,132
22245,Velilla de Cinca,0-16,2009,65
22245,Velilla de Cinca,16-64,2009,276
22245,Velilla de Cinca,65-100,2009,124
22245,Velilla de Cinca,0-16,2010,64
22245,Velilla de Cinca,16-64,2010,264
22245,Velilla de Cinca,65-100,2010,122
22245,Velilla de Cinca,0-16,2011,61
22245,Velilla de Cinca,16-64,2011,269
22245,Velilla de Cinca,65-100,2011,119
22245,Velilla de Cinca,0-16,2012,61
22245,Velilla de Cinca,16-64,2012,276
22245,Velilla de Cinca,65-100,2012,115
22245,Velilla de Cinca,0-16,2013,63
22245,Velilla de Cinca,16-64,2013,274
22245,Velilla de Cinca,65-100,2013,110
22245,Velilla de Cinca,0-16,2014,61
22245,Velilla de Cinca,16-64,2014,284
22245,Velilla de Cinca,65-100,2014,116
22245,Velilla de Cinca,0-16,2015,59
22245,Velilla de Cinca,16-64,2015,268
22245,Velilla de Cinca,65-100,2015,115
22245,Velilla de Cinca,0-16,2016,56
22245,Velilla de Cinca,16-64,2016,266
22245,Velilla de Cinca,65-100,2016,120
22245,Velilla de Cinca,0-16,2017,59
22245,Velilla de Cinca,16-64,2017,271
22245,Velilla de Cinca,65-100,2017,118
22245,Velilla de Cinca,0-16,2018,63
22245,Velilla de Cinca,16-64,2018,283
22245,Velilla de Cinca,65-100,2018,117
22245,Velilla de Cinca,0-16,2019,63
22245,Velilla de Cinca,16-64,2019,282
22245,Velilla de Cinca,65-100,2019,116
22245,Velilla de Cinca,0-16,2020,62
22245,Velilla de Cinca,16-64,2020,283
22245,Velilla de Cinca,65-100,2020,115
22245,Velilla de Cinca,0-16,2021,61
22245,Velilla de Cinca,16-64,2021,299
22245,Velilla de Cinca,65-100,2021,120
22245,Velilla de Cinca,0-16,2022,58
22245,Velilla de Cinca,16-64,2022,307
22245,Velilla de Cinca,65-100,2022,111
22245,Velilla de Cinca,0-16,2023,64
22245,Velilla de Cinca,16-64,2023,320
22245,Velilla de Cinca,65-100,2023,109
22245,Velilla de Cinca,0-16,2024,66
22245,Velilla de Cinca,16-64,2024,334
22245,Velilla de Cinca,65-100,2024,106
22245,Velilla de Cinca,0-16,2025,67
22245,Velilla de Cinca,16-64,2025,338
22245,Velilla de Cinca,65-100,2025,107
22246,Beranuy,0-16,2003,5
22246,Beranuy,16-64,2003,53
22246,Beranuy,65-100,2003,51
22246,Beranuy,0-16,2004,4
22246,Beranuy,16-64,2004,54
22246,Beranuy,65-100,2004,47
22246,Beranuy,0-16,2005,5
22246,Beranuy,16-64,2005,61
22246,Beranuy,65-100,2005,46
22246,Beranuy,0-16,2006,5
22246,Beranuy,16-64,2006,63
22246,Beranuy,65-100,2006,43
22246,Beranuy,0-16,2007,5
22246,Beranuy,16-64,2007,58
22246,Beranuy,65-100,2007,43
22246,Beranuy,0-16,2008,10
22246,Beranuy,16-64,2008,62
22246,Beranuy,65-100,2008,37
22246,Beranuy,0-16,2009,5
22246,Beranuy,16-64,2009,60
22246,Beranuy,65-100,2009,34
22246,Beranuy,0-16,2010,7
22246,Beranuy,16-64,2010,60
22246,Beranuy,65-100,2010,37
22246,Beranuy,0-16,2011,8
22246,Beranuy,16-64,2011,59
22246,Beranuy,65-100,2011,37
22246,Beranuy,0-16,2012,8
22246,Beranuy,16-64,2012,56
22246,Beranuy,65-100,2012,33
22246,Beranuy,0-16,2013,8
22246,Beranuy,16-64,2013,56
22246,Beranuy,65-100,2013,35
22246,Beranuy,0-16,2014,8
22246,Beranuy,16-64,2014,55
22246,Beranuy,65-100,2014,34
22246,Beranuy,0-16,2015,7
22246,Beranuy,16-64,2015,49
22246,Beranuy,65-100,2015,36
22246,Beranuy,0-16,2016,5
22246,Beranuy,16-64,2016,48
22246,Beranuy,65-100,2016,35
22246,Beranuy,0-16,2017,6
22246,Beranuy,16-64,2017,43
22246,Beranuy,65-100,2017,28
22246,Beranuy,0-16,2018,7
22246,Beranuy,16-64,2018,44
22246,Beranuy,65-100,2018,27
22246,Beranuy,0-16,2019,6
22246,Beranuy,16-64,2019,49
22246,Beranuy,65-100,2019,27
22246,Beranuy,0-16,2020,6
22246,Beranuy,16-64,2020,41
22246,Beranuy,65-100,2020,28
22246,Beranuy,0-16,2021,5
22246,Beranuy,16-64,2021,36
22246,Beranuy,65-100,2021,33
22246,Beranuy,0-16,2022,3
22246,Beranuy,16-64,2022,37
22246,Beranuy,65-100,2022,32
22246,Beranuy,0-16,2023,3
22246,Beranuy,16-64,2023,32
22246,Beranuy,65-100,2023,33
22246,Beranuy,0-16,2024,3
22246,Beranuy,16-64,2024,29
22246,Beranuy,65-100,2024,37
22246,Beranuy,0-16,2025,3
22246,Beranuy,16-64,2025,27
22246,Beranuy,65-100,2025,37
22247,Viacamp y Litera,0-16,2003,1
22247,Viacamp y Litera,16-64,2003,19
22247,Viacamp y Litera,65-100,2003,8
22247,Viacamp y Litera,0-16,2004,0
22247,Viacamp y Litera,16-64,2004,19
22247,Viacamp y Litera,65-100,2004,7
22247,Viacamp y Litera,0-16,2005,0
22247,Viacamp y Litera,16-64,2005,18
22247,Viacamp y Litera,65-100,2005,8
22247,Viacamp y Litera,0-16,2006,0
22247,Viacamp y Litera,16-64,2006,16
22247,Viacamp y Litera,65-100,2006,9
22247,Viacamp y Litera,0-16,2007,0
22247,Viacamp y Litera,16-64,2007,16
22247,Viacamp y Litera,65-100,2007,9
22247,Viacamp y Litera,0-16,2008,1
22247,Viacamp y Litera,16-64,2008,18
22247,Viacamp y Litera,65-100,2008,8
22247,Viacamp y Litera,0-16,2009,4
22247,Viacamp y Litera,16-64,2009,39
22247,Viacamp y Litera,65-100,2009,7
22247,Viacamp y Litera,0-16,2010,6
22247,Viacamp y Litera,16-64,2010,37
22247,Viacamp y Litera,65-100,2010,5
22247,Viacamp y Litera,0-16,2011,6
22247,Viacamp y Litera,16-64,2011,37
22247,Viacamp y Litera,65-100,2011,5
22247,Viacamp y Litera,0-16,2012,6
22247,Viacamp y Litera,16-64,2012,38
22247,Viacamp y Litera,65-100,2012,7
22247,Viacamp y Litera,0-16,2013,3
22247,Viacamp y Litera,16-64,2013,34
22247,Viacamp y Litera,65-100,2013,6
22247,Viacamp y Litera,0-16,2014,3
22247,Viacamp y Litera,16-64,2014,34
22247,Viacamp y Litera,65-100,2014,6
22247,Viacamp y Litera,0-16,2015,3
22247,Viacamp y Litera,16-64,2015,32
22247,Viacamp y Litera,65-100,2015,7
22247,Viacamp y Litera,0-16,2016,2
22247,Viacamp y Litera,16-64,2016,33
22247,Viacamp y Litera,65-100,2016,9
22247,Viacamp y Litera,0-16,2017,1
22247,Viacamp y Litera,16-64,2017,25
22247,Viacamp y Litera,65-100,2017,9
22247,Viacamp y Litera,0-16,2018,2
22247,Viacamp y Litera,16-64,2018,26
22247,Viacamp y Litera,65-100,2018,8
22247,Viacamp y Litera,0-16,2019,2
22247,Viacamp y Litera,16-64,2019,26
22247,Viacamp y Litera,65-100,2019,8
22247,Viacamp y Litera,0-16,2020,1
22247,Viacamp y Litera,16-64,2020,29
22247,Viacamp y Litera,65-100,2020,7
22247,Viacamp y Litera,0-16,2021,1
22247,Viacamp y Litera,16-64,2021,32
22247,Viacamp y Litera,65-100,2021,8
22247,Viacamp y Litera,0-16,2022,0
22247,Viacamp y Litera,16-64,2022,30
22247,Viacamp y Litera,65-100,2022,9
22247,Viacamp y Litera,0-16,2023,2
22247,Viacamp y Litera,16-64,2023,30
22247,Viacamp y Litera,65-100,2023,8
22247,Viacamp y Litera,0-16,2024,4
22247,Viacamp y Litera,16-64,2024,28
22247,Viacamp y Litera,65-100,2024,9
22247,Viacamp y Litera,0-16,2025,4
22247,Viacamp y Litera,16-64,2025,26
22247,Viacamp y Litera,65-100,2025,11
22248,Vicién,0-16,2003,10
22248,Vicién,16-64,2003,81
22248,Vicién,65-100,2003,29
22248,Vicién,0-16,2004,8
22248,Vicién,16-64,2004,79
22248,Vicién,65-100,2004,28
22248,Vicién,0-16,2005,8
22248,Vicién,16-64,2005,77
22248,Vicién,65-100,2005,28
22248,Vicién,0-16,2006,10
22248,Vicién,16-64,2006,80
22248,Vicién,65-100,2006,28
22248,Vicién,0-16,2007,11
22248,Vicién,16-64,2007,76
22248,Vicién,65-100,2007,29
22248,Vicién,0-16,2008,11
22248,Vicién,16-64,2008,84
22248,Vicién,65-100,2008,29
22248,Vicién,0-16,2009,11
22248,Vicién,16-64,2009,90
22248,Vicién,65-100,2009,30
22248,Vicién,0-16,2010,4
22248,Vicién,16-64,2010,87
22248,Vicién,65-100,2010,31
22248,Vicién,0-16,2011,4
22248,Vicién,16-64,2011,81
22248,Vicién,65-100,2011,34
22248,Vicién,0-16,2012,4
22248,Vicién,16-64,2012,79
22248,Vicién,65-100,2012,32
22248,Vicién,0-16,2013,8
22248,Vicién,16-64,2013,81
22248,Vicién,65-100,2013,35
22248,Vicién,0-16,2014,9
22248,Vicién,16-64,2014,77
22248,Vicién,65-100,2014,36
22248,Vicién,0-16,2015,9
22248,Vicién,16-64,2015,80
22248,Vicién,65-100,2015,37
22248,Vicién,0-16,2016,8
22248,Vicién,16-64,2016,71
22248,Vicién,65-100,2016,42
22248,Vicién,0-16,2017,8
22248,Vicién,16-64,2017,73
22248,Vicién,65-100,2017,40
22248,Vicién,0-16,2018,7
22248,Vicién,16-64,2018,70
22248,Vicién,65-100,2018,39
22248,Vicién,0-16,2019,7
22248,Vicién,16-64,2019,69
22248,Vicién,65-100,2019,37
22248,Vicién,0-16,2020,7
22248,Vicién,16-64,2020,67
22248,Vicién,65-100,2020,36
22248,Vicién,0-16,2021,6
22248,Vicién,16-64,2021,79
22248,Vicién,65-100,2021,37
22248,Vicién,0-16,2022,6
22248,Vicién,16-64,2022,85
22248,Vicién,65-100,2022,37
22248,Vicién,0-16,2023,11
22248,Vicién,16-64,2023,93
22248,Vicién,65-100,2023,35
22248,Vicién,0-16,2024,11
22248,Vicién,16-64,2024,89
22248,Vicién,65-100,2024,37
22248,Vicién,0-16,2025,15
22248,Vicién,16-64,2025,95
22248,Vicién,65-100,2025,40
22249,Villanova,0-16,2003,19
22249,Villanova,16-64,2003,90
22249,Villanova,65-100,2003,25
22249,Villanova,0-16,2004,18
22249,Villanova,16-64,2004,91
22249,Villanova,65-100,2004,24
22249,Villanova,0-16,2005,14
22249,Villanova,16-64,2005,83
22249,Villanova,65-100,2005,25
22249,Villanova,0-16,2006,27
22249,Villanova,16-64,2006,100
22249,Villanova,65-100,2006,27
22249,Villanova,0-16,2007,24
22249,Villanova,16-64,2007,104
22249,Villanova,65-100,2007,28
22249,Villanova,0-16,2008,26
22249,Villanova,16-64,2008,103
22249,Villanova,65-100,2008,28
22249,Villanova,0-16,2009,27
22249,Villanova,16-64,2009,95
22249,Villanova,65-100,2009,28
22249,Villanova,0-16,2010,35
22249,Villanova,16-64,2010,94
22249,Villanova,65-100,2010,25
22249,Villanova,0-16,2011,38
22249,Villanova,16-64,2011,94
22249,Villanova,65-100,2011,25
22249,Villanova,0-16,2012,35
22249,Villanova,16-64,2012,89
22249,Villanova,65-100,2012,24
22249,Villanova,0-16,2013,37
22249,Villanova,16-64,2013,87
22249,Villanova,65-100,2013,26
22249,Villanova,0-16,2014,42
22249,Villanova,16-64,2014,90
22249,Villanova,65-100,2014,27
22249,Villanova,0-16,2015,38
22249,Villanova,16-64,2015,92
22249,Villanova,65-100,2015,27
22249,Villanova,0-16,2016,40
22249,Villanova,16-64,2016,96
22249,Villanova,65-100,2016,26
22249,Villanova,0-16,2017,37
22249,Villanova,16-64,2017,100
22249,Villanova,65-100,2017,27
22249,Villanova,0-16,2018,37
22249,Villanova,16-64,2018,95
22249,Villanova,65-100,2018,27
22249,Villanova,0-16,2019,37
22249,Villanova,16-64,2019,105
22249,Villanova,65-100,2019,26
22249,Villanova,0-16,2020,31
22249,Villanova,16-64,2020,113
22249,Villanova,65-100,2020,30
22249,Villanova,0-16,2021,32
22249,Villanova,16-64,2021,110
22249,Villanova,65-100,2021,29
22249,Villanova,0-16,2022,30
22249,Villanova,16-64,2022,111
22249,Villanova,65-100,2022,29
22249,Villanova,0-16,2023,28
22249,Villanova,16-64,2023,117
22249,Villanova,65-100,2023,30
22249,Villanova,0-16,2024,21
22249,Villanova,16-64,2024,118
22249,Villanova,65-100,2024,30
22249,Villanova,0-16,2025,17
22249,Villanova,16-64,2025,122
22249,Villanova,65-100,2025,32
22250,Villanúa,0-16,2003,34
22250,Villanúa,16-64,2003,236
22250,Villanúa,65-100,2003,75
22250,Villanúa,0-16,2004,38
22250,Villanúa,16-64,2004,270
22250,Villanúa,65-100,2004,73
22250,Villanúa,0-16,2005,37
22250,Villanúa,16-64,2005,322
22250,Villanúa,65-100,2005,76
22250,Villanúa,0-16,2006,47
22250,Villanúa,16-64,2006,344
22250,Villanúa,65-100,2006,75
22250,Villanúa,0-16,2007,48
22250,Villanúa,16-64,2007,359
22250,Villanúa,65-100,2007,71
22250,Villanúa,0-16,2008,49
22250,Villanúa,16-64,2008,360
22250,Villanúa,65-100,2008,70
22250,Villanúa,0-16,2009,46
22250,Villanúa,16-64,2009,354
22250,Villanúa,65-100,2009,77
22250,Villanúa,0-16,2010,52
22250,Villanúa,16-64,2010,358
22250,Villanúa,65-100,2010,82
22250,Villanúa,0-16,2011,69
22250,Villanúa,16-64,2011,358
22250,Villanúa,65-100,2011,85
22250,Villanúa,0-16,2012,60
22250,Villanúa,16-64,2012,358
22250,Villanúa,65-100,2012,81
22250,Villanúa,0-16,2013,54
22250,Villanúa,16-64,2013,353
22250,Villanúa,65-100,2013,80
22250,Villanúa,0-16,2014,51
22250,Villanúa,16-64,2014,344
22250,Villanúa,65-100,2014,80
22250,Villanúa,0-16,2015,46
22250,Villanúa,16-64,2015,304
22250,Villanúa,65-100,2015,85
22250,Villanúa,0-16,2016,48
22250,Villanúa,16-64,2016,306
22250,Villanúa,65-100,2016,87
22250,Villanúa,0-16,2017,56
22250,Villanúa,16-64,2017,305
22250,Villanúa,65-100,2017,89
22250,Villanúa,0-16,2018,56
22250,Villanúa,16-64,2018,294
22250,Villanúa,65-100,2018,97
22250,Villanúa,0-16,2019,54
22250,Villanúa,16-64,2019,286
22250,Villanúa,65-100,2019,92
22250,Villanúa,0-16,2020,61
22250,Villanúa,16-64,2020,298
22250,Villanúa,65-100,2020,92
22250,Villanúa,0-16,2021,80
22250,Villanúa,16-64,2021,350
22250,Villanúa,65-100,2021,94
22250,Villanúa,0-16,2022,79
22250,Villanúa,16-64,2022,380
22250,Villanúa,65-100,2022,101
22250,Villanúa,0-16,2023,73
22250,Villanúa,16-64,2023,384
22250,Villanúa,65-100,2023,95
22250,Villanúa,0-16,2024,77
22250,Villanúa,16-64,2024,391
22250,Villanúa,65-100,2024,102
22250,Villanúa,0-16,2025,74
22250,Villanúa,16-64,2025,387
22250,Villanúa,65-100,2025,108
22251,Villanueva de Sigena,0-16,2003,74
22251,Villanueva de Sigena,16-64,2003,328
22251,Villanueva de Sigena,65-100,2003,128
22251,Villanueva de Sigena,0-16,2004,71
22251,Villanueva de Sigena,16-64,2004,335
22251,Villanueva de Sigena,65-100,2004,126
22251,Villanueva de Sigena,0-16,2005,69
22251,Villanueva de Sigena,16-64,2005,332
22251,Villanueva de Sigena,65-100,2005,125
22251,Villanueva de Sigena,0-16,2006,66
22251,Villanueva de Sigena,16-64,2006,335
22251,Villanueva de Sigena,65-100,2006,119
22251,Villanueva de Sigena,0-16,2007,63
22251,Villanueva de Sigena,16-64,2007,339
22251,Villanueva de Sigena,65-100,2007,118
22251,Villanueva de Sigena,0-16,2008,61
22251,Villanueva de Sigena,16-64,2008,345
22251,Villanueva de Sigena,65-100,2008,119
22251,Villanueva de Sigena,0-16,2009,53
22251,Villanueva de Sigena,16-64,2009,345
22251,Villanueva de Sigena,65-100,2009,114
22251,Villanueva de Sigena,0-16,2010,47
22251,Villanueva de Sigena,16-64,2010,351
22251,Villanueva de Sigena,65-100,2010,114
22251,Villanueva de Sigena,0-16,2011,38
22251,Villanueva de Sigena,16-64,2011,321
22251,Villanueva de Sigena,65-100,2011,119
22251,Villanueva de Sigena,0-16,2012,37
22251,Villanueva de Sigena,16-64,2012,314
22251,Villanueva de Sigena,65-100,2012,113
22251,Villanueva de Sigena,0-16,2013,36
22251,Villanueva de Sigena,16-64,2013,303
22251,Villanueva de Sigena,65-100,2013,104
22251,Villanueva de Sigena,0-16,2014,34
22251,Villanueva de Sigena,16-64,2014,301
22251,Villanueva de Sigena,65-100,2014,99
22251,Villanueva de Sigena,0-16,2015,40
22251,Villanueva de Sigena,16-64,2015,299
22251,Villanueva de Sigena,65-100,2015,103
22251,Villanueva de Sigena,0-16,2016,31
22251,Villanueva de Sigena,16-64,2016,289
22251,Villanueva de Sigena,65-100,2016,102
22251,Villanueva de Sigena,0-16,2017,32
22251,Villanueva de Sigena,16-64,2017,274
22251,Villanueva de Sigena,65-100,2017,99
22251,Villanueva de Sigena,0-16,2018,27
22251,Villanueva de Sigena,16-64,2018,267
22251,Villanueva de Sigena,65-100,2018,100
22251,Villanueva de Sigena,0-16,2019,29
22251,Villanueva de Sigena,16-64,2019,267
22251,Villanueva de Sigena,65-100,2019,94
22251,Villanueva de Sigena,0-16,2020,27
22251,Villanueva de Sigena,16-64,2020,258
22251,Villanueva de Sigena,65-100,2020,99
22251,Villanueva de Sigena,0-16,2021,26
22251,Villanueva de Sigena,16-64,2021,245
22251,Villanueva de Sigena,65-100,2021,93
22251,Villanueva de Sigena,0-16,2022,31
22251,Villanueva de Sigena,16-64,2022,246
22251,Villanueva de Sigena,65-100,2022,93
22251,Villanueva de Sigena,0-16,2023,27
22251,Villanueva de Sigena,16-64,2023,220
22251,Villanueva de Sigena,65-100,2023,93
22251,Villanueva de Sigena,0-16,2024,30
22251,Villanueva de Sigena,16-64,2024,221
22251,Villanueva de Sigena,65-100,2024,95
22251,Villanueva de Sigena,0-16,2025,30
22251,Villanueva de Sigena,16-64,2025,214
22251,Villanueva de Sigena,65-100,2025,98
22252,Yebra de Basa,0-16,2003,17
22252,Yebra de Basa,16-64,2003,110
22252,Yebra de Basa,65-100,2003,41
22252,Yebra de Basa,0-16,2004,14
22252,Yebra de Basa,16-64,2004,112
22252,Yebra de Basa,65-100,2004,40
22252,Yebra de Basa,0-16,2005,14
22252,Yebra de Basa,16-64,2005,104
22252,Yebra de Basa,65-100,2005,42
22252,Yebra de Basa,0-16,2006,14
22252,Yebra de Basa,16-64,2006,98
22252,Yebra de Basa,65-100,2006,43
22252,Yebra de Basa,0-16,2007,14
22252,Yebra de Basa,16-64,2007,96
22252,Yebra de Basa,65-100,2007,42
22252,Yebra de Basa,0-16,2008,15
22252,Yebra de Basa,16-64,2008,98
22252,Yebra de Basa,65-100,2008,41
22252,Yebra de Basa,0-16,2009,14
22252,Yebra de Basa,16-64,2009,98
22252,Yebra de Basa,65-100,2009,46
22252,Yebra de Basa,0-16,2010,14
22252,Yebra de Basa,16-64,2010,95
22252,Yebra de Basa,65-100,2010,46
22252,Yebra de Basa,0-16,2011,10
22252,Yebra de Basa,16-64,2011,92
22252,Yebra de Basa,65-100,2011,50
22252,Yebra de Basa,0-16,2012,8
22252,Yebra de Basa,16-64,2012,87
22252,Yebra de Basa,65-100,2012,52
22252,Yebra de Basa,0-16,2013,9
22252,Yebra de Basa,16-64,2013,90
22252,Yebra de Basa,65-100,2013,47
22252,Yebra de Basa,0-16,2014,12
22252,Yebra de Basa,16-64,2014,86
22252,Yebra de Basa,65-100,2014,44
22252,Yebra de Basa,0-16,2015,14
22252,Yebra de Basa,16-64,2015,84
22252,Yebra de Basa,65-100,2015,44
22252,Yebra de Basa,0-16,2016,11
22252,Yebra de Basa,16-64,2016,82
22252,Yebra de Basa,65-100,2016,47
22252,Yebra de Basa,0-16,2017,15
22252,Yebra de Basa,16-64,2017,86
22252,Yebra de Basa,65-100,2017,46
22252,Yebra de Basa,0-16,2018,17
22252,Yebra de Basa,16-64,2018,83
22252,Yebra de Basa,65-100,2018,47
22252,Yebra de Basa,0-16,2019,19
22252,Yebra de Basa,16-64,2019,80
22252,Yebra de Basa,65-100,2019,44
22252,Yebra de Basa,0-16,2020,17
22252,Yebra de Basa,16-64,2020,81
22252,Yebra de Basa,65-100,2020,44
22252,Yebra de Basa,0-16,2021,20
22252,Yebra de Basa,16-64,2021,88
22252,Yebra de Basa,65-100,2021,44
22252,Yebra de Basa,0-16,2022,21
22252,Yebra de Basa,16-64,2022,89
22252,Yebra de Basa,65-100,2022,44
22252,Yebra de Basa,0-16,2023,22
22252,Yebra de Basa,16-64,2023,93
22252,Yebra de Basa,65-100,2023,46
22252,Yebra de Basa,0-16,2024,17
22252,Yebra de Basa,16-64,2024,96
22252,Yebra de Basa,65-100,2024,47
22252,Yebra de Basa,0-16,2025,18
22252,Yebra de Basa,16-64,2025,93
22252,Yebra de Basa,65-100,2025,46
22253,Yésero,0-16,2003,0
22253,Yésero,16-64,2003,55
22253,Yésero,65-100,2003,23
22253,Yésero,0-16,2004,0
22253,Yésero,16-64,2004,53
22253,Yésero,65-100,2004,24
22253,Yésero,0-16,2005,0
22253,Yésero,16-64,2005,56
22253,Yésero,65-100,2005,24
22253,Yésero,0-16,2006,0
22253,Yésero,16-64,2006,52
22253,Yésero,65-100,2006,28
22253,Yésero,0-16,2007,0
22253,Yésero,16-64,2007,50
22253,Yésero,65-100,2007,27
22253,Yésero,0-16,2008,0
22253,Yésero,16-64,2008,50
22253,Yésero,65-100,2008,27
22253,Yésero,0-16,2009,0
22253,Yésero,16-64,2009,49
22253,Yésero,65-100,2009,28
22253,Yésero,0-16,2010,0
22253,Yésero,16-64,2010,46
22253,Yésero,65-100,2010,25
22253,Yésero,0-16,2011,0
22253,Yésero,16-64,2011,43
22253,Yésero,65-100,2011,26
22253,Yésero,0-16,2012,0
22253,Yésero,16-64,2012,38
22253,Yésero,65-100,2012,29
22253,Yésero,0-16,2013,0
22253,Yésero,16-64,2013,36
22253,Yésero,65-100,2013,27
22253,Yésero,0-16,2014,0
22253,Yésero,16-64,2014,32
22253,Yésero,65-100,2014,25
22253,Yésero,0-16,2015,0
22253,Yésero,16-64,2015,32
22253,Yésero,65-100,2015,26
22253,Yésero,0-16,2016,0
22253,Yésero,16-64,2016,31
22253,Yésero,65-100,2016,26
22253,Yésero,0-16,2017,0
22253,Yésero,16-64,2017,29
22253,Yésero,65-100,2017,27
22253,Yésero,0-16,2018,1
22253,Yésero,16-64,2018,30
22253,Yésero,65-100,2018,29
22253,Yésero,0-16,2019,0
22253,Yésero,16-64,2019,31
22253,Yésero,65-100,2019,26
22253,Yésero,0-16,2020,0
22253,Yésero,16-64,2020,31
22253,Yésero,65-100,2020,26
22253,Yésero,0-16,2021,2
22253,Yésero,16-64,2021,32
22253,Yésero,65-100,2021,26
22253,Yésero,0-16,2022,2
22253,Yésero,16-64,2022,28
22253,Yésero,65-100,2022,28
22253,Yésero,0-16,2023,3
22253,Yésero,16-64,2023,31
22253,Yésero,65-100,2023,29
22253,Yésero,0-16,2024,3
22253,Yésero,16-64,2024,30
22253,Yésero,65-100,2024,29
22253,Yésero,0-16,2025,2
22253,Yésero,16-64,2025,29
22253,Yésero,65-100,2025,29
22254,Zaidín,0-16,2003,210
22254,Zaidín,16-64,2003,1090
22254,Zaidín,65-100,2003,426
22254,Zaidín,0-16,2004,200
22254,Zaidín,16-64,2004,1099
22254,Zaidín,65-100,2004,422
22254,Zaidín,0-16,2005,225
22254,Zaidín,16-64,2005,1147
22254,Zaidín,65-100,2005,423
22254,Zaidín,0-16,2006,227
22254,Zaidín,16-64,2006,1182
22254,Zaidín,65-100,2006,413
22254,Zaidín,0-16,2007,246
22254,Zaidín,16-64,2007,1169
22254,Zaidín,65-100,2007,412
22254,Zaidín,0-16,2008,236
22254,Zaidín,16-64,2008,1111
22254,Zaidín,65-100,2008,415
22254,Zaidín,0-16,2009,244
22254,Zaidín,16-64,2009,1067
22254,Zaidín,65-100,2009,418
22254,Zaidín,0-16,2010,244
22254,Zaidín,16-64,2010,1044
22254,Zaidín,65-100,2010,421
22254,Zaidín,0-16,2011,235
22254,Zaidín,16-64,2011,1038
22254,Zaidín,65-100,2011,416
22254,Zaidín,0-16,2012,251
22254,Zaidín,16-64,2012,1082
22254,Zaidín,65-100,2012,417
22254,Zaidín,0-16,2013,249
22254,Zaidín,16-64,2013,1134
22254,Zaidín,65-100,2013,414
22254,Zaidín,0-16,2014,240
22254,Zaidín,16-64,2014,1197
22254,Zaidín,65-100,2014,400
22254,Zaidín,0-16,2015,233
22254,Zaidín,16-64,2015,1214
22254,Zaidín,65-100,2015,405
22254,Zaidín,0-16,2016,206
22254,Zaidín,16-64,2016,1165
22254,Zaidín,65-100,2016,412
22254,Zaidín,0-16,2017,209
22254,Zaidín,16-64,2017,1155
22254,Zaidín,65-100,2017,408
22254,Zaidín,0-16,2018,205
22254,Zaidín,16-64,2018,1162
22254,Zaidín,65-100,2018,407
22254,Zaidín,0-16,2019,213
22254,Zaidín,16-64,2019,1137
22254,Zaidín,65-100,2019,413
22254,Zaidín,0-16,2020,213
22254,Zaidín,16-64,2020,1182
22254,Zaidín,65-100,2020,403
22254,Zaidín,0-16,2021,220
22254,Zaidín,16-64,2021,1244
22254,Zaidín,65-100,2021,396
22254,Zaidín,0-16,2022,211
22254,Zaidín,16-64,2022,1259
22254,Zaidín,65-100,2022,402
22254,Zaidín,0-16,2023,205
22254,Zaidín,16-64,2023,1182
22254,Zaidín,65-100,2023,400
22254,Zaidín,0-16,2024,214
22254,Zaidín,16-64,2024,1166
22254,Zaidín,65-100,2024,405
22254,Zaidín,0-16,2025,233
22254,Zaidín,16-64,2025,1199
22254,Zaidín,65-100,2025,401
22901,Valle de Hecho,0-16,2003,105
22901,Valle de Hecho,16-64,2003,597
22901,Valle de Hecho,65-100,2003,292
22901,Valle de Hecho,0-16,2004,102
22901,Valle de Hecho,16-64,2004,596
22901,Valle de Hecho,65-100,2004,286
22901,Valle de Hecho,0-16,2005,103
22901,Valle de Hecho,16-64,2005,588
22901,Valle de Hecho,65-100,2005,282
22901,Valle de Hecho,0-16,2006,106
22901,Valle de Hecho,16-64,2006,589
22901,Valle de Hecho,65-100,2006,278
22901,Valle de Hecho,0-16,2007,105
22901,Valle de Hecho,16-64,2007,579
22901,Valle de Hecho,65-100,2007,273
22901,Valle de Hecho,0-16,2008,106
22901,Valle de Hecho,16-64,2008,577
22901,Valle de Hecho,65-100,2008,266
22901,Valle de Hecho,0-16,2009,112
22901,Valle de Hecho,16-64,2009,573
22901,Valle de Hecho,65-100,2009,269
22901,Valle de Hecho,0-16,2010,113
22901,Valle de Hecho,16-64,2010,572
22901,Valle de Hecho,65-100,2010,275
22901,Valle de Hecho,0-16,2011,105
22901,Valle de Hecho,16-64,2011,558
22901,Valle de Hecho,65-100,2011,284
22901,Valle de Hecho,0-16,2012,106
22901,Valle de Hecho,16-64,2012,545
22901,Valle de Hecho,65-100,2012,286
22901,Valle de Hecho,0-16,2013,99
22901,Valle de Hecho,16-64,2013,548
22901,Valle de Hecho,65-100,2013,277
22901,Valle de Hecho,0-16,2014,90
22901,Valle de Hecho,16-64,2014,542
22901,Valle de Hecho,65-100,2014,271
22901,Valle de Hecho,0-16,2015,87
22901,Valle de Hecho,16-64,2015,532
22901,Valle de Hecho,65-100,2015,261
22901,Valle de Hecho,0-16,2016,88
22901,Valle de Hecho,16-64,2016,534
22901,Valle de Hecho,65-100,2016,257
22901,Valle de Hecho,0-16,2017,78
22901,Valle de Hecho,16-64,2017,526
22901,Valle de Hecho,65-100,2017,248
22901,Valle de Hecho,0-16,2018,74
22901,Valle de Hecho,16-64,2018,525
22901,Valle de Hecho,65-100,2018,240
22901,Valle de Hecho,0-16,2019,76
22901,Valle de Hecho,16-64,2019,511
22901,Valle de Hecho,65-100,2019,235
22901,Valle de Hecho,0-16,2020,65
22901,Valle de Hecho,16-64,2020,510
22901,Valle de Hecho,65-100,2020,242
22901,Valle de Hecho,0-16,2021,65
22901,Valle de Hecho,16-64,2021,512
22901,Valle de Hecho,65-100,2021,240
22901,Valle de Hecho,0-16,2022,63
22901,Valle de Hecho,16-64,2022,505
22901,Valle de Hecho,65-100,2022,242
22901,Valle de Hecho,0-16,2023,61
22901,Valle de Hecho,16-64,2023,503
22901,Valle de Hecho,65-100,2023,237
22901,Valle de Hecho,0-16,2024,64
22901,Valle de Hecho,16-64,2024,494
22901,Valle de Hecho,65-100,2024,241
22901,Valle de Hecho,0-16,2025,64
22901,Valle de Hecho,16-64,2025,502
22901,Valle de Hecho,65-100,2025,246
22902,Puente la Reina de Jaca,0-16,2003,21
22902,Puente la Reina de Jaca,16-64,2003,144
22902,Puente la Reina de Jaca,65-100,2003,87
22902,Puente la Reina de Jaca,0-16,2004,20
22902,Puente la Reina de Jaca,16-64,2004,136
22902,Puente la Reina de Jaca,65-100,2004,90
22902,Puente la Reina de Jaca,0-16,2005,19
22902,Puente la Reina de Jaca,16-64,2005,130
22902,Puente la Reina de Jaca,65-100,2005,90
22902,Puente la Reina de Jaca,0-16,2006,17
22902,Puente la Reina de Jaca,16-64,2006,126
22902,Puente la Reina de Jaca,65-100,2006,89
22902,Puente la Reina de Jaca,0-16,2007,14
22902,Puente la Reina de Jaca,16-64,2007,123
22902,Puente la Reina de Jaca,65-100,2007,89
22902,Puente la Reina de Jaca,0-16,2008,12
22902,Puente la Reina de Jaca,16-64,2008,122
22902,Puente la Reina de Jaca,65-100,2008,88
22902,Puente la Reina de Jaca,0-16,2009,11
22902,Puente la Reina de Jaca,16-64,2009,116
22902,Puente la Reina de Jaca,65-100,2009,91
22902,Puente la Reina de Jaca,0-16,2010,10
22902,Puente la Reina de Jaca,16-64,2010,111
22902,Puente la Reina de Jaca,65-100,2010,94
22902,Puente la Reina de Jaca,0-16,2011,31
22902,Puente la Reina de Jaca,16-64,2011,161
22902,Puente la Reina de Jaca,65-100,2011,98
22902,Puente la Reina de Jaca,0-16,2012,30
22902,Puente la Reina de Jaca,16-64,2012,164
22902,Puente la Reina de Jaca,65-100,2012,92
22902,Puente la Reina de Jaca,0-16,2013,31
22902,Puente la Reina de Jaca,16-64,2013,163
22902,Puente la Reina de Jaca,65-100,2013,90
22902,Puente la Reina de Jaca,0-16,2014,28
22902,Puente la Reina de Jaca,16-64,2014,164
22902,Puente la Reina de Jaca,65-100,2014,84
22902,Puente la Reina de Jaca,0-16,2015,28
22902,Puente la Reina de Jaca,16-64,2015,153
22902,Puente la Reina de Jaca,65-100,2015,80
22902,Puente la Reina de Jaca,0-16,2016,36
22902,Puente la Reina de Jaca,16-64,2016,157
22902,Puente la Reina de Jaca,65-100,2016,79
22902,Puente la Reina de Jaca,0-16,2017,34
22902,Puente la Reina de Jaca,16-64,2017,152
22902,Puente la Reina de Jaca,65-100,2017,77
22902,Puente la Reina de Jaca,0-16,2018,32
22902,Puente la Reina de Jaca,16-64,2018,150
22902,Puente la Reina de Jaca,65-100,2018,78
22902,Puente la Reina de Jaca,0-16,2019,26
22902,Puente la Reina de Jaca,16-64,2019,152
22902,Puente la Reina de Jaca,65-100,2019,77
22902,Puente la Reina de Jaca,0-16,2020,24
22902,Puente la Reina de Jaca,16-64,2020,144
22902,Puente la Reina de Jaca,65-100,2020,77
22902,Puente la Reina de Jaca,0-16,2021,29
22902,Puente la Reina de Jaca,16-64,2021,144
22902,Puente la Reina de Jaca,65-100,2021,78
22902,Puente la Reina de Jaca,0-16,2022,27
22902,Puente la Reina de Jaca,16-64,2022,159
22902,Puente la Reina de Jaca,65-100,2022,75
22902,Puente la Reina de Jaca,0-16,2023,31
22902,Puente la Reina de Jaca,16-64,2023,168
22902,Puente la Reina de Jaca,65-100,2023,77
22902,Puente la Reina de Jaca,0-16,2024,24
22902,Puente la Reina de Jaca,16-64,2024,167
22902,Puente la Reina de Jaca,65-100,2024,73
22902,Puente la Reina de Jaca,0-16,2025,21
22902,Puente la Reina de Jaca,16-64,2025,173
22902,Puente la Reina de Jaca,65-100,2025,76
22903,San Miguel del Cinca,0-16,2003,116
22903,San Miguel del Cinca,16-64,2003,502
22903,San Miguel del Cinca,65-100,2003,258
22903,San Miguel del Cinca,0-16,2004,116
22903,San Miguel del Cinca,16-64,2004,505
22903,San Miguel del Cinca,65-100,2004,252
22903,San Miguel del Cinca,0-16,2005,111
22903,San Miguel del Cinca,16-64,2005,518
22903,San Miguel del Cinca,65-100,2005,249
22903,San Miguel del Cinca,0-16,2006,103
22903,San Miguel del Cinca,16-64,2006,507
22903,San Miguel del Cinca,65-100,2006,244
22903,San Miguel del Cinca,0-16,2007,101
22903,San Miguel del Cinca,16-64,2007,509
22903,San Miguel del Cinca,65-100,2007,239
22903,San Miguel del Cinca,0-16,2008,105
22903,San Miguel del Cinca,16-64,2008,517
22903,San Miguel del Cinca,65-100,2008,243
22903,San Miguel del Cinca,0-16,2009,96
22903,San Miguel del Cinca,16-64,2009,516
22903,San Miguel del Cinca,65-100,2009,241
22903,San Miguel del Cinca,0-16,2010,94
22903,San Miguel del Cinca,16-64,2010,519
22903,San Miguel del Cinca,65-100,2010,235
22903,San Miguel del Cinca,0-16,2011,94
22903,San Miguel del Cinca,16-64,2011,525
22903,San Miguel del Cinca,65-100,2011,230
22903,San Miguel del Cinca,0-16,2012,95
22903,San Miguel del Cinca,16-64,2012,522
22903,San Miguel del Cinca,65-100,2012,232
22903,San Miguel del Cinca,0-16,2013,103
22903,San Miguel del Cinca,16-64,2013,515
22903,San Miguel del Cinca,65-100,2013,236
22903,San Miguel del Cinca,0-16,2014,99
22903,San Miguel del Cinca,16-64,2014,518
22903,San Miguel del Cinca,65-100,2014,235
22903,San Miguel del Cinca,0-16,2015,104
22903,San Miguel del Cinca,16-64,2015,521
22903,San Miguel del Cinca,65-100,2015,232
22903,San Miguel del Cinca,0-16,2016,100
22903,San Miguel del Cinca,16-64,2016,492
22903,San Miguel del Cinca,65-100,2016,234
22903,San Miguel del Cinca,0-16,2017,98
22903,San Miguel del Cinca,16-64,2017,487
22903,San Miguel del Cinca,65-100,2017,231
22903,San Miguel del Cinca,0-16,2018,103
22903,San Miguel del Cinca,16-64,2018,485
22903,San Miguel del Cinca,65-100,2018,225
22903,San Miguel del Cinca,0-16,2019,103
22903,San Miguel del Cinca,16-64,2019,472
22903,San Miguel del Cinca,65-100,2019,220
22903,San Miguel del Cinca,0-16,2020,97
22903,San Miguel del Cinca,16-64,2020,470
22903,San Miguel del Cinca,65-100,2020,213
22903,San Miguel del Cinca,0-16,2021,101
22903,San Miguel del Cinca,16-64,2021,481
22903,San Miguel del Cinca,65-100,2021,213
22903,San Miguel del Cinca,0-16,2022,106
22903,San Miguel del Cinca,16-64,2022,485
22903,San Miguel del Cinca,65-100,2022,210
22903,San Miguel del Cinca,0-16,2023,106
22903,San Miguel del Cinca,16-64,2023,472
22903,San Miguel del Cinca,65-100,2023,219
22903,San Miguel del Cinca,0-16,2024,103
22903,San Miguel del Cinca,16-64,2024,456
22903,San Miguel del Cinca,65-100,2024,219
22903,San Miguel del Cinca,0-16,2025,103
22903,San Miguel del Cinca,16-64,2025,456
22903,San Miguel del Cinca,65-100,2025,218
22904,La Sotonera,0-16,2003,96
22904,La Sotonera,16-64,2003,586
22904,La Sotonera,65-100,2003,392
22904,La Sotonera,0-16,2004,88
22904,La Sotonera,16-64,2004,599
22904,La Sotonera,65-100,2004,386
22904,La Sotonera,0-16,2005,94
22904,La Sotonera,16-64,2005,611
22904,La Sotonera,65-100,2005,380
22904,La Sotonera,0-16,2006,95
22904,La Sotonera,16-64,2006,604
22904,La Sotonera,65-100,2006,384
22904,La Sotonera,0-16,2007,86
22904,La Sotonera,16-64,2007,599
22904,La Sotonera,65-100,2007,368
22904,La Sotonera,0-16,2008,89
22904,La Sotonera,16-64,2008,604
22904,La Sotonera,65-100,2008,365
22904,La Sotonera,0-16,2009,91
22904,La Sotonera,16-64,2009,611
22904,La Sotonera,65-100,2009,373
22904,La Sotonera,0-16,2010,89
22904,La Sotonera,16-64,2010,611
22904,La Sotonera,65-100,2010,361
22904,La Sotonera,0-16,2011,85
22904,La Sotonera,16-64,2011,600
22904,La Sotonera,65-100,2011,355
22904,La Sotonera,0-16,2012,87
22904,La Sotonera,16-64,2012,602
22904,La Sotonera,65-100,2012,353
22904,La Sotonera,0-16,2013,88
22904,La Sotonera,16-64,2013,584
22904,La Sotonera,65-100,2013,346
22904,La Sotonera,0-16,2014,91
22904,La Sotonera,16-64,2014,584
22904,La Sotonera,65-100,2014,338
22904,La Sotonera,0-16,2015,90
22904,La Sotonera,16-64,2015,566
22904,La Sotonera,65-100,2015,334
22904,La Sotonera,0-16,2016,90
22904,La Sotonera,16-64,2016,546
22904,La Sotonera,65-100,2016,319
22904,La Sotonera,0-16,2017,92
22904,La Sotonera,16-64,2017,520
22904,La Sotonera,65-100,2017,320
22904,La Sotonera,0-16,2018,82
22904,La Sotonera,16-64,2018,501
22904,La Sotonera,65-100,2018,311
22904,La Sotonera,0-16,2019,78
22904,La Sotonera,16-64,2019,487
22904,La Sotonera,65-100,2019,307
22904,La Sotonera,0-16,2020,75
22904,La Sotonera,16-64,2020,493
22904,La Sotonera,65-100,2020,291
22904,La Sotonera,0-16,2021,81
22904,La Sotonera,16-64,2021,529
22904,La Sotonera,65-100,2021,293
22904,La Sotonera,0-16,2022,81
22904,La Sotonera,16-64,2022,540
22904,La Sotonera,65-100,2022,298
22904,La Sotonera,0-16,2023,77
22904,La Sotonera,16-64,2023,538
22904,La Sotonera,65-100,2023,299
22904,La Sotonera,0-16,2024,70
22904,La Sotonera,16-64,2024,525
22904,La Sotonera,65-100,2024,305
22904,La Sotonera,0-16,2025,61
22904,La Sotonera,16-64,2025,520
22904,La Sotonera,65-100,2025,299
22905,Lupiñén-Ortilla,0-16,2003,32
22905,Lupiñén-Ortilla,16-64,2003,216
22905,Lupiñén-Ortilla,65-100,2003,100
22905,Lupiñén-Ortilla,0-16,2004,28
22905,Lupiñén-Ortilla,16-64,2004,215
22905,Lupiñén-Ortilla,65-100,2004,103
22905,Lupiñén-Ortilla,0-16,2005,22
22905,Lupiñén-Ortilla,16-64,2005,221
22905,Lupiñén-Ortilla,65-100,2005,100
22905,Lupiñén-Ortilla,0-16,2006,26
22905,Lupiñén-Ortilla,16-64,2006,228
22905,Lupiñén-Ortilla,65-100,2006,96
22905,Lupiñén-Ortilla,0-16,2007,32
22905,Lupiñén-Ortilla,16-64,2007,232
22905,Lupiñén-Ortilla,65-100,2007,94
22905,Lupiñén-Ortilla,0-16,2008,33
22905,Lupiñén-Ortilla,16-64,2008,241
22905,Lupiñén-Ortilla,65-100,2008,94
22905,Lupiñén-Ortilla,0-16,2009,44
22905,Lupiñén-Ortilla,16-64,2009,250
22905,Lupiñén-Ortilla,65-100,2009,93
22905,Lupiñén-Ortilla,0-16,2010,50
22905,Lupiñén-Ortilla,16-64,2010,254
22905,Lupiñén-Ortilla,65-100,2010,93
22905,Lupiñén-Ortilla,0-16,2011,54
22905,Lupiñén-Ortilla,16-64,2011,243
22905,Lupiñén-Ortilla,65-100,2011,92
22905,Lupiñén-Ortilla,0-16,2012,52
22905,Lupiñén-Ortilla,16-64,2012,232
22905,Lupiñén-Ortilla,65-100,2012,94
22905,Lupiñén-Ortilla,0-16,2013,49
22905,Lupiñén-Ortilla,16-64,2013,229
22905,Lupiñén-Ortilla,65-100,2013,96
22905,Lupiñén-Ortilla,0-16,2014,49
22905,Lupiñén-Ortilla,16-64,2014,224
22905,Lupiñén-Ortilla,65-100,2014,100
22905,Lupiñén-Ortilla,0-16,2015,48
22905,Lupiñén-Ortilla,16-64,2015,215
22905,Lupiñén-Ortilla,65-100,2015,101
22905,Lupiñén-Ortilla,0-16,2016,39
22905,Lupiñén-Ortilla,16-64,2016,197
22905,Lupiñén-Ortilla,65-100,2016,104
22905,Lupiñén-Ortilla,0-16,2017,36
22905,Lupiñén-Ortilla,16-64,2017,199
22905,Lupiñén-Ortilla,65-100,2017,100
22905,Lupiñén-Ortilla,0-16,2018,35
22905,Lupiñén-Ortilla,16-64,2018,208
22905,Lupiñén-Ortilla,65-100,2018,98
22905,Lupiñén-Ortilla,0-16,2019,34
22905,Lupiñén-Ortilla,16-64,2019,207
22905,Lupiñén-Ortilla,65-100,2019,101
22905,Lupiñén-Ortilla,0-16,2020,37
22905,Lupiñén-Ortilla,16-64,2020,203
22905,Lupiñén-Ortilla,65-100,2020,95
22905,Lupiñén-Ortilla,0-16,2021,36
22905,Lupiñén-Ortilla,16-64,2021,211
22905,Lupiñén-Ortilla,65-100,2021,101
22905,Lupiñén-Ortilla,0-16,2022,38
22905,Lupiñén-Ortilla,16-64,2022,223
22905,Lupiñén-Ortilla,65-100,2022,93
22905,Lupiñén-Ortilla,0-16,2023,38
22905,Lupiñén-Ortilla,16-64,2023,216
22905,Lupiñén-Ortilla,65-100,2023,89
22905,Lupiñén-Ortilla,0-16,2024,41
22905,Lupiñén-Ortilla,16-64,2024,223
22905,Lupiñén-Ortilla,65-100,2024,85
22905,Lupiñén-Ortilla,0-16,2025,44
22905,Lupiñén-Ortilla,16-64,2025,222
22905,Lupiñén-Ortilla,65-100,2025,90
22906,Santa María de Dulcis,0-16,2003,20
22906,Santa María de Dulcis,16-64,2003,128
22906,Santa María de Dulcis,65-100,2003,71
22906,Santa María de Dulcis,0-16,2004,19
22906,Santa María de Dulcis,16-64,2004,126
22906,Santa María de Dulcis,65-100,2004,68
22906,Santa María de Dulcis,0-16,2005,19
22906,Santa María de Dulcis,16-64,2005,130
22906,Santa María de Dulcis,65-100,2005,65
22906,Santa María de Dulcis,0-16,2006,18
22906,Santa María de Dulcis,16-64,2006,131
22906,Santa María de Dulcis,65-100,2006,62
22906,Santa María de Dulcis,0-16,2007,19
22906,Santa María de Dulcis,16-64,2007,140
22906,Santa María de Dulcis,65-100,2007,59
22906,Santa María de Dulcis,0-16,2008,20
22906,Santa María de Dulcis,16-64,2008,146
22906,Santa María de Dulcis,65-100,2008,59
22906,Santa María de Dulcis,0-16,2009,17
22906,Santa María de Dulcis,16-64,2009,140
22906,Santa María de Dulcis,65-100,2009,54
22906,Santa María de Dulcis,0-16,2010,20
22906,Santa María de Dulcis,16-64,2010,146
22906,Santa María de Dulcis,65-100,2010,55
22906,Santa María de Dulcis,0-16,2011,20
22906,Santa María de Dulcis,16-64,2011,140
22906,Santa María de Dulcis,65-100,2011,59
22906,Santa María de Dulcis,0-16,2012,23
22906,Santa María de Dulcis,16-64,2012,143
22906,Santa María de Dulcis,65-100,2012,60
22906,Santa María de Dulcis,0-16,2013,24
22906,Santa María de Dulcis,16-64,2013,137
22906,Santa María de Dulcis,65-100,2013,58
22906,Santa María de Dulcis,0-16,2014,28
22906,Santa María de Dulcis,16-64,2014,135
22906,Santa María de Dulcis,65-100,2014,63
22906,Santa María de Dulcis,0-16,2015,25
22906,Santa María de Dulcis,16-64,2015,132
22906,Santa María de Dulcis,65-100,2015,64
22906,Santa María de Dulcis,0-16,2016,25
22906,Santa María de Dulcis,16-64,2016,134
22906,Santa María de Dulcis,65-100,2016,67
22906,Santa María de Dulcis,0-16,2017,19
22906,Santa María de Dulcis,16-64,2017,129
22906,Santa María de Dulcis,65-100,2017,65
22906,Santa María de Dulcis,0-16,2018,16
22906,Santa María de Dulcis,16-64,2018,128
22906,Santa María de Dulcis,65-100,2018,64
22906,Santa María de Dulcis,0-16,2019,19
22906,Santa María de Dulcis,16-64,2019,126
22906,Santa María de Dulcis,65-100,2019,64
22906,Santa María de Dulcis,0-16,2020,20
22906,Santa María de Dulcis,16-64,2020,117
22906,Santa María de Dulcis,65-100,2020,68
22906,Santa María de Dulcis,0-16,2021,17
22906,Santa María de Dulcis,16-64,2021,120
22906,Santa María de Dulcis,65-100,2021,67
22906,Santa María de Dulcis,0-16,2022,19
22906,Santa María de Dulcis,16-64,2022,115
22906,Santa María de Dulcis,65-100,2022,67
22906,Santa María de Dulcis,0-16,2023,17
22906,Santa María de Dulcis,16-64,2023,122
22906,Santa María de Dulcis,65-100,2023,65
22906,Santa María de Dulcis,0-16,2024,16
22906,Santa María de Dulcis,16-64,2024,122
22906,Santa María de Dulcis,65-100,2024,70
22906,Santa María de Dulcis,0-16,2025,15
22906,Santa María de Dulcis,16-64,2025,120
22906,Santa María de Dulcis,65-100,2025,70
22907,Aínsa-Sobrarbe,0-16,2003,235
22907,Aínsa-Sobrarbe,16-64,2003,1070
22907,Aínsa-Sobrarbe,65-100,2003,425
22907,Aínsa-Sobrarbe,0-16,2004,228
22907,Aínsa-Sobrarbe,16-64,2004,1118
22907,Aínsa-Sobrarbe,65-100,2004,420
22907,Aínsa-Sobrarbe,0-16,2005,229
22907,Aínsa-Sobrarbe,16-64,2005,1193
22907,Aínsa-Sobrarbe,65-100,2005,404
22907,Aínsa-Sobrarbe,0-16,2006,249
22907,Aínsa-Sobrarbe,16-64,2006,1247
22907,Aínsa-Sobrarbe,65-100,2006,401
22907,Aínsa-Sobrarbe,0-16,2007,266
22907,Aínsa-Sobrarbe,16-64,2007,1290
22907,Aínsa-Sobrarbe,65-100,2007,395
22907,Aínsa-Sobrarbe,0-16,2008,298
22907,Aínsa-Sobrarbe,16-64,2008,1395
22907,Aínsa-Sobrarbe,65-100,2008,402
22907,Aínsa-Sobrarbe,0-16,2009,315
22907,Aínsa-Sobrarbe,16-64,2009,1472
22907,Aínsa-Sobrarbe,65-100,2009,392
22907,Aínsa-Sobrarbe,0-16,2010,319
22907,Aínsa-Sobrarbe,16-64,2010,1469
22907,Aínsa-Sobrarbe,65-100,2010,392
22907,Aínsa-Sobrarbe,0-16,2011,320
22907,Aínsa-Sobrarbe,16-64,2011,1528
22907,Aínsa-Sobrarbe,65-100,2011,384
22907,Aínsa-Sobrarbe,0-16,2012,332
22907,Aínsa-Sobrarbe,16-64,2012,1522
22907,Aínsa-Sobrarbe,65-100,2012,388
22907,Aínsa-Sobrarbe,0-16,2013,338
22907,Aínsa-Sobrarbe,16-64,2013,1527
22907,Aínsa-Sobrarbe,65-100,2013,385
22907,Aínsa-Sobrarbe,0-16,2014,332
22907,Aínsa-Sobrarbe,16-64,2014,1505
22907,Aínsa-Sobrarbe,65-100,2014,376
22907,Aínsa-Sobrarbe,0-16,2015,351
22907,Aínsa-Sobrarbe,16-64,2015,1503
22907,Aínsa-Sobrarbe,65-100,2015,366
22907,Aínsa-Sobrarbe,0-16,2016,360
22907,Aínsa-Sobrarbe,16-64,2016,1461
22907,Aínsa-Sobrarbe,65-100,2016,352
22907,Aínsa-Sobrarbe,0-16,2017,347
22907,Aínsa-Sobrarbe,16-64,2017,1424
22907,Aínsa-Sobrarbe,65-100,2017,357
22907,Aínsa-Sobrarbe,0-16,2018,340
22907,Aínsa-Sobrarbe,16-64,2018,1441
22907,Aínsa-Sobrarbe,65-100,2018,370
22907,Aínsa-Sobrarbe,0-16,2019,355
22907,Aínsa-Sobrarbe,16-64,2019,1463
22907,Aínsa-Sobrarbe,65-100,2019,383
22907,Aínsa-Sobrarbe,0-16,2020,372
22907,Aínsa-Sobrarbe,16-64,2020,1487
22907,Aínsa-Sobrarbe,65-100,2020,383
22907,Aínsa-Sobrarbe,0-16,2021,387
22907,Aínsa-Sobrarbe,16-64,2021,1539
22907,Aínsa-Sobrarbe,65-100,2021,386
22907,Aínsa-Sobrarbe,0-16,2022,397
22907,Aínsa-Sobrarbe,16-64,2022,1525
22907,Aínsa-Sobrarbe,65-100,2022,393
22907,Aínsa-Sobrarbe,0-16,2023,375
22907,Aínsa-Sobrarbe,16-64,2023,1508
22907,Aínsa-Sobrarbe,65-100,2023,408
22907,Aínsa-Sobrarbe,0-16,2024,358
22907,Aínsa-Sobrarbe,16-64,2024,1526
22907,Aínsa-Sobrarbe,65-100,2024,422
22907,Aínsa-Sobrarbe,0-16,2025,348
22907,Aínsa-Sobrarbe,16-64,2025,1520
22907,Aínsa-Sobrarbe,65-100,2025,447
22908,Hoz y Costean,0-16,2003,16
22908,Hoz y Costean,16-64,2003,129
22908,Hoz y Costean,65-100,2003,84
22908,Hoz y Costean,0-16,2004,17
22908,Hoz y Costean,16-64,2004,130
22908,Hoz y Costean,65-100,2004,83
22908,Hoz y Costean,0-16,2005,17
22908,Hoz y Costean,16-64,2005,130
22908,Hoz y Costean,65-100,2005,86
22908,Hoz y Costean,0-16,2006,17
22908,Hoz y Costean,16-64,2006,125
22908,Hoz y Costean,65-100,2006,81
22908,Hoz y Costean,0-16,2007,14
22908,Hoz y Costean,16-64,2007,139
22908,Hoz y Costean,65-100,2007,83
22908,Hoz y Costean,0-16,2008,13
22908,Hoz y Costean,16-64,2008,128
22908,Hoz y Costean,65-100,2008,81
22908,Hoz y Costean,0-16,2009,9
22908,Hoz y Costean,16-64,2009,123
22908,Hoz y Costean,65-100,2009,79
22908,Hoz y Costean,0-16,2010,9
22908,Hoz y Costean,16-64,2010,117
22908,Hoz y Costean,65-100,2010,79
22908,Hoz y Costean,0-16,2011,8
22908,Hoz y Costean,16-64,2011,122
22908,Hoz y Costean,65-100,2011,78
22908,Hoz y Costean,0-16,2012,11
22908,Hoz y Costean,16-64,2012,115
22908,Hoz y Costean,65-100,2012,78
22908,Hoz y Costean,0-16,2013,9
22908,Hoz y Costean,16-64,2013,97
22908,Hoz y Costean,65-100,2013,84
22908,Hoz y Costean,0-16,2014,15
22908,Hoz y Costean,16-64,2014,133
22908,Hoz y Costean,65-100,2014,89
22908,Hoz y Costean,0-16,2015,15
22908,Hoz y Costean,16-64,2015,127
22908,Hoz y Costean,65-100,2015,88
22908,Hoz y Costean,0-16,2016,16
22908,Hoz y Costean,16-64,2016,119
22908,Hoz y Costean,65-100,2016,82
22908,Hoz y Costean,0-16,2017,15
22908,Hoz y Costean,16-64,2017,125
22908,Hoz y Costean,65-100,2017,81
22908,Hoz y Costean,0-16,2018,21
22908,Hoz y Costean,16-64,2018,125
22908,Hoz y Costean,65-100,2018,80
22908,Hoz y Costean,0-16,2019,16
22908,Hoz y Costean,16-64,2019,126
22908,Hoz y Costean,65-100,2019,81
22908,Hoz y Costean,0-16,2020,15
22908,Hoz y Costean,16-64,2020,126
22908,Hoz y Costean,65-100,2020,80
22908,Hoz y Costean,0-16,2021,20
22908,Hoz y Costean,16-64,2021,140
22908,Hoz y Costean,65-100,2021,80
22908,Hoz y Costean,0-16,2022,18
22908,Hoz y Costean,16-64,2022,140
22908,Hoz y Costean,65-100,2022,82
22908,Hoz y Costean,0-16,2023,16
22908,Hoz y Costean,16-64,2023,146
22908,Hoz y Costean,65-100,2023,75
22908,Hoz y Costean,0-16,2024,18
22908,Hoz y Costean,16-64,2024,133
22908,Hoz y Costean,65-100,2024,77
22908,Hoz y Costean,0-16,2025,20
22908,Hoz y Costean,16-64,2025,129
22908,Hoz y Costean,65-100,2025,76
22909,Vencillón,0-16,2003,56
22909,Vencillón,16-64,2003,309
22909,Vencillón,65-100,2003,101
22909,Vencillón,0-16,2004,52
22909,Vencillón,16-64,2004,295
22909,Vencillón,65-100,2004,99
22909,Vencillón,0-16,2005,47
22909,Vencillón,16-64,2005,291
22909,Vencillón,65-100,2005,97
22909,Vencillón,0-16,2006,59
22909,Vencillón,16-64,2006,314
22909,Vencillón,65-100,2006,98
22909,Vencillón,0-16,2007,59
22909,Vencillón,16-64,2007,305
22909,Vencillón,65-100,2007,94
22909,Vencillón,0-16,2008,65
22909,Vencillón,16-64,2008,305
22909,Vencillón,65-100,2008,95
22909,Vencillón,0-16,2009,71
22909,Vencillón,16-64,2009,309
22909,Vencillón,65-100,2009,99
22909,Vencillón,0-16,2010,79
22909,Vencillón,16-64,2010,294
22909,Vencillón,65-100,2010,96
22909,Vencillón,0-16,2011,80
22909,Vencillón,16-64,2011,289
22909,Vencillón,65-100,2011,98
22909,Vencillón,0-16,2012,81
22909,Vencillón,16-64,2012,278
22909,Vencillón,65-100,2012,96
22909,Vencillón,0-16,2013,81
22909,Vencillón,16-64,2013,261
22909,Vencillón,65-100,2013,100
22909,Vencillón,0-16,2014,77
22909,Vencillón,16-64,2014,247
22909,Vencillón,65-100,2014,101
22909,Vencillón,0-16,2015,73
22909,Vencillón,16-64,2015,235
22909,Vencillón,65-100,2015,103
22909,Vencillón,0-16,2016,69
22909,Vencillón,16-64,2016,239
22909,Vencillón,65-100,2016,106
22909,Vencillón,0-16,2017,64
22909,Vencillón,16-64,2017,223
22909,Vencillón,65-100,2017,105
22909,Vencillón,0-16,2018,65
22909,Vencillón,16-64,2018,227
22909,Vencillón,65-100,2018,107
22909,Vencillón,0-16,2019,57
22909,Vencillón,16-64,2019,229
22909,Vencillón,65-100,2019,103
22909,Vencillón,0-16,2020,55
22909,Vencillón,16-64,2020,225
22909,Vencillón,65-100,2020,110
22909,Vencillón,0-16,2021,49
22909,Vencillón,16-64,2021,241
22909,Vencillón,65-100,2021,109
22909,Vencillón,0-16,2022,51
22909,Vencillón,16-64,2022,252
22909,Vencillón,65-100,2022,112
22909,Vencillón,0-16,2023,48
22909,Vencillón,16-64,2023,247
22909,Vencillón,65-100,2023,112
22909,Vencillón,0-16,2024,36
22909,Vencillón,16-64,2024,242
22909,Vencillón,65-100,2024,113
22909,Vencillón,0-16,2025,39
22909,Vencillón,16-64,2025,252
22909,Vencillón,65-100,2025,111
