year,cp,name,population,superficie
1900,22001,Abiego,1383,38.19
1900,22002,Abizanda,463,44.84
1900,22003,Adahuesca,725,52.47
1900,22004,Agüero,1182,94.16
1900,22006,Aisa,733,80.97
1900,22007,Albalate de Cinca,1519,44.23
1900,22008,Albalatillo,464,9.15
1900,22009,Albelda,1213,51.92
1900,22011,Albero Alto,360,19.28
1900,22012,Albero Bajo,205,22.22
1900,22013,Alberuela de Tubo,238,20.79
1900,22014,Alcalá de Gurrea,638,71.42
1900,22015,Alcalá del Obispo,1328,47.85
1900,22016,Alcampell,1983,58
1900,22017,Alcolea de Cinca,2409,83.24
1900,22018,Alcubierre,1530,115.31
1900,22019,Alerre,227,8.94
1900,22020,Alfántega,309,8.76
1900,22021,Almudévar,2983,201.49
1900,22022,Almunia de San Juan,954,35.66
1900,22023,Almuniente,512,37.56
1900,22024,Alquézar,1313,32.36
1900,22025,Altorricón,532,32.41
1900,22027,Angüés,1912,56.51
1900,22028,Ansó,1549,223.08
1900,22029,Antillón,393,22.41
1900,22032,Aragüés del Puerto,546,64.44
1900,22035,Arén,2119,119.32
1900,22036,Argavieso,322,9
1900,22037,Arguis,570,62.75
1900,22039,Ayerbe,2609,63.89
1900,22040,Azanuy-Alins,1221,51.17
1900,22041,Azara,513,14.49
1900,22042,Azlor,537,15.89
1900,22043,Baélls,737,39.82
1900,22044,Bailo,1488,164.43
1900,22045,Baldellou,813,30.42
1900,22046,Ballobar,2333,127.73
1900,22047,Banastás,113,4.66
1900,22048,Barbastro,7301,107
1900,22049,Barbués,218,19.59
1900,22050,Barbuñales,425,18.75
1900,22051,Bárcabo,829,87.92
1900,22052,Belver de Cinca,1666,82.63
1900,22053,Benabarre,2887,157.14
1900,22054,Benasque,1598,233
1900,22055,Berbegal,1109,49.03
1900,22057,Bielsa,971,202.41
1900,22058,Bierge,1581,145.03
1900,22059,Biescas,3509,189.09
1900,22060,Binaced,1774,78.49
1900,22061,Binéfar,1556,25
1900,22062,Bisaurri,813,63.19
1900,22063,Biscarrués,810,30.18
1900,22064,Blecua y Torres,769,36
1900,22066,Boltaña,1926,139.45
1900,22067,Bonansa,421,37.29
1900,22068,Borau,460,41.72
1900,22069,Broto,1758,128
1900,22072,Caldearenas,1483,192.31
1900,22074,Campo,806,22.86
1900,22075,Camporrélls,997,26.71
1900,22076,Canal de Berdún,2022,133.27
1900,22077,Candasnos,1063,122.45
1900,22078,Canfranc,770,71.56
1900,22079,Capdesaso,490,17
1900,22080,Capella,1008,60.71
1900,22081,Casbas de Huesca,2195,132.69
1900,22082,Castejón del Puente,621,25.43
1900,22083,Castejón de Monegros,1594,165.42
1900,22084,Castejón de Sos,813,31.59
1900,22085,Castelflorite,247,34.76
1900,22086,Castiello de Jaca,523,17.31
1900,22087,Castigaleu,266,26.53
1900,22088,Castillazuelo,757,15.32
1900,22089,Castillonroy,863,37.58
1900,22090,Colungo,702,40.64
1900,22094,Chalamera,427,11
1900,22095,Chía,602,26
1900,22096,Chimillas,189,10.04
1900,22099,Esplús,549,73
1900,22102,Estada,524,15.87
1900,22103,Estadilla,1752,50.39
1900,22105,Estopiñán del Castillo,1486,88.71
1900,22106,Fago,419,28.76
1900,22107,Fanlo,1065,187
1900,22109,Fiscal,2505,170.06
1900,22110,Fonz,2006,51.86
1900,22111,Foradada del Toscar,665,106.25
1900,22112,Fraga,6934,437.64
1900,22113,La Fueva,2691,218.85
1900,22114,Gistaín,444,75
1900,22115,El Grado,1605,63.77
1900,22116,Grañén,1431,123.98
1900,22117,Graus,6259,299.79
1900,22119,Gurrea de Gállego,1401,191.97
1900,22122,Hoz de Jaca,160,12.45
1900,22124,Huerto,970,86.72
1900,22125,Huesca,13683,161.04
1900,22126,Ibieca,417,14.94
1900,22127,Igriés,446,19.17
1900,22128,Ilche,720,63.72
1900,22129,Isábena,1246,118.53
1900,22130,Jaca,8964,406.34
1900,22131,Jasa,467,8
1900,22133,Labuerda,425,17.85
1900,22135,Laluenga,794,36.47
1900,22136,Lalueza,867,88.19
1900,22137,Lanaja,1839,183
1900,22139,Laperdiguera,369,11.32
1900,22141,Lascellas-Ponzano,996,27.33
1900,22142,Lascuarre,581,31.87
1900,22143,Laspaúles,1065,81.75
1900,22144,Laspuña,501,45.29
1900,22149,Loarre,1771,74.42
1900,22150,Loporzano,3139,169.28
1900,22151,Loscorrales,371,40.25
1900,22155,Monesma y Cajigar,513,62
1900,22156,Monflorite-Lascasas,452,29.16
1900,22157,Montanuy,1395,174
1900,22158,Monzón,5037,155.02
1900,22160,Naval,1550,47.32
1900,22162,Novales,400,20.08
1900,22163,Nueno,1249,147.24
1900,22164,Olvena,384,15.89
1900,22165,Ontiñena,1862,136.96
1900,22167,Osso de Cinca,728,27.66
1900,22168,Palo,288,14.41
1900,22170,Panticosa,889,95
1900,22172,Peñalba,1158,156
1900,22173,Las Peñas de Riglos,2226,217.87
1900,22174,Peralta de Alcofea,2207,116.14
1900,22175,Peralta de Calasanz,2404,114.88
1900,22176,Peraltilla,439,16
1900,22177,Perarrúa,689,30.05
1900,22178,Pertusa,705,29.37
1900,22181,Piracés,242,25.15
1900,22182,Plan,1124,92.53
1900,22184,Poleñino,512,33.02
1900,22186,Pozán de Vero,885,14.75
1900,22187,La Puebla de Castro,887,29.42
1900,22188,Puente de Montañana,822,48.56
1900,22189,Puértolas,1049,99.86
1900,22190,El Pueyo de Araguás,492,61.84
1900,22193,Pueyo de Santa Cruz,420,9.29
1900,22195,Quicena,259,9.67
1900,22197,Robres,1064,64
1900,22199,Sabiñánigo,4884,586.82
1900,22200,Sahún,871,73.36
1900,22201,Salas Altas,998,20.74
1900,22202,Salas Bajas,601,12.93
1900,22203,Salillas,367,28.33
1900,22204,Sallent de Gállego,1420,162.14
1900,22205,San Esteban de Litera,1532,71
1900,22206,Sangarrén,509,32.22
1900,22207,San Juan de Plan,361,55.53
1900,22208,Santa Cilia,567,28.08
1900,22209,Santa Cruz de la Serós,422,26.97
1900,22212,Santaliestra y San Quílez,366,23.34
1900,22213,Sariñena,4029,275.57
1900,22214,Secastilla,850,47.42
1900,22215,Seira,311,69
1900,22217,Sena,1071,104.69
1900,22218,Senés de Alcubierre,143,20.53
1900,22220,Sesa,881,30.84
1900,22221,Sesué,360,5.35
1900,22222,Siétamo,1584,48.98
1900,22223,Sopeira,889,44.09
1900,22225,Tamarite de Litera,3517,110.58
1900,22226,Tardienta,1531,90.65
1900,22227,Tella-Sin,717,90.33
1900,22228,Tierz,310,6.54
1900,22229,Tolva,962,58.97
1900,22230,Torla-Ordesa,988,185.21
1900,22232,Torralba de Aragón,443,40.39
1900,22233,Torre la Ribera,362,32.06
1900,22234,Torrente de Cinca,1382,56.77
1900,22235,Torres de Alcanadre,499,17.64
1900,22236,Torres de Barbués,202,13.94
1900,22239,Tramaced,111,15.42
1900,22242,Valfarta,309,33
1900,22243,Valle de Bardají,221,45.48
1900,22244,Valle de Lierp,212,32.76
1900,22245,Velilla de Cinca,1089,16.54
1900,22246,Beranuy,651,63.75
1900,22247,Viacamp y Litera,820,107.74
1900,22248,Vicién,374,13.76
1900,22249,Villanova,279,7.05
1900,22250,Villanúa,959,58.19
1900,22251,Villanueva de Sigena,900,146.47
1900,22252,Yebra de Basa,867,90.88
1900,22253,Yésero,288,30.23
1900,22254,Zaidín,1907,92.55
1900,22901,Valle de Hecho,2935,234.43
1900,22902,Puente la Reina de Jaca,848,48.13
1900,22903,San Miguel del Cinca,1922,106.49
1900,22904,La Sotonera,3972,165.54
1900,22905,Lupiñén-Ortilla,1138,110.07
1900,22906,Santa María de Dulcis,644,27
1900,22907,Aínsa-Sobrarbe,3680,284.77
1900,22908,Hoz y Costean,1390,57.48
1910,22001,Abiego,1440,38.19
1910,22002,Abizanda,472,44.84
1910,22003,Adahuesca,631,52.47
1910,22004,Agüero,1253,94.16
1910,22006,Aisa,787,80.97
1910,22007,Albalate de Cinca,1636,44.23
1910,22008,Albalatillo,497,9.15
1910,22009,Albelda,1357,51.92
1910,22011,Albero Alto,383,19.28
1910,22012,Albero Bajo,214,22.22
1910,22013,Alberuela de Tubo,219,20.79
1910,22014,Alcalá de Gurrea,679,71.42
1910,22015,Alcalá del Obispo,1428,47.85
1910,22016,Alcampell,2388,58
1910,22017,Alcolea de Cinca,2504,83.24
1910,22018,Alcubierre,1500,115.31
1910,22019,Alerre,225,8.94
1910,22020,Alfántega,322,8.76
1910,22021,Almudévar,3163,201.49
1910,22022,Almunia de San Juan,1190,35.66
1910,22023,Almuniente,573,37.56
1910,22024,Alquézar,1356,32.36
1910,22025,Altorricón,621,32.41
1910,22027,Angüés,1983,56.51
1910,22028,Ansó,1474,223.08
1910,22029,Antillón,408,22.41
1910,22032,Aragüés del Puerto,542,64.44
1910,22035,Arén,2085,119.32
1910,22036,Argavieso,324,9
1910,22037,Arguis,580,62.75
1910,22039,Ayerbe,2727,63.89
1910,22040,Azanuy-Alins,1243,51.17
1910,22041,Azara,490,14.49
1910,22042,Azlor,576,15.89
1910,22043,Baélls,780,39.82
1910,22044,Bailo,1533,164.43
1910,22045,Baldellou,807,30.42
1910,22046,Ballobar,2389,127.73
1910,22047,Banastás,116,4.66
1910,22048,Barbastro,7417,107
1910,22049,Barbués,283,19.59
1910,22050,Barbuñales,401,18.75
1910,22051,Bárcabo,825,87.92
1910,22052,Belver de Cinca,1952,82.63
1910,22053,Benabarre,2966,157.14
1910,22054,Benasque,1331,233
1910,22055,Berbegal,1150,49.03
1910,22057,Bielsa,1035,202.41
1910,22058,Bierge,1680,145.03
1910,22059,Biescas,3618,189.09
1910,22060,Binaced,1925,78.49
1910,22061,Binéfar,2109,25
1910,22062,Bisaurri,892,63.19
1910,22063,Biscarrués,822,30.18
1910,22064,Blecua y Torres,784,36
1910,22066,Boltaña,1896,139.45
1910,22067,Bonansa,443,37.29
1910,22068,Borau,460,41.72
1910,22069,Broto,1822,128
1910,22072,Caldearenas,1512,192.31
1910,22074,Campo,828,22.86
1910,22075,Camporrélls,902,26.71
1910,22076,Canal de Berdún,2066,133.27
1910,22077,Candasnos,1054,122.45
1910,22078,Canfranc,774,71.56
1910,22079,Capdesaso,511,17
1910,22080,Capella,1064,60.71
1910,22081,Casbas de Huesca,2155,132.69
1910,22082,Castejón del Puente,612,25.43
1910,22083,Castejón de Monegros,1575,165.42
1910,22084,Castejón de Sos,900,31.59
1910,22085,Castelflorite,285,34.76
1910,22086,Castiello de Jaca,531,17.31
1910,22087,Castigaleu,269,26.53
1910,22088,Castillazuelo,781,15.32
1910,22089,Castillonroy,887,37.58
1910,22090,Colungo,662,40.64
1910,22094,Chalamera,475,11
1910,22095,Chía,444,26
1910,22096,Chimillas,218,10.04
1910,22099,Esplús,747,73
1910,22102,Estada,514,15.87
1910,22103,Estadilla,1668,50.39
1910,22105,Estopiñán del Castillo,1443,88.71
1910,22106,Fago,372,28.76
1910,22107,Fanlo,1084,187
1910,22109,Fiscal,2495,170.06
1910,22110,Fonz,2338,51.86
1910,22111,Foradada del Toscar,686,106.25
1910,22112,Fraga,7418,437.64
1910,22113,La Fueva,2722,218.85
1910,22114,Gistaín,479,75
1910,22115,El Grado,1486,63.77
1910,22116,Grañén,1478,123.98
1910,22117,Graus,6478,299.79
1910,22119,Gurrea de Gállego,1642,191.97
1910,22122,Hoz de Jaca,159,12.45
1910,22124,Huerto,1026,86.72
1910,22125,Huesca,13964,161.04
1910,22126,Ibieca,402,14.94
1910,22127,Igriés,458,19.17
1910,22128,Ilche,691,63.72
1910,22129,Isábena,1288,118.53
1910,22130,Jaca,9172,406.34
1910,22131,Jasa,420,8
1910,22133,Labuerda,455,17.85
1910,22135,Laluenga,850,36.47
1910,22136,Lalueza,951,88.19
1910,22137,Lanaja,2090,183
1910,22139,Laperdiguera,364,11.32
1910,22141,Lascellas-Ponzano,990,27.33
1910,22142,Lascuarre,551,31.87
1910,22143,Laspaúles,1165,81.75
1910,22144,Laspuña,502,45.29
1910,22149,Loarre,1788,74.42
1910,22150,Loporzano,3181,169.28
1910,22151,Loscorrales,393,40.25
1910,22155,Monesma y Cajigar,561,62
1910,22156,Monflorite-Lascasas,491,29.16
1910,22157,Montanuy,1457,174
1910,22158,Monzón,5368,155.02
1910,22160,Naval,1439,47.32
1910,22162,Novales,459,20.08
1910,22163,Nueno,1230,147.24
1910,22164,Olvena,342,15.89
1910,22165,Ontiñena,1989,136.96
1910,22167,Osso de Cinca,812,27.66
1910,22168,Palo,311,14.41
1910,22170,Panticosa,835,95
1910,22172,Peñalba,1331,156
1910,22173,Las Peñas de Riglos,2633,217.87
1910,22174,Peralta de Alcofea,2320,116.14
1910,22175,Peralta de Calasanz,2464,114.88
1910,22176,Peraltilla,476,16
1910,22177,Perarrúa,694,30.05
1910,22178,Pertusa,623,29.37
1910,22181,Piracés,276,25.15
1910,22182,Plan,1096,92.53
1910,22184,Poleñino,556,33.02
1910,22186,Pozán de Vero,914,14.75
1910,22187,La Puebla de Castro,837,29.42
1910,22188,Puente de Montañana,809,48.56
1910,22189,Puértolas,1060,99.86
1910,22190,El Pueyo de Araguás,493,61.84
1910,22193,Pueyo de Santa Cruz,512,9.29
1910,22195,Quicena,285,9.67
1910,22197,Robres,1030,64
1910,22199,Sabiñánigo,5063,586.82
1910,22200,Sahún,711,73.36
1910,22201,Salas Altas,1071,20.74
1910,22202,Salas Bajas,588,12.93
1910,22203,Salillas,414,28.33
1910,22204,Sallent de Gállego,1427,162.14
1910,22205,San Esteban de Litera,1806,71
1910,22206,Sangarrén,532,32.22
1910,22207,San Juan de Plan,367,55.53
1910,22208,Santa Cilia,606,28.08
1910,22209,Santa Cruz de la Serós,412,26.97
1910,22212,Santaliestra y San Quílez,379,23.34
1910,22213,Sariñena,4424,275.57
1910,22214,Secastilla,855,47.42
1910,22215,Seira,309,69
1910,22217,Sena,1161,104.69
1910,22218,Senés de Alcubierre,178,20.53
1910,22220,Sesa,911,30.84
1910,22221,Sesué,385,5.35
1910,22222,Siétamo,1627,48.98
1910,22223,Sopeira,847,44.09
1910,22225,Tamarite de Litera,4156,110.58
1910,22226,Tardienta,1698,90.65
1910,22227,Tella-Sin,737,90.33
1910,22228,Tierz,316,6.54
1910,22229,Tolva,955,58.97
1910,22230,Torla-Ordesa,1016,185.21
1910,22232,Torralba de Aragón,420,40.39
1910,22233,Torre la Ribera,401,32.06
1910,22234,Torrente de Cinca,1409,56.77
1910,22235,Torres de Alcanadre,492,17.64
1910,22236,Torres de Barbués,238,13.94
1910,22239,Tramaced,111,15.42
1910,22242,Valfarta,346,33
1910,22243,Valle de Bardají,186,45.48
1910,22244,Valle de Lierp,231,32.76
1910,22245,Velilla de Cinca,1238,16.54
1910,22246,Beranuy,765,63.75
1910,22247,Viacamp y Litera,800,107.74
1910,22248,Vicién,328,13.76
1910,22249,Villanova,324,7.05
1910,22250,Villanúa,1114,58.19
1910,22251,Villanueva de Sigena,974,146.47
1910,22252,Yebra de Basa,888,90.88
1910,22253,Yésero,311,30.23
1910,22254,Zaidín,2091,92.55
1910,22901,Valle de Hecho,2701,234.43
1910,22902,Puente la Reina de Jaca,841,48.13
1910,22903,San Miguel del Cinca,1941,106.49
1910,22904,La Sotonera,4073,165.54
1910,22905,Lupiñén-Ortilla,1181,110.07
1910,22906,Santa María de Dulcis,622,27
1910,22907,Aínsa-Sobrarbe,3800,284.77
1910,22908,Hoz y Costean,1383,57.48
1920,22001,Abiego,1401,38.19
1920,22002,Abizanda,446,44.84
1920,22003,Adahuesca,647,52.47
1920,22004,Agüero,1177,94.16
1920,22006,Aisa,814,80.97
1920,22007,Albalate de Cinca,1590,44.23
1920,22008,Albalatillo,549,9.15
1920,22009,Albelda,1481,51.92
1920,22011,Albero Alto,321,19.28
1920,22012,Albero Bajo,208,22.22
1920,22013,Alberuela de Tubo,244,20.79
1920,22014,Alcalá de Gurrea,883,71.42
1920,22015,Alcalá del Obispo,1332,47.85
1920,22016,Alcampell,2467,58
1920,22017,Alcolea de Cinca,2647,83.24
1920,22018,Alcubierre,1422,115.31
1920,22019,Alerre,222,8.94
1920,22020,Alfántega,279,8.76
1920,22021,Almudévar,3215,201.49
1920,22022,Almunia de San Juan,1213,35.66
1920,22023,Almuniente,626,37.56
1920,22024,Alquézar,1171,32.36
1920,22025,Altorricón,856,32.41
1920,22027,Angüés,1826,56.51
1920,22028,Ansó,1226,223.08
1920,22029,Antillón,422,22.41
1920,22032,Aragüés del Puerto,519,64.44
1920,22035,Arén,1933,119.32
1920,22036,Argavieso,331,9
1920,22037,Arguis,548,62.75
1920,22039,Ayerbe,2716,63.89
1920,22040,Azanuy-Alins,1203,51.17
1920,22041,Azara,458,14.49
1920,22042,Azlor,552,15.89
1920,22043,Baélls,780,39.82
1920,22044,Bailo,1427,164.43
1920,22045,Baldellou,644,30.42
1920,22046,Ballobar,2292,127.73
1920,22047,Banastás,141,4.66
1920,22048,Barbastro,8309,107
1920,22049,Barbués,253,19.59
1920,22050,Barbuñales,440,18.75
1920,22051,Bárcabo,803,87.92
1920,22052,Belver de Cinca,2056,82.63
1920,22053,Benabarre,2818,157.14
1920,22054,Benasque,1328,233
1920,22055,Berbegal,1079,49.03
1920,22057,Bielsa,1330,202.41
1920,22058,Bierge,1598,145.03
1920,22059,Biescas,3661,189.09
1920,22060,Binaced,2222,78.49
1920,22061,Binéfar,2755,25
1920,22062,Bisaurri,969,63.19
1920,22063,Biscarrués,886,30.18
1920,22064,Blecua y Torres,714,36
1920,22066,Boltaña,1871,139.45
1920,22067,Bonansa,398,37.29
1920,22068,Borau,371,41.72
1920,22069,Broto,1750,128
1920,22072,Caldearenas,1436,192.31
1920,22074,Campo,898,22.86
1920,22075,Camporrélls,875,26.71
1920,22076,Canal de Berdún,1932,133.27
1920,22077,Candasnos,1063,122.45
1920,22078,Canfranc,1090,71.56
1920,22079,Capdesaso,425,17
1920,22080,Capella,1013,60.71
1920,22081,Casbas de Huesca,2054,132.69
1920,22082,Castejón del Puente,551,25.43
1920,22083,Castejón de Monegros,1502,165.42
1920,22084,Castejón de Sos,966,31.59
1920,22085,Castelflorite,266,34.76
1920,22086,Castiello de Jaca,506,17.31
1920,22087,Castigaleu,293,26.53
1920,22088,Castillazuelo,705,15.32
1920,22089,Castillonroy,907,37.58
1920,22090,Colungo,685,40.64
1920,22094,Chalamera,493,11
1920,22095,Chía,308,26
1920,22096,Chimillas,237,10.04
1920,22099,Esplús,1114,73
1920,22102,Estada,492,15.87
1920,22103,Estadilla,1548,50.39
1920,22105,Estopiñán del Castillo,1390,88.71
1920,22106,Fago,364,28.76
1920,22107,Fanlo,1033,187
1920,22109,Fiscal,2502,170.06
1920,22110,Fonz,2123,51.86
1920,22111,Foradada del Toscar,713,106.25
1920,22112,Fraga,7827,437.64
1920,22113,La Fueva,2576,218.85
1920,22114,Gistaín,592,75
1920,22115,El Grado,1616,63.77
1920,22116,Grañén,1460,123.98
1920,22117,Graus,6217,299.79
1920,22119,Gurrea de Gállego,1866,191.97
1920,22122,Hoz de Jaca,142,12.45
1920,22124,Huerto,1082,86.72
1920,22125,Huesca,16026,161.04
1920,22126,Ibieca,373,14.94
1920,22127,Igriés,411,19.17
1920,22128,Ilche,779,63.72
1920,22129,Isábena,1226,118.53
1920,22130,Jaca,9209,406.34
1920,22131,Jasa,525,8
1920,22133,Labuerda,505,17.85
1920,22135,Laluenga,863,36.47
1920,22136,Lalueza,1020,88.19
1920,22137,Lanaja,2088,183
1920,22139,Laperdiguera,363,11.32
1920,22141,Lascellas-Ponzano,871,27.33
1920,22142,Lascuarre,553,31.87
1920,22143,Laspaúles,1132,81.75
1920,22144,Laspuña,566,45.29
1920,22149,Loarre,1613,74.42
1920,22150,Loporzano,2833,169.28
1920,22151,Loscorrales,440,40.25
1920,22155,Monesma y Cajigar,590,62
1920,22156,Monflorite-Lascasas,428,29.16
1920,22157,Montanuy,1381,174
1920,22158,Monzón,5136,155.02
1920,22160,Naval,1132,47.32
1920,22162,Novales,460,20.08
1920,22163,Nueno,1132,147.24
1920,22164,Olvena,331,15.89
1920,22165,Ontiñena,1927,136.96
1920,22167,Osso de Cinca,885,27.66
1920,22168,Palo,270,14.41
1920,22170,Panticosa,931,95
1920,22172,Peñalba,1307,156
1920,22173,Las Peñas de Riglos,2429,217.87
1920,22174,Peralta de Alcofea,2038,116.14
1920,22175,Peralta de Calasanz,2361,114.88
1920,22176,Peraltilla,498,16
1920,22177,Perarrúa,661,30.05
1920,22178,Pertusa,616,29.37
1920,22181,Piracés,279,25.15
1920,22182,Plan,1113,92.53
1920,22184,Poleñino,523,33.02
1920,22186,Pozán de Vero,791,14.75
1920,22187,La Puebla de Castro,735,29.42
1920,22188,Puente de Montañana,801,48.56
1920,22189,Puértolas,1074,99.86
1920,22190,El Pueyo de Araguás,503,61.84
1920,22193,Pueyo de Santa Cruz,466,9.29
1920,22195,Quicena,302,9.67
1920,22197,Robres,1129,64
1920,22199,Sabiñánigo,4828,586.82
1920,22200,Sahún,686,73.36
1920,22201,Salas Altas,1004,20.74
1920,22202,Salas Bajas,587,12.93
1920,22203,Salillas,374,28.33
1920,22204,Sallent de Gállego,1387,162.14
1920,22205,San Esteban de Litera,1836,71
1920,22206,Sangarrén,614,32.22
1920,22207,San Juan de Plan,383,55.53
1920,22208,Santa Cilia,600,28.08
1920,22209,Santa Cruz de la Serós,332,26.97
1920,22212,Santaliestra y San Quílez,422,23.34
1920,22213,Sariñena,4490,275.57
1920,22214,Secastilla,845,47.42
1920,22215,Seira,494,69
1920,22217,Sena,1249,104.69
1920,22218,Senés de Alcubierre,188,20.53
1920,22220,Sesa,838,30.84
1920,22221,Sesué,301,5.35
1920,22222,Siétamo,1551,48.98
1920,22223,Sopeira,724,44.09
1920,22225,Tamarite de Litera,4488,110.58
1920,22226,Tardienta,1925,90.65
1920,22227,Tella-Sin,843,90.33
1920,22228,Tierz,307,6.54
1920,22229,Tolva,898,58.97
1920,22230,Torla-Ordesa,886,185.21
1920,22232,Torralba de Aragón,477,40.39
1920,22233,Torre la Ribera,438,32.06
1920,22234,Torrente de Cinca,1438,56.77
1920,22235,Torres de Alcanadre,493,17.64
1920,22236,Torres de Barbués,250,13.94
1920,22239,Tramaced,119,15.42
1920,22242,Valfarta,368,33
1920,22243,Valle de Bardají,202,45.48
1920,22244,Valle de Lierp,263,32.76
1920,22245,Velilla de Cinca,1183,16.54
1920,22246,Beranuy,659,63.75
1920,22247,Viacamp y Litera,808,107.74
1920,22248,Vicién,296,13.76
1920,22249,Villanova,352,7.05
1920,22250,Villanúa,847,58.19
1920,22251,Villanueva de Sigena,972,146.47
1920,22252,Yebra de Basa,926,90.88
1920,22253,Yésero,293,30.23
1920,22254,Zaidín,2100,92.55
1920,22901,Valle de Hecho,2504,234.43
1920,22902,Puente la Reina de Jaca,817,48.13
1920,22903,San Miguel del Cinca,1902,106.49
1920,22904,La Sotonera,3667,165.54
1920,22905,Lupiñén-Ortilla,1211,110.07
1920,22906,Santa María de Dulcis,583,27
1920,22907,Aínsa-Sobrarbe,3715,284.77
1920,22908,Hoz y Costean,1313,57.48
1930,22001,Abiego,1181,38.19
1930,22002,Abizanda,437,44.84
1930,22003,Adahuesca,545,52.47
1930,22004,Agüero,1084,94.16
1930,22006,Aisa,631,80.97
1930,22007,Albalate de Cinca,1588,44.23
1930,22008,Albalatillo,564,9.15
1930,22009,Albelda,1271,51.92
1930,22011,Albero Alto,298,19.28
1930,22012,Albero Bajo,209,22.22
1930,22013,Alberuela de Tubo,232,20.79
1930,22014,Alcalá de Gurrea,1733,71.42
1930,22015,Alcalá del Obispo,1290,47.85
1930,22016,Alcampell,2250,58
1930,22017,Alcolea de Cinca,2173,83.24
1930,22018,Alcubierre,1298,115.31
1930,22019,Alerre,208,8.94
1930,22020,Alfántega,270,8.76
1930,22021,Almudévar,3700,201.49
1930,22022,Almunia de San Juan,1240,35.66
1930,22023,Almuniente,581,37.56
1930,22024,Alquézar,1038,32.36
1930,22025,Altorricón,921,32.41
1930,22027,Angüés,1649,56.51
1930,22028,Ansó,1240,223.08
1930,22029,Antillón,418,22.41
1930,22032,Aragüés del Puerto,535,64.44
1930,22035,Arén,1883,119.32
1930,22036,Argavieso,309,9
1930,22037,Arguis,518,62.75
1930,22039,Ayerbe,2625,63.89
1930,22040,Azanuy-Alins,1034,51.17
1930,22041,Azara,487,14.49
1930,22042,Azlor,501,15.89
1930,22043,Baélls,673,39.82
1930,22044,Bailo,1451,164.43
1930,22045,Baldellou,588,30.42
1930,22046,Ballobar,2230,127.73
1930,22047,Banastás,126,4.66
1930,22048,Barbastro,6561,107
1930,22049,Barbués,259,19.59
1930,22050,Barbuñales,390,18.75
1930,22051,Bárcabo,747,87.92
1930,22052,Belver de Cinca,1899,82.63
1930,22053,Benabarre,2704,157.14
1930,22054,Benasque,1215,233
1930,22055,Berbegal,1059,49.03
1930,22057,Bielsa,1346,202.41
1930,22058,Bierge,1531,145.03
1930,22059,Biescas,3320,189.09
1930,22060,Binaced,2234,78.49
1930,22061,Binéfar,3308,25
1930,22062,Bisaurri,998,63.19
1930,22063,Biscarrués,911,30.18
1930,22064,Blecua y Torres,700,36
1930,22066,Boltaña,1807,139.45
1930,22067,Bonansa,375,37.29
1930,22068,Borau,315,41.72
1930,22069,Broto,1678,128
1930,22072,Caldearenas,1256,192.31
1930,22074,Campo,765,22.86
1930,22075,Camporrélls,804,26.71
1930,22076,Canal de Berdún,1766,133.27
1930,22077,Candasnos,907,122.45
1930,22078,Canfranc,1696,71.56
1930,22079,Capdesaso,449,17
1930,22080,Capella,1025,60.71
1930,22081,Casbas de Huesca,1909,132.69
1930,22082,Castejón del Puente,419,25.43
1930,22083,Castejón de Monegros,1407,165.42
1930,22084,Castejón de Sos,706,31.59
1930,22085,Castelflorite,251,34.76
1930,22086,Castiello de Jaca,544,17.31
1930,22087,Castigaleu,351,26.53
1930,22088,Castillazuelo,636,15.32
1930,22089,Castillonroy,831,37.58
1930,22090,Colungo,612,40.64
1930,22094,Chalamera,403,11
1930,22095,Chía,300,26
1930,22096,Chimillas,239,10.04
1930,22099,Esplús,1099,73
1930,22102,Estada,449,15.87
1930,22103,Estadilla,1489,50.39
1930,22105,Estopiñán del Castillo,1104,88.71
1930,22106,Fago,359,28.76
1930,22107,Fanlo,873,187
1930,22109,Fiscal,2285,170.06
1930,22110,Fonz,2126,51.86
1930,22111,Foradada del Toscar,688,106.25
1930,22112,Fraga,7480,437.64
1930,22113,La Fueva,2629,218.85
1930,22114,Gistaín,537,75
1930,22115,El Grado,1453,63.77
1930,22116,Grañén,1310,123.98
1930,22117,Graus,5986,299.79
1930,22119,Gurrea de Gállego,1813,191.97
1930,22122,Hoz de Jaca,154,12.45
1930,22124,Huerto,908,86.72
1930,22125,Huesca,17383,161.04
1930,22126,Ibieca,323,14.94
1930,22127,Igriés,419,19.17
1930,22128,Ilche,751,63.72
1930,22129,Isábena,1174,118.53
1930,22130,Jaca,10022,406.34
1930,22131,Jasa,374,8
1930,22133,Labuerda,459,17.85
1930,22135,Laluenga,871,36.47
1930,22136,Lalueza,1091,88.19
1930,22137,Lanaja,2103,183
1930,22139,Laperdiguera,342,11.32
1930,22141,Lascellas-Ponzano,783,27.33
1930,22142,Lascuarre,551,31.87
1930,22143,Laspaúles,1121,81.75
1930,22144,Laspuña,610,45.29
1930,22149,Loarre,1352,74.42
1930,22150,Loporzano,2533,169.28
1930,22151,Loscorrales,570,40.25
1930,22155,Monesma y Cajigar,569,62
1930,22156,Monflorite-Lascasas,447,29.16
1930,22157,Montanuy,1348,174
1930,22158,Monzón,5460,155.02
1930,22160,Naval,1001,47.32
1930,22162,Novales,454,20.08
1930,22163,Nueno,1130,147.24
1930,22164,Olvena,297,15.89
1930,22165,Ontiñena,1845,136.96
1930,22167,Osso de Cinca,818,27.66
1930,22168,Palo,241,14.41
1930,22170,Panticosa,996,95
1930,22172,Peñalba,1313,156
1930,22173,Las Peñas de Riglos,2459,217.87
1930,22174,Peralta de Alcofea,1819,116.14
1930,22175,Peralta de Calasanz,2036,114.88
1930,22176,Peraltilla,432,16
1930,22177,Perarrúa,603,30.05
1930,22178,Pertusa,527,29.37
1930,22181,Piracés,265,25.15
1930,22182,Plan,1007,92.53
1930,22184,Poleñino,538,33.02
1930,22186,Pozán de Vero,771,14.75
1930,22187,La Puebla de Castro,686,29.42
1930,22188,Puente de Montañana,733,48.56
1930,22189,Puértolas,1020,99.86
1930,22190,El Pueyo de Araguás,514,61.84
1930,22193,Pueyo de Santa Cruz,468,9.29
1930,22195,Quicena,289,9.67
1930,22197,Robres,1217,64
1930,22199,Sabiñánigo,5491,586.82
1930,22200,Sahún,630,73.36
1930,22201,Salas Altas,975,20.74
1930,22202,Salas Bajas,581,12.93
1930,22203,Salillas,354,28.33
1930,22204,Sallent de Gállego,1312,162.14
1930,22205,San Esteban de Litera,1698,71
1930,22206,Sangarrén,619,32.22
1930,22207,San Juan de Plan,301,55.53
1930,22208,Santa Cilia,528,28.08
1930,22209,Santa Cruz de la Serós,343,26.97
1930,22212,Santaliestra y San Quílez,350,23.34
1930,22213,Sariñena,3988,275.57
1930,22214,Secastilla,786,47.42
1930,22215,Seira,611,69
1930,22217,Sena,1232,104.69
1930,22218,Senés de Alcubierre,164,20.53
1930,22220,Sesa,811,30.84
1930,22221,Sesué,259,5.35
1930,22222,Siétamo,1405,48.98
1930,22223,Sopeira,721,44.09
1930,22225,Tamarite de Litera,4359,110.58
1930,22226,Tardienta,2243,90.65
1930,22227,Tella-Sin,964,90.33
1930,22228,Tierz,279,6.54
1930,22229,Tolva,958,58.97
1930,22230,Torla-Ordesa,892,185.21
1930,22232,Torralba de Aragón,475,40.39
1930,22233,Torre la Ribera,426,32.06
1930,22234,Torrente de Cinca,1369,56.77
1930,22235,Torres de Alcanadre,446,17.64
1930,22236,Torres de Barbués,228,13.94
1930,22239,Tramaced,132,15.42
1930,22242,Valfarta,335,33
1930,22243,Valle de Bardají,225,45.48
1930,22244,Valle de Lierp,203,32.76
1930,22245,Velilla de Cinca,1005,16.54
1930,22246,Beranuy,585,63.75
1930,22247,Viacamp y Litera,745,107.74
1930,22248,Vicién,336,13.76
1930,22249,Villanova,211,7.05
1930,22250,Villanúa,682,58.19
1930,22251,Villanueva de Sigena,875,146.47
1930,22252,Yebra de Basa,867,90.88
1930,22253,Yésero,254,30.23
1930,22254,Zaidín,2051,92.55
1930,22901,Valle de Hecho,2328,234.43
1930,22902,Puente la Reina de Jaca,789,48.13
1930,22903,San Miguel del Cinca,1795,106.49
1930,22904,La Sotonera,3559,165.54
1930,22905,Lupiñén-Ortilla,1300,110.07
1930,22906,Santa María de Dulcis,553,27
1930,22907,Aínsa-Sobrarbe,3479,284.77
1930,22908,Hoz y Costean,1151,57.48
1940,22001,Abiego,1058,38.19
1940,22002,Abizanda,402,44.84
1940,22003,Adahuesca,513,52.47
1940,22004,Agüero,1007,94.16
1940,22006,Aisa,552,80.97
1940,22007,Albalate de Cinca,1616,44.23
1940,22008,Albalatillo,556,9.15
1940,22009,Albelda,1410,51.92
1940,22011,Albero Alto,271,19.28
1940,22012,Albero Bajo,241,22.22
1940,22013,Alberuela de Tubo,249,20.79
1940,22014,Alcalá de Gurrea,1522,71.42
1940,22015,Alcalá del Obispo,1179,47.85
1940,22016,Alcampell,2166,58
1940,22017,Alcolea de Cinca,2016,83.24
1940,22018,Alcubierre,1208,115.31
1940,22019,Alerre,180,8.94
1940,22020,Alfántega,224,8.76
1940,22021,Almudévar,3205,201.49
1940,22022,Almunia de San Juan,1203,35.66
1940,22023,Almuniente,553,37.56
1940,22024,Alquézar,904,32.36
1940,22025,Altorricón,1214,32.41
1940,22027,Angüés,1445,56.51
1940,22028,Ansó,1202,223.08
1940,22029,Antillón,400,22.41
1940,22032,Aragüés del Puerto,503,64.44
1940,22035,Arén,1735,119.32
1940,22036,Argavieso,306,9
1940,22037,Arguis,415,62.75
1940,22039,Ayerbe,2615,63.89
1940,22040,Azanuy-Alins,926,51.17
1940,22041,Azara,442,14.49
1940,22042,Azlor,483,15.89
1940,22043,Baélls,583,39.82
1940,22044,Bailo,1381,164.43
1940,22045,Baldellou,522,30.42
1940,22046,Ballobar,2117,127.73
1940,22047,Banastás,100,4.66
1940,22048,Barbastro,7072,107
1940,22049,Barbués,268,19.59
1940,22050,Barbuñales,354,18.75
1940,22051,Bárcabo,703,87.92
1940,22052,Belver de Cinca,1974,82.63
1940,22053,Benabarre,2441,157.14
1940,22054,Benasque,984,233
1940,22055,Berbegal,1069,49.03
1940,22057,Bielsa,1113,202.41
1940,22058,Bierge,1414,145.03
1940,22059,Biescas,2734,189.09
1940,22060,Binaced,2338,78.49
1940,22061,Binéfar,3631,25
1940,22062,Bisaurri,735,63.19
1940,22063,Biscarrués,826,30.18
1940,22064,Blecua y Torres,700,36
1940,22066,Boltaña,1763,139.45
1940,22067,Bonansa,367,37.29
1940,22068,Borau,259,41.72
1940,22069,Broto,1467,128
1940,22072,Caldearenas,1139,192.31
1940,22074,Campo,794,22.86
1940,22075,Camporrélls,691,26.71
1940,22076,Canal de Berdún,1687,133.27
1940,22077,Candasnos,1092,122.45
1940,22078,Canfranc,1090,71.56
1940,22079,Capdesaso,450,17
1940,22080,Capella,910,60.71
1940,22081,Casbas de Huesca,1698,132.69
1940,22082,Castejón del Puente,395,25.43
1940,22083,Castejón de Monegros,1532,165.42
1940,22084,Castejón de Sos,708,31.59
1940,22085,Castelflorite,270,34.76
1940,22086,Castiello de Jaca,437,17.31
1940,22087,Castigaleu,312,26.53
1940,22088,Castillazuelo,673,15.32
1940,22089,Castillonroy,769,37.58
1940,22090,Colungo,521,40.64
1940,22094,Chalamera,370,11
1940,22095,Chía,328,26
1940,22096,Chimillas,231,10.04
1940,22099,Esplús,1005,73
1940,22102,Estada,407,15.87
1940,22103,Estadilla,1560,50.39
1940,22105,Estopiñán del Castillo,1083,88.71
1940,22106,Fago,306,28.76
1940,22107,Fanlo,733,187
1940,22109,Fiscal,2050,170.06
1940,22110,Fonz,2077,51.86
1940,22111,Foradada del Toscar,690,106.25
1940,22112,Fraga,7120,437.64
1940,22113,La Fueva,2606,218.85
1940,22114,Gistaín,510,75
1940,22115,El Grado,1373,63.77
1940,22116,Grañén,1363,123.98
1940,22117,Graus,6023,299.79
1940,22119,Gurrea de Gállego,1790,191.97
1940,22122,Hoz de Jaca,154,12.45
1940,22124,Huerto,946,86.72
1940,22125,Huesca,17500,161.04
1940,22126,Ibieca,325,14.94
1940,22127,Igriés,375,19.17
1940,22128,Ilche,739,63.72
1940,22129,Isábena,1162,118.53
1940,22130,Jaca,9582,406.34
1940,22131,Jasa,318,8
1940,22133,Labuerda,447,17.85
1940,22135,Laluenga,700,36.47
1940,22136,Lalueza,1151,88.19
1940,22137,Lanaja,2255,183
1940,22139,Laperdiguera,309,11.32
1940,22141,Lascellas-Ponzano,648,27.33
1940,22142,Lascuarre,542,31.87
1940,22143,Laspaúles,918,81.75
1940,22144,Laspuña,594,45.29
1940,22149,Loarre,1329,74.42
1940,22150,Loporzano,2211,169.28
1940,22151,Loscorrales,562,40.25
1940,22155,Monesma y Cajigar,454,62
1940,22156,Monflorite-Lascasas,445,29.16
1940,22157,Montanuy,1296,174
1940,22158,Monzón,5808,155.02
1940,22160,Naval,982,47.32
1940,22162,Novales,430,20.08
1940,22163,Nueno,952,147.24
1940,22164,Olvena,286,15.89
1940,22165,Ontiñena,1705,136.96
1940,22167,Osso de Cinca,817,27.66
1940,22168,Palo,273,14.41
1940,22170,Panticosa,887,95
1940,22172,Peñalba,1361,156
1940,22173,Las Peñas de Riglos,2233,217.87
1940,22174,Peralta de Alcofea,1829,116.14
1940,22175,Peralta de Calasanz,1880,114.88
1940,22176,Peraltilla,430,16
1940,22177,Perarrúa,616,30.05
1940,22178,Pertusa,453,29.37
1940,22181,Piracés,270,25.15
1940,22182,Plan,871,92.53
1940,22184,Poleñino,527,33.02
1940,22186,Pozán de Vero,747,14.75
1940,22187,La Puebla de Castro,660,29.42
1940,22188,Puente de Montañana,669,48.56
1940,22189,Puértolas,925,99.86
1940,22190,El Pueyo de Araguás,504,61.84
1940,22193,Pueyo de Santa Cruz,473,9.29
1940,22195,Quicena,239,9.67
1940,22197,Robres,1214,64
1940,22199,Sabiñánigo,5497,586.82
1940,22200,Sahún,525,73.36
1940,22201,Salas Altas,907,20.74
1940,22202,Salas Bajas,503,12.93
1940,22203,Salillas,387,28.33
1940,22204,Sallent de Gállego,1189,162.14
1940,22205,San Esteban de Litera,1605,71
1940,22206,Sangarrén,631,32.22
1940,22207,San Juan de Plan,294,55.53
1940,22208,Santa Cilia,511,28.08
1940,22209,Santa Cruz de la Serós,341,26.97
1940,22212,Santaliestra y San Quílez,373,23.34
1940,22213,Sariñena,4107,275.57
1940,22214,Secastilla,735,47.42
1940,22215,Seira,508,69
1940,22217,Sena,1154,104.69
1940,22218,Senés de Alcubierre,174,20.53
1940,22220,Sesa,770,30.84
1940,22221,Sesué,269,5.35
1940,22222,Siétamo,1089,48.98
1940,22223,Sopeira,623,44.09
1940,22225,Tamarite de Litera,4566,110.58
1940,22226,Tardienta,1802,90.65
1940,22227,Tella-Sin,794,90.33
1940,22228,Tierz,295,6.54
1940,22229,Tolva,840,58.97
1940,22230,Torla-Ordesa,923,185.21
1940,22232,Torralba de Aragón,454,40.39
1940,22233,Torre la Ribera,476,32.06
1940,22234,Torrente de Cinca,1315,56.77
1940,22235,Torres de Alcanadre,401,17.64
1940,22236,Torres de Barbués,233,13.94
1940,22239,Tramaced,144,15.42
1940,22242,Valfarta,296,33
1940,22243,Valle de Bardají,203,45.48
1940,22244,Valle de Lierp,208,32.76
1940,22245,Velilla de Cinca,927,16.54
1940,22246,Beranuy,595,63.75
1940,22247,Viacamp y Litera,726,107.74
1940,22248,Vicién,245,13.76
1940,22249,Villanova,159,7.05
1940,22250,Villanúa,585,58.19
1940,22251,Villanueva de Sigena,791,146.47
1940,22252,Yebra de Basa,741,90.88
1940,22253,Yésero,248,30.23
1940,22254,Zaidín,1990,92.55
1940,22901,Valle de Hecho,2089,234.43
1940,22902,Puente la Reina de Jaca,793,48.13
1940,22903,San Miguel del Cinca,1683,106.49
1940,22904,La Sotonera,3391,165.54
1940,22905,Lupiñén-Ortilla,1276,110.07
1940,22906,Santa María de Dulcis,556,27
1940,22907,Aínsa-Sobrarbe,3331,284.77
1940,22908,Hoz y Costean,1086,57.48
1940,22909,Vencillón,149,10.37
1950,22001,Abiego,766,38.19
1950,22002,Abizanda,387,44.84
1950,22003,Adahuesca,423,52.47
1950,22004,Agüero,785,94.16
1950,22006,Aisa,468,80.97
1950,22007,Albalate de Cinca,1398,44.23
1950,22008,Albalatillo,486,9.15
1950,22009,Albelda,1471,51.92
1950,22011,Albero Alto,244,19.28
1950,22012,Albero Bajo,233,22.22
1950,22013,Alberuela de Tubo,262,20.79
1950,22014,Alcalá de Gurrea,1342,71.42
1950,22015,Alcalá del Obispo,1176,47.85
1950,22016,Alcampell,1971,58
1950,22017,Alcolea de Cinca,1748,83.24
1950,22018,Alcubierre,1121,115.31
1950,22019,Alerre,144,8.94
1950,22020,Alfántega,246,8.76
1950,22021,Almudévar,3265,201.49
1950,22022,Almunia de San Juan,1206,35.66
1950,22023,Almuniente,531,37.56
1950,22024,Alquézar,705,32.36
1950,22025,Altorricón,1587,32.41
1950,22027,Angüés,1320,56.51
1950,22028,Ansó,1010,223.08
1950,22029,Antillón,359,22.41
1950,22032,Aragüés del Puerto,501,64.44
1950,22035,Arén,1534,119.32
1950,22036,Argavieso,304,9
1950,22037,Arguis,362,62.75
1950,22039,Ayerbe,2506,63.89
1950,22040,Azanuy-Alins,770,51.17
1950,22041,Azara,371,14.49
1950,22042,Azlor,398,15.89
1950,22043,Baélls,535,39.82
1950,22044,Bailo,1200,164.43
1950,22045,Baldellou,402,30.42
1950,22046,Ballobar,1665,127.73
1950,22047,Banastás,70,4.66
1950,22048,Barbastro,8341,107
1950,22049,Barbués,245,19.59
1950,22050,Barbuñales,324,18.75
1950,22051,Bárcabo,643,87.92
1950,22052,Belver de Cinca,1954,82.63
1950,22053,Benabarre,2120,157.14
1950,22054,Benasque,786,233
1950,22055,Berbegal,907,49.03
1950,22057,Bielsa,919,202.41
1950,22058,Bierge,1133,145.03
1950,22059,Biescas,2616,189.09
1950,22060,Binaced,2300,78.49
1950,22061,Binéfar,4571,25
1950,22062,Bisaurri,625,63.19
1950,22063,Biscarrués,727,30.18
1950,22064,Blecua y Torres,646,36
1950,22066,Boltaña,1566,139.45
1950,22067,Bonansa,333,37.29
1950,22068,Borau,224,41.72
1950,22069,Broto,1429,128
1950,22072,Caldearenas,1008,192.31
1950,22074,Campo,783,22.86
1950,22075,Camporrélls,567,26.71
1950,22076,Canal de Berdún,1446,133.27
1950,22077,Candasnos,1052,122.45
1950,22078,Canfranc,1054,71.56
1950,22079,Capdesaso,409,17
1950,22080,Capella,779,60.71
1950,22081,Casbas de Huesca,1379,132.69
1950,22082,Castejón del Puente,335,25.43
1950,22083,Castejón de Monegros,1448,165.42
1950,22084,Castejón de Sos,661,31.59
1950,22085,Castelflorite,210,34.76
1950,22086,Castiello de Jaca,438,17.31
1950,22087,Castigaleu,272,26.53
1950,22088,Castillazuelo,542,15.32
1950,22089,Castillonroy,740,37.58
1950,22090,Colungo,424,40.64
1950,22094,Chalamera,334,11
1950,22095,Chía,251,26
1950,22096,Chimillas,234,10.04
1950,22099,Esplús,1096,73
1950,22102,Estada,441,15.87
1950,22103,Estadilla,1478,50.39
1950,22105,Estopiñán del Castillo,833,88.71
1950,22106,Fago,221,28.76
1950,22107,Fanlo,626,187
1950,22109,Fiscal,1787,170.06
1950,22110,Fonz,2014,51.86
1950,22111,Foradada del Toscar,617,106.25
1950,22112,Fraga,7750,437.64
1950,22113,La Fueva,2565,218.85
1950,22114,Gistaín,381,75
1950,22115,El Grado,1063,63.77
1950,22116,Grañén,1670,123.98
1950,22117,Graus,5151,299.79
1950,22119,Gurrea de Gállego,2266,191.97
1950,22122,Hoz de Jaca,136,12.45
1950,22124,Huerto,807,86.72
1950,22125,Huesca,21066,161.04
1950,22126,Ibieca,300,14.94
1950,22127,Igriés,336,19.17
1950,22128,Ilche,627,63.72
1950,22129,Isábena,1070,118.53
1950,22130,Jaca,10603,406.34
1950,22131,Jasa,245,8
1950,22133,Labuerda,338,17.85
1950,22135,Laluenga,597,36.47
1950,22136,Lalueza,1082,88.19
1950,22137,Lanaja,1980,183
1950,22139,Laperdiguera,270,11.32
1950,22141,Lascellas-Ponzano,564,27.33
1950,22142,Lascuarre,452,31.87
1950,22143,Laspaúles,793,81.75
1950,22144,Laspuña,535,45.29
1950,22149,Loarre,1026,74.42
1950,22150,Loporzano,1818,169.28
1950,22151,Loscorrales,429,40.25
1950,22155,Monesma y Cajigar,424,62
1950,22156,Monflorite-Lascasas,447,29.16
1950,22157,Montanuy,1090,174
1950,22158,Monzón,6362,155.02
1950,22160,Naval,846,47.32
1950,22162,Novales,408,20.08
1950,22163,Nueno,817,147.24
1950,22164,Olvena,229,15.89
1950,22165,Ontiñena,1427,136.96
1950,22167,Osso de Cinca,895,27.66
1950,22168,Palo,245,14.41
1950,22170,Panticosa,763,95
1950,22172,Peñalba,1062,156
1950,22173,Las Peñas de Riglos,1816,217.87
1950,22174,Peralta de Alcofea,1553,116.14
1950,22175,Peralta de Calasanz,1638,114.88
1950,22176,Peraltilla,305,16
1950,22177,Perarrúa,603,30.05
1950,22178,Pertusa,380,29.37
1950,22181,Piracés,245,25.15
1950,22182,Plan,740,92.53
1950,22184,Poleñino,490,33.02
1950,22186,Pozán de Vero,637,14.75
1950,22187,La Puebla de Castro,547,29.42
1950,22188,Puente de Montañana,585,48.56
1950,22189,Puértolas,835,99.86
1950,22190,El Pueyo de Araguás,458,61.84
1950,22193,Pueyo de Santa Cruz,522,9.29
1950,22195,Quicena,251,9.67
1950,22197,Robres,981,64
1950,22199,Sabiñánigo,5606,586.82
1950,22200,Sahún,474,73.36
1950,22201,Salas Altas,794,20.74
1950,22202,Salas Bajas,393,12.93
1950,22203,Salillas,364,28.33
1950,22204,Sallent de Gállego,1424,162.14
1950,22205,San Esteban de Litera,1566,71
1950,22206,Sangarrén,508,32.22
1950,22207,San Juan de Plan,260,55.53
1950,22208,Santa Cilia,513,28.08
1950,22209,Santa Cruz de la Serós,317,26.97
1950,22212,Santaliestra y San Quílez,392,23.34
1950,22213,Sariñena,3787,275.57
1950,22214,Secastilla,593,47.42
1950,22215,Seira,447,69
1950,22217,Sena,1052,104.69
1950,22218,Senés de Alcubierre,154,20.53
1950,22220,Sesa,698,30.84
1950,22221,Sesué,181,5.35
1950,22222,Siétamo,979,48.98
1950,22223,Sopeira,558,44.09
1950,22225,Tamarite de Litera,4594,110.58
1950,22226,Tardienta,1792,90.65
1950,22227,Tella-Sin,738,90.33
1950,22228,Tierz,271,6.54
1950,22229,Tolva,668,58.97
1950,22230,Torla-Ordesa,814,185.21
1950,22232,Torralba de Aragón,334,40.39
1950,22233,Torre la Ribera,412,32.06
1950,22234,Torrente de Cinca,1454,56.77
1950,22235,Torres de Alcanadre,332,17.64
1950,22236,Torres de Barbués,200,13.94
1950,22239,Tramaced,175,15.42
1950,22242,Valfarta,214,33
1950,22243,Valle de Bardají,184,45.48
1950,22244,Valle de Lierp,197,32.76
1950,22245,Velilla de Cinca,852,16.54
1950,22246,Beranuy,579,63.75
1950,22247,Viacamp y Litera,573,107.74
1950,22248,Vicién,287,13.76
1950,22249,Villanova,127,7.05
1950,22250,Villanúa,551,58.19
1950,22251,Villanueva de Sigena,730,146.47
1950,22252,Yebra de Basa,670,90.88
1950,22253,Yésero,201,30.23
1950,22254,Zaidín,2072,92.55
1950,22901,Valle de Hecho,1929,234.43
1950,22902,Puente la Reina de Jaca,664,48.13
1950,22903,San Miguel del Cinca,1542,106.49
1950,22904,La Sotonera,3024,165.54
1950,22905,Lupiñén-Ortilla,1176,110.07
1950,22906,Santa María de Dulcis,546,27
1950,22907,Aínsa-Sobrarbe,3024,284.77
1950,22908,Hoz y Costean,867,57.48
1950,22909,Vencillón,147,10.37
1960,22001,Abiego,614,38.19
1960,22002,Abizanda,305,44.84
1960,22003,Adahuesca,332,52.47
1960,22004,Agüero,504,94.16
1960,22006,Aisa,385,80.97
1960,22007,Albalate de Cinca,1388,44.23
1960,22008,Albalatillo,453,9.15
1960,22009,Albelda,1432,51.92
1960,22011,Albero Alto,185,19.28
1960,22012,Albero Bajo,212,22.22
1960,22013,Alberuela de Tubo,267,20.79
1960,22014,Alcalá de Gurrea,1125,71.42
1960,22015,Alcalá del Obispo,914,47.85
1960,22016,Alcampell,1709,58
1960,22017,Alcolea de Cinca,1552,83.24
1960,22018,Alcubierre,1003,115.31
1960,22019,Alerre,144,8.94
1960,22020,Alfántega,208,8.76
1960,22021,Almudévar,3373,201.49
1960,22022,Almunia de San Juan,1157,35.66
1960,22023,Almuniente,960,37.56
1960,22024,Alquézar,609,32.36
1960,22025,Altorricón,1730,32.41
1960,22027,Angüés,1068,56.51
1960,22028,Ansó,835,223.08
1960,22029,Antillón,298,22.41
1960,22032,Aragüés del Puerto,309,64.44
1960,22035,Arén,1314,119.32
1960,22036,Argavieso,237,9
1960,22037,Arguis,245,62.75
1960,22039,Ayerbe,2256,63.89
1960,22040,Azanuy-Alins,612,51.17
1960,22041,Azara,365,14.49
1960,22042,Azlor,352,15.89
1960,22043,Baélls,444,39.82
1960,22044,Bailo,966,164.43
1960,22045,Baldellou,330,30.42
1960,22046,Ballobar,1530,127.73
1960,22047,Banastás,152,4.66
1960,22048,Barbastro,10227,107
1960,22049,Barbués,239,19.59
1960,22050,Barbuñales,257,18.75
1960,22051,Bárcabo,498,87.92
1960,22052,Belver de Cinca,1991,82.63
1960,22053,Benabarre,1857,157.14
1960,22054,Benasque,941,233
1960,22055,Berbegal,773,49.03
1960,22057,Bielsa,748,202.41
1960,22058,Bierge,883,145.03
1960,22059,Biescas,2180,189.09
1960,22060,Binaced,2223,78.49
1960,22061,Binéfar,5594,25
1960,22062,Bisaurri,561,63.19
1960,22063,Biscarrués,581,30.18
1960,22064,Blecua y Torres,539,36
1960,22066,Boltaña,1381,139.45
1960,22067,Bonansa,276,37.29
1960,22068,Borau,190,41.72
1960,22069,Broto,1083,128
1960,22072,Caldearenas,866,192.31
1960,22074,Campo,715,22.86
1960,22075,Camporrélls,808,26.71
1960,22076,Canal de Berdún,1077,133.27
1960,22077,Candasnos,890,122.45
1960,22078,Canfranc,1105,71.56
1960,22079,Capdesaso,340,17
1960,22080,Capella,689,60.71
1960,22081,Casbas de Huesca,1124,132.69
1960,22082,Castejón del Puente,396,25.43
1960,22083,Castejón de Monegros,1487,165.42
1960,22084,Castejón de Sos,605,31.59
1960,22085,Castelflorite,191,34.76
1960,22086,Castiello de Jaca,405,17.31
1960,22087,Castigaleu,228,26.53
1960,22088,Castillazuelo,448,15.32
1960,22089,Castillonroy,693,37.58
1960,22090,Colungo,375,40.64
1960,22094,Chalamera,280,11
1960,22095,Chía,212,26
1960,22096,Chimillas,229,10.04
1960,22099,Esplús,1115,73
1960,22102,Estada,433,15.87
1960,22103,Estadilla,1403,50.39
1960,22105,Estopiñán del Castillo,1222,88.71
1960,22106,Fago,186,28.76
1960,22107,Fanlo,543,187
1960,22109,Fiscal,1527,170.06
1960,22110,Fonz,1888,51.86
1960,22111,Foradada del Toscar,513,106.25
1960,22112,Fraga,8791,437.64
1960,22113,La Fueva,1956,218.85
1960,22114,Gistaín,360,75
1960,22115,El Grado,1367,63.77
1960,22116,Grañén,2622,123.98
1960,22117,Graus,4747,299.79
1960,22119,Gurrea de Gállego,2579,191.97
1960,22122,Hoz de Jaca,113,12.45
1960,22124,Huerto,691,86.72
1960,22125,Huesca,23601,161.04
1960,22126,Ibieca,260,14.94
1960,22127,Igriés,274,19.17
1960,22128,Ilche,476,63.72
1960,22129,Isábena,831,118.53
1960,22130,Jaca,10265,406.34
1960,22131,Jasa,220,8
1960,22133,Labuerda,309,17.85
1960,22135,Laluenga,501,36.47
1960,22136,Lalueza,1217,88.19
1960,22137,Lanaja,2159,183
1960,22139,Laperdiguera,214,11.32
1960,22141,Lascellas-Ponzano,483,27.33
1960,22142,Lascuarre,351,31.87
1960,22143,Laspaúles,683,81.75
1960,22144,Laspuña,515,45.29
1960,22149,Loarre,984,74.42
1960,22150,Loporzano,1347,169.28
1960,22151,Loscorrales,373,40.25
1960,22155,Monesma y Cajigar,303,62
1960,22156,Monflorite-Lascasas,384,29.16
1960,22157,Montanuy,972,174
1960,22158,Monzón,9825,155.02
1960,22160,Naval,761,47.32
1960,22162,Novales,302,20.08
1960,22163,Nueno,642,147.24
1960,22164,Olvena,225,15.89
1960,22165,Ontiñena,1174,136.96
1960,22167,Osso de Cinca,880,27.66
1960,22168,Palo,171,14.41
1960,22170,Panticosa,712,95
1960,22172,Peñalba,893,156
1960,22173,Las Peñas de Riglos,1467,217.87
1960,22174,Peralta de Alcofea,1305,116.14
1960,22175,Peralta de Calasanz,1297,114.88
1960,22176,Peraltilla,266,16
1960,22177,Perarrúa,428,30.05
1960,22178,Pertusa,328,29.37
1960,22181,Piracés,208,25.15
1960,22182,Plan,640,92.53
1960,22184,Poleñino,484,33.02
1960,22186,Pozán de Vero,460,14.75
1960,22187,La Puebla de Castro,599,29.42
1960,22188,Puente de Montañana,579,48.56
1960,22189,Puértolas,741,99.86
1960,22190,El Pueyo de Araguás,378,61.84
1960,22193,Pueyo de Santa Cruz,563,9.29
1960,22195,Quicena,238,9.67
1960,22197,Robres,1008,64
1960,22199,Sabiñánigo,7793,586.82
1960,22200,Sahún,546,73.36
1960,22201,Salas Altas,659,20.74
1960,22202,Salas Bajas,325,12.93
1960,22203,Salillas,257,28.33
1960,22204,Sallent de Gállego,1063,162.14
1960,22205,San Esteban de Litera,1301,71
1960,22206,Sangarrén,474,32.22
1960,22207,San Juan de Plan,236,55.53
1960,22208,Santa Cilia,421,28.08
1960,22209,Santa Cruz de la Serós,252,26.97
1960,22212,Santaliestra y San Quílez,274,23.34
1960,22213,Sariñena,3993,275.57
1960,22214,Secastilla,497,47.42
1960,22215,Seira,402,69
1960,22217,Sena,1033,104.69
1960,22218,Senés de Alcubierre,138,20.53
1960,22220,Sesa,492,30.84
1960,22221,Sesué,142,5.35
1960,22222,Siétamo,783,48.98
1960,22223,Sopeira,470,44.09
1960,22225,Tamarite de Litera,4787,110.58
1960,22226,Tardienta,1829,90.65
1960,22227,Tella-Sin,617,90.33
1960,22228,Tierz,250,6.54
1960,22229,Tolva,617,58.97
1960,22230,Torla-Ordesa,612,185.21
1960,22232,Torralba de Aragón,394,40.39
1960,22233,Torre la Ribera,397,32.06
1960,22234,Torrente de Cinca,1793,56.77
1960,22235,Torres de Alcanadre,276,17.64
1960,22236,Torres de Barbués,189,13.94
1960,22239,Tramaced,203,15.42
1960,22242,Valfarta,152,33
1960,22243,Valle de Bardají,131,45.48
1960,22244,Valle de Lierp,173,32.76
1960,22245,Velilla de Cinca,788,16.54
1960,22246,Beranuy,462,63.75
1960,22247,Viacamp y Litera,274,107.74
1960,22248,Vicién,283,13.76
1960,22249,Villanova,190,7.05
1960,22250,Villanúa,446,58.19
1960,22251,Villanueva de Sigena,679,146.47
1960,22252,Yebra de Basa,490,90.88
1960,22253,Yésero,194,30.23
1960,22254,Zaidín,2132,92.55
1960,22901,Valle de Hecho,1761,234.43
1960,22902,Puente la Reina de Jaca,518,48.13
1960,22903,San Miguel del Cinca,1298,106.49
1960,22904,La Sotonera,2418,165.54
1960,22905,Lupiñén-Ortilla,916,110.07
1960,22906,Santa María de Dulcis,446,27
1960,22907,Aínsa-Sobrarbe,2502,284.77
1960,22908,Hoz y Costean,747,57.48
1960,22909,Vencillón,88,10.37
1970,22001,Abiego,465,38.19
1970,22002,Abizanda,195,44.84
1970,22003,Adahuesca,258,52.47
1970,22004,Agüero,303,94.16
1970,22006,Aisa,263,80.97
1970,22007,Albalate de Cinca,1262,44.23
1970,22008,Albalatillo,362,9.15
1970,22009,Albelda,1271,51.92
1970,22011,Albero Alto,170,19.28
1970,22012,Albero Bajo,180,22.22
1970,22013,Alberuela de Tubo,535,20.79
1970,22014,Alcalá de Gurrea,764,71.42
1970,22015,Alcalá del Obispo,577,47.85
1970,22016,Alcampell,1524,58
1970,22017,Alcolea de Cinca,1591,83.24
1970,22018,Alcubierre,788,115.31
1970,22019,Alerre,115,8.94
1970,22020,Alfántega,163,8.76
1970,22021,Almudévar,3049,201.49
1970,22022,Almunia de San Juan,994,35.66
1970,22023,Almuniente,799,37.56
1970,22024,Alquézar,402,32.36
1970,22025,Altorricón,1699,32.41
1970,22027,Angüés,825,56.51
1970,22028,Ansó,707,223.08
1970,22029,Antillón,224,22.41
1970,22032,Aragüés del Puerto,217,64.44
1970,22035,Arén,1209,119.32
1970,22036,Argavieso,174,9
1970,22037,Arguis,89,62.75
1970,22039,Ayerbe,1893,63.89
1970,22040,Azanuy-Alins,426,51.17
1970,22041,Azara,312,14.49
1970,22042,Azlor,291,15.89
1970,22043,Baélls,315,39.82
1970,22044,Bailo,571,164.43
1970,22045,Baldellou,277,30.42
1970,22046,Ballobar,1365,127.73
1970,22047,Banastás,120,4.66
1970,22048,Barbastro,12959,107
1970,22049,Barbués,192,19.59
1970,22050,Barbuñales,171,18.75
1970,22051,Bárcabo,291,87.92
1970,22052,Belver de Cinca,1896,82.63
1970,22053,Benabarre,1542,157.14
1970,22054,Benasque,738,233
1970,22055,Berbegal,709,49.03
1970,22057,Bielsa,654,202.41
1970,22058,Bierge,433,145.03
1970,22059,Biescas,1609,189.09
1970,22060,Binaced,1937,78.49
1970,22061,Binéfar,6925,25
1970,22062,Bisaurri,427,63.19
1970,22063,Biscarrués,376,30.18
1970,22064,Blecua y Torres,391,36
1970,22066,Boltaña,992,139.45
1970,22067,Bonansa,118,37.29
1970,22068,Borau,122,41.72
1970,22069,Broto,679,128
1970,22072,Caldearenas,494,192.31
1970,22074,Campo,524,22.86
1970,22075,Camporrélls,500,26.71
1970,22076,Canal de Berdún,745,133.27
1970,22077,Candasnos,830,122.45
1970,22078,Canfranc,1027,71.56
1970,22079,Capdesaso,274,17
1970,22080,Capella,563,60.71
1970,22081,Casbas de Huesca,674,132.69
1970,22082,Castejón del Puente,444,25.43
1970,22083,Castejón de Monegros,1016,165.42
1970,22084,Castejón de Sos,459,31.59
1970,22085,Castelflorite,175,34.76
1970,22086,Castiello de Jaca,262,17.31
1970,22087,Castigaleu,150,26.53
1970,22088,Castillazuelo,434,15.32
1970,22089,Castillonroy,584,37.58
1970,22090,Colungo,275,40.64
1970,22094,Chalamera,252,11
1970,22095,Chía,188,26
1970,22096,Chimillas,178,10.04
1970,22099,Esplús,1071,73
1970,22102,Estada,328,15.87
1970,22103,Estadilla,1160,50.39
1970,22105,Estopiñán del Castillo,476,88.71
1970,22106,Fago,107,28.76
1970,22107,Fanlo,157,187
1970,22109,Fiscal,489,170.06
1970,22110,Fonz,1705,51.86
1970,22111,Foradada del Toscar,364,106.25
1970,22112,Fraga,10134,437.64
1970,22113,La Fueva,1095,218.85
1970,22114,Gistaín,291,75
1970,22115,El Grado,821,63.77
1970,22116,Grañén,2649,123.98
1970,22117,Graus,3910,299.79
1970,22119,Gurrea de Gállego,2292,191.97
1970,22122,Hoz de Jaca,105,12.45
1970,22124,Huerto,505,86.72
1970,22125,Huesca,32119,161.04
1970,22126,Ibieca,168,14.94
1970,22127,Igriés,190,19.17
1970,22128,Ilche,421,63.72
1970,22129,Isábena,507,118.53
1970,22130,Jaca,10051,406.34
1970,22131,Jasa,144,8
1970,22133,Labuerda,282,17.85
1970,22135,Laluenga,396,36.47
1970,22136,Lalueza,1655,88.19
1970,22137,Lanaja,2213,183
1970,22139,Laperdiguera,126,11.32
1970,22141,Lascellas-Ponzano,301,27.33
1970,22142,Lascuarre,242,31.87
1970,22143,Laspaúles,505,81.75
1970,22144,Laspuña,392,45.29
1970,22149,Loarre,625,74.42
1970,22150,Loporzano,776,169.28
1970,22151,Loscorrales,181,40.25
1970,22155,Monesma y Cajigar,183,62
1970,22156,Monflorite-Lascasas,313,29.16
1970,22157,Montanuy,603,174
1970,22158,Monzón,14670,155.02
1970,22160,Naval,387,47.32
1970,22162,Novales,281,20.08
1970,22163,Nueno,350,147.24
1970,22164,Olvena,96,15.89
1970,22165,Ontiñena,926,136.96
1970,22167,Osso de Cinca,835,27.66
1970,22168,Palo,58,14.41
1970,22170,Panticosa,537,95
1970,22172,Peñalba,841,156
1970,22173,Las Peñas de Riglos,698,217.87
1970,22174,Peralta de Alcofea,1040,116.14
1970,22175,Peralta de Calasanz,1090,114.88
1970,22176,Peraltilla,248,16
1970,22177,Perarrúa,240,30.05
1970,22178,Pertusa,204,29.37
1970,22181,Piracés,158,25.15
1970,22182,Plan,548,92.53
1970,22184,Poleñino,374,33.02
1970,22186,Pozán de Vero,391,14.75
1970,22187,La Puebla de Castro,442,29.42
1970,22188,Puente de Montañana,270,48.56
1970,22189,Puértolas,323,99.86
1970,22190,El Pueyo de Araguás,257,61.84
1970,22193,Pueyo de Santa Cruz,545,9.29
1970,22195,Quicena,174,9.67
1970,22197,Robres,1007,64
1970,22199,Sabiñánigo,8367,586.82
1970,22200,Sahún,379,73.36
1970,22201,Salas Altas,586,20.74
1970,22202,Salas Bajas,294,12.93
1970,22203,Salillas,202,28.33
1970,22204,Sallent de Gállego,1212,162.14
1970,22205,San Esteban de Litera,951,71
1970,22206,Sangarrén,429,32.22
1970,22207,San Juan de Plan,205,55.53
1970,22208,Santa Cilia,307,28.08
1970,22209,Santa Cruz de la Serós,164,26.97
1970,22212,Santaliestra y San Quílez,141,23.34
1970,22213,Sariñena,4209,275.57
1970,22214,Secastilla,345,47.42
1970,22215,Seira,309,69
1970,22217,Sena,894,104.69
1970,22218,Senés de Alcubierre,105,20.53
1970,22220,Sesa,403,30.84
1970,22221,Sesué,114,5.35
1970,22222,Siétamo,549,48.98
1970,22223,Sopeira,415,44.09
1970,22225,Tamarite de Litera,4742,110.58
1970,22226,Tardienta,1504,90.65
1970,22227,Tella-Sin,451,90.33
1970,22228,Tierz,270,6.54
1970,22229,Tolva,417,58.97
1970,22230,Torla-Ordesa,444,185.21
1970,22232,Torralba de Aragón,240,40.39
1970,22233,Torre la Ribera,221,32.06
1970,22234,Torrente de Cinca,1524,56.77
1970,22235,Torres de Alcanadre,208,17.64
1970,22236,Torres de Barbués,544,13.94
1970,22239,Tramaced,189,15.42
1970,22242,Valfarta,151,33
1970,22243,Valle de Bardají,101,45.48
1970,22244,Valle de Lierp,99,32.76
1970,22245,Velilla de Cinca,679,16.54
1970,22246,Beranuy,248,63.75
1970,22247,Viacamp y Litera,85,107.74
1970,22248,Vicién,194,13.76
1970,22249,Villanova,131,7.05
1970,22250,Villanúa,323,58.19
1970,22251,Villanueva de Sigena,613,146.47
1970,22252,Yebra de Basa,222,90.88
1970,22253,Yésero,141,30.23
1970,22254,Zaidín,2008,92.55
1970,22901,Valle de Hecho,1369,234.43
1970,22902,Puente la Reina de Jaca,372,48.13
1970,22903,San Miguel del Cinca,1122,106.49
1970,22904,La Sotonera,1874,165.54
1970,22905,Lupiñén-Ortilla,674,110.07
1970,22906,Santa María de Dulcis,350,27
1970,22907,Aínsa-Sobrarbe,1722,284.77
1970,22908,Hoz y Costean,498,57.48
1970,22909,Vencillón,456,10.37
1981,22001,Abiego,357,38.19
1981,22002,Abizanda,134,44.84
1981,22003,Adahuesca,183,52.47
1981,22004,Agüero,238,94.16
1981,22006,Aisa,273,80.97
1981,22007,Albalate de Cinca,1238,44.23
1981,22008,Albalatillo,308,9.15
1981,22009,Albelda,1160,51.92
1981,22011,Albero Alto,131,19.28
1981,22012,Albero Bajo,163,22.22
1981,22013,Alberuela de Tubo,465,20.79
1981,22014,Alcalá de Gurrea,523,71.42
1981,22015,Alcalá del Obispo,446,47.85
1981,22016,Alcampell,1269,58
1981,22017,Alcolea de Cinca,1317,83.24
1981,22018,Alcubierre,676,115.31
1981,22019,Alerre,128,8.94
1981,22020,Alfántega,143,8.76
1981,22021,Almudévar,2683,201.49
1981,22022,Almunia de San Juan,809,35.66
1981,22023,Almuniente,703,37.56
1981,22024,Alquézar,306,32.36
1981,22025,Altorricón,1653,32.41
1981,22027,Angüés,678,56.51
1981,22028,Ansó,548,223.08
1981,22029,Antillón,191,22.41
1981,22032,Aragüés del Puerto,168,64.44
1981,22035,Arén,504,119.32
1981,22036,Argavieso,134,9
1981,22037,Arguis,52,62.75
1981,22039,Ayerbe,1484,63.89
1981,22040,Azanuy-Alins,308,51.17
1981,22041,Azara,269,14.49
1981,22042,Azlor,229,15.89
1981,22043,Baélls,226,39.82
1981,22044,Bailo,404,164.43
1981,22045,Baldellou,206,30.42
1981,22046,Ballobar,1253,127.73
1981,22047,Banastás,84,4.66
1981,22048,Barbastro,14536,107
1981,22049,Barbués,140,19.59
1981,22050,Barbuñales,121,18.75
1981,22051,Bárcabo,110,87.92
1981,22052,Belver de Cinca,1687,82.63
1981,22053,Benabarre,1364,157.14
1981,22054,Benasque,765,233
1981,22055,Berbegal,586,49.03
1981,22057,Bielsa,475,202.41
1981,22058,Bierge,257,145.03
1981,22059,Biescas,1293,189.09
1981,22060,Binaced,1734,78.49
1981,22061,Binéfar,7783,25
1981,22062,Bisaurri,300,63.19
1981,22063,Biscarrués,290,30.18
1981,22064,Blecua y Torres,240,36
1981,22066,Boltaña,919,139.45
1981,22067,Bonansa,66,37.29
1981,22068,Borau,84,41.72
1981,22069,Broto,509,128
1981,22072,Caldearenas,339,192.31
1981,22074,Campo,434,22.86
1981,22075,Camporrélls,374,26.71
1981,22076,Canal de Berdún,550,133.27
1981,22077,Candasnos,743,122.45
1981,22078,Canfranc,608,71.56
1981,22079,Capdesaso,225,17
1981,22080,Capella,534,60.71
1981,22081,Casbas de Huesca,406,132.69
1981,22082,Castejón del Puente,457,25.43
1981,22083,Castejón de Monegros,907,165.42
1981,22084,Castejón de Sos,443,31.59
1981,22085,Castelflorite,194,34.76
1981,22086,Castiello de Jaca,168,17.31
1981,22087,Castigaleu,111,26.53
1981,22088,Castillazuelo,305,15.32
1981,22089,Castillonroy,465,37.58
1981,22090,Colungo,179,40.64
1981,22094,Chalamera,201,11
1981,22095,Chía,150,26
1981,22096,Chimillas,166,10.04
1981,22099,Esplús,1079,73
1981,22102,Estada,254,15.87
1981,22103,Estadilla,1126,50.39
1981,22105,Estopiñán del Castillo,219,88.71
1981,22106,Fago,53,28.76
1981,22107,Fanlo,62,187
1981,22109,Fiscal,346,170.06
1981,22110,Fonz,1394,51.86
1981,22111,Foradada del Toscar,304,106.25
1981,22112,Fraga,11186,437.64
1981,22113,La Fueva,830,218.85
1981,22114,Gistaín,244,75
1981,22115,El Grado,670,63.77
1981,22116,Grañén,2482,123.98
1981,22117,Graus,3546,299.79
1981,22119,Gurrea de Gállego,2181,191.97
1981,22122,Hoz de Jaca,94,12.45
1981,22124,Huerto,390,86.72
1981,22125,Huesca,41455,161.04
1981,22126,Ibieca,136,14.94
1981,22127,Igriés,159,19.17
1981,22128,Ilche,332,63.72
1981,22129,Isábena,347,118.53
1981,22130,Jaca,11076,406.34
1981,22131,Jasa,125,8
1981,22133,Labuerda,183,17.85
1981,22135,Laluenga,330,36.47
1981,22136,Lalueza,1558,88.19
1981,22137,Lanaja,1963,183
1981,22139,Laperdiguera,121,11.32
1981,22141,Lascellas-Ponzano,219,27.33
1981,22142,Lascuarre,200,31.87
1981,22143,Laspaúles,353,81.75
1981,22144,Laspuña,315,45.29
1981,22149,Loarre,450,74.42
1981,22150,Loporzano,488,169.28
1981,22151,Loscorrales,158,40.25
1981,22155,Monesma y Cajigar,130,62
1981,22156,Monflorite-Lascasas,211,29.16
1981,22157,Montanuy,422,174
1981,22158,Monzón,14861,155.02
1981,22160,Naval,303,47.32
1981,22162,Novales,250,20.08
1981,22163,Nueno,238,147.24
1981,22164,Olvena,63,15.89
1981,22165,Ontiñena,746,136.96
1981,22167,Osso de Cinca,798,27.66
1981,22168,Palo,51,14.41
1981,22170,Panticosa,509,95
1981,22172,Peñalba,814,156
1981,22173,Las Peñas de Riglos,392,217.87
1981,22174,Peralta de Alcofea,868,116.14
1981,22175,Peralta de Calasanz,592,114.88
1981,22176,Peraltilla,203,16
1981,22177,Perarrúa,192,30.05
1981,22178,Pertusa,160,29.37
1981,22181,Piracés,116,25.15
1981,22182,Plan,325,92.53
1981,22184,Poleñino,327,33.02
1981,22186,Pozán de Vero,311,14.75
1981,22187,La Puebla de Castro,348,29.42
1981,22188,Puente de Montañana,166,48.56
1981,22189,Puértolas,205,99.86
1981,22190,El Pueyo de Araguás,178,61.84
1981,22193,Pueyo de Santa Cruz,438,9.29
1981,22195,Quicena,132,9.67
1981,22197,Robres,805,64
1981,22199,Sabiñánigo,9097,586.82
1981,22200,Sahún,336,73.36
1981,22201,Salas Altas,494,20.74
1981,22202,Salas Bajas,255,12.93
1981,22203,Salillas,172,28.33
1981,22204,Sallent de Gállego,924,162.14
1981,22205,San Esteban de Litera,835,71
1981,22206,Sangarrén,337,32.22
1981,22207,San Juan de Plan,177,55.53
1981,22208,Santa Cilia,214,28.08
1981,22209,Santa Cruz de la Serós,144,26.97
1981,22212,Santaliestra y San Quílez,117,23.34
1981,22213,Sariñena,4338,275.57
1981,22214,Secastilla,240,47.42
1981,22215,Seira,255,69
1981,22217,Sena,764,104.69
1981,22218,Senés de Alcubierre,80,20.53
1981,22220,Sesa,341,30.84
1981,22221,Sesué,77,5.35
1981,22222,Siétamo,384,48.98
1981,22223,Sopeira,151,44.09
1981,22225,Tamarite de Litera,4269,110.58
1981,22226,Tardienta,1372,90.65
1981,22227,Tella-Sin,422,90.33
1981,22228,Tierz,219,6.54
1981,22229,Tolva,299,58.97
1981,22230,Torla-Ordesa,369,185.21
1981,22232,Torralba de Aragón,184,40.39
1981,22233,Torre la Ribera,118,32.06
1981,22234,Torrente de Cinca,1261,56.77
1981,22235,Torres de Alcanadre,149,17.64
1981,22236,Torres de Barbués,492,13.94
1981,22239,Tramaced,161,15.42
1981,22242,Valfarta,124,33
1981,22243,Valle de Bardají,76,45.48
1981,22244,Valle de Lierp,73,32.76
1981,22245,Velilla de Cinca,583,16.54
1981,22246,Beranuy,141,63.75
1981,22247,Viacamp y Litera,51,107.74
1981,22248,Vicién,143,13.76
1981,22249,Villanova,121,7.05
1981,22250,Villanúa,265,58.19
1981,22251,Villanueva de Sigena,549,146.47
1981,22252,Yebra de Basa,184,90.88
1981,22253,Yésero,61,30.23
1981,22254,Zaidín,1857,92.55
1981,22901,Valle de Hecho,1143,234.43
1981,22902,Puente la Reina de Jaca,320,48.13
1981,22903,San Miguel del Cinca,1013,106.49
1981,22904,La Sotonera,1470,165.54
1981,22905,Lupiñén-Ortilla,452,110.07
1981,22906,Santa María de Dulcis,269,27
1981,22907,Aínsa-Sobrarbe,1237,284.77
1981,22908,Hoz y Costean,342,57.48
1981,22909,Vencillón,542,10.37
1991,22001,Abiego,320,38.19
1991,22002,Abizanda,129,44.84
1991,22003,Adahuesca,174,52.47
1991,22004,Agüero,168,94.16
1991,22006,Aisa,321,80.97
1991,22007,Albalate de Cinca,1149,44.23
1991,22008,Albalatillo,279,9.15
1991,22009,Albelda,1023,51.92
1991,22011,Albero Alto,109,19.28
1991,22012,Albero Bajo,123,22.22
1991,22013,Alberuela de Tubo,439,20.79
1991,22014,Alcalá de Gurrea,404,71.42
1991,22015,Alcalá del Obispo,344,47.85
1991,22016,Alcampell,1075,58
1991,22017,Alcolea de Cinca,1240,83.24
1991,22018,Alcubierre,514,115.31
1991,22019,Alerre,155,8.94
1991,22020,Alfántega,138,8.76
1991,22021,Almudévar,2435,201.49
1991,22022,Almunia de San Juan,778,35.66
1991,22023,Almuniente,674,37.56
1991,22024,Alquézar,263,32.36
1991,22025,Altorricón,1529,32.41
1991,22027,Angüés,521,56.51
1991,22028,Ansó,479,223.08
1991,22029,Antillón,175,22.41
1991,22032,Aragüés del Puerto,123,64.44
1991,22035,Arén,439,119.32
1991,22036,Argavieso,117,9
1991,22037,Arguis,58,62.75
1991,22039,Ayerbe,1209,63.89
1991,22040,Azanuy-Alins,239,51.17
1991,22041,Azara,228,14.49
1991,22042,Azlor,189,15.89
1991,22043,Baélls,171,39.82
1991,22044,Bailo,336,164.43
1991,22045,Baldellou,170,30.42
1991,22046,Ballobar,1148,127.73
1991,22047,Banastás,110,4.66
1991,22048,Barbastro,14778,107
1991,22049,Barbués,130,19.59
1991,22050,Barbuñales,123,18.75
1991,22051,Bárcabo,120,87.92
1991,22052,Belver de Cinca,1527,82.63
1991,22053,Benabarre,1233,157.14
1991,22054,Benasque,1081,233
1991,22055,Berbegal,520,49.03
1991,22057,Bielsa,439,202.41
1991,22058,Bierge,198,145.03
1991,22059,Biescas,1171,189.09
1991,22060,Binaced,1639,78.49
1991,22061,Binéfar,8001,25
1991,22062,Bisaurri,229,63.19
1991,22063,Biscarrués,267,30.18
1991,22064,Blecua y Torres,202,36
1991,22066,Boltaña,851,139.45
1991,22067,Bonansa,70,37.29
1991,22068,Borau,73,41.72
1991,22069,Broto,468,128
1991,22072,Caldearenas,283,192.31
1991,22074,Campo,375,22.86
1991,22075,Camporrélls,269,26.71
1991,22076,Canal de Berdún,459,133.27
1991,22077,Candasnos,634,122.45
1991,22078,Canfranc,486,71.56
1991,22079,Capdesaso,198,17
1991,22080,Capella,456,60.71
1991,22081,Casbas de Huesca,366,132.69
1991,22082,Castejón del Puente,416,25.43
1991,22083,Castejón de Monegros,785,165.42
1991,22084,Castejón de Sos,449,31.59
1991,22085,Castelflorite,170,34.76
1991,22086,Castiello de Jaca,139,17.31
1991,22087,Castigaleu,97,26.53
1991,22088,Castillazuelo,247,15.32
1991,22089,Castillonroy,445,37.58
1991,22090,Colungo,142,40.64
1991,22094,Chalamera,166,11
1991,22095,Chía,127,26
1991,22096,Chimillas,148,10.04
1991,22099,Esplús,912,73
1991,22102,Estada,193,15.87
1991,22103,Estadilla,1003,50.39
1991,22105,Estopiñán del Castillo,184,88.71
1991,22106,Fago,44,28.76
1991,22107,Fanlo,50,187
1991,22109,Fiscal,256,170.06
1991,22110,Fonz,1252,51.86
1991,22111,Foradada del Toscar,272,106.25
1991,22112,Fraga,11491,437.64
1991,22113,La Fueva,659,218.85
1991,22114,Gistaín,210,75
1991,22115,El Grado,590,63.77
1991,22116,Grañén,2162,123.98
1991,22117,Graus,3315,299.79
1991,22119,Gurrea de Gállego,1998,191.97
1991,22122,Hoz de Jaca,86,12.45
1991,22124,Huerto,316,86.72
1991,22125,Huesca,44165,161.04
1991,22126,Ibieca,114,14.94
1991,22127,Igriés,150,19.17
1991,22128,Ilche,323,63.72
1991,22129,Isábena,279,118.53
1991,22130,Jaca,10840,406.34
1991,22131,Jasa,112,8
1991,22133,Labuerda,172,17.85
1991,22135,Laluenga,285,36.47
1991,22136,Lalueza,1389,88.19
1991,22137,Lanaja,1771,183
1991,22139,Laperdiguera,110,11.32
1991,22141,Lascellas-Ponzano,188,27.33
1991,22142,Lascuarre,173,31.87
1991,22143,Laspaúles,318,81.75
1991,22144,Laspuña,291,45.29
1991,22149,Loarre,413,74.42
1991,22150,Loporzano,545,169.28
1991,22151,Loscorrales,132,40.25
1991,22155,Monesma y Cajigar,109,62
1991,22156,Monflorite-Lascasas,185,29.16
1991,22157,Montanuy,327,174
1991,22158,Monzón,14690,155.02
1991,22160,Naval,303,47.32
1991,22162,Novales,195,20.08
1991,22163,Nueno,212,147.24
1991,22164,Olvena,56,15.89
1991,22165,Ontiñena,750,136.96
1991,22167,Osso de Cinca,740,27.66
1991,22168,Palo,33,14.41
1991,22170,Panticosa,589,95
1991,22172,Peñalba,797,156
1991,22173,Las Peñas de Riglos,283,217.87
1991,22174,Peralta de Alcofea,760,116.14
1991,22175,Peralta de Calasanz,349,114.88
1991,22176,Peraltilla,175,16
1991,22177,Perarrúa,157,30.05
1991,22178,Pertusa,159,29.37
1991,22181,Piracés,107,25.15
1991,22182,Plan,301,92.53
1991,22184,Poleñino,261,33.02
1991,22186,Pozán de Vero,268,14.75
1991,22187,La Puebla de Castro,298,29.42
1991,22188,Puente de Montañana,135,48.56
1991,22189,Puértolas,205,99.86
1991,22190,El Pueyo de Araguás,173,61.84
1991,22193,Pueyo de Santa Cruz,397,9.29
1991,22195,Quicena,160,9.67
1991,22197,Robres,715,64
1991,22199,Sabiñánigo,9056,586.82
1991,22200,Sahún,315,73.36
1991,22201,Salas Altas,417,20.74
1991,22202,Salas Bajas,202,12.93
1991,22203,Salillas,126,28.33
1991,22204,Sallent de Gállego,886,162.14
1991,22205,San Esteban de Litera,689,71
1991,22206,Sangarrén,307,32.22
1991,22207,San Juan de Plan,170,55.53
1991,22208,Santa Cilia,158,28.08
1991,22209,Santa Cruz de la Serós,138,26.97
1991,22212,Santaliestra y San Quílez,105,23.34
1991,22213,Sariñena,4227,275.57
1991,22214,Secastilla,190,47.42
1991,22215,Seira,218,69
1991,22217,Sena,671,104.69
1991,22218,Senés de Alcubierre,63,20.53
1991,22220,Sesa,297,30.84
1991,22221,Sesué,75,5.35
1991,22222,Siétamo,335,48.98
1991,22223,Sopeira,144,44.09
1991,22225,Tamarite de Litera,4091,110.58
1991,22226,Tardienta,1211,90.65
1991,22227,Tella-Sin,321,90.33
1991,22228,Tierz,195,6.54
1991,22229,Tolva,257,58.97
1991,22230,Torla-Ordesa,363,185.21
1991,22232,Torralba de Aragón,150,40.39
1991,22233,Torre la Ribera,115,32.06
1991,22234,Torrente de Cinca,1174,56.77
1991,22235,Torres de Alcanadre,141,17.64
1991,22236,Torres de Barbués,428,13.94
1991,22239,Tramaced,131,15.42
1991,22242,Valfarta,116,33
1991,22243,Valle de Bardají,56,45.48
1991,22244,Valle de Lierp,61,32.76
1991,22245,Velilla de Cinca,523,16.54
1991,22246,Beranuy,121,63.75
1991,22247,Viacamp y Litera,41,107.74
1991,22248,Vicién,111,13.76
1991,22249,Villanova,94,7.05
1991,22250,Villanúa,283,58.19
1991,22251,Villanueva de Sigena,500,146.47
1991,22252,Yebra de Basa,173,90.88
1991,22253,Yésero,53,30.23
1991,22254,Zaidín,1756,92.55
1991,22901,Valle de Hecho,1055,234.43
1991,22902,Puente la Reina de Jaca,295,48.13
1991,22903,San Miguel del Cinca,982,106.49
1991,22904,La Sotonera,1262,165.54
1991,22905,Lupiñén-Ortilla,404,110.07
1991,22906,Santa María de Dulcis,225,27
1991,22907,Aínsa-Sobrarbe,1427,284.77
1991,22908,Hoz y Costean,268,57.48
1991,22909,Vencillón,514,10.37
2001,22001,Abiego,289,38.19
2001,22002,Abizanda,133,44.84
2001,22003,Adahuesca,159,52.47
2001,22004,Agüero,171,94.16
2001,22006,Aisa,402,80.97
2001,22007,Albalate de Cinca,1203,44.23
2001,22008,Albalatillo,259,9.15
2001,22009,Albelda,926,51.92
2001,22011,Albero Alto,108,19.28
2001,22012,Albero Bajo,106,22.22
2001,22013,Alberuela de Tubo,364,20.79
2001,22014,Alcalá de Gurrea,315,71.42
2001,22015,Alcalá del Obispo,369,47.85
2001,22016,Alcampell,873,58
2001,22017,Alcolea de Cinca,1250,83.24
2001,22018,Alcubierre,449,115.31
2001,22019,Alerre,205,8.94
2001,22020,Alfántega,115,8.76
2001,22021,Almudévar,2280,201.49
2001,22022,Almunia de San Juan,678,35.66
2001,22023,Almuniente,587,37.56
2001,22024,Alquézar,290,32.36
2001,22025,Altorricón,1457,32.41
2001,22027,Angüés,430,56.51
2001,22028,Ansó,523,223.08
2001,22029,Antillón,160,22.41
2001,22032,Aragüés del Puerto,148,64.44
2001,22035,Arén,366,119.32
2001,22036,Argavieso,123,9
2001,22037,Arguis,67,62.75
2001,22039,Ayerbe,1110,63.89
2001,22040,Azanuy-Alins,177,51.17
2001,22041,Azara,219,14.49
2001,22042,Azlor,164,15.89
2001,22043,Baélls,144,39.82
2001,22044,Bailo,315,164.43
2001,22045,Baldellou,133,30.42
2001,22046,Ballobar,1007,127.73
2001,22047,Banastás,188,4.66
2001,22048,Barbastro,15053,107
2001,22049,Barbués,112,19.59
2001,22050,Barbuñales,114,18.75
2001,22051,Bárcabo,112,87.92
2001,22052,Belver de Cinca,1317,82.63
2001,22053,Benabarre,1120,157.14
2001,22054,Benasque,1489,233
2001,22055,Berbegal,460,49.03
2001,22057,Bielsa,456,202.41
2001,22058,Bierge,224,145.03
2001,22059,Biescas,1244,189.09
2001,22060,Binaced,1645,78.49
2001,22061,Binéfar,8397,25
2001,22062,Bisaurri,224,63.19
2001,22063,Biscarrués,228,30.18
2001,22064,Blecua y Torres,195,36
2001,22066,Boltaña,814,139.45
2001,22067,Bonansa,84,37.29
2001,22068,Borau,74,41.72
2001,22069,Broto,539,128
2001,22072,Caldearenas,250,192.31
2001,22074,Campo,348,22.86
2001,22075,Camporrélls,247,26.71
2001,22076,Canal de Berdún,422,133.27
2001,22077,Candasnos,568,122.45
2001,22078,Canfranc,532,71.56
2001,22079,Capdesaso,170,17
2001,22080,Capella,383,60.71
2001,22081,Casbas de Huesca,302,132.69
2001,22082,Castejón del Puente,418,25.43
2001,22083,Castejón de Monegros,665,165.42
2001,22084,Castejón de Sos,617,31.59
2001,22085,Castelflorite,137,34.76
2001,22086,Castiello de Jaca,188,17.31
2001,22087,Castigaleu,102,26.53
2001,22088,Castillazuelo,220,15.32
2001,22089,Castillonroy,427,37.58
2001,22090,Colungo,133,40.64
2001,22094,Chalamera,156,11
2001,22095,Chía,111,26
2001,22096,Chimillas,227,10.04
2001,22099,Esplús,725,73
2001,22102,Estada,192,15.87
2001,22103,Estadilla,912,50.39
2001,22105,Estopiñán del Castillo,217,88.71
2001,22106,Fago,37,28.76
2001,22107,Fanlo,170,187
2001,22109,Fiscal,254,170.06
2001,22110,Fonz,1097,51.86
2001,22111,Foradada del Toscar,259,106.25
2001,22112,Fraga,12100,437.64
2001,22113,La Fueva,607,218.85
2001,22114,Gistaín,168,75
2001,22115,El Grado,518,63.77
2001,22116,Grañén,1994,123.98
2001,22117,Graus,3136,299.79
2001,22119,Gurrea de Gállego,1772,191.97
2001,22122,Hoz de Jaca,77,12.45
2001,22124,Huerto,257,86.72
2001,22125,Huesca,46243,161.04
2001,22126,Ibieca,111,14.94
2001,22127,Igriés,308,19.17
2001,22128,Ilche,273,63.72
2001,22129,Isábena,273,118.53
2001,22130,Jaca,11398,406.34
2001,22131,Jasa,120,8
2001,22133,Labuerda,174,17.85
2001,22135,Laluenga,257,36.47
2001,22136,Lalueza,1183,88.19
2001,22137,Lanaja,1531,183
2001,22139,Laperdiguera,110,11.32
2001,22141,Lascellas-Ponzano,166,27.33
2001,22142,Lascuarre,159,31.87
2001,22143,Laspaúles,277,81.75
2001,22144,Laspuña,272,45.29
2001,22149,Loarre,400,74.42
2001,22150,Loporzano,488,169.28
2001,22151,Loscorrales,114,40.25
2001,22155,Monesma y Cajigar,98,62
2001,22156,Monflorite-Lascasas,207,29.16
2001,22157,Montanuy,296,174
2001,22158,Monzón,14920,155.02
2001,22160,Naval,314,47.32
2001,22162,Novales,180,20.08
2001,22163,Nueno,353,147.24
2001,22164,Olvena,49,15.89
2001,22165,Ontiñena,650,136.96
2001,22167,Osso de Cinca,732,27.66
2001,22168,Palo,41,14.41
2001,22170,Panticosa,705,95
2001,22172,Peñalba,784,156
2001,22173,Las Peñas de Riglos,268,217.87
2001,22174,Peralta de Alcofea,701,116.14
2001,22175,Peralta de Calasanz,258,114.88
2001,22176,Peraltilla,166,16
2001,22177,Perarrúa,127,30.05
2001,22178,Pertusa,153,29.37
2001,22181,Piracés,103,25.15
2001,22182,Plan,314,92.53
2001,22184,Poleñino,248,33.02
2001,22186,Pozán de Vero,243,14.75
2001,22187,La Puebla de Castro,321,29.42
2001,22188,Puente de Montañana,114,48.56
2001,22189,Puértolas,214,99.86
2001,22190,El Pueyo de Araguás,145,61.84
2001,22193,Pueyo de Santa Cruz,338,9.29
2001,22195,Quicena,147,9.67
2001,22197,Robres,653,64
2001,22199,Sabiñánigo,8578,586.82
2001,22200,Sahún,286,73.36
2001,22201,Salas Altas,385,20.74
2001,22202,Salas Bajas,161,12.93
2001,22203,Salillas,110,28.33
2001,22204,Sallent de Gállego,1080,162.14
2001,22205,San Esteban de Litera,600,71
2001,22206,Sangarrén,250,32.22
2001,22207,San Juan de Plan,160,55.53
2001,22208,Santa Cilia,191,28.08
2001,22209,Santa Cruz de la Serós,152,26.97
2001,22212,Santaliestra y San Quílez,123,23.34
2001,22213,Sariñena,3950,275.57
2001,22214,Secastilla,144,47.42
2001,22215,Seira,202,69
2001,22217,Sena,577,104.69
2001,22218,Senés de Alcubierre,52,20.53
2001,22220,Sesa,258,30.84
2001,22221,Sesué,134,5.35
2001,22222,Siétamo,453,48.98
2001,22223,Sopeira,105,44.09
2001,22225,Tamarite de Litera,3655,110.58
2001,22226,Tardienta,1087,90.65
2001,22227,Tella-Sin,281,90.33
2001,22228,Tierz,180,6.54
2001,22229,Tolva,188,58.97
2001,22230,Torla-Ordesa,347,185.21
2001,22232,Torralba de Aragón,119,40.39
2001,22233,Torre la Ribera,110,32.06
2001,22234,Torrente de Cinca,1103,56.77
2001,22235,Torres de Alcanadre,127,17.64
2001,22236,Torres de Barbués,358,13.94
2001,22239,Tramaced,95,15.42
2001,22242,Valfarta,95,33
2001,22243,Valle de Bardají,49,45.48
2001,22244,Valle de Lierp,51,32.76
2001,22245,Velilla de Cinca,463,16.54
2001,22246,Beranuy,111,63.75
2001,22247,Viacamp y Litera,36,107.74
2001,22248,Vicién,121,13.76
2001,22249,Villanova,132,7.05
2001,22250,Villanúa,340,58.19
2001,22251,Villanueva de Sigena,531,146.47
2001,22252,Yebra de Basa,161,90.88
2001,22253,Yésero,81,30.23
2001,22254,Zaidín,1672,92.55
2001,22901,Valle de Hecho,977,234.43
2001,22902,Puente la Reina de Jaca,262,48.13
2001,22903,San Miguel del Cinca,886,106.49
2001,22904,La Sotonera,1088,165.54
2001,22905,Lupiñén-Ortilla,343,110.07
2001,22906,Santa María de Dulcis,222,27
2001,22907,Aínsa-Sobrarbe,1602,284.77
2001,22908,Hoz y Costean,233,57.48
2001,22909,Vencillón,468,10.37
2011,22001,Abiego,273,38.19
2011,22002,Abizanda,133,44.84
2011,22003,Adahuesca,178,52.47
2011,22004,Agüero,156,94.16
2011,22006,Aisa,371,80.97
2011,22007,Albalate de Cinca,1245,44.23
2011,22008,Albalatillo,221,9.15
2011,22009,Albelda,816,51.92
2011,22011,Albero Alto,128,19.28
2011,22012,Albero Bajo,113,22.22
2011,22013,Alberuela de Tubo,346,20.79
2011,22014,Alcalá de Gurrea,288,71.42
2011,22015,Alcalá del Obispo,370,47.85
2011,22016,Alcampell,747,58
2011,22017,Alcolea de Cinca,1130,83.24
2011,22018,Alcubierre,424,115.31
2011,22019,Alerre,214,8.94
2011,22020,Alfántega,138,8.76
2011,22021,Almudévar,2538,201.49
2011,22022,Almunia de San Juan,664,35.66
2011,22023,Almuniente,558,37.56
2011,22024,Alquézar,293,32.36
2011,22025,Altorricón,1478,32.41
2011,22027,Angüés,415,56.51
2011,22028,Ansó,470,223.08
2011,22029,Antillón,147,22.41
2011,22032,Aragüés del Puerto,129,64.44
2011,22035,Arén,339,119.32
2011,22036,Argavieso,117,9
2011,22037,Arguis,127,62.75
2011,22039,Ayerbe,1114,63.89
2011,22040,Azanuy-Alins,175,51.17
2011,22041,Azara,201,14.49
2011,22042,Azlor,132,15.89
2011,22043,Baélls,117,39.82
2011,22044,Bailo,317,164.43
2011,22045,Baldellou,112,30.42
2011,22046,Ballobar,945,127.73
2011,22047,Banastás,284,4.66
2011,22048,Barbastro,17215,107
2011,22049,Barbués,100,19.59
2011,22050,Barbuñales,107,18.75
2011,22051,Bárcabo,117,87.92
2011,22052,Belver de Cinca,1345,82.63
2011,22053,Benabarre,1199,157.14
2011,22054,Benasque,2194,233
2011,22055,Berbegal,414,49.03
2011,22057,Bielsa,501,202.41
2011,22058,Bierge,251,145.03
2011,22059,Biescas,1562,189.09
2011,22060,Binaced,1510,78.49
2011,22061,Binéfar,9424,25
2011,22062,Bisaurri,202,63.19
2011,22063,Biscarrués,223,30.18
2011,22064,Blecua y Torres,217,36
2011,22066,Boltaña,1049,139.45
2011,22067,Bonansa,101,37.29
2011,22068,Borau,85,41.72
2011,22069,Broto,538,128
2011,22072,Caldearenas,235,192.31
2011,22074,Campo,332,22.86
2011,22075,Camporrélls,163,26.71
2011,22076,Canal de Berdún,377,133.27
2011,22077,Candasnos,400,122.45
2011,22078,Canfranc,591,71.56
2011,22079,Capdesaso,178,17
2011,22080,Capella,369,60.71
2011,22081,Casbas de Huesca,302,132.69
2011,22082,Castejón del Puente,354,25.43
2011,22083,Castejón de Monegros,612,165.42
2011,22084,Castejón de Sos,782,31.59
2011,22085,Castelflorite,132,34.76
2011,22086,Castiello de Jaca,252,17.31
2011,22087,Castigaleu,106,26.53
2011,22088,Castillazuelo,189,15.32
2011,22089,Castillonroy,362,37.58
2011,22090,Colungo,127,40.64
2011,22094,Chalamera,118,11
2011,22095,Chía,97,26
2011,22096,Chimillas,377,10.04
2011,22099,Esplús,627,73
2011,22102,Estada,229,15.87
2011,22103,Estadilla,848,50.39
2011,22105,Estopiñán del Castillo,161,88.71
2011,22106,Fago,29,28.76
2011,22107,Fanlo,121,187
2011,22109,Fiscal,324,170.06
2011,22110,Fonz,985,51.86
2011,22111,Foradada del Toscar,209,106.25
2011,22112,Fraga,14543,437.64
2011,22113,La Fueva,623,218.85
2011,22114,Gistaín,147,75
2011,22115,El Grado,472,63.77
2011,22116,Grañén,1995,123.98
2011,22117,Graus,3526,299.79
2011,22119,Gurrea de Gállego,1651,191.97
2011,22122,Hoz de Jaca,72,12.45
2011,22124,Huerto,263,86.72
2011,22125,Huesca,52030,161.04
2011,22126,Ibieca,114,14.94
2011,22127,Igriés,654,19.17
2011,22128,Ilche,224,63.72
2011,22129,Isábena,288,118.53
2011,22130,Jaca,12857,406.34
2011,22131,Jasa,112,8
2011,22133,Labuerda,153,17.85
2011,22135,Laluenga,224,36.47
2011,22136,Lalueza,1067,88.19
2011,22137,Lanaja,1354,183
2011,22139,Laperdiguera,103,11.32
2011,22141,Lascellas-Ponzano,145,27.33
2011,22142,Lascuarre,150,31.87
2011,22143,Laspaúles,313,81.75
2011,22144,Laspuña,293,45.29
2011,22149,Loarre,364,74.42
2011,22150,Loporzano,557,169.28
2011,22151,Loscorrales,109,40.25
2011,22155,Monesma y Cajigar,96,62
2011,22156,Monflorite-Lascasas,307,29.16
2011,22157,Montanuy,264,174
2011,22158,Monzón,17144,155.02
2011,22160,Naval,248,47.32
2011,22162,Novales,168,20.08
2011,22163,Nueno,556,147.24
2011,22164,Olvena,53,15.89
2011,22165,Ontiñena,593,136.96
2011,22167,Osso de Cinca,798,27.66
2011,22168,Palo,29,14.41
2011,22170,Panticosa,784,95
2011,22172,Peñalba,753,156
2011,22173,Las Peñas de Riglos,273,217.87
2011,22174,Peralta de Alcofea,598,116.14
2011,22175,Peralta de Calasanz,245,114.88
2011,22176,Peraltilla,202,16
2011,22177,Perarrúa,102,30.05
2011,22178,Pertusa,122,29.37
2011,22181,Piracés,100,25.15
2011,22182,Plan,316,92.53
2011,22184,Poleñino,219,33.02
2011,22186,Pozán de Vero,239,14.75
2011,22187,La Puebla de Castro,428,29.42
2011,22188,Puente de Montañana,131,48.56
2011,22189,Puértolas,233,99.86
2011,22190,El Pueyo de Araguás,152,61.84
2011,22193,Pueyo de Santa Cruz,370,9.29
2011,22195,Quicena,288,9.67
2011,22197,Robres,606,64
2011,22199,Sabiñánigo,10164,586.82
2011,22200,Sahún,337,73.36
2011,22201,Salas Altas,314,20.74
2011,22202,Salas Bajas,144,12.93
2011,22203,Salillas,106,28.33
2011,22204,Sallent de Gállego,1522,162.14
2011,22205,San Esteban de Litera,502,71
2011,22206,Sangarrén,227,32.22
2011,22207,San Juan de Plan,160,55.53
2011,22208,Santa Cilia,201,28.08
2011,22209,Santa Cruz de la Serós,194,26.97
2011,22212,Santaliestra y San Quílez,96,23.34
2011,22213,Sariñena,4396,275.57
2011,22214,Secastilla,154,47.42
2011,22215,Seira,152,69
2011,22217,Sena,534,104.69
2011,22218,Senés de Alcubierre,58,20.53
2011,22220,Sesa,209,30.84
2011,22221,Sesué,123,5.35
2011,22222,Siétamo,652,48.98
2011,22223,Sopeira,112,44.09
2011,22225,Tamarite de Litera,3625,110.58
2011,22226,Tardienta,987,90.65
2011,22227,Tella-Sin,262,90.33
2011,22228,Tierz,713,6.54
2011,22229,Tolva,153,58.97
2011,22230,Torla-Ordesa,333,185.21
2011,22232,Torralba de Aragón,106,40.39
2011,22233,Torre la Ribera,117,32.06
2011,22234,Torrente de Cinca,1226,56.77
2011,22235,Torres de Alcanadre,106,17.64
2011,22236,Torres de Barbués,294,13.94
2011,22239,Tramaced,94,15.42
2011,22242,Valfarta,76,33
2011,22243,Valle de Bardají,49,45.48
2011,22244,Valle de Lierp,63,32.76
2011,22245,Velilla de Cinca,441,16.54
2011,22246,Beranuy,98,63.75
2011,22247,Viacamp y Litera,45,107.74
2011,22248,Vicién,117,13.76
2011,22249,Villanova,149,7.05
2011,22250,Villanúa,495,58.19
2011,22251,Villanueva de Sigena,457,146.47
2011,22252,Yebra de Basa,151,90.88
2011,22253,Yésero,68,30.23
2011,22254,Zaidín,1719,92.55
2011,22901,Valle de Hecho,943,234.43
2011,22902,Puente la Reina de Jaca,283,48.13
2011,22903,San Miguel del Cinca,845,106.49
2011,22904,La Sotonera,1030,165.54
2011,22905,Lupiñén-Ortilla,380,110.07
2011,22906,Santa María de Dulcis,220,27
2011,22907,Aínsa-Sobrarbe,2179,284.77
2011,22908,Hoz y Costean,206,57.48
2011,22909,Vencillón,459,10.37
2012,22001,Abiego,277,38.19
2012,22002,Abizanda,136,44.84
2012,22003,Adahuesca,182,52.47
2012,22004,Agüero,159,94.16
2012,22006,Aisa,367,80.97
2012,22007,Albalate de Cinca,1251,44.23
2012,22008,Albalatillo,224,9.15
2012,22009,Albelda,810,51.92
2012,22011,Albero Alto,134,19.28
2012,22012,Albero Bajo,114,22.22
2012,22013,Alberuela de Tubo,348,20.79
2012,22014,Alcalá de Gurrea,285,71.42
2012,22015,Alcalá del Obispo,368,47.85
2012,22016,Alcampell,746,58
2012,22017,Alcolea de Cinca,1141,83.24
2012,22018,Alcubierre,424,115.31
2012,22019,Alerre,211,8.94
2012,22020,Alfántega,135,8.76
2012,22021,Almudévar,2519,201.49
2012,22022,Almunia de San Juan,664,35.66
2012,22023,Almuniente,564,37.56
2012,22024,Alquézar,301,32.36
2012,22025,Altorricón,1494,32.41
2012,22027,Angüés,419,56.51
2012,22028,Ansó,467,223.08
2012,22029,Antillón,148,22.41
2012,22032,Aragüés del Puerto,128,64.44
2012,22035,Arén,362,119.32
2012,22036,Argavieso,110,9
2012,22037,Arguis,125,62.75
2012,22039,Ayerbe,1117,63.89
2012,22040,Azanuy-Alins,174,51.17
2012,22041,Azara,200,14.49
2012,22042,Azlor,133,15.89
2012,22043,Baélls,123,39.82
2012,22044,Bailo,311,164.43
2012,22045,Baldellou,113,30.42
2012,22046,Ballobar,940,127.73
2012,22047,Banastás,286,4.66
2012,22048,Barbastro,17304,107
2012,22049,Barbués,98,19.59
2012,22050,Barbuñales,105,18.75
2012,22051,Bárcabo,117,87.92
2012,22052,Belver de Cinca,1375,82.63
2012,22053,Benabarre,1215,157.14
2012,22054,Benasque,2217,233
2012,22055,Berbegal,420,49.03
2012,22057,Bielsa,503,202.41
2012,22058,Bierge,251,145.03
2012,22059,Biescas,1589,189.09
2012,22060,Binaced,1498,78.49
2012,22061,Binéfar,9456,25
2012,22062,Bisaurri,202,63.19
2012,22063,Biscarrués,226,30.18
2012,22064,Blecua y Torres,219,36
2012,22066,Boltaña,1092,139.45
2012,22067,Bonansa,96,37.29
2012,22068,Borau,84,41.72
2012,22069,Broto,542,128
2012,22072,Caldearenas,223,192.31
2012,22074,Campo,330,22.86
2012,22075,Camporrélls,167,26.71
2012,22076,Canal de Berdún,365,133.27
2012,22077,Candasnos,381,122.45
2012,22078,Canfranc,599,71.56
2012,22079,Capdesaso,184,17
2012,22080,Capella,360,60.71
2012,22081,Casbas de Huesca,304,132.69
2012,22082,Castejón del Puente,360,25.43
2012,22083,Castejón de Monegros,623,165.42
2012,22084,Castejón de Sos,767,31.59
2012,22085,Castelflorite,131,34.76
2012,22086,Castiello de Jaca,249,17.31
2012,22087,Castigaleu,104,26.53
2012,22088,Castillazuelo,189,15.32
2012,22089,Castillonroy,360,37.58
2012,22090,Colungo,131,40.64
2012,22094,Chalamera,115,11
2012,22095,Chía,97,26
2012,22096,Chimillas,370,10.04
2012,22099,Esplús,663,73
2012,22102,Estada,230,15.87
2012,22103,Estadilla,855,50.39
2012,22105,Estopiñán del Castillo,161,88.71
2012,22106,Fago,29,28.76
2012,22107,Fanlo,126,187
2012,22109,Fiscal,346,170.06
2012,22110,Fonz,982,51.86
2012,22111,Foradada del Toscar,208,106.25
2012,22112,Fraga,14655,437.64
2012,22113,La Fueva,641,218.85
2012,22114,Gistaín,147,75
2012,22115,El Grado,471,63.77
2012,22116,Grañén,1990,123.98
2012,22117,Graus,3595,299.79
2012,22119,Gurrea de Gállego,1644,191.97
2012,22122,Hoz de Jaca,72,12.45
2012,22124,Huerto,266,86.72
2012,22125,Huesca,52296,161.04
2012,22126,Ibieca,113,14.94
2012,22127,Igriés,658,19.17
2012,22128,Ilche,226,63.72
2012,22129,Isábena,307,118.53
2012,22130,Jaca,13248,406.34
2012,22131,Jasa,112,8
2012,22133,Labuerda,156,17.85
2012,22135,Laluenga,221,36.47
2012,22136,Lalueza,1066,88.19
2012,22137,Lanaja,1358,183
2012,22139,Laperdiguera,101,11.32
2012,22141,Lascellas-Ponzano,143,27.33
2012,22142,Lascuarre,152,31.87
2012,22143,Laspaúles,322,81.75
2012,22144,Laspuña,296,45.29
2012,22149,Loarre,361,74.42
2012,22150,Loporzano,549,169.28
2012,22151,Loscorrales,107,40.25
2012,22155,Monesma y Cajigar,95,62
2012,22156,Monflorite-Lascasas,301,29.16
2012,22157,Montanuy,265,174
2012,22158,Monzón,17263,155.02
2012,22160,Naval,250,47.32
2012,22162,Novales,177,20.08
2012,22163,Nueno,567,147.24
2012,22164,Olvena,53,15.89
2012,22165,Ontiñena,584,136.96
2012,22167,Osso de Cinca,806,27.66
2012,22168,Palo,30,14.41
2012,22170,Panticosa,790,95
2012,22172,Peñalba,759,156
2012,22173,Las Peñas de Riglos,268,217.87
2012,22174,Peralta de Alcofea,596,116.14
2012,22175,Peralta de Calasanz,242,114.88
2012,22176,Peraltilla,202,16
2012,22177,Perarrúa,109,30.05
2012,22178,Pertusa,121,29.37
2012,22181,Piracés,100,25.15
2012,22182,Plan,314,92.53
2012,22184,Poleñino,217,33.02
2012,22186,Pozán de Vero,243,14.75
2012,22187,La Puebla de Castro,430,29.42
2012,22188,Puente de Montañana,133,48.56
2012,22189,Puértolas,225,99.86
2012,22190,El Pueyo de Araguás,154,61.84
2012,22193,Pueyo de Santa Cruz,362,9.29
2012,22195,Quicena,291,9.67
2012,22197,Robres,605,64
2012,22199,Sabiñánigo,10241,586.82
2012,22200,Sahún,340,73.36
2012,22201,Salas Altas,311,20.74
2012,22202,Salas Bajas,138,12.93
2012,22203,Salillas,106,28.33
2012,22204,Sallent de Gállego,1512,162.14
2012,22205,San Esteban de Litera,502,71
2012,22206,Sangarrén,227,32.22
2012,22207,San Juan de Plan,162,55.53
2012,22208,Santa Cilia,201,28.08
2012,22209,Santa Cruz de la Serós,194,26.97
2012,22212,Santaliestra y San Quílez,94,23.34
2012,22213,Sariñena,4402,275.57
2012,22214,Secastilla,153,47.42
2012,22215,Seira,149,69
2012,22217,Sena,542,104.69
2012,22218,Senés de Alcubierre,53,20.53
2012,22220,Sesa,208,30.84
2012,22221,Sesué,127,5.35
2012,22222,Siétamo,650,48.98
2012,22223,Sopeira,114,44.09
2012,22225,Tamarite de Litera,3656,110.58
2012,22226,Tardienta,985,90.65
2012,22227,Tella-Sin,263,90.33
2012,22228,Tierz,714,6.54
2012,22229,Tolva,152,58.97
2012,22230,Torla-Ordesa,320,185.21
2012,22232,Torralba de Aragón,110,40.39
2012,22233,Torre la Ribera,117,32.06
2012,22234,Torrente de Cinca,1321,56.77
2012,22235,Torres de Alcanadre,105,17.64
2012,22236,Torres de Barbués,297,13.94
2012,22239,Tramaced,94,15.42
2012,22242,Valfarta,74,33
2012,22243,Valle de Bardají,49,45.48
2012,22244,Valle de Lierp,64,32.76
2012,22245,Velilla de Cinca,452,16.54
2012,22246,Beranuy,97,63.75
2012,22247,Viacamp y Litera,51,107.74
2012,22248,Vicién,115,13.76
2012,22249,Villanova,148,7.05
2012,22250,Villanúa,499,58.19
2012,22251,Villanueva de Sigena,464,146.47
2012,22252,Yebra de Basa,147,90.88
2012,22253,Yésero,67,30.23
2012,22254,Zaidín,1750,92.55
2012,22901,Valle de Hecho,937,234.43
2012,22902,Puente la Reina de Jaca,286,48.13
2012,22903,San Miguel del Cinca,849,106.49
2012,22904,La Sotonera,1042,165.54
2012,22905,Lupiñén-Ortilla,378,110.07
2012,22906,Santa María de Dulcis,226,27
2012,22907,Aínsa-Sobrarbe,2242,284.77
2012,22908,Hoz y Costean,204,57.48
2012,22909,Vencillón,455,10.37
2013,22001,Abiego,279,38.19
2013,22002,Abizanda,143,44.84
2013,22003,Adahuesca,176,52.47
2013,22004,Agüero,150,94.16
2013,22006,Aisa,364,80.97
2013,22007,Albalate de Cinca,1249,44.23
2013,22008,Albalatillo,209,9.15
2013,22009,Albelda,794,51.92
2013,22011,Albero Alto,123,19.28
2013,22012,Albero Bajo,121,22.22
2013,22013,Alberuela de Tubo,339,20.79
2013,22014,Alcalá de Gurrea,277,71.42
2013,22015,Alcalá del Obispo,354,47.85
2013,22016,Alcampell,724,58
2013,22017,Alcolea de Cinca,1125,83.24
2013,22018,Alcubierre,416,115.31
2013,22019,Alerre,213,8.94
2013,22020,Alfántega,140,8.76
2013,22021,Almudévar,2514,201.49
2013,22022,Almunia de San Juan,663,35.66
2013,22023,Almuniente,538,37.56
2013,22024,Alquézar,298,32.36
2013,22025,Altorricón,1447,32.41
2013,22027,Angüés,419,56.51
2013,22028,Ansó,447,223.08
2013,22029,Antillón,156,22.41
2013,22032,Aragüés del Puerto,128,64.44
2013,22035,Arén,326,119.32
2013,22036,Argavieso,112,9
2013,22037,Arguis,129,62.75
2013,22039,Ayerbe,1111,63.89
2013,22040,Azanuy-Alins,181,51.17
2013,22041,Azara,197,14.49
2013,22042,Azlor,133,15.89
2013,22043,Baélls,109,39.82
2013,22044,Bailo,301,164.43
2013,22045,Baldellou,103,30.42
2013,22046,Ballobar,863,127.73
2013,22047,Banastás,297,4.66
2013,22048,Barbastro,17210,107
2013,22049,Barbués,89,19.59
2013,22050,Barbuñales,98,18.75
2013,22051,Bárcabo,115,87.92
2013,22052,Belver de Cinca,1330,82.63
2013,22053,Benabarre,1206,157.14
2013,22054,Benasque,2195,233
2013,22055,Berbegal,385,49.03
2013,22057,Bielsa,500,202.41
2013,22058,Bierge,246,145.03
2013,22059,Biescas,1568,189.09
2013,22060,Binaced,1550,78.49
2013,22061,Binéfar,9468,25
2013,22062,Bisaurri,194,63.19
2013,22063,Biscarrués,220,30.18
2013,22064,Blecua y Torres,211,36
2013,22066,Boltaña,1071,139.45
2013,22067,Bonansa,86,37.29
2013,22068,Borau,86,41.72
2013,22069,Broto,533,128
2013,22072,Caldearenas,212,192.31
2013,22074,Campo,426,22.86
2013,22075,Camporrélls,165,26.71
2013,22076,Canal de Berdún,385,133.27
2013,22077,Candasnos,349,122.45
2013,22078,Canfranc,572,71.56
2013,22079,Capdesaso,177,17
2013,22080,Capella,371,60.71
2013,22081,Casbas de Huesca,306,132.69
2013,22082,Castejón del Puente,349,25.43
2013,22083,Castejón de Monegros,611,165.42
2013,22084,Castejón de Sos,731,31.59
2013,22085,Castelflorite,135,34.76
2013,22086,Castiello de Jaca,249,17.31
2013,22087,Castigaleu,102,26.53
2013,22088,Castillazuelo,181,15.32
2013,22089,Castillonroy,342,37.58
2013,22090,Colungo,115,40.64
2013,22094,Chalamera,113,11
2013,22095,Chía,100,26
2013,22096,Chimillas,374,10.04
2013,22099,Esplús,672,73
2013,22102,Estada,221,15.87
2013,22103,Estadilla,847,50.39
2013,22105,Estopiñán del Castillo,144,88.71
2013,22106,Fago,27,28.76
2013,22107,Fanlo,118,187
2013,22109,Fiscal,374,170.06
2013,22110,Fonz,987,51.86
2013,22111,Foradada del Toscar,197,106.25
2013,22112,Fraga,14834,437.64
2013,22113,La Fueva,618,218.85
2013,22114,Gistaín,144,75
2013,22115,El Grado,448,63.77
2013,22116,Grañén,1961,123.98
2013,22117,Graus,3513,299.79
2013,22119,Gurrea de Gállego,1627,191.97
2013,22122,Hoz de Jaca,74,12.45
2013,22124,Huerto,255,86.72
2013,22125,Huesca,52418,161.04
2013,22126,Ibieca,121,14.94
2013,22127,Igriés,675,19.17
2013,22128,Ilche,211,63.72
2013,22129,Isábena,297,118.53
2013,22130,Jaca,13221,406.34
2013,22131,Jasa,102,8
2013,22133,Labuerda,156,17.85
2013,22135,Laluenga,225,36.47
2013,22136,Lalueza,1021,88.19
2013,22137,Lanaja,1340,183
2013,22139,Laperdiguera,95,11.32
2013,22141,Lascellas-Ponzano,148,27.33
2013,22142,Lascuarre,143,31.87
2013,22143,Laspaúles,316,81.75
2013,22144,Laspuña,293,45.29
2013,22149,Loarre,361,74.42
2013,22150,Loporzano,547,169.28
2013,22151,Loscorrales,106,40.25
2013,22155,Monesma y Cajigar,93,62
2013,22156,Monflorite-Lascasas,304,29.16
2013,22157,Montanuy,253,174
2013,22158,Monzón,17290,155.02
2013,22160,Naval,250,47.32
2013,22162,Novales,183,20.08
2013,22163,Nueno,558,147.24
2013,22164,Olvena,62,15.89
2013,22165,Ontiñena,585,136.96
2013,22167,Osso de Cinca,805,27.66
2013,22168,Palo,23,14.41
2013,22170,Panticosa,765,95
2013,22172,Peñalba,720,156
2013,22173,Las Peñas de Riglos,268,217.87
2013,22174,Peralta de Alcofea,553,116.14
2013,22175,Peralta de Calasanz,240,114.88
2013,22176,Peraltilla,201,16
2013,22177,Perarrúa,107,30.05
2013,22178,Pertusa,124,29.37
2013,22181,Piracés,102,25.15
2013,22182,Plan,312,92.53
2013,22184,Poleñino,215,33.02
2013,22186,Pozán de Vero,230,14.75
2013,22187,La Puebla de Castro,415,29.42
2013,22188,Puente de Montañana,129,48.56
2013,22189,Puértolas,214,99.86
2013,22190,El Pueyo de Araguás,153,61.84
2013,22193,Pueyo de Santa Cruz,358,9.29
2013,22195,Quicena,298,9.67
2013,22197,Robres,582,64
2013,22199,Sabiñánigo,10129,586.82
2013,22200,Sahún,326,73.36
2013,22201,Salas Altas,302,20.74
2013,22202,Salas Bajas,136,12.93
2013,22203,Salillas,102,28.33
2013,22204,Sallent de Gállego,1490,162.14
2013,22205,San Esteban de Litera,501,71
2013,22206,Sangarrén,214,32.22
2013,22207,San Juan de Plan,158,55.53
2013,22208,Santa Cilia,206,28.08
2013,22209,Santa Cruz de la Serós,191,26.97
2013,22212,Santaliestra y San Quílez,91,23.34
2013,22213,Sariñena,4323,275.57
2013,22214,Secastilla,158,47.42
2013,22215,Seira,142,69
2013,22217,Sena,530,104.69
2013,22218,Senés de Alcubierre,51,20.53
2013,22220,Sesa,208,30.84
2013,22221,Sesué,121,5.35
2013,22222,Siétamo,663,48.98
2013,22223,Sopeira,110,44.09
2013,22225,Tamarite de Litera,3626,110.58
2013,22226,Tardienta,994,90.65
2013,22227,Tella-Sin,254,90.33
2013,22228,Tierz,726,6.54
2013,22229,Tolva,147,58.97
2013,22230,Torla-Ordesa,292,185.21
2013,22232,Torralba de Aragón,107,40.39
2013,22233,Torre la Ribera,113,32.06
2013,22234,Torrente de Cinca,1241,56.77
2013,22235,Torres de Alcanadre,106,17.64
2013,22236,Torres de Barbués,303,13.94
2013,22239,Tramaced,95,15.42
2013,22242,Valfarta,78,33
2013,22243,Valle de Bardají,39,45.48
2013,22244,Valle de Lierp,59,32.76
2013,22245,Velilla de Cinca,447,16.54
2013,22246,Beranuy,99,63.75
2013,22247,Viacamp y Litera,43,107.74
2013,22248,Vicién,124,13.76
2013,22249,Villanova,150,7.05
2013,22250,Villanúa,487,58.19
2013,22251,Villanueva de Sigena,443,146.47
2013,22252,Yebra de Basa,146,90.88
2013,22253,Yésero,63,30.23
2013,22254,Zaidín,1797,92.55
2013,22901,Valle de Hecho,924,234.43
2013,22902,Puente la Reina de Jaca,284,48.13
2013,22903,San Miguel del Cinca,854,106.49
2013,22904,La Sotonera,1018,165.54
2013,22905,Lupiñén-Ortilla,374,110.07
2013,22906,Santa María de Dulcis,219,27
2013,22907,Aínsa-Sobrarbe,2250,284.77
2013,22908,Hoz y Costean,190,57.48
2013,22909,Vencillón,442,10.37
2014,22001,Abiego,267,38.19
2014,22002,Abizanda,140,44.84
2014,22003,Adahuesca,172,52.47
2014,22004,Agüero,150,94.16
2014,22006,Aisa,363,80.97
2014,22007,Albalate de Cinca,1201,44.23
2014,22008,Albalatillo,207,9.15
2014,22009,Albelda,762,51.92
2014,22011,Albero Alto,125,19.28
2014,22012,Albero Bajo,122,22.22
2014,22013,Alberuela de Tubo,327,20.79
2014,22014,Alcalá de Gurrea,277,71.42
2014,22015,Alcalá del Obispo,349,47.85
2014,22016,Alcampell,707,58
2014,22017,Alcolea de Cinca,1136,83.24
2014,22018,Alcubierre,401,115.31
2014,22019,Alerre,213,8.94
2014,22020,Alfántega,136,8.76
2014,22021,Almudévar,2519,201.49
2014,22022,Almunia de San Juan,681,35.66
2014,22023,Almuniente,528,37.56
2014,22024,Alquézar,297,32.36
2014,22025,Altorricón,1477,32.41
2014,22027,Angüés,404,56.51
2014,22028,Ansó,436,223.08
2014,22029,Antillón,153,22.41
2014,22032,Aragüés del Puerto,123,64.44
2014,22035,Arén,314,119.32
2014,22036,Argavieso,107,9
2014,22037,Arguis,125,62.75
2014,22039,Ayerbe,1097,63.89
2014,22040,Azanuy-Alins,184,51.17
2014,22041,Azara,193,14.49
2014,22042,Azlor,137,15.89
2014,22043,Baélls,113,39.82
2014,22044,Bailo,290,164.43
2014,22045,Baldellou,98,30.42
2014,22046,Ballobar,866,127.73
2014,22047,Banastás,303,4.66
2014,22048,Barbastro,17109,107
2014,22049,Barbués,92,19.59
2014,22050,Barbuñales,100,18.75
2014,22051,Bárcabo,117,87.92
2014,22052,Belver de Cinca,1346,82.63
2014,22053,Benabarre,1153,157.14
2014,22054,Benasque,2149,233
2014,22055,Berbegal,391,49.03
2014,22057,Bielsa,496,202.41
2014,22058,Bierge,242,145.03
2014,22059,Biescas,1535,189.09
2014,22060,Binaced,1539,78.49
2014,22061,Binéfar,9461,25
2014,22062,Bisaurri,179,63.19
2014,22063,Biscarrués,209,30.18
2014,22064,Blecua y Torres,202,36
2014,22066,Boltaña,1041,139.45
2014,22067,Bonansa,84,37.29
2014,22068,Borau,91,41.72
2014,22069,Broto,523,128
2014,22072,Caldearenas,208,192.31
2014,22074,Campo,459,22.86
2014,22075,Camporrélls,148,26.71
2014,22076,Canal de Berdún,376,133.27
2014,22077,Candasnos,339,122.45
2014,22078,Canfranc,554,71.56
2014,22079,Capdesaso,170,17
2014,22080,Capella,361,60.71
2014,22081,Casbas de Huesca,295,132.69
2014,22082,Castejón del Puente,349,25.43
2014,22083,Castejón de Monegros,574,165.42
2014,22084,Castejón de Sos,733,31.59
2014,22085,Castelflorite,123,34.76
2014,22086,Castiello de Jaca,243,17.31
2014,22087,Castigaleu,95,26.53
2014,22088,Castillazuelo,191,15.32
2014,22089,Castillonroy,336,37.58
2014,22090,Colungo,124,40.64
2014,22094,Chalamera,103,11
2014,22095,Chía,87,26
2014,22096,Chimillas,373,10.04
2014,22099,Esplús,646,73
2014,22102,Estada,215,15.87
2014,22103,Estadilla,822,50.39
2014,22105,Estopiñán del Castillo,136,88.71
2014,22106,Fago,24,28.76
2014,22107,Fanlo,118,187
2014,22109,Fiscal,369,170.06
2014,22110,Fonz,960,51.86
2014,22111,Foradada del Toscar,192,106.25
2014,22112,Fraga,14926,437.64
2014,22113,La Fueva,622,218.85
2014,22114,Gistaín,143,75
2014,22115,El Grado,435,63.77
2014,22116,Grañén,1902,123.98
2014,22117,Graus,3429,299.79
2014,22119,Gurrea de Gállego,1575,191.97
2014,22122,Hoz de Jaca,73,12.45
2014,22124,Huerto,242,86.72
2014,22125,Huesca,52555,161.04
2014,22126,Ibieca,119,14.94
2014,22127,Igriés,700,19.17
2014,22128,Ilche,214,63.72
2014,22129,Isábena,288,118.53
2014,22130,Jaca,13121,406.34
2014,22131,Jasa,111,8
2014,22133,Labuerda,155,17.85
2014,22135,Laluenga,216,36.47
2014,22136,Lalueza,1024,88.19
2014,22137,Lanaja,1324,183
2014,22139,Laperdiguera,94,11.32
2014,22141,Lascellas-Ponzano,146,27.33
2014,22142,Lascuarre,136,31.87
2014,22143,Laspaúles,304,81.75
2014,22144,Laspuña,298,45.29
2014,22149,Loarre,338,74.42
2014,22150,Loporzano,535,169.28
2014,22151,Loscorrales,107,40.25
2014,22155,Monesma y Cajigar,88,62
2014,22156,Monflorite-Lascasas,295,29.16
2014,22157,Montanuy,237,174
2014,22158,Monzón,17176,155.02
2014,22160,Naval,256,47.32
2014,22162,Novales,176,20.08
2014,22163,Nueno,558,147.24
2014,22164,Olvena,57,15.89
2014,22165,Ontiñena,570,136.96
2014,22167,Osso de Cinca,771,27.66
2014,22168,Palo,22,14.41
2014,22170,Panticosa,757,95
2014,22172,Peñalba,691,156
2014,22173,Las Peñas de Riglos,267,217.87
2014,22174,Peralta de Alcofea,582,116.14
2014,22175,Peralta de Calasanz,240,114.88
2014,22176,Peraltilla,206,16
2014,22177,Perarrúa,113,30.05
2014,22178,Pertusa,121,29.37
2014,22181,Piracés,106,25.15
2014,22182,Plan,314,92.53
2014,22184,Poleñino,216,33.02
2014,22186,Pozán de Vero,225,14.75
2014,22187,La Puebla de Castro,401,29.42
2014,22188,Puente de Montañana,119,48.56
2014,22189,Puértolas,217,99.86
2014,22190,El Pueyo de Araguás,145,61.84
2014,22193,Pueyo de Santa Cruz,338,9.29
2014,22195,Quicena,300,9.67
2014,22197,Robres,575,64
2014,22199,Sabiñánigo,9883,586.82
2014,22200,Sahún,304,73.36
2014,22201,Salas Altas,319,20.74
2014,22202,Salas Bajas,161,12.93
2014,22203,Salillas,107,28.33
2014,22204,Sallent de Gállego,1484,162.14
2014,22205,San Esteban de Litera,495,71
2014,22206,Sangarrén,212,32.22
2014,22207,San Juan de Plan,147,55.53
2014,22208,Santa Cilia,225,28.08
2014,22209,Santa Cruz de la Serós,192,26.97
2014,22212,Santaliestra y San Quílez,99,23.34
2014,22213,Sariñena,4293,275.57
2014,22214,Secastilla,146,47.42
2014,22215,Seira,147,69
2014,22217,Sena,516,104.69
2014,22218,Senés de Alcubierre,52,20.53
2014,22220,Sesa,202,30.84
2014,22221,Sesué,116,5.35
2014,22222,Siétamo,675,48.98
2014,22223,Sopeira,107,44.09
2014,22225,Tamarite de Litera,3604,110.58
2014,22226,Tardienta,1005,90.65
2014,22227,Tella-Sin,260,90.33
2014,22228,Tierz,734,6.54
2014,22229,Tolva,148,58.97
2014,22230,Torla-Ordesa,293,185.21
2014,22232,Torralba de Aragón,113,40.39
2014,22233,Torre la Ribera,106,32.06
2014,22234,Torrente de Cinca,1205,56.77
2014,22235,Torres de Alcanadre,103,17.64
2014,22236,Torres de Barbués,293,13.94
2014,22239,Tramaced,97,15.42
2014,22242,Valfarta,73,33
2014,22243,Valle de Bardají,37,45.48
2014,22244,Valle de Lierp,58,32.76
2014,22245,Velilla de Cinca,461,16.54
2014,22246,Beranuy,97,63.75
2014,22247,Viacamp y Litera,43,107.74
2014,22248,Vicién,122,13.76
2014,22249,Villanova,159,7.05
2014,22250,Villanúa,475,58.19
2014,22251,Villanueva de Sigena,434,146.47
2014,22252,Yebra de Basa,142,90.88
2014,22253,Yésero,57,30.23
2014,22254,Zaidín,1837,92.55
2014,22901,Valle de Hecho,903,234.43
2014,22902,Puente la Reina de Jaca,276,48.13
2014,22903,San Miguel del Cinca,852,106.49
2014,22904,La Sotonera,1013,165.54
2014,22905,Lupiñén-Ortilla,373,110.07
2014,22906,Santa María de Dulcis,226,27
2014,22907,Aínsa-Sobrarbe,2213,284.77
2014,22908,Hoz y Costean,237,57.48
2014,22909,Vencillón,425,10.37
2015,22001,Abiego,253,38.19
2015,22002,Abizanda,142,44.84
2015,22003,Adahuesca,173,52.47
2015,22004,Agüero,145,94.16
2015,22006,Aisa,358,80.97
2015,22007,Albalate de Cinca,1151,44.23
2015,22008,Albalatillo,205,9.15
2015,22009,Albelda,750,51.92
2015,22011,Albero Alto,124,19.28
2015,22012,Albero Bajo,138,22.22
2015,22013,Alberuela de Tubo,314,20.79
2015,22014,Alcalá de Gurrea,273,71.42
2015,22015,Alcalá del Obispo,342,47.85
2015,22016,Alcampell,697,58
2015,22017,Alcolea de Cinca,1125,83.24
2015,22018,Alcubierre,399,115.31
2015,22019,Alerre,209,8.94
2015,22020,Alfántega,128,8.76
2015,22021,Almudévar,2501,201.49
2015,22022,Almunia de San Juan,679,35.66
2015,22023,Almuniente,522,37.56
2015,22024,Alquézar,297,32.36
2015,22025,Altorricón,1469,32.41
2015,22027,Angüés,391,56.51
2015,22028,Ansó,426,223.08
2015,22029,Antillón,159,22.41
2015,22032,Aragüés del Puerto,119,64.44
2015,22035,Arén,328,119.32
2015,22036,Argavieso,105,9
2015,22037,Arguis,126,62.75
2015,22039,Ayerbe,1116,63.89
2015,22040,Azanuy-Alins,173,51.17
2015,22041,Azara,189,14.49
2015,22042,Azlor,141,15.89
2015,22043,Baélls,106,39.82
2015,22044,Bailo,288,164.43
2015,22045,Baldellou,102,30.42
2015,22046,Ballobar,838,127.73
2015,22047,Banastás,305,4.66
2015,22048,Barbastro,17020,107
2015,22049,Barbués,87,19.59
2015,22050,Barbuñales,99,18.75
2015,22051,Bárcabo,117,87.92
2015,22052,Belver de Cinca,1312,82.63
2015,22053,Benabarre,1127,157.14
2015,22054,Benasque,2090,233
2015,22055,Berbegal,378,49.03
2015,22057,Bielsa,488,202.41
2015,22058,Bierge,244,145.03
2015,22059,Biescas,1487,189.09
2015,22060,Binaced,1507,78.49
2015,22061,Binéfar,9439,25
2015,22062,Bisaurri,176,63.19
2015,22063,Biscarrués,202,30.18
2015,22064,Blecua y Torres,200,36
2015,22066,Boltaña,981,139.45
2015,22067,Bonansa,81,37.29
2015,22068,Borau,95,41.72
2015,22069,Broto,532,128
2015,22072,Caldearenas,210,192.31
2015,22074,Campo,437,22.86
2015,22075,Camporrélls,138,26.71
2015,22076,Canal de Berdún,367,133.27
2015,22077,Candasnos,330,122.45
2015,22078,Canfranc,560,71.56
2015,22079,Capdesaso,172,17
2015,22080,Capella,361,60.71
2015,22081,Casbas de Huesca,291,132.69
2015,22082,Castejón del Puente,340,25.43
2015,22083,Castejón de Monegros,568,165.42
2015,22084,Castejón de Sos,740,31.59
2015,22085,Castelflorite,120,34.76
2015,22086,Castiello de Jaca,251,17.31
2015,22087,Castigaleu,94,26.53
2015,22088,Castillazuelo,181,15.32
2015,22089,Castillonroy,343,37.58
2015,22090,Colungo,126,40.64
2015,22094,Chalamera,111,11
2015,22095,Chía,90,26
2015,22096,Chimillas,358,10.04
2015,22099,Esplús,619,73
2015,22102,Estada,210,15.87
2015,22103,Estadilla,819,50.39
2015,22105,Estopiñán del Castillo,147,88.71
2015,22106,Fago,25,28.76
2015,22107,Fanlo,112,187
2015,22109,Fiscal,361,170.06
2015,22110,Fonz,944,51.86
2015,22111,Foradada del Toscar,187,106.25
2015,22112,Fraga,14921,437.64
2015,22113,La Fueva,622,218.85
2015,22114,Gistaín,138,75
2015,22115,El Grado,433,63.77
2015,22116,Grañén,1859,123.98
2015,22117,Graus,3371,299.79
2015,22119,Gurrea de Gállego,1545,191.97
2015,22122,Hoz de Jaca,68,12.45
2015,22124,Huerto,238,86.72
2015,22125,Huesca,52239,161.04
2015,22126,Ibieca,110,14.94
2015,22127,Igriés,692,19.17
2015,22128,Ilche,208,63.72
2015,22129,Isábena,276,118.53
2015,22130,Jaca,13088,406.34
2015,22131,Jasa,104,8
2015,22133,Labuerda,167,17.85
2015,22135,Laluenga,213,36.47
2015,22136,Lalueza,997,88.19
2015,22137,Lanaja,1268,183
2015,22139,Laperdiguera,96,11.32
2015,22141,Lascellas-Ponzano,138,27.33
2015,22142,Lascuarre,137,31.87
2015,22143,Laspaúles,281,81.75
2015,22144,Laspuña,290,45.29
2015,22149,Loarre,335,74.42
2015,22150,Loporzano,532,169.28
2015,22151,Loscorrales,106,40.25
2015,22155,Monesma y Cajigar,87,62
2015,22156,Monflorite-Lascasas,313,29.16
2015,22157,Montanuy,221,174
2015,22158,Monzón,17260,155.02
2015,22160,Naval,259,47.32
2015,22162,Novales,183,20.08
2015,22163,Nueno,552,147.24
2015,22164,Olvena,45,15.89
2015,22165,Ontiñena,569,136.96
2015,22167,Osso de Cinca,746,27.66
2015,22168,Palo,24,14.41
2015,22170,Panticosa,762,95
2015,22172,Peñalba,695,156
2015,22173,Las Peñas de Riglos,264,217.87
2015,22174,Peralta de Alcofea,602,116.14
2015,22175,Peralta de Calasanz,233,114.88
2015,22176,Peraltilla,201,16
2015,22177,Perarrúa,111,30.05
2015,22178,Pertusa,124,29.37
2015,22181,Piracés,107,25.15
2015,22182,Plan,303,92.53
2015,22184,Poleñino,217,33.02
2015,22186,Pozán de Vero,221,14.75
2015,22187,La Puebla de Castro,383,29.42
2015,22188,Puente de Montañana,107,48.56
2015,22189,Puértolas,207,99.86
2015,22190,El Pueyo de Araguás,149,61.84
2015,22193,Pueyo de Santa Cruz,328,9.29
2015,22195,Quicena,286,9.67
2015,22197,Robres,586,64
2015,22199,Sabiñánigo,9598,586.82
2015,22200,Sahún,308,73.36
2015,22201,Salas Altas,313,20.74
2015,22202,Salas Bajas,168,12.93
2015,22203,Salillas,101,28.33
2015,22204,Sallent de Gállego,1441,162.14
2015,22205,San Esteban de Litera,498,71
2015,22206,Sangarrén,235,32.22
2015,22207,San Juan de Plan,148,55.53
2015,22208,Santa Cilia,207,28.08
2015,22209,Santa Cruz de la Serós,186,26.97
2015,22212,Santaliestra y San Quílez,104,23.34
2015,22213,Sariñena,4223,275.57
2015,22214,Secastilla,144,47.42
2015,22215,Seira,147,69
2015,22217,Sena,515,104.69
2015,22218,Senés de Alcubierre,49,20.53
2015,22220,Sesa,190,30.84
2015,22221,Sesué,119,5.35
2015,22222,Siétamo,672,48.98
2015,22223,Sopeira,99,44.09
2015,22225,Tamarite de Litera,3538,110.58
2015,22226,Tardienta,985,90.65
2015,22227,Tella-Sin,249,90.33
2015,22228,Tierz,742,6.54
2015,22229,Tolva,137,58.97
2015,22230,Torla-Ordesa,306,185.21
2015,22232,Torralba de Aragón,114,40.39
2015,22233,Torre la Ribera,104,32.06
2015,22234,Torrente de Cinca,1187,56.77
2015,22235,Torres de Alcanadre,107,17.64
2015,22236,Torres de Barbués,283,13.94
2015,22239,Tramaced,110,15.42
2015,22242,Valfarta,72,33
2015,22243,Valle de Bardají,37,45.48
2015,22244,Valle de Lierp,54,32.76
2015,22245,Velilla de Cinca,442,16.54
2015,22246,Beranuy,92,63.75
2015,22247,Viacamp y Litera,42,107.74
2015,22248,Vicién,126,13.76
2015,22249,Villanova,157,7.05
2015,22250,Villanúa,435,58.19
2015,22251,Villanueva de Sigena,442,146.47
2015,22252,Yebra de Basa,142,90.88
2015,22253,Yésero,58,30.23
2015,22254,Zaidín,1852,92.55
2015,22901,Valle de Hecho,880,234.43
2015,22902,Puente la Reina de Jaca,261,48.13
2015,22903,San Miguel del Cinca,857,106.49
2015,22904,La Sotonera,990,165.54
2015,22905,Lupiñén-Ortilla,364,110.07
2015,22906,Santa María de Dulcis,221,27
2015,22907,Aínsa-Sobrarbe,2220,284.77
2015,22908,Hoz y Costean,230,57.48
2015,22909,Vencillón,411,10.37
2016,22001,Abiego,247,38.19
2016,22002,Abizanda,142,44.84
2016,22003,Adahuesca,166,52.47
2016,22004,Agüero,141,94.16
2016,22006,Aisa,345,80.97
2016,22007,Albalate de Cinca,1147,44.23
2016,22008,Albalatillo,196,9.15
2016,22009,Albelda,735,51.92
2016,22011,Albero Alto,114,19.28
2016,22012,Albero Bajo,137,22.22
2016,22013,Alberuela de Tubo,315,20.79
2016,22014,Alcalá de Gurrea,266,71.42
2016,22015,Alcalá del Obispo,340,47.85
2016,22016,Alcampell,678,58
2016,22017,Alcolea de Cinca,1158,83.24
2016,22018,Alcubierre,385,115.31
2016,22019,Alerre,205,8.94
2016,22020,Alfántega,131,8.76
2016,22021,Almudévar,2472,201.49
2016,22022,Almunia de San Juan,672,35.66
2016,22023,Almuniente,501,37.56
2016,22024,Alquézar,299,32.36
2016,22025,Altorricón,1466,32.41
2016,22027,Angüés,390,56.51
2016,22028,Ansó,412,223.08
2016,22029,Antillón,155,22.41
2016,22032,Aragüés del Puerto,115,64.44
2016,22035,Arén,321,119.32
2016,22036,Argavieso,101,9
2016,22037,Arguis,122,62.75
2016,22039,Ayerbe,1100,63.89
2016,22040,Azanuy-Alins,168,51.17
2016,22041,Azara,187,14.49
2016,22042,Azlor,137,15.89
2016,22043,Baélls,105,39.82
2016,22044,Bailo,287,164.43
2016,22045,Baldellou,91,30.42
2016,22046,Ballobar,825,127.73
2016,22047,Banastás,297,4.66
2016,22048,Barbastro,16961,107
2016,22049,Barbués,83,19.59
2016,22050,Barbuñales,95,18.75
2016,22051,Bárcabo,113,87.92
2016,22052,Belver de Cinca,1294,82.63
2016,22053,Benabarre,1111,157.14
2016,22054,Benasque,2047,233
2016,22055,Berbegal,363,49.03
2016,22057,Bielsa,483,202.41
2016,22058,Bierge,251,145.03
2016,22059,Biescas,1470,189.09
2016,22060,Binaced,1528,78.49
2016,22061,Binéfar,9394,25
2016,22062,Bisaurri,185,63.19
2016,22063,Biscarrués,195,30.18
2016,22064,Blecua y Torres,202,36
2016,22066,Boltaña,959,139.45
2016,22067,Bonansa,80,37.29
2016,22068,Borau,91,41.72
2016,22069,Broto,532,128
2016,22072,Caldearenas,216,192.31
2016,22074,Campo,365,22.86
2016,22075,Camporrélls,138,26.71
2016,22076,Canal de Berdún,361,133.27
2016,22077,Candasnos,318,122.45
2016,22078,Canfranc,543,71.56
2016,22079,Capdesaso,168,17
2016,22080,Capella,364,60.71
2016,22081,Casbas de Huesca,293,132.69
2016,22082,Castejón del Puente,325,25.43
2016,22083,Castejón de Monegros,543,165.42
2016,22084,Castejón de Sos,740,31.59
2016,22085,Castelflorite,114,34.76
2016,22086,Castiello de Jaca,255,17.31
2016,22087,Castigaleu,89,26.53
2016,22088,Castillazuelo,176,15.32
2016,22089,Castillonroy,334,37.58
2016,22090,Colungo,128,40.64
2016,22094,Chalamera,108,11
2016,22095,Chía,85,26
2016,22096,Chimillas,371,10.04
2016,22099,Esplús,612,73
2016,22102,Estada,205,15.87
2016,22103,Estadilla,808,50.39
2016,22105,Estopiñán del Castillo,142,88.71
2016,22106,Fago,22,28.76
2016,22107,Fanlo,107,187
2016,22109,Fiscal,338,170.06
2016,22110,Fonz,918,51.86
2016,22111,Foradada del Toscar,183,106.25
2016,22112,Fraga,14925,437.64
2016,22113,La Fueva,611,218.85
2016,22114,Gistaín,137,75
2016,22115,El Grado,423,63.77
2016,22116,Grañén,1804,123.98
2016,22117,Graus,3329,299.79
2016,22119,Gurrea de Gállego,1513,191.97
2016,22122,Hoz de Jaca,72,12.45
2016,22124,Huerto,230,86.72
2016,22125,Huesca,52282,161.04
2016,22126,Ibieca,100,14.94
2016,22127,Igriés,711,19.17
2016,22128,Ilche,211,63.72
2016,22129,Isábena,266,118.53
2016,22130,Jaca,12929,406.34
2016,22131,Jasa,98,8
2016,22133,Labuerda,158,17.85
2016,22135,Laluenga,211,36.47
2016,22136,Lalueza,974,88.19
2016,22137,Lanaja,1231,183
2016,22139,Laperdiguera,92,11.32
2016,22141,Lascellas-Ponzano,133,27.33
2016,22142,Lascuarre,136,31.87
2016,22143,Laspaúles,266,81.75
2016,22144,Laspuña,274,45.29
2016,22149,Loarre,337,74.42
2016,22150,Loporzano,536,169.28
2016,22151,Loscorrales,102,40.25
2016,22155,Monesma y Cajigar,84,62
2016,22156,Monflorite-Lascasas,360,29.16
2016,22157,Montanuy,223,174
2016,22158,Monzón,17237,155.02
2016,22160,Naval,264,47.32
2016,22162,Novales,177,20.08
2016,22163,Nueno,553,147.24
2016,22164,Olvena,45,15.89
2016,22165,Ontiñena,560,136.96
2016,22167,Osso de Cinca,729,27.66
2016,22168,Palo,24,14.41
2016,22170,Panticosa,774,95
2016,22172,Peñalba,688,156
2016,22173,Las Peñas de Riglos,258,217.87
2016,22174,Peralta de Alcofea,587,116.14
2016,22175,Peralta de Calasanz,228,114.88
2016,22176,Peraltilla,197,16
2016,22177,Perarrúa,113,30.05
2016,22178,Pertusa,115,29.37
2016,22181,Piracés,103,25.15
2016,22182,Plan,299,92.53
2016,22184,Poleñino,209,33.02
2016,22186,Pozán de Vero,204,14.75
2016,22187,La Puebla de Castro,379,29.42
2016,22188,Puente de Montañana,103,48.56
2016,22189,Puértolas,213,99.86
2016,22190,El Pueyo de Araguás,156,61.84
2016,22193,Pueyo de Santa Cruz,317,9.29
2016,22195,Quicena,286,9.67
2016,22197,Robres,569,64
2016,22199,Sabiñánigo,9349,586.82
2016,22200,Sahún,303,73.36
2016,22201,Salas Altas,310,20.74
2016,22202,Salas Bajas,169,12.93
2016,22203,Salillas,98,28.33
2016,22204,Sallent de Gállego,1461,162.14
2016,22205,San Esteban de Litera,498,71
2016,22206,Sangarrén,222,32.22
2016,22207,San Juan de Plan,144,55.53
2016,22208,Santa Cilia,219,28.08
2016,22209,Santa Cruz de la Serós,186,26.97
2016,22212,Santaliestra y San Quílez,95,23.34
2016,22213,Sariñena,4188,275.57
2016,22214,Secastilla,146,47.42
2016,22215,Seira,145,69
2016,22217,Sena,507,104.69
2016,22218,Senés de Alcubierre,45,20.53
2016,22220,Sesa,180,30.84
2016,22221,Sesué,103,5.35
2016,22222,Siétamo,680,48.98
2016,22223,Sopeira,95,44.09
2016,22225,Tamarite de Litera,3507,110.58
2016,22226,Tardienta,965,90.65
2016,22227,Tella-Sin,243,90.33
2016,22228,Tierz,743,6.54
2016,22229,Tolva,134,58.97
2016,22230,Torla-Ordesa,305,185.21
2016,22232,Torralba de Aragón,107,40.39
2016,22233,Torre la Ribera,103,32.06
2016,22234,Torrente de Cinca,1157,56.77
2016,22235,Torres de Alcanadre,98,17.64
2016,22236,Torres de Barbués,281,13.94
2016,22239,Tramaced,113,15.42
2016,22242,Valfarta,70,33
2016,22243,Valle de Bardají,34,45.48
2016,22244,Valle de Lierp,52,32.76
2016,22245,Velilla de Cinca,442,16.54
2016,22246,Beranuy,88,63.75
2016,22247,Viacamp y Litera,44,107.74
2016,22248,Vicién,121,13.76
2016,22249,Villanova,162,7.05
2016,22250,Villanúa,441,58.19
2016,22251,Villanueva de Sigena,422,146.47
2016,22252,Yebra de Basa,140,90.88
2016,22253,Yésero,57,30.23
2016,22254,Zaidín,1783,92.55
2016,22901,Valle de Hecho,879,234.43
2016,22902,Puente la Reina de Jaca,272,48.13
2016,22903,San Miguel del Cinca,826,106.49
2016,22904,La Sotonera,955,165.54
2016,22905,Lupiñén-Ortilla,340,110.07
2016,22906,Santa María de Dulcis,226,27
2016,22907,Aínsa-Sobrarbe,2173,284.77
2016,22908,Hoz y Costean,217,57.48
2016,22909,Vencillón,414,10.37
2017,22001,Abiego,246,38.19
2017,22002,Abizanda,156,44.84
2017,22003,Adahuesca,172,52.47
2017,22004,Agüero,139,94.16
2017,22006,Aisa,331,80.97
2017,22007,Albalate de Cinca,1120,44.23
2017,22008,Albalatillo,187,9.15
2017,22009,Albelda,728,51.92
2017,22011,Albero Alto,114,19.28
2017,22012,Albero Bajo,138,22.22
2017,22013,Alberuela de Tubo,310,20.79
2017,22014,Alcalá de Gurrea,267,71.42
2017,22015,Alcalá del Obispo,332,47.85
2017,22016,Alcampell,671,58
2017,22017,Alcolea de Cinca,1104,83.24
2017,22018,Alcubierre,377,115.31
2017,22019,Alerre,200,8.94
2017,22020,Alfántega,135,8.76
2017,22021,Almudévar,2444,201.49
2017,22022,Almunia de San Juan,665,35.66
2017,22023,Almuniente,486,37.56
2017,22024,Alquézar,304,32.36
2017,22025,Altorricón,1420,32.41
2017,22027,Angüés,360,56.51
2017,22028,Ansó,411,223.08
2017,22029,Antillón,154,22.41
2017,22032,Aragüés del Puerto,114,64.44
2017,22035,Arén,320,119.32
2017,22036,Argavieso,100,9
2017,22037,Arguis,122,62.75
2017,22039,Ayerbe,1071,63.89
2017,22040,Azanuy-Alins,173,51.17
2017,22041,Azara,180,14.49
2017,22042,Azlor,143,15.89
2017,22043,Baélls,103,39.82
2017,22044,Bailo,284,164.43
2017,22045,Baldellou,82,30.42
2017,22046,Ballobar,830,127.73
2017,22047,Banastás,295,4.66
2017,22048,Barbastro,16907,107
2017,22049,Barbués,81,19.59
2017,22050,Barbuñales,94,18.75
2017,22051,Bárcabo,107,87.92
2017,22052,Belver de Cinca,1281,82.63
2017,22053,Benabarre,1110,157.14
2017,22054,Benasque,2121,233
2017,22055,Berbegal,357,49.03
2017,22057,Bielsa,473,202.41
2017,22058,Bierge,242,145.03
2017,22059,Biescas,1480,189.09
2017,22060,Binaced,1524,78.49
2017,22061,Binéfar,9391,25
2017,22062,Bisaurri,180,63.19
2017,22063,Biscarrués,192,30.18
2017,22064,Blecua y Torres,182,36
2017,22066,Boltaña,941,139.45
2017,22067,Bonansa,79,37.29
2017,22068,Borau,81,41.72
2017,22069,Broto,552,128
2017,22072,Caldearenas,228,192.31
2017,22074,Campo,343,22.86
2017,22075,Camporrélls,134,26.71
2017,22076,Canal de Berdún,343,133.27
2017,22077,Candasnos,315,122.45
2017,22078,Canfranc,542,71.56
2017,22079,Capdesaso,163,17
2017,22080,Capella,358,60.71
2017,22081,Casbas de Huesca,279,132.69
2017,22082,Castejón del Puente,326,25.43
2017,22083,Castejón de Monegros,528,165.42
2017,22084,Castejón de Sos,738,31.59
2017,22085,Castelflorite,112,34.76
2017,22086,Castiello de Jaca,244,17.31
2017,22087,Castigaleu,87,26.53
2017,22088,Castillazuelo,174,15.32
2017,22089,Castillonroy,321,37.58
2017,22090,Colungo,118,40.64
2017,22094,Chalamera,111,11
2017,22095,Chía,87,26
2017,22096,Chimillas,389,10.04
2017,22099,Esplús,581,73
2017,22102,Estada,202,15.87
2017,22103,Estadilla,814,50.39
2017,22105,Estopiñán del Castillo,132,88.71
2017,22106,Fago,27,28.76
2017,22107,Fanlo,102,187
2017,22109,Fiscal,323,170.06
2017,22110,Fonz,902,51.86
2017,22111,Foradada del Toscar,178,106.25
2017,22112,Fraga,15024,437.64
2017,22113,La Fueva,608,218.85
2017,22114,Gistaín,142,75
2017,22115,El Grado,422,63.77
2017,22116,Grañén,1748,123.98
2017,22117,Graus,3334,299.79
2017,22119,Gurrea de Gállego,1483,191.97
2017,22122,Hoz de Jaca,76,12.45
2017,22124,Huerto,218,86.72
2017,22125,Huesca,52223,161.04
2017,22126,Ibieca,100,14.94
2017,22127,Igriés,686,19.17
2017,22128,Ilche,213,63.72
2017,22129,Isábena,261,118.53
2017,22130,Jaca,12889,406.34
2017,22131,Jasa,94,8
2017,22133,Labuerda,157,17.85
2017,22135,Laluenga,210,36.47
2017,22136,Lalueza,943,88.19
2017,22137,Lanaja,1179,183
2017,22139,Laperdiguera,91,11.32
2017,22141,Lascellas-Ponzano,128,27.33
2017,22142,Lascuarre,133,31.87
2017,22143,Laspaúles,244,81.75
2017,22144,Laspuña,281,45.29
2017,22149,Loarre,332,74.42
2017,22150,Loporzano,522,169.28
2017,22151,Loscorrales,100,40.25
2017,22155,Monesma y Cajigar,77,62
2017,22156,Monflorite-Lascasas,379,29.16
2017,22157,Montanuy,220,174
2017,22158,Monzón,17166,155.02
2017,22160,Naval,270,47.32
2017,22162,Novales,155,20.08
2017,22163,Nueno,537,147.24
2017,22164,Olvena,48,15.89
2017,22165,Ontiñena,537,136.96
2017,22167,Osso de Cinca,691,27.66
2017,22168,Palo,26,14.41
2017,22170,Panticosa,795,95
2017,22172,Peñalba,662,156
2017,22173,Las Peñas de Riglos,255,217.87
2017,22174,Peralta de Alcofea,576,116.14
2017,22175,Peralta de Calasanz,221,114.88
2017,22176,Peraltilla,200,16
2017,22177,Perarrúa,112,30.05
2017,22178,Pertusa,114,29.37
2017,22181,Piracés,104,25.15
2017,22182,Plan,287,92.53
2017,22184,Poleñino,205,33.02
2017,22186,Pozán de Vero,214,14.75
2017,22187,La Puebla de Castro,361,29.42
2017,22188,Puente de Montañana,96,48.56
2017,22189,Puértolas,210,99.86
2017,22190,El Pueyo de Araguás,152,61.84
2017,22193,Pueyo de Santa Cruz,328,9.29
2017,22195,Quicena,283,9.67
2017,22197,Robres,561,64
2017,22199,Sabiñánigo,9254,586.82
2017,22200,Sahún,305,73.36
2017,22201,Salas Altas,303,20.74
2017,22202,Salas Bajas,171,12.93
2017,22203,Salillas,101,28.33
2017,22204,Sallent de Gállego,1444,162.14
2017,22205,San Esteban de Litera,485,71
2017,22206,Sangarrén,220,32.22
2017,22207,San Juan de Plan,142,55.53
2017,22208,Santa Cilia,229,28.08
2017,22209,Santa Cruz de la Serós,177,26.97
2017,22212,Santaliestra y San Quílez,87,23.34
2017,22213,Sariñena,4155,275.57
2017,22214,Secastilla,150,47.42
2017,22215,Seira,143,69
2017,22217,Sena,481,104.69
2017,22218,Senés de Alcubierre,42,20.53
2017,22220,Sesa,175,30.84
2017,22221,Sesué,126,5.35
2017,22222,Siétamo,681,48.98
2017,22223,Sopeira,96,44.09
2017,22225,Tamarite de Litera,3507,110.58
2017,22226,Tardienta,973,90.65
2017,22227,Tella-Sin,231,90.33
2017,22228,Tierz,754,6.54
2017,22229,Tolva,127,58.97
2017,22230,Torla-Ordesa,299,185.21
2017,22232,Torralba de Aragón,114,40.39
2017,22233,Torre la Ribera,103,32.06
2017,22234,Torrente de Cinca,1132,56.77
2017,22235,Torres de Alcanadre,93,17.64
2017,22236,Torres de Barbués,272,13.94
2017,22239,Tramaced,107,15.42
2017,22242,Valfarta,66,33
2017,22243,Valle de Bardají,35,45.48
2017,22244,Valle de Lierp,48,32.76
2017,22245,Velilla de Cinca,448,16.54
2017,22246,Beranuy,77,63.75
2017,22247,Viacamp y Litera,35,107.74
2017,22248,Vicién,121,13.76
2017,22249,Villanova,164,7.05
2017,22250,Villanúa,450,58.19
2017,22251,Villanueva de Sigena,405,146.47
2017,22252,Yebra de Basa,147,90.88
2017,22253,Yésero,56,30.23
2017,22254,Zaidín,1772,92.55
2017,22901,Valle de Hecho,852,234.43
2017,22902,Puente la Reina de Jaca,263,48.13
2017,22903,San Miguel del Cinca,816,106.49
2017,22904,La Sotonera,932,165.54
2017,22905,Lupiñén-Ortilla,335,110.07
2017,22906,Santa María de Dulcis,213,27
2017,22907,Aínsa-Sobrarbe,2128,284.77
2017,22908,Hoz y Costean,221,57.48
2017,22909,Vencillón,392,10.37
2018,22001,Abiego,237,38.19
2018,22002,Abizanda,151,44.84
2018,22003,Adahuesca,172,52.47
2018,22004,Agüero,130,94.16
2018,22006,Aisa,321,80.97
2018,22007,Albalate de Cinca,1102,44.23
2018,22008,Albalatillo,181,9.15
2018,22009,Albelda,721,51.92
2018,22011,Albero Alto,105,19.28
2018,22012,Albero Bajo,141,22.22
2018,22013,Alberuela de Tubo,309,20.79
2018,22014,Alcalá de Gurrea,246,71.42
2018,22015,Alcalá del Obispo,325,47.85
2018,22016,Alcampell,652,58
2018,22017,Alcolea de Cinca,1160,83.24
2018,22018,Alcubierre,363,115.31
2018,22019,Alerre,201,8.94
2018,22020,Alfántega,127,8.76
2018,22021,Almudévar,2394,201.49
2018,22022,Almunia de San Juan,654,35.66
2018,22023,Almuniente,471,37.56
2018,22024,Alquézar,296,32.36
2018,22025,Altorricón,1409,32.41
2018,22027,Angüés,367,56.51
2018,22028,Ansó,431,223.08
2018,22029,Antillón,149,22.41
2018,22032,Aragüés del Puerto,116,64.44
2018,22035,Arén,318,119.32
2018,22036,Argavieso,96,9
2018,22037,Arguis,129,62.75
2018,22039,Ayerbe,1041,63.89
2018,22040,Azanuy-Alins,176,51.17
2018,22041,Azara,174,14.49
2018,22042,Azlor,153,15.89
2018,22043,Baélls,104,39.82
2018,22044,Bailo,279,164.43
2018,22045,Baldellou,77,30.42
2018,22046,Ballobar,823,127.73
2018,22047,Banastás,292,4.66
2018,22048,Barbastro,16944,107
2018,22049,Barbués,77,19.59
2018,22050,Barbuñales,95,18.75
2018,22051,Bárcabo,105,87.92
2018,22052,Belver de Cinca,1292,82.63
2018,22053,Benabarre,1107,157.14
2018,22054,Benasque,2157,233
2018,22055,Berbegal,345,49.03
2018,22057,Bielsa,476,202.41
2018,22058,Bierge,231,145.03
2018,22059,Biescas,1479,189.09
2018,22060,Binaced,1555,78.49
2018,22061,Binéfar,9435,25
2018,22062,Bisaurri,181,63.19
2018,22063,Biscarrués,189,30.18
2018,22064,Blecua y Torres,183,36
2018,22066,Boltaña,986,139.45
2018,22067,Bonansa,86,37.29
2018,22068,Borau,80,41.72
2018,22069,Broto,531,128
2018,22072,Caldearenas,218,192.31
2018,22074,Campo,323,22.86
2018,22075,Camporrélls,137,26.71
2018,22076,Canal de Berdún,321,133.27
2018,22077,Candasnos,317,122.45
2018,22078,Canfranc,532,71.56
2018,22079,Capdesaso,174,17
2018,22080,Capella,354,60.71
2018,22081,Casbas de Huesca,269,132.69
2018,22082,Castejón del Puente,315,25.43
2018,22083,Castejón de Monegros,531,165.42
2018,22084,Castejón de Sos,753,31.59
2018,22085,Castelflorite,108,34.76
2018,22086,Castiello de Jaca,267,17.31
2018,22087,Castigaleu,86,26.53
2018,22088,Castillazuelo,169,15.32
2018,22089,Castillonroy,312,37.58
2018,22090,Colungo,114,40.64
2018,22094,Chalamera,108,11
2018,22095,Chía,86,26
2018,22096,Chimillas,391,10.04
2018,22099,Esplús,541,73
2018,22102,Estada,204,15.87
2018,22103,Estadilla,794,50.39
2018,22105,Estopiñán del Castillo,126,88.71
2018,22106,Fago,23,28.76
2018,22107,Fanlo,97,187
2018,22109,Fiscal,327,170.06
2018,22110,Fonz,870,51.86
2018,22111,Foradada del Toscar,173,106.25
2018,22112,Fraga,14979,437.64
2018,22113,La Fueva,597,218.85
2018,22114,Gistaín,149,75
2018,22115,El Grado,426,63.77
2018,22116,Grañén,1753,123.98
2018,22117,Graus,3305,299.79
2018,22119,Gurrea de Gállego,1476,191.97
2018,22122,Hoz de Jaca,76,12.45
2018,22124,Huerto,218,86.72
2018,22125,Huesca,52463,161.04
2018,22126,Ibieca,97,14.94
2018,22127,Igriés,705,19.17
2018,22128,Ilche,212,63.72
2018,22129,Isábena,238,118.53
2018,22130,Jaca,12813,406.34
2018,22131,Jasa,92,8
2018,22133,Labuerda,162,17.85
2018,22135,Laluenga,194,36.47
2018,22136,Lalueza,913,88.19
2018,22137,Lanaja,1202,183
2018,22139,Laperdiguera,91,11.32
2018,22141,Lascellas-Ponzano,126,27.33
2018,22142,Lascuarre,136,31.87
2018,22143,Laspaúles,230,81.75
2018,22144,Laspuña,291,45.29
2018,22149,Loarre,331,74.42
2018,22150,Loporzano,522,169.28
2018,22151,Loscorrales,106,40.25
2018,22155,Monesma y Cajigar,73,62
2018,22156,Monflorite-Lascasas,403,29.16
2018,22157,Montanuy,215,174
2018,22158,Monzón,17061,155.02
2018,22160,Naval,269,47.32
2018,22162,Novales,155,20.08
2018,22163,Nueno,532,147.24
2018,22164,Olvena,50,15.89
2018,22165,Ontiñena,533,136.96
2018,22167,Osso de Cinca,687,27.66
2018,22168,Palo,27,14.41
2018,22170,Panticosa,786,95
2018,22172,Peñalba,622,156
2018,22173,Las Peñas de Riglos,251,217.87
2018,22174,Peralta de Alcofea,562,116.14
2018,22175,Peralta de Calasanz,219,114.88
2018,22176,Peraltilla,199,16
2018,22177,Perarrúa,109,30.05
2018,22178,Pertusa,110,29.37
2018,22181,Piracés,98,25.15
2018,22182,Plan,287,92.53
2018,22184,Poleñino,200,33.02
2018,22186,Pozán de Vero,218,14.75
2018,22187,La Puebla de Castro,372,29.42
2018,22188,Puente de Montañana,93,48.56
2018,22189,Puértolas,215,99.86
2018,22190,El Pueyo de Araguás,154,61.84
2018,22193,Pueyo de Santa Cruz,314,9.29
2018,22195,Quicena,283,9.67
2018,22197,Robres,541,64
2018,22199,Sabiñánigo,9245,586.82
2018,22200,Sahún,294,73.36
2018,22201,Salas Altas,308,20.74
2018,22202,Salas Bajas,167,12.93
2018,22203,Salillas,96,28.33
2018,22204,Sallent de Gállego,1463,162.14
2018,22205,San Esteban de Litera,506,71
2018,22206,Sangarrén,219,32.22
2018,22207,San Juan de Plan,152,55.53
2018,22208,Santa Cilia,231,28.08
2018,22209,Santa Cruz de la Serós,180,26.97
2018,22212,Santaliestra y San Quílez,81,23.34
2018,22213,Sariñena,4168,275.57
2018,22214,Secastilla,146,47.42
2018,22215,Seira,150,69
2018,22217,Sena,489,104.69
2018,22218,Senés de Alcubierre,41,20.53
2018,22220,Sesa,167,30.84
2018,22221,Sesué,127,5.35
2018,22222,Siétamo,664,48.98
2018,22223,Sopeira,94,44.09
2018,22225,Tamarite de Litera,3528,110.58
2018,22226,Tardienta,952,90.65
2018,22227,Tella-Sin,226,90.33
2018,22228,Tierz,758,6.54
2018,22229,Tolva,123,58.97
2018,22230,Torla-Ordesa,298,185.21
2018,22232,Torralba de Aragón,103,40.39
2018,22233,Torre la Ribera,102,32.06
2018,22234,Torrente de Cinca,1148,56.77
2018,22235,Torres de Alcanadre,92,17.64
2018,22236,Torres de Barbués,266,13.94
2018,22239,Tramaced,99,15.42
2018,22242,Valfarta,69,33
2018,22243,Valle de Bardají,34,45.48
2018,22244,Valle de Lierp,46,32.76
2018,22245,Velilla de Cinca,463,16.54
2018,22246,Beranuy,78,63.75
2018,22247,Viacamp y Litera,36,107.74
2018,22248,Vicién,116,13.76
2018,22249,Villanova,159,7.05
2018,22250,Villanúa,447,58.19
2018,22251,Villanueva de Sigena,394,146.47
2018,22252,Yebra de Basa,147,90.88
2018,22253,Yésero,60,30.23
2018,22254,Zaidín,1774,92.55
2018,22901,Valle de Hecho,839,234.43
2018,22902,Puente la Reina de Jaca,260,48.13
2018,22903,San Miguel del Cinca,813,106.49
2018,22904,La Sotonera,894,165.54
2018,22905,Lupiñén-Ortilla,341,110.07
2018,22906,Santa María de Dulcis,208,27
2018,22907,Aínsa-Sobrarbe,2151,284.77
2018,22908,Hoz y Costean,226,57.48
2018,22909,Vencillón,399,10.37
2019,22001,Abiego,248,38.19
2019,22002,Abizanda,150,44.84
2019,22003,Adahuesca,177,52.47
2019,22004,Agüero,129,94.16
2019,22006,Aisa,320,80.97
2019,22007,Albalate de Cinca,1103,44.23
2019,22008,Albalatillo,176,9.15
2019,22009,Albelda,698,51.92
2019,22011,Albero Alto,117,19.28
2019,22012,Albero Bajo,135,22.22
2019,22013,Alberuela de Tubo,301,20.79
2019,22014,Alcalá de Gurrea,248,71.42
2019,22015,Alcalá del Obispo,318,47.85
2019,22016,Alcampell,631,58
2019,22017,Alcolea de Cinca,1155,83.24
2019,22018,Alcubierre,360,115.31
2019,22019,Alerre,199,8.94
2019,22020,Alfántega,130,8.76
2019,22021,Almudévar,2379,201.49
2019,22022,Almunia de San Juan,658,35.66
2019,22023,Almuniente,460,37.56
2019,22024,Alquézar,303,32.36
2019,22025,Altorricón,1417,32.41
2019,22027,Angüés,354,56.51
2019,22028,Ansó,405,223.08
2019,22029,Antillón,140,22.41
2019,22032,Aragüés del Puerto,115,64.44
2019,22035,Arén,313,119.32
2019,22036,Argavieso,95,9
2019,22037,Arguis,127,62.75
2019,22039,Ayerbe,1009,63.89
2019,22040,Azanuy-Alins,168,51.17
2019,22041,Azara,171,14.49
2019,22042,Azlor,143,15.89
2019,22043,Baélls,104,39.82
2019,22044,Bailo,267,164.43
2019,22045,Baldellou,76,30.42
2019,22046,Ballobar,812,127.73
2019,22047,Banastás,295,4.66
2019,22048,Barbastro,16979,107
2019,22049,Barbués,78,19.59
2019,22050,Barbuñales,96,18.75
2019,22051,Bárcabo,103,87.92
2019,22052,Belver de Cinca,1275,82.63
2019,22053,Benabarre,1124,157.14
2019,22054,Benasque,2155,233
2019,22055,Berbegal,347,49.03
2019,22057,Bielsa,457,202.41
2019,22058,Bierge,239,145.03
2019,22059,Biescas,1463,189.09
2019,22060,Binaced,1575,78.49
2019,22061,Binéfar,9561,25
2019,22062,Bisaurri,167,63.19
2019,22063,Biscarrués,182,30.18
2019,22064,Blecua y Torres,182,36
2019,22066,Boltaña,1016,139.45
2019,22067,Bonansa,88,37.29
2019,22068,Borau,74,41.72
2019,22069,Broto,522,128
2019,22072,Caldearenas,229,192.31
2019,22074,Campo,278,22.86
2019,22075,Camporrélls,134,26.71
2019,22076,Canal de Berdún,314,133.27
2019,22077,Candasnos,462,122.45
2019,22078,Canfranc,540,71.56
2019,22079,Capdesaso,198,17
2019,22080,Capella,349,60.71
2019,22081,Casbas de Huesca,270,132.69
2019,22082,Castejón del Puente,318,25.43
2019,22083,Castejón de Monegros,522,165.42
2019,22084,Castejón de Sos,747,31.59
2019,22085,Castelflorite,106,34.76
2019,22086,Castiello de Jaca,243,17.31
2019,22087,Castigaleu,84,26.53
2019,22088,Castillazuelo,162,15.32
2019,22089,Castillonroy,313,37.58
2019,22090,Colungo,110,40.64
2019,22094,Chalamera,106,11
2019,22095,Chía,83,26
2019,22096,Chimillas,393,10.04
2019,22099,Esplús,581,73
2019,22102,Estada,208,15.87
2019,22103,Estadilla,800,50.39
2019,22105,Estopiñán del Castillo,120,88.71
2019,22106,Fago,22,28.76
2019,22107,Fanlo,101,187
2019,22109,Fiscal,330,170.06
2019,22110,Fonz,859,51.86
2019,22111,Foradada del Toscar,172,106.25
2019,22112,Fraga,15033,437.64
2019,22113,La Fueva,587,218.85
2019,22114,Gistaín,142,75
2019,22115,El Grado,400,63.77
2019,22116,Grañén,1762,123.98
2019,22117,Graus,3395,299.79
2019,22119,Gurrea de Gállego,1467,191.97
2019,22122,Hoz de Jaca,70,12.45
2019,22124,Huerto,206,86.72
2019,22125,Huesca,53132,161.04
2019,22126,Ibieca,96,14.94
2019,22127,Igriés,723,19.17
2019,22128,Ilche,211,63.72
2019,22129,Isábena,235,118.53
2019,22130,Jaca,12988,406.34
2019,22131,Jasa,92,8
2019,22133,Labuerda,162,17.85
2019,22135,Laluenga,197,36.47
2019,22136,Lalueza,892,88.19
2019,22137,Lanaja,1174,183
2019,22139,Laperdiguera,91,11.32
2019,22141,Lascellas-Ponzano,129,27.33
2019,22142,Lascuarre,132,31.87
2019,22143,Laspaúles,230,81.75
2019,22144,Laspuña,298,45.29
2019,22149,Loarre,338,74.42
2019,22150,Loporzano,530,169.28
2019,22151,Loscorrales,99,40.25
2019,22155,Monesma y Cajigar,76,62
2019,22156,Monflorite-Lascasas,404,29.16
2019,22157,Montanuy,212,174
2019,22158,Monzón,17236,155.02
2019,22160,Naval,275,47.32
2019,22162,Novales,156,20.08
2019,22163,Nueno,537,147.24
2019,22164,Olvena,55,15.89
2019,22165,Ontiñena,518,136.96
2019,22167,Osso de Cinca,681,27.66
2019,22168,Palo,27,14.41
2019,22170,Panticosa,784,95
2019,22172,Peñalba,611,156
2019,22173,Las Peñas de Riglos,248,217.87
2019,22174,Peralta de Alcofea,556,116.14
2019,22175,Peralta de Calasanz,210,114.88
2019,22176,Peraltilla,196,16
2019,22177,Perarrúa,111,30.05
2019,22178,Pertusa,113,29.37
2019,22181,Piracés,102,25.15
2019,22182,Plan,283,92.53
2019,22184,Poleñino,200,33.02
2019,22186,Pozán de Vero,228,14.75
2019,22187,La Puebla de Castro,383,29.42
2019,22188,Puente de Montañana,89,48.56
2019,22189,Puértolas,212,99.86
2019,22190,El Pueyo de Araguás,161,61.84
2019,22193,Pueyo de Santa Cruz,318,9.29
2019,22195,Quicena,280,9.67
2019,22197,Robres,527,64
2019,22199,Sabiñánigo,9238,586.82
2019,22200,Sahún,312,73.36
2019,22201,Salas Altas,316,20.74
2019,22202,Salas Bajas,175,12.93
2019,22203,Salillas,94,28.33
2019,22204,Sallent de Gállego,1478,162.14
2019,22205,San Esteban de Litera,535,71
2019,22206,Sangarrén,223,32.22
2019,22207,San Juan de Plan,153,55.53
2019,22208,Santa Cilia,240,28.08
2019,22209,Santa Cruz de la Serós,183,26.97
2019,22212,Santaliestra y San Quílez,82,23.34
2019,22213,Sariñena,4160,275.57
2019,22214,Secastilla,140,47.42
2019,22215,Seira,148,69
2019,22217,Sena,495,104.69
2019,22218,Senés de Alcubierre,41,20.53
2019,22220,Sesa,161,30.84
2019,22221,Sesué,122,5.35
2019,22222,Siétamo,679,48.98
2019,22223,Sopeira,91,44.09
2019,22225,Tamarite de Litera,3476,110.58
2019,22226,Tardienta,961,90.65
2019,22227,Tella-Sin,232,90.33
2019,22228,Tierz,771,6.54
2019,22229,Tolva,121,58.97
2019,22230,Torla-Ordesa,304,185.21
2019,22232,Torralba de Aragón,101,40.39
2019,22233,Torre la Ribera,101,32.06
2019,22234,Torrente de Cinca,1154,56.77
2019,22235,Torres de Alcanadre,86,17.64
2019,22236,Torres de Barbués,252,13.94
2019,22239,Tramaced,104,15.42
2019,22242,Valfarta,67,33
2019,22243,Valle de Bardají,30,45.48
2019,22244,Valle de Lierp,39,32.76
2019,22245,Velilla de Cinca,461,16.54
2019,22246,Beranuy,82,63.75
2019,22247,Viacamp y Litera,36,107.74
2019,22248,Vicién,113,13.76
2019,22249,Villanova,168,7.05
2019,22250,Villanúa,432,58.19
2019,22251,Villanueva de Sigena,390,146.47
2019,22252,Yebra de Basa,143,90.88
2019,22253,Yésero,57,30.23
2019,22254,Zaidín,1763,92.55
2019,22901,Valle de Hecho,822,234.43
2019,22902,Puente la Reina de Jaca,255,48.13
2019,22903,San Miguel del Cinca,795,106.49
2019,22904,La Sotonera,872,165.54
2019,22905,Lupiñén-Ortilla,342,110.07
2019,22906,Santa María de Dulcis,209,27
2019,22907,Aínsa-Sobrarbe,2201,284.77
2019,22908,Hoz y Costean,223,57.48
2019,22909,Vencillón,389,10.37
2020,22001,Abiego,258,38.19
2020,22002,Abizanda,139,44.84
2020,22003,Adahuesca,180,52.47
2020,22004,Agüero,125,94.16
2020,22006,Aisa,313,80.97
2020,22007,Albalate de Cinca,1099,44.23
2020,22008,Albalatillo,163,9.15
2020,22009,Albelda,708,51.92
2020,22011,Albero Alto,120,19.28
2020,22012,Albero Bajo,132,22.22
2020,22013,Alberuela de Tubo,290,20.79
2020,22014,Alcalá de Gurrea,239,71.42
2020,22015,Alcalá del Obispo,298,47.85
2020,22016,Alcampell,623,58
2020,22017,Alcolea de Cinca,1177,83.24
2020,22018,Alcubierre,362,115.31
2020,22019,Alerre,200,8.94
2020,22020,Alfántega,130,8.76
2020,22021,Almudévar,2377,201.49
2020,22022,Almunia de San Juan,666,35.66
2020,22023,Almuniente,457,37.56
2020,22024,Alquézar,312,32.36
2020,22025,Altorricón,1420,32.41
2020,22027,Angüés,353,56.51
2020,22028,Ansó,386,223.08
2020,22029,Antillón,135,22.41
2020,22032,Aragüés del Puerto,111,64.44
2020,22035,Arén,308,119.32
2020,22036,Argavieso,95,9
2020,22037,Arguis,125,62.75
2020,22039,Ayerbe,1017,63.89
2020,22040,Azanuy-Alins,170,51.17
2020,22041,Azara,157,14.49
2020,22042,Azlor,138,15.89
2020,22043,Baélls,97,39.82
2020,22044,Bailo,261,164.43
2020,22045,Baldellou,64,30.42
2020,22046,Ballobar,833,127.73
2020,22047,Banastás,310,4.66
2020,22048,Barbastro,17174,107
2020,22049,Barbués,86,19.59
2020,22050,Barbuñales,96,18.75
2020,22051,Bárcabo,102,87.92
2020,22052,Belver de Cinca,1301,82.63
2020,22053,Benabarre,1142,157.14
2020,22054,Benasque,2184,233
2020,22055,Berbegal,327,49.03
2020,22057,Bielsa,448,202.41
2020,22058,Bierge,252,145.03
2020,22059,Biescas,1474,189.09
2020,22060,Binaced,1605,78.49
2020,22061,Binéfar,9742,25
2020,22062,Bisaurri,171,63.19
2020,22063,Biscarrués,182,30.18
2020,22064,Blecua y Torres,173,36
2020,22066,Boltaña,1045,139.45
2020,22067,Bonansa,87,37.29
2020,22068,Borau,70,41.72
2020,22069,Broto,538,128
2020,22072,Caldearenas,226,192.31
2020,22074,Campo,436,22.86
2020,22075,Camporrélls,127,26.71
2020,22076,Canal de Berdún,323,133.27
2020,22077,Candasnos,419,122.45
2020,22078,Canfranc,558,71.56
2020,22079,Capdesaso,211,17
2020,22080,Capella,360,60.71
2020,22081,Casbas de Huesca,275,132.69
2020,22082,Castejón del Puente,312,25.43
2020,22083,Castejón de Monegros,510,165.42
2020,22084,Castejón de Sos,764,31.59
2020,22085,Castelflorite,103,34.76
2020,22086,Castiello de Jaca,221,17.31
2020,22087,Castigaleu,79,26.53
2020,22088,Castillazuelo,153,15.32
2020,22089,Castillonroy,318,37.58
2020,22090,Colungo,117,40.64
2020,22094,Chalamera,113,11
2020,22095,Chía,83,26
2020,22096,Chimillas,402,10.04
2020,22099,Esplús,632,73
2020,22102,Estada,199,15.87
2020,22103,Estadilla,796,50.39
2020,22105,Estopiñán del Castillo,121,88.71
2020,22106,Fago,20,28.76
2020,22107,Fanlo,100,187
2020,22109,Fiscal,331,170.06
2020,22110,Fonz,851,51.86
2020,22111,Foradada del Toscar,162,106.25
2020,22112,Fraga,15353,437.64
2020,22113,La Fueva,600,218.85
2020,22114,Gistaín,147,75
2020,22115,El Grado,395,63.77
2020,22116,Grañén,1738,123.98
2020,22117,Graus,3365,299.79
2020,22119,Gurrea de Gállego,1476,191.97
2020,22122,Hoz de Jaca,73,12.45
2020,22124,Huerto,213,86.72
2020,22125,Huesca,53956,161.04
2020,22126,Ibieca,100,14.94
2020,22127,Igriés,695,19.17
2020,22128,Ilche,197,63.72
2020,22129,Isábena,231,118.53
2020,22130,Jaca,13129,406.34
2020,22131,Jasa,96,8
2020,22133,Labuerda,155,17.85
2020,22135,Laluenga,191,36.47
2020,22136,Lalueza,892,88.19
2020,22137,Lanaja,1163,183
2020,22139,Laperdiguera,92,11.32
2020,22141,Lascellas-Ponzano,130,27.33
2020,22142,Lascuarre,139,31.87
2020,22143,Laspaúles,205,81.75
2020,22144,Laspuña,297,45.29
2020,22149,Loarre,323,74.42
2020,22150,Loporzano,514,169.28
2020,22151,Loscorrales,93,40.25
2020,22155,Monesma y Cajigar,72,62
2020,22156,Monflorite-Lascasas,405,29.16
2020,22157,Montanuy,210,174
2020,22158,Monzón,17469,155.02
2020,22160,Naval,265,47.32
2020,22162,Novales,152,20.08
2020,22163,Nueno,546,147.24
2020,22164,Olvena,56,15.89
2020,22165,Ontiñena,508,136.96
2020,22167,Osso de Cinca,678,27.66
2020,22168,Palo,26,14.41
2020,22170,Panticosa,800,95
2020,22172,Peñalba,644,156
2020,22173,Las Peñas de Riglos,247,217.87
2020,22174,Peralta de Alcofea,563,116.14
2020,22175,Peralta de Calasanz,210,114.88
2020,22176,Peraltilla,209,16
2020,22177,Perarrúa,106,30.05
2020,22178,Pertusa,120,29.37
2020,22181,Piracés,100,25.15
2020,22182,Plan,273,92.53
2020,22184,Poleñino,210,33.02
2020,22186,Pozán de Vero,214,14.75
2020,22187,La Puebla de Castro,377,29.42
2020,22188,Puente de Montañana,93,48.56
2020,22189,Puértolas,213,99.86
2020,22190,El Pueyo de Araguás,161,61.84
2020,22193,Pueyo de Santa Cruz,331,9.29
2020,22195,Quicena,282,9.67
2020,22197,Robres,514,64
2020,22199,Sabiñánigo,9185,586.82
2020,22200,Sahún,303,73.36
2020,22201,Salas Altas,306,20.74
2020,22202,Salas Bajas,185,12.93
2020,22203,Salillas,91,28.33
2020,22204,Sallent de Gállego,1477,162.14
2020,22205,San Esteban de Litera,547,71
2020,22206,Sangarrén,221,32.22
2020,22207,San Juan de Plan,150,55.53
2020,22208,Santa Cilia,243,28.08
2020,22209,Santa Cruz de la Serós,188,26.97
2020,22212,Santaliestra y San Quílez,80,23.34
2020,22213,Sariñena,4184,275.57
2020,22214,Secastilla,140,47.42
2020,22215,Seira,145,69
2020,22217,Sena,501,104.69
2020,22218,Senés de Alcubierre,40,20.53
2020,22220,Sesa,154,30.84
2020,22221,Sesué,122,5.35
2020,22222,Siétamo,689,48.98
2020,22223,Sopeira,91,44.09
2020,22225,Tamarite de Litera,3487,110.58
2020,22226,Tardienta,948,90.65
2020,22227,Tella-Sin,225,90.33
2020,22228,Tierz,781,6.54
2020,22229,Tolva,122,58.97
2020,22230,Torla-Ordesa,298,185.21
2020,22232,Torralba de Aragón,113,40.39
2020,22233,Torre la Ribera,96,32.06
2020,22234,Torrente de Cinca,1327,56.77
2020,22235,Torres de Alcanadre,82,17.64
2020,22236,Torres de Barbués,251,13.94
2020,22239,Tramaced,98,15.42
2020,22242,Valfarta,63,33
2020,22243,Valle de Bardají,40,45.48
2020,22244,Valle de Lierp,51,32.76
2020,22245,Velilla de Cinca,460,16.54
2020,22246,Beranuy,75,63.75
2020,22247,Viacamp y Litera,37,107.74
2020,22248,Vicién,110,13.76
2020,22249,Villanova,174,7.05
2020,22250,Villanúa,451,58.19
2020,22251,Villanueva de Sigena,384,146.47
2020,22252,Yebra de Basa,142,90.88
2020,22253,Yésero,57,30.23
2020,22254,Zaidín,1798,92.55
2020,22901,Valle de Hecho,817,234.43
2020,22902,Puente la Reina de Jaca,245,48.13
2020,22903,San Miguel del Cinca,780,106.49
2020,22904,La Sotonera,859,165.54
2020,22905,Lupiñén-Ortilla,335,110.07
2020,22906,Santa María de Dulcis,205,27
2020,22907,Aínsa-Sobrarbe,2242,284.77
2020,22908,Hoz y Costean,221,57.48
2020,22909,Vencillón,390,10.37
2021,22001,Abiego,271,38.19
2021,22002,Abizanda,143,44.84
2021,22003,Adahuesca,190,52.47
2021,22004,Agüero,139,94.16
2021,22006,Aisa,336,80.97
2021,22007,Albalate de Cinca,1125,44.23
2021,22008,Albalatillo,188,9.15
2021,22009,Albelda,686,51.92
2021,22011,Albero Alto,118,19.28
2021,22012,Albero Bajo,137,22.22
2021,22013,Alberuela de Tubo,306,20.79
2021,22014,Alcalá de Gurrea,230,71.42
2021,22015,Alcalá del Obispo,337,47.85
2021,22016,Alcampell,627,58
2021,22017,Alcolea de Cinca,1200,83.24
2021,22018,Alcubierre,372,115.31
2021,22019,Alerre,208,8.94
2021,22020,Alfántega,133,8.76
2021,22021,Almudévar,2412,201.49
2021,22022,Almunia de San Juan,689,35.66
2021,22023,Almuniente,454,37.56
2021,22024,Alquézar,338,32.36
2021,22025,Altorricón,1441,32.41
2021,22027,Angüés,370,56.51
2021,22028,Ansó,397,223.08
2021,22029,Antillón,137,22.41
2021,22032,Aragüés del Puerto,116,64.44
2021,22035,Arén,318,119.32
2021,22036,Argavieso,114,9
2021,22037,Arguis,153,62.75
2021,22039,Ayerbe,1028,63.89
2021,22040,Azanuy-Alins,177,51.17
2021,22041,Azara,162,14.49
2021,22042,Azlor,148,15.89
2021,22043,Baélls,94,39.82
2021,22044,Bailo,263,164.43
2021,22045,Baldellou,71,30.42
2021,22046,Ballobar,849,127.73
2021,22047,Banastás,327,4.66
2021,22048,Barbastro,17146,107
2021,22049,Barbués,91,19.59
2021,22050,Barbuñales,100,18.75
2021,22051,Bárcabo,106,87.92
2021,22052,Belver de Cinca,1307,82.63
2021,22053,Benabarre,1162,157.14
2021,22054,Benasque,2239,233
2021,22055,Berbegal,308,49.03
2021,22057,Bielsa,481,202.41
2021,22058,Bierge,254,145.03
2021,22059,Biescas,1550,189.09
2021,22060,Binaced,1597,78.49
2021,22061,Binéfar,9888,25
2021,22062,Bisaurri,176,63.19
2021,22063,Biscarrués,191,30.18
2021,22064,Blecua y Torres,179,36
2021,22066,Boltaña,1065,139.45
2021,22067,Bonansa,90,37.29
2021,22068,Borau,83,41.72
2021,22069,Broto,564,128
2021,22072,Caldearenas,222,192.31
2021,22074,Campo,459,22.86
2021,22075,Camporrélls,123,26.71
2021,22076,Canal de Berdún,348,133.27
2021,22077,Candasnos,402,122.45
2021,22078,Canfranc,599,71.56
2021,22079,Capdesaso,208,17
2021,22080,Capella,350,60.71
2021,22081,Casbas de Huesca,290,132.69
2021,22082,Castejón del Puente,345,25.43
2021,22083,Castejón de Monegros,497,165.42
2021,22084,Castejón de Sos,791,31.59
2021,22085,Castelflorite,103,34.76
2021,22086,Castiello de Jaca,240,17.31
2021,22087,Castigaleu,80,26.53
2021,22088,Castillazuelo,164,15.32
2021,22089,Castillonroy,333,37.58
2021,22090,Colungo,118,40.64
2021,22094,Chalamera,114,11
2021,22095,Chía,83,26
2021,22096,Chimillas,411,10.04
2021,22099,Esplús,649,73
2021,22102,Estada,204,15.87
2021,22103,Estadilla,803,50.39
2021,22105,Estopiñán del Castillo,120,88.71
2021,22106,Fago,21,28.76
2021,22107,Fanlo,103,187
2021,22109,Fiscal,344,170.06
2021,22110,Fonz,845,51.86
2021,22111,Foradada del Toscar,158,106.25
2021,22112,Fraga,15250,437.64
2021,22113,La Fueva,612,218.85
2021,22114,Gistaín,133,75
2021,22115,El Grado,393,63.77
2021,22116,Grañén,1740,123.98
2021,22117,Graus,3434,299.79
2021,22119,Gurrea de Gállego,1478,191.97
2021,22122,Hoz de Jaca,68,12.45
2021,22124,Huerto,227,86.72
2021,22125,Huesca,53429,161.04
2021,22126,Ibieca,113,14.94
2021,22127,Igriés,703,19.17
2021,22128,Ilche,185,63.72
2021,22129,Isábena,247,118.53
2021,22130,Jaca,13344,406.34
2021,22131,Jasa,94,8
2021,22133,Labuerda,154,17.85
2021,22135,Laluenga,194,36.47
2021,22136,Lalueza,885,88.19
2021,22137,Lanaja,1195,183
2021,22139,Laperdiguera,92,11.32
2021,22141,Lascellas-Ponzano,133,27.33
2021,22142,Lascuarre,147,31.87
2021,22143,Laspaúles,222,81.75
2021,22144,Laspuña,288,45.29
2021,22149,Loarre,345,74.42
2021,22150,Loporzano,574,169.28
2021,22151,Loscorrales,93,40.25
2021,22155,Monesma y Cajigar,69,62
2021,22156,Monflorite-Lascasas,432,29.16
2021,22157,Montanuy,215,174
2021,22158,Monzón,17362,155.02
2021,22160,Naval,261,47.32
2021,22162,Novales,147,20.08
2021,22163,Nueno,587,147.24
2021,22164,Olvena,58,15.89
2021,22165,Ontiñena,500,136.96
2021,22167,Osso de Cinca,671,27.66
2021,22168,Palo,28,14.41
2021,22170,Panticosa,849,95
2021,22172,Peñalba,692,156
2021,22173,Las Peñas de Riglos,255,217.87
2021,22174,Peralta de Alcofea,576,116.14
2021,22175,Peralta de Calasanz,226,114.88
2021,22176,Peraltilla,224,16
2021,22177,Perarrúa,107,30.05
2021,22178,Pertusa,129,29.37
2021,22181,Piracés,96,25.15
2021,22182,Plan,274,92.53
2021,22184,Poleñino,199,33.02
2021,22186,Pozán de Vero,234,14.75
2021,22187,La Puebla de Castro,391,29.42
2021,22188,Puente de Montañana,96,48.56
2021,22189,Puértolas,212,99.86
2021,22190,El Pueyo de Araguás,167,61.84
2021,22193,Pueyo de Santa Cruz,326,9.29
2021,22195,Quicena,291,9.67
2021,22197,Robres,525,64
2021,22199,Sabiñánigo,9352,586.82
2021,22200,Sahún,302,73.36
2021,22201,Salas Altas,309,20.74
2021,22202,Salas Bajas,193,12.93
2021,22203,Salillas,107,28.33
2021,22204,Sallent de Gállego,1519,162.14
2021,22205,San Esteban de Litera,570,71
2021,22206,Sangarrén,219,32.22
2021,22207,San Juan de Plan,148,55.53
2021,22208,Santa Cilia,245,28.08
2021,22209,Santa Cruz de la Serós,193,26.97
2021,22212,Santaliestra y San Quílez,75,23.34
2021,22213,Sariñena,4173,275.57
2021,22214,Secastilla,149,47.42
2021,22215,Seira,154,69
2021,22217,Sena,491,104.69
2021,22218,Senés de Alcubierre,45,20.53
2021,22220,Sesa,162,30.84
2021,22221,Sesué,123,5.35
2021,22222,Siétamo,710,48.98
2021,22223,Sopeira,93,44.09
2021,22225,Tamarite de Litera,3449,110.58
2021,22226,Tardienta,938,90.65
2021,22227,Tella-Sin,224,90.33
2021,22228,Tierz,800,6.54
2021,22229,Tolva,126,58.97
2021,22230,Torla-Ordesa,299,185.21
2021,22232,Torralba de Aragón,109,40.39
2021,22233,Torre la Ribera,95,32.06
2021,22234,Torrente de Cinca,1279,56.77
2021,22235,Torres de Alcanadre,91,17.64
2021,22236,Torres de Barbués,251,13.94
2021,22239,Tramaced,100,15.42
2021,22242,Valfarta,65,33
2021,22243,Valle de Bardají,64,45.48
2021,22244,Valle de Lierp,46,32.76
2021,22245,Velilla de Cinca,480,16.54
2021,22246,Beranuy,74,63.75
2021,22247,Viacamp y Litera,41,107.74
2021,22248,Vicién,122,13.76
2021,22249,Villanova,171,7.05
2021,22250,Villanúa,524,58.19
2021,22251,Villanueva de Sigena,364,146.47
2021,22252,Yebra de Basa,152,90.88
2021,22253,Yésero,60,30.23
2021,22254,Zaidín,1860,92.55
2021,22901,Valle de Hecho,817,234.43
2021,22902,Puente la Reina de Jaca,251,48.13
2021,22903,San Miguel del Cinca,795,106.49
2021,22904,La Sotonera,903,165.54
2021,22905,Lupiñén-Ortilla,348,110.07
2021,22906,Santa María de Dulcis,204,27
2021,22907,Aínsa-Sobrarbe,2312,284.77
2021,22908,Hoz y Costean,240,57.48
2021,22909,Vencillón,399,10.37
2022,22001,Abiego,278,38.19
2022,22002,Abizanda,151,44.84
2022,22003,Adahuesca,204,52.47
2022,22004,Agüero,145,94.16
2022,22006,Aisa,339,80.97
2022,22007,Albalate de Cinca,1125,44.23
2022,22008,Albalatillo,204,9.15
2022,22009,Albelda,694,51.92
2022,22011,Albero Alto,117,19.28
2022,22012,Albero Bajo,134,22.22
2022,22013,Alberuela de Tubo,305,20.79
2022,22014,Alcalá de Gurrea,230,71.42
2022,22015,Alcalá del Obispo,374,47.85
2022,22016,Alcampell,623,58
2022,22017,Alcolea de Cinca,1160,83.24
2022,22018,Alcubierre,399,115.31
2022,22019,Alerre,213,8.94
2022,22020,Alfántega,124,8.76
2022,22021,Almudévar,2394,201.49
2022,22022,Almunia de San Juan,707,35.66
2022,22023,Almuniente,453,37.56
2022,22024,Alquézar,354,32.36
2022,22025,Altorricón,1416,32.41
2022,22027,Angüés,368,56.51
2022,22028,Ansó,406,223.08
2022,22029,Antillón,136,22.41
2022,22032,Aragüés del Puerto,117,64.44
2022,22035,Arén,318,119.32
2022,22036,Argavieso,126,9
2022,22037,Arguis,153,62.75
2022,22039,Ayerbe,1059,63.89
2022,22040,Azanuy-Alins,174,51.17
2022,22041,Azara,160,14.49
2022,22042,Azlor,148,15.89
2022,22043,Baélls,90,39.82
2022,22044,Bailo,273,164.43
2022,22045,Baldellou,79,30.42
2022,22046,Ballobar,864,127.73
2022,22047,Banastás,333,4.66
2022,22048,Barbastro,17214,107
2022,22049,Barbués,90,19.59
2022,22050,Barbuñales,98,18.75
2022,22051,Bárcabo,108,87.92
2022,22052,Belver de Cinca,1330,82.63
2022,22053,Benabarre,1175,157.14
2022,22054,Benasque,2282,233
2022,22055,Berbegal,335,49.03
2022,22057,Bielsa,480,202.41
2022,22058,Bierge,251,145.03
2022,22059,Biescas,1584,189.09
2022,22060,Binaced,1621,78.49
2022,22061,Binéfar,9927,25
2022,22062,Bisaurri,173,63.19
2022,22063,Biscarrués,193,30.18
2022,22064,Blecua y Torres,188,36
2022,22066,Boltaña,1097,139.45
2022,22067,Bonansa,91,37.29
2022,22068,Borau,90,41.72
2022,22069,Broto,577,128
2022,22072,Caldearenas,241,192.31
2022,22074,Campo,460,22.86
2022,22075,Camporrélls,136,26.71
2022,22076,Canal de Berdún,346,133.27
2022,22077,Candasnos,396,122.45
2022,22078,Canfranc,612,71.56
2022,22079,Capdesaso,204,17
2022,22080,Capella,352,60.71
2022,22081,Casbas de Huesca,301,132.69
2022,22082,Castejón del Puente,333,25.43
2022,22083,Castejón de Monegros,512,165.42
2022,22084,Castejón de Sos,805,31.59
2022,22085,Castelflorite,100,34.76
2022,22086,Castiello de Jaca,249,17.31
2022,22087,Castigaleu,88,26.53
2022,22088,Castillazuelo,164,15.32
2022,22089,Castillonroy,328,37.58
2022,22090,Colungo,123,40.64
2022,22094,Chalamera,117,11
2022,22095,Chía,87,26
2022,22096,Chimillas,402,10.04
2022,22099,Esplús,656,73
2022,22102,Estada,206,15.87
2022,22103,Estadilla,812,50.39
2022,22105,Estopiñán del Castillo,117,88.71
2022,22106,Fago,25,28.76
2022,22107,Fanlo,106,187
2022,22109,Fiscal,361,170.06
2022,22110,Fonz,857,51.86
2022,22111,Foradada del Toscar,168,106.25
2022,22112,Fraga,15294,437.64
2022,22113,La Fueva,609,218.85
2022,22114,Gistaín,129,75
2022,22115,El Grado,405,63.77
2022,22116,Grañén,1727,123.98
2022,22117,Graus,3420,299.79
2022,22119,Gurrea de Gállego,1460,191.97
2022,22122,Hoz de Jaca,77,12.45
2022,22124,Huerto,230,86.72
2022,22125,Huesca,53305,161.04
2022,22126,Ibieca,110,14.94
2022,22127,Igriés,703,19.17
2022,22128,Ilche,188,63.72
2022,22129,Isábena,239,118.53
2022,22130,Jaca,13437,406.34
2022,22131,Jasa,105,8
2022,22133,Labuerda,146,17.85
2022,22135,Laluenga,202,36.47
2022,22136,Lalueza,888,88.19
2022,22137,Lanaja,1189,183
2022,22139,Laperdiguera,95,11.32
2022,22141,Lascellas-Ponzano,135,27.33
2022,22142,Lascuarre,141,31.87
2022,22143,Laspaúles,228,81.75
2022,22144,Laspuña,286,45.29
2022,22149,Loarre,353,74.42
2022,22150,Loporzano,574,169.28
2022,22151,Loscorrales,98,40.25
2022,22155,Monesma y Cajigar,66,62
2022,22156,Monflorite-Lascasas,442,29.16
2022,22157,Montanuy,224,174
2022,22158,Monzón,17650,155.02
2022,22160,Naval,263,47.32
2022,22162,Novales,155,20.08
2022,22163,Nueno,584,147.24
2022,22164,Olvena,67,15.89
2022,22165,Ontiñena,514,136.96
2022,22167,Osso de Cinca,650,27.66
2022,22168,Palo,30,14.41
2022,22170,Panticosa,887,95
2022,22172,Peñalba,757,156
2022,22173,Las Peñas de Riglos,260,217.87
2022,22174,Peralta de Alcofea,596,116.14
2022,22175,Peralta de Calasanz,221,114.88
2022,22176,Peraltilla,223,16
2022,22177,Perarrúa,108,30.05
2022,22178,Pertusa,125,29.37
2022,22181,Piracés,95,25.15
2022,22182,Plan,283,92.53
2022,22184,Poleñino,193,33.02
2022,22186,Pozán de Vero,241,14.75
2022,22187,La Puebla de Castro,415,29.42
2022,22188,Puente de Montañana,94,48.56
2022,22189,Puértolas,216,99.86
2022,22190,El Pueyo de Araguás,168,61.84
2022,22193,Pueyo de Santa Cruz,318,9.29
2022,22195,Quicena,295,9.67
2022,22197,Robres,537,64
2022,22199,Sabiñánigo,9371,586.82
2022,22200,Sahún,308,73.36
2022,22201,Salas Altas,316,20.74
2022,22202,Salas Bajas,190,12.93
2022,22203,Salillas,102,28.33
2022,22204,Sallent de Gállego,1557,162.14
2022,22205,San Esteban de Litera,586,71
2022,22206,Sangarrén,219,32.22
2022,22207,San Juan de Plan,158,55.53
2022,22208,Santa Cilia,254,28.08
2022,22209,Santa Cruz de la Serós,194,26.97
2022,22212,Santaliestra y San Quílez,79,23.34
2022,22213,Sariñena,4164,275.57
2022,22214,Secastilla,151,47.42
2022,22215,Seira,159,69
2022,22217,Sena,496,104.69
2022,22218,Senés de Alcubierre,46,20.53
2022,22220,Sesa,160,30.84
2022,22221,Sesué,128,5.35
2022,22222,Siétamo,697,48.98
2022,22223,Sopeira,93,44.09
2022,22225,Tamarite de Litera,3445,110.58
2022,22226,Tardienta,937,90.65
2022,22227,Tella-Sin,228,90.33
2022,22228,Tierz,822,6.54
2022,22229,Tolva,132,58.97
2022,22230,Torla-Ordesa,307,185.21
2022,22232,Torralba de Aragón,105,40.39
2022,22233,Torre la Ribera,101,32.06
2022,22234,Torrente de Cinca,1151,56.77
2022,22235,Torres de Alcanadre,85,17.64
2022,22236,Torres de Barbués,256,13.94
2022,22239,Tramaced,110,15.42
2022,22242,Valfarta,58,33
2022,22243,Valle de Bardají,58,45.48
2022,22244,Valle de Lierp,53,32.76
2022,22245,Velilla de Cinca,476,16.54
2022,22246,Beranuy,72,63.75
2022,22247,Viacamp y Litera,39,107.74
2022,22248,Vicién,128,13.76
2022,22249,Villanova,170,7.05
2022,22250,Villanúa,560,58.19
2022,22251,Villanueva de Sigena,370,146.47
2022,22252,Yebra de Basa,154,90.88
2022,22253,Yésero,58,30.23
2022,22254,Zaidín,1872,92.55
2022,22901,Valle de Hecho,810,234.43
2022,22902,Puente la Reina de Jaca,261,48.13
2022,22903,San Miguel del Cinca,801,106.49
2022,22904,La Sotonera,919,165.54
2022,22905,Lupiñén-Ortilla,354,110.07
2022,22906,Santa María de Dulcis,201,27
2022,22907,Aínsa-Sobrarbe,2315,284.77
2022,22908,Hoz y Costean,240,57.48
2022,22909,Vencillón,415,10.37
2023,22001,Abiego,261,38.19
2023,22002,Abizanda,162,44.84
2023,22003,Adahuesca,210,52.47
2023,22004,Agüero,143,94.16
2023,22006,Aisa,324,80.97
2023,22007,Albalate de Cinca,1138,44.23
2023,22008,Albalatillo,200,9.15
2023,22009,Albelda,702,51.92
2023,22011,Albero Alto,125,19.28
2023,22012,Albero Bajo,130,22.22
2023,22013,Alberuela de Tubo,308,20.79
2023,22014,Alcalá de Gurrea,231,71.42
2023,22015,Alcalá del Obispo,370,47.85
2023,22016,Alcampell,624,58
2023,22017,Alcolea de Cinca,1092,83.24
2023,22018,Alcubierre,412,115.31
2023,22019,Alerre,221,8.94
2023,22020,Alfántega,130,8.76
2023,22021,Almudévar,2439,201.49
2023,22022,Almunia de San Juan,722,35.66
2023,22023,Almuniente,440,37.56
2023,22024,Alquézar,348,32.36
2023,22025,Altorricón,1429,32.41
2023,22027,Angüés,373,56.51
2023,22028,Ansó,418,223.08
2023,22029,Antillón,133,22.41
2023,22032,Aragüés del Puerto,120,64.44
2023,22035,Arén,308,119.32
2023,22036,Argavieso,119,9
2023,22037,Arguis,160,62.75
2023,22039,Ayerbe,1073,63.89
2023,22040,Azanuy-Alins,175,51.17
2023,22041,Azara,170,14.49
2023,22042,Azlor,154,15.89
2023,22043,Baélls,91,39.82
2023,22044,Bailo,262,164.43
2023,22045,Baldellou,90,30.42
2023,22046,Ballobar,879,127.73
2023,22047,Banastás,334,4.66
2023,22048,Barbastro,17295,107
2023,22049,Barbués,86,19.59
2023,22050,Barbuñales,96,18.75
2023,22051,Bárcabo,117,87.92
2023,22052,Belver de Cinca,1306,82.63
2023,22053,Benabarre,1168,157.14
2023,22054,Benasque,2306,233
2023,22055,Berbegal,322,49.03
2023,22057,Bielsa,482,202.41
2023,22058,Bierge,253,145.03
2023,22059,Biescas,1602,189.09
2023,22060,Binaced,1577,78.49
2023,22061,Binéfar,10070,25
2023,22062,Bisaurri,183,63.19
2023,22063,Biscarrués,186,30.18
2023,22064,Blecua y Torres,186,36
2023,22066,Boltaña,1104,139.45
2023,22067,Bonansa,92,37.29
2023,22068,Borau,87,41.72
2023,22069,Broto,599,128
2023,22072,Caldearenas,242,192.31
2023,22074,Campo,463,22.86
2023,22075,Camporrélls,151,26.71
2023,22076,Canal de Berdún,337,133.27
2023,22077,Candasnos,418,122.45
2023,22078,Canfranc,596,71.56
2023,22079,Capdesaso,204,17
2023,22080,Capella,360,60.71
2023,22081,Casbas de Huesca,291,132.69
2023,22082,Castejón del Puente,328,25.43
2023,22083,Castejón de Monegros,478,165.42
2023,22084,Castejón de Sos,833,31.59
2023,22085,Castelflorite,102,34.76
2023,22086,Castiello de Jaca,242,17.31
2023,22087,Castigaleu,96,26.53
2023,22088,Castillazuelo,162,15.32
2023,22089,Castillonroy,324,37.58
2023,22090,Colungo,128,40.64
2023,22094,Chalamera,130,11
2023,22095,Chía,92,26
2023,22096,Chimillas,396,10.04
2023,22099,Esplús,673,73
2023,22102,Estada,203,15.87
2023,22103,Estadilla,840,50.39
2023,22105,Estopiñán del Castillo,116,88.71
2023,22106,Fago,26,28.76
2023,22107,Fanlo,113,187
2023,22109,Fiscal,386,170.06
2023,22110,Fonz,886,51.86
2023,22111,Foradada del Toscar,158,106.25
2023,22112,Fraga,15373,437.64
2023,22113,La Fueva,600,218.85
2023,22114,Gistaín,122,75
2023,22115,El Grado,391,63.77
2023,22116,Grañén,1731,123.98
2023,22117,Graus,3415,299.79
2023,22119,Gurrea de Gállego,1450,191.97
2023,22122,Hoz de Jaca,76,12.45
2023,22124,Huerto,228,86.72
2023,22125,Huesca,54136,161.04
2023,22126,Ibieca,108,14.94
2023,22127,Igriés,719,19.17
2023,22128,Ilche,188,63.72
2023,22129,Isábena,233,118.53
2023,22130,Jaca,13620,406.34
2023,22131,Jasa,102,8
2023,22133,Labuerda,162,17.85
2023,22135,Laluenga,202,36.47
2023,22136,Lalueza,882,88.19
2023,22137,Lanaja,1173,183
2023,22139,Laperdiguera,91,11.32
2023,22141,Lascellas-Ponzano,135,27.33
2023,22142,Lascuarre,138,31.87
2023,22143,Laspaúles,234,81.75
2023,22144,Laspuña,279,45.29
2023,22149,Loarre,350,74.42
2023,22150,Loporzano,580,169.28
2023,22151,Loscorrales,99,40.25
2023,22155,Monesma y Cajigar,66,62
2023,22156,Monflorite-Lascasas,468,29.16
2023,22157,Montanuy,241,174
2023,22158,Monzón,17839,155.02
2023,22160,Naval,265,47.32
2023,22162,Novales,172,20.08
2023,22163,Nueno,574,147.24
2023,22164,Olvena,67,15.89
2023,22165,Ontiñena,519,136.96
2023,22167,Osso de Cinca,638,27.66
2023,22168,Palo,32,14.41
2023,22170,Panticosa,894,95
2023,22172,Peñalba,726,156
2023,22173,Las Peñas de Riglos,272,217.87
2023,22174,Peralta de Alcofea,614,116.14
2023,22175,Peralta de Calasanz,272,114.88
2023,22176,Peraltilla,225,16
2023,22177,Perarrúa,113,30.05
2023,22178,Pertusa,137,29.37
2023,22181,Piracés,96,25.15
2023,22182,Plan,281,92.53
2023,22184,Poleñino,197,33.02
2023,22186,Pozán de Vero,235,14.75
2023,22187,La Puebla de Castro,419,29.42
2023,22188,Puente de Montañana,100,48.56
2023,22189,Puértolas,222,99.86
2023,22190,El Pueyo de Araguás,173,61.84
2023,22193,Pueyo de Santa Cruz,329,9.29
2023,22195,Quicena,329,9.67
2023,22197,Robres,523,64
2023,22199,Sabiñánigo,9423,586.82
2023,22200,Sahún,319,73.36
2023,22201,Salas Altas,312,20.74
2023,22202,Salas Bajas,191,12.93
2023,22203,Salillas,104,28.33
2023,22204,Sallent de Gállego,1554,162.14
2023,22205,San Esteban de Litera,620,71
2023,22206,Sangarrén,211,32.22
2023,22207,San Juan de Plan,154,55.53
2023,22208,Santa Cilia,251,28.08
2023,22209,Santa Cruz de la Serós,192,26.97
2023,22212,Santaliestra y San Quílez,77,23.34
2023,22213,Sariñena,4131,275.57
2023,22214,Secastilla,148,47.42
2023,22215,Seira,161,69
2023,22217,Sena,486,104.69
2023,22218,Senés de Alcubierre,45,20.53
2023,22220,Sesa,157,30.84
2023,22221,Sesué,126,5.35
2023,22222,Siétamo,686,48.98
2023,22223,Sopeira,91,44.09
2023,22225,Tamarite de Litera,3393,110.58
2023,22226,Tardienta,929,90.65
2023,22227,Tella-Sin,227,90.33
2023,22228,Tierz,823,6.54
2023,22229,Tolva,125,58.97
2023,22230,Torla-Ordesa,312,185.21
2023,22232,Torralba de Aragón,109,40.39
2023,22233,Torre la Ribera,97,32.06
2023,22234,Torrente de Cinca,1121,56.77
2023,22235,Torres de Alcanadre,82,17.64
2023,22236,Torres de Barbués,260,13.94
2023,22239,Tramaced,108,15.42
2023,22242,Valfarta,62,33
2023,22243,Valle de Bardají,60,45.48
2023,22244,Valle de Lierp,60,32.76
2023,22245,Velilla de Cinca,497,16.54
2023,22246,Beranuy,68,63.75
2023,22247,Viacamp y Litera,40,107.74
2023,22248,Vicién,139,13.76
2023,22249,Villanova,176,7.05
2023,22250,Villanúa,553,58.19
2023,22251,Villanueva de Sigena,341,146.47
2023,22252,Yebra de Basa,161,90.88
2023,22253,Yésero,63,30.23
2023,22254,Zaidín,1784,92.55
2023,22901,Valle de Hecho,799,234.43
2023,22902,Puente la Reina de Jaca,276,48.13
2023,22903,San Miguel del Cinca,799,106.49
2023,22904,La Sotonera,915,165.54
2023,22905,Lupiñén-Ortilla,342,110.07
2023,22906,Santa María de Dulcis,206,27
2023,22907,Aínsa-Sobrarbe,2297,284.77
2023,22908,Hoz y Costean,240,57.48
2023,22909,Vencillón,408,10.37
2024,22001,Abiego,264,38.19
2024,22002,Abizanda,163,44.84
2024,22003,Adahuesca,207,52.47
2024,22004,Agüero,140,94.16
2024,22006,Aisa,313,80.97
2024,22007,Albalate de Cinca,1142,44.23
2024,22008,Albalatillo,211,9.15
2024,22009,Albelda,709,51.92
2024,22011,Albero Alto,128,19.28
2024,22012,Albero Bajo,111,22.22
2024,22013,Alberuela de Tubo,283,20.79
2024,22014,Alcalá de Gurrea,272,71.42
2024,22015,Alcalá del Obispo,372,47.85
2024,22016,Alcampell,639,58
2024,22017,Alcolea de Cinca,1109,83.24
2024,22018,Alcubierre,400,115.31
2024,22019,Alerre,225,8.94
2024,22020,Alfántega,129,8.76
2024,22021,Almudévar,2437,201.49
2024,22022,Almunia de San Juan,708,35.66
2024,22023,Almuniente,444,37.56
2024,22024,Alquézar,338,32.36
2024,22025,Altorricón,1472,32.41
2024,22027,Angüés,364,56.51
2024,22028,Ansó,413,223.08
2024,22029,Antillón,126,22.41
2024,22032,Aragüés del Puerto,114,64.44
2024,22035,Arén,306,119.32
2024,22036,Argavieso,112,9
2024,22037,Arguis,165,62.75
2024,22039,Ayerbe,1066,63.89
2024,22040,Azanuy-Alins,183,51.17
2024,22041,Azara,164,14.49
2024,22042,Azlor,157,15.89
2024,22043,Baélls,90,39.82
2024,22044,Bailo,263,164.43
2024,22045,Baldellou,82,30.42
2024,22046,Ballobar,864,127.73
2024,22047,Banastás,328,4.66
2024,22048,Barbastro,17558,107
2024,22049,Barbués,90,19.59
2024,22050,Barbuñales,95,18.75
2024,22051,Bárcabo,122,87.92
2024,22052,Belver de Cinca,1270,82.63
2024,22053,Benabarre,1137,157.14
2024,22054,Benasque,2362,233
2024,22055,Berbegal,325,49.03
2024,22057,Bielsa,487,202.41
2024,22058,Bierge,243,145.03
2024,22059,Biescas,1609,189.09
2024,22060,Binaced,1601,78.49
2024,22061,Binéfar,10118,25
2024,22062,Bisaurri,179,63.19
2024,22063,Biscarrués,187,30.18
2024,22064,Blecua y Torres,172,36
2024,22066,Boltaña,1102,139.45
2024,22067,Bonansa,86,37.29
2024,22068,Borau,85,41.72
2024,22069,Broto,608,128
2024,22072,Caldearenas,237,192.31
2024,22074,Campo,483,22.86
2024,22075,Camporrélls,158,26.71
2024,22076,Canal de Berdún,330,133.27
2024,22077,Candasnos,422,122.45
2024,22078,Canfranc,612,71.56
2024,22079,Capdesaso,201,17
2024,22080,Capella,351,60.71
2024,22081,Casbas de Huesca,292,132.69
2024,22082,Castejón del Puente,334,25.43
2024,22083,Castejón de Monegros,468,165.42
2024,22084,Castejón de Sos,868,31.59
2024,22085,Castelflorite,103,34.76
2024,22086,Castiello de Jaca,265,17.31
2024,22087,Castigaleu,87,26.53
2024,22088,Castillazuelo,166,15.32
2024,22089,Castillonroy,322,37.58
2024,22090,Colungo,132,40.64
2024,22094,Chalamera,131,11
2024,22095,Chía,94,26
2024,22096,Chimillas,410,10.04
2024,22099,Esplús,664,73
2024,22102,Estada,214,15.87
2024,22103,Estadilla,822,50.39
2024,22105,Estopiñán del Castillo,136,88.71
2024,22106,Fago,25,28.76
2024,22107,Fanlo,118,187
2024,22109,Fiscal,379,170.06
2024,22110,Fonz,893,51.86
2024,22111,Foradada del Toscar,169,106.25
2024,22112,Fraga,15390,437.64
2024,22113,La Fueva,597,218.85
2024,22114,Gistaín,116,75
2024,22115,El Grado,386,63.77
2024,22116,Grañén,1696,123.98
2024,22117,Graus,3380,299.79
2024,22119,Gurrea de Gállego,1427,191.97
2024,22122,Hoz de Jaca,77,12.45
2024,22124,Huerto,226,86.72
2024,22125,Huesca,54704,161.04
2024,22126,Ibieca,104,14.94
2024,22127,Igriés,737,19.17
2024,22128,Ilche,185,63.72
2024,22129,Isábena,237,118.53
2024,22130,Jaca,13883,406.34
2024,22131,Jasa,94,8
2024,22133,Labuerda,173,17.85
2024,22135,Laluenga,207,36.47
2024,22136,Lalueza,868,88.19
2024,22137,Lanaja,1141,183
2024,22139,Laperdiguera,88,11.32
2024,22141,Lascellas-Ponzano,139,27.33
2024,22142,Lascuarre,135,31.87
2024,22143,Laspaúles,251,81.75
2024,22144,Laspuña,278,45.29
2024,22149,Loarre,351,74.42
2024,22150,Loporzano,557,169.28
2024,22151,Loscorrales,104,40.25
2024,22155,Monesma y Cajigar,69,62
2024,22156,Monflorite-Lascasas,490,29.16
2024,22157,Montanuy,227,174
2024,22158,Monzón,18152,155.02
2024,22160,Naval,273,47.32
2024,22162,Novales,165,20.08
2024,22163,Nueno,568,147.24
2024,22164,Olvena,65,15.89
2024,22165,Ontiñena,513,136.96
2024,22167,Osso de Cinca,652,27.66
2024,22168,Palo,33,14.41
2024,22170,Panticosa,909,95
2024,22172,Peñalba,695,156
2024,22173,Las Peñas de Riglos,268,217.87
2024,22174,Peralta de Alcofea,587,116.14
2024,22175,Peralta de Calasanz,215,114.88
2024,22176,Peraltilla,215,16
2024,22177,Perarrúa,112,30.05
2024,22178,Pertusa,136,29.37
2024,22181,Piracés,95,25.15
2024,22182,Plan,279,92.53
2024,22184,Poleñino,205,33.02
2024,22186,Pozán de Vero,235,14.75
2024,22187,La Puebla de Castro,427,29.42
2024,22188,Puente de Montañana,95,48.56
2024,22189,Puértolas,224,99.86
2024,22190,El Pueyo de Araguás,171,61.84
2024,22193,Pueyo de Santa Cruz,323,9.29
2024,22195,Quicena,346,9.67
2024,22197,Robres,531,64
2024,22199,Sabiñánigo,9592,586.82
2024,22200,Sahún,319,73.36
2024,22201,Salas Altas,296,20.74
2024,22202,Salas Bajas,180,12.93
2024,22203,Salillas,101,28.33
2024,22204,Sallent de Gállego,1516,162.14
2024,22205,San Esteban de Litera,641,71
2024,22206,Sangarrén,221,32.22
2024,22207,San Juan de Plan,151,55.53
2024,22208,Santa Cilia,244,28.08
2024,22209,Santa Cruz de la Serós,188,26.97
2024,22212,Santaliestra y San Quílez,83,23.34
2024,22213,Sariñena,4135,275.57
2024,22214,Secastilla,149,47.42
2024,22215,Seira,146,69
2024,22217,Sena,476,104.69
2024,22218,Senés de Alcubierre,52,20.53
2024,22220,Sesa,162,30.84
2024,22221,Sesué,116,5.35
2024,22222,Siétamo,681,48.98
2024,22223,Sopeira,84,44.09
2024,22225,Tamarite de Litera,3429,110.58
2024,22226,Tardienta,937,90.65
2024,22227,Tella-Sin,217,90.33
2024,22228,Tierz,825,6.54
2024,22229,Tolva,132,58.97
2024,22230,Torla-Ordesa,335,185.21
2024,22232,Torralba de Aragón,107,40.39
2024,22233,Torre la Ribera,100,32.06
2024,22234,Torrente de Cinca,1148,56.77
2024,22235,Torres de Alcanadre,92,17.64
2024,22236,Torres de Barbués,270,13.94
2024,22239,Tramaced,106,15.42
2024,22242,Valfarta,54,33
2024,22243,Valle de Bardají,55,45.48
2024,22244,Valle de Lierp,58,32.76
2024,22245,Velilla de Cinca,507,16.54
2024,22246,Beranuy,69,63.75
2024,22247,Viacamp y Litera,41,107.74
2024,22248,Vicién,137,13.76
2024,22249,Villanova,170,7.05
2024,22250,Villanúa,571,58.19
2024,22251,Villanueva de Sigena,345,146.47
2024,22252,Yebra de Basa,160,90.88
2024,22253,Yésero,62,30.23
2024,22254,Zaidín,1785,92.55
2024,22901,Valle de Hecho,798,234.43
2024,22902,Puente la Reina de Jaca,264,48.13
2024,22903,San Miguel del Cinca,784,106.49
2024,22904,La Sotonera,903,165.54
2024,22905,Lupiñén-Ortilla,349,110.07
2024,22906,Santa María de Dulcis,209,27
2024,22907,Aínsa-Sobrarbe,2317,284.77
2024,22908,Hoz y Costean,231,57.48
2024,22909,Vencillón,393,10.37
2025,22001,Abiego,259,38.19
2025,22002,Abizanda,162,44.84
2025,22003,Adahuesca,196,52.47
2025,22004,Agüero,142,94.16
2025,22006,Aisa,326,80.97
2025,22007,Albalate de Cinca,1080,44.23
2025,22008,Albalatillo,220,9.15
2025,22009,Albelda,728,51.92
2025,22011,Albero Alto,123,19.28
2025,22012,Albero Bajo,109,22.22
2025,22013,Alberuela de Tubo,270,20.79
2025,22014,Alcalá de Gurrea,265,71.42
2025,22015,Alcalá del Obispo,394,47.85
2025,22016,Alcampell,650,58
2025,22017,Alcolea de Cinca,1127,83.24
2025,22018,Alcubierre,401,115.31
2025,22019,Alerre,224,8.94
2025,22020,Alfántega,125,8.76
2025,22021,Almudévar,2462,201.49
2025,22022,Almunia de San Juan,733,35.66
2025,22023,Almuniente,448,37.56
2025,22024,Alquézar,328,32.36
2025,22025,Altorricón,1504,32.41
2025,22027,Angüés,350,56.51
2025,22028,Ansó,409,223.08
2025,22029,Antillón,127,22.41
2025,22032,Aragüés del Puerto,123,64.44
2025,22035,Arén,309,119.32
2025,22036,Argavieso,109,9
2025,22037,Arguis,167,62.75
2025,22039,Ayerbe,1050,63.89
2025,22040,Azanuy-Alins,184,51.17
2025,22041,Azara,167,14.49
2025,22042,Azlor,155,15.89
2025,22043,Baélls,89,39.82
2025,22044,Bailo,265,164.43
2025,22045,Baldellou,81,30.42
2025,22046,Ballobar,862,127.73
2025,22047,Banastás,335,4.66
2025,22048,Barbastro,17807,107
2025,22049,Barbués,97,19.59
2025,22050,Barbuñales,93,18.75
2025,22051,Bárcabo,116,87.92
2025,22052,Belver de Cinca,1298,82.63
2025,22053,Benabarre,1142,157.14
2025,22054,Benasque,2359,233
2025,22055,Berbegal,321,49.03
2025,22057,Bielsa,479,202.41
2025,22058,Bierge,243,145.03
2025,22059,Biescas,1640,189.09
2025,22060,Binaced,1694,78.49
2025,22061,Binéfar,10235,25
2025,22062,Bisaurri,177,63.19
2025,22063,Biscarrués,188,30.18
2025,22064,Blecua y Torres,175,36
2025,22066,Boltaña,1089,139.45
2025,22067,Bonansa,85,37.29
2025,22068,Borau,77,41.72
2025,22069,Broto,615,128
2025,22072,Caldearenas,220,192.31
2025,22074,Campo,491,22.86
2025,22075,Camporrélls,153,26.71
2025,22076,Canal de Berdún,322,133.27
2025,22077,Candasnos,478,122.45
2025,22078,Canfranc,633,71.56
2025,22079,Capdesaso,190,17
2025,22080,Capella,361,60.71
2025,22081,Casbas de Huesca,287,132.69
2025,22082,Castejón del Puente,359,25.43
2025,22083,Castejón de Monegros,459,165.42
2025,22084,Castejón de Sos,840,31.59
2025,22085,Castelflorite,102,34.76
2025,22086,Castiello de Jaca,280,17.31
2025,22087,Castigaleu,80,26.53
2025,22088,Castillazuelo,164,15.32
2025,22089,Castillonroy,334,37.58
2025,22090,Colungo,124,40.64
2025,22094,Chalamera,120,11
2025,22095,Chía,90,26
2025,22096,Chimillas,407,10.04
2025,22099,Esplús,676,73
2025,22102,Estada,215,15.87
2025,22103,Estadilla,810,50.39
2025,22105,Estopiñán del Castillo,147,88.71
2025,22106,Fago,24,28.76
2025,22107,Fanlo,114,187
2025,22109,Fiscal,358,170.06
2025,22110,Fonz,886,51.86
2025,22111,Foradada del Toscar,163,106.25
2025,22112,Fraga,15576,437.64
2025,22113,La Fueva,597,218.85
2025,22114,Gistaín,114,75
2025,22115,El Grado,383,63.77
2025,22116,Grañén,1718,123.98
2025,22117,Graus,3400,299.79
2025,22119,Gurrea de Gállego,1430,191.97
2025,22122,Hoz de Jaca,81,12.45
2025,22124,Huerto,216,86.72
2025,22125,Huesca,55454,161.04
2025,22126,Ibieca,110,14.94
2025,22127,Igriés,727,19.17
2025,22128,Ilche,183,63.72
2025,22129,Isábena,234,118.53
2025,22130,Jaca,14024,406.34
2025,22131,Jasa,90,8
2025,22133,Labuerda,179,17.85
2025,22135,Laluenga,198,36.47
2025,22136,Lalueza,849,88.19
2025,22137,Lanaja,1140,183
2025,22139,Laperdiguera,87,11.32
2025,22141,Lascellas-Ponzano,138,27.33
2025,22142,Lascuarre,139,31.87
2025,22143,Laspaúles,255,81.75
2025,22144,Laspuña,277,45.29
2025,22149,Loarre,358,74.42
2025,22150,Loporzano,576,169.28
2025,22151,Loscorrales,98,40.25
2025,22155,Monesma y Cajigar,68,62
2025,22156,Monflorite-Lascasas,475,29.16
2025,22157,Montanuy,230,174
2025,22158,Monzón,18525,155.02
2025,22160,Naval,281,47.32
2025,22162,Novales,154,20.08
2025,22163,Nueno,568,147.24
2025,22164,Olvena,63,15.89
2025,22165,Ontiñena,502,136.96
2025,22167,Osso de Cinca,644,27.66
2025,22168,Palo,31,14.41
2025,22170,Panticosa,910,95
2025,22172,Peñalba,657,156
2025,22173,Las Peñas de Riglos,263,217.87
2025,22174,Peralta de Alcofea,576,116.14
2025,22175,Peralta de Calasanz,206,114.88
2025,22176,Peraltilla,212,16
2025,22177,Perarrúa,116,30.05
2025,22178,Pertusa,129,29.37
2025,22181,Piracés,92,25.15
2025,22182,Plan,272,92.53
2025,22184,Poleñino,184,33.02
2025,22186,Pozán de Vero,228,14.75
2025,22187,La Puebla de Castro,430,29.42
2025,22188,Puente de Montañana,87,48.56
2025,22189,Puértolas,217,99.86
2025,22190,El Pueyo de Araguás,180,61.84
2025,22193,Pueyo de Santa Cruz,332,9.29
2025,22195,Quicena,391,9.67
2025,22197,Robres,524,64
2025,22199,Sabiñánigo,9695,586.82
2025,22200,Sahún,320,73.36
2025,22201,Salas Altas,301,20.74
2025,22202,Salas Bajas,184,12.93
2025,22203,Salillas,94,28.33
2025,22204,Sallent de Gállego,1505,162.14
2025,22205,San Esteban de Litera,672,71
2025,22206,Sangarrén,233,32.22
2025,22207,San Juan de Plan,145,55.53
2025,22208,Santa Cilia,244,28.08
2025,22209,Santa Cruz de la Serós,193,26.97
2025,22212,Santaliestra y San Quílez,78,23.34
2025,22213,Sariñena,4113,275.57
2025,22214,Secastilla,142,47.42
2025,22215,Seira,149,69
2025,22217,Sena,490,104.69
2025,22218,Senés de Alcubierre,49,20.53
2025,22220,Sesa,167,30.84
2025,22221,Sesué,120,5.35
2025,22222,Siétamo,697,48.98
2025,22223,Sopeira,84,44.09
2025,22225,Tamarite de Litera,3464,110.58
2025,22226,Tardienta,952,90.65
2025,22227,Tella-Sin,208,90.33
2025,22228,Tierz,821,6.54
2025,22229,Tolva,130,58.97
2025,22230,Torla-Ordesa,342,185.21
2025,22232,Torralba de Aragón,105,40.39
2025,22233,Torre la Ribera,102,32.06
2025,22234,Torrente de Cinca,1037,56.77
2025,22235,Torres de Alcanadre,91,17.64
2025,22236,Torres de Barbués,271,13.94
2025,22239,Tramaced,108,15.42
2025,22242,Valfarta,54,33
2025,22243,Valle de Bardají,52,45.48
2025,22244,Valle de Lierp,52,32.76
2025,22245,Velilla de Cinca,505,16.54
2025,22246,Beranuy,68,63.75
2025,22247,Viacamp y Litera,40,107.74
2025,22248,Vicién,149,13.76
2025,22249,Villanova,171,7.05
2025,22250,Villanúa,570,58.19
2025,22251,Villanueva de Sigena,340,146.47
2025,22252,Yebra de Basa,155,90.88
2025,22253,Yésero,60,30.23
2025,22254,Zaidín,1807,92.55
2025,22901,Valle de Hecho,813,234.43
2025,22902,Puente la Reina de Jaca,248,48.13
2025,22903,San Miguel del Cinca,775,106.49
2025,22904,La Sotonera,879,165.54
2025,22905,Lupiñén-Ortilla,359,110.07
2025,22906,Santa María de Dulcis,206,27
2025,22907,Aínsa-Sobrarbe,2335,284.77
2025,22908,Hoz y Costean,225,57.48
2025,22909,Vencillón,402,10.37
