codigo_ine,anio,poblacion
22001,1900,1383
22001,1910,1440
22001,1920,1401
22001,1930,1181
22001,1940,1058
22001,1950,766
22001,1960,614
22001,1970,465
22001,1981,357
22001,1991,320
22001,2001,289
22001,2011,273
22002,1900,463
22002,1910,472
22002,1920,446
22002,1930,437
22002,1940,402
22002,1950,387
22002,1960,305
22002,1970,195
22002,1981,134
22002,1991,129
22002,2001,133
22002,2011,133
22003,1900,725
22003,1910,631
22003,1920,647
22003,1930,545
22003,1940,513
22003,1950,423
22003,1960,332
22003,1970,258
22003,1981,183
22003,1991,174
22003,2001,159
22003,2011,178
22004,1900,1182
22004,1910,1253
22004,1920,1177
22004,1930,1084
22004,1940,1007
22004,1950,785
22004,1960,504
22004,1970,303
22004,1981,238
22004,1991,168
22004,2001,171
22004,2011,156
22006,1900,733
22006,1910,787
22006,1920,814
22006,1930,631
22006,1940,552
22006,1950,468
22006,1960,385
22006,1970,263
22006,1981,273
22006,1991,321
22006,2001,402
22006,2011,371
22007,1900,1519
22007,1910,1636
22007,1920,1590
22007,1930,1588
22007,1940,1616
22007,1950,1398
22007,1960,1388
22007,1970,1262
22007,1981,1238
22007,1991,1149
22007,2001,1203
22007,2011,1245
22008,1900,464
22008,1910,497
22008,1920,549
22008,1930,564
22008,1940,556
22008,1950,486
22008,1960,453
22008,1970,362
22008,1981,308
22008,1991,279
22008,2001,259
22008,2011,221
22009,1900,1213
22009,1910,1357
22009,1920,1481
22009,1930,1271
22009,1940,1410
22009,1950,1471
22009,1960,1432
22009,1970,1271
22009,1981,1160
22009,1991,1023
22009,2001,926
22009,2011,816
22011,1900,360
22011,1910,383
22011,1920,321
22011,1930,298
22011,1940,271
22011,1950,244
22011,1960,185
22011,1970,170
22011,1981,131
22011,1991,109
22011,2001,108
22011,2011,128
22012,1900,205
22012,1910,214
22012,1920,208
22012,1930,209
22012,1940,241
22012,1950,233
22012,1960,212
22012,1970,180
22012,1981,163
22012,1991,123
22012,2001,106
22012,2011,113
22013,1900,238
22013,1910,219
22013,1920,244
22013,1930,232
22013,1940,249
22013,1950,262
22013,1960,267
22013,1970,535
22013,1981,465
22013,1991,439
22013,2001,364
22013,2011,346
22014,1900,638
22014,1910,679
22014,1920,883
22014,1930,1733
22014,1940,1522
22014,1950,1342
22014,1960,1125
22014,1970,764
22014,1981,523
22014,1991,404
22014,2001,315
22014,2011,288
22015,1900,1328
22015,1910,1428
22015,1920,1332
22015,1930,1290
22015,1940,1179
22015,1950,1176
22015,1960,914
22015,1970,577
22015,1981,446
22015,1991,344
22015,2001,369
22015,2011,370
22016,1900,1983
22016,1910,2388
22016,1920,2467
22016,1930,2250
22016,1940,2166
22016,1950,1971
22016,1960,1709
22016,1970,1524
22016,1981,1269
22016,1991,1075
22016,2001,873
22016,2011,747
22017,1900,2409
22017,1910,2504
22017,1920,2647
22017,1930,2173
22017,1940,2016
22017,1950,1748
22017,1960,1552
22017,1970,1591
22017,1981,1317
22017,1991,1240
22017,2001,1250
22017,2011,1130
22018,1900,1530
22018,1910,1500
22018,1920,1422
22018,1930,1298
22018,1940,1208
22018,1950,1121
22018,1960,1003
22018,1970,788
22018,1981,676
22018,1991,514
22018,2001,449
22018,2011,424
22019,1900,227
22019,1910,225
22019,1920,222
22019,1930,208
22019,1940,180
22019,1950,144
22019,1960,144
22019,1970,115
22019,1981,128
22019,1991,155
22019,2001,205
22019,2011,214
22020,1900,309
22020,1910,322
22020,1920,279
22020,1930,270
22020,1940,224
22020,1950,246
22020,1960,208
22020,1970,163
22020,1981,143
22020,1991,138
22020,2001,115
22020,2011,138
22021,1900,2983
22021,1910,3163
22021,1920,3215
22021,1930,3700
22021,1940,3205
22021,1950,3265
22021,1960,3373
22021,1970,3049
22021,1981,2683
22021,1991,2435
22021,2001,2280
22021,2011,2538
22022,1900,954
22022,1910,1190
22022,1920,1213
22022,1930,1240
22022,1940,1203
22022,1950,1206
22022,1960,1157
22022,1970,994
22022,1981,809
22022,1991,778
22022,2001,678
22022,2011,664
22023,1900,512
22023,1910,573
22023,1920,626
22023,1930,581
22023,1940,553
22023,1950,531
22023,1960,960
22023,1970,799
22023,1981,703
22023,1991,674
22023,2001,587
22023,2011,558
22024,1900,1313
22024,1910,1356
22024,1920,1171
22024,1930,1038
22024,1940,904
22024,1950,705
22024,1960,609
22024,1970,402
22024,1981,306
22024,1991,263
22024,2001,290
22024,2011,293
22025,1900,532
22025,1910,621
22025,1920,856
22025,1930,921
22025,1940,1214
22025,1950,1587
22025,1960,1730
22025,1970,1699
22025,1981,1653
22025,1991,1529
22025,2001,1457
22025,2011,1478
22027,1900,1912
22027,1910,1983
22027,1920,1826
22027,1930,1649
22027,1940,1445
22027,1950,1320
22027,1960,1068
22027,1970,825
22027,1981,678
22027,1991,521
22027,2001,430
22027,2011,415
22028,1900,1549
22028,1910,1474
22028,1920,1226
22028,1930,1240
22028,1940,1202
22028,1950,1010
22028,1960,835
22028,1970,707
22028,1981,548
22028,1991,479
22028,2001,523
22028,2011,470
22029,1900,393
22029,1910,408
22029,1920,422
22029,1930,418
22029,1940,400
22029,1950,359
22029,1960,298
22029,1970,224
22029,1981,191
22029,1991,175
22029,2001,160
22029,2011,147
22032,1900,546
22032,1910,542
22032,1920,519
22032,1930,535
22032,1940,503
22032,1950,501
22032,1960,309
22032,1970,217
22032,1981,168
22032,1991,123
22032,2001,148
22032,2011,129
22035,1900,2119
22035,1910,2085
22035,1920,1933
22035,1930,1883
22035,1940,1735
22035,1950,1534
22035,1960,1314
22035,1970,1209
22035,1981,504
22035,1991,439
22035,2001,366
22035,2011,339
22036,1900,322
22036,1910,324
22036,1920,331
22036,1930,309
22036,1940,306
22036,1950,304
22036,1960,237
22036,1970,174
22036,1981,134
22036,1991,117
22036,2001,123
22036,2011,117
22037,1900,570
22037,1910,580
22037,1920,548
22037,1930,518
22037,1940,415
22037,1950,362
22037,1960,245
22037,1970,89
22037,1981,52
22037,1991,58
22037,2001,67
22037,2011,127
22039,1900,2609
22039,1910,2727
22039,1920,2716
22039,1930,2625
22039,1940,2615
22039,1950,2506
22039,1960,2256
22039,1970,1893
22039,1981,1484
22039,1991,1209
22039,2001,1110
22039,2011,1114
22040,1900,1221
22040,1910,1243
22040,1920,1203
22040,1930,1034
22040,1940,926
22040,1950,770
22040,1960,612
22040,1970,426
22040,1981,308
22040,1991,239
22040,2001,177
22040,2011,175
22041,1900,513
22041,1910,490
22041,1920,458
22041,1930,487
22041,1940,442
22041,1950,371
22041,1960,365
22041,1970,312
22041,1981,269
22041,1991,228
22041,2001,219
22041,2011,201
22042,1900,537
22042,1910,576
22042,1920,552
22042,1930,501
22042,1940,483
22042,1950,398
22042,1960,352
22042,1970,291
22042,1981,229
22042,1991,189
22042,2001,164
22042,2011,132
22043,1900,737
22043,1910,780
22043,1920,780
22043,1930,673
22043,1940,583
22043,1950,535
22043,1960,444
22043,1970,315
22043,1981,226
22043,1991,171
22043,2001,144
22043,2011,117
22044,1900,1488
22044,1910,1533
22044,1920,1427
22044,1930,1451
22044,1940,1381
22044,1950,1200
22044,1960,966
22044,1970,571
22044,1981,404
22044,1991,336
22044,2001,315
22044,2011,317
22045,1900,813
22045,1910,807
22045,1920,644
22045,1930,588
22045,1940,522
22045,1950,402
22045,1960,330
22045,1970,277
22045,1981,206
22045,1991,170
22045,2001,133
22045,2011,112
22046,1900,2333
22046,1910,2389
22046,1920,2292
22046,1930,2230
22046,1940,2117
22046,1950,1665
22046,1960,1530
22046,1970,1365
22046,1981,1253
22046,1991,1148
22046,2001,1007
22046,2011,945
22047,1900,113
22047,1910,116
22047,1920,141
22047,1930,126
22047,1940,100
22047,1950,70
22047,1960,152
22047,1970,120
22047,1981,84
22047,1991,110
22047,2001,188
22047,2011,284
22048,1900,7301
22048,1910,7417
22048,1920,8309
22048,1930,6561
22048,1940,7072
22048,1950,8341
22048,1960,10227
22048,1970,12959
22048,1981,14536
22048,1991,14778
22048,2001,15053
22048,2011,17215
22049,1900,218
22049,1910,283
22049,1920,253
22049,1930,259
22049,1940,268
22049,1950,245
22049,1960,239
22049,1970,192
22049,1981,140
22049,1991,130
22049,2001,112
22049,2011,100
22050,1900,425
22050,1910,401
22050,1920,440
22050,1930,390
22050,1940,354
22050,1950,324
22050,1960,257
22050,1970,171
22050,1981,121
22050,1991,123
22050,2001,114
22050,2011,107
22051,1900,829
22051,1910,825
22051,1920,803
22051,1930,747
22051,1940,703
22051,1950,643
22051,1960,498
22051,1970,291
22051,1981,110
22051,1991,120
22051,2001,112
22051,2011,117
22052,1900,1666
22052,1910,1952
22052,1920,2056
22052,1930,1899
22052,1940,1974
22052,1950,1954
22052,1960,1991
22052,1970,1896
22052,1981,1687
22052,1991,1527
22052,2001,1317
22052,2011,1345
22053,1900,2887
22053,1910,2966
22053,1920,2818
22053,1930,2704
22053,1940,2441
22053,1950,2120
22053,1960,1857
22053,1970,1542
22053,1981,1364
22053,1991,1233
22053,2001,1120
22053,2011,1199
22054,1900,1598
22054,1910,1331
22054,1920,1328
22054,1930,1215
22054,1940,984
22054,1950,786
22054,1960,941
22054,1970,738
22054,1981,765
22054,1991,1081
22054,2001,1489
22054,2011,2194
22055,1900,1109
22055,1910,1150
22055,1920,1079
22055,1930,1059
22055,1940,1069
22055,1950,907
22055,1960,773
22055,1970,709
22055,1981,586
22055,1991,520
22055,2001,460
22055,2011,414
22057,1900,971
22057,1910,1035
22057,1920,1330
22057,1930,1346
22057,1940,1113
22057,1950,919
22057,1960,748
22057,1970,654
22057,1981,475
22057,1991,439
22057,2001,456
22057,2011,501
22058,1900,1581
22058,1910,1680
22058,1920,1598
22058,1930,1531
22058,1940,1414
22058,1950,1133
22058,1960,883
22058,1970,433
22058,1981,257
22058,1991,198
22058,2001,224
22058,2011,251
22059,1900,3509
22059,1910,3618
22059,1920,3661
22059,1930,3320
22059,1940,2734
22059,1950,2616
22059,1960,2180
22059,1970,1609
22059,1981,1293
22059,1991,1171
22059,2001,1244
22059,2011,1562
22060,1900,1774
22060,1910,1925
22060,1920,2222
22060,1930,2234
22060,1940,2338
22060,1950,2300
22060,1960,2223
22060,1970,1937
22060,1981,1734
22060,1991,1639
22060,2001,1645
22060,2011,1510
22061,1900,1556
22061,1910,2109
22061,1920,2755
22061,1930,3308
22061,1940,3631
22061,1950,4571
22061,1960,5594
22061,1970,6925
22061,1981,7783
22061,1991,8001
22061,2001,8397
22061,2011,9424
22062,1900,813
22062,1910,892
22062,1920,969
22062,1930,998
22062,1940,735
22062,1950,625
22062,1960,561
22062,1970,427
22062,1981,300
22062,1991,229
22062,2001,224
22062,2011,202
22063,1900,810
22063,1910,822
22063,1920,886
22063,1930,911
22063,1940,826
22063,1950,727
22063,1960,581
22063,1970,376
22063,1981,290
22063,1991,267
22063,2001,228
22063,2011,223
22064,1900,769
22064,1910,784
22064,1920,714
22064,1930,700
22064,1940,700
22064,1950,646
22064,1960,539
22064,1970,391
22064,1981,240
22064,1991,202
22064,2001,195
22064,2011,217
22066,1900,1926
22066,1910,1896
22066,1920,1871
22066,1930,1807
22066,1940,1763
22066,1950,1566
22066,1960,1381
22066,1970,992
22066,1981,919
22066,1991,851
22066,2001,814
22066,2011,1049
22067,1900,421
22067,1910,443
22067,1920,398
22067,1930,375
22067,1940,367
22067,1950,333
22067,1960,276
22067,1970,118
22067,1981,66
22067,1991,70
22067,2001,84
22067,2011,101
22068,1900,460
22068,1910,460
22068,1920,371
22068,1930,315
22068,1940,259
22068,1950,224
22068,1960,190
22068,1970,122
22068,1981,84
22068,1991,73
22068,2001,74
22068,2011,85
22069,1900,1758
22069,1910,1822
22069,1920,1750
22069,1930,1678
22069,1940,1467
22069,1950,1429
22069,1960,1083
22069,1970,679
22069,1981,509
22069,1991,468
22069,2001,539
22069,2011,538
22072,1900,1483
22072,1910,1512
22072,1920,1436
22072,1930,1256
22072,1940,1139
22072,1950,1008
22072,1960,866
22072,1970,494
22072,1981,339
22072,1991,283
22072,2001,250
22072,2011,235
22074,1900,806
22074,1910,828
22074,1920,898
22074,1930,765
22074,1940,794
22074,1950,783
22074,1960,715
22074,1970,524
22074,1981,434
22074,1991,375
22074,2001,348
22074,2011,332
22075,1900,997
22075,1910,902
22075,1920,875
22075,1930,804
22075,1940,691
22075,1950,567
22075,1960,808
22075,1970,500
22075,1981,374
22075,1991,269
22075,2001,247
22075,2011,163
22076,1900,2022
22076,1910,2066
22076,1920,1932
22076,1930,1766
22076,1940,1687
22076,1950,1446
22076,1960,1077
22076,1970,745
22076,1981,550
22076,1991,459
22076,2001,422
22076,2011,377
22077,1900,1063
22077,1910,1054
22077,1920,1063
22077,1930,907
22077,1940,1092
22077,1950,1052
22077,1960,890
22077,1970,830
22077,1981,743
22077,1991,634
22077,2001,568
22077,2011,400
22078,1900,770
22078,1910,774
22078,1920,1090
22078,1930,1696
22078,1940,1090
22078,1950,1054
22078,1960,1105
22078,1970,1027
22078,1981,608
22078,1991,486
22078,2001,532
22078,2011,591
22079,1900,490
22079,1910,511
22079,1920,425
22079,1930,449
22079,1940,450
22079,1950,409
22079,1960,340
22079,1970,274
22079,1981,225
22079,1991,198
22079,2001,170
22079,2011,178
22080,1900,1008
22080,1910,1064
22080,1920,1013
22080,1930,1025
22080,1940,910
22080,1950,779
22080,1960,689
22080,1970,563
22080,1981,534
22080,1991,456
22080,2001,383
22080,2011,369
22081,1900,2195
22081,1910,2155
22081,1920,2054
22081,1930,1909
22081,1940,1698
22081,1950,1379
22081,1960,1124
22081,1970,674
22081,1981,406
22081,1991,366
22081,2001,302
22081,2011,302
22082,1900,621
22082,1910,612
22082,1920,551
22082,1930,419
22082,1940,395
22082,1950,335
22082,1960,396
22082,1970,444
22082,1981,457
22082,1991,416
22082,2001,418
22082,2011,354
22083,1900,1594
22083,1910,1575
22083,1920,1502
22083,1930,1407
22083,1940,1532
22083,1950,1448
22083,1960,1487
22083,1970,1016
22083,1981,907
22083,1991,785
22083,2001,665
22083,2011,612
22084,1900,813
22084,1910,900
22084,1920,966
22084,1930,706
22084,1940,708
22084,1950,661
22084,1960,605
22084,1970,459
22084,1981,443
22084,1991,449
22084,2001,617
22084,2011,782
22085,1900,247
22085,1910,285
22085,1920,266
22085,1930,251
22085,1940,270
22085,1950,210
22085,1960,191
22085,1970,175
22085,1981,194
22085,1991,170
22085,2001,137
22085,2011,132
22086,1900,523
22086,1910,531
22086,1920,506
22086,1930,544
22086,1940,437
22086,1950,438
22086,1960,405
22086,1970,262
22086,1981,168
22086,1991,139
22086,2001,188
22086,2011,252
22087,1900,266
22087,1910,269
22087,1920,293
22087,1930,351
22087,1940,312
22087,1950,272
22087,1960,228
22087,1970,150
22087,1981,111
22087,1991,97
22087,2001,102
22087,2011,106
22088,1900,757
22088,1910,781
22088,1920,705
22088,1930,636
22088,1940,673
22088,1950,542
22088,1960,448
22088,1970,434
22088,1981,305
22088,1991,247
22088,2001,220
22088,2011,189
22089,1900,863
22089,1910,887
22089,1920,907
22089,1930,831
22089,1940,769
22089,1950,740
22089,1960,693
22089,1970,584
22089,1981,465
22089,1991,445
22089,2001,427
22089,2011,362
22090,1900,702
22090,1910,662
22090,1920,685
22090,1930,612
22090,1940,521
22090,1950,424
22090,1960,375
22090,1970,275
22090,1981,179
22090,1991,142
22090,2001,133
22090,2011,127
22094,1900,427
22094,1910,475
22094,1920,493
22094,1930,403
22094,1940,370
22094,1950,334
22094,1960,280
22094,1970,252
22094,1981,201
22094,1991,166
22094,2001,156
22094,2011,118
22095,1900,602
22095,1910,444
22095,1920,308
22095,1930,300
22095,1940,328
22095,1950,251
22095,1960,212
22095,1970,188
22095,1981,150
22095,1991,127
22095,2001,111
22095,2011,97
22096,1900,189
22096,1910,218
22096,1920,237
22096,1930,239
22096,1940,231
22096,1950,234
22096,1960,229
22096,1970,178
22096,1981,166
22096,1991,148
22096,2001,227
22096,2011,377
22099,1900,549
22099,1910,747
22099,1920,1114
22099,1930,1099
22099,1940,1005
22099,1950,1096
22099,1960,1115
22099,1970,1071
22099,1981,1079
22099,1991,912
22099,2001,725
22099,2011,627
22102,1900,524
22102,1910,514
22102,1920,492
22102,1930,449
22102,1940,407
22102,1950,441
22102,1960,433
22102,1970,328
22102,1981,254
22102,1991,193
22102,2001,192
22102,2011,229
22103,1900,1752
22103,1910,1668
22103,1920,1548
22103,1930,1489
22103,1940,1560
22103,1950,1478
22103,1960,1403
22103,1970,1160
22103,1981,1126
22103,1991,1003
22103,2001,912
22103,2011,848
22105,1900,1486
22105,1910,1443
22105,1920,1390
22105,1930,1104
22105,1940,1083
22105,1950,833
22105,1960,1222
22105,1970,476
22105,1981,219
22105,1991,184
22105,2001,217
22105,2011,161
22106,1900,419
22106,1910,372
22106,1920,364
22106,1930,359
22106,1940,306
22106,1950,221
22106,1960,186
22106,1970,107
22106,1981,53
22106,1991,44
22106,2001,37
22106,2011,29
22107,1900,1065
22107,1910,1084
22107,1920,1033
22107,1930,873
22107,1940,733
22107,1950,626
22107,1960,543
22107,1970,157
22107,1981,62
22107,1991,50
22107,2001,170
22107,2011,121
22109,1900,2505
22109,1910,2495
22109,1920,2502
22109,1930,2285
22109,1940,2050
22109,1950,1787
22109,1960,1527
22109,1970,489
22109,1981,346
22109,1991,256
22109,2001,254
22109,2011,324
22110,1900,2006
22110,1910,2338
22110,1920,2123
22110,1930,2126
22110,1940,2077
22110,1950,2014
22110,1960,1888
22110,1970,1705
22110,1981,1394
22110,1991,1252
22110,2001,1097
22110,2011,985
22111,1900,665
22111,1910,686
22111,1920,713
22111,1930,688
22111,1940,690
22111,1950,617
22111,1960,513
22111,1970,364
22111,1981,304
22111,1991,272
22111,2001,259
22111,2011,209
22112,1900,6934
22112,1910,7418
22112,1920,7827
22112,1930,7480
22112,1940,7120
22112,1950,7750
22112,1960,8791
22112,1970,10134
22112,1981,11186
22112,1991,11491
22112,2001,12100
22112,2011,14543
22113,1900,2691
22113,1910,2722
22113,1920,2576
22113,1930,2629
22113,1940,2606
22113,1950,2565
22113,1960,1956
22113,1970,1095
22113,1981,830
22113,1991,659
22113,2001,607
22113,2011,623
22114,1900,444
22114,1910,479
22114,1920,592
22114,1930,537
22114,1940,510
22114,1950,381
22114,1960,360
22114,1970,291
22114,1981,244
22114,1991,210
22114,2001,168
22114,2011,147
22115,1900,1605
22115,1910,1486
22115,1920,1616
22115,1930,1453
22115,1940,1373
22115,1950,1063
22115,1960,1367
22115,1970,821
22115,1981,670
22115,1991,590
22115,2001,518
22115,2011,472
22116,1900,1431
22116,1910,1478
22116,1920,1460
22116,1930,1310
22116,1940,1363
22116,1950,1670
22116,1960,2622
22116,1970,2649
22116,1981,2482
22116,1991,2162
22116,2001,1994
22116,2011,1995
22117,1900,6259
22117,1910,6478
22117,1920,6217
22117,1930,5986
22117,1940,6023
22117,1950,5151
22117,1960,4747
22117,1970,3910
22117,1981,3546
22117,1991,3315
22117,2001,3136
22117,2011,3526
22119,1900,1401
22119,1910,1642
22119,1920,1866
22119,1930,1813
22119,1940,1790
22119,1950,2266
22119,1960,2579
22119,1970,2292
22119,1981,2181
22119,1991,1998
22119,2001,1772
22119,2011,1651
22122,1900,160
22122,1910,159
22122,1920,142
22122,1930,154
22122,1940,154
22122,1950,136
22122,1960,113
22122,1970,105
22122,1981,94
22122,1991,86
22122,2001,77
22122,2011,72
22124,1900,970
22124,1910,1026
22124,1920,1082
22124,1930,908
22124,1940,946
22124,1950,807
22124,1960,691
22124,1970,505
22124,1981,390
22124,1991,316
22124,2001,257
22124,2011,263
22125,1900,13683
22125,1910,13964
22125,1920,16026
22125,1930,17383
22125,1940,17500
22125,1950,21066
22125,1960,23601
22125,1970,32119
22125,1981,41455
22125,1991,44165
22125,2001,46243
22125,2011,52030
22126,1900,417
22126,1910,402
22126,1920,373
22126,1930,323
22126,1940,325
22126,1950,300
22126,1960,260
22126,1970,168
22126,1981,136
22126,1991,114
22126,2001,111
22126,2011,114
22127,1900,446
22127,1910,458
22127,1920,411
22127,1930,419
22127,1940,375
22127,1950,336
22127,1960,274
22127,1970,190
22127,1981,159
22127,1991,150
22127,2001,308
22127,2011,654
22128,1900,720
22128,1910,691
22128,1920,779
22128,1930,751
22128,1940,739
22128,1950,627
22128,1960,476
22128,1970,421
22128,1981,332
22128,1991,323
22128,2001,273
22128,2011,224
22129,1900,1246
22129,1910,1288
22129,1920,1226
22129,1930,1174
22129,1940,1162
22129,1950,1070
22129,1960,831
22129,1970,507
22129,1981,347
22129,1991,279
22129,2001,273
22129,2011,288
22130,1900,8964
22130,1910,9172
22130,1920,9209
22130,1930,10022
22130,1940,9582
22130,1950,10603
22130,1960,10265
22130,1970,10051
22130,1981,11076
22130,1991,10840
22130,2001,11398
22130,2011,12857
22131,1900,467
22131,1910,420
22131,1920,525
22131,1930,374
22131,1940,318
22131,1950,245
22131,1960,220
22131,1970,144
22131,1981,125
22131,1991,112
22131,2001,120
22131,2011,112
22133,1900,425
22133,1910,455
22133,1920,505
22133,1930,459
22133,1940,447
22133,1950,338
22133,1960,309
22133,1970,282
22133,1981,183
22133,1991,172
22133,2001,174
22133,2011,153
22135,1900,794
22135,1910,850
22135,1920,863
22135,1930,871
22135,1940,700
22135,1950,597
22135,1960,501
22135,1970,396
22135,1981,330
22135,1991,285
22135,2001,257
22135,2011,224
22136,1900,867
22136,1910,951
22136,1920,1020
22136,1930,1091
22136,1940,1151
22136,1950,1082
22136,1960,1217
22136,1970,1655
22136,1981,1558
22136,1991,1389
22136,2001,1183
22136,2011,1067
22137,1900,1839
22137,1910,2090
22137,1920,2088
22137,1930,2103
22137,1940,2255
22137,1950,1980
22137,1960,2159
22137,1970,2213
22137,1981,1963
22137,1991,1771
22137,2001,1531
22137,2011,1354
22139,1900,369
22139,1910,364
22139,1920,363
22139,1930,342
22139,1940,309
22139,1950,270
22139,1960,214
22139,1970,126
22139,1981,121
22139,1991,110
22139,2001,110
22139,2011,103
22141,1900,996
22141,1910,990
22141,1920,871
22141,1930,783
22141,1940,648
22141,1950,564
22141,1960,483
22141,1970,301
22141,1981,219
22141,1991,188
22141,2001,166
22141,2011,145
22142,1900,581
22142,1910,551
22142,1920,553
22142,1930,551
22142,1940,542
22142,1950,452
22142,1960,351
22142,1970,242
22142,1981,200
22142,1991,173
22142,2001,159
22142,2011,150
22143,1900,1065
22143,1910,1165
22143,1920,1132
22143,1930,1121
22143,1940,918
22143,1950,793
22143,1960,683
22143,1970,505
22143,1981,353
22143,1991,318
22143,2001,277
22143,2011,313
22144,1900,501
22144,1910,502
22144,1920,566
22144,1930,610
22144,1940,594
22144,1950,535
22144,1960,515
22144,1970,392
22144,1981,315
22144,1991,291
22144,2001,272
22144,2011,293
22149,1900,1771
22149,1910,1788
22149,1920,1613
22149,1930,1352
22149,1940,1329
22149,1950,1026
22149,1960,984
22149,1970,625
22149,1981,450
22149,1991,413
22149,2001,400
22149,2011,364
22150,1900,3139
22150,1910,3181
22150,1920,2833
22150,1930,2533
22150,1940,2211
22150,1950,1818
22150,1960,1347
22150,1970,776
22150,1981,488
22150,1991,545
22150,2001,488
22150,2011,557
22151,1900,371
22151,1910,393
22151,1920,440
22151,1930,570
22151,1940,562
22151,1950,429
22151,1960,373
22151,1970,181
22151,1981,158
22151,1991,132
22151,2001,114
22151,2011,109
22155,1900,513
22155,1910,561
22155,1920,590
22155,1930,569
22155,1940,454
22155,1950,424
22155,1960,303
22155,1970,183
22155,1981,130
22155,1991,109
22155,2001,98
22155,2011,96
22156,1900,452
22156,1910,491
22156,1920,428
22156,1930,447
22156,1940,445
22156,1950,447
22156,1960,384
22156,1970,313
22156,1981,211
22156,1991,185
22156,2001,207
22156,2011,307
22157,1900,1395
22157,1910,1457
22157,1920,1381
22157,1930,1348
22157,1940,1296
22157,1950,1090
22157,1960,972
22157,1970,603
22157,1981,422
22157,1991,327
22157,2001,296
22157,2011,264
22158,1900,5037
22158,1910,5368
22158,1920,5136
22158,1930,5460
22158,1940,5808
22158,1950,6362
22158,1960,9825
22158,1970,14670
22158,1981,14861
22158,1991,14690
22158,2001,14920
22158,2011,17144
22160,1900,1550
22160,1910,1439
22160,1920,1132
22160,1930,1001
22160,1940,982
22160,1950,846
22160,1960,761
22160,1970,387
22160,1981,303
22160,1991,303
22160,2001,314
22160,2011,248
22162,1900,400
22162,1910,459
22162,1920,460
22162,1930,454
22162,1940,430
22162,1950,408
22162,1960,302
22162,1970,281
22162,1981,250
22162,1991,195
22162,2001,180
22162,2011,168
22163,1900,1249
22163,1910,1230
22163,1920,1132
22163,1930,1130
22163,1940,952
22163,1950,817
22163,1960,642
22163,1970,350
22163,1981,238
22163,1991,212
22163,2001,353
22163,2011,556
22164,1900,384
22164,1910,342
22164,1920,331
22164,1930,297
22164,1940,286
22164,1950,229
22164,1960,225
22164,1970,96
22164,1981,63
22164,1991,56
22164,2001,49
22164,2011,53
22165,1900,1862
22165,1910,1989
22165,1920,1927
22165,1930,1845
22165,1940,1705
22165,1950,1427
22165,1960,1174
22165,1970,926
22165,1981,746
22165,1991,750
22165,2001,650
22165,2011,593
22167,1900,728
22167,1910,812
22167,1920,885
22167,1930,818
22167,1940,817
22167,1950,895
22167,1960,880
22167,1970,835
22167,1981,798
22167,1991,740
22167,2001,732
22167,2011,798
22168,1900,288
22168,1910,311
22168,1920,270
22168,1930,241
22168,1940,273
22168,1950,245
22168,1960,171
22168,1970,58
22168,1981,51
22168,1991,33
22168,2001,41
22168,2011,29
22170,1900,889
22170,1910,835
22170,1920,931
22170,1930,996
22170,1940,887
22170,1950,763
22170,1960,712
22170,1970,537
22170,1981,509
22170,1991,589
22170,2001,705
22170,2011,784
22172,1900,1158
22172,1910,1331
22172,1920,1307
22172,1930,1313
22172,1940,1361
22172,1950,1062
22172,1960,893
22172,1970,841
22172,1981,814
22172,1991,797
22172,2001,784
22172,2011,753
22173,1900,2226
22173,1910,2633
22173,1920,2429
22173,1930,2459
22173,1940,2233
22173,1950,1816
22173,1960,1467
22173,1970,698
22173,1981,392
22173,1991,283
22173,2001,268
22173,2011,273
22174,1900,2207
22174,1910,2320
22174,1920,2038
22174,1930,1819
22174,1940,1829
22174,1950,1553
22174,1960,1305
22174,1970,1040
22174,1981,868
22174,1991,760
22174,2001,701
22174,2011,598
22175,1900,2404
22175,1910,2464
22175,1920,2361
22175,1930,2036
22175,1940,1880
22175,1950,1638
22175,1960,1297
22175,1970,1090
22175,1981,592
22175,1991,349
22175,2001,258
22175,2011,245
22176,1900,439
22176,1910,476
22176,1920,498
22176,1930,432
22176,1940,430
22176,1950,305
22176,1960,266
22176,1970,248
22176,1981,203
22176,1991,175
22176,2001,166
22176,2011,202
22177,1900,689
22177,1910,694
22177,1920,661
22177,1930,603
22177,1940,616
22177,1950,603
22177,1960,428
22177,1970,240
22177,1981,192
22177,1991,157
22177,2001,127
22177,2011,102
22178,1900,705
22178,1910,623
22178,1920,616
22178,1930,527
22178,1940,453
22178,1950,380
22178,1960,328
22178,1970,204
22178,1981,160
22178,1991,159
22178,2001,153
22178,2011,122
22181,1900,242
22181,1910,276
22181,1920,279
22181,1930,265
22181,1940,270
22181,1950,245
22181,1960,208
22181,1970,158
22181,1981,116
22181,1991,107
22181,2001,103
22181,2011,100
22182,1900,1124
22182,1910,1096
22182,1920,1113
22182,1930,1007
22182,1940,871
22182,1950,740
22182,1960,640
22182,1970,548
22182,1981,325
22182,1991,301
22182,2001,314
22182,2011,316
22184,1900,512
22184,1910,556
22184,1920,523
22184,1930,538
22184,1940,527
22184,1950,490
22184,1960,484
22184,1970,374
22184,1981,327
22184,1991,261
22184,2001,248
22184,2011,219
22186,1900,885
22186,1910,914
22186,1920,791
22186,1930,771
22186,1940,747
22186,1950,637
22186,1960,460
22186,1970,391
22186,1981,311
22186,1991,268
22186,2001,243
22186,2011,239
22187,1900,887
22187,1910,837
22187,1920,735
22187,1930,686
22187,1940,660
22187,1950,547
22187,1960,599
22187,1970,442
22187,1981,348
22187,1991,298
22187,2001,321
22187,2011,428
22188,1900,822
22188,1910,809
22188,1920,801
22188,1930,733
22188,1940,669
22188,1950,585
22188,1960,579
22188,1970,270
22188,1981,166
22188,1991,135
22188,2001,114
22188,2011,131
22189,1900,1049
22189,1910,1060
22189,1920,1074
22189,1930,1020
22189,1940,925
22189,1950,835
22189,1960,741
22189,1970,323
22189,1981,205
22189,1991,205
22189,2001,214
22189,2011,233
22190,1900,492
22190,1910,493
22190,1920,503
22190,1930,514
22190,1940,504
22190,1950,458
22190,1960,378
22190,1970,257
22190,1981,178
22190,1991,173
22190,2001,145
22190,2011,152
22193,1900,420
22193,1910,512
22193,1920,466
22193,1930,468
22193,1940,473
22193,1950,522
22193,1960,563
22193,1970,545
22193,1981,438
22193,1991,397
22193,2001,338
22193,2011,370
22195,1900,259
22195,1910,285
22195,1920,302
22195,1930,289
22195,1940,239
22195,1950,251
22195,1960,238
22195,1970,174
22195,1981,132
22195,1991,160
22195,2001,147
22195,2011,288
22197,1900,1064
22197,1910,1030
22197,1920,1129
22197,1930,1217
22197,1940,1214
22197,1950,981
22197,1960,1008
22197,1970,1007
22197,1981,805
22197,1991,715
22197,2001,653
22197,2011,606
22199,1900,4884
22199,1910,5063
22199,1920,4828
22199,1930,5491
22199,1940,5497
22199,1950,5606
22199,1960,7793
22199,1970,8367
22199,1981,9097
22199,1991,9056
22199,2001,8578
22199,2011,10164
22200,1900,871
22200,1910,711
22200,1920,686
22200,1930,630
22200,1940,525
22200,1950,474
22200,1960,546
22200,1970,379
22200,1981,336
22200,1991,315
22200,2001,286
22200,2011,337
22201,1900,998
22201,1910,1071
22201,1920,1004
22201,1930,975
22201,1940,907
22201,1950,794
22201,1960,659
22201,1970,586
22201,1981,494
22201,1991,417
22201,2001,385
22201,2011,314
22202,1900,601
22202,1910,588
22202,1920,587
22202,1930,581
22202,1940,503
22202,1950,393
22202,1960,325
22202,1970,294
22202,1981,255
22202,1991,202
22202,2001,161
22202,2011,144
22203,1900,367
22203,1910,414
22203,1920,374
22203,1930,354
22203,1940,387
22203,1950,364
22203,1960,257
22203,1970,202
22203,1981,172
22203,1991,126
22203,2001,110
22203,2011,106
22204,1900,1420
22204,1910,1427
22204,1920,1387
22204,1930,1312
22204,1940,1189
22204,1950,1424
22204,1960,1063
22204,1970,1212
22204,1981,924
22204,1991,886
22204,2001,1080
22204,2011,1522
22205,1900,1532
22205,1910,1806
22205,1920,1836
22205,1930,1698
22205,1940,1605
22205,1950,1566
22205,1960,1301
22205,1970,951
22205,1981,835
22205,1991,689
22205,2001,600
22205,2011,502
22206,1900,509
22206,1910,532
22206,1920,614
22206,1930,619
22206,1940,631
22206,1950,508
22206,1960,474
22206,1970,429
22206,1981,337
22206,1991,307
22206,2001,250
22206,2011,227
22207,1900,361
22207,1910,367
22207,1920,383
22207,1930,301
22207,1940,294
22207,1950,260
22207,1960,236
22207,1970,205
22207,1981,177
22207,1991,170
22207,2001,160
22207,2011,160
22208,1900,567
22208,1910,606
22208,1920,600
22208,1930,528
22208,1940,511
22208,1950,513
22208,1960,421
22208,1970,307
22208,1981,214
22208,1991,158
22208,2001,191
22208,2011,201
22209,1900,422
22209,1910,412
22209,1920,332
22209,1930,343
22209,1940,341
22209,1950,317
22209,1960,252
22209,1970,164
22209,1981,144
22209,1991,138
22209,2001,152
22209,2011,194
22212,1900,366
22212,1910,379
22212,1920,422
22212,1930,350
22212,1940,373
22212,1950,392
22212,1960,274
22212,1970,141
22212,1981,117
22212,1991,105
22212,2001,123
22212,2011,96
22213,1900,4029
22213,1910,4424
22213,1920,4490
22213,1930,3988
22213,1940,4107
22213,1950,3787
22213,1960,3993
22213,1970,4209
22213,1981,4338
22213,1991,4227
22213,2001,3950
22213,2011,4396
22214,1900,850
22214,1910,855
22214,1920,845
22214,1930,786
22214,1940,735
22214,1950,593
22214,1960,497
22214,1970,345
22214,1981,240
22214,1991,190
22214,2001,144
22214,2011,154
22215,1900,311
22215,1910,309
22215,1920,494
22215,1930,611
22215,1940,508
22215,1950,447
22215,1960,402
22215,1970,309
22215,1981,255
22215,1991,218
22215,2001,202
22215,2011,152
22217,1900,1071
22217,1910,1161
22217,1920,1249
22217,1930,1232
22217,1940,1154
22217,1950,1052
22217,1960,1033
22217,1970,894
22217,1981,764
22217,1991,671
22217,2001,577
22217,2011,534
22218,1900,143
22218,1910,178
22218,1920,188
22218,1930,164
22218,1940,174
22218,1950,154
22218,1960,138
22218,1970,105
22218,1981,80
22218,1991,63
22218,2001,52
22218,2011,58
22220,1900,881
22220,1910,911
22220,1920,838
22220,1930,811
22220,1940,770
22220,1950,698
22220,1960,492
22220,1970,403
22220,1981,341
22220,1991,297
22220,2001,258
22220,2011,209
22221,1900,360
22221,1910,385
22221,1920,301
22221,1930,259
22221,1940,269
22221,1950,181
22221,1960,142
22221,1970,114
22221,1981,77
22221,1991,75
22221,2001,134
22221,2011,123
22222,1900,1584
22222,1910,1627
22222,1920,1551
22222,1930,1405
22222,1940,1089
22222,1950,979
22222,1960,783
22222,1970,549
22222,1981,384
22222,1991,335
22222,2001,453
22222,2011,652
22223,1900,889
22223,1910,847
22223,1920,724
22223,1930,721
22223,1940,623
22223,1950,558
22223,1960,470
22223,1970,415
22223,1981,151
22223,1991,144
22223,2001,105
22223,2011,112
22225,1900,3517
22225,1910,4156
22225,1920,4488
22225,1930,4359
22225,1940,4566
22225,1950,4594
22225,1960,4787
22225,1970,4742
22225,1981,4269
22225,1991,4091
22225,2001,3655
22225,2011,3625
22226,1900,1531
22226,1910,1698
22226,1920,1925
22226,1930,2243
22226,1940,1802
22226,1950,1792
22226,1960,1829
22226,1970,1504
22226,1981,1372
22226,1991,1211
22226,2001,1087
22226,2011,987
22227,1900,717
22227,1910,737
22227,1920,843
22227,1930,964
22227,1940,794
22227,1950,738
22227,1960,617
22227,1970,451
22227,1981,422
22227,1991,321
22227,2001,281
22227,2011,262
22228,1900,310
22228,1910,316
22228,1920,307
22228,1930,279
22228,1940,295
22228,1950,271
22228,1960,250
22228,1970,270
22228,1981,219
22228,1991,195
22228,2001,180
22228,2011,713
22229,1900,962
22229,1910,955
22229,1920,898
22229,1930,958
22229,1940,840
22229,1950,668
22229,1960,617
22229,1970,417
22229,1981,299
22229,1991,257
22229,2001,188
22229,2011,153
22230,1900,988
22230,1910,1016
22230,1920,886
22230,1930,892
22230,1940,923
22230,1950,814
22230,1960,612
22230,1970,444
22230,1981,369
22230,1991,363
22230,2001,347
22230,2011,333
22232,1900,443
22232,1910,420
22232,1920,477
22232,1930,475
22232,1940,454
22232,1950,334
22232,1960,394
22232,1970,240
22232,1981,184
22232,1991,150
22232,2001,119
22232,2011,106
22233,1900,362
22233,1910,401
22233,1920,438
22233,1930,426
22233,1940,476
22233,1950,412
22233,1960,397
22233,1970,221
22233,1981,118
22233,1991,115
22233,2001,110
22233,2011,117
22234,1900,1382
22234,1910,1409
22234,1920,1438
22234,1930,1369
22234,1940,1315
22234,1950,1454
22234,1960,1793
22234,1970,1524
22234,1981,1261
22234,1991,1174
22234,2001,1103
22234,2011,1226
22235,1900,499
22235,1910,492
22235,1920,493
22235,1930,446
22235,1940,401
22235,1950,332
22235,1960,276
22235,1970,208
22235,1981,149
22235,1991,141
22235,2001,127
22235,2011,106
22236,1900,202
22236,1910,238
22236,1920,250
22236,1930,228
22236,1940,233
22236,1950,200
22236,1960,189
22236,1970,544
22236,1981,492
22236,1991,428
22236,2001,358
22236,2011,294
22239,1900,111
22239,1910,111
22239,1920,119
22239,1930,132
22239,1940,144
22239,1950,175
22239,1960,203
22239,1970,189
22239,1981,161
22239,1991,131
22239,2001,95
22239,2011,94
22242,1900,309
22242,1910,346
22242,1920,368
22242,1930,335
22242,1940,296
22242,1950,214
22242,1960,152
22242,1970,151
22242,1981,124
22242,1991,116
22242,2001,95
22242,2011,76
22243,1900,221
22243,1910,186
22243,1920,202
22243,1930,225
22243,1940,203
22243,1950,184
22243,1960,131
22243,1970,101
22243,1981,76
22243,1991,56
22243,2001,49
22243,2011,49
22244,1900,212
22244,1910,231
22244,1920,263
22244,1930,203
22244,1940,208
22244,1950,197
22244,1960,173
22244,1970,99
22244,1981,73
22244,1991,61
22244,2001,51
22244,2011,63
22245,1900,1089
22245,1910,1238
22245,1920,1183
22245,1930,1005
22245,1940,927
22245,1950,852
22245,1960,788
22245,1970,679
22245,1981,583
22245,1991,523
22245,2001,463
22245,2011,441
22246,1900,651
22246,1910,765
22246,1920,659
22246,1930,585
22246,1940,595
22246,1950,579
22246,1960,462
22246,1970,248
22246,1981,141
22246,1991,121
22246,2001,111
22246,2011,98
22247,1900,820
22247,1910,800
22247,1920,808
22247,1930,745
22247,1940,726
22247,1950,573
22247,1960,274
22247,1970,85
22247,1981,51
22247,1991,41
22247,2001,36
22247,2011,45
22248,1900,374
22248,1910,328
22248,1920,296
22248,1930,336
22248,1940,245
22248,1950,287
22248,1960,283
22248,1970,194
22248,1981,143
22248,1991,111
22248,2001,121
22248,2011,117
22249,1900,279
22249,1910,324
22249,1920,352
22249,1930,211
22249,1940,159
22249,1950,127
22249,1960,190
22249,1970,131
22249,1981,121
22249,1991,94
22249,2001,132
22249,2011,149
22250,1900,959
22250,1910,1114
22250,1920,847
22250,1930,682
22250,1940,585
22250,1950,551
22250,1960,446
22250,1970,323
22250,1981,265
22250,1991,283
22250,2001,340
22250,2011,495
22251,1900,900
22251,1910,974
22251,1920,972
22251,1930,875
22251,1940,791
22251,1950,730
22251,1960,679
22251,1970,613
22251,1981,549
22251,1991,500
22251,2001,531
22251,2011,457
22252,1900,867
22252,1910,888
22252,1920,926
22252,1930,867
22252,1940,741
22252,1950,670
22252,1960,490
22252,1970,222
22252,1981,184
22252,1991,173
22252,2001,161
22252,2011,151
22253,1900,288
22253,1910,311
22253,1920,293
22253,1930,254
22253,1940,248
22253,1950,201
22253,1960,194
22253,1970,141
22253,1981,61
22253,1991,53
22253,2001,81
22253,2011,68
22254,1900,1907
22254,1910,2091
22254,1920,2100
22254,1930,2051
22254,1940,1990
22254,1950,2072
22254,1960,2132
22254,1970,2008
22254,1981,1857
22254,1991,1756
22254,2001,1672
22254,2011,1719
22901,1900,2935
22901,1910,2701
22901,1920,2504
22901,1930,2328
22901,1940,2089
22901,1950,1929
22901,1960,1761
22901,1970,1369
22901,1981,1143
22901,1991,1055
22901,2001,977
22901,2011,943
22902,1900,848
22902,1910,841
22902,1920,817
22902,1930,789
22902,1940,793
22902,1950,664
22902,1960,518
22902,1970,372
22902,1981,320
22902,1991,295
22902,2001,262
22902,2011,283
22903,1900,1922
22903,1910,1941
22903,1920,1902
22903,1930,1795
22903,1940,1683
22903,1950,1542
22903,1960,1298
22903,1970,1122
22903,1981,1013
22903,1991,982
22903,2001,886
22903,2011,845
22904,1900,3972
22904,1910,4073
22904,1920,3667
22904,1930,3559
22904,1940,3391
22904,1950,3024
22904,1960,2418
22904,1970,1874
22904,1981,1470
22904,1991,1262
22904,2001,1088
22904,2011,1030
22905,1900,1138
22905,1910,1181
22905,1920,1211
22905,1930,1300
22905,1940,1276
22905,1950,1176
22905,1960,916
22905,1970,674
22905,1981,452
22905,1991,404
22905,2001,343
22905,2011,380
22906,1900,644
22906,1910,622
22906,1920,583
22906,1930,553
22906,1940,556
22906,1950,546
22906,1960,446
22906,1970,350
22906,1981,269
22906,1991,225
22906,2001,222
22906,2011,220
22907,1900,3680
22907,1910,3800
22907,1920,3715
22907,1930,3479
22907,1940,3331
22907,1950,3024
22907,1960,2502
22907,1970,1722
22907,1981,1237
22907,1991,1427
22907,2001,1602
22907,2011,2179
22908,1900,1390
22908,1910,1383
22908,1920,1313
22908,1930,1151
22908,1940,1086
22908,1950,867
22908,1960,747
22908,1970,498
22908,1981,342
22908,1991,268
22908,2001,233
22908,2011,206
22909,1940,149
22909,1950,147
22909,1960,88
22909,1970,456
22909,1981,542
22909,1991,514
22909,2001,468
22909,2011,459
44001,1900,459
44001,1910,458
44001,1920,409
44001,1930,373
44001,1940,409
44001,1950,400
44001,1960,362
44001,1970,193
44001,1981,115
44001,1991,83
44001,2001,85
44001,2011,71
44002,1900,698
44002,1910,711
44002,1920,696
44002,1930,597
44002,1940,561
44002,1950,503
44002,1960,372
44002,1970,178
44002,1981,63
44002,1991,65
44002,2001,56
44002,2011,58
44003,1900,181
44003,1910,185
44003,1920,179
44003,1930,194
44003,1940,139
44003,1950,153
44003,1960,129
44003,1970,73
44003,1981,50
44003,1991,32
44003,2001,26
44003,2011,20
44004,1900,1781
44004,1910,1793
44004,1920,1761
44004,1930,1863
44004,1940,1723
44004,1950,1547
44004,1960,1263
44004,1970,889
44004,1981,706
44004,1991,618
44004,2001,658
44004,2011,648
44005,1900,524
44005,1910,496
44005,1920,536
44005,1930,494
44005,1940,442
44005,1950,392
44005,1960,314
44005,1970,220
44005,1981,131
44005,1991,101
44005,2001,80
44005,2011,74
44006,1900,931
44006,1910,1007
44006,1920,1070
44006,1930,1038
44006,1940,1071
44006,1950,1060
44006,1960,990
44006,1970,729
44006,1981,543
44006,1991,527
44006,2001,409
44006,2011,333
44007,1900,634
44007,1910,694
44007,1920,732
44007,1930,786
44007,1940,761
44007,1950,701
44007,1960,626
44007,1970,557
44007,1981,403
44007,1991,323
44007,2001,255
44007,2011,228
44008,1900,4291
44008,1910,4537
44008,1920,4726
44008,1930,4640
44008,1940,4367
44008,1950,4341
44008,1960,3926
44008,1970,3044
44008,1981,2739
44008,1991,2449
44008,2001,2185
44008,2011,2079
44009,1900,1932
44009,1910,1752
44009,1920,1780
44009,1930,1688
44009,1940,1404
44009,1950,1501
44009,1960,1432
44009,1970,1258
44009,1981,1127
44009,1991,1065
44009,2001,1050
44009,2011,1102
44010,1900,1003
44010,1910,1038
44010,1920,1168
44010,1930,1195
44010,1940,1057
44010,1950,1075
44010,1960,803
44010,1970,523
44010,1981,350
44010,1991,288
44010,2001,252
44010,2011,291
44011,1900,1103
44011,1910,1347
44011,1920,1108
44011,1930,968
44011,1940,909
44011,1950,750
44011,1960,444
44011,1970,114
44011,1981,54
44011,1991,49
44011,2001,72
44011,2011,69
44012,1900,1648
44012,1910,1647
44012,1920,1667
44012,1930,1648
44012,1940,1528
44012,1950,1333
44012,1960,1043
44012,1970,774
44012,1981,579
44012,1991,462
44012,2001,510
44012,2011,498
44013,1900,7699
44013,1910,8397
44013,1920,8596
44013,1930,8961
44013,1940,8691
44013,1950,9812
44013,1960,10166
44013,1970,10851
44013,1981,11651
44013,1991,12642
44013,2001,13431
44013,2011,16402
44014,1900,3119
44014,1910,3575
44014,1920,3654
44014,1930,3809
44014,1940,3429
44014,1950,3208
44014,1960,3406
44014,1970,3058
44014,1981,3112
44014,1991,3234
44014,2001,3339
44014,2011,3557
44016,1900,1355
44016,1910,1340
44016,1920,1399
44016,1930,1586
44016,1940,1304
44016,1950,1579
44016,1960,1551
44016,1970,1169
44016,1981,934
44016,1991,777
44016,2001,624
44016,2011,619
44017,1900,1754
44017,1910,1799
44017,1920,1638
44017,1930,1578
44017,1940,1513
44017,1950,2019
44017,1960,2466
44017,1970,1265
44017,1981,866
44017,1991,442
44017,2001,397
44017,2011,364
44018,1900,243
44018,1910,271
44018,1920,258
44018,1930,218
44018,1940,214
44018,1950,205
44018,1960,160
44018,1970,67
44018,1981,34
44018,1991,40
44018,2001,27
44018,2011,29
44019,1900,546
44019,1910,561
44019,1920,533
44019,1930,449
44019,1940,441
44019,1950,371
44019,1960,305
44019,1970,231
44019,1981,150
44019,1991,111
44019,2001,85
44019,2011,77
44020,1900,224
44020,1910,241
44020,1920,248
44020,1930,226
44020,1940,161
44020,1950,160
44020,1960,146
44020,1970,69
44020,1981,35
44020,1991,35
44020,2001,30
44020,2011,25
44021,1900,1040
44021,1910,1014
44021,1920,941
44021,1930,893
44021,1940,767
44021,1950,743
44021,1960,724
44021,1970,501
44021,1981,236
44021,1991,147
44021,2001,135
44021,2011,122
44022,1900,1773
44022,1910,1926
44022,1920,1882
44022,1930,1651
44022,1940,1773
44022,1950,1730
44022,1960,1791
44022,1970,1169
44022,1981,1006
44022,1991,913
44022,2001,720
44022,2011,671
44023,1900,216
44023,1910,208
44023,1920,220
44023,1930,254
44023,1940,224
44023,1950,159
44023,1960,82
44023,1970,10
44023,1981,9
44023,1991,12
44023,2001,13
44023,2011,20
44024,1900,355
44024,1910,391
44024,1920,349
44024,1930,366
44024,1940,209
44024,1950,224
44024,1960,172
44024,1970,71
44024,1981,41
44024,1991,28
44024,2001,18
44024,2011,26
44025,1900,2704
44025,1910,2979
44025,1920,3084
44025,1930,3195
44025,1940,3195
44025,1950,4472
44025,1960,7821
44025,1970,6609
44025,1981,8221
44025,1991,8680
44025,2001,7816
44025,2011,8212
44026,1900,1353
44026,1910,1280
44026,1920,1160
44026,1930,971
44026,1940,860
44026,1950,814
44026,1960,625
44026,1970,252
44026,1981,169
44026,1991,186
44026,2001,139
44026,2011,105
44027,1900,759
44027,1910,766
44027,1920,725
44027,1930,660
44027,1940,589
44027,1950,595
44027,1960,486
44027,1970,354
44027,1981,305
44027,1991,272
44027,2001,232
44027,2011,201
44028,1900,716
44028,1910,710
44028,1920,699
44028,1930,724
44028,1940,643
44028,1950,661
44028,1960,591
44028,1970,471
44028,1981,385
44028,1991,299
44028,2001,266
44028,2011,222
44029,1900,1366
44029,1910,1506
44029,1920,1555
44029,1930,1329
44029,1940,1288
44029,1950,1571
44029,1960,1744
44029,1970,1125
44029,1981,923
44029,1991,956
44029,2001,853
44029,2011,861
44031,1900,742
44031,1910,778
44031,1920,777
44031,1930,672
44031,1940,599
44031,1950,579
44031,1960,496
44031,1970,392
44031,1981,293
44031,1991,243
44031,2001,171
44031,2011,129
44032,1900,454
44032,1910,451
44032,1920,368
44032,1930,326
44032,1940,245
44032,1950,258
44032,1960,202
44032,1970,83
44032,1981,38
44032,1991,29
44032,2001,25
44032,2011,21
44033,1900,1420
44033,1910,1402
44033,1920,1430
44033,1930,1474
44033,1940,1526
44033,1950,1523
44033,1960,1328
44033,1970,1060
44033,1981,773
44033,1991,624
44033,2001,463
44033,2011,365
44034,1900,693
44034,1910,720
44034,1920,676
44034,1930,766
44034,1940,742
44034,1950,728
44034,1960,597
44034,1970,423
44034,1981,276
44034,1991,226
44034,2001,168
44034,2011,162
44035,1900,697
44035,1910,722
44035,1920,658
44035,1930,655
44035,1940,635
44035,1950,648
44035,1960,549
44035,1970,328
44035,1981,239
44035,1991,200
44035,2001,154
44035,2011,140
44036,1900,170
44036,1910,167
44036,1920,186
44036,1930,194
44036,1940,179
44036,1950,196
44036,1960,126
44036,1970,50
44036,1981,19
44036,1991,28
44036,2001,38
44036,2011,30
44037,1900,2252
44037,1910,1902
44037,1920,1965
44037,1930,1761
44037,1940,1278
44037,1950,1239
44037,1960,1193
44037,1970,1006
44037,1981,733
44037,1991,701
44037,2001,619
44037,2011,591
44038,1900,817
44038,1910,820
44038,1920,745
44038,1930,626
44038,1940,524
44038,1950,507
44038,1960,422
44038,1970,236
44038,1981,212
44038,1991,172
44038,2001,138
44038,2011,125
44039,1900,989
44039,1910,1145
44039,1920,1275
44039,1930,1435
44039,1940,1396
44039,1950,1475
44039,1960,1324
44039,1970,883
44039,1981,596
44039,1991,474
44039,2001,369
44039,2011,276
44040,1900,816
44040,1910,804
44040,1920,743
44040,1930,677
44040,1940,645
44040,1950,549
44040,1960,452
44040,1970,341
44040,1981,274
44040,1991,260
44040,2001,248
44040,2011,258
44041,1900,357
44041,1910,336
44041,1920,368
44041,1930,388
44041,1940,345
44041,1950,339
44041,1960,363
44041,1970,249
44041,1981,88
44041,1991,76
44041,2001,65
44041,2011,78
44042,1900,859
44042,1910,921
44042,1920,965
44042,1930,1059
44042,1940,1011
44042,1950,932
44042,1960,793
44042,1970,434
44042,1981,330
44042,1991,243
44042,2001,179
44042,2011,163
44043,1900,1325
44043,1910,1430
44043,1920,1392
44043,1930,1359
44043,1940,1081
44043,1950,973
44043,1960,746
44043,1970,358
44043,1981,215
44043,1991,165
44043,2001,139
44043,2011,127
44044,1900,586
44044,1910,527
44044,1920,567
44044,1930,579
44044,1940,524
44044,1950,471
44044,1960,385
44044,1970,266
44044,1981,156
44044,1991,142
44044,2001,138
44044,2011,128
44045,1900,950
44045,1910,991
44045,1920,1110
44045,1930,1039
44045,1940,1009
44045,1950,757
44045,1960,716
44045,1970,564
44045,1981,438
44045,1991,475
44045,2001,472
44045,2011,465
44046,1900,352
44046,1910,368
44046,1920,419
44046,1930,439
44046,1940,417
44046,1950,403
44046,1960,324
44046,1970,262
44046,1981,178
44046,1991,123
44046,2001,90
44046,2011,62
44047,1900,1350
44047,1910,1168
44047,1920,1227
44047,1930,1282
44047,1940,1331
44047,1950,1396
44047,1960,1018
44047,1970,637
44047,1981,486
44047,1991,367
44047,2001,303
44047,2011,290
44048,1900,563
44048,1910,538
44048,1920,463
44048,1930,418
44048,1940,367
44048,1950,330
44048,1960,306
44048,1970,166
44048,1981,133
44048,1991,102
44048,2001,108
44048,2011,82
44049,1900,2579
44049,1910,2777
44049,1920,2899
44049,1930,2751
44049,1940,2134
44049,1950,2122
44049,1960,1752
44049,1970,1625
44049,1981,1456
44049,1991,1281
44049,2001,1153
44049,2011,1097
44050,1900,6017
44050,1910,6385
44050,1920,7099
44050,1930,7647
44050,1940,8128
44050,1950,7881
44050,1960,6746
44050,1970,5041
44050,1981,4764
44050,1991,4276
44050,2001,4040
44050,2011,4571
44051,1900,3924
44051,1910,4286
44051,1920,4251
44051,1930,4052
44051,1940,3975
44051,1950,3544
44051,1960,3023
44051,1970,3125
44051,1981,3323
44051,1991,3552
44051,2001,3474
44051,2011,3963
44052,1900,422
44052,1910,431
44052,1920,382
44052,1930,377
44052,1940,352
44052,1950,381
44052,1960,320
44052,1970,211
44052,1981,117
44052,1991,105
44052,2001,69
44052,2011,91
44053,1900,450
44053,1910,500
44053,1920,445
44053,1930,516
44053,1940,410
44053,1950,431
44053,1960,419
44053,1970,281
44053,1981,208
44053,1991,170
44053,2001,140
44053,2011,130
44054,1900,882
44054,1910,881
44054,1920,900
44054,1930,787
44054,1940,584
44054,1950,572
44054,1960,423
44054,1970,252
44054,1981,175
44054,1991,149
44054,2001,165
44054,2011,145
44055,1900,816
44055,1910,782
44055,1920,717
44055,1930,677
44055,1940,675
44055,1950,684
44055,1960,622
44055,1970,362
44055,1981,179
44055,1991,132
44055,2001,102
44055,2011,116
44056,1900,1349
44056,1910,1420
44056,1920,1649
44056,1930,1691
44056,1940,1835
44056,1950,1840
44056,1960,1602
44056,1970,1373
44056,1981,1075
44056,1991,913
44056,2001,777
44056,2011,714
44059,1900,1962
44059,1910,2049
44059,1920,2005
44059,1930,1866
44059,1940,1674
44059,1950,1587
44059,1960,1338
44059,1970,1060
44059,1981,877
44059,1991,750
44059,2001,759
44059,2011,740
44060,1900,642
44060,1910,611
44060,1920,522
44060,1930,490
44060,1940,452
44060,1950,405
44060,1960,388
44060,1970,253
44060,1981,91
44060,1991,82
44060,2001,58
44060,2011,39
44061,1900,287
44061,1910,318
44061,1920,274
44061,1930,225
44061,1940,242
44061,1950,261
44061,1960,319
44061,1970,238
44061,1981,154
44061,1991,112
44061,2001,104
44061,2011,103
44062,1900,201
44062,1910,192
44062,1920,211
44062,1930,201
44062,1940,191
44062,1950,206
44062,1960,208
44062,1970,155
44062,1981,101
44062,1991,74
44062,2001,54
44062,2011,38
44063,1900,507
44063,1910,579
44063,1920,503
44063,1930,385
44063,1940,483
44063,1950,509
44063,1960,398
44063,1970,273
44063,1981,163
44063,1991,156
44063,2001,116
44063,2011,105
44064,1900,574
44064,1910,612
44064,1920,576
44064,1930,584
44064,1940,553
44064,1950,496
44064,1960,424
44064,1970,261
44064,1981,181
44064,1991,138
44064,2001,107
44064,2011,94
44065,1900,475
44065,1910,492
44065,1920,518
44065,1930,537
44065,1940,510
44065,1950,493
44065,1960,417
44065,1970,260
44065,1981,155
44065,1991,122
44065,2001,92
44065,2011,64
44066,1900,623
44066,1910,603
44066,1920,530
44066,1930,548
44066,1940,518
44066,1950,533
44066,1960,534
44066,1970,393
44066,1981,286
44066,1991,229
44066,2001,158
44066,2011,140
44067,1900,680
44067,1910,549
44067,1920,505
44067,1930,492
44067,1940,442
44067,1950,352
44067,1960,300
44067,1970,216
44067,1981,148
44067,1991,123
44067,2001,109
44067,2011,178
44068,1900,2177
44068,1910,2154
44068,1920,2186
44068,1930,2087
44068,1940,1857
44068,1950,1513
44068,1960,1295
44068,1970,1099
44068,1981,1009
44068,1991,938
44068,2001,824
44068,2011,835
44070,1900,489
44070,1910,491
44070,1920,489
44070,1930,471
44070,1940,501
44070,1950,396
44070,1960,306
44070,1970,175
44070,1981,122
44070,1991,103
44070,2001,87
44070,2011,66
44071,1900,5122
44071,1910,5398
44071,1920,4890
44071,1930,4400
44071,1940,3700
44071,1950,3312
44071,1960,2696
44071,1970,1493
44071,1981,1050
44071,1991,927
44071,2001,802
44071,2011,801
44074,1900,957
44074,1910,987
44074,1920,1029
44074,1930,1034
44074,1940,1012
44074,1950,1031
44074,1960,967
44074,1970,785
44074,1981,592
44074,1991,557
44074,2001,538
44074,2011,629
44075,1900,876
44075,1910,883
44075,1920,907
44075,1930,962
44075,1940,777
44075,1950,875
44075,1960,787
44075,1970,660
44075,1981,555
44075,1991,488
44075,2001,398
44075,2011,418
44076,1900,2567
44076,1910,2751
44076,1920,3197
44076,1930,3685
44076,1940,3834
44076,1950,3909
44076,1960,3802
44076,1970,3340
44076,1981,3218
44076,1991,3066
44076,2001,2825
44076,2011,2881
44077,1900,450
44077,1910,465
44077,1920,415
44077,1930,341
44077,1940,355
44077,1950,301
44077,1960,287
44077,1970,210
44077,1981,127
44077,1991,98
44077,2001,119
44077,2011,112
44080,1900,1342
44080,1910,1099
44080,1920,1223
44080,1930,982
44080,1940,878
44080,1950,801
44080,1960,651
44080,1970,524
44080,1981,436
44080,1991,363
44080,2001,329
44080,2011,365
44082,1900,484
44082,1910,480
44082,1920,469
44082,1930,510
44082,1940,457
44082,1950,405
44082,1960,379
44082,1970,228
44082,1981,129
44082,1991,80
44082,2001,79
44082,2011,107
44084,1900,492
44084,1910,531
44084,1920,519
44084,1930,537
44084,1940,465
44084,1950,401
44084,1960,319
44084,1970,239
44084,1981,192
44084,1991,145
44084,2001,118
44084,2011,72
44085,1900,385
44085,1910,415
44085,1920,419
44085,1930,490
44085,1940,483
44085,1950,470
44085,1960,429
44085,1970,239
44085,1981,147
44085,1991,137
44085,2001,93
44085,2011,62
44086,1900,1562
44086,1910,1698
44086,1920,1801
44086,1930,1704
44086,1940,1512
44086,1950,1390
44086,1960,1121
44086,1970,913
44086,1981,737
44086,1991,693
44086,2001,632
44086,2011,593
44087,1900,937
44087,1910,997
44087,1920,845
44087,1930,762
44087,1940,795
44087,1950,778
44087,1960,653
44087,1970,334
44087,1981,161
44087,1991,157
44087,2001,122
44087,2011,89
44088,1900,357
44088,1910,396
44088,1920,376
44088,1930,339
44088,1940,336
44088,1950,286
44088,1960,204
44088,1970,161
44088,1981,121
44088,1991,84
44088,2001,57
44088,2011,49
44089,1900,363
44089,1910,309
44089,1920,327
44089,1930,377
44089,1940,359
44089,1950,344
44089,1960,298
44089,1970,199
44089,1981,96
44089,1991,72
44089,2001,44
44089,2011,66
44090,1900,525
44090,1910,523
44090,1920,515
44090,1930,567
44090,1940,545
44090,1950,536
44090,1960,374
44090,1970,221
44090,1981,136
44090,1991,102
44090,2001,80
44090,2011,107
44092,1900,576
44092,1910,481
44092,1920,567
44092,1930,502
44092,1940,474
44092,1950,401
44092,1960,333
44092,1970,248
44092,1981,184
44092,1991,151
44092,2001,115
44092,2011,91
44093,1900,243
44093,1910,233
44093,1920,252
44093,1930,251
44093,1940,241
44093,1950,244
44093,1960,232
44093,1970,168
44093,1981,138
44093,1991,120
44093,2001,104
44093,2011,149
44094,1900,401
44094,1910,401
44094,1920,393
44094,1930,394
44094,1940,391
44094,1950,390
44094,1960,370
44094,1970,254
44094,1981,248
44094,1991,216
44094,2001,153
44094,2011,126
44096,1900,1291
44096,1910,1413
44096,1920,1352
44096,1930,1139
44096,1940,967
44096,1950,923
44096,1960,791
44096,1970,431
44096,1981,289
44096,1991,236
44096,2001,220
44096,2011,205
44097,1900,493
44097,1910,546
44097,1920,537
44097,1930,604
44097,1940,576
44097,1950,577
44097,1960,575
44097,1970,443
44097,1981,321
44097,1991,273
44097,2001,210
44097,2011,183
44099,1900,707
44099,1910,751
44099,1920,806
44099,1930,773
44099,1940,818
44099,1950,1270
44099,1960,1434
44099,1970,1338
44099,1981,1593
44099,1991,1212
44099,2001,1090
44099,2011,985
44100,1900,964
44100,1910,1256
44100,1920,1152
44100,1930,1088
44100,1940,1109
44100,1950,1139
44100,1960,1041
44100,1970,630
44100,1981,423
44100,1991,423
44100,2001,314
44100,2011,266
44101,1900,262
44101,1910,293
44101,1920,297
44101,1930,323
44101,1940,371
44101,1950,363
44101,1960,326
44101,1970,194
44101,1981,142
44101,1991,100
44101,2001,80
44101,2011,71
44102,1900,205
44102,1910,189
44102,1920,207
44102,1930,214
44102,1940,191
44102,1950,184
44102,1960,126
44102,1970,80
44102,1981,45
44102,1991,36
44102,2001,31
44102,2011,30
44103,1900,1029
44103,1910,942
44103,1920,962
44103,1930,853
44103,1940,769
44103,1950,711
44103,1960,581
44103,1970,352
44103,1981,240
44103,1991,217
44103,2001,204
44103,2011,173
44105,1900,742
44105,1910,753
44105,1920,792
44105,1930,739
44105,1940,677
44105,1950,501
44105,1960,413
44105,1970,258
44105,1981,166
44105,1991,130
44105,2001,94
44105,2011,101
44106,1900,1570
44106,1910,1406
44106,1920,1355
44106,1930,1301
44106,1940,1095
44106,1950,944
44106,1960,756
44106,1970,506
44106,1981,325
44106,1991,212
44106,2001,180
44106,2011,218
44107,1900,786
44107,1910,764
44107,1920,710
44107,1930,713
44107,1940,722
44107,1950,585
44107,1960,452
44107,1970,342
44107,1981,299
44107,1991,263
44107,2001,257
44107,2011,284
44108,1900,1799
44108,1910,1915
44108,1920,2008
44108,1930,1698
44108,1940,1591
44108,1950,1171
44108,1960,916
44108,1970,666
44108,1981,581
44108,1991,480
44108,2001,419
44108,2011,487
44109,1900,665
44109,1910,696
44109,1920,672
44109,1930,605
44109,1940,536
44109,1950,506
44109,1960,542
44109,1970,403
44109,1981,237
44109,1991,206
44109,2001,154
44109,2011,156
44110,1900,402
44110,1910,407
44110,1920,339
44110,1930,374
44110,1940,323
44110,1950,318
44110,1960,234
44110,1970,108
44110,1981,59
44110,1991,53
44110,2001,48
44110,2011,61
44111,1900,243
44111,1910,253
44111,1920,268
44111,1930,278
44111,1940,279
44111,1950,340
44111,1960,381
44111,1970,264
44111,1981,211
44111,1991,165
44111,2001,125
44111,2011,117
44112,1900,1123
44112,1910,1179
44112,1920,1178
44112,1930,1318
44112,1940,1540
44112,1950,1421
44112,1960,1369
44112,1970,1103
44112,1981,909
44112,1991,742
44112,2001,625
44112,2011,568
44113,1900,895
44113,1910,882
44113,1920,871
44113,1930,772
44113,1940,677
44113,1950,560
44113,1960,409
44113,1970,183
44113,1981,96
44113,1991,82
44113,2001,98
44113,2011,128
44114,1900,927
44114,1910,938
44114,1920,821
44114,1930,825
44114,1940,762
44114,1950,677
44114,1960,613
44114,1970,524
44114,1981,462
44114,1991,429
44114,2001,355
44114,2011,317
44115,1900,468
44115,1910,450
44115,1920,407
44115,1930,386
44115,1940,405
44115,1950,376
44115,1960,325
44115,1970,214
44115,1981,161
44115,1991,138
44115,2001,141
44115,2011,171
44116,1900,644
44116,1910,609
44116,1920,614
44116,1930,503
44116,1940,494
44116,1950,480
44116,1960,376
44116,1970,180
44116,1981,151
44116,1991,140
44116,2001,126
44116,2011,124
44117,1900,1168
44117,1910,1110
44117,1920,1076
44117,1930,1151
44117,1940,1086
44117,1950,1022
44117,1960,913
44117,1970,722
44117,1981,550
44117,1991,501
44117,2001,431
44117,2011,410
44118,1900,1116
44118,1910,1152
44118,1920,991
44118,1930,912
44118,1940,957
44118,1950,867
44118,1960,769
44118,1970,468
44118,1981,354
44118,1991,287
44118,2001,238
44118,2011,218
44119,1900,415
44119,1910,429
44119,1920,481
44119,1930,455
44119,1940,294
44119,1950,396
44119,1960,344
44119,1970,238
44119,1981,180
44119,1991,142
44119,2001,136
44119,2011,140
44120,1900,492
44120,1910,562
44120,1920,631
44120,1930,591
44120,1940,474
44120,1950,554
44120,1960,575
44120,1970,437
44120,1981,346
44120,1991,304
44120,2001,275
44120,2011,240
44121,1900,730
44121,1910,689
44121,1920,657
44121,1930,508
44121,1940,437
44121,1950,308
44121,1960,286
44121,1970,151
44121,1981,98
44121,1991,89
44121,2001,75
44121,2011,79
44122,1900,3330
44122,1910,3776
44122,1920,3850
44122,1930,3807
44122,1940,3688
44122,1950,3586
44122,1960,3128
44122,1970,2501
44122,1981,2240
44122,1991,2102
44122,2001,1928
44122,2011,1813
44123,1900,546
44123,1910,521
44123,1920,510
44123,1930,536
44123,1940,512
44123,1950,549
44123,1960,491
44123,1970,360
44123,1981,308
44123,1991,221
44123,2001,170
44123,2011,153
44124,1900,924
44124,1910,975
44124,1920,977
44124,1930,979
44124,1940,967
44124,1950,816
44124,1960,691
44124,1970,408
44124,1981,239
44124,1991,171
44124,2001,123
44124,2011,80
44125,1900,1284
44125,1910,1432
44125,1920,1223
44125,1930,1194
44125,1940,915
44125,1950,824
44125,1960,667
44125,1970,369
44125,1981,230
44125,1991,155
44125,2001,136
44125,2011,86
44126,1900,1485
44126,1910,1486
44126,1920,1430
44126,1930,1345
44126,1940,1229
44126,1950,1119
44126,1960,1000
44126,1970,718
44126,1981,606
44126,1991,519
44126,2001,489
44126,2011,484
44127,1900,934
44127,1910,959
44127,1920,708
44127,1930,783
44127,1940,590
44127,1950,549
44127,1960,409
44127,1970,267
44127,1981,157
44127,1991,121
44127,2001,84
44127,2011,87
44128,1900,277
44128,1910,290
44128,1920,338
44128,1930,318
44128,1940,294
44128,1950,263
44128,1960,274
44128,1970,184
44128,1981,139
44128,1991,116
44128,2001,93
44128,2011,91
44129,1900,255
44129,1910,252
44129,1920,257
44129,1930,254
44129,1940,260
44129,1950,218
44129,1960,186
44129,1970,104
44129,1981,66
44129,1991,76
44129,2001,54
44129,2011,49
44130,1900,462
44130,1910,429
44130,1920,384
44130,1930,377
44130,1940,369
44130,1950,388
44130,1960,291
44130,1970,152
44130,1981,98
44130,1991,51
44130,2001,45
44130,2011,43
44131,1900,615
44131,1910,646
44131,1920,526
44131,1930,454
44131,1940,384
44131,1950,340
44131,1960,268
44131,1970,138
44131,1981,77
44131,1991,45
44131,2001,30
44131,2011,39
44132,1900,252
44132,1910,294
44132,1920,283
44132,1930,363
44132,1940,405
44132,1950,373
44132,1960,257
44132,1970,142
44132,1981,107
44132,1991,89
44132,2001,64
44132,2011,68
44133,1900,243
44133,1910,224
44133,1920,238
44133,1930,249
44133,1940,247
44133,1950,223
44133,1960,187
44133,1970,109
44133,1981,63
44133,1991,41
44133,2001,28
44133,2011,29
44135,1900,607
44135,1910,755
44135,1920,794
44135,1930,1586
44135,1940,1278
44135,1950,1008
44135,1960,593
44135,1970,393
44135,1981,265
44135,1991,213
44135,2001,157
44135,2011,145
44136,1900,308
44136,1910,316
44136,1920,345
44136,1930,384
44136,1940,348
44136,1950,335
44136,1960,282
44136,1970,190
44136,1981,133
44136,1991,111
44136,2001,75
44136,2011,54
44137,1900,1592
44137,1910,1679
44137,1920,1515
44137,1930,1359
44137,1940,1222
44137,1950,1079
44137,1960,834
44137,1970,582
44137,1981,416
44137,1991,351
44137,2001,303
44137,2011,285
44138,1900,1507
44138,1910,1522
44138,1920,1461
44138,1930,1467
44138,1940,1482
44138,1950,1217
44138,1960,1032
44138,1970,580
44138,1981,301
44138,1991,210
44138,2001,188
44138,2011,170
44141,1900,580
44141,1910,629
44141,1920,543
44141,1930,550
44141,1940,490
44141,1950,437
44141,1960,373
44141,1970,321
44141,1981,276
44141,1991,229
44141,2001,209
44141,2011,165
44142,1900,391
44142,1910,440
44142,1920,390
44142,1930,384
44142,1940,351
44142,1950,277
44142,1960,195
44142,1970,51
44142,1981,27
44142,1991,20
44142,2001,42
44142,2011,39
44143,1900,2750
44143,1910,2985
44143,1920,2368
44143,1930,2387
44143,1940,2083
44143,1950,1722
44143,1960,1485
44143,1970,1050
44143,1981,575
44143,1991,490
44143,2001,464
44143,2011,563
44144,1900,729
44144,1910,825
44144,1920,882
44144,1930,895
44144,1940,771
44144,1950,1023
44144,1960,975
44144,1970,722
44144,1981,607
44144,1991,574
44144,2001,476
44144,2011,425
44145,1900,1981
44145,1910,2223
44145,1920,2142
44145,1930,2102
44145,1940,2107
44145,1950,1985
44145,1960,1854
44145,1970,1573
44145,1981,1557
44145,1991,1512
44145,2001,1432
44145,2011,1360
44146,1900,458
44146,1910,467
44146,1920,445
44146,1930,455
44146,1940,499
44146,1950,494
44146,1960,453
44146,1970,332
44146,1981,315
44146,1991,285
44146,2001,273
44146,2011,280
44147,1900,1403
44147,1910,1443
44147,1920,1627
44147,1930,1653
44147,1940,1347
44147,1950,1258
44147,1960,1030
44147,1970,823
44147,1981,710
44147,1991,629
44147,2001,604
44147,2011,573
44148,1900,327
44148,1910,319
44148,1920,326
44148,1930,355
44148,1940,326
44148,1950,345
44148,1960,314
44148,1970,261
44148,1981,204
44148,1991,178
44148,2001,135
44148,2011,116
44149,1900,835
44149,1910,851
44149,1920,791
44149,1930,810
44149,1940,732
44149,1950,588
44149,1960,432
44149,1970,273
44149,1981,159
44149,1991,160
44149,2001,145
44149,2011,127
44150,1900,486
44150,1910,496
44150,1920,399
44150,1930,341
44150,1940,293
44150,1950,250
44150,1960,247
44150,1970,155
44150,1981,67
44150,1991,49
44150,2001,42
44150,2011,33
44151,1900,1405
44151,1910,1410
44151,1920,1150
44151,1930,1130
44151,1940,1113
44151,1950,947
44151,1960,729
44151,1970,528
44151,1981,418
44151,1991,397
44151,2001,298
44151,2011,286
44152,1900,694
44152,1910,745
44152,1920,740
44152,1930,677
44152,1940,596
44152,1950,481
44152,1960,372
44152,1970,216
44152,1981,133
44152,1991,116
44152,2001,77
44152,2011,63
44153,1900,2330
44153,1910,2606
44153,1920,2737
44153,1930,3253
44153,1940,3578
44153,1950,3554
44153,1960,3144
44153,1970,2823
44153,1981,2518
44153,1991,2308
44153,2001,2343
44153,2011,2681
44154,1900,1284
44154,1910,1311
44154,1920,1184
44154,1930,1080
44154,1940,1002
44154,1950,913
44154,1960,733
44154,1970,539
44154,1981,412
44154,1991,403
44154,2001,362
44154,2011,386
44155,1900,2020
44155,1910,2229
44155,1920,2339
44155,1930,2150
44155,1940,2368
44155,1950,2672
44155,1960,2879
44155,1970,2394
44155,1981,2135
44155,1991,1789
44155,2001,1538
44155,2011,1355
44156,1900,489
44156,1910,476
44156,1920,531
44156,1930,507
44156,1940,499
44156,1950,423
44156,1960,403
44156,1970,198
44156,1981,110
44156,1991,87
44156,2001,67
44156,2011,67
44157,1900,488
44157,1910,505
44157,1920,531
44157,1930,566
44157,1940,538
44157,1950,501
44157,1960,383
44157,1970,192
44157,1981,101
44157,1991,87
44157,2001,73
44157,2011,65
44158,1900,3213
44158,1910,3101
44158,1920,2898
44158,1930,2790
44158,1940,2454
44158,1950,2276
44158,1960,2147
44158,1970,1680
44158,1981,1414
44158,1991,1333
44158,2001,1359
44158,2011,1625
44159,1900,494
44159,1910,496
44159,1920,503
44159,1930,459
44159,1940,402
44159,1950,375
44159,1960,274
44159,1970,140
44159,1981,85
44159,1991,73
44159,2001,55
44159,2011,63
44160,1900,3103
44160,1910,3140
44160,1920,3010
44160,1930,2639
44160,1940,2214
44160,1950,1939
44160,1960,1632
44160,1970,1157
44160,1981,853
44160,1991,722
44160,2001,712
44160,2011,615
44161,1900,1860
44161,1910,1917
44161,1920,2112
44161,1930,2266
44161,1940,1947
44161,1950,1969
44161,1960,1715
44161,1970,1331
44161,1981,1009
44161,1991,808
44161,2001,684
44161,2011,651
44163,1900,489
44163,1910,493
44163,1920,583
44163,1930,550
44163,1940,435
44163,1950,399
44163,1960,344
44163,1970,250
44163,1981,202
44163,1991,172
44163,2001,165
44163,2011,154
44164,1900,359
44164,1910,380
44164,1920,333
44164,1930,404
44164,1940,316
44164,1950,309
44164,1960,274
44164,1970,124
44164,1981,47
44164,1991,31
44164,2001,19
44164,2011,31
44165,1900,1156
44165,1910,1244
44165,1920,1006
44165,1930,810
44165,1940,754
44165,1950,679
44165,1960,577
44165,1970,406
44165,1981,280
44165,1991,248
44165,2001,218
44165,2011,214
44167,1900,1257
44167,1910,1343
44167,1920,1130
44167,1930,1069
44167,1940,1107
44167,1950,1012
44167,1960,739
44167,1970,251
44167,1981,93
44167,1991,70
44167,2001,76
44167,2011,40
44168,1900,974
44168,1910,925
44168,1920,958
44168,1930,946
44168,1940,899
44168,1950,881
44168,1960,717
44168,1970,433
44168,1981,354
44168,1991,311
44168,2001,261
44168,2011,214
44169,1900,1436
44169,1910,2573
44169,1920,2114
44169,1930,2815
44169,1940,1888
44169,1950,1853
44169,1960,2033
44169,1970,1343
44169,1981,1029
44169,1991,780
44169,2001,545
44169,2011,444
44171,1900,1802
44171,1910,1743
44171,1920,1793
44171,1930,1469
44171,1940,1434
44171,1950,1261
44171,1960,691
44171,1970,364
44171,1981,252
44171,1991,233
44171,2001,210
44171,2011,249
44172,1900,2146
44172,1910,2533
44172,1920,2327
44172,1930,2258
44172,1940,2044
44172,1950,1943
44172,1960,1711
44172,1970,1035
44172,1981,711
44172,1991,574
44172,2001,454
44172,2011,448
44173,1900,600
44173,1910,586
44173,1920,518
44173,1930,513
44173,1940,539
44173,1950,493
44173,1960,356
44173,1970,259
44173,1981,215
44173,1991,174
44173,2001,144
44173,2011,121
44174,1900,945
44174,1910,897
44174,1920,1052
44174,1930,1118
44174,1940,1093
44174,1950,1079
44174,1960,1042
44174,1970,882
44174,1981,738
44174,1991,627
44174,2001,604
44174,2011,568
44175,1900,430
44175,1910,418
44175,1920,409
44175,1930,430
44175,1940,455
44175,1950,496
44175,1960,479
44175,1970,306
44175,1981,236
44175,1991,223
44175,2001,186
44175,2011,153
44176,1900,612
44176,1910,654
44176,1920,612
44176,1930,607
44176,1940,684
44176,1950,791
44176,1960,568
44176,1970,405
44176,1981,341
44176,1991,320
44176,2001,246
44176,2011,188
44177,1900,1000
44177,1910,1013
44177,1920,1097
44177,1930,1012
44177,1940,766
44177,1950,1024
44177,1960,873
44177,1970,514
44177,1981,305
44177,1991,228
44177,2001,157
44177,2011,133
44178,1900,1107
44178,1910,1201
44178,1920,985
44178,1930,860
44178,1940,778
44178,1950,752
44178,1960,540
44178,1970,240
44178,1981,155
44178,1991,104
44178,2001,79
44178,2011,69
44179,1900,1702
44179,1910,1608
44179,1920,1600
44179,1930,1507
44179,1940,1392
44179,1950,1286
44179,1960,996
44179,1970,794
44179,1981,683
44179,1991,591
44179,2001,539
44179,2011,495
44180,1900,385
44180,1910,419
44180,1920,431
44180,1930,455
44180,1940,430
44180,1950,374
44180,1960,311
44180,1970,191
44180,1981,112
44180,1991,103
44180,2001,98
44180,2011,80
44181,1900,286
44181,1910,272
44181,1920,279
44181,1930,339
44181,1940,282
44181,1950,273
44181,1960,275
44181,1970,171
44181,1981,134
44181,1991,111
44181,2001,81
44181,2011,85
44182,1900,817
44182,1910,778
44182,1920,848
44182,1930,832
44182,1940,789
44182,1950,840
44182,1960,814
44182,1970,514
44182,1981,381
44182,1991,297
44182,2001,293
44182,2011,267
44183,1900,938
44183,1910,883
44183,1920,889
44183,1930,860
44183,1940,746
44183,1950,657
44183,1960,467
44183,1970,252
44183,1981,159
44183,1991,135
44183,2001,104
44183,2011,88
44184,1900,529
44184,1910,574
44184,1920,493
44184,1930,433
44184,1940,312
44184,1950,330
44184,1960,243
44184,1970,122
44184,1981,67
44184,1991,55
44184,2001,53
44184,2011,46
44185,1900,497
44185,1910,556
44185,1920,553
44185,1930,512
44185,1940,503
44185,1950,555
44185,1960,478
44185,1970,346
44185,1981,227
44185,1991,170
44185,2001,129
44185,2011,140
44187,1900,860
44187,1910,815
44187,1920,823
44187,1930,765
44187,1940,693
44187,1950,661
44187,1960,545
44187,1970,430
44187,1981,396
44187,1991,352
44187,2001,292
44187,2011,254
44189,1900,539
44189,1910,592
44189,1920,595
44189,1930,616
44189,1940,576
44189,1950,544
44189,1960,430
44189,1970,219
44189,1981,132
44189,1991,101
44189,2001,80
44189,2011,71
44190,1900,598
44190,1910,603
44190,1920,602
44190,1930,634
44190,1940,614
44190,1950,547
44190,1960,486
44190,1970,318
44190,1981,179
44190,1991,148
44190,2001,112
44190,2011,89
44191,1900,1921
44191,1910,2360
44191,1920,2724
44191,1930,2849
44191,1940,2542
44191,1950,2738
44191,1960,2559
44191,1970,2118
44191,1981,1597
44191,1991,1247
44191,2001,1046
44191,2011,988
44192,1900,1982
44192,1910,2193
44192,1920,2242
44192,1930,2133
44192,1940,1800
44192,1950,1743
44192,1960,1378
44192,1970,1003
44192,1981,579
44192,1991,498
44192,2001,485
44192,2011,547
44193,1900,1271
44193,1910,1406
44193,1920,1421
44193,1930,1309
44193,1940,1181
44193,1950,971
44193,1960,793
44193,1970,413
44193,1981,213
44193,1991,164
44193,2001,153
44193,2011,137
44194,1900,859
44194,1910,900
44194,1920,907
44194,1930,809
44194,1940,715
44194,1950,644
44194,1960,575
44194,1970,426
44194,1981,328
44194,1991,257
44194,2001,199
44194,2011,158
44195,1900,502
44195,1910,447
44195,1920,527
44195,1930,520
44195,1940,486
44195,1950,542
44195,1960,700
44195,1970,398
44195,1981,263
44195,1991,163
44195,2001,137
44195,2011,110
44196,1900,716
44196,1910,697
44196,1920,765
44196,1930,805
44196,1940,842
44196,1950,816
44196,1960,631
44196,1970,406
44196,1981,324
44196,1991,267
44196,2001,201
44196,2011,176
44197,1900,415
44197,1910,487
44197,1920,503
44197,1930,470
44197,1940,428
44197,1950,449
44197,1960,359
44197,1970,200
44197,1981,122
44197,1991,103
44197,2001,82
44197,2011,71
44198,1900,459
44198,1910,476
44198,1920,482
44198,1930,529
44198,1940,532
44198,1950,573
44198,1960,543
44198,1970,405
44198,1981,290
44198,1991,246
44198,2001,230
44198,2011,244
44199,1900,290
44199,1910,269
44199,1920,254
44199,1930,265
44199,1940,186
44199,1950,177
44199,1960,166
44199,1970,68
44199,1981,28
44199,1991,58
44199,2001,53
44199,2011,62
44200,1900,501
44200,1910,472
44200,1920,474
44200,1930,480
44200,1940,428
44200,1950,428
44200,1960,391
44200,1970,241
44200,1981,97
44200,1991,73
44200,2001,59
44200,2011,43
44201,1900,2284
44201,1910,2388
44201,1920,2129
44201,1930,1873
44201,1940,1505
44201,1950,1391
44201,1960,1213
44201,1970,936
44201,1981,678
44201,1991,633
44201,2001,609
44201,2011,739
44203,1900,155
44203,1910,159
44203,1920,134
44203,1930,164
44203,1940,108
44203,1950,102
44203,1960,57
44203,1970,15
44203,1981,9
44203,1991,9
44203,2001,7
44203,2011,7
44204,1900,435
44204,1910,479
44204,1920,470
44204,1930,502
44204,1940,490
44204,1950,413
44204,1960,361
44204,1970,193
44204,1981,59
44204,1991,53
44204,2001,32
44204,2011,27
44205,1900,2647
44205,1910,2815
44205,1920,2626
44205,1930,2698
44205,1940,2524
44205,1950,2408
44205,1960,2028
44205,1970,1609
44205,1981,1403
44205,1991,1185
44205,2001,971
44205,2011,884
44206,1900,1204
44206,1910,1240
44206,1920,1477
44206,1930,1332
44206,1940,1267
44206,1950,1037
44206,1960,843
44206,1970,502
44206,1981,233
44206,1991,184
44206,2001,127
44206,2011,175
44207,1900,1330
44207,1910,983
44207,1920,919
44207,1930,1072
44207,1940,1053
44207,1950,1033
44207,1960,881
44207,1970,654
44207,1981,439
44207,1991,351
44207,2001,269
44207,2011,190
44208,1900,346
44208,1910,367
44208,1920,345
44208,1930,315
44208,1940,208
44208,1950,215
44208,1960,165
44208,1970,89
44208,1981,38
44208,1991,32
44208,2001,29
44208,2011,38
44209,1900,1164
44209,1910,1469
44209,1920,2140
44209,1930,2626
44209,1940,2887
44209,1950,2649
44209,1960,2485
44209,1970,2044
44209,1981,1919
44209,1991,1424
44209,2001,1132
44209,2011,1127
44210,1900,2233
44210,1910,2390
44210,1920,2396
44210,1930,2517
44210,1940,1958
44210,1950,1993
44210,1960,1792
44210,1970,1307
44210,1981,1149
44210,1991,1066
44210,2001,1017
44210,2011,1132
44211,1900,795
44211,1910,840
44211,1920,754
44211,1930,768
44211,1940,553
44211,1950,538
44211,1960,426
44211,1970,197
44211,1981,96
44211,1991,67
44211,2001,40
44211,2011,41
44212,1900,453
44212,1910,455
44212,1920,389
44212,1930,354
44212,1940,297
44212,1950,247
44212,1960,209
44212,1970,106
44212,1981,63
44212,1991,58
44212,2001,47
44212,2011,47
44213,1900,399
44213,1910,435
44213,1920,455
44213,1930,469
44213,1940,456
44213,1950,413
44213,1960,338
44213,1970,207
44213,1981,148
44213,1991,118
44213,2001,87
44213,2011,84
44215,1900,1109
44215,1910,1145
44215,1920,1135
44215,1930,1030
44215,1940,896
44215,1950,900
44215,1960,760
44215,1970,450
44215,1981,265
44215,1991,205
44215,2001,171
44215,2011,190
44216,1900,12745
44216,1910,15832
44216,1920,15145
44216,1930,16384
44216,1940,16436
44216,1950,20337
44216,1960,21800
44216,1970,22100
44216,1981,25935
44216,1991,28487
44216,2001,31158
44216,2011,35659
44217,1900,366
44217,1910,362
44217,1920,344
44217,1930,328
44217,1940,251
44217,1950,242
44217,1960,181
44217,1970,137
44217,1981,61
44217,1991,50
44217,2001,26
44217,2011,36
44218,1900,303
44218,1910,267
44218,1920,310
44218,1930,342
44218,1940,265
44218,1950,213
44218,1960,172
44218,1970,119
44218,1981,61
44218,1991,50
44218,2001,35
44218,2011,34
44219,1900,578
44219,1910,584
44219,1920,740
44219,1930,852
44219,1940,916
44219,1950,998
44219,1960,783
44219,1970,457
44219,1981,364
44219,1991,300
44219,2001,245
44219,2011,225
44220,1900,608
44220,1910,623
44220,1920,609
44220,1930,675
44220,1940,666
44220,1950,568
44220,1960,494
44220,1970,347
44220,1981,282
44220,1991,252
44220,2001,231
44220,2011,175
44221,1900,1105
44221,1910,1128
44221,1920,1087
44221,1930,1075
44221,1940,1047
44221,1950,900
44221,1960,767
44221,1970,618
44221,1981,533
44221,1991,487
44221,2001,439
44221,2011,440
44222,1900,891
44222,1910,849
44222,1920,918
44222,1930,897
44222,1940,858
44222,1950,918
44222,1960,747
44222,1970,436
44222,1981,236
44222,1991,199
44222,2001,177
44222,2011,144
44223,1900,485
44223,1910,463
44223,1920,524
44223,1930,469
44223,1940,432
44223,1950,404
44223,1960,282
44223,1970,213
44223,1981,171
44223,1991,133
44223,2001,102
44223,2011,96
44224,1900,545
44224,1910,551
44224,1920,521
44224,1930,448
44224,1940,394
44224,1950,300
44224,1960,234
44224,1970,123
44224,1981,61
44224,1991,43
44224,2001,37
44224,2011,33
44225,1900,748
44225,1910,790
44225,1920,848
44225,1930,855
44225,1940,678
44225,1950,594
44225,1960,403
44225,1970,319
44225,1981,236
44225,1991,205
44225,2001,174
44225,2011,148
44226,1900,521
44226,1910,635
44226,1920,705
44226,1930,822
44226,1940,844
44226,1950,781
44226,1960,703
44226,1970,557
44226,1981,433
44226,1991,357
44226,2001,277
44226,2011,200
44227,1900,456
44227,1910,462
44227,1920,496
44227,1930,470
44227,1940,433
44227,1950,409
44227,1960,371
44227,1970,237
44227,1981,127
44227,1991,102
44227,2001,94
44227,2011,97
44228,1900,420
44228,1910,458
44228,1920,512
44228,1930,555
44228,1940,507
44228,1950,480
44228,1960,445
44228,1970,340
44228,1981,258
44228,1991,202
44228,2001,159
44228,2011,133
44229,1900,591
44229,1910,599
44229,1920,540
44229,1930,504
44229,1940,523
44229,1950,448
44229,1960,415
44229,1970,314
44229,1981,243
44229,1991,190
44229,2001,158
44229,2011,167
44230,1900,776
44230,1910,890
44230,1920,798
44230,1930,735
44230,1940,524
44230,1950,530
44230,1960,461
44230,1970,293
44230,1981,232
44230,1991,207
44230,2001,209
44230,2011,193
44231,1900,689
44231,1910,620
44231,1920,571
44231,1930,527
44231,1940,447
44231,1950,413
44231,1960,294
44231,1970,176
44231,1981,93
44231,1991,74
44231,2001,67
44231,2011,59
44232,1900,1308
44232,1910,1379
44232,1920,1443
44232,1930,1586
44232,1940,1550
44232,1950,1417
44232,1960,1222
44232,1970,921
44232,1981,728
44232,1991,685
44232,2001,559
44232,2011,499
44234,1900,668
44234,1910,608
44234,1920,600
44234,1930,524
44234,1940,549
44234,1950,462
44234,1960,409
44234,1970,256
44234,1981,154
44234,1991,136
44234,2001,111
44234,2011,90
44235,1900,455
44235,1910,409
44235,1920,387
44235,1930,391
44235,1940,403
44235,1950,384
44235,1960,349
44235,1970,274
44235,1981,165
44235,1991,144
44235,2001,135
44235,2011,117
44236,1900,997
44236,1910,991
44236,1920,880
44236,1930,802
44236,1940,757
44236,1950,714
44236,1960,600
44236,1970,331
44236,1981,161
44236,1991,119
44236,2001,102
44236,2011,99
44237,1900,1195
44237,1910,1258
44237,1920,1372
44237,1930,1361
44237,1940,1285
44237,1950,1144
44237,1960,1027
44237,1970,835
44237,1981,757
44237,1991,700
44237,2001,582
44237,2011,514
44238,1900,712
44238,1910,1196
44238,1920,1381
44238,1930,1652
44238,1940,1512
44238,1950,2180
44238,1960,3532
44238,1970,4055
44238,1981,4556
44238,1991,3743
44238,2001,3178
44238,2011,3235
44239,1900,219
44239,1910,219
44239,1920,238
44239,1930,205
44239,1940,170
44239,1950,143
44239,1960,85
44239,1970,75
44239,1981,46
44239,1991,29
44239,2001,20
44239,2011,27
44240,1900,675
44240,1910,765
44240,1920,709
44240,1930,806
44240,1940,727
44240,1950,681
44240,1960,577
44240,1970,347
44240,1981,215
44240,1991,212
44240,2001,200
44240,2011,206
44241,1900,1665
44241,1910,1819
44241,1920,1882
44241,1930,1917
44241,1940,1662
44241,1950,1505
44241,1960,1238
44241,1970,1035
44241,1981,870
44241,1991,829
44241,2001,734
44241,2011,657
44243,1900,320
44243,1910,388
44243,1920,432
44243,1930,445
44243,1940,350
44243,1950,299
44243,1960,204
44243,1970,79
44243,1981,60
44243,1991,49
44243,2001,32
44243,2011,55
44244,1900,825
44244,1910,816
44244,1920,724
44244,1930,645
44244,1940,550
44244,1950,477
44244,1960,417
44244,1970,244
44244,1981,164
44244,1991,131
44244,2001,124
44244,2011,107
44245,1900,699
44245,1910,774
44245,1920,831
44245,1930,774
44245,1940,754
44245,1950,693
44245,1960,633
44245,1970,575
44245,1981,500
44245,1991,441
44245,2001,363
44245,2011,318
44246,1900,3058
44246,1910,3262
44246,1920,3197
44246,1930,3148
44246,1940,2929
44246,1950,2697
44246,1960,2339
44246,1970,2006
44246,1981,1877
44246,1991,1903
44246,2001,1945
44246,2011,2318
44247,1900,1225
44247,1910,1297
44247,1920,1322
44247,1930,1213
44247,1940,1145
44247,1950,998
44247,1960,811
44247,1970,683
44247,1981,618
44247,1991,474
44247,2001,423
44247,2011,386
44249,1900,467
44249,1910,510
44249,1920,442
44249,1930,409
44249,1940,441
44249,1950,385
44249,1960,283
44249,1970,127
44249,1981,17
44249,1991,25
44249,2001,49
44249,2011,55
44250,1900,292
44250,1910,272
44250,1920,211
44250,1930,217
44250,1940,210
44250,1950,167
44250,1960,129
44250,1970,66
44250,1981,51
44250,1991,33
44250,2001,27
44250,2011,20
44251,1900,988
44251,1910,1027
44251,1920,1098
44251,1930,1085
44251,1940,1032
44251,1950,934
44251,1960,863
44251,1970,665
44251,1981,553
44251,1991,403
44251,2001,378
44251,2011,332
44252,1900,236
44252,1910,248
44252,1920,274
44252,1930,287
44252,1940,276
44252,1950,318
44252,1960,295
44252,1970,166
44252,1981,114
44252,1991,89
44252,2001,75
44252,2011,99
44256,1900,309
44256,1910,314
44256,1920,330
44256,1930,330
44256,1940,269
44256,1950,289
44256,1960,234
44256,1970,134
44256,1981,64
44256,1991,52
44256,2001,48
44256,2011,48
44257,1900,596
44257,1910,648
44257,1920,586
44257,1930,517
44257,1940,480
44257,1950,494
44257,1960,424
44257,1970,352
44257,1981,285
44257,1991,239
44257,2001,222
44257,2011,204
44258,1900,412
44258,1910,644
44258,1920,466
44258,1930,587
44258,1940,449
44258,1950,488
44258,1960,453
44258,1970,320
44258,1981,184
44258,1991,145
44258,2001,95
44258,2011,79
44260,1900,2128
44260,1910,1968
44260,1920,1733
44260,1930,1487
44260,1940,1293
44260,1950,1060
44260,1960,810
44260,1970,492
44260,1981,289
44260,1991,243
44260,2001,207
44260,2011,202
44261,1900,872
44261,1910,998
44261,1920,1310
44261,1930,1661
44261,1940,1591
44261,1950,1630
44261,1960,1573
44261,1970,1299
44261,1981,1176
44261,1991,1053
44261,2001,942
44261,2011,908
44262,1900,1095
44262,1910,942
44262,1920,875
44262,1930,772
44262,1940,641
44262,1950,628
44262,1960,574
44262,1970,400
44262,1981,249
44262,1991,218
44262,2001,197
44262,2011,163
44263,1900,737
44263,1910,731
44263,1920,719
44263,1930,846
44263,1940,757
44263,1950,777
44263,1960,681
44263,1970,545
44263,1981,425
44263,1991,381
44263,2001,343
44263,2011,472
44264,1900,1182
44264,1910,1210
44264,1920,1282
44264,1930,1227
44264,1940,1155
44264,1950,1173
44264,1960,1024
44264,1970,686
44264,1981,462
44264,1991,376
44264,2001,331
44264,2011,347
44265,1900,544
44265,1910,654
44265,1920,653
44265,1930,729
44265,1940,655
44265,1950,626
44265,1960,535
44265,1970,473
44265,1981,422
44265,1991,359
44265,2001,283
44265,2011,298
44266,1900,656
44266,1910,593
44266,1920,620
44266,1930,629
44266,1940,555
44266,1950,589
44266,1960,580
44266,1970,448
44266,1981,328
44266,1991,273
44266,2001,195
44266,2011,146
44267,1900,946
44267,1910,981
44267,1920,956
44267,1930,913
44267,1940,874
44267,1950,819
44267,1960,623
44267,1970,344
44267,1981,191
44267,1991,140
44267,2001,84
44267,2011,89
44268,1900,181
44268,1910,167
44268,1920,160
44268,1930,143
44268,1940,141
44268,1950,133
44268,1960,118
44268,1970,64
44268,1981,49
44268,1991,51
44268,2001,29
44268,2011,23
50001,1900,633
50001,1910,672
50001,1920,769
50001,1930,810
50001,1940,833
50001,1950,857
50001,1960,644
50001,1970,405
50001,1981,287
50001,1991,221
50001,2001,167
50001,2011,124
50002,1900,745
50002,1910,756
50002,1920,798
50002,1930,676
50002,1940,690
50002,1950,726
50002,1960,615
50002,1970,502
50002,1981,432
50002,1991,325
50002,2001,259
50002,2011,240
50003,1900,499
50003,1910,416
50003,1920,422
50003,1930,340
50003,1940,325
50003,1950,338
50003,1960,328
50003,1970,297
50003,1981,254
50003,1991,229
50003,2001,186
50003,2011,167
50004,1900,2275
50004,1910,2271
50004,1920,2264
50004,1930,1885
50004,1940,1765
50004,1950,1698
50004,1960,1365
50004,1970,1106
50004,1981,894
50004,1991,759
50004,2001,751
50004,2011,838
50005,1900,982
50005,1910,1091
50005,1920,1198
50005,1930,1163
50005,1940,965
50005,1950,1048
50005,1960,787
50005,1970,612
50005,1981,354
50005,1991,267
50005,2001,287
50005,2011,259
50006,1900,2061
50006,1910,1751
50006,1920,1796
50006,1930,1960
50006,1940,1926
50006,1950,1881
50006,1960,1741
50006,1970,1530
50006,1981,1313
50006,1991,1226
50006,2001,1235
50006,2011,1207
50007,1900,353
50007,1910,345
50007,1920,290
50007,1930,267
50007,1940,250
50007,1950,287
50007,1960,248
50007,1970,94
50007,1981,52
50007,1991,44
50007,2001,77
50007,2011,60
50008,1900,3454
50008,1910,4082
50008,1920,4749
50008,1930,5083
50008,1940,5805
50008,1950,5484
50008,1960,5334
50008,1970,5181
50008,1981,5086
50008,1991,5522
50008,2001,5620
50008,2011,7153
50009,1900,471
50009,1910,428
50009,1920,380
50009,1930,441
50009,1940,441
50009,1950,432
50009,1960,394
50009,1970,281
50009,1981,193
50009,1991,173
50009,2001,153
50009,2011,159
50010,1900,267
50010,1910,230
50010,1920,247
50010,1930,226
50010,1940,228
50010,1950,218
50010,1960,196
50010,1970,172
50010,1981,131
50010,1991,116
50010,2001,95
50010,2011,94
50011,1900,318
50011,1910,318
50011,1920,289
50011,1930,245
50011,1940,254
50011,1950,267
50011,1960,247
50011,1970,226
50011,1981,172
50011,1991,140
50011,2001,120
50011,2011,149
50012,1900,464
50012,1910,432
50012,1920,374
50012,1930,306
50012,1940,306
50012,1950,267
50012,1960,203
50012,1970,157
50012,1981,130
50012,1991,123
50012,2001,135
50012,2011,120
50013,1900,386
50013,1910,479
50013,1920,547
50013,1930,590
50013,1940,613
50013,1950,559
50013,1960,591
50013,1970,521
50013,1981,349
50013,1991,348
50013,2001,295
50013,2011,285
50014,1900,370
50014,1910,409
50014,1920,423
50014,1930,466
50014,1940,438
50014,1950,454
50014,1960,352
50014,1970,306
50014,1981,187
50014,1991,166
50014,2001,127
50014,2011,190
50015,1900,667
50015,1910,718
50015,1920,759
50015,1930,735
50015,1940,766
50015,1950,724
50015,1960,573
50015,1970,390
50015,1981,283
50015,1991,188
50015,2001,126
50015,2011,90
50016,1900,257
50016,1910,247
50016,1920,338
50016,1930,367
50016,1940,417
50016,1950,442
50016,1960,350
50016,1970,178
50016,1981,96
50016,1991,81
50016,2001,37
50016,2011,52
50017,1900,910
50017,1910,1180
50017,1920,1358
50017,1930,1335
50017,1940,1268
50017,1950,1230
50017,1960,1188
50017,1970,1238
50017,1981,1283
50017,1991,1458
50017,2001,1548
50017,2011,2257
50018,1900,628
50018,1910,716
50018,1920,881
50018,1930,1042
50018,1940,1343
50018,1950,1368
50018,1960,1393
50018,1970,1368
50018,1981,1323
50018,1991,1299
50018,2001,1402
50018,2011,1574
50019,1900,387
50019,1910,450
50019,1920,415
50019,1930,374
50019,1940,369
50019,1950,301
50019,1960,253
50019,1970,153
50019,1981,96
50019,1991,91
50019,2001,82
50019,2011,86
50020,1900,1616
50020,1910,1752
50020,1920,1911
50020,1930,2015
50020,1940,2023
50020,1950,2064
50020,1960,2015
50020,1970,1600
50020,1981,1473
50020,1991,1206
50020,2001,1145
50020,2011,1163
50021,1900,99
50021,1910,133
50021,1920,158
50021,1930,130
50021,1940,135
50021,1950,142
50021,1960,127
50021,1970,86
50021,1981,69
50021,1991,53
50021,2001,50
50021,2011,42
50022,1900,1246
50022,1910,1253
50022,1920,1273
50022,1930,1210
50022,1940,1256
50022,1950,1098
50022,1960,991
50022,1970,880
50022,1981,826
50022,1991,764
50022,2001,673
50022,2011,607
50023,1900,667
50023,1910,739
50023,1920,775
50023,1930,670
50023,1940,688
50023,1950,677
50023,1960,607
50023,1970,509
50023,1981,427
50023,1991,381
50023,2001,325
50023,2011,268
50024,1900,2725
50024,1910,2265
50024,1920,2076
50024,1930,1735
50024,1940,1712
50024,1950,1699
50024,1960,1376
50024,1970,1167
50024,1981,979
50024,1991,839
50024,2001,881
50024,2011,789
50025,1900,3922
50025,1910,4209
50025,1920,4199
50025,1930,4200
50025,1940,4125
50025,1950,4273
50025,1960,4423
50025,1970,4892
50025,1981,5016
50025,1991,5061
50025,2001,5715
50025,2011,7818
50026,1900,1042
50026,1910,1153
50026,1920,1116
50026,1930,1079
50026,1940,1010
50026,1950,977
50026,1960,874
50026,1970,814
50026,1981,727
50026,1991,633
50026,2001,609
50026,2011,570
50027,1900,955
50027,1910,945
50027,1920,940
50027,1930,995
50027,1940,924
50027,1950,962
50027,1960,841
50027,1970,663
50027,1981,469
50027,1991,421
50027,2001,339
50027,2011,285
50028,1900,387
50028,1910,362
50028,1920,341
50028,1930,388
50028,1940,367
50028,1950,351
50028,1960,270
50028,1970,101
50028,1981,11
50028,1991,104
50028,2001,116
50028,2011,128
50029,1900,1870
50029,1910,1884
50029,1920,1684
50029,1930,1651
50029,1940,1800
50029,1950,1847
50029,1960,1461
50029,1970,1170
50029,1981,1058
50029,1991,946
50029,2001,855
50029,2011,799
50030,1900,1106
50030,1910,1125
50030,1920,1101
50030,1930,1111
50030,1940,979
50030,1950,959
50030,1960,678
50030,1970,474
50030,1981,359
50030,1991,345
50030,2001,288
50030,2011,216
50031,1900,1585
50031,1910,1654
50031,1920,1437
50031,1930,1451
50031,1940,1208
50031,1950,1177
50031,1960,803
50031,1970,581
50031,1981,331
50031,1991,266
50031,2001,229
50031,2011,197
50032,1900,1121
50032,1910,1120
50032,1920,1184
50032,1930,1186
50032,1940,1249
50032,1950,1227
50032,1960,1132
50032,1970,1026
50032,1981,701
50032,1991,577
50032,2001,466
50032,2011,392
50033,1900,484
50033,1910,455
50033,1920,509
50033,1930,540
50033,1940,445
50033,1950,394
50033,1960,285
50033,1970,199
50033,1981,106
50033,1991,79
50033,2001,74
50033,2011,85
50034,1900,1578
50034,1910,1623
50034,1920,2448
50034,1930,2907
50034,1940,3076
50034,1950,2987
50034,1960,2654
50034,1970,2050
50034,1981,1621
50034,1991,1375
50034,2001,1237
50034,2011,1246
50035,1900,269
50035,1910,270
50035,1920,280
50035,1930,262
50035,1940,272
50035,1950,227
50035,1960,233
50035,1970,169
50035,1981,116
50035,1991,105
50035,2001,103
50035,2011,91
50036,1900,336
50036,1910,387
50036,1920,430
50036,1930,460
50036,1940,449
50036,1950,429
50036,1960,338
50036,1970,190
50036,1981,129
50036,1991,115
50036,2001,100
50036,2011,111
50037,1900,1225
50037,1910,1192
50037,1920,1035
50037,1930,1104
50037,1940,1082
50037,1950,1088
50037,1960,909
50037,1970,564
50037,1981,436
50037,1991,277
50037,2001,206
50037,2011,151
50038,1900,3126
50038,1910,3065
50038,1920,3096
50038,1930,3232
50038,1940,3214
50038,1950,3410
50038,1960,2726
50038,1970,2290
50038,1981,2131
50038,1991,2145
50038,2001,2012
50038,2011,2069
50039,1900,2388
50039,1910,2756
50039,1920,2872
50039,1930,2955
50039,1940,2872
50039,1950,2593
50039,1960,2062
50039,1970,1400
50039,1981,976
50039,1991,830
50039,2001,667
50039,2011,683
50040,1900,440
50040,1910,393
50040,1920,385
50040,1930,389
50040,1940,383
50040,1950,439
50040,1960,341
50040,1970,206
50040,1981,148
50040,1991,120
50040,2001,112
50040,2011,104
50041,1900,243
50041,1910,215
50041,1920,233
50041,1930,203
50041,1940,162
50041,1950,135
50041,1960,95
50041,1970,20
50041,1981,15
50041,1991,16
50041,2001,39
50041,2011,23
50042,1900,178
50042,1910,191
50042,1920,165
50042,1930,180
50042,1940,146
50042,1950,133
50042,1960,84
50042,1970,62
50042,1981,42
50042,1991,34
50042,2001,28
50042,2011,15
50043,1900,640
50043,1910,731
50043,1920,753
50043,1930,808
50043,1940,851
50043,1950,782
50043,1960,740
50043,1970,526
50043,1981,423
50043,1991,355
50043,2001,315
50043,2011,324
50044,1900,834
50044,1910,827
50044,1920,752
50044,1930,779
50044,1940,740
50044,1950,755
50044,1960,678
50044,1970,547
50044,1981,425
50044,1991,333
50044,2001,284
50044,2011,319
50045,1900,3333
50045,1910,3522
50045,1920,3469
50045,1930,3604
50045,1940,2936
50045,1950,3589
50045,1960,2816
50045,1970,2191
50045,1981,1728
50045,1991,1680
50045,2001,1612
50045,2011,1637
50046,1900,997
50046,1910,998
50046,1920,997
50046,1930,1002
50046,1940,957
50046,1950,897
50046,1960,799
50046,1970,595
50046,1981,460
50046,1991,354
50046,2001,246
50046,2011,238
50047,1900,363
50047,1910,356
50047,1920,316
50047,1930,329
50047,1940,307
50047,1950,280
50047,1960,209
50047,1970,102
50047,1981,32
50047,1991,37
50047,2001,53
50047,2011,69
50048,1900,232
50048,1910,241
50048,1920,257
50048,1930,184
50048,1940,198
50048,1950,185
50048,1960,182
50048,1970,107
50048,1981,45
50048,1991,43
50048,2001,37
50048,2011,45
50050,1900,833
50050,1910,884
50050,1920,896
50050,1930,879
50050,1940,893
50050,1950,821
50050,1960,603
50050,1970,297
50050,1981,161
50050,1991,138
50050,2001,133
50050,2011,110
50051,1900,1383
50051,1910,1463
50051,1920,1764
50051,1930,1869
50051,1940,1989
50051,1950,1954
50051,1960,1900
50051,1970,1704
50051,1981,1510
50051,1991,1306
50051,2001,1200
50051,2011,1078
50052,1900,291
50052,1910,267
50052,1920,212
50052,1930,213
50052,1940,221
50052,1950,222
50052,1960,237
50052,1970,200
50052,1981,180
50052,1991,146
50052,2001,124
50052,2011,101
50053,1900,920
50053,1910,894
50053,1920,1022
50053,1930,1136
50053,1940,1150
50053,1950,1218
50053,1960,1424
50053,1970,1359
50053,1981,1132
50053,1991,1063
50053,2001,990
50053,2011,961
50054,1900,520
50054,1910,524
50054,1920,548
50054,1930,566
50054,1940,553
50054,1950,501
50054,1960,388
50054,1970,223
50054,1981,154
50054,1991,108
50054,2001,82
50054,2011,72
50055,1900,5667
50055,1910,5243
50055,1920,5093
50055,1930,5055
50055,1940,5138
50055,1950,5024
50055,1960,4490
50055,1970,4011
50055,1981,4233
50055,1991,4060
50055,2001,4295
50055,2011,5039
50056,1900,351
50056,1910,386
50056,1920,408
50056,1930,487
50056,1940,534
50056,1950,477
50056,1960,479
50056,1970,404
50056,1981,385
50056,1991,465
50056,2001,482
50056,2011,524
50057,1900,1467
50057,1910,1325
50057,1920,1484
50057,1930,1904
50057,1940,1862
50057,1950,1792
50057,1960,1751
50057,1970,1889
50057,1981,2065
50057,1991,2044
50057,2001,1999
50057,2011,1799
50058,1900,914
50058,1910,808
50058,1920,665
50058,1930,600
50058,1940,602
50058,1950,462
50058,1960,380
50058,1970,245
50058,1981,175
50058,1991,123
50058,2001,97
50058,2011,86
50059,1900,1510
50059,1910,1542
50059,1920,1481
50059,1930,1303
50059,1940,1391
50059,1950,1137
50059,1960,1057
50059,1970,1148
50059,1981,1220
50059,1991,1074
50059,2001,1019
50059,2011,1052
50060,1900,1052
50060,1910,896
50060,1920,853
50060,1930,820
50060,1940,742
50060,1950,746
50060,1960,545
50060,1970,430
50060,1981,346
50060,1991,274
50060,2001,246
50060,2011,235
50061,1900,685
50061,1910,628
50061,1920,660
50061,1930,636
50061,1940,577
50061,1950,615
50061,1960,534
50061,1970,471
50061,1981,400
50061,1991,342
50061,2001,313
50061,2011,274
50062,1900,903
50062,1910,1060
50062,1920,1070
50062,1930,1096
50062,1940,1059
50062,1950,1143
50062,1960,1186
50062,1970,1380
50062,1981,1171
50062,1991,1223
50062,2001,1628
50062,2011,2356
50063,1900,428
50063,1910,420
50063,1920,452
50063,1930,466
50063,1940,432
50063,1950,406
50063,1960,357
50063,1970,278
50063,1981,200
50063,1991,137
50063,2001,104
50063,2011,80
50064,1900,493
50064,1910,625
50064,1920,669
50064,1930,795
50064,1940,800
50064,1950,782
50064,1960,744
50064,1970,687
50064,1981,607
50064,1991,561
50064,2001,544
50064,2011,552
50065,1900,474
50065,1910,615
50065,1920,707
50065,1930,650
50065,1940,671
50065,1950,645
50065,1960,515
50065,1970,241
50065,1981,175
50065,1991,101
50065,2001,54
50065,2011,46
50066,1900,647
50066,1910,655
50066,1920,674
50066,1930,691
50066,1940,767
50066,1950,742
50066,1960,665
50066,1970,692
50066,1981,680
50066,1991,917
50066,2001,1784
50066,2011,3294
50067,1900,11958
50067,1910,11858
50067,1920,12574
50067,1930,15733
50067,1940,18393
50067,1950,18874
50067,1960,18251
50067,1970,17133
50067,1981,17666
50067,1991,17432
50067,2001,18019
50067,2011,21264
50068,1900,2300
50068,1910,2785
50068,1920,3488
50068,1930,3460
50068,1940,3397
50068,1950,3410
50068,1960,3317
50068,1970,3071
50068,1981,2872
50068,1991,2626
50068,2001,2852
50068,2011,2992
50069,1900,854
50069,1910,907
50069,1920,1076
50069,1930,1087
50069,1940,967
50069,1950,961
50069,1960,639
50069,1970,289
50069,1981,132
50069,1991,105
50069,2001,99
50069,2011,64
50070,1900,343
50070,1910,380
50070,1920,436
50070,1930,537
50070,1940,600
50070,1950,533
50070,1960,422
50070,1970,318
50070,1981,194
50070,1991,132
50070,2001,87
50070,2011,79
50071,1900,701
50071,1910,692
50071,1920,753
50071,1930,738
50071,1940,778
50071,1950,746
50071,1960,627
50071,1970,411
50071,1981,257
50071,1991,223
50071,2001,182
50071,2011,154
50072,1900,1181
50072,1910,964
50072,1920,989
50072,1930,1120
50072,1940,1275
50072,1950,1145
50072,1960,918
50072,1970,434
50072,1981,369
50072,1991,247
50072,2001,197
50072,2011,185
50073,1900,3313
50073,1910,3592
50073,1920,3448
50073,1930,3070
50073,1940,3049
50073,1950,3158
50073,1960,3031
50073,1970,2893
50073,1981,3127
50073,1991,2877
50073,2001,3196
50073,2011,3623
50074,1900,7808
50074,1910,8893
50074,1920,9259
50074,1930,9992
50074,1940,9844
50074,1950,10128
50074,1960,9603
50074,1970,9162
50074,1981,8339
50074,1991,8029
50074,2001,7896
50074,2011,9797
50075,1900,294
50075,1910,357
50075,1920,321
50075,1930,355
50075,1940,361
50075,1950,343
50075,1960,298
50075,1970,235
50075,1981,179
50075,1991,141
50075,2001,103
50075,2011,91
50076,1900,750
50076,1910,721
50076,1920,598
50076,1930,575
50076,1940,526
50076,1950,508
50076,1960,401
50076,1970,234
50076,1981,198
50076,1991,155
50076,2001,117
50076,2011,116
50077,1900,1095
50077,1910,1061
50077,1920,1049
50077,1930,1102
50077,1940,1162
50077,1950,1068
50077,1960,902
50077,1970,581
50077,1981,452
50077,1991,397
50077,2001,324
50077,2011,266
50078,1900,823
50078,1910,870
50078,1920,943
50078,1930,1026
50078,1940,1039
50078,1950,1045
50078,1960,1012
50078,1970,649
50078,1981,493
50078,1991,469
50078,2001,403
50078,2011,311
50079,1900,904
50079,1910,1019
50079,1920,1028
50079,1930,982
50079,1940,1021
50079,1950,1020
50079,1960,772
50079,1970,563
50079,1981,438
50079,1991,375
50079,2001,332
50079,2011,319
50080,1900,443
50080,1910,431
50080,1920,386
50080,1930,363
50080,1940,276
50080,1950,300
50080,1960,153
50080,1970,27
50080,1981,7
50080,1991,4
50080,2001,25
50080,2011,41
50081,1900,1312
50081,1910,1571
50081,1920,2064
50081,1930,2517
50081,1940,2584
50081,1950,2407
50081,1960,2049
50081,1970,1469
50081,1981,994
50081,1991,807
50081,2001,739
50081,2011,679
50082,1900,512
50082,1910,484
50082,1920,485
50082,1930,466
50082,1940,539
50082,1950,561
50082,1960,483
50082,1970,281
50082,1981,160
50082,1991,143
50082,2001,143
50082,2011,118
50083,1900,570
50083,1910,555
50083,1920,482
50083,1930,400
50083,1940,388
50083,1950,349
50083,1960,286
50083,1970,194
50083,1981,178
50083,1991,157
50083,2001,132
50083,2011,122
50084,1900,444
50084,1910,444
50084,1920,498
50084,1930,479
50084,1940,480
50084,1950,511
50084,1960,409
50084,1970,291
50084,1981,138
50084,1991,123
50084,2001,111
50084,2011,92
50085,1900,1026
50085,1910,1193
50085,1920,1163
50085,1930,1114
50085,1940,945
50085,1950,947
50085,1960,719
50085,1970,519
50085,1981,420
50085,1991,325
50085,2001,259
50085,2011,204
50086,1900,1122
50086,1910,919
50086,1920,982
50086,1930,995
50086,1940,969
50086,1950,976
50086,1960,852
50086,1970,645
50086,1981,386
50086,1991,329
50086,2001,279
50086,2011,247
50087,1900,169
50087,1910,212
50087,1920,244
50087,1930,243
50087,1940,247
50087,1950,245
50087,1960,200
50087,1970,129
50087,1981,91
50087,1991,64
50087,2001,52
50087,2011,40
50088,1900,1304
50088,1910,1191
50088,1920,1127
50088,1930,1001
50088,1940,987
50088,1950,983
50088,1960,866
50088,1970,597
50088,1981,511
50088,1991,449
50088,2001,410
50088,2011,396
50089,1900,275
50089,1910,298
50089,1920,295
50089,1930,271
50089,1940,322
50089,1950,386
50089,1960,491
50089,1970,744
50089,1981,1148
50089,1991,1353
50089,2001,1922
50089,2011,10209
50090,1900,505
50090,1910,602
50090,1920,618
50090,1930,671
50090,1940,733
50090,1950,747
50090,1960,535
50090,1970,343
50090,1981,316
50090,1991,267
50090,2001,210
50090,2011,190
50091,1900,316
50091,1910,355
50091,1920,375
50091,1930,439
50091,1940,479
50091,1950,451
50091,1960,416
50091,1970,234
50091,1981,126
50091,1991,104
50091,2001,90
50091,2011,55
50092,1900,1425
50092,1910,1565
50092,1920,1433
50092,1930,1192
50092,1940,1289
50092,1950,1139
50092,1960,910
50092,1970,695
50092,1981,504
50092,1991,430
50092,2001,403
50092,2011,471
50093,1900,483
50093,1910,626
50093,1920,584
50093,1930,578
50093,1940,538
50093,1950,528
50093,1960,406
50093,1970,263
50093,1981,197
50093,1991,151
50093,2001,117
50093,2011,147
50094,1900,3493
50094,1910,3597
50094,1920,3669
50094,1930,3857
50094,1940,3819
50094,1950,3786
50094,1960,3323
50094,1970,2968
50094,1981,2560
50094,1991,2351
50094,2001,2212
50094,2011,2264
50095,1900,5271
50095,1910,5861
50095,1920,7829
50095,1930,8666
50095,1940,9652
50095,1950,9604
50095,1960,11242
50095,1970,14777
50095,1981,15842
50095,1991,15337
50095,2001,16048
50095,2011,17069
50096,1900,498
50096,1910,573
50096,1920,574
50096,1930,551
50096,1940,555
50096,1950,529
50096,1960,456
50096,1970,264
50096,1981,133
50096,1991,81
50096,2001,70
50096,2011,51
50098,1900,1020
50098,1910,1049
50098,1920,891
50098,1930,931
50098,1940,839
50098,1950,838
50098,1960,680
50098,1970,538
50098,1981,370
50098,1991,336
50098,2001,300
50098,2011,242
50099,1900,3713
50099,1910,4820
50099,1920,5466
50099,1930,5799
50099,1940,5900
50099,1950,5462
50099,1960,5173
50099,1970,3997
50099,1981,3810
50099,1991,3816
50099,2001,4087
50099,2011,4715
50100,1900,911
50100,1910,931
50100,1920,1104
50100,1930,1067
50100,1940,1179
50100,1950,1038
50100,1960,916
50100,1970,778
50100,1981,614
50100,1991,547
50100,2001,451
50100,2011,403
50101,1900,2374
50101,1910,2281
50101,1920,2140
50101,1930,2068
50101,1940,2076
50101,1950,3156
50101,1960,3668
50101,1970,2413
50101,1981,1521
50101,1991,1366
50101,2001,1111
50101,2011,1123
50102,1900,2089
50102,1910,2273
50102,1920,2265
50102,1930,2192
50102,1940,2048
50102,1950,1997
50102,1960,1781
50102,1970,1667
50102,1981,1578
50102,1991,1344
50102,2001,1230
50102,2011,1242
50104,1900,524
50104,1910,559
50104,1920,528
50104,1930,548
50104,1940,610
50104,1950,637
50104,1960,587
50104,1970,565
50104,1981,541
50104,1991,496
50104,2001,444
50104,2011,426
50105,1900,1306
50105,1910,1406
50105,1920,1750
50105,1930,1476
50105,1940,1319
50105,1950,1310
50105,1960,1683
50105,1970,601
50105,1981,514
50105,1991,439
50105,2001,396
50105,2011,378
50106,1900,521
50106,1910,490
50106,1920,538
50106,1930,505
50106,1940,522
50106,1950,532
50106,1960,452
50106,1970,330
50106,1981,210
50106,1991,174
50106,2001,174
50106,2011,151
50107,1900,367
50107,1910,451
50107,1920,504
50107,1930,559
50107,1940,597
50107,1950,635
50107,1960,672
50107,1970,691
50107,1981,705
50107,1991,870
50107,2001,1058
50107,2011,1305
50108,1900,226
50108,1910,258
50108,1920,266
50108,1930,247
50108,1940,239
50108,1950,185
50108,1960,108
50108,1970,22
50108,1981,9
50108,1991,13
50108,2001,15
50108,2011,52
50109,1900,561
50109,1910,615
50109,1920,575
50109,1930,563
50109,1940,499
50109,1950,465
50109,1960,371
50109,1970,183
50109,1981,140
50109,1991,123
50109,2001,132
50109,2011,105
50110,1900,1551
50110,1910,1588
50110,1920,1504
50110,1930,1426
50110,1940,1414
50110,1950,1329
50110,1960,1232
50110,1970,1017
50110,1981,795
50110,1991,657
50110,2001,547
50110,2011,461
50111,1900,505
50111,1910,447
50111,1920,440
50111,1930,352
50111,1940,366
50111,1950,405
50111,1960,452
50111,1970,419
50111,1981,344
50111,1991,275
50111,2001,248
50111,2011,208
50113,1900,1354
50113,1910,1226
50113,1920,1483
50113,1930,1418
50113,1940,1378
50113,1950,1473
50113,1960,1323
50113,1970,1125
50113,1981,1039
50113,1991,985
50113,2001,871
50113,2011,944
50114,1900,540
50114,1910,591
50114,1920,623
50114,1930,663
50114,1940,498
50114,1950,455
50114,1960,401
50114,1970,259
50114,1981,183
50114,1991,166
50114,2001,176
50114,2011,179
50115,1900,2498
50115,1910,2774
50115,1920,2974
50115,1930,2941
50115,1940,2517
50115,1950,3082
50115,1960,3436
50115,1970,3671
50115,1981,3670
50115,1991,3801
50115,2001,3887
50115,2011,4597
50116,1900,1099
50116,1910,1000
50116,1920,1162
50116,1930,1219
50116,1940,1133
50116,1950,1143
50116,1960,1001
50116,1970,740
50116,1981,502
50116,1991,413
50116,2001,326
50116,2011,275
50117,1900,363
50117,1910,396
50117,1920,446
50117,1930,490
50117,1940,529
50117,1950,522
50117,1960,476
50117,1970,380
50117,1981,235
50117,1991,192
50117,2001,157
50117,2011,155
50118,1900,2847
50118,1910,2862
50118,1920,3438
50118,1930,3862
50118,1940,3982
50118,1950,4038
50118,1960,4328
50118,1970,4227
50118,1981,3486
50118,1991,3066
50118,2001,2900
50118,2011,2876
50119,1900,2096
50119,1910,2297
50119,1920,2285
50119,1930,2172
50119,1940,2303
50119,1950,2022
50119,1960,1725
50119,1970,1610
50119,1981,1474
50119,1991,1366
50119,2001,1220
50119,2011,1186
50120,1900,432
50120,1910,448
50120,1920,464
50120,1930,506
50120,1940,455
50120,1950,383
50120,1960,374
50120,1970,218
50120,1981,115
50120,1991,83
50120,2001,75
50120,2011,43
50121,1900,874
50121,1910,841
50121,1920,706
50121,1930,738
50121,1940,677
50121,1950,597
50121,1960,473
50121,1970,451
50121,1981,414
50121,1991,390
50121,2001,400
50121,2011,371
50122,1900,497
50122,1910,491
50122,1920,541
50122,1930,509
50122,1940,453
50122,1950,387
50122,1960,295
50122,1970,127
50122,1981,58
50122,1991,59
50122,2001,55
50122,2011,68
50123,1900,360
50123,1910,440
50123,1920,545
50123,1930,651
50123,1940,705
50123,1950,723
50123,1960,708
50123,1970,627
50123,1981,501
50123,1991,485
50123,2001,470
50123,2011,592
50124,1900,1873
50124,1910,2047
50124,1920,2124
50124,1930,2224
50124,1940,1890
50124,1950,1826
50124,1960,1484
50124,1970,1150
50124,1981,889
50124,1991,710
50124,2001,599
50124,2011,578
50125,1900,1251
50125,1910,1509
50125,1920,1638
50125,1930,1769
50125,1940,1819
50125,1950,1926
50125,1960,1640
50125,1970,971
50125,1981,682
50125,1991,583
50125,2001,523
50125,2011,480
50126,1900,1823
50126,1910,1904
50126,1920,1893
50126,1930,1963
50126,1940,2012
50126,1950,1973
50126,1960,2144
50126,1970,2498
50126,1981,2949
50126,1991,3149
50126,2001,3284
50126,2011,3272
50128,1900,347
50128,1910,356
50128,1920,373
50128,1930,302
50128,1940,271
50128,1950,277
50128,1960,215
50128,1970,86
50128,1981,58
50128,1991,63
50128,2001,57
50128,2011,32
50129,1900,491
50129,1910,491
50129,1920,599
50129,1930,705
50129,1940,812
50129,1950,856
50129,1960,704
50129,1970,511
50129,1981,371
50129,1991,334
50129,2001,316
50129,2011,358
50130,1900,1472
50130,1910,1514
50130,1920,1511
50130,1930,1331
50130,1940,1258
50130,1950,1181
50130,1960,1015
50130,1970,773
50130,1981,674
50130,1991,616
50130,2001,541
50130,2011,522
50131,1900,361
50131,1910,418
50131,1920,483
50131,1930,554
50131,1940,550
50131,1950,526
50131,1960,505
50131,1970,392
50131,1981,338
50131,1991,303
50131,2001,292
50131,2011,282
50132,1900,264
50132,1910,271
50132,1920,304
50132,1930,283
50132,1940,318
50132,1950,327
50132,1960,485
50132,1970,459
50132,1981,357
50132,1991,345
50132,2001,430
50132,2011,949
50133,1900,503
50133,1910,593
50133,1920,599
50133,1930,623
50133,1940,571
50133,1950,524
50133,1960,374
50133,1970,255
50133,1981,180
50133,1991,159
50133,2001,157
50133,2011,133
50134,1900,599
50134,1910,657
50134,1920,741
50134,1930,818
50134,1940,803
50134,1950,782
50134,1960,617
50134,1970,332
50134,1981,242
50134,1991,200
50134,2001,177
50134,2011,137
50135,1900,343
50135,1910,405
50135,1920,446
50135,1930,479
50135,1940,468
50135,1950,428
50135,1960,385
50135,1970,332
50135,1981,230
50135,1991,192
50135,2001,137
50135,2011,125
50136,1900,1997
50136,1910,2236
50136,1920,2475
50136,1930,2290
50136,1940,2378
50136,1950,2395
50136,1960,1906
50136,1970,1490
50136,1981,1185
50136,1991,1009
50136,2001,817
50136,2011,749
50137,1900,1576
50137,1910,1798
50137,1920,2107
50137,1930,2152
50137,1940,1952
50137,1950,1993
50137,1960,1730
50137,1970,1554
50137,1981,1542
50137,1991,1476
50137,2001,1292
50137,2011,1315
50138,1900,157
50138,1910,149
50138,1920,165
50138,1930,181
50138,1940,152
50138,1950,155
50138,1960,141
50138,1970,108
50138,1981,85
50138,1991,63
50138,2001,59
50138,2011,48
50139,1900,1074
50139,1910,1132
50139,1920,1159
50139,1930,1221
50139,1940,1265
50139,1950,1049
50139,1960,876
50139,1970,701
50139,1981,587
50139,1991,486
50139,2001,463
50139,2011,396
50140,1900,634
50140,1910,589
50140,1920,607
50140,1930,584
50140,1940,545
50140,1950,524
50140,1960,453
50140,1970,255
50140,1981,227
50140,1991,189
50140,2001,172
50140,2011,178
50141,1900,363
50141,1910,343
50141,1920,324
50141,1930,359
50141,1940,359
50141,1950,356
50141,1960,312
50141,1970,238
50141,1981,164
50141,1991,125
50141,2001,116
50141,2011,121
50142,1900,496
50142,1910,518
50142,1920,561
50142,1930,507
50142,1940,501
50142,1950,503
50142,1960,448
50142,1970,233
50142,1981,103
50142,1991,62
50142,2001,54
50142,2011,45
50143,1900,1306
50143,1910,1506
50143,1920,1454
50143,1930,1448
50143,1940,1464
50143,1950,1445
50143,1960,1245
50143,1970,1019
50143,1981,969
50143,1991,865
50143,2001,911
50143,2011,860
50144,1900,469
50144,1910,545
50144,1920,613
50144,1930,479
50144,1940,400
50144,1950,322
50144,1960,222
50144,1970,62
50144,1981,24
50144,1991,35
50144,2001,44
50144,2011,34
50146,1900,469
50146,1910,496
50146,1920,561
50146,1930,599
50146,1940,529
50146,1950,542
50146,1960,423
50146,1970,396
50146,1981,340
50146,1991,306
50146,2001,235
50146,2011,255
50147,1900,796
50147,1910,907
50147,1920,1470
50147,1930,1902
50147,1940,1925
50147,1950,1840
50147,1960,1772
50147,1970,1604
50147,1981,1321
50147,1991,1089
50147,2001,1034
50147,2011,1042
50148,1900,1573
50148,1910,1702
50148,1920,1715
50148,1930,1790
50148,1940,1503
50148,1950,1438
50148,1960,1221
50148,1970,801
50148,1981,574
50148,1991,462
50148,2001,413
50148,2011,378
50149,1900,331
50149,1910,344
50149,1920,327
50149,1930,290
50149,1940,213
50149,1950,203
50149,1960,186
50149,1970,45
50149,1981,31
50149,1991,29
50149,2001,32
50149,2011,50
50150,1900,1431
50150,1910,1686
50150,1920,1817
50150,1930,1889
50150,1940,2068
50150,1950,2031
50150,1960,2005
50150,1970,1396
50150,1981,1146
50150,1991,1004
50150,2001,917
50150,2011,919
50151,1900,1761
50151,1910,2054
50151,1920,2433
50151,1930,2611
50151,1940,2607
50151,1950,2136
50151,1960,1893
50151,1970,1533
50151,1981,1150
50151,1991,1002
50151,2001,897
50151,2011,813
50152,1900,3325
50152,1910,3552
50152,1920,3776
50152,1930,3332
50152,1940,3327
50152,1950,3020
50152,1960,2688
50152,1970,2562
50152,1981,2397
50152,1991,2180
50152,2001,2056
50152,2011,2002
50153,1900,2822
50153,1910,2662
50153,1920,2504
50153,1930,2217
50153,1940,2197
50153,1950,2044
50153,1960,1818
50153,1970,1646
50153,1981,1463
50153,1991,1365
50153,2001,1177
50153,2011,1206
50154,1900,471
50154,1910,474
50154,1920,496
50154,1930,491
50154,1940,485
50154,1950,472
50154,1960,390
50154,1970,262
50154,1981,222
50154,1991,184
50154,2001,170
50154,2011,158
50155,1900,427
50155,1910,565
50155,1920,572
50155,1930,571
50155,1940,561
50155,1950,523
50155,1960,399
50155,1970,199
50155,1981,141
50155,1991,136
50155,2001,150
50155,2011,123
50156,1900,535
50156,1910,538
50156,1920,524
50156,1930,520
50156,1940,504
50156,1950,521
50156,1960,487
50156,1970,385
50156,1981,340
50156,1991,313
50156,2001,294
50156,2011,319
50157,1900,1230
50157,1910,954
50157,1920,1254
50157,1930,1241
50157,1940,1265
50157,1950,1226
50157,1960,882
50157,1970,777
50157,1981,604
50157,1991,532
50157,2001,436
50157,2011,376
50159,1900,1400
50159,1910,1612
50159,1920,1805
50159,1930,1927
50159,1940,1794
50159,1950,1717
50159,1960,1634
50159,1970,1431
50159,1981,1241
50159,1991,1072
50159,2001,993
50159,2011,1093
50160,1900,2401
50160,1910,2501
50160,1920,2959
50160,1930,3030
50160,1940,3039
50160,1950,3177
50160,1960,3521
50160,1970,3232
50160,1981,2918
50160,1991,3018
50160,2001,3109
50160,2011,3571
50161,1900,672
50161,1910,702
50161,1920,690
50161,1930,740
50161,1940,718
50161,1950,766
50161,1960,568
50161,1970,327
50161,1981,203
50161,1991,168
50161,2001,145
50161,2011,131
50162,1900,706
50162,1910,784
50162,1920,780
50162,1930,826
50162,1940,844
50162,1950,768
50162,1960,656
50162,1970,523
50162,1981,341
50162,1991,245
50162,2001,202
50162,2011,191
50163,1900,581
50163,1910,622
50163,1920,659
50163,1930,761
50163,1940,826
50163,1950,707
50163,1960,698
50163,1970,723
50163,1981,734
50163,1991,810
50163,2001,1531
50163,2011,5208
50164,1900,1416
50164,1910,1431
50164,1920,1390
50164,1930,1232
50164,1940,702
50164,1950,855
50164,1960,828
50164,1970,669
50164,1981,581
50164,1991,549
50164,2001,485
50164,2011,480
50165,1900,2842
50165,1910,3427
50165,1920,4228
50165,1930,3296
50165,1940,3566
50165,1950,3754
50165,1960,5784
50165,1970,3026
50165,1981,2663
50165,1991,2757
50165,2001,2486
50165,2011,2424
50166,1900,613
50166,1910,641
50166,1920,690
50166,1930,697
50166,1940,748
50166,1950,796
50166,1960,728
50166,1970,590
50166,1981,505
50166,1991,440
50166,2001,350
50166,2011,316
50167,1900,510
50167,1910,735
50167,1920,744
50167,1930,680
50167,1940,707
50167,1950,582
50167,1960,494
50167,1970,422
50167,1981,357
50167,1991,341
50167,2001,283
50167,2011,217
50168,1900,221
50168,1910,229
50168,1920,232
50168,1930,165
50168,1940,202
50168,1950,166
50168,1960,117
50168,1970,70
50168,1981,58
50168,1991,41
50168,2001,47
50168,2011,43
50169,1900,916
50169,1910,986
50169,1920,1179
50169,1930,1167
50169,1940,1220
50169,1950,1187
50169,1960,1039
50169,1970,875
50169,1981,680
50169,1991,579
50169,2001,513
50169,2011,448
50170,1900,824
50170,1910,902
50170,1920,853
50170,1930,718
50170,1940,827
50170,1950,798
50170,1960,689
50170,1970,702
50170,1981,624
50170,1991,567
50170,2001,524
50170,2011,462
50171,1900,636
50171,1910,735
50171,1920,779
50171,1930,865
50171,1940,814
50171,1950,735
50171,1960,539
50171,1970,249
50171,1981,72
50171,1991,110
50171,2001,160
50171,2011,115
50172,1900,680
50172,1910,652
50172,1920,732
50172,1930,847
50172,1940,970
50172,1950,1032
50172,1960,836
50172,1970,655
50172,1981,464
50172,1991,347
50172,2001,303
50172,2011,174
50173,1900,932
50173,1910,956
50173,1920,994
50173,1930,889
50173,1940,1009
50173,1950,1068
50173,1960,880
50173,1970,454
50173,1981,272
50173,1991,202
50173,2001,212
50173,2011,169
50174,1900,499
50174,1910,498
50174,1920,526
50174,1930,539
50174,1940,550
50174,1950,537
50174,1960,464
50174,1970,310
50174,1981,223
50174,1991,166
50174,2001,126
50174,2011,123
50175,1900,2161
50175,1910,2173
50175,1920,2241
50175,1930,2280
50175,1940,2750
50175,1950,2786
50175,1960,2760
50175,1970,2441
50175,1981,1977
50175,1991,1744
50175,2001,1471
50175,2011,1263
50176,1900,897
50176,1910,987
50176,1920,1170
50176,1930,1247
50176,1940,1189
50176,1950,1146
50176,1960,961
50176,1970,671
50176,1981,488
50176,1991,373
50176,2001,300
50176,2011,274
50177,1900,1168
50177,1910,1272
50177,1920,1272
50177,1930,1359
50177,1940,1369
50177,1950,1285
50177,1960,1142
50177,1970,879
50177,1981,660
50177,1991,543
50177,2001,459
50177,2011,408
50178,1900,1209
50178,1910,1395
50178,1920,1460
50178,1930,1446
50178,1940,1416
50178,1950,1374
50178,1960,1195
50178,1970,1048
50178,1981,786
50178,1991,626
50178,2001,488
50178,2011,423
50179,1900,952
50179,1910,1138
50179,1920,1217
50179,1930,1370
50179,1940,1223
50179,1950,1246
50179,1960,1030
50179,1970,752
50179,1981,551
50179,1991,424
50179,2001,326
50179,2011,288
50180,1900,378
50180,1910,482
50180,1920,463
50180,1930,426
50180,1940,423
50180,1950,283
50180,1960,223
50180,1970,181
50180,1981,163
50180,1991,124
50180,2001,114
50180,2011,110
50181,1900,1228
50181,1910,1504
50181,1920,1576
50181,1930,1569
50181,1940,1617
50181,1950,1484
50181,1960,1379
50181,1970,1429
50181,1981,1346
50181,1991,1196
50181,2001,1108
50181,2011,1413
50182,1900,729
50182,1910,873
50182,1920,1041
50182,1930,942
50182,1940,1043
50182,1950,1002
50182,1960,1011
50182,1970,897
50182,1981,852
50182,1991,1006
50182,2001,1773
50182,2011,5087
50183,1900,1300
50183,1910,1323
50183,1920,1132
50183,1930,1281
50183,1940,1281
50183,1950,1227
50183,1960,1074
50183,1970,825
50183,1981,665
50183,1991,524
50183,2001,449
50183,2011,468
50184,1900,519
50184,1910,530
50184,1920,536
50184,1930,530
50184,1940,589
50184,1950,584
50184,1960,488
50184,1970,308
50184,1981,217
50184,1991,169
50184,2001,142
50184,2011,142
50185,1900,1159
50185,1910,1213
50185,1920,1033
50185,1930,882
50185,1940,777
50185,1950,659
50185,1960,470
50185,1970,339
50185,1981,177
50185,1991,150
50185,2001,150
50185,2011,184
50186,1900,413
50186,1910,439
50186,1920,500
50186,1930,452
50186,1940,412
50186,1950,339
50186,1960,302
50186,1970,206
50186,1981,116
50186,1991,89
50186,2001,55
50186,2011,46
50187,1900,270
50187,1910,296
50187,1920,346
50187,1930,314
50187,1940,309
50187,1950,302
50187,1960,273
50187,1970,194
50187,1981,171
50187,1991,138
50187,2001,98
50187,2011,73
50188,1900,262
50188,1910,267
50188,1920,244
50188,1930,251
50188,1940,248
50188,1950,231
50188,1960,161
50188,1970,68
50188,1981,39
50188,1991,33
50188,2001,53
50188,2011,34
50189,1900,1681
50189,1910,1899
50189,1920,2097
50189,1930,1882
50189,1940,1806
50189,1950,1944
50189,1960,1733
50189,1970,1432
50189,1981,1231
50189,1991,1132
50189,2001,1024
50189,2011,1045
50190,1900,1527
50190,1910,1574
50190,1920,1619
50190,1930,1636
50190,1940,1618
50190,1950,1686
50190,1960,1478
50190,1970,1153
50190,1981,936
50190,1991,793
50190,2001,775
50190,2011,930
50191,1900,908
50191,1910,842
50191,1920,972
50191,1930,1013
50191,1940,974
50191,1950,1023
50191,1960,1005
50191,1970,934
50191,1981,832
50191,1991,737
50191,2001,673
50191,2011,600
50192,1900,902
50192,1910,937
50192,1920,952
50192,1930,1057
50192,1940,1172
50192,1950,1095
50192,1960,823
50192,1970,431
50192,1981,319
50192,1991,287
50192,2001,332
50192,2011,344
50193,1900,455
50193,1910,505
50193,1920,550
50193,1930,546
50193,1940,585
50193,1950,607
50193,1960,538
50193,1970,522
50193,1981,481
50193,1991,526
50193,2001,581
50193,2011,846
50194,1900,674
50194,1910,635
50194,1920,625
50194,1930,539
50194,1940,560
50194,1950,576
50194,1960,500
50194,1970,339
50194,1981,259
50194,1991,196
50194,2001,147
50194,2011,117
50195,1900,495
50195,1910,495
50195,1920,505
50195,1930,435
50195,1940,414
50195,1950,392
50195,1960,243
50195,1970,115
50195,1981,60
50195,1991,53
50195,2001,50
50195,2011,47
50196,1900,411
50196,1910,438
50196,1920,423
50196,1930,442
50196,1940,415
50196,1950,429
50196,1960,336
50196,1970,256
50196,1981,188
50196,1991,178
50196,2001,117
50196,2011,136
50197,1900,734
50197,1910,762
50197,1920,742
50197,1930,690
50197,1940,681
50197,1950,513
50197,1960,417
50197,1970,298
50197,1981,175
50197,1991,135
50197,2001,112
50197,2011,97
50198,1900,346
50198,1910,333
50198,1920,339
50198,1930,310
50198,1940,307
50198,1950,275
50198,1960,220
50198,1970,104
50198,1981,19
50198,1991,30
50198,2001,52
50198,2011,48
50199,1900,497
50199,1910,529
50199,1920,546
50199,1930,537
50199,1940,539
50199,1950,404
50199,1960,407
50199,1970,348
50199,1981,320
50199,1991,346
50199,2001,357
50199,2011,449
50200,1900,1820
50200,1910,1654
50200,1920,1425
50200,1930,1375
50200,1940,1319
50200,1950,1330
50200,1960,1166
50200,1970,970
50200,1981,848
50200,1991,770
50200,2001,702
50200,2011,729
50201,1900,712
50201,1910,894
50201,1920,1078
50201,1930,1172
50201,1940,1256
50201,1950,1183
50201,1960,1069
50201,1970,886
50201,1981,620
50201,1991,559
50201,2001,494
50201,2011,592
50202,1900,908
50202,1910,941
50202,1920,984
50202,1930,1015
50202,1940,967
50202,1950,931
50202,1960,800
50202,1970,624
50202,1981,463
50202,1991,351
50202,2001,255
50202,2011,176
50203,1900,707
50203,1910,796
50203,1920,820
50203,1930,857
50203,1940,784
50203,1950,821
50203,1960,929
50203,1970,837
50203,1981,775
50203,1991,752
50203,2001,1083
50203,2011,1382
50204,1900,2269
50204,1910,2507
50204,1920,2632
50204,1930,2668
50204,1940,2850
50204,1950,2702
50204,1960,2677
50204,1970,2442
50204,1981,2143
50204,1991,2460
50204,2001,2812
50204,2011,3753
50205,1900,390
50205,1910,427
50205,1920,462
50205,1930,443
50205,1940,359
50205,1950,337
50205,1960,251
50205,1970,174
50205,1981,121
50205,1991,114
50205,2001,103
50205,2011,119
50206,1900,725
50206,1910,807
50206,1920,874
50206,1930,796
50206,1940,726
50206,1950,783
50206,1960,680
50206,1970,595
50206,1981,548
50206,1991,480
50206,2001,519
50206,2011,642
50207,1900,300
50207,1910,374
50207,1920,426
50207,1930,458
50207,1940,461
50207,1950,407
50207,1960,354
50207,1970,294
50207,1981,173
50207,1991,137
50207,2001,151
50207,2011,133
50208,1900,2409
50208,1910,2473
50208,1920,2549
50208,1930,2434
50208,1940,2092
50208,1950,2309
50208,1960,2270
50208,1970,2360
50208,1981,2168
50208,1991,2188
50208,2001,2233
50208,2011,2641
50209,1900,750
50209,1910,837
50209,1920,1024
50209,1930,1169
50209,1940,1126
50209,1950,1221
50209,1960,1356
50209,1970,1230
50209,1981,1178
50209,1991,1363
50209,2001,1819
50209,2011,3615
50210,1900,773
50210,1910,648
50210,1920,578
50210,1930,555
50210,1940,523
50210,1950,405
50210,1960,336
50210,1970,121
50210,1981,90
50210,1991,83
50210,2001,87
50210,2011,45
50211,1900,875
50211,1910,956
50211,1920,898
50211,1930,901
50211,1940,832
50211,1950,841
50211,1960,728
50211,1970,600
50211,1981,430
50211,1991,385
50211,2001,370
50211,2011,386
50212,1900,154
50212,1910,185
50212,1920,201
50212,1930,178
50212,1940,198
50212,1950,184
50212,1960,164
50212,1970,109
50212,1981,88
50212,1991,81
50212,2001,61
50212,2011,52
50213,1900,681
50213,1910,735
50213,1920,740
50213,1930,768
50213,1940,737
50213,1950,647
50213,1960,469
50213,1970,353
50213,1981,222
50213,1991,185
50213,2001,159
50213,2011,130
50214,1900,474
50214,1910,469
50214,1920,482
50214,1930,484
50214,1940,383
50214,1950,396
50214,1960,342
50214,1970,80
50214,1981,40
50214,1991,25
50214,2001,35
50214,2011,35
50215,1900,287
50215,1910,319
50215,1920,343
50215,1930,402
50215,1940,400
50215,1950,342
50215,1960,290
50215,1970,169
50215,1981,57
50215,1991,32
50215,2001,16
50215,2011,22
50216,1900,710
50216,1910,655
50216,1920,767
50216,1930,641
50216,1940,737
50216,1950,687
50216,1960,559
50216,1970,507
50216,1981,444
50216,1991,374
50216,2001,337
50216,2011,326
50217,1900,688
50217,1910,772
50217,1920,808
50217,1930,1070
50217,1940,1041
50217,1950,1021
50217,1960,1016
50217,1970,906
50217,1981,769
50217,1991,699
50217,2001,628
50217,2011,615
50218,1900,631
50218,1910,659
50218,1920,687
50218,1930,633
50218,1940,475
50218,1950,521
50218,1960,382
50218,1970,242
50218,1981,201
50218,1991,155
50218,2001,138
50218,2011,131
50219,1900,985
50219,1910,1057
50219,1920,1163
50219,1930,1262
50219,1940,1151
50219,1950,1226
50219,1960,1287
50219,1970,1252
50219,1981,1383
50219,1991,1463
50219,2001,2296
50219,2011,5552
50220,1900,228
50220,1910,264
50220,1920,273
50220,1930,307
50220,1940,331
50220,1950,267
50220,1960,227
50220,1970,118
50220,1981,60
50220,1991,65
50220,2001,58
50220,2011,62
50221,1900,463
50221,1910,543
50221,1920,564
50221,1930,480
50221,1940,442
50221,1950,448
50221,1960,264
50221,1970,118
50221,1981,11
50221,1991,35
50221,2001,47
50221,2011,43
50222,1900,2521
50222,1910,2743
50222,1920,2818
50222,1930,2751
50222,1940,2154
50222,1950,2443
50222,1960,2572
50222,1970,2535
50222,1981,2367
50222,1991,2196
50222,2001,2064
50222,2011,2083
50223,1900,1019
50223,1910,1208
50223,1920,1354
50223,1930,1438
50223,1940,1538
50223,1950,1761
50223,1960,1934
50223,1970,1674
50223,1981,1473
50223,1991,1281
50223,2001,1228
50223,2011,1158
50224,1900,180
50224,1910,242
50224,1920,341
50224,1930,308
50224,1940,363
50224,1950,321
50224,1960,229
50224,1970,138
50224,1981,98
50224,1991,80
50224,2001,81
50224,2011,69
50225,1900,2503
50225,1910,2885
50225,1920,3023
50225,1930,2854
50225,1940,2896
50225,1950,2829
50225,1960,2716
50225,1970,2519
50225,1981,2294
50225,1991,2056
50225,2001,2306
50225,2011,3150
50227,1900,321
50227,1910,330
50227,1920,325
50227,1930,380
50227,1940,387
50227,1950,389
50227,1960,329
50227,1970,240
50227,1981,192
50227,1991,157
50227,2001,133
50227,2011,123
50228,1900,896
50228,1910,924
50228,1920,1015
50228,1930,1038
50228,1940,1016
50228,1950,931
50228,1960,803
50228,1970,534
50228,1981,447
50228,1991,369
50228,2001,359
50228,2011,346
50229,1900,163
50229,1910,204
50229,1920,225
50229,1930,233
50229,1940,193
50229,1950,187
50229,1960,184
50229,1970,153
50229,1981,114
50229,1991,87
50229,2001,86
50229,2011,73
50230,1900,1812
50230,1910,1983
50230,1920,2535
50230,1930,2748
50230,1940,2820
50230,1950,2686
50230,1960,2971
50230,1970,2470
50230,1981,2034
50230,1991,1881
50230,2001,1722
50230,2011,1562
50231,1900,583
50231,1910,598
50231,1920,775
50231,1930,784
50231,1940,853
50231,1950,827
50231,1960,690
50231,1970,591
50231,1981,495
50231,1991,406
50231,2001,352
50231,2011,364
50232,1900,1196
50232,1910,1085
50232,1920,1133
50232,1930,1144
50232,1940,1091
50232,1950,921
50232,1960,780
50232,1970,556
50232,1981,377
50232,1991,324
50232,2001,269
50232,2011,215
50233,1900,404
50233,1910,439
50233,1920,408
50233,1930,419
50233,1940,347
50233,1950,329
50233,1960,239
50233,1970,121
50233,1981,92
50233,1991,107
50233,2001,147
50233,2011,125
50234,1900,385
50234,1910,374
50234,1920,400
50234,1930,392
50234,1940,421
50234,1950,420
50234,1960,405
50234,1970,371
50234,1981,332
50234,1991,314
50234,2001,296
50234,2011,299
50235,1900,960
50235,1910,1165
50235,1920,1361
50235,1930,1516
50235,1940,1598
50235,1950,1814
50235,1960,1793
50235,1970,1759
50235,1981,1847
50235,1991,1845
50235,2001,2212
50235,2011,3150
50236,1900,929
50236,1910,979
50236,1920,1004
50236,1930,917
50236,1940,877
50236,1950,871
50236,1960,720
50236,1970,520
50236,1981,280
50236,1991,238
50236,2001,212
50236,2011,152
50237,1900,318
50237,1910,253
50237,1920,268
50237,1930,281
50237,1940,275
50237,1950,251
50237,1960,216
50237,1970,168
50237,1981,112
50237,1991,102
50237,2001,120
50237,2011,134
50238,1900,924
50238,1910,936
50238,1920,907
50238,1930,851
50238,1940,737
50238,1950,517
50238,1960,305
50238,1970,229
50238,1981,155
50238,1991,126
50238,2001,131
50238,2011,126
50239,1900,290
50239,1910,323
50239,1920,336
50239,1930,334
50239,1940,307
50239,1950,310
50239,1960,316
50239,1970,184
50239,1981,117
50239,1991,84
50239,2001,72
50239,2011,64
50240,1900,2987
50240,1910,3087
50240,1920,3059
50240,1930,3047
50240,1940,2865
50240,1950,2658
50240,1960,2444
50240,1970,1991
50240,1981,1803
50240,1991,1674
50240,2001,1389
50240,2011,1266
50241,1900,1759
50241,1910,1648
50241,1920,1765
50241,1930,1799
50241,1940,1716
50241,1950,1628
50241,1960,1616
50241,1970,1427
50241,1981,1253
50241,1991,1056
50241,2001,921
50241,2011,770
50242,1900,311
50242,1910,294
50242,1920,311
50242,1930,338
50242,1940,349
50242,1950,335
50242,1960,241
50242,1970,209
50242,1981,141
50242,1991,105
50242,2001,102
50242,2011,104
50243,1900,1298
50243,1910,1337
50243,1920,1318
50243,1930,1315
50243,1940,1324
50243,1950,1107
50243,1960,926
50243,1970,677
50243,1981,606
50243,1991,559
50243,2001,475
50243,2011,397
50244,1900,651
50244,1910,708
50244,1920,739
50244,1930,800
50244,1940,847
50244,1950,724
50244,1960,594
50244,1970,464
50244,1981,385
50244,1991,332
50244,2001,243
50244,2011,284
50245,1900,1638
50245,1910,1628
50245,1920,1750
50245,1930,1730
50245,1940,1707
50245,1950,1572
50245,1960,696
50245,1970,380
50245,1981,254
50245,1991,196
50245,2001,176
50245,2011,123
50246,1900,457
50246,1910,520
50246,1920,643
50246,1930,663
50246,1940,718
50246,1950,673
50246,1960,520
50246,1970,282
50246,1981,155
50246,1991,106
50246,2001,69
50246,2011,40
50247,1900,421
50247,1910,469
50247,1920,600
50247,1930,698
50247,1940,531
50247,1950,655
50247,1960,684
50247,1970,609
50247,1981,582
50247,1991,598
50247,2001,708
50247,2011,1014
50248,1900,3596
50248,1910,3696
50248,1920,3732
50248,1930,3710
50248,1940,3382
50248,1950,3068
50248,1960,2199
50248,1970,1345
50248,1981,1070
50248,1991,940
50248,2001,738
50248,2011,650
50249,1900,1379
50249,1910,1292
50249,1920,1353
50249,1930,1258
50249,1940,1232
50249,1950,1257
50249,1960,1001
50249,1970,831
50249,1981,621
50249,1991,547
50249,2001,460
50249,2011,384
50250,1900,471
50250,1910,590
50250,1920,529
50250,1930,489
50250,1940,479
50250,1950,412
50250,1960,291
50250,1970,175
50250,1981,81
50250,1991,64
50250,2001,59
50250,2011,57
50251,1900,8939
50251,1910,8855
50251,1920,8646
50251,1930,9802
50251,1940,11343
50251,1950,12329
50251,1960,12020
50251,1970,11486
50251,1981,10993
50251,1991,10557
50251,2001,10580
50251,2011,10959
50252,1900,4530
50252,1910,4787
50252,1920,5762
50252,1930,6488
50252,1940,6344
50252,1950,6565
50252,1960,6667
50252,1970,7196
50252,1981,7240
50252,1991,7035
50252,2001,7043
50252,2011,7343
50253,1900,975
50253,1910,977
50253,1920,1393
50253,1930,1867
50253,1940,1909
50253,1950,1742
50253,1960,1624
50253,1970,1402
50253,1981,923
50253,1991,726
50253,2001,601
50253,2011,474
50254,1900,682
50254,1910,802
50254,1920,1058
50254,1930,1082
50254,1940,969
50254,1950,789
50254,1960,674
50254,1970,420
50254,1981,329
50254,1991,292
50254,2001,244
50254,2011,198
50255,1900,1002
50255,1910,975
50255,1920,964
50255,1930,942
50255,1940,975
50255,1950,843
50255,1960,723
50255,1970,513
50255,1981,393
50255,1991,303
50255,2001,251
50255,2011,232
50256,1900,530
50256,1910,543
50256,1920,624
50256,1930,678
50256,1940,715
50256,1950,711
50256,1960,575
50256,1970,259
50256,1981,151
50256,1991,131
50256,2001,96
50256,2011,90
50257,1900,654
50257,1910,637
50257,1920,594
50257,1930,610
50257,1940,613
50257,1950,573
50257,1960,467
50257,1970,400
50257,1981,296
50257,1991,251
50257,2001,190
50257,2011,207
50258,1900,393
50258,1910,392
50258,1920,416
50258,1930,452
50258,1940,406
50258,1950,437
50258,1960,358
50258,1970,172
50258,1981,99
50258,1991,80
50258,2001,78
50258,2011,56
50259,1900,258
50259,1910,316
50259,1920,365
50259,1930,411
50259,1940,437
50259,1950,342
50259,1960,251
50259,1970,190
50259,1981,151
50259,1991,131
50259,2001,113
50259,2011,81
50260,1900,310
50260,1910,331
50260,1920,348
50260,1930,356
50260,1940,405
50260,1950,383
50260,1960,299
50260,1970,184
50260,1981,92
50260,1991,58
50260,2001,42
50260,2011,41
50261,1900,860
50261,1910,856
50261,1920,1029
50261,1930,982
50261,1940,1020
50261,1950,966
50261,1960,746
50261,1970,564
50261,1981,422
50261,1991,347
50261,2001,313
50261,2011,281
50262,1900,1136
50262,1910,1291
50262,1920,1602
50262,1930,1738
50262,1940,1739
50262,1950,1697
50262,1960,1808
50262,1970,1699
50262,1981,1528
50262,1991,1436
50262,2001,1374
50262,2011,1515
50263,1900,2007
50263,1910,1988
50263,1920,1772
50263,1930,1833
50263,1940,1711
50263,1950,1586
50263,1960,1311
50263,1970,963
50263,1981,616
50263,1991,488
50263,2001,343
50263,2011,278
50264,1900,841
50264,1910,829
50264,1920,940
50264,1930,990
50264,1940,912
50264,1950,908
50264,1960,628
50264,1970,487
50264,1981,327
50264,1991,258
50264,2001,192
50264,2011,228
50265,1900,341
50265,1910,312
50265,1920,319
50265,1930,330
50265,1940,327
50265,1950,305
50265,1960,241
50265,1970,167
50265,1981,105
50265,1991,80
50265,2001,61
50265,2011,75
50266,1900,531
50266,1910,697
50266,1920,723
50266,1930,1017
50266,1940,948
50266,1950,998
50266,1960,801
50266,1970,514
50266,1981,363
50266,1991,297
50266,2001,212
50266,2011,140
50267,1900,2758
50267,1910,3094
50267,1920,3439
50267,1930,3832
50267,1940,3629
50267,1950,3120
50267,1960,2729
50267,1970,1506
50267,1981,999
50267,1991,961
50267,2001,883
50267,2011,732
50268,1900,485
50268,1910,510
50268,1920,502
50268,1930,453
50268,1940,380
50268,1950,272
50268,1960,213
50268,1970,98
50268,1981,51
50268,1991,47
50268,2001,48
50268,2011,76
50269,1900,801
50269,1910,918
50269,1920,939
50269,1930,967
50269,1940,923
50269,1950,938
50269,1960,857
50269,1970,623
50269,1981,428
50269,1991,381
50269,2001,325
50269,2011,399
50270,1900,1111
50270,1910,1004
50270,1920,1073
50270,1930,1049
50270,1940,984
50270,1950,848
50270,1960,442
50270,1970,143
50270,1981,101
50270,1991,78
50270,2001,75
50270,2011,40
50271,1900,1432
50271,1910,1476
50271,1920,1539
50271,1930,1509
50271,1940,1508
50271,1950,1391
50271,1960,1045
50271,1970,677
50271,1981,534
50271,1991,453
50271,2001,364
50271,2011,308
50272,1900,1382
50272,1910,1792
50272,1920,2207
50272,1930,2286
50272,1940,2423
50272,1950,2652
50272,1960,3289
50272,1970,4121
50272,1981,5673
50272,1991,7671
50272,2001,11896
50272,2011,18179
50273,1900,236
50273,1910,194
50273,1920,195
50273,1930,212
50273,1940,208
50273,1950,213
50273,1960,179
50273,1970,165
50273,1981,108
50273,1991,82
50273,2001,61
50273,2011,34
50274,1900,345
50274,1910,367
50274,1920,345
50274,1930,334
50274,1940,352
50274,1950,369
50274,1960,271
50274,1970,118
50274,1981,83
50274,1991,70
50274,2001,84
50274,2011,77
50275,1900,202
50275,1910,245
50275,1920,237
50275,1930,232
50275,1940,219
50275,1950,348
50275,1960,280
50275,1970,127
50275,1981,89
50275,1991,77
50275,2001,74
50275,2011,118
50276,1900,415
50276,1910,436
50276,1920,501
50276,1930,521
50276,1940,564
50276,1950,514
50276,1960,466
50276,1970,334
50276,1981,276
50276,1991,234
50276,2001,176
50276,2011,162
50277,1900,293
50277,1910,334
50277,1920,362
50277,1930,421
50277,1940,442
50277,1950,512
50277,1960,431
50277,1970,275
50277,1981,173
50277,1991,126
50277,2001,88
50277,2011,102
50278,1900,1027
50278,1910,1171
50278,1920,1095
50278,1930,990
50278,1940,983
50278,1950,793
50278,1960,652
50278,1970,482
50278,1981,341
50278,1991,290
50278,2001,261
50278,2011,242
50279,1900,486
50279,1910,579
50279,1920,645
50279,1930,609
50279,1940,627
50279,1950,591
50279,1960,400
50279,1970,292
50279,1981,209
50279,1991,153
50279,2001,118
50279,2011,95
50280,1900,1329
50280,1910,1083
50280,1920,968
50280,1930,1171
50280,1940,1000
50280,1950,1346
50280,1960,1052
50280,1970,775
50280,1981,624
50280,1991,498
50280,2001,448
50280,2011,402
50281,1900,230
50281,1910,244
50281,1920,241
50281,1930,249
50281,1940,254
50281,1950,249
50281,1960,206
50281,1970,167
50281,1981,138
50281,1991,102
50281,2001,103
50281,2011,97
50282,1900,401
50282,1910,447
50282,1920,388
50282,1930,413
50282,1940,421
50282,1950,504
50282,1960,386
50282,1970,245
50282,1981,162
50282,1991,117
50282,2001,92
50282,2011,117
50283,1900,266
50283,1910,305
50283,1920,331
50283,1930,333
50283,1940,349
50283,1950,345
50283,1960,279
50283,1970,194
50283,1981,135
50283,1991,95
50283,2001,85
50283,2011,86
50284,1900,1374
50284,1910,1336
50284,1920,1182
50284,1930,1146
50284,1940,1098
50284,1950,857
50284,1960,734
50284,1970,530
50284,1981,349
50284,1991,259
50284,2001,241
50284,2011,199
50285,1900,663
50285,1910,665
50285,1920,683
50285,1930,699
50285,1940,808
50285,1950,765
50285,1960,726
50285,1970,816
50285,1981,725
50285,1991,670
50285,2001,677
50285,2011,835
50286,1900,266
50286,1910,272
50286,1920,251
50286,1930,263
50286,1940,272
50286,1950,236
50286,1960,191
50286,1970,128
50286,1981,106
50286,1991,104
50286,2001,115
50286,2011,109
50287,1900,1384
50287,1910,1280
50287,1920,1236
50287,1930,1206
50287,1940,1218
50287,1950,1124
50287,1960,1009
50287,1970,750
50287,1981,612
50287,1991,500
50287,2001,414
50287,2011,388
50288,1900,1281
50288,1910,1371
50288,1920,1778
50288,1930,2110
50288,1940,2094
50288,1950,2138
50288,1960,2157
50288,1970,2294
50288,1981,2360
50288,1991,2483
50288,2001,3426
50288,2011,4604
50289,1900,545
50289,1910,438
50289,1920,515
50289,1930,516
50289,1940,529
50289,1950,487
50289,1960,358
50289,1970,242
50289,1981,173
50289,1991,115
50289,2001,91
50289,2011,64
50290,1900,922
50290,1910,1124
50290,1920,1346
50290,1930,1270
50290,1940,1215
50290,1950,1289
50290,1960,1079
50290,1970,993
50290,1981,817
50290,1991,678
50290,2001,588
50290,2011,563
50291,1900,984
50291,1910,1175
50291,1920,1187
50291,1930,1291
50291,1940,1101
50291,1950,1084
50291,1960,894
50291,1970,553
50291,1981,314
50291,1991,199
50291,2001,139
50291,2011,116
50292,1900,469
50292,1910,458
50292,1920,463
50292,1930,523
50292,1940,573
50292,1950,561
50292,1960,415
50292,1970,270
50292,1981,215
50292,1991,214
50292,2001,178
50292,2011,221
50293,1900,2405
50293,1910,2435
50293,1920,2274
50293,1930,2193
50293,1940,2116
50293,1950,1954
50293,1960,1659
50293,1970,1360
50293,1981,1000
50293,1991,816
50293,2001,660
50293,2011,555
50294,1900,229
50294,1910,252
50294,1920,255
50294,1930,294
50294,1940,284
50294,1950,293
50294,1960,280
50294,1970,186
50294,1981,109
50294,1991,76
50294,2001,74
50294,2011,78
50295,1900,495
50295,1910,621
50295,1920,545
50295,1930,547
50295,1940,505
50295,1950,485
50295,1960,344
50295,1970,203
50295,1981,67
50295,1991,34
50295,2001,36
50295,2011,51
50296,1900,446
50296,1910,485
50296,1920,570
50296,1930,578
50296,1940,620
50296,1950,596
50296,1960,569
50296,1970,699
50296,1981,739
50296,1991,653
50296,2001,584
50296,2011,497
50297,1900,98397
50297,1910,109957
50297,1920,138617
50297,1930,160179
50297,1940,202948
50297,1950,241867
50297,1960,301655
50297,1970,467223
50297,1981,569830
50297,1991,592548
50297,2001,612472
50297,2011,678115
50298,1900,2471
50298,1910,2825
50298,1920,3598
50298,1930,3860
50298,1940,4420
50298,1950,4793
50298,1960,5340
50298,1970,5122
50298,1981,5168
50298,1991,5294
50298,2001,5640
50298,2011,7682
50901,1900,1659
50901,1910,1735
50901,1920,1601
50901,1930,1492
50901,1940,1246
50901,1950,1066
50901,1960,864
50901,1970,506
50901,1981,284
50901,1991,226
50901,2001,230
50901,2011,165
50902,1900,154
50902,1910,182
50902,1920,169
50902,1930,227
50902,1940,388
50902,1950,315
50902,1960,302
50902,1970,239
50902,1981,142
50902,1991,94
50902,2001,112
50902,2011,108
50903,1900,1894
50903,1910,1870
50903,1920,1932
50903,1930,2013
50903,1940,2253
50903,1950,2252
50903,1960,2320
50903,1970,2143
50903,1981,2025
50903,1991,1846
50903,2001,2433
50903,2011,2826
