codigo_ine,tramo,anio,poblacion
22001,0-16,2003,31
22001,16-64,2003,160
22001,65-100,2003,93
22001,0-16,2004,33
22001,16-64,2004,167
22001,65-100,2004,88
22001,0-16,2005,29
22001,16-64,2005,166
22001,65-100,2005,82
22001,0-16,2006,29
22001,16-64,2006,178
22001,65-100,2006,81
22001,0-16,2007,30
22001,16-64,2007,182
22001,65-100,2007,80
22001,0-16,2008,26
22001,16-64,2008,181
22001,65-100,2008,81
22001,0-16,2009,26
22001,16-64,2009,182
22001,65-100,2009,78
22001,0-16,2010,26
22001,16-64,2010,180
22001,65-100,2010,75
22001,0-16,2011,25
22001,16-64,2011,177
22001,65-100,2011,78
22001,0-16,2012,23
22001,16-64,2012,174
22001,65-100,2012,80
22001,0-16,2013,28
22001,16-64,2013,168
22001,65-100,2013,83
22001,0-16,2014,20
22001,16-64,2014,168
22001,65-100,2014,79
22001,0-16,2015,15
22001,16-64,2015,158
22001,65-100,2015,80
22001,0-16,2016,17
22001,16-64,2016,151
22001,65-100,2016,79
22001,0-16,2017,17
22001,16-64,2017,153
22001,65-100,2017,76
22001,0-16,2018,17
22001,16-64,2018,146
22001,65-100,2018,74
22001,0-16,2019,22
22001,16-64,2019,151
22001,65-100,2019,75
22001,0-16,2020,28
22001,16-64,2020,154
22001,65-100,2020,76
22001,0-16,2021,26
22001,16-64,2021,168
22001,65-100,2021,77
22001,0-16,2022,30
22001,16-64,2022,174
22001,65-100,2022,74
22002,0-16,2003,11
22002,16-64,2003,90
22002,65-100,2003,31
22002,0-16,2004,9
22002,16-64,2004,94
22002,65-100,2004,28
22002,0-16,2005,7
22002,16-64,2005,92
22002,65-100,2005,29
22002,0-16,2006,8
22002,16-64,2006,94
22002,65-100,2006,34
22002,0-16,2007,8
22002,16-64,2007,92
22002,65-100,2007,33
22002,0-16,2008,8
22002,16-64,2008,90
22002,65-100,2008,32
22002,0-16,2009,10
22002,16-64,2009,80
22002,65-100,2009,36
22002,0-16,2010,10
22002,16-64,2010,85
22002,65-100,2010,37
22002,0-16,2011,8
22002,16-64,2011,93
22002,65-100,2011,38
22002,0-16,2012,8
22002,16-64,2012,91
22002,65-100,2012,37
22002,0-16,2013,11
22002,16-64,2013,96
22002,65-100,2013,36
22002,0-16,2014,11
22002,16-64,2014,92
22002,65-100,2014,37
22002,0-16,2015,9
22002,16-64,2015,96
22002,65-100,2015,37
22002,0-16,2016,12
22002,16-64,2016,89
22002,65-100,2016,41
22002,0-16,2017,14
22002,16-64,2017,100
22002,65-100,2017,42
22002,0-16,2018,12
22002,16-64,2018,98
22002,65-100,2018,41
22002,0-16,2019,14
22002,16-64,2019,97
22002,65-100,2019,39
22002,0-16,2020,13
22002,16-64,2020,90
22002,65-100,2020,36
22002,0-16,2021,14
22002,16-64,2021,91
22002,65-100,2021,38
22002,0-16,2022,19
22002,16-64,2022,92
22002,65-100,2022,40
22003,0-16,2003,15
22003,16-64,2003,82
22003,65-100,2003,58
22003,0-16,2004,16
22003,16-64,2004,89
22003,65-100,2004,58
22003,0-16,2005,15
22003,16-64,2005,91
22003,65-100,2005,56
22003,0-16,2006,17
22003,16-64,2006,94
22003,65-100,2006,58
22003,0-16,2007,17
22003,16-64,2007,99
22003,65-100,2007,53
22003,0-16,2008,14
22003,16-64,2008,95
22003,65-100,2008,54
22003,0-16,2009,12
22003,16-64,2009,102
22003,65-100,2009,54
22003,0-16,2010,10
22003,16-64,2010,105
22003,65-100,2010,51
22003,0-16,2011,15
22003,16-64,2011,111
22003,65-100,2011,50
22003,0-16,2012,17
22003,16-64,2012,111
22003,65-100,2012,54
22003,0-16,2013,19
22003,16-64,2013,107
22003,65-100,2013,50
22003,0-16,2014,21
22003,16-64,2014,100
22003,65-100,2014,51
22003,0-16,2015,24
22003,16-64,2015,99
22003,65-100,2015,50
22003,0-16,2016,24
22003,16-64,2016,91
22003,65-100,2016,51
22003,0-16,2017,26
22003,16-64,2017,98
22003,65-100,2017,48
22003,0-16,2018,24
22003,16-64,2018,100
22003,65-100,2018,48
22003,0-16,2019,31
22003,16-64,2019,103
22003,65-100,2019,43
22003,0-16,2020,27
22003,16-64,2020,110
22003,65-100,2020,43
22003,0-16,2021,27
22003,16-64,2021,115
22003,65-100,2021,48
22003,0-16,2022,33
22003,16-64,2022,121
22003,65-100,2022,50
22004,0-16,2003,12
22004,16-64,2003,85
22004,65-100,2003,77
22004,0-16,2004,10
22004,16-64,2004,78
22004,65-100,2004,74
22004,0-16,2005,10
22004,16-64,2005,82
22004,65-100,2005,73
22004,0-16,2006,10
22004,16-64,2006,84
22004,65-100,2006,72
22004,0-16,2007,12
22004,16-64,2007,83
22004,65-100,2007,66
22004,0-16,2008,12
22004,16-64,2008,87
22004,65-100,2008,62
22004,0-16,2009,11
22004,16-64,2009,93
22004,65-100,2009,62
22004,0-16,2010,10
22004,16-64,2010,92
22004,65-100,2010,62
22004,0-16,2011,7
22004,16-64,2011,89
22004,65-100,2011,64
22004,0-16,2012,7
22004,16-64,2012,85
22004,65-100,2012,67
22004,0-16,2013,5
22004,16-64,2013,84
22004,65-100,2013,61
22004,0-16,2014,4
22004,16-64,2014,84
22004,65-100,2014,62
22004,0-16,2015,3
22004,16-64,2015,86
22004,65-100,2015,56
22004,0-16,2016,1
22004,16-64,2016,86
22004,65-100,2016,54
22004,0-16,2017,4
22004,16-64,2017,82
22004,65-100,2017,53
22004,0-16,2018,4
22004,16-64,2018,74
22004,65-100,2018,52
22004,0-16,2019,3
22004,16-64,2019,72
22004,65-100,2019,54
22004,0-16,2020,3
22004,16-64,2020,67
22004,65-100,2020,55
22004,0-16,2021,5
22004,16-64,2021,79
22004,65-100,2021,55
22004,0-16,2022,9
22004,16-64,2022,81
22004,65-100,2022,55
22006,0-16,2003,35
22006,16-64,2003,293
22006,65-100,2003,83
22006,0-16,2004,35
22006,16-64,2004,294
22006,65-100,2004,86
22006,0-16,2005,37
22006,16-64,2005,291
22006,65-100,2005,83
22006,0-16,2006,43
22006,16-64,2006,287
22006,65-100,2006,85
22006,0-16,2007,40
22006,16-64,2007,283
22006,65-100,2007,85
22006,0-16,2008,39
22006,16-64,2008,278
22006,65-100,2008,85
22006,0-16,2009,40
22006,16-64,2009,273
22006,65-100,2009,81
22006,0-16,2010,33
22006,16-64,2010,252
22006,65-100,2010,77
22006,0-16,2011,36
22006,16-64,2011,266
22006,65-100,2011,77
22006,0-16,2012,37
22006,16-64,2012,256
22006,65-100,2012,74
22006,0-16,2013,34
22006,16-64,2013,253
22006,65-100,2013,77
22006,0-16,2014,32
22006,16-64,2014,251
22006,65-100,2014,80
22006,0-16,2015,32
22006,16-64,2015,246
22006,65-100,2015,80
22006,0-16,2016,31
22006,16-64,2016,235
22006,65-100,2016,79
22006,0-16,2017,33
22006,16-64,2017,223
22006,65-100,2017,75
22006,0-16,2018,29
22006,16-64,2018,213
22006,65-100,2018,79
22006,0-16,2019,32
22006,16-64,2019,209
22006,65-100,2019,79
22006,0-16,2020,27
22006,16-64,2020,208
22006,65-100,2020,78
22006,0-16,2021,28
22006,16-64,2021,223
22006,65-100,2021,85
22006,0-16,2022,22
22006,16-64,2022,233
22006,65-100,2022,84
22007,0-16,2003,144
22007,16-64,2003,854
22007,65-100,2003,288
22007,0-16,2004,132
22007,16-64,2004,798
22007,65-100,2004,292
22007,0-16,2005,128
22007,16-64,2005,775
22007,65-100,2005,286
22007,0-16,2006,120
22007,16-64,2006,749
22007,65-100,2006,284
22007,0-16,2007,135
22007,16-64,2007,710
22007,65-100,2007,286
22007,0-16,2008,134
22007,16-64,2008,760
22007,65-100,2008,285
22007,0-16,2009,139
22007,16-64,2009,784
22007,65-100,2009,282
22007,0-16,2010,138
22007,16-64,2010,812
22007,65-100,2010,287
22007,0-16,2011,134
22007,16-64,2011,839
22007,65-100,2011,286
22007,0-16,2012,139
22007,16-64,2012,826
22007,65-100,2012,286
22007,0-16,2013,156
22007,16-64,2013,808
22007,65-100,2013,285
22007,0-16,2014,153
22007,16-64,2014,765
22007,65-100,2014,283
22007,0-16,2015,143
22007,16-64,2015,732
22007,65-100,2015,276
22007,0-16,2016,154
22007,16-64,2016,726
22007,65-100,2016,267
22007,0-16,2017,149
22007,16-64,2017,705
22007,65-100,2017,266
22007,0-16,2018,140
22007,16-64,2018,698
22007,65-100,2018,264
22007,0-16,2019,148
22007,16-64,2019,701
22007,65-100,2019,254
22007,0-16,2020,146
22007,16-64,2020,699
22007,65-100,2020,254
22007,0-16,2021,147
22007,16-64,2021,721
22007,65-100,2021,257
22007,0-16,2022,143
22007,16-64,2022,720
22007,65-100,2022,262
22008,0-16,2003,13
22008,16-64,2003,129
22008,65-100,2003,101
22008,0-16,2004,14
22008,16-64,2004,141
22008,65-100,2004,98
22008,0-16,2005,19
22008,16-64,2005,150
22008,65-100,2005,96
22008,0-16,2006,18
22008,16-64,2006,143
22008,65-100,2006,94
22008,0-16,2007,20
22008,16-64,2007,151
22008,65-100,2007,94
22008,0-16,2008,19
22008,16-64,2008,136
22008,65-100,2008,93
22008,0-16,2009,15
22008,16-64,2009,127
22008,65-100,2009,92
22008,0-16,2010,17
22008,16-64,2010,136
22008,65-100,2010,90
22008,0-16,2011,15
22008,16-64,2011,133
22008,65-100,2011,89
22008,0-16,2012,15
22008,16-64,2012,121
22008,65-100,2012,88
22008,0-16,2013,16
22008,16-64,2013,106
22008,65-100,2013,87
22008,0-16,2014,19
22008,16-64,2014,101
22008,65-100,2014,87
22008,0-16,2015,16
22008,16-64,2015,102
22008,65-100,2015,87
22008,0-16,2016,15
22008,16-64,2016,96
22008,65-100,2016,85
22008,0-16,2017,13
22008,16-64,2017,91
22008,65-100,2017,83
22008,0-16,2018,14
22008,16-64,2018,87
22008,65-100,2018,80
22008,0-16,2019,14
22008,16-64,2019,85
22008,65-100,2019,77
22008,0-16,2020,11
22008,16-64,2020,83
22008,65-100,2020,69
22008,0-16,2021,17
22008,16-64,2021,106
22008,65-100,2021,65
22008,0-16,2022,19
22008,16-64,2022,117
22008,65-100,2022,68
22009,0-16,2003,71
22009,16-64,2003,513
22009,65-100,2003,327
22009,0-16,2004,71
22009,16-64,2004,504
22009,65-100,2004,302
22009,0-16,2005,73
22009,16-64,2005,497
22009,65-100,2005,307
22009,0-16,2006,77
22009,16-64,2006,506
22009,65-100,2006,309
22009,0-16,2007,80
22009,16-64,2007,489
22009,65-100,2007,306
22009,0-16,2008,83
22009,16-64,2008,493
22009,65-100,2008,294
22009,0-16,2009,77
22009,16-64,2009,493
22009,65-100,2009,291
22009,0-16,2010,85
22009,16-64,2010,473
22009,65-100,2010,289
22009,0-16,2011,86
22009,16-64,2011,465
22009,65-100,2011,288
22009,0-16,2012,88
22009,16-64,2012,444
22009,65-100,2012,278
22009,0-16,2013,87
22009,16-64,2013,432
22009,65-100,2013,275
22009,0-16,2014,81
22009,16-64,2014,409
22009,65-100,2014,272
22009,0-16,2015,82
22009,16-64,2015,397
22009,65-100,2015,271
22009,0-16,2016,81
22009,16-64,2016,394
22009,65-100,2016,260
22009,0-16,2017,79
22009,16-64,2017,388
22009,65-100,2017,261
22009,0-16,2018,81
22009,16-64,2018,379
22009,65-100,2018,261
22009,0-16,2019,78
22009,16-64,2019,366
22009,65-100,2019,254
22009,0-16,2020,86
22009,16-64,2020,377
22009,65-100,2020,245
22009,0-16,2021,82
22009,16-64,2021,366
22009,65-100,2021,238
22009,0-16,2022,76
22009,16-64,2022,375
22009,65-100,2022,243
22011,0-16,2003,16
22011,16-64,2003,58
22011,65-100,2003,34
22011,0-16,2004,21
22011,16-64,2004,61
22011,65-100,2004,32
22011,0-16,2005,20
22011,16-64,2005,72
22011,65-100,2005,30
22011,0-16,2006,21
22011,16-64,2006,67
22011,65-100,2006,37
22011,0-16,2007,19
22011,16-64,2007,66
22011,65-100,2007,35
22011,0-16,2008,18
22011,16-64,2008,65
22011,65-100,2008,34
22011,0-16,2009,22
22011,16-64,2009,67
22011,65-100,2009,34
22011,0-16,2010,26
22011,16-64,2010,74
22011,65-100,2010,32
22011,0-16,2011,26
22011,16-64,2011,77
22011,65-100,2011,31
22011,0-16,2012,26
22011,16-64,2012,78
22011,65-100,2012,30
22011,0-16,2013,23
22011,16-64,2013,72
22011,65-100,2013,28
22011,0-16,2014,19
22011,16-64,2014,76
22011,65-100,2014,30
22011,0-16,2015,19
22011,16-64,2015,76
22011,65-100,2015,29
22011,0-16,2016,18
22011,16-64,2016,69
22011,65-100,2016,27
22011,0-16,2017,16
22011,16-64,2017,71
22011,65-100,2017,27
22011,0-16,2018,14
22011,16-64,2018,66
22011,65-100,2018,25
22011,0-16,2019,15
22011,16-64,2019,71
22011,65-100,2019,31
22011,0-16,2020,12
22011,16-64,2020,73
22011,65-100,2020,35
22011,0-16,2021,13
22011,16-64,2021,72
22011,65-100,2021,33
22011,0-16,2022,14
22011,16-64,2022,72
22011,65-100,2022,31
22012,0-16,2003,1
22012,16-64,2003,59
22012,65-100,2003,37
22012,0-16,2004,2
22012,16-64,2004,55
22012,65-100,2004,36
22012,0-16,2005,3
22012,16-64,2005,60
22012,65-100,2005,33
22012,0-16,2006,8
22012,16-64,2006,71
22012,65-100,2006,32
22012,0-16,2007,7
22012,16-64,2007,68
22012,65-100,2007,32
22012,0-16,2008,11
22012,16-64,2008,70
22012,65-100,2008,31
22012,0-16,2009,9
22012,16-64,2009,61
22012,65-100,2009,33
22012,0-16,2010,7
22012,16-64,2010,57
22012,65-100,2010,32
22012,0-16,2011,12
22012,16-64,2011,66
22012,65-100,2011,31
22012,0-16,2012,14
22012,16-64,2012,70
22012,65-100,2012,30
22012,0-16,2013,18
22012,16-64,2013,74
22012,65-100,2013,29
22012,0-16,2014,20
22012,16-64,2014,73
22012,65-100,2014,29
22012,0-16,2015,25
22012,16-64,2015,83
22012,65-100,2015,30
22012,0-16,2016,22
22012,16-64,2016,85
22012,65-100,2016,30
22012,0-16,2017,21
22012,16-64,2017,88
22012,65-100,2017,29
22012,0-16,2018,22
22012,16-64,2018,89
22012,65-100,2018,30
22012,0-16,2019,21
22012,16-64,2019,81
22012,65-100,2019,33
22012,0-16,2020,16
22012,16-64,2020,83
22012,65-100,2020,33
22012,0-16,2021,19
22012,16-64,2021,85
22012,65-100,2021,33
22012,0-16,2022,19
22012,16-64,2022,81
22012,65-100,2022,34
22013,0-16,2003,45
22013,16-64,2003,215
22013,65-100,2003,101
22013,0-16,2004,42
22013,16-64,2004,227
22013,65-100,2004,101
22013,0-16,2005,37
22013,16-64,2005,234
22013,65-100,2005,99
22013,0-16,2006,32
22013,16-64,2006,231
22013,65-100,2006,94
22013,0-16,2007,31
22013,16-64,2007,230
22013,65-100,2007,92
22013,0-16,2008,32
22013,16-64,2008,229
22013,65-100,2008,97
22013,0-16,2009,30
22013,16-64,2009,229
22013,65-100,2009,99
22013,0-16,2010,25
22013,16-64,2010,236
22013,65-100,2010,94
22013,0-16,2011,25
22013,16-64,2011,234
22013,65-100,2011,96
22013,0-16,2012,24
22013,16-64,2012,226
22013,65-100,2012,98
22013,0-16,2013,19
22013,16-64,2013,223
22013,65-100,2013,97
22013,0-16,2014,16
22013,16-64,2014,216
22013,65-100,2014,95
22013,0-16,2015,15
22013,16-64,2015,202
22013,65-100,2015,97
22013,0-16,2016,17
22013,16-64,2016,200
22013,65-100,2016,98
22013,0-16,2017,16
22013,16-64,2017,192
22013,65-100,2017,102
22013,0-16,2018,18
22013,16-64,2018,188
22013,65-100,2018,103
22013,0-16,2019,17
22013,16-64,2019,181
22013,65-100,2019,103
22013,0-16,2020,17
22013,16-64,2020,171
22013,65-100,2020,102
22013,0-16,2021,23
22013,16-64,2021,183
22013,65-100,2021,100
22013,0-16,2022,24
22013,16-64,2022,180
22013,65-100,2022,101
22014,0-16,2003,10
22014,16-64,2003,158
22014,65-100,2003,116
22014,0-16,2004,10
22014,16-64,2004,162
22014,65-100,2004,120
22014,0-16,2005,11
22014,16-64,2005,157
22014,65-100,2005,114
22014,0-16,2006,11
22014,16-64,2006,159
22014,65-100,2006,112
22014,0-16,2007,11
22014,16-64,2007,155
22014,65-100,2007,110
22014,0-16,2008,15
22014,16-64,2008,164
22014,65-100,2008,106
22014,0-16,2009,14
22014,16-64,2009,163
22014,65-100,2009,105
22014,0-16,2010,15
22014,16-64,2010,156
22014,65-100,2010,107
22014,0-16,2011,12
22014,16-64,2011,153
22014,65-100,2011,110
22014,0-16,2012,14
22014,16-64,2012,158
22014,65-100,2012,113
22014,0-16,2013,15
22014,16-64,2013,151
22014,65-100,2013,111
22014,0-16,2014,15
22014,16-64,2014,148
22014,65-100,2014,114
22014,0-16,2015,12
22014,16-64,2015,150
22014,65-100,2015,111
22014,0-16,2016,11
22014,16-64,2016,151
22014,65-100,2016,104
22014,0-16,2017,13
22014,16-64,2017,152
22014,65-100,2017,102
22014,0-16,2018,8
22014,16-64,2018,138
22014,65-100,2018,100
22014,0-16,2019,6
22014,16-64,2019,142
22014,65-100,2019,100
22014,0-16,2020,9
22014,16-64,2020,129
22014,65-100,2020,101
22014,0-16,2021,7
22014,16-64,2021,124
22014,65-100,2021,99
22014,0-16,2022,6
22014,16-64,2022,125
22014,65-100,2022,99
22015,0-16,2003,24
22015,16-64,2003,217
22015,65-100,2003,114
22015,0-16,2004,27
22015,16-64,2004,220
22015,65-100,2004,116
22015,0-16,2005,28
22015,16-64,2005,222
22015,65-100,2005,114
22015,0-16,2006,26
22015,16-64,2006,212
22015,65-100,2006,110
22015,0-16,2007,30
22015,16-64,2007,229
22015,65-100,2007,108
22015,0-16,2008,35
22015,16-64,2008,288
22015,65-100,2008,102
22015,0-16,2009,33
22015,16-64,2009,293
22015,65-100,2009,103
22015,0-16,2010,26
22015,16-64,2010,362
22015,65-100,2010,103
22015,0-16,2011,20
22015,16-64,2011,292
22015,65-100,2011,99
22015,0-16,2012,25
22015,16-64,2012,244
22015,65-100,2012,99
22015,0-16,2013,20
22015,16-64,2013,230
22015,65-100,2013,104
22015,0-16,2014,16
22015,16-64,2014,222
22015,65-100,2014,111
22015,0-16,2015,13
22015,16-64,2015,216
22015,65-100,2015,113
22015,0-16,2016,12
22015,16-64,2016,213
22015,65-100,2016,115
22015,0-16,2017,12
22015,16-64,2017,206
22015,65-100,2017,114
22015,0-16,2018,13
22015,16-64,2018,195
22015,65-100,2018,117
22015,0-16,2019,15
22015,16-64,2019,184
22015,65-100,2019,119
22015,0-16,2020,9
22015,16-64,2020,171
22015,65-100,2020,118
22015,0-16,2021,23
22015,16-64,2021,189
22015,65-100,2021,125
22015,0-16,2022,32
22015,16-64,2022,212
22015,65-100,2022,130
22016,0-16,2003,64
22016,16-64,2003,448
22016,65-100,2003,356
22016,0-16,2004,61
22016,16-64,2004,438
22016,65-100,2004,350
22016,0-16,2005,63
22016,16-64,2005,441
22016,65-100,2005,342
22016,0-16,2006,64
22016,16-64,2006,432
22016,65-100,2006,331
22016,0-16,2007,65
22016,16-64,2007,423
22016,65-100,2007,333
22016,0-16,2008,64
22016,16-64,2008,410
22016,65-100,2008,322
22016,0-16,2009,72
22016,16-64,2009,402
22016,65-100,2009,319
22016,0-16,2010,72
22016,16-64,2010,401
22016,65-100,2010,309
22016,0-16,2011,66
22016,16-64,2011,388
22016,65-100,2011,308
22016,0-16,2012,71
22016,16-64,2012,375
22016,65-100,2012,300
22016,0-16,2013,52
22016,16-64,2013,379
22016,65-100,2013,293
22016,0-16,2014,54
22016,16-64,2014,362
22016,65-100,2014,291
22016,0-16,2015,55
22016,16-64,2015,346
22016,65-100,2015,296
22016,0-16,2016,54
22016,16-64,2016,334
22016,65-100,2016,290
22016,0-16,2017,54
22016,16-64,2017,329
22016,65-100,2017,288
22016,0-16,2018,50
22016,16-64,2018,315
22016,65-100,2018,287
22016,0-16,2019,49
22016,16-64,2019,306
22016,65-100,2019,276
22016,0-16,2020,50
22016,16-64,2020,307
22016,65-100,2020,266
22016,0-16,2021,51
22016,16-64,2021,314
22016,65-100,2021,262
22016,0-16,2022,51
22016,16-64,2022,310
22016,65-100,2022,262
22017,0-16,2003,161
22017,16-64,2003,753
22017,65-100,2003,316
22017,0-16,2004,165
22017,16-64,2004,757
22017,65-100,2004,323
22017,0-16,2005,166
22017,16-64,2005,761
22017,65-100,2005,325
22017,0-16,2006,162
22017,16-64,2006,700
22017,65-100,2006,321
22017,0-16,2007,153
22017,16-64,2007,694
22017,65-100,2007,321
22017,0-16,2008,157
22017,16-64,2008,733
22017,65-100,2008,314
22017,0-16,2009,149
22017,16-64,2009,722
22017,65-100,2009,315
22017,0-16,2010,135
22017,16-64,2010,726
22017,65-100,2010,303
22017,0-16,2011,138
22017,16-64,2011,702
22017,65-100,2011,297
22017,0-16,2012,138
22017,16-64,2012,709
22017,65-100,2012,294
22017,0-16,2013,141
22017,16-64,2013,692
22017,65-100,2013,292
22017,0-16,2014,139
22017,16-64,2014,708
22017,65-100,2014,289
22017,0-16,2015,138
22017,16-64,2015,705
22017,65-100,2015,282
22017,0-16,2016,141
22017,16-64,2016,731
22017,65-100,2016,286
22017,0-16,2017,132
22017,16-64,2017,693
22017,65-100,2017,279
22017,0-16,2018,138
22017,16-64,2018,740
22017,65-100,2018,282
22017,0-16,2019,144
22017,16-64,2019,739
22017,65-100,2019,272
22017,0-16,2020,143
22017,16-64,2020,754
22017,65-100,2020,280
22017,0-16,2021,156
22017,16-64,2021,756
22017,65-100,2021,288
22017,0-16,2022,146
22017,16-64,2022,730
22017,65-100,2022,284
22018,0-16,2003,36
22018,16-64,2003,259
22018,65-100,2003,153
22018,0-16,2004,33
22018,16-64,2004,251
22018,65-100,2004,155
22018,0-16,2005,31
22018,16-64,2005,253
22018,65-100,2005,153
22018,0-16,2006,39
22018,16-64,2006,249
22018,65-100,2006,153
22018,0-16,2007,37
22018,16-64,2007,253
22018,65-100,2007,156
22018,0-16,2008,40
22018,16-64,2008,251
22018,65-100,2008,155
22018,0-16,2009,43
22018,16-64,2009,245
22018,65-100,2009,152
22018,0-16,2010,47
22018,16-64,2010,234
22018,65-100,2010,152
22018,0-16,2011,45
22018,16-64,2011,239
22018,65-100,2011,155
22018,0-16,2012,39
22018,16-64,2012,238
22018,65-100,2012,147
22018,0-16,2013,38
22018,16-64,2013,229
22018,65-100,2013,149
22018,0-16,2014,36
22018,16-64,2014,220
22018,65-100,2014,145
22018,0-16,2015,34
22018,16-64,2015,214
22018,65-100,2015,151
22018,0-16,2016,35
22018,16-64,2016,215
22018,65-100,2016,135
22018,0-16,2017,34
22018,16-64,2017,212
22018,65-100,2017,131
22018,0-16,2018,27
22018,16-64,2018,203
22018,65-100,2018,133
22018,0-16,2019,28
22018,16-64,2019,198
22018,65-100,2019,134
22018,0-16,2020,28
22018,16-64,2020,199
22018,65-100,2020,135
22018,0-16,2021,26
22018,16-64,2021,216
22018,65-100,2021,130
22018,0-16,2022,32
22018,16-64,2022,229
22018,65-100,2022,138
22019,0-16,2003,29
22019,16-64,2003,148
22019,65-100,2003,43
22019,0-16,2004,25
22019,16-64,2004,159
22019,65-100,2004,43
22019,0-16,2005,26
22019,16-64,2005,160
22019,65-100,2005,42
22019,0-16,2006,26
22019,16-64,2006,161
22019,65-100,2006,41
22019,0-16,2007,24
22019,16-64,2007,161
22019,65-100,2007,39
22019,0-16,2008,22
22019,16-64,2008,162
22019,65-100,2008,40
22019,0-16,2009,21
22019,16-64,2009,166
22019,65-100,2009,41
22019,0-16,2010,20
22019,16-64,2010,160
22019,65-100,2010,43
22019,0-16,2011,18
22019,16-64,2011,156
22019,65-100,2011,48
22019,0-16,2012,15
22019,16-64,2012,149
22019,65-100,2012,47
22019,0-16,2013,18
22019,16-64,2013,148
22019,65-100,2013,47
22019,0-16,2014,19
22019,16-64,2014,143
22019,65-100,2014,51
22019,0-16,2015,17
22019,16-64,2015,139
22019,65-100,2015,53
22019,0-16,2016,17
22019,16-64,2016,133
22019,65-100,2016,55
22019,0-16,2017,15
22019,16-64,2017,125
22019,65-100,2017,60
22019,0-16,2018,19
22019,16-64,2018,119
22019,65-100,2018,63
22019,0-16,2019,17
22019,16-64,2019,120
22019,65-100,2019,62
22019,0-16,2020,17
22019,16-64,2020,117
22019,65-100,2020,66
22019,0-16,2021,17
22019,16-64,2021,126
22019,65-100,2021,65
22019,0-16,2022,20
22019,16-64,2022,127
22019,65-100,2022,66
22020,0-16,2003,12
22020,16-64,2003,63
22020,65-100,2003,32
22020,0-16,2004,13
22020,16-64,2004,68
22020,65-100,2004,32
22020,0-16,2005,15
22020,16-64,2005,75
22020,65-100,2005,30
22020,0-16,2006,13
22020,16-64,2006,69
22020,65-100,2006,30
22020,0-16,2007,13
22020,16-64,2007,72
22020,65-100,2007,35
22020,0-16,2008,11
22020,16-64,2008,78
22020,65-100,2008,36
22020,0-16,2009,12
22020,16-64,2009,88
22020,65-100,2009,35
22020,0-16,2010,10
22020,16-64,2010,75
22020,65-100,2010,40
22020,0-16,2011,10
22020,16-64,2011,78
22020,65-100,2011,42
22020,0-16,2012,10
22020,16-64,2012,79
22020,65-100,2012,46
22020,0-16,2013,12
22020,16-64,2013,79
22020,65-100,2013,49
22020,0-16,2014,12
22020,16-64,2014,77
22020,65-100,2014,47
22020,0-16,2015,10
22020,16-64,2015,73
22020,65-100,2015,45
22020,0-16,2016,12
22020,16-64,2016,71
22020,65-100,2016,48
22020,0-16,2017,13
22020,16-64,2017,76
22020,65-100,2017,46
22020,0-16,2018,10
22020,16-64,2018,72
22020,65-100,2018,45
22020,0-16,2019,10
22020,16-64,2019,76
22020,65-100,2019,44
22020,0-16,2020,8
22020,16-64,2020,79
22020,65-100,2020,43
22020,0-16,2021,9
22020,16-64,2021,78
22020,65-100,2021,46
22020,0-16,2022,8
22020,16-64,2022,71
22020,65-100,2022,45
22021,0-16,2003,232
22021,16-64,2003,1390
22021,65-100,2003,683
22021,0-16,2004,250
22021,16-64,2004,1436
22021,65-100,2004,691
22021,0-16,2005,265
22021,16-64,2005,1448
22021,65-100,2005,682
22021,0-16,2006,273
22021,16-64,2006,1427
22021,65-100,2006,681
22021,0-16,2007,279
22021,16-64,2007,1444
22021,65-100,2007,666
22021,0-16,2008,290
22021,16-64,2008,1499
22021,65-100,2008,660
22021,0-16,2009,327
22021,16-64,2009,1552
22021,65-100,2009,673
22021,0-16,2010,313
22021,16-64,2010,1557
22021,65-100,2010,684
22021,0-16,2011,334
22021,16-64,2011,1532
22021,65-100,2011,694
22021,0-16,2012,324
22021,16-64,2012,1503
22021,65-100,2012,692
22021,0-16,2013,337
22021,16-64,2013,1496
22021,65-100,2013,681
22021,0-16,2014,360
22021,16-64,2014,1479
22021,65-100,2014,680
22021,0-16,2015,371
22021,16-64,2015,1456
22021,65-100,2015,674
22021,0-16,2016,368
22021,16-64,2016,1439
22021,65-100,2016,665
22021,0-16,2017,366
22021,16-64,2017,1428
22021,65-100,2017,650
22021,0-16,2018,359
22021,16-64,2018,1392
22021,65-100,2018,643
22021,0-16,2019,367
22021,16-64,2019,1381
22021,65-100,2019,631
22021,0-16,2020,361
22021,16-64,2020,1384
22021,65-100,2020,632
22021,0-16,2021,355
22021,16-64,2021,1442
22021,65-100,2021,615
22021,0-16,2022,348
22021,16-64,2022,1439
22021,65-100,2022,607
22022,0-16,2003,70
22022,16-64,2003,375
22022,65-100,2003,226
22022,0-16,2004,70
22022,16-64,2004,372
22022,65-100,2004,218
22022,0-16,2005,66
22022,16-64,2005,373
22022,65-100,2005,211
22022,0-16,2006,70
22022,16-64,2006,376
22022,65-100,2006,204
22022,0-16,2007,67
22022,16-64,2007,382
22022,65-100,2007,209
22022,0-16,2008,64
22022,16-64,2008,395
22022,65-100,2008,208
22022,0-16,2009,69
22022,16-64,2009,393
22022,65-100,2009,192
22022,0-16,2010,64
22022,16-64,2010,410
22022,65-100,2010,190
22022,0-16,2011,60
22022,16-64,2011,423
22022,65-100,2011,178
22022,0-16,2012,59
22022,16-64,2012,430
22022,65-100,2012,175
22022,0-16,2013,70
22022,16-64,2013,427
22022,65-100,2013,166
22022,0-16,2014,80
22022,16-64,2014,430
22022,65-100,2014,171
22022,0-16,2015,81
22022,16-64,2015,423
22022,65-100,2015,175
22022,0-16,2016,85
22022,16-64,2016,413
22022,65-100,2016,174
22022,0-16,2017,85
22022,16-64,2017,406
22022,65-100,2017,174
22022,0-16,2018,86
22022,16-64,2018,391
22022,65-100,2018,177
22022,0-16,2019,86
22022,16-64,2019,391
22022,65-100,2019,181
22022,0-16,2020,83
22022,16-64,2020,397
22022,65-100,2020,186
22022,0-16,2021,89
22022,16-64,2021,417
22022,65-100,2021,183
22022,0-16,2022,85
22022,16-64,2022,439
22022,65-100,2022,183
22023,0-16,2003,45
22023,16-64,2003,393
22023,65-100,2003,133
22023,0-16,2004,50
22023,16-64,2004,390
22023,65-100,2004,131
22023,0-16,2005,48
22023,16-64,2005,392
22023,65-100,2005,130
22023,0-16,2006,50
22023,16-64,2006,380
22023,65-100,2006,129
22023,0-16,2007,48
22023,16-64,2007,385
22023,65-100,2007,134
22023,0-16,2008,47
22023,16-64,2008,385
22023,65-100,2008,130
22023,0-16,2009,54
22023,16-64,2009,386
22023,65-100,2009,127
22023,0-16,2010,51
22023,16-64,2010,377
22023,65-100,2010,131
22023,0-16,2011,52
22023,16-64,2011,366
22023,65-100,2011,132
22023,0-16,2012,60
22023,16-64,2012,366
22023,65-100,2012,138
22023,0-16,2013,62
22023,16-64,2013,335
22023,65-100,2013,141
22023,0-16,2014,63
22023,16-64,2014,324
22023,65-100,2014,141
22023,0-16,2015,61
22023,16-64,2015,311
22023,65-100,2015,150
22023,0-16,2016,55
22023,16-64,2016,298
22023,65-100,2016,148
22023,0-16,2017,59
22023,16-64,2017,283
22023,65-100,2017,144
22023,0-16,2018,54
22023,16-64,2018,271
22023,65-100,2018,146
22023,0-16,2019,50
22023,16-64,2019,259
22023,65-100,2019,151
22023,0-16,2020,48
22023,16-64,2020,258
22023,65-100,2020,151
22023,0-16,2021,50
22023,16-64,2021,260
22023,65-100,2021,144
22023,0-16,2022,49
22023,16-64,2022,259
22023,65-100,2022,145
22024,0-16,2003,33
22024,16-64,2003,186
22024,65-100,2003,96
22024,0-16,2004,30
22024,16-64,2004,185
22024,65-100,2004,94
22024,0-16,2005,26
22024,16-64,2005,192
22024,65-100,2005,94
22024,0-16,2006,23
22024,16-64,2006,197
22024,65-100,2006,93
22024,0-16,2007,24
22024,16-64,2007,198
22024,65-100,2007,90
22024,0-16,2008,18
22024,16-64,2008,213
22024,65-100,2008,90
22024,0-16,2009,20
22024,16-64,2009,217
22024,65-100,2009,84
22024,0-16,2010,21
22024,16-64,2010,207
22024,65-100,2010,85
22024,0-16,2011,21
22024,16-64,2011,201
22024,65-100,2011,80
22024,0-16,2012,19
22024,16-64,2012,201
22024,65-100,2012,81
22024,0-16,2013,23
22024,16-64,2013,193
22024,65-100,2013,82
22024,0-16,2014,23
22024,16-64,2014,189
22024,65-100,2014,85
22024,0-16,2015,23
22024,16-64,2015,188
22024,65-100,2015,86
22024,0-16,2016,22
22024,16-64,2016,189
22024,65-100,2016,88
22024,0-16,2017,20
22024,16-64,2017,201
22024,65-100,2017,83
22024,0-16,2018,19
22024,16-64,2018,191
22024,65-100,2018,86
22024,0-16,2019,25
22024,16-64,2019,193
22024,65-100,2019,85
22024,0-16,2020,32
22024,16-64,2020,194
22024,65-100,2020,86
22024,0-16,2021,37
22024,16-64,2021,217
22024,65-100,2021,84
22024,0-16,2022,43
22024,16-64,2022,225
22024,65-100,2022,86
22025,0-16,2003,164
22025,16-64,2003,901
22025,65-100,2003,399
22025,0-16,2004,160
22025,16-64,2004,892
22025,65-100,2004,395
22025,0-16,2005,173
22025,16-64,2005,910
22025,65-100,2005,379
22025,0-16,2006,182
22025,16-64,2006,902
22025,65-100,2006,385
22025,0-16,2007,180
22025,16-64,2007,894
22025,65-100,2007,383
22025,0-16,2008,178
22025,16-64,2008,933
22025,65-100,2008,380
22025,0-16,2009,189
22025,16-64,2009,946
22025,65-100,2009,383
22025,0-16,2010,178
22025,16-64,2010,940
22025,65-100,2010,388
22025,0-16,2011,185
22025,16-64,2011,924
22025,65-100,2011,383
22025,0-16,2012,187
22025,16-64,2012,920
22025,65-100,2012,387
22025,0-16,2013,174
22025,16-64,2013,890
22025,65-100,2013,383
22025,0-16,2014,195
22025,16-64,2014,899
22025,65-100,2014,383
22025,0-16,2015,203
22025,16-64,2015,882
22025,65-100,2015,384
22025,0-16,2016,204
22025,16-64,2016,882
22025,65-100,2016,380
22025,0-16,2017,190
22025,16-64,2017,853
22025,65-100,2017,377
22025,0-16,2018,200
22025,16-64,2018,838
22025,65-100,2018,371
22025,0-16,2019,198
22025,16-64,2019,856
22025,65-100,2019,363
22025,0-16,2020,197
22025,16-64,2020,863
22025,65-100,2020,360
22025,0-16,2021,191
22025,16-64,2021,896
22025,65-100,2021,354
22025,0-16,2022,181
22025,16-64,2022,890
22025,65-100,2022,345
22027,0-16,2003,47
22027,16-64,2003,226
22027,65-100,2003,154
22027,0-16,2004,38
22027,16-64,2004,234
22027,65-100,2004,151
22027,0-16,2005,38
22027,16-64,2005,233
22027,65-100,2005,146
22027,0-16,2006,36
22027,16-64,2006,238
22027,65-100,2006,149
22027,0-16,2007,40
22027,16-64,2007,237
22027,65-100,2007,145
22027,0-16,2008,43
22027,16-64,2008,226
22027,65-100,2008,154
22027,0-16,2009,44
22027,16-64,2009,228
22027,65-100,2009,159
22027,0-16,2010,44
22027,16-64,2010,232
22027,65-100,2010,153
22027,0-16,2011,48
22027,16-64,2011,242
22027,65-100,2011,149
22027,0-16,2012,39
22027,16-64,2012,238
22027,65-100,2012,142
22027,0-16,2013,37
22027,16-64,2013,238
22027,65-100,2013,144
22027,0-16,2014,40
22027,16-64,2014,229
22027,65-100,2014,135
22027,0-16,2015,34
22027,16-64,2015,216
22027,65-100,2015,141
22027,0-16,2016,36
22027,16-64,2016,219
22027,65-100,2016,135
22027,0-16,2017,28
22027,16-64,2017,204
22027,65-100,2017,128
22027,0-16,2018,28
22027,16-64,2018,207
22027,65-100,2018,132
22027,0-16,2019,22
22027,16-64,2019,207
22027,65-100,2019,125
22027,0-16,2020,19
22027,16-64,2020,215
22027,65-100,2020,119
22027,0-16,2021,19
22027,16-64,2021,229
22027,65-100,2021,122
22027,0-16,2022,22
22027,16-64,2022,228
22027,65-100,2022,118
22028,0-16,2003,56
22028,16-64,2003,316
22028,65-100,2003,157
22028,0-16,2004,53
22028,16-64,2004,315
22028,65-100,2004,155
22028,0-16,2005,53
22028,16-64,2005,320
22028,65-100,2005,152
22028,0-16,2006,46
22028,16-64,2006,311
22028,65-100,2006,152
22028,0-16,2007,42
22028,16-64,2007,303
22028,65-100,2007,155
22028,0-16,2008,45
22028,16-64,2008,291
22028,65-100,2008,160
22028,0-16,2009,44
22028,16-64,2009,289
22028,65-100,2009,164
22028,0-16,2010,51
22028,16-64,2010,284
22028,65-100,2010,156
22028,0-16,2011,44
22028,16-64,2011,276
22028,65-100,2011,155
22028,0-16,2012,39
22028,16-64,2012,270
22028,65-100,2012,158
22028,0-16,2013,39
22028,16-64,2013,256
22028,65-100,2013,152
22028,0-16,2014,41
22028,16-64,2014,245
22028,65-100,2014,150
22028,0-16,2015,37
22028,16-64,2015,244
22028,65-100,2015,145
22028,0-16,2016,33
22028,16-64,2016,234
22028,65-100,2016,145
22028,0-16,2017,39
22028,16-64,2017,227
22028,65-100,2017,145
22028,0-16,2018,36
22028,16-64,2018,234
22028,65-100,2018,161
22028,0-16,2019,32
22028,16-64,2019,219
22028,65-100,2019,154
22028,0-16,2020,32
22028,16-64,2020,211
22028,65-100,2020,143
22028,0-16,2021,34
22028,16-64,2021,220
22028,65-100,2021,143
22028,0-16,2022,37
22028,16-64,2022,228
22028,65-100,2022,141
22029,0-16,2003,12
22029,16-64,2003,96
22029,65-100,2003,48
22029,0-16,2004,9
22029,16-64,2004,105
22029,65-100,2004,49
22029,0-16,2005,9
22029,16-64,2005,107
22029,65-100,2005,47
22029,0-16,2006,13
22029,16-64,2006,105
22029,65-100,2006,47
22029,0-16,2007,16
22029,16-64,2007,102
22029,65-100,2007,46
22029,0-16,2008,14
22029,16-64,2008,105
22029,65-100,2008,46
22029,0-16,2009,12
22029,16-64,2009,98
22029,65-100,2009,46
22029,0-16,2010,7
22029,16-64,2010,99
22029,65-100,2010,44
22029,0-16,2011,7
22029,16-64,2011,92
22029,65-100,2011,47
22029,0-16,2012,9
22029,16-64,2012,90
22029,65-100,2012,49
22029,0-16,2013,15
22029,16-64,2013,91
22029,65-100,2013,50
22029,0-16,2014,16
22029,16-64,2014,87
22029,65-100,2014,50
22029,0-16,2015,19
22029,16-64,2015,89
22029,65-100,2015,51
22029,0-16,2016,20
22029,16-64,2016,84
22029,65-100,2016,51
22029,0-16,2017,18
22029,16-64,2017,84
22029,65-100,2017,52
22029,0-16,2018,18
22029,16-64,2018,79
22029,65-100,2018,52
22029,0-16,2019,15
22029,16-64,2019,76
22029,65-100,2019,49
22029,0-16,2020,16
22029,16-64,2020,69
22029,65-100,2020,50
22029,0-16,2021,19
22029,16-64,2021,70
22029,65-100,2021,48
22029,0-16,2022,16
22029,16-64,2022,71
22029,65-100,2022,49
22032,0-16,2003,7
22032,16-64,2003,89
22032,65-100,2003,46
22032,0-16,2004,6
22032,16-64,2004,93
22032,65-100,2004,44
22032,0-16,2005,5
22032,16-64,2005,99
22032,65-100,2005,46
22032,0-16,2006,5
22032,16-64,2006,91
22032,65-100,2006,41
22032,0-16,2007,9
22032,16-64,2007,87
22032,65-100,2007,40
22032,0-16,2008,8
22032,16-64,2008,83
22032,65-100,2008,37
22032,0-16,2009,13
22032,16-64,2009,78
22032,65-100,2009,41
22032,0-16,2010,12
22032,16-64,2010,74
22032,65-100,2010,42
22032,0-16,2011,12
22032,16-64,2011,79
22032,65-100,2011,42
22032,0-16,2012,9
22032,16-64,2012,74
22032,65-100,2012,45
22032,0-16,2013,10
22032,16-64,2013,77
22032,65-100,2013,41
22032,0-16,2014,10
22032,16-64,2014,71
22032,65-100,2014,42
22032,0-16,2015,11
22032,16-64,2015,70
22032,65-100,2015,38
22032,0-16,2016,7
22032,16-64,2016,70
22032,65-100,2016,38
22032,0-16,2017,9
22032,16-64,2017,69
22032,65-100,2017,36
22032,0-16,2018,9
22032,16-64,2018,72
22032,65-100,2018,35
22032,0-16,2019,11
22032,16-64,2019,71
22032,65-100,2019,33
22032,0-16,2020,9
22032,16-64,2020,68
22032,65-100,2020,34
22032,0-16,2021,9
22032,16-64,2021,71
22032,65-100,2021,36
22032,0-16,2022,8
22032,16-64,2022,72
22032,65-100,2022,37
22035,0-16,2003,40
22035,16-64,2003,200
22035,65-100,2003,130
22035,0-16,2004,37
22035,16-64,2004,200
22035,65-100,2004,127
22035,0-16,2005,41
22035,16-64,2005,188
22035,65-100,2005,124
22035,0-16,2006,41
22035,16-64,2006,174
22035,65-100,2006,122
22035,0-16,2007,40
22035,16-64,2007,166
22035,65-100,2007,116
22035,0-16,2008,41
22035,16-64,2008,164
22035,65-100,2008,117
22035,0-16,2009,40
22035,16-64,2009,167
22035,65-100,2009,113
22035,0-16,2010,40
22035,16-64,2010,206
22035,65-100,2010,117
22035,0-16,2011,34
22035,16-64,2011,210
22035,65-100,2011,115
22035,0-16,2012,34
22035,16-64,2012,216
22035,65-100,2012,112
22035,0-16,2013,29
22035,16-64,2013,194
22035,65-100,2013,103
22035,0-16,2014,23
22035,16-64,2014,191
22035,65-100,2014,100
22035,0-16,2015,25
22035,16-64,2015,203
22035,65-100,2015,100
22035,0-16,2016,22
22035,16-64,2016,201
22035,65-100,2016,98
22035,0-16,2017,20
22035,16-64,2017,206
22035,65-100,2017,94
22035,0-16,2018,18
22035,16-64,2018,212
22035,65-100,2018,88
22035,0-16,2019,18
22035,16-64,2019,203
22035,65-100,2019,92
22035,0-16,2020,24
22035,16-64,2020,190
22035,65-100,2020,94
22035,0-16,2021,29
22035,16-64,2021,187
22035,65-100,2021,102
22035,0-16,2022,28
22035,16-64,2022,193
22035,65-100,2022,97
22036,0-16,2003,19
22036,16-64,2003,66
22036,65-100,2003,46
22036,0-16,2004,19
22036,16-64,2004,65
22036,65-100,2004,43
22036,0-16,2005,18
22036,16-64,2005,74
22036,65-100,2005,43
22036,0-16,2006,14
22036,16-64,2006,73
22036,65-100,2006,43
22036,0-16,2007,14
22036,16-64,2007,78
22036,65-100,2007,43
22036,0-16,2008,14
22036,16-64,2008,74
22036,65-100,2008,44
22036,0-16,2009,12
22036,16-64,2009,71
22036,65-100,2009,42
22036,0-16,2010,12
22036,16-64,2010,67
22036,65-100,2010,40
22036,0-16,2011,11
22036,16-64,2011,69
22036,65-100,2011,38
22036,0-16,2012,7
22036,16-64,2012,64
22036,65-100,2012,39
22036,0-16,2013,9
22036,16-64,2013,62
22036,65-100,2013,41
22036,0-16,2014,7
22036,16-64,2014,55
22036,65-100,2014,45
22036,0-16,2015,10
22036,16-64,2015,51
22036,65-100,2015,44
22036,0-16,2016,9
22036,16-64,2016,49
22036,65-100,2016,43
22036,0-16,2017,7
22036,16-64,2017,47
22036,65-100,2017,46
22036,0-16,2018,7
22036,16-64,2018,44
22036,65-100,2018,45
22036,0-16,2019,7
22036,16-64,2019,43
22036,65-100,2019,45
22036,0-16,2020,10
22036,16-64,2020,45
22036,65-100,2020,40
22036,0-16,2021,14
22036,16-64,2021,60
22036,65-100,2021,40
22036,0-16,2022,17
22036,16-64,2022,66
22036,65-100,2022,43
22037,0-16,2003,2
22037,16-64,2003,40
22037,65-100,2003,19
22037,0-16,2004,2
22037,16-64,2004,40
22037,65-100,2004,19
22037,0-16,2005,3
22037,16-64,2005,56
22037,65-100,2005,21
22037,0-16,2006,3
22037,16-64,2006,58
22037,65-100,2006,21
22037,0-16,2007,3
22037,16-64,2007,74
22037,65-100,2007,20
22037,0-16,2008,4
22037,16-64,2008,80
22037,65-100,2008,21
22037,0-16,2009,3
22037,16-64,2009,86
22037,65-100,2009,22
22037,0-16,2010,4
22037,16-64,2010,90
22037,65-100,2010,24
22037,0-16,2011,6
22037,16-64,2011,91
22037,65-100,2011,20
22037,0-16,2012,8
22037,16-64,2012,96
22037,65-100,2012,21
22037,0-16,2013,8
22037,16-64,2013,98
22037,65-100,2013,23
22037,0-16,2014,7
22037,16-64,2014,94
22037,65-100,2014,24
22037,0-16,2015,7
22037,16-64,2015,94
22037,65-100,2015,25
22037,0-16,2016,8
22037,16-64,2016,89
22037,65-100,2016,25
22037,0-16,2017,9
22037,16-64,2017,90
22037,65-100,2017,23
22037,0-16,2018,13
22037,16-64,2018,91
22037,65-100,2018,25
22037,0-16,2019,12
22037,16-64,2019,87
22037,65-100,2019,28
22037,0-16,2020,10
22037,16-64,2020,88
22037,65-100,2020,27
22037,0-16,2021,17
22037,16-64,2021,111
22037,65-100,2021,25
22037,0-16,2022,18
22037,16-64,2022,110
22037,65-100,2022,25
22039,0-16,2003,90
22039,16-64,2003,600
22039,65-100,2003,391
22039,0-16,2004,94
22039,16-64,2004,616
22039,65-100,2004,382
22039,0-16,2005,89
22039,16-64,2005,632
22039,65-100,2005,376
22039,0-16,2006,113
22039,16-64,2006,636
22039,65-100,2006,363
22039,0-16,2007,118
22039,16-64,2007,638
22039,65-100,2007,355
22039,0-16,2008,130
22039,16-64,2008,653
22039,65-100,2008,343
22039,0-16,2009,133
22039,16-64,2009,645
22039,65-100,2009,347
22039,0-16,2010,142
22039,16-64,2010,633
22039,65-100,2010,344
22039,0-16,2011,144
22039,16-64,2011,630
22039,65-100,2011,351
22039,0-16,2012,146
22039,16-64,2012,629
22039,65-100,2012,342
22039,0-16,2013,148
22039,16-64,2013,619
22039,65-100,2013,344
22039,0-16,2014,150
22039,16-64,2014,608
22039,65-100,2014,339
22039,0-16,2015,163
22039,16-64,2015,617
22039,65-100,2015,336
22039,0-16,2016,165
22039,16-64,2016,607
22039,65-100,2016,328
22039,0-16,2017,159
22039,16-64,2017,579
22039,65-100,2017,333
22039,0-16,2018,154
22039,16-64,2018,568
22039,65-100,2018,319
22039,0-16,2019,145
22039,16-64,2019,552
22039,65-100,2019,312
22039,0-16,2020,138
22039,16-64,2020,563
22039,65-100,2020,316
22039,0-16,2021,122
22039,16-64,2021,599
22039,65-100,2021,307
22039,0-16,2022,117
22039,16-64,2022,625
22039,65-100,2022,317
22040,0-16,2003,12
22040,16-64,2003,87
22040,65-100,2003,74
22040,0-16,2004,14
22040,16-64,2004,92
22040,65-100,2004,73
22040,0-16,2005,16
22040,16-64,2005,93
22040,65-100,2005,71
22040,0-16,2006,14
22040,16-64,2006,92
22040,65-100,2006,67
22040,0-16,2007,18
22040,16-64,2007,96
22040,65-100,2007,64
22040,0-16,2008,18
22040,16-64,2008,104
22040,65-100,2008,65
22040,0-16,2009,20
22040,16-64,2009,109
22040,65-100,2009,65
22040,0-16,2010,17
22040,16-64,2010,96
22040,65-100,2010,61
22040,0-16,2011,20
22040,16-64,2011,99
22040,65-100,2011,62
22040,0-16,2012,19
22040,16-64,2012,94
22040,65-100,2012,61
22040,0-16,2013,19
22040,16-64,2013,103
22040,65-100,2013,59
22040,0-16,2014,23
22040,16-64,2014,103
22040,65-100,2014,58
22040,0-16,2015,21
22040,16-64,2015,95
22040,65-100,2015,57
22040,0-16,2016,20
22040,16-64,2016,92
22040,65-100,2016,56
22040,0-16,2017,21
22040,16-64,2017,90
22040,65-100,2017,62
22040,0-16,2018,21
22040,16-64,2018,93
22040,65-100,2018,62
22040,0-16,2019,18
22040,16-64,2019,88
22040,65-100,2019,62
22040,0-16,2020,18
22040,16-64,2020,92
22040,65-100,2020,60
22040,0-16,2021,18
22040,16-64,2021,98
22040,65-100,2021,61
22040,0-16,2022,18
22040,16-64,2022,93
22040,65-100,2022,63
22041,0-16,2003,23
22041,16-64,2003,118
22041,65-100,2003,66
22041,0-16,2004,23
22041,16-64,2004,114
22041,65-100,2004,63
22041,0-16,2005,21
22041,16-64,2005,113
22041,65-100,2005,63
22041,0-16,2006,17
22041,16-64,2006,113
22041,65-100,2006,61
22041,0-16,2007,17
22041,16-64,2007,113
22041,65-100,2007,63
22041,0-16,2008,22
22041,16-64,2008,114
22041,65-100,2008,64
22041,0-16,2009,21
22041,16-64,2009,118
22041,65-100,2009,64
22041,0-16,2010,20
22041,16-64,2010,114
22041,65-100,2010,66
22041,0-16,2011,19
22041,16-64,2011,114
22041,65-100,2011,67
22041,0-16,2012,16
22041,16-64,2012,113
22041,65-100,2012,71
22041,0-16,2013,19
22041,16-64,2013,111
22041,65-100,2013,67
22041,0-16,2014,19
22041,16-64,2014,110
22041,65-100,2014,64
22041,0-16,2015,16
22041,16-64,2015,108
22041,65-100,2015,65
22041,0-16,2016,14
22041,16-64,2016,110
22041,65-100,2016,63
22041,0-16,2017,15
22041,16-64,2017,106
22041,65-100,2017,59
22041,0-16,2018,14
22041,16-64,2018,103
22041,65-100,2018,57
22041,0-16,2019,14
22041,16-64,2019,100
22041,65-100,2019,57
22041,0-16,2020,13
22041,16-64,2020,89
22041,65-100,2020,55
22041,0-16,2021,13
22041,16-64,2021,93
22041,65-100,2021,56
22041,0-16,2022,13
22041,16-64,2022,91
22041,65-100,2022,56
22042,0-16,2003,9
22042,16-64,2003,80
22042,65-100,2003,68
22042,0-16,2004,12
22042,16-64,2004,80
22042,65-100,2004,62
22042,0-16,2005,12
22042,16-64,2005,77
22042,65-100,2005,61
22042,0-16,2006,10
22042,16-64,2006,72
22042,65-100,2006,62
22042,0-16,2007,8
22042,16-64,2007,72
22042,65-100,2007,62
22042,0-16,2008,12
22042,16-64,2008,70
22042,65-100,2008,61
22042,0-16,2009,11
22042,16-64,2009,67
22042,65-100,2009,58
22042,0-16,2010,12
22042,16-64,2010,66
22042,65-100,2010,57
22042,0-16,2011,13
22042,16-64,2011,66
22042,65-100,2011,54
22042,0-16,2012,13
22042,16-64,2012,68
22042,65-100,2012,52
22042,0-16,2013,11
22042,16-64,2013,74
22042,65-100,2013,48
22042,0-16,2014,15
22042,16-64,2014,74
22042,65-100,2014,48
22042,0-16,2015,17
22042,16-64,2015,74
22042,65-100,2015,50
22042,0-16,2016,16
22042,16-64,2016,72
22042,65-100,2016,49
22042,0-16,2017,16
22042,16-64,2017,79
22042,65-100,2017,48
22042,0-16,2018,19
22042,16-64,2018,85
22042,65-100,2018,49
22042,0-16,2019,16
22042,16-64,2019,77
22042,65-100,2019,50
22042,0-16,2020,16
22042,16-64,2020,75
22042,65-100,2020,47
22042,0-16,2021,20
22042,16-64,2021,84
22042,65-100,2021,44
22042,0-16,2022,21
22042,16-64,2022,84
22042,65-100,2022,43
22043,0-16,2003,6
22043,16-64,2003,75
22043,65-100,2003,54
22043,0-16,2004,5
22043,16-64,2004,75
22043,65-100,2004,54
22043,0-16,2005,5
22043,16-64,2005,78
22043,65-100,2005,45
22043,0-16,2006,5
22043,16-64,2006,77
22043,65-100,2006,43
22043,0-16,2007,4
22043,16-64,2007,80
22043,65-100,2007,45
22043,0-16,2008,4
22043,16-64,2008,74
22043,65-100,2008,46
22043,0-16,2009,2
22043,16-64,2009,71
22043,65-100,2009,46
22043,0-16,2010,2
22043,16-64,2010,70
22043,65-100,2010,48
22043,0-16,2011,3
22043,16-64,2011,65
22043,65-100,2011,46
22043,0-16,2012,7
22043,16-64,2012,69
22043,65-100,2012,47
22043,0-16,2013,3
22043,16-64,2013,60
22043,65-100,2013,46
22043,0-16,2014,8
22043,16-64,2014,61
22043,65-100,2014,44
22043,0-16,2015,9
22043,16-64,2015,56
22043,65-100,2015,41
22043,0-16,2016,8
22043,16-64,2016,58
22043,65-100,2016,39
22043,0-16,2017,9
22043,16-64,2017,57
22043,65-100,2017,37
22043,0-16,2018,8
22043,16-64,2018,55
22043,65-100,2018,41
22043,0-16,2019,9
22043,16-64,2019,49
22043,65-100,2019,46
22043,0-16,2020,5
22043,16-64,2020,46
22043,65-100,2020,46
22043,0-16,2021,5
22043,16-64,2021,45
22043,65-100,2021,44
22043,0-16,2022,6
22043,16-64,2022,42
22043,65-100,2022,42
22044,0-16,2003,19
22044,16-64,2003,160
22044,65-100,2003,89
22044,0-16,2004,16
22044,16-64,2004,151
22044,65-100,2004,89
22044,0-16,2005,14
22044,16-64,2005,147
22044,65-100,2005,85
22044,0-16,2006,12
22044,16-64,2006,142
22044,65-100,2006,86
22044,0-16,2007,11
22044,16-64,2007,140
22044,65-100,2007,78
22044,0-16,2008,8
22044,16-64,2008,137
22044,65-100,2008,74
22044,0-16,2009,11
22044,16-64,2009,156
22044,65-100,2009,76
22044,0-16,2010,20
22044,16-64,2010,189
22044,65-100,2010,87
22044,0-16,2011,17
22044,16-64,2011,189
22044,65-100,2011,94
22044,0-16,2012,21
22044,16-64,2012,198
22044,65-100,2012,92
22044,0-16,2013,22
22044,16-64,2013,192
22044,65-100,2013,87
22044,0-16,2014,19
22044,16-64,2014,186
22044,65-100,2014,85
22044,0-16,2015,17
22044,16-64,2015,186
22044,65-100,2015,85
22044,0-16,2016,21
22044,16-64,2016,183
22044,65-100,2016,83
22044,0-16,2017,20
22044,16-64,2017,176
22044,65-100,2017,88
22044,0-16,2018,18
22044,16-64,2018,175
22044,65-100,2018,86
22044,0-16,2019,21
22044,16-64,2019,167
22044,65-100,2019,79
22044,0-16,2020,20
22044,16-64,2020,163
22044,65-100,2020,78
22044,0-16,2021,21
22044,16-64,2021,163
22044,65-100,2021,79
22044,0-16,2022,24
22044,16-64,2022,168
22044,65-100,2022,81
22045,0-16,2003,10
22045,16-64,2003,62
22045,65-100,2003,60
22045,0-16,2004,9
22045,16-64,2004,59
22045,65-100,2004,61
22045,0-16,2005,8
22045,16-64,2005,62
22045,65-100,2005,60
22045,0-16,2006,5
22045,16-64,2006,56
22045,65-100,2006,54
22045,0-16,2007,8
22045,16-64,2007,56
22045,65-100,2007,53
22045,0-16,2008,5
22045,16-64,2008,58
22045,65-100,2008,53
22045,0-16,2009,6
22045,16-64,2009,53
22045,65-100,2009,55
22045,0-16,2010,8
22045,16-64,2010,54
22045,65-100,2010,55
22045,0-16,2011,7
22045,16-64,2011,57
22045,65-100,2011,55
22045,0-16,2012,8
22045,16-64,2012,53
22045,65-100,2012,52
22045,0-16,2013,6
22045,16-64,2013,50
22045,65-100,2013,47
22045,0-16,2014,5
22045,16-64,2014,46
22045,65-100,2014,47
22045,0-16,2015,4
22045,16-64,2015,54
22045,65-100,2015,44
22045,0-16,2016,3
22045,16-64,2016,48
22045,65-100,2016,40
22045,0-16,2017,1
22045,16-64,2017,43
22045,65-100,2017,38
22045,0-16,2018,1
22045,16-64,2018,40
22045,65-100,2018,36
22045,0-16,2019,2
22045,16-64,2019,40
22045,65-100,2019,34
22045,0-16,2020,2
22045,16-64,2020,34
22045,65-100,2020,28
22045,0-16,2021,2
22045,16-64,2021,40
22045,65-100,2021,29
22045,0-16,2022,2
22045,16-64,2022,51
22045,65-100,2022,26
22046,0-16,2003,122
22046,16-64,2003,568
22046,65-100,2003,307
22046,0-16,2004,123
22046,16-64,2004,590
22046,65-100,2004,299
22046,0-16,2005,123
22046,16-64,2005,602
22046,65-100,2005,283
22046,0-16,2006,112
22046,16-64,2006,583
22046,65-100,2006,285
22046,0-16,2007,110
22046,16-64,2007,601
22046,65-100,2007,286
22046,0-16,2008,109
22046,16-64,2008,603
22046,65-100,2008,278
22046,0-16,2009,108
22046,16-64,2009,605
22046,65-100,2009,274
22046,0-16,2010,109
22046,16-64,2010,602
22046,65-100,2010,270
22046,0-16,2011,102
22046,16-64,2011,602
22046,65-100,2011,270
22046,0-16,2012,93
22046,16-64,2012,571
22046,65-100,2012,276
22046,0-16,2013,107
22046,16-64,2013,486
22046,65-100,2013,270
22046,0-16,2014,104
22046,16-64,2014,485
22046,65-100,2014,277
22046,0-16,2015,100
22046,16-64,2015,468
22046,65-100,2015,270
22046,0-16,2016,96
22046,16-64,2016,467
22046,65-100,2016,262
22046,0-16,2017,102
22046,16-64,2017,469
22046,65-100,2017,259
22046,0-16,2018,98
22046,16-64,2018,465
22046,65-100,2018,260
22046,0-16,2019,98
22046,16-64,2019,450
22046,65-100,2019,264
22046,0-16,2020,100
22046,16-64,2020,472
22046,65-100,2020,261
22046,0-16,2021,94
22046,16-64,2021,494
22046,65-100,2021,261
22046,0-16,2022,96
22046,16-64,2022,507
22046,65-100,2022,261
22047,0-16,2003,40
22047,16-64,2003,147
22047,65-100,2003,28
22047,0-16,2004,41
22047,16-64,2004,169
22047,65-100,2004,28
22047,0-16,2005,48
22047,16-64,2005,167
22047,65-100,2005,26
22047,0-16,2006,47
22047,16-64,2006,167
22047,65-100,2006,25
22047,0-16,2007,44
22047,16-64,2007,178
22047,65-100,2007,27
22047,0-16,2008,46
22047,16-64,2008,190
22047,65-100,2008,28
22047,0-16,2009,44
22047,16-64,2009,195
22047,65-100,2009,29
22047,0-16,2010,48
22047,16-64,2010,194
22047,65-100,2010,28
22047,0-16,2011,49
22047,16-64,2011,199
22047,65-100,2011,35
22047,0-16,2012,46
22047,16-64,2012,199
22047,65-100,2012,41
22047,0-16,2013,52
22047,16-64,2013,201
22047,65-100,2013,44
22047,0-16,2014,50
22047,16-64,2014,203
22047,65-100,2014,50
22047,0-16,2015,48
22047,16-64,2015,207
22047,65-100,2015,50
22047,0-16,2016,46
22047,16-64,2016,202
22047,65-100,2016,49
22047,0-16,2017,48
22047,16-64,2017,200
22047,65-100,2017,47
22047,0-16,2018,44
22047,16-64,2018,198
22047,65-100,2018,50
22047,0-16,2019,45
22047,16-64,2019,200
22047,65-100,2019,50
22047,0-16,2020,48
22047,16-64,2020,203
22047,65-100,2020,59
22047,0-16,2021,51
22047,16-64,2021,211
22047,65-100,2021,65
22047,0-16,2022,50
22047,16-64,2022,213
22047,65-100,2022,70
22048,0-16,2003,2456
22048,16-64,2003,9809
22048,65-100,2003,3225
22048,0-16,2004,2418
22048,16-64,2004,9963
22048,65-100,2004,3211
22048,0-16,2005,2470
22048,16-64,2005,10111
22048,65-100,2005,3197
22048,0-16,2006,2539
22048,16-64,2006,10170
22048,65-100,2006,3171
22048,0-16,2007,2546
22048,16-64,2007,10328
22048,65-100,2007,3151
22048,0-16,2008,2612
22048,16-64,2008,10706
22048,65-100,2008,3168
22048,0-16,2009,2729
22048,16-64,2009,10979
22048,65-100,2009,3216
22048,0-16,2010,2790
22048,16-64,2010,11040
22048,65-100,2010,3250
22048,0-16,2011,2772
22048,16-64,2011,11029
22048,65-100,2011,3284
22048,0-16,2012,2857
22048,16-64,2012,11134
22048,65-100,2012,3313
22048,0-16,2013,2846
22048,16-64,2013,11040
22048,65-100,2013,3324
22048,0-16,2014,2827
22048,16-64,2014,10904
22048,65-100,2014,3378
22048,0-16,2015,2796
22048,16-64,2015,10838
22048,65-100,2015,3386
22048,0-16,2016,2779
22048,16-64,2016,10766
22048,65-100,2016,3416
22048,0-16,2017,2741
22048,16-64,2017,10724
22048,65-100,2017,3442
22048,0-16,2018,2719
22048,16-64,2018,10788
22048,65-100,2018,3437
22048,0-16,2019,2705
22048,16-64,2019,10790
22048,65-100,2019,3484
22048,0-16,2020,2749
22048,16-64,2020,10860
22048,65-100,2020,3565
22048,0-16,2021,2714
22048,16-64,2021,10849
22048,65-100,2021,3583
22048,0-16,2022,2662
22048,16-64,2022,10910
22048,65-100,2022,3642
22049,0-16,2003,13
22049,16-64,2003,58
22049,65-100,2003,41
22049,0-16,2004,11
22049,16-64,2004,59
22049,65-100,2004,38
22049,0-16,2005,11
22049,16-64,2005,60
22049,65-100,2005,38
22049,0-16,2006,9
22049,16-64,2006,66
22049,65-100,2006,40
22049,0-16,2007,6
22049,16-64,2007,65
22049,65-100,2007,39
22049,0-16,2008,6
22049,16-64,2008,63
22049,65-100,2008,37
22049,0-16,2009,7
22049,16-64,2009,63
22049,65-100,2009,33
22049,0-16,2010,6
22049,16-64,2010,60
22049,65-100,2010,32
22049,0-16,2011,5
22049,16-64,2011,58
22049,65-100,2011,33
22049,0-16,2012,6
22049,16-64,2012,60
22049,65-100,2012,32
22049,0-16,2013,3
22049,16-64,2013,56
22049,65-100,2013,30
22049,0-16,2014,5
22049,16-64,2014,58
22049,65-100,2014,29
22049,0-16,2015,5
22049,16-64,2015,55
22049,65-100,2015,27
22049,0-16,2016,4
22049,16-64,2016,51
22049,65-100,2016,28
22049,0-16,2017,3
22049,16-64,2017,52
22049,65-100,2017,26
22049,0-16,2018,0
22049,16-64,2018,52
22049,65-100,2018,25
22049,0-16,2019,2
22049,16-64,2019,52
22049,65-100,2019,24
22049,0-16,2020,4
22049,16-64,2020,60
22049,65-100,2020,22
22049,0-16,2021,6
22049,16-64,2021,62
22049,65-100,2021,23
22049,0-16,2022,6
22049,16-64,2022,61
22049,65-100,2022,23
22050,0-16,2003,19
22050,16-64,2003,55
22050,65-100,2003,40
22050,0-16,2004,15
22050,16-64,2004,60
22050,65-100,2004,41
22050,0-16,2005,14
22050,16-64,2005,61
22050,65-100,2005,37
22050,0-16,2006,11
22050,16-64,2006,63
22050,65-100,2006,36
22050,0-16,2007,10
22050,16-64,2007,60
22050,65-100,2007,37
22050,0-16,2008,10
22050,16-64,2008,63
22050,65-100,2008,38
22050,0-16,2009,7
22050,16-64,2009,62
22050,65-100,2009,38
22050,0-16,2010,7
22050,16-64,2010,64
22050,65-100,2010,38
22050,0-16,2011,3
22050,16-64,2011,61
22050,65-100,2011,37
22050,0-16,2012,5
22050,16-64,2012,62
22050,65-100,2012,38
22050,0-16,2013,4
22050,16-64,2013,59
22050,65-100,2013,35
22050,0-16,2014,4
22050,16-64,2014,58
22050,65-100,2014,38
22050,0-16,2015,2
22050,16-64,2015,61
22050,65-100,2015,36
22050,0-16,2016,1
22050,16-64,2016,57
22050,65-100,2016,37
22050,0-16,2017,1
22050,16-64,2017,57
22050,65-100,2017,36
22050,0-16,2018,0
22050,16-64,2018,55
22050,65-100,2018,40
22050,0-16,2019,2
22050,16-64,2019,52
22050,65-100,2019,42
22050,0-16,2020,2
22050,16-64,2020,51
22050,65-100,2020,43
22050,0-16,2021,4
22050,16-64,2021,53
22050,65-100,2021,43
22050,0-16,2022,4
22050,16-64,2022,50
22050,65-100,2022,44
22051,0-16,2003,8
22051,16-64,2003,59
22051,65-100,2003,40
22051,0-16,2004,7
22051,16-64,2004,59
22051,65-100,2004,37
22051,0-16,2005,7
22051,16-64,2005,58
22051,65-100,2005,39
22051,0-16,2006,8
22051,16-64,2006,59
22051,65-100,2006,37
22051,0-16,2007,8
22051,16-64,2007,71
22051,65-100,2007,44
22051,0-16,2008,8
22051,16-64,2008,73
22051,65-100,2008,43
22051,0-16,2009,7
22051,16-64,2009,71
22051,65-100,2009,46
22051,0-16,2010,7
22051,16-64,2010,76
22051,65-100,2010,46
22051,0-16,2011,5
22051,16-64,2011,75
22051,65-100,2011,46
22051,0-16,2012,4
22051,16-64,2012,72
22051,65-100,2012,41
22051,0-16,2013,4
22051,16-64,2013,69
22051,65-100,2013,42
22051,0-16,2014,3
22051,16-64,2014,72
22051,65-100,2014,42
22051,0-16,2015,3
22051,16-64,2015,72
22051,65-100,2015,42
22051,0-16,2016,2
22051,16-64,2016,69
22051,65-100,2016,42
22051,0-16,2017,2
22051,16-64,2017,67
22051,65-100,2017,38
22051,0-16,2018,2
22051,16-64,2018,65
22051,65-100,2018,38
22051,0-16,2019,2
22051,16-64,2019,62
22051,65-100,2019,39
22051,0-16,2020,2
22051,16-64,2020,64
22051,65-100,2020,36
22051,0-16,2021,3
22051,16-64,2021,66
22051,65-100,2021,37
22051,0-16,2022,4
22051,16-64,2022,60
22051,65-100,2022,44
22052,0-16,2003,152
22052,16-64,2003,832
22052,65-100,2003,388
22052,0-16,2004,155
22052,16-64,2004,839
22052,65-100,2004,381
22052,0-16,2005,153
22052,16-64,2005,851
22052,65-100,2005,382
22052,0-16,2006,158
22052,16-64,2006,809
22052,65-100,2006,373
22052,0-16,2007,164
22052,16-64,2007,797
22052,65-100,2007,358
22052,0-16,2008,182
22052,16-64,2008,837
22052,65-100,2008,361
22052,0-16,2009,175
22052,16-64,2009,826
22052,65-100,2009,379
22052,0-16,2010,176
22052,16-64,2010,814
22052,65-100,2010,372
22052,0-16,2011,173
22052,16-64,2011,823
22052,65-100,2011,378
22052,0-16,2012,175
22052,16-64,2012,828
22052,65-100,2012,372
22052,0-16,2013,176
22052,16-64,2013,786
22052,65-100,2013,368
22052,0-16,2014,182
22052,16-64,2014,795
22052,65-100,2014,369
22052,0-16,2015,177
22052,16-64,2015,769
22052,65-100,2015,366
22052,0-16,2016,177
22052,16-64,2016,767
22052,65-100,2016,350
22052,0-16,2017,173
22052,16-64,2017,766
22052,65-100,2017,342
22052,0-16,2018,177
22052,16-64,2018,782
22052,65-100,2018,333
22052,0-16,2019,161
22052,16-64,2019,778
22052,65-100,2019,336
22052,0-16,2020,165
22052,16-64,2020,800
22052,65-100,2020,336
22052,0-16,2021,174
22052,16-64,2021,799
22052,65-100,2021,334
22052,0-16,2022,175
22052,16-64,2022,823
22052,65-100,2022,332
22053,0-16,2003,104
22053,16-64,2003,629
22053,65-100,2003,379
22053,0-16,2004,104
22053,16-64,2004,640
22053,65-100,2004,368
22053,0-16,2005,106
22053,16-64,2005,652
22053,65-100,2005,356
22053,0-16,2006,117
22053,16-64,2006,678
22053,65-100,2006,365
22053,0-16,2007,113
22053,16-64,2007,695
22053,65-100,2007,359
22053,0-16,2008,129
22053,16-64,2008,723
22053,65-100,2008,345
22053,0-16,2009,130
22053,16-64,2009,733
22053,65-100,2009,336
22053,0-16,2010,127
22053,16-64,2010,725
22053,65-100,2010,325
22053,0-16,2011,145
22053,16-64,2011,717
22053,65-100,2011,318
22053,0-16,2012,165
22053,16-64,2012,728
22053,65-100,2012,322
22053,0-16,2013,167
22053,16-64,2013,727
22053,65-100,2013,312
22053,0-16,2014,150
22053,16-64,2014,684
22053,65-100,2014,319
22053,0-16,2015,152
22053,16-64,2015,663
22053,65-100,2015,312
22053,0-16,2016,150
22053,16-64,2016,645
22053,65-100,2016,316
22053,0-16,2017,155
22053,16-64,2017,642
22053,65-100,2017,313
22053,0-16,2018,154
22053,16-64,2018,629
22053,65-100,2018,324
22053,0-16,2019,160
22053,16-64,2019,642
22053,65-100,2019,322
22053,0-16,2020,163
22053,16-64,2020,646
22053,65-100,2020,333
22053,0-16,2021,161
22053,16-64,2021,659
22053,65-100,2021,342
22053,0-16,2022,165
22053,16-64,2022,661
22053,65-100,2022,349
22054,0-16,2003,243
22054,16-64,2003,1403
22054,65-100,2003,186
22054,0-16,2004,260
22054,16-64,2004,1583
22054,65-100,2004,182
22054,0-16,2005,278
22054,16-64,2005,1634
22054,65-100,2005,176
22054,0-16,2006,286
22054,16-64,2006,1584
22054,65-100,2006,175
22054,0-16,2007,275
22054,16-64,2007,1619
22054,65-100,2007,186
22054,0-16,2008,293
22054,16-64,2008,1687
22054,65-100,2008,186
22054,0-16,2009,306
22054,16-64,2009,1702
22054,65-100,2009,192
22054,0-16,2010,312
22054,16-64,2010,1712
22054,65-100,2010,195
22054,0-16,2011,309
22054,16-64,2011,1725
22054,65-100,2011,202
22054,0-16,2012,306
22054,16-64,2012,1709
22054,65-100,2012,202
22054,0-16,2013,302
22054,16-64,2013,1693
22054,65-100,2013,200
22054,0-16,2014,315
22054,16-64,2014,1626
22054,65-100,2014,208
22054,0-16,2015,308
22054,16-64,2015,1576
22054,65-100,2015,206
22054,0-16,2016,287
22054,16-64,2016,1549
22054,65-100,2016,211
22054,0-16,2017,323
22054,16-64,2017,1581
22054,65-100,2017,217
22054,0-16,2018,321
22054,16-64,2018,1607
22054,65-100,2018,229
22054,0-16,2019,320
22054,16-64,2019,1585
22054,65-100,2019,250
22054,0-16,2020,332
22054,16-64,2020,1594
22054,65-100,2020,258
22054,0-16,2021,328
22054,16-64,2021,1644
22054,65-100,2021,267
22054,0-16,2022,328
22054,16-64,2022,1674
22054,65-100,2022,280
22055,0-16,2003,59
22055,16-64,2003,255
22055,65-100,2003,149
22055,0-16,2004,60
22055,16-64,2004,255
22055,65-100,2004,144
22055,0-16,2005,62
22055,16-64,2005,263
22055,65-100,2005,141
22055,0-16,2006,59
22055,16-64,2006,266
22055,65-100,2006,140
22055,0-16,2007,62
22055,16-64,2007,285
22055,65-100,2007,134
22055,0-16,2008,54
22055,16-64,2008,281
22055,65-100,2008,133
22055,0-16,2009,49
22055,16-64,2009,273
22055,65-100,2009,128
22055,0-16,2010,45
22055,16-64,2010,268
22055,65-100,2010,128
22055,0-16,2011,34
22055,16-64,2011,255
22055,65-100,2011,128
22055,0-16,2012,35
22055,16-64,2012,262
22055,65-100,2012,123
22055,0-16,2013,31
22055,16-64,2013,240
22055,65-100,2013,114
22055,0-16,2014,31
22055,16-64,2014,250
22055,65-100,2014,110
22055,0-16,2015,29
22055,16-64,2015,243
22055,65-100,2015,106
22055,0-16,2016,23
22055,16-64,2016,238
22055,65-100,2016,102
22055,0-16,2017,25
22055,16-64,2017,235
22055,65-100,2017,97
22055,0-16,2018,22
22055,16-64,2018,224
22055,65-100,2018,99
22055,0-16,2019,18
22055,16-64,2019,230
22055,65-100,2019,99
22055,0-16,2020,16
22055,16-64,2020,212
22055,65-100,2020,99
22055,0-16,2021,9
22055,16-64,2021,206
22055,65-100,2021,93
22055,0-16,2022,15
22055,16-64,2022,222
22055,65-100,2022,98
22057,0-16,2003,52
22057,16-64,2003,272
22057,65-100,2003,141
22057,0-16,2004,46
22057,16-64,2004,279
22057,65-100,2004,138
22057,0-16,2005,51
22057,16-64,2005,307
22057,65-100,2005,141
22057,0-16,2006,58
22057,16-64,2006,311
22057,65-100,2006,137
22057,0-16,2007,61
22057,16-64,2007,334
22057,65-100,2007,129
22057,0-16,2008,66
22057,16-64,2008,336
22057,65-100,2008,126
22057,0-16,2009,63
22057,16-64,2009,321
22057,65-100,2009,124
22057,0-16,2010,65
22057,16-64,2010,323
22057,65-100,2010,123
22057,0-16,2011,57
22057,16-64,2011,320
22057,65-100,2011,118
22057,0-16,2012,64
22057,16-64,2012,328
22057,65-100,2012,111
22057,0-16,2013,65
22057,16-64,2013,327
22057,65-100,2013,108
22057,0-16,2014,69
22057,16-64,2014,318
22057,65-100,2014,109
22057,0-16,2015,61
22057,16-64,2015,316
22057,65-100,2015,111
22057,0-16,2016,60
22057,16-64,2016,307
22057,65-100,2016,116
22057,0-16,2017,56
22057,16-64,2017,304
22057,65-100,2017,113
22057,0-16,2018,53
22057,16-64,2018,306
22057,65-100,2018,117
22057,0-16,2019,51
22057,16-64,2019,290
22057,65-100,2019,116
22057,0-16,2020,45
22057,16-64,2020,287
22057,65-100,2020,116
22057,0-16,2021,52
22057,16-64,2021,311
22057,65-100,2021,118
22057,0-16,2022,50
22057,16-64,2022,308
22057,65-100,2022,122
22058,0-16,2003,20
22058,16-64,2003,141
22058,65-100,2003,87
22058,0-16,2004,18
22058,16-64,2004,144
22058,65-100,2004,84
22058,0-16,2005,16
22058,16-64,2005,146
22058,65-100,2005,82
22058,0-16,2006,17
22058,16-64,2006,143
22058,65-100,2006,79
22058,0-16,2007,16
22058,16-64,2007,142
22058,65-100,2007,77
22058,0-16,2008,18
22058,16-64,2008,160
22058,65-100,2008,75
22058,0-16,2009,20
22058,16-64,2009,169
22058,65-100,2009,73
22058,0-16,2010,21
22058,16-64,2010,161
22058,65-100,2010,76
22058,0-16,2011,19
22058,16-64,2011,166
22058,65-100,2011,69
22058,0-16,2012,17
22058,16-64,2012,166
22058,65-100,2012,68
22058,0-16,2013,18
22058,16-64,2013,156
22058,65-100,2013,72
22058,0-16,2014,18
22058,16-64,2014,152
22058,65-100,2014,72
22058,0-16,2015,21
22058,16-64,2015,153
22058,65-100,2015,70
22058,0-16,2016,22
22058,16-64,2016,156
22058,65-100,2016,73
22058,0-16,2017,24
22058,16-64,2017,152
22058,65-100,2017,66
22058,0-16,2018,20
22058,16-64,2018,142
22058,65-100,2018,69
22058,0-16,2019,21
22058,16-64,2019,147
22058,65-100,2019,71
22058,0-16,2020,25
22058,16-64,2020,158
22058,65-100,2020,69
22058,0-16,2021,24
22058,16-64,2021,160
22058,65-100,2021,70
22058,0-16,2022,23
22058,16-64,2022,155
22058,65-100,2022,73
22059,0-16,2003,149
22059,16-64,2003,770
22059,65-100,2003,393
22059,0-16,2004,154
22059,16-64,2004,820
22059,65-100,2004,388
22059,0-16,2005,173
22059,16-64,2005,920
22059,65-100,2005,392
22059,0-16,2006,174
22059,16-64,2006,958
22059,65-100,2006,381
22059,0-16,2007,176
22059,16-64,2007,1005
22059,65-100,2007,368
22059,0-16,2008,207
22059,16-64,2008,1146
22059,65-100,2008,359
22059,0-16,2009,216
22059,16-64,2009,1111
22059,65-100,2009,348
22059,0-16,2010,207
22059,16-64,2010,1083
22059,65-100,2010,344
22059,0-16,2011,199
22059,16-64,2011,1068
22059,65-100,2011,330
22059,0-16,2012,213
22059,16-64,2012,1055
22059,65-100,2012,321
22059,0-16,2013,206
22059,16-64,2013,1059
22059,65-100,2013,303
22059,0-16,2014,202
22059,16-64,2014,1034
22059,65-100,2014,299
22059,0-16,2015,195
22059,16-64,2015,991
22059,65-100,2015,301
22059,0-16,2016,191
22059,16-64,2016,978
22059,65-100,2016,301
22059,0-16,2017,197
22059,16-64,2017,967
22059,65-100,2017,316
22059,0-16,2018,199
22059,16-64,2018,965
22059,65-100,2018,315
22059,0-16,2019,192
22059,16-64,2019,966
22059,65-100,2019,305
22059,0-16,2020,196
22059,16-64,2020,969
22059,65-100,2020,309
22059,0-16,2021,198
22059,16-64,2021,1049
22059,65-100,2021,303
22059,0-16,2022,197
22059,16-64,2022,1061
22059,65-100,2022,326
22060,0-16,2003,186
22060,16-64,2003,1094
22060,65-100,2003,424
22060,0-16,2004,180
22060,16-64,2004,1038
22060,65-100,2004,427
22060,0-16,2005,180
22060,16-64,2005,1035
22060,65-100,2005,410
22060,0-16,2006,189
22060,16-64,2006,956
22060,65-100,2006,388
22060,0-16,2007,191
22060,16-64,2007,964
22060,65-100,2007,375
22060,0-16,2008,202
22060,16-64,2008,965
22060,65-100,2008,367
22060,0-16,2009,206
22060,16-64,2009,964
22060,65-100,2009,358
22060,0-16,2010,201
22060,16-64,2010,934
22060,65-100,2010,359
22060,0-16,2011,198
22060,16-64,2011,938
22060,65-100,2011,349
22060,0-16,2012,195
22060,16-64,2012,954
22060,65-100,2012,349
22060,0-16,2013,202
22060,16-64,2013,992
22060,65-100,2013,356
22060,0-16,2014,195
22060,16-64,2014,990
22060,65-100,2014,354
22060,0-16,2015,185
22060,16-64,2015,974
22060,65-100,2015,348
22060,0-16,2016,194
22060,16-64,2016,990
22060,65-100,2016,344
22060,0-16,2017,194
22060,16-64,2017,973
22060,65-100,2017,357
22060,0-16,2018,206
22060,16-64,2018,981
22060,65-100,2018,368
22060,0-16,2019,206
22060,16-64,2019,990
22060,65-100,2019,379
22060,0-16,2020,209
22060,16-64,2020,1013
22060,65-100,2020,383
22060,0-16,2021,209
22060,16-64,2021,1001
22060,65-100,2021,387
22060,0-16,2022,204
22060,16-64,2022,1027
22060,65-100,2022,390
22061,0-16,2003,1231
22061,16-64,2003,5587
22061,65-100,2003,1821
22061,0-16,2004,1265
22061,16-64,2004,5711
22061,65-100,2004,1810
22061,0-16,2005,1299
22061,16-64,2005,5799
22061,65-100,2005,1792
22061,0-16,2006,1317
22061,16-64,2006,5884
22061,65-100,2006,1811
22061,0-16,2007,1386
22061,16-64,2007,5861
22061,65-100,2007,1801
22061,0-16,2008,1434
22061,16-64,2008,6074
22061,65-100,2008,1780
22061,0-16,2009,1449
22061,16-64,2009,6184
22061,65-100,2009,1811
22061,0-16,2010,1477
22061,16-64,2010,6109
22061,65-100,2010,1821
22061,0-16,2011,1532
22061,16-64,2011,6103
22061,65-100,2011,1847
22061,0-16,2012,1552
22061,16-64,2012,6037
22061,65-100,2012,1867
22061,0-16,2013,1551
22061,16-64,2013,6038
22061,65-100,2013,1879
22061,0-16,2014,1572
22061,16-64,2014,5991
22061,65-100,2014,1898
22061,0-16,2015,1559
22061,16-64,2015,5965
22061,65-100,2015,1915
22061,0-16,2016,1522
22061,16-64,2016,5967
22061,65-100,2016,1905
22061,0-16,2017,1529
22061,16-64,2017,5961
22061,65-100,2017,1901
22061,0-16,2018,1555
22061,16-64,2018,5966
22061,65-100,2018,1914
22061,0-16,2019,1582
22061,16-64,2019,6061
22061,65-100,2019,1918
22061,0-16,2020,1602
22061,16-64,2020,6219
22061,65-100,2020,1921
22061,0-16,2021,1578
22061,16-64,2021,6375
22061,65-100,2021,1935
22061,0-16,2022,1562
22061,16-64,2022,6417
22061,65-100,2022,1948
22062,0-16,2003,17
22062,16-64,2003,145
22062,65-100,2003,73
22062,0-16,2004,18
22062,16-64,2004,157
22062,65-100,2004,73
22062,0-16,2005,20
22062,16-64,2005,159
22062,65-100,2005,69
22062,0-16,2006,19
22062,16-64,2006,158
22062,65-100,2006,70
22062,0-16,2007,18
22062,16-64,2007,155
22062,65-100,2007,66
22062,0-16,2008,17
22062,16-64,2008,154
22062,65-100,2008,63
22062,0-16,2009,15
22062,16-64,2009,145
22062,65-100,2009,66
22062,0-16,2010,15
22062,16-64,2010,133
22062,65-100,2010,60
22062,0-16,2011,15
22062,16-64,2011,131
22062,65-100,2011,60
22062,0-16,2012,15
22062,16-64,2012,132
22062,65-100,2012,55
22062,0-16,2013,15
22062,16-64,2013,126
22062,65-100,2013,53
22062,0-16,2014,11
22062,16-64,2014,114
22062,65-100,2014,54
22062,0-16,2015,11
22062,16-64,2015,109
22062,65-100,2015,56
22062,0-16,2016,16
22062,16-64,2016,111
22062,65-100,2016,58
22062,0-16,2017,14
22062,16-64,2017,109
22062,65-100,2017,57
22062,0-16,2018,14
22062,16-64,2018,111
22062,65-100,2018,56
22062,0-16,2019,11
22062,16-64,2019,105
22062,65-100,2019,51
22062,0-16,2020,13
22062,16-64,2020,104
22062,65-100,2020,54
22062,0-16,2021,14
22062,16-64,2021,106
22062,65-100,2021,56
22062,0-16,2022,12
22062,16-64,2022,105
22062,65-100,2022,56
22063,0-16,2003,22
22063,16-64,2003,122
22063,65-100,2003,86
22063,0-16,2004,21
22063,16-64,2004,126
22063,65-100,2004,85
22063,0-16,2005,18
22063,16-64,2005,122
22063,65-100,2005,75
22063,0-16,2006,18
22063,16-64,2006,118
22063,65-100,2006,81
22063,0-16,2007,20
22063,16-64,2007,125
22063,65-100,2007,76
22063,0-16,2008,21
22063,16-64,2008,136
22063,65-100,2008,74
22063,0-16,2009,21
22063,16-64,2009,136
22063,65-100,2009,77
22063,0-16,2010,21
22063,16-64,2010,129
22063,65-100,2010,78
22063,0-16,2011,20
22063,16-64,2011,127
22063,65-100,2011,76
22063,0-16,2012,19
22063,16-64,2012,130
22063,65-100,2012,77
22063,0-16,2013,18
22063,16-64,2013,126
22063,65-100,2013,76
22063,0-16,2014,16
22063,16-64,2014,119
22063,65-100,2014,74
22063,0-16,2015,13
22063,16-64,2015,117
22063,65-100,2015,72
22063,0-16,2016,13
22063,16-64,2016,113
22063,65-100,2016,69
22063,0-16,2017,12
22063,16-64,2017,113
22063,65-100,2017,67
22063,0-16,2018,13
22063,16-64,2018,114
22063,65-100,2018,62
22063,0-16,2019,11
22063,16-64,2019,107
22063,65-100,2019,64
22063,0-16,2020,11
22063,16-64,2020,102
22063,65-100,2020,69
22063,0-16,2021,12
22063,16-64,2021,115
22063,65-100,2021,64
22063,0-16,2022,6
22063,16-64,2022,121
22063,65-100,2022,66
22064,0-16,2003,8
22064,16-64,2003,126
22064,65-100,2003,56
22064,0-16,2004,7
22064,16-64,2004,127
22064,65-100,2004,55
22064,0-16,2005,10
22064,16-64,2005,129
22064,65-100,2005,52
22064,0-16,2006,12
22064,16-64,2006,127
22064,65-100,2006,56
22064,0-16,2007,16
22064,16-64,2007,128
22064,65-100,2007,57
22064,0-16,2008,14
22064,16-64,2008,118
22064,65-100,2008,54
22064,0-16,2009,18
22064,16-64,2009,120
22064,65-100,2009,54
22064,0-16,2010,25
22064,16-64,2010,132
22064,65-100,2010,51
22064,0-16,2011,28
22064,16-64,2011,130
22064,65-100,2011,57
22064,0-16,2012,28
22064,16-64,2012,128
22064,65-100,2012,63
22064,0-16,2013,26
22064,16-64,2013,122
22064,65-100,2013,63
22064,0-16,2014,25
22064,16-64,2014,115
22064,65-100,2014,62
22064,0-16,2015,22
22064,16-64,2015,117
22064,65-100,2015,61
22064,0-16,2016,24
22064,16-64,2016,114
22064,65-100,2016,64
22064,0-16,2017,17
22064,16-64,2017,104
22064,65-100,2017,61
22064,0-16,2018,16
22064,16-64,2018,110
22064,65-100,2018,57
22064,0-16,2019,12
22064,16-64,2019,108
22064,65-100,2019,62
22064,0-16,2020,11
22064,16-64,2020,104
22064,65-100,2020,58
22064,0-16,2021,11
22064,16-64,2021,112
22064,65-100,2021,56
22064,0-16,2022,12
22064,16-64,2022,126
22064,65-100,2022,50
22066,0-16,2003,107
22066,16-64,2003,526
22066,65-100,2003,205
22066,0-16,2004,111
22066,16-64,2004,551
22066,65-100,2004,208
22066,0-16,2005,127
22066,16-64,2005,583
22066,65-100,2005,207
22066,0-16,2006,121
22066,16-64,2006,596
22066,65-100,2006,207
22066,0-16,2007,135
22066,16-64,2007,642
22066,65-100,2007,200
22066,0-16,2008,146
22066,16-64,2008,675
22066,65-100,2008,201
22066,0-16,2009,152
22066,16-64,2009,685
22066,65-100,2009,198
22066,0-16,2010,165
22066,16-64,2010,699
22066,65-100,2010,187
22066,0-16,2011,166
22066,16-64,2011,699
22066,65-100,2011,190
22066,0-16,2012,174
22066,16-64,2012,738
22066,65-100,2012,180
22066,0-16,2013,163
22066,16-64,2013,734
22066,65-100,2013,174
22066,0-16,2014,150
22066,16-64,2014,719
22066,65-100,2014,172
22066,0-16,2015,134
22066,16-64,2015,670
22066,65-100,2015,177
22066,0-16,2016,138
22066,16-64,2016,649
22066,65-100,2016,172
22066,0-16,2017,137
22066,16-64,2017,637
22066,65-100,2017,167
22066,0-16,2018,146
22066,16-64,2018,667
22066,65-100,2018,173
22066,0-16,2019,149
22066,16-64,2019,688
22066,65-100,2019,179
22066,0-16,2020,157
22066,16-64,2020,702
22066,65-100,2020,186
22066,0-16,2021,150
22066,16-64,2021,718
22066,65-100,2021,197
22066,0-16,2022,140
22066,16-64,2022,751
22066,65-100,2022,206
22067,0-16,2003,17
22067,16-64,2003,54
22067,65-100,2003,26
22067,0-16,2004,14
22067,16-64,2004,62
22067,65-100,2004,25
22067,0-16,2005,15
22067,16-64,2005,67
22067,65-100,2005,23
22067,0-16,2006,16
22067,16-64,2006,64
22067,65-100,2006,21
22067,0-16,2007,14
22067,16-64,2007,62
22067,65-100,2007,21
22067,0-16,2008,12
22067,16-64,2008,63
22067,65-100,2008,18
22067,0-16,2009,11
22067,16-64,2009,67
22067,65-100,2009,18
22067,0-16,2010,12
22067,16-64,2010,70
22067,65-100,2010,20
22067,0-16,2011,13
22067,16-64,2011,72
22067,65-100,2011,17
22067,0-16,2012,13
22067,16-64,2012,66
22067,65-100,2012,17
22067,0-16,2013,10
22067,16-64,2013,58
22067,65-100,2013,18
22067,0-16,2014,10
22067,16-64,2014,54
22067,65-100,2014,20
22067,0-16,2015,10
22067,16-64,2015,54
22067,65-100,2015,17
22067,0-16,2016,8
22067,16-64,2016,56
22067,65-100,2016,16
22067,0-16,2017,8
22067,16-64,2017,53
22067,65-100,2017,18
22067,0-16,2018,9
22067,16-64,2018,54
22067,65-100,2018,23
22067,0-16,2019,10
22067,16-64,2019,56
22067,65-100,2019,22
22067,0-16,2020,10
22067,16-64,2020,56
22067,65-100,2020,21
22067,0-16,2021,12
22067,16-64,2021,57
22067,65-100,2021,21
22067,0-16,2022,12
22067,16-64,2022,56
22067,65-100,2022,23
22068,0-16,2003,5
22068,16-64,2003,55
22068,65-100,2003,16
22068,0-16,2004,5
22068,16-64,2004,54
22068,65-100,2004,16
22068,0-16,2005,5
22068,16-64,2005,52
22068,65-100,2005,15
22068,0-16,2006,5
22068,16-64,2006,50
22068,65-100,2006,17
22068,0-16,2007,5
22068,16-64,2007,50
22068,65-100,2007,17
22068,0-16,2008,5
22068,16-64,2008,52
22068,65-100,2008,16
22068,0-16,2009,4
22068,16-64,2009,51
22068,65-100,2009,16
22068,0-16,2010,5
22068,16-64,2010,59
22068,65-100,2010,17
22068,0-16,2011,3
22068,16-64,2011,59
22068,65-100,2011,23
22068,0-16,2012,4
22068,16-64,2012,59
22068,65-100,2012,21
22068,0-16,2013,4
22068,16-64,2013,61
22068,65-100,2013,21
22068,0-16,2014,7
22068,16-64,2014,62
22068,65-100,2014,22
22068,0-16,2015,8
22068,16-64,2015,66
22068,65-100,2015,21
22068,0-16,2016,9
22068,16-64,2016,63
22068,65-100,2016,19
22068,0-16,2017,4
22068,16-64,2017,58
22068,65-100,2017,19
22068,0-16,2018,4
22068,16-64,2018,57
22068,65-100,2018,19
22068,0-16,2019,4
22068,16-64,2019,52
22068,65-100,2019,18
22068,0-16,2020,4
22068,16-64,2020,49
22068,65-100,2020,17
22068,0-16,2021,8
22068,16-64,2021,55
22068,65-100,2021,20
22068,0-16,2022,8
22068,16-64,2022,58
22068,65-100,2022,24
22069,0-16,2003,69
22069,16-64,2003,325
22069,65-100,2003,130
22069,0-16,2004,64
22069,16-64,2004,331
22069,65-100,2004,121
22069,0-16,2005,72
22069,16-64,2005,341
22069,65-100,2005,115
22069,0-16,2006,68
22069,16-64,2006,340
22069,65-100,2006,112
22069,0-16,2007,69
22069,16-64,2007,353
22069,65-100,2007,111
22069,0-16,2008,72
22069,16-64,2008,368
22069,65-100,2008,110
22069,0-16,2009,72
22069,16-64,2009,363
22069,65-100,2009,112
22069,0-16,2010,67
22069,16-64,2010,362
22069,65-100,2010,113
22069,0-16,2011,66
22069,16-64,2011,365
22069,65-100,2011,112
22069,0-16,2012,64
22069,16-64,2012,363
22069,65-100,2012,115
22069,0-16,2013,61
22069,16-64,2013,366
22069,65-100,2013,106
22069,0-16,2014,59
22069,16-64,2014,351
22069,65-100,2014,113
22069,0-16,2015,60
22069,16-64,2015,359
22069,65-100,2015,113
22069,0-16,2016,56
22069,16-64,2016,372
22069,65-100,2016,104
22069,0-16,2017,68
22069,16-64,2017,378
22069,65-100,2017,106
22069,0-16,2018,60
22069,16-64,2018,364
22069,65-100,2018,107
22069,0-16,2019,54
22069,16-64,2019,366
22069,65-100,2019,102
22069,0-16,2020,55
22069,16-64,2020,382
22069,65-100,2020,101
22069,0-16,2021,62
22069,16-64,2021,398
22069,65-100,2021,104
22069,0-16,2022,67
22069,16-64,2022,392
22069,65-100,2022,118
22072,0-16,2003,17
22072,16-64,2003,153
22072,65-100,2003,93
22072,0-16,2004,21
22072,16-64,2004,162
22072,65-100,2004,87
22072,0-16,2005,17
22072,16-64,2005,150
22072,65-100,2005,85
22072,0-16,2006,16
22072,16-64,2006,142
22072,65-100,2006,86
22072,0-16,2007,16
22072,16-64,2007,149
22072,65-100,2007,85
22072,0-16,2008,19
22072,16-64,2008,128
22072,65-100,2008,83
22072,0-16,2009,20
22072,16-64,2009,144
22072,65-100,2009,82
22072,0-16,2010,20
22072,16-64,2010,147
22072,65-100,2010,79
22072,0-16,2011,18
22072,16-64,2011,139
22072,65-100,2011,74
22072,0-16,2012,14
22072,16-64,2012,136
22072,65-100,2012,73
22072,0-16,2013,14
22072,16-64,2013,126
22072,65-100,2013,72
22072,0-16,2014,13
22072,16-64,2014,124
22072,65-100,2014,71
22072,0-16,2015,13
22072,16-64,2015,122
22072,65-100,2015,75
22072,0-16,2016,17
22072,16-64,2016,126
22072,65-100,2016,73
22072,0-16,2017,20
22072,16-64,2017,140
22072,65-100,2017,68
22072,0-16,2018,18
22072,16-64,2018,135
22072,65-100,2018,65
22072,0-16,2019,22
22072,16-64,2019,136
22072,65-100,2019,71
22072,0-16,2020,22
22072,16-64,2020,129
22072,65-100,2020,75
22072,0-16,2021,19
22072,16-64,2021,133
22072,65-100,2021,70
22072,0-16,2022,25
22072,16-64,2022,139
22072,65-100,2022,77
22074,0-16,2003,20
22074,16-64,2003,178
22074,65-100,2003,106
22074,0-16,2004,17
22074,16-64,2004,171
22074,65-100,2004,107
22074,0-16,2005,14
22074,16-64,2005,169
22074,65-100,2005,108
22074,0-16,2006,12
22074,16-64,2006,167
22074,65-100,2006,108
22074,0-16,2007,15
22074,16-64,2007,162
22074,65-100,2007,102
22074,0-16,2008,13
22074,16-64,2008,156
22074,65-100,2008,83
22074,0-16,2009,11
22074,16-64,2009,151
22074,65-100,2009,84
22074,0-16,2010,43
22074,16-64,2010,227
22074,65-100,2010,85
22074,0-16,2011,48
22074,16-64,2011,219
22074,65-100,2011,83
22074,0-16,2012,43
22074,16-64,2012,202
22074,65-100,2012,85
22074,0-16,2013,64
22074,16-64,2013,270
22074,65-100,2013,92
22074,0-16,2014,61
22074,16-64,2014,289
22074,65-100,2014,109
22074,0-16,2015,58
22074,16-64,2015,277
22074,65-100,2015,102
22074,0-16,2016,40
22074,16-64,2016,223
22074,65-100,2016,102
22074,0-16,2017,31
22074,16-64,2017,207
22074,65-100,2017,105
22074,0-16,2018,20
22074,16-64,2018,201
22074,65-100,2018,102
22074,0-16,2019,18
22074,16-64,2019,180
22074,65-100,2019,80
22074,0-16,2020,48
22074,16-64,2020,289
22074,65-100,2020,99
22074,0-16,2021,44
22074,16-64,2021,314
22074,65-100,2021,101
22074,0-16,2022,49
22074,16-64,2022,311
22074,65-100,2022,100
22075,0-16,2003,11
22075,16-64,2003,130
22075,65-100,2003,100
22075,0-16,2004,11
22075,16-64,2004,126
22075,65-100,2004,94
22075,0-16,2005,8
22075,16-64,2005,132
22075,65-100,2005,93
22075,0-16,2006,9
22075,16-64,2006,124
22075,65-100,2006,84
22075,0-16,2007,11
22075,16-64,2007,124
22075,65-100,2007,84
22075,0-16,2008,11
22075,16-64,2008,119
22075,65-100,2008,76
22075,0-16,2009,10
22075,16-64,2009,113
22075,65-100,2009,73
22075,0-16,2010,11
22075,16-64,2010,106
22075,65-100,2010,76
22075,0-16,2011,9
22075,16-64,2011,97
22075,65-100,2011,76
22075,0-16,2012,9
22075,16-64,2012,84
22075,65-100,2012,74
22075,0-16,2013,9
22075,16-64,2013,86
22075,65-100,2013,70
22075,0-16,2014,8
22075,16-64,2014,69
22075,65-100,2014,71
22075,0-16,2015,6
22075,16-64,2015,65
22075,65-100,2015,67
22075,0-16,2016,7
22075,16-64,2016,68
22075,65-100,2016,63
22075,0-16,2017,8
22075,16-64,2017,68
22075,65-100,2017,58
22075,0-16,2018,8
22075,16-64,2018,71
22075,65-100,2018,58
22075,0-16,2019,8
22075,16-64,2019,69
22075,65-100,2019,57
22075,0-16,2020,8
22075,16-64,2020,64
22075,65-100,2020,55
22075,0-16,2021,6
22075,16-64,2021,62
22075,65-100,2021,55
22075,0-16,2022,6
22075,16-64,2022,71
22075,65-100,2022,59
22076,0-16,2003,39
22076,16-64,2003,213
22076,65-100,2003,150
22076,0-16,2004,40
22076,16-64,2004,219
22076,65-100,2004,142
22076,0-16,2005,37
22076,16-64,2005,220
22076,65-100,2005,157
22076,0-16,2006,40
22076,16-64,2006,219
22076,65-100,2006,157
22076,0-16,2007,41
22076,16-64,2007,221
22076,65-100,2007,155
22076,0-16,2008,39
22076,16-64,2008,223
22076,65-100,2008,150
22076,0-16,2009,38
22076,16-64,2009,217
22076,65-100,2009,146
22076,0-16,2010,34
22076,16-64,2010,222
22076,65-100,2010,140
22076,0-16,2011,27
22076,16-64,2011,216
22076,65-100,2011,139
22076,0-16,2012,26
22076,16-64,2012,203
22076,65-100,2012,136
22076,0-16,2013,33
22076,16-64,2013,219
22076,65-100,2013,133
22076,0-16,2014,34
22076,16-64,2014,215
22076,65-100,2014,127
22076,0-16,2015,30
22076,16-64,2015,212
22076,65-100,2015,125
22076,0-16,2016,30
22076,16-64,2016,204
22076,65-100,2016,127
22076,0-16,2017,29
22076,16-64,2017,195
22076,65-100,2017,119
22076,0-16,2018,24
22076,16-64,2018,178
22076,65-100,2018,119
22076,0-16,2019,22
22076,16-64,2019,178
22076,65-100,2019,114
22076,0-16,2020,23
22076,16-64,2020,184
22076,65-100,2020,116
22076,0-16,2021,23
22076,16-64,2021,200
22076,65-100,2021,125
22076,0-16,2022,20
22076,16-64,2022,198
22076,65-100,2022,128
22077,0-16,2003,26
22077,16-64,2003,323
22077,65-100,2003,140
22077,0-16,2004,22
22077,16-64,2004,311
22077,65-100,2004,137
22077,0-16,2005,22
22077,16-64,2005,307
22077,65-100,2005,130
22077,0-16,2006,16
22077,16-64,2006,301
22077,65-100,2006,129
22077,0-16,2007,14
22077,16-64,2007,291
22077,65-100,2007,134
22077,0-16,2008,13
22077,16-64,2008,276
22077,65-100,2008,138
22077,0-16,2009,11
22077,16-64,2009,264
22077,65-100,2009,144
22077,0-16,2010,8
22077,16-64,2010,257
22077,65-100,2010,144
22077,0-16,2011,8
22077,16-64,2011,249
22077,65-100,2011,138
22077,0-16,2012,6
22077,16-64,2012,233
22077,65-100,2012,142
22077,0-16,2013,5
22077,16-64,2013,199
22077,65-100,2013,145
22077,0-16,2014,0
22077,16-64,2014,193
22077,65-100,2014,146
22077,0-16,2015,0
22077,16-64,2015,179
22077,65-100,2015,151
22077,0-16,2016,0
22077,16-64,2016,170
22077,65-100,2016,148
22077,0-16,2017,0
22077,16-64,2017,166
22077,65-100,2017,149
22077,0-16,2018,0
22077,16-64,2018,162
22077,65-100,2018,155
22077,0-16,2019,40
22077,16-64,2019,274
22077,65-100,2019,148
22077,0-16,2020,36
22077,16-64,2020,240
22077,65-100,2020,143
22077,0-16,2021,33
22077,16-64,2021,228
22077,65-100,2021,141
22077,0-16,2022,35
22077,16-64,2022,226
22077,65-100,2022,135
22078,0-16,2003,50
22078,16-64,2003,397
22078,65-100,2003,85
22078,0-16,2004,53
22078,16-64,2004,431
22078,65-100,2004,80
22078,0-16,2005,55
22078,16-64,2005,482
22078,65-100,2005,74
22078,0-16,2006,81
22078,16-64,2006,518
22078,65-100,2006,79
22078,0-16,2007,88
22078,16-64,2007,501
22078,65-100,2007,83
22078,0-16,2008,76
22078,16-64,2008,487
22078,65-100,2008,85
22078,0-16,2009,75
22078,16-64,2009,466
22078,65-100,2009,84
22078,0-16,2010,81
22078,16-64,2010,453
22078,65-100,2010,90
22078,0-16,2011,86
22078,16-64,2011,445
22078,65-100,2011,89
22078,0-16,2012,80
22078,16-64,2012,427
22078,65-100,2012,92
22078,0-16,2013,69
22078,16-64,2013,414
22078,65-100,2013,89
22078,0-16,2014,69
22078,16-64,2014,390
22078,65-100,2014,95
22078,0-16,2015,66
22078,16-64,2015,401
22078,65-100,2015,93
22078,0-16,2016,70
22078,16-64,2016,385
22078,65-100,2016,88
22078,0-16,2017,75
22078,16-64,2017,383
22078,65-100,2017,84
22078,0-16,2018,70
22078,16-64,2018,372
22078,65-100,2018,90
22078,0-16,2019,72
22078,16-64,2019,377
22078,65-100,2019,91
22078,0-16,2020,79
22078,16-64,2020,391
22078,65-100,2020,88
22078,0-16,2021,74
22078,16-64,2021,431
22078,65-100,2021,94
22078,0-16,2022,66
22078,16-64,2022,453
22078,65-100,2022,93
22079,0-16,2003,11
22079,16-64,2003,89
22079,65-100,2003,66
22079,0-16,2004,11
22079,16-64,2004,87
22079,65-100,2004,62
22079,0-16,2005,10
22079,16-64,2005,83
22079,65-100,2005,64
22079,0-16,2006,12
22079,16-64,2006,85
22079,65-100,2006,64
22079,0-16,2007,9
22079,16-64,2007,98
22079,65-100,2007,60
22079,0-16,2008,9
22079,16-64,2008,92
22079,65-100,2008,56
22079,0-16,2009,7
22079,16-64,2009,99
22079,65-100,2009,55
22079,0-16,2010,8
22079,16-64,2010,103
22079,65-100,2010,52
22079,0-16,2011,7
22079,16-64,2011,121
22079,65-100,2011,48
22079,0-16,2012,6
22079,16-64,2012,132
22079,65-100,2012,46
22079,0-16,2013,6
22079,16-64,2013,128
22079,65-100,2013,43
22079,0-16,2014,6
22079,16-64,2014,118
22079,65-100,2014,46
22079,0-16,2015,8
22079,16-64,2015,120
22079,65-100,2015,44
22079,0-16,2016,7
22079,16-64,2016,120
22079,65-100,2016,41
22079,0-16,2017,10
22079,16-64,2017,115
22079,65-100,2017,38
22079,0-16,2018,11
22079,16-64,2018,119
22079,65-100,2018,44
22079,0-16,2019,12
22079,16-64,2019,140
22079,65-100,2019,46
22079,0-16,2020,12
22079,16-64,2020,153
22079,65-100,2020,46
22079,0-16,2021,12
22079,16-64,2021,149
22079,65-100,2021,47
22079,0-16,2022,10
22079,16-64,2022,147
22079,65-100,2022,47
22080,0-16,2003,37
22080,16-64,2003,213
22080,65-100,2003,138
22080,0-16,2004,40
22080,16-64,2004,219
22080,65-100,2004,128
22080,0-16,2005,37
22080,16-64,2005,237
22080,65-100,2005,125
22080,0-16,2006,39
22080,16-64,2006,246
22080,65-100,2006,119
22080,0-16,2007,32
22080,16-64,2007,235
22080,65-100,2007,120
22080,0-16,2008,34
22080,16-64,2008,240
22080,65-100,2008,115
22080,0-16,2009,30
22080,16-64,2009,242
22080,65-100,2009,110
22080,0-16,2010,30
22080,16-64,2010,231
22080,65-100,2010,105
22080,0-16,2011,34
22080,16-64,2011,228
22080,65-100,2011,110
22080,0-16,2012,34
22080,16-64,2012,212
22080,65-100,2012,114
22080,0-16,2013,39
22080,16-64,2013,219
22080,65-100,2013,113
22080,0-16,2014,37
22080,16-64,2014,215
22080,65-100,2014,109
22080,0-16,2015,38
22080,16-64,2015,212
22080,65-100,2015,111
22080,0-16,2016,39
22080,16-64,2016,211
22080,65-100,2016,114
22080,0-16,2017,36
22080,16-64,2017,208
22080,65-100,2017,114
22080,0-16,2018,35
22080,16-64,2018,210
22080,65-100,2018,109
22080,0-16,2019,35
22080,16-64,2019,204
22080,65-100,2019,110
22080,0-16,2020,35
22080,16-64,2020,213
22080,65-100,2020,112
22080,0-16,2021,37
22080,16-64,2021,204
22080,65-100,2021,109
22080,0-16,2022,37
22080,16-64,2022,211
22080,65-100,2022,104
22081,0-16,2003,16
22081,16-64,2003,176
22081,65-100,2003,103
22081,0-16,2004,17
22081,16-64,2004,180
22081,65-100,2004,99
22081,0-16,2005,15
22081,16-64,2005,183
22081,65-100,2005,96
22081,0-16,2006,14
22081,16-64,2006,186
22081,65-100,2006,93
22081,0-16,2007,15
22081,16-64,2007,199
22081,65-100,2007,94
22081,0-16,2008,17
22081,16-64,2008,194
22081,65-100,2008,96
22081,0-16,2009,16
22081,16-64,2009,192
22081,65-100,2009,96
22081,0-16,2010,15
22081,16-64,2010,190
22081,65-100,2010,94
22081,0-16,2011,18
22081,16-64,2011,186
22081,65-100,2011,99
22081,0-16,2012,18
22081,16-64,2012,186
22081,65-100,2012,100
22081,0-16,2013,20
22081,16-64,2013,186
22081,65-100,2013,100
22081,0-16,2014,19
22081,16-64,2014,173
22081,65-100,2014,103
22081,0-16,2015,16
22081,16-64,2015,175
22081,65-100,2015,100
22081,0-16,2016,19
22081,16-64,2016,175
22081,65-100,2016,99
22081,0-16,2017,15
22081,16-64,2017,166
22081,65-100,2017,98
22081,0-16,2018,14
22081,16-64,2018,162
22081,65-100,2018,93
22081,0-16,2019,14
22081,16-64,2019,156
22081,65-100,2019,100
22081,0-16,2020,12
22081,16-64,2020,159
22081,65-100,2020,104
22081,0-16,2021,13
22081,16-64,2021,170
22081,65-100,2021,107
22081,0-16,2022,12
22081,16-64,2022,182
22081,65-100,2022,107
22082,0-16,2003,67
22082,16-64,2003,263
22082,65-100,2003,90
22082,0-16,2004,61
22082,16-64,2004,279
22082,65-100,2004,95
22082,0-16,2005,47
22082,16-64,2005,273
22082,65-100,2005,103
22082,0-16,2006,50
22082,16-64,2006,277
22082,65-100,2006,106
22082,0-16,2007,51
22082,16-64,2007,281
22082,65-100,2007,107
22082,0-16,2008,53
22082,16-64,2008,291
22082,65-100,2008,108
22082,0-16,2009,49
22082,16-64,2009,267
22082,65-100,2009,108
22082,0-16,2010,48
22082,16-64,2010,244
22082,65-100,2010,107
22082,0-16,2011,34
22082,16-64,2011,233
22082,65-100,2011,105
22082,0-16,2012,31
22082,16-64,2012,224
22082,65-100,2012,105
22082,0-16,2013,25
22082,16-64,2013,226
22082,65-100,2013,98
22082,0-16,2014,27
22082,16-64,2014,224
22082,65-100,2014,98
22082,0-16,2015,24
22082,16-64,2015,218
22082,65-100,2015,98
22082,0-16,2016,21
22082,16-64,2016,207
22082,65-100,2016,97
22082,0-16,2017,23
22082,16-64,2017,200
22082,65-100,2017,103
22082,0-16,2018,20
22082,16-64,2018,193
22082,65-100,2018,102
22082,0-16,2019,22
22082,16-64,2019,197
22082,65-100,2019,99
22082,0-16,2020,22
22082,16-64,2020,194
22082,65-100,2020,96
22082,0-16,2021,33
22082,16-64,2021,214
22082,65-100,2021,98
22082,0-16,2022,30
22082,16-64,2022,201
22082,65-100,2022,102
22083,0-16,2003,57
22083,16-64,2003,404
22083,65-100,2003,235
22083,0-16,2004,52
22083,16-64,2004,392
22083,65-100,2004,239
22083,0-16,2005,51
22083,16-64,2005,378
22083,65-100,2005,227
22083,0-16,2006,47
22083,16-64,2006,377
22083,65-100,2006,231
22083,0-16,2007,46
22083,16-64,2007,378
22083,65-100,2007,222
22083,0-16,2008,51
22083,16-64,2008,391
22083,65-100,2008,225
22083,0-16,2009,53
22083,16-64,2009,391
22083,65-100,2009,226
22083,0-16,2010,51
22083,16-64,2010,388
22083,65-100,2010,222
22083,0-16,2011,55
22083,16-64,2011,379
22083,65-100,2011,215
22083,0-16,2012,50
22083,16-64,2012,369
22083,65-100,2012,204
22083,0-16,2013,50
22083,16-64,2013,362
22083,65-100,2013,199
22083,0-16,2014,41
22083,16-64,2014,342
22083,65-100,2014,191
22083,0-16,2015,43
22083,16-64,2015,327
22083,65-100,2015,198
22083,0-16,2016,38
22083,16-64,2016,316
22083,65-100,2016,189
22083,0-16,2017,38
22083,16-64,2017,302
22083,65-100,2017,188
22083,0-16,2018,38
22083,16-64,2018,293
22083,65-100,2018,200
22083,0-16,2019,37
22083,16-64,2019,290
22083,65-100,2019,195
22083,0-16,2020,30
22083,16-64,2020,285
22083,65-100,2020,195
22083,0-16,2021,27
22083,16-64,2021,274
22083,65-100,2021,196
22083,0-16,2022,34
22083,16-64,2022,285
22083,65-100,2022,193
22084,0-16,2003,98
22084,16-64,2003,448
22084,65-100,2003,133
22084,0-16,2004,112
22084,16-64,2004,478
22084,65-100,2004,141
22084,0-16,2005,117
22084,16-64,2005,505
22084,65-100,2005,133
22084,0-16,2006,113
22084,16-64,2006,486
22084,65-100,2006,134
22084,0-16,2007,121
22084,16-64,2007,486
22084,65-100,2007,131
22084,0-16,2008,132
22084,16-64,2008,513
22084,65-100,2008,126
22084,0-16,2009,134
22084,16-64,2009,532
22084,65-100,2009,121
22084,0-16,2010,137
22084,16-64,2010,535
22084,65-100,2010,116
22084,0-16,2011,140
22084,16-64,2011,521
22084,65-100,2011,115
22084,0-16,2012,138
22084,16-64,2012,519
22084,65-100,2012,110
22084,0-16,2013,136
22084,16-64,2013,489
22084,65-100,2013,106
22084,0-16,2014,137
22084,16-64,2014,486
22084,65-100,2014,110
22084,0-16,2015,131
22084,16-64,2015,486
22084,65-100,2015,123
22084,0-16,2016,131
22084,16-64,2016,491
22084,65-100,2016,118
22084,0-16,2017,125
22084,16-64,2017,490
22084,65-100,2017,123
22084,0-16,2018,121
22084,16-64,2018,507
22084,65-100,2018,125
22084,0-16,2019,115
22084,16-64,2019,506
22084,65-100,2019,126
22084,0-16,2020,109
22084,16-64,2020,530
22084,65-100,2020,125
22084,0-16,2021,101
22084,16-64,2021,561
22084,65-100,2021,129
22084,0-16,2022,105
22084,16-64,2022,568
22084,65-100,2022,132
22085,0-16,2003,5
22085,16-64,2003,86
22085,65-100,2003,42
22085,0-16,2004,3
22085,16-64,2004,84
22085,65-100,2004,41
22085,0-16,2005,2
22085,16-64,2005,88
22085,65-100,2005,41
22085,0-16,2006,2
22085,16-64,2006,90
22085,65-100,2006,39
22085,0-16,2007,2
22085,16-64,2007,85
22085,65-100,2007,41
22085,0-16,2008,2
22085,16-64,2008,83
22085,65-100,2008,44
22085,0-16,2009,7
22085,16-64,2009,85
22085,65-100,2009,44
22085,0-16,2010,4
22085,16-64,2010,77
22085,65-100,2010,49
22085,0-16,2011,5
22085,16-64,2011,73
22085,65-100,2011,50
22085,0-16,2012,6
22085,16-64,2012,80
22085,65-100,2012,45
22085,0-16,2013,10
22085,16-64,2013,80
22085,65-100,2013,45
22085,0-16,2014,7
22085,16-64,2014,71
22085,65-100,2014,45
22085,0-16,2015,7
22085,16-64,2015,67
22085,65-100,2015,46
22085,0-16,2016,7
22085,16-64,2016,63
22085,65-100,2016,44
22085,0-16,2017,6
22085,16-64,2017,61
22085,65-100,2017,45
22085,0-16,2018,6
22085,16-64,2018,57
22085,65-100,2018,45
22085,0-16,2019,4
22085,16-64,2019,56
22085,65-100,2019,46
22085,0-16,2020,4
22085,16-64,2020,54
22085,65-100,2020,45
22085,0-16,2021,5
22085,16-64,2021,55
22085,65-100,2021,43
22085,0-16,2022,5
22085,16-64,2022,54
22085,65-100,2022,41
22086,0-16,2003,20
22086,16-64,2003,113
22086,65-100,2003,47
22086,0-16,2004,20
22086,16-64,2004,130
22086,65-100,2004,48
22086,0-16,2005,23
22086,16-64,2005,148
22086,65-100,2005,48
22086,0-16,2006,30
22086,16-64,2006,152
22086,65-100,2006,48
22086,0-16,2007,32
22086,16-64,2007,169
22086,65-100,2007,48
22086,0-16,2008,31
22086,16-64,2008,176
22086,65-100,2008,50
22086,0-16,2009,36
22086,16-64,2009,182
22086,65-100,2009,47
22086,0-16,2010,38
22086,16-64,2010,170
22086,65-100,2010,48
22086,0-16,2011,39
22086,16-64,2011,171
22086,65-100,2011,47
22086,0-16,2012,31
22086,16-64,2012,173
22086,65-100,2012,45
22086,0-16,2013,28
22086,16-64,2013,175
22086,65-100,2013,46
22086,0-16,2014,23
22086,16-64,2014,173
22086,65-100,2014,47
22086,0-16,2015,26
22086,16-64,2015,182
22086,65-100,2015,43
22086,0-16,2016,28
22086,16-64,2016,183
22086,65-100,2016,44
22086,0-16,2017,24
22086,16-64,2017,173
22086,65-100,2017,47
22086,0-16,2018,34
22086,16-64,2018,190
22086,65-100,2018,43
22086,0-16,2019,26
22086,16-64,2019,175
22086,65-100,2019,42
22086,0-16,2020,23
22086,16-64,2020,158
22086,65-100,2020,40
22086,0-16,2021,30
22086,16-64,2021,167
22086,65-100,2021,43
22086,0-16,2022,27
22086,16-64,2022,174
22086,65-100,2022,48
22087,0-16,2003,14
22087,16-64,2003,69
22087,65-100,2003,31
22087,0-16,2004,15
22087,16-64,2004,68
22087,65-100,2004,32
22087,0-16,2005,15
22087,16-64,2005,71
22087,65-100,2005,29
22087,0-16,2006,13
22087,16-64,2006,78
22087,65-100,2006,27
22087,0-16,2007,13
22087,16-64,2007,84
22087,65-100,2007,22
22087,0-16,2008,21
22087,16-64,2008,81
22087,65-100,2008,21
22087,0-16,2009,21
22087,16-64,2009,79
22087,65-100,2009,21
22087,0-16,2010,22
22087,16-64,2010,77
22087,65-100,2010,20
22087,0-16,2011,19
22087,16-64,2011,77
22087,65-100,2011,19
22087,0-16,2012,15
22087,16-64,2012,71
22087,65-100,2012,18
22087,0-16,2013,13
22087,16-64,2013,71
22087,65-100,2013,18
22087,0-16,2014,12
22087,16-64,2014,67
22087,65-100,2014,16
22087,0-16,2015,11
22087,16-64,2015,65
22087,65-100,2015,18
22087,0-16,2016,12
22087,16-64,2016,59
22087,65-100,2016,18
22087,0-16,2017,13
22087,16-64,2017,53
22087,65-100,2017,21
22087,0-16,2018,13
22087,16-64,2018,52
22087,65-100,2018,21
22087,0-16,2019,13
22087,16-64,2019,51
22087,65-100,2019,20
22087,0-16,2020,12
22087,16-64,2020,48
22087,65-100,2020,19
22087,0-16,2021,13
22087,16-64,2021,48
22087,65-100,2021,19
22087,0-16,2022,14
22087,16-64,2022,55
22087,65-100,2022,19
22088,0-16,2003,11
22088,16-64,2003,107
22088,65-100,2003,105
22088,0-16,2004,19
22088,16-64,2004,113
22088,65-100,2004,98
22088,0-16,2005,18
22088,16-64,2005,113
22088,65-100,2005,96
22088,0-16,2006,20
22088,16-64,2006,108
22088,65-100,2006,95
22088,0-16,2007,22
22088,16-64,2007,109
22088,65-100,2007,94
22088,0-16,2008,20
22088,16-64,2008,108
22088,65-100,2008,93
22088,0-16,2009,18
22088,16-64,2009,99
22088,65-100,2009,82
22088,0-16,2010,17
22088,16-64,2010,98
22088,65-100,2010,78
22088,0-16,2011,22
22088,16-64,2011,97
22088,65-100,2011,78
22088,0-16,2012,24
22088,16-64,2012,89
22088,65-100,2012,76
22088,0-16,2013,22
22088,16-64,2013,83
22088,65-100,2013,76
22088,0-16,2014,25
22088,16-64,2014,88
22088,65-100,2014,78
22088,0-16,2015,22
22088,16-64,2015,82
22088,65-100,2015,77
22088,0-16,2016,20
22088,16-64,2016,83
22088,65-100,2016,73
22088,0-16,2017,19
22088,16-64,2017,79
22088,65-100,2017,76
22088,0-16,2018,14
22088,16-64,2018,83
22088,65-100,2018,72
22088,0-16,2019,14
22088,16-64,2019,81
22088,65-100,2019,67
22088,0-16,2020,10
22088,16-64,2020,86
22088,65-100,2020,57
22088,0-16,2021,16
22088,16-64,2021,95
22088,65-100,2021,53
22088,0-16,2022,12
22088,16-64,2022,99
22088,65-100,2022,53
22089,0-16,2003,45
22089,16-64,2003,243
22089,65-100,2003,124
22089,0-16,2004,43
22089,16-64,2004,242
22089,65-100,2004,125
22089,0-16,2005,40
22089,16-64,2005,250
22089,65-100,2005,116
22089,0-16,2006,37
22089,16-64,2006,241
22089,65-100,2006,113
22089,0-16,2007,33
22089,16-64,2007,240
22089,65-100,2007,109
22089,0-16,2008,33
22089,16-64,2008,246
22089,65-100,2008,112
22089,0-16,2009,34
22089,16-64,2009,240
22089,65-100,2009,116
22089,0-16,2010,30
22089,16-64,2010,234
22089,65-100,2010,114
22089,0-16,2011,26
22089,16-64,2011,237
22089,65-100,2011,117
22089,0-16,2012,26
22089,16-64,2012,221
22089,65-100,2012,113
22089,0-16,2013,25
22089,16-64,2013,205
22089,65-100,2013,112
22089,0-16,2014,25
22089,16-64,2014,201
22089,65-100,2014,110
22089,0-16,2015,27
22089,16-64,2015,213
22089,65-100,2015,103
22089,0-16,2016,26
22089,16-64,2016,208
22089,65-100,2016,100
22089,0-16,2017,26
22089,16-64,2017,192
22089,65-100,2017,103
22089,0-16,2018,26
22089,16-64,2018,189
22089,65-100,2018,97
22089,0-16,2019,26
22089,16-64,2019,186
22089,65-100,2019,101
22089,0-16,2020,31
22089,16-64,2020,185
22089,65-100,2020,102
22089,0-16,2021,36
22089,16-64,2021,197
22089,65-100,2021,100
22089,0-16,2022,38
22089,16-64,2022,195
22089,65-100,2022,95
22090,0-16,2003,1
22090,16-64,2003,77
22090,65-100,2003,61
22090,0-16,2004,1
22090,16-64,2004,77
22090,65-100,2004,57
22090,0-16,2005,1
22090,16-64,2005,78
22090,65-100,2005,56
22090,0-16,2006,3
22090,16-64,2006,81
22090,65-100,2006,56
22090,0-16,2007,5
22090,16-64,2007,86
22090,65-100,2007,57
22090,0-16,2008,3
22090,16-64,2008,97
22090,65-100,2008,56
22090,0-16,2009,5
22090,16-64,2009,95
22090,65-100,2009,57
22090,0-16,2010,6
22090,16-64,2010,88
22090,65-100,2010,53
22090,0-16,2011,5
22090,16-64,2011,86
22090,65-100,2011,51
22090,0-16,2012,4
22090,16-64,2012,78
22090,65-100,2012,49
22090,0-16,2013,3
22090,16-64,2013,64
22090,65-100,2013,48
22090,0-16,2014,4
22090,16-64,2014,72
22090,65-100,2014,48
22090,0-16,2015,3
22090,16-64,2015,75
22090,65-100,2015,48
22090,0-16,2016,3
22090,16-64,2016,72
22090,65-100,2016,53
22090,0-16,2017,5
22090,16-64,2017,63
22090,65-100,2017,50
22090,0-16,2018,6
22090,16-64,2018,59
22090,65-100,2018,49
22090,0-16,2019,8
22090,16-64,2019,56
22090,65-100,2019,46
22090,0-16,2020,11
22090,16-64,2020,60
22090,65-100,2020,46
22090,0-16,2021,12
22090,16-64,2021,63
22090,65-100,2021,43
22090,0-16,2022,10
22090,16-64,2022,69
22090,65-100,2022,44
22094,0-16,2003,12
22094,16-64,2003,74
22094,65-100,2003,62
22094,0-16,2004,18
22094,16-64,2004,73
22094,65-100,2004,62
22094,0-16,2005,16
22094,16-64,2005,73
22094,65-100,2005,58
22094,0-16,2006,16
22094,16-64,2006,69
22094,65-100,2006,59
22094,0-16,2007,19
22094,16-64,2007,66
22094,65-100,2007,58
22094,0-16,2008,16
22094,16-64,2008,66
22094,65-100,2008,56
22094,0-16,2009,16
22094,16-64,2009,66
22094,65-100,2009,53
22094,0-16,2010,14
22094,16-64,2010,63
22094,65-100,2010,51
22094,0-16,2011,10
22094,16-64,2011,62
22094,65-100,2011,50
22094,0-16,2012,10
22094,16-64,2012,59
22094,65-100,2012,46
22094,0-16,2013,16
22094,16-64,2013,51
22094,65-100,2013,46
22094,0-16,2014,13
22094,16-64,2014,53
22094,65-100,2014,37
22094,0-16,2015,13
22094,16-64,2015,61
22094,65-100,2015,37
22094,0-16,2016,12
22094,16-64,2016,60
22094,65-100,2016,36
22094,0-16,2017,14
22094,16-64,2017,60
22094,65-100,2017,37
22094,0-16,2018,11
22094,16-64,2018,60
22094,65-100,2018,37
22094,0-16,2019,10
22094,16-64,2019,61
22094,65-100,2019,35
22094,0-16,2020,12
22094,16-64,2020,65
22094,65-100,2020,36
22094,0-16,2021,11
22094,16-64,2021,65
22094,65-100,2021,38
22094,0-16,2022,14
22094,16-64,2022,65
22094,65-100,2022,38
22095,0-16,2003,3
22095,16-64,2003,58
22095,65-100,2003,48
22095,0-16,2004,4
22095,16-64,2004,59
22095,65-100,2004,49
22095,0-16,2005,8
22095,16-64,2005,61
22095,65-100,2005,49
22095,0-16,2006,9
22095,16-64,2006,55
22095,65-100,2006,49
22095,0-16,2007,8
22095,16-64,2007,59
22095,65-100,2007,47
22095,0-16,2008,8
22095,16-64,2008,59
22095,65-100,2008,46
22095,0-16,2009,6
22095,16-64,2009,55
22095,65-100,2009,40
22095,0-16,2010,13
22095,16-64,2010,51
22095,65-100,2010,41
22095,0-16,2011,10
22095,16-64,2011,54
22095,65-100,2011,38
22095,0-16,2012,11
22095,16-64,2012,50
22095,65-100,2012,36
22095,0-16,2013,13
22095,16-64,2013,50
22095,65-100,2013,37
22095,0-16,2014,10
22095,16-64,2014,44
22095,65-100,2014,33
22095,0-16,2015,13
22095,16-64,2015,48
22095,65-100,2015,29
22095,0-16,2016,12
22095,16-64,2016,45
22095,65-100,2016,28
22095,0-16,2017,13
22095,16-64,2017,46
22095,65-100,2017,28
22095,0-16,2018,12
22095,16-64,2018,46
22095,65-100,2018,28
22095,0-16,2019,14
22095,16-64,2019,46
22095,65-100,2019,23
22095,0-16,2020,13
22095,16-64,2020,48
22095,65-100,2020,22
22095,0-16,2021,13
22095,16-64,2021,48
22095,65-100,2021,22
22095,0-16,2022,13
22095,16-64,2022,50
22095,65-100,2022,24
22096,0-16,2003,44
22096,16-64,2003,166
22096,65-100,2003,36
22096,0-16,2004,52
22096,16-64,2004,188
22096,65-100,2004,39
22096,0-16,2005,50
22096,16-64,2005,209
22096,65-100,2005,45
22096,0-16,2006,50
22096,16-64,2006,232
22096,65-100,2006,58
22096,0-16,2007,50
22096,16-64,2007,242
22096,65-100,2007,67
22096,0-16,2008,48
22096,16-64,2008,241
22096,65-100,2008,67
22096,0-16,2009,49
22096,16-64,2009,226
22096,65-100,2009,66
22096,0-16,2010,50
22096,16-64,2010,240
22096,65-100,2010,69
22096,0-16,2011,54
22096,16-64,2011,244
22096,65-100,2011,60
22096,0-16,2012,59
22096,16-64,2012,252
22096,65-100,2012,59
22096,0-16,2013,62
22096,16-64,2013,250
22096,65-100,2013,62
22096,0-16,2014,58
22096,16-64,2014,247
22096,65-100,2014,68
22096,0-16,2015,55
22096,16-64,2015,239
22096,65-100,2015,64
22096,0-16,2016,59
22096,16-64,2016,247
22096,65-100,2016,65
22096,0-16,2017,62
22096,16-64,2017,257
22096,65-100,2017,70
22096,0-16,2018,64
22096,16-64,2018,258
22096,65-100,2018,69
22096,0-16,2019,63
22096,16-64,2019,254
22096,65-100,2019,76
22096,0-16,2020,62
22096,16-64,2020,258
22096,65-100,2020,82
22096,0-16,2021,60
22096,16-64,2021,267
22096,65-100,2021,84
22096,0-16,2022,60
22096,16-64,2022,257
22096,65-100,2022,85
22099,0-16,2003,72
22099,16-64,2003,433
22099,65-100,2003,226
22099,0-16,2004,73
22099,16-64,2004,433
22099,65-100,2004,227
22099,0-16,2005,78
22099,16-64,2005,443
22099,65-100,2005,229
22099,0-16,2006,66
22099,16-64,2006,411
22099,65-100,2006,227
22099,0-16,2007,67
22099,16-64,2007,435
22099,65-100,2007,229
22099,0-16,2008,65
22099,16-64,2008,427
22099,65-100,2008,227
22099,0-16,2009,61
22099,16-64,2009,399
22099,65-100,2009,221
22099,0-16,2010,66
22099,16-64,2010,397
22099,65-100,2010,214
22099,0-16,2011,59
22099,16-64,2011,388
22099,65-100,2011,207
22099,0-16,2012,70
22099,16-64,2012,390
22099,65-100,2012,203
22099,0-16,2013,84
22099,16-64,2013,389
22099,65-100,2013,199
22099,0-16,2014,70
22099,16-64,2014,378
22099,65-100,2014,198
22099,0-16,2015,66
22099,16-64,2015,348
22099,65-100,2015,205
22099,0-16,2016,59
22099,16-64,2016,355
22099,65-100,2016,198
22099,0-16,2017,51
22099,16-64,2017,338
22099,65-100,2017,192
22099,0-16,2018,44
22099,16-64,2018,311
22099,65-100,2018,186
22099,0-16,2019,58
22099,16-64,2019,336
22099,65-100,2019,187
22099,0-16,2020,64
22099,16-64,2020,375
22099,65-100,2020,193
22099,0-16,2021,68
22099,16-64,2021,398
22099,65-100,2021,183
22099,0-16,2022,67
22099,16-64,2022,406
22099,65-100,2022,183
22102,0-16,2003,19
22102,16-64,2003,112
22102,65-100,2003,54
22102,0-16,2004,18
22102,16-64,2004,118
22102,65-100,2004,56
22102,0-16,2005,23
22102,16-64,2005,131
22102,65-100,2005,58
22102,0-16,2006,25
22102,16-64,2006,148
22102,65-100,2006,58
22102,0-16,2007,23
22102,16-64,2007,143
22102,65-100,2007,58
22102,0-16,2008,24
22102,16-64,2008,148
22102,65-100,2008,59
22102,0-16,2009,26
22102,16-64,2009,149
22102,65-100,2009,62
22102,0-16,2010,25
22102,16-64,2010,153
22102,65-100,2010,58
22102,0-16,2011,19
22102,16-64,2011,154
22102,65-100,2011,61
22102,0-16,2012,18
22102,16-64,2012,151
22102,65-100,2012,61
22102,0-16,2013,18
22102,16-64,2013,143
22102,65-100,2013,60
22102,0-16,2014,16
22102,16-64,2014,139
22102,65-100,2014,60
22102,0-16,2015,14
22102,16-64,2015,135
22102,65-100,2015,61
22102,0-16,2016,12
22102,16-64,2016,134
22102,65-100,2016,59
22102,0-16,2017,12
22102,16-64,2017,134
22102,65-100,2017,56
22102,0-16,2018,13
22102,16-64,2018,133
22102,65-100,2018,58
22102,0-16,2019,17
22102,16-64,2019,133
22102,65-100,2019,58
22102,0-16,2020,12
22102,16-64,2020,124
22102,65-100,2020,63
22102,0-16,2021,15
22102,16-64,2021,123
22102,65-100,2021,66
22102,0-16,2022,14
22102,16-64,2022,126
22102,65-100,2022,66
22103,0-16,2003,86
22103,16-64,2003,524
22103,65-100,2003,276
22103,0-16,2004,82
22103,16-64,2004,509
22103,65-100,2004,265
22103,0-16,2005,100
22103,16-64,2005,513
22103,65-100,2005,264
22103,0-16,2006,102
22103,16-64,2006,513
22103,65-100,2006,262
22103,0-16,2007,97
22103,16-64,2007,515
22103,65-100,2007,252
22103,0-16,2008,101
22103,16-64,2008,521
22103,65-100,2008,254
22103,0-16,2009,100
22103,16-64,2009,509
22103,65-100,2009,257
22103,0-16,2010,102
22103,16-64,2010,498
22103,65-100,2010,260
22103,0-16,2011,108
22103,16-64,2011,486
22103,65-100,2011,259
22103,0-16,2012,108
22103,16-64,2012,492
22103,65-100,2012,255
22103,0-16,2013,106
22103,16-64,2013,485
22103,65-100,2013,256
22103,0-16,2014,96
22103,16-64,2014,469
22103,65-100,2014,257
22103,0-16,2015,88
22103,16-64,2015,478
22103,65-100,2015,253
22103,0-16,2016,92
22103,16-64,2016,468
22103,65-100,2016,248
22103,0-16,2017,86
22103,16-64,2017,483
22103,65-100,2017,245
22103,0-16,2018,83
22103,16-64,2018,463
22103,65-100,2018,248
22103,0-16,2019,89
22103,16-64,2019,464
22103,65-100,2019,247
22103,0-16,2020,99
22103,16-64,2020,453
22103,65-100,2020,244
22103,0-16,2021,93
22103,16-64,2021,471
22103,65-100,2021,239
22103,0-16,2022,99
22103,16-64,2022,484
22103,65-100,2022,229
22105,0-16,2003,22
22105,16-64,2003,122
22105,65-100,2003,83
22105,0-16,2004,23
22105,16-64,2004,109
22105,65-100,2004,85
22105,0-16,2005,22
22105,16-64,2005,108
22105,65-100,2005,80
22105,0-16,2006,22
22105,16-64,2006,100
22105,65-100,2006,77
22105,0-16,2007,25
22105,16-64,2007,99
22105,65-100,2007,74
22105,0-16,2008,25
22105,16-64,2008,97
22105,65-100,2008,74
22105,0-16,2009,21
22105,16-64,2009,86
22105,65-100,2009,74
22105,0-16,2010,20
22105,16-64,2010,89
22105,65-100,2010,68
22105,0-16,2011,21
22105,16-64,2011,84
22105,65-100,2011,69
22105,0-16,2012,20
22105,16-64,2012,82
22105,65-100,2012,59
22105,0-16,2013,16
22105,16-64,2013,72
22105,65-100,2013,56
22105,0-16,2014,17
22105,16-64,2014,66
22105,65-100,2014,53
22105,0-16,2015,17
22105,16-64,2015,78
22105,65-100,2015,52
22105,0-16,2016,17
22105,16-64,2016,80
22105,65-100,2016,45
22105,0-16,2017,17
22105,16-64,2017,71
22105,65-100,2017,44
22105,0-16,2018,16
22105,16-64,2018,67
22105,65-100,2018,43
22105,0-16,2019,13
22105,16-64,2019,65
22105,65-100,2019,42
22105,0-16,2020,12
22105,16-64,2020,68
22105,65-100,2020,41
22105,0-16,2021,9
22105,16-64,2021,72
22105,65-100,2021,39
22105,0-16,2022,9
22105,16-64,2022,71
22105,65-100,2022,37
22106,0-16,2003,2
22106,16-64,2003,16
22106,65-100,2003,15
22106,0-16,2004,1
22106,16-64,2004,16
22106,65-100,2004,16
22106,0-16,2005,3
22106,16-64,2005,17
22106,65-100,2005,17
22106,0-16,2006,3
22106,16-64,2006,17
22106,65-100,2006,15
22106,0-16,2007,3
22106,16-64,2007,17
22106,65-100,2007,11
22106,0-16,2008,3
22106,16-64,2008,18
22106,65-100,2008,10
22106,0-16,2009,3
22106,16-64,2009,17
22106,65-100,2009,11
22106,0-16,2010,3
22106,16-64,2010,14
22106,65-100,2010,9
22106,0-16,2011,5
22106,16-64,2011,16
22106,65-100,2011,9
22106,0-16,2012,5
22106,16-64,2012,15
22106,65-100,2012,9
22106,0-16,2013,5
22106,16-64,2013,14
22106,65-100,2013,8
22106,0-16,2014,1
22106,16-64,2014,15
22106,65-100,2014,8
22106,0-16,2015,1
22106,16-64,2015,16
22106,65-100,2015,8
22106,0-16,2016,1
22106,16-64,2016,13
22106,65-100,2016,8
22106,0-16,2017,4
22106,16-64,2017,15
22106,65-100,2017,8
22106,0-16,2018,3
22106,16-64,2018,13
22106,65-100,2018,7
22106,0-16,2019,2
22106,16-64,2019,12
22106,65-100,2019,8
22106,0-16,2020,0
22106,16-64,2020,12
22106,65-100,2020,8
22106,0-16,2021,0
22106,16-64,2021,12
22106,65-100,2021,9
22106,0-16,2022,0
22106,16-64,2022,16
22106,65-100,2022,9
22107,0-16,2003,1
22107,16-64,2003,138
22107,65-100,2003,43
22107,0-16,2004,1
22107,16-64,2004,129
22107,65-100,2004,42
22107,0-16,2005,0
22107,16-64,2005,128
22107,65-100,2005,43
22107,0-16,2006,0
22107,16-64,2006,129
22107,65-100,2006,41
22107,0-16,2007,2
22107,16-64,2007,127
22107,65-100,2007,42
22107,0-16,2008,1
22107,16-64,2008,119
22107,65-100,2008,39
22107,0-16,2009,1
22107,16-64,2009,108
22107,65-100,2009,40
22107,0-16,2010,0
22107,16-64,2010,100
22107,65-100,2010,38
22107,0-16,2011,0
22107,16-64,2011,95
22107,65-100,2011,37
22107,0-16,2012,0
22107,16-64,2012,90
22107,65-100,2012,36
22107,0-16,2013,0
22107,16-64,2013,80
22107,65-100,2013,38
22107,0-16,2014,2
22107,16-64,2014,80
22107,65-100,2014,36
22107,0-16,2015,2
22107,16-64,2015,76
22107,65-100,2015,34
22107,0-16,2016,2
22107,16-64,2016,70
22107,65-100,2016,35
22107,0-16,2017,2
22107,16-64,2017,66
22107,65-100,2017,34
22107,0-16,2018,2
22107,16-64,2018,65
22107,65-100,2018,30
22107,0-16,2019,5
22107,16-64,2019,64
22107,65-100,2019,32
22107,0-16,2020,5
22107,16-64,2020,62
22107,65-100,2020,33
22107,0-16,2021,5
22107,16-64,2021,64
22107,65-100,2021,34
22107,0-16,2022,8
22107,16-64,2022,62
22107,65-100,2022,36
22109,0-16,2003,25
22109,16-64,2003,151
22109,65-100,2003,75
22109,0-16,2004,28
22109,16-64,2004,179
22109,65-100,2004,75
22109,0-16,2005,26
22109,16-64,2005,170
22109,65-100,2005,76
22109,0-16,2006,29
22109,16-64,2006,195
22109,65-100,2006,76
22109,0-16,2007,32
22109,16-64,2007,192
22109,65-100,2007,72
22109,0-16,2008,40
22109,16-64,2008,190
22109,65-100,2008,71
22109,0-16,2009,50
22109,16-64,2009,210
22109,65-100,2009,70
22109,0-16,2010,42
22109,16-64,2010,209
22109,65-100,2010,66
22109,0-16,2011,45
22109,16-64,2011,202
22109,65-100,2011,71
22109,0-16,2012,51
22109,16-64,2012,225
22109,65-100,2012,70
22109,0-16,2013,64
22109,16-64,2013,241
22109,65-100,2013,69
22109,0-16,2014,64
22109,16-64,2014,236
22109,65-100,2014,69
22109,0-16,2015,47
22109,16-64,2015,247
22109,65-100,2015,67
22109,0-16,2016,37
22109,16-64,2016,232
22109,65-100,2016,69
22109,0-16,2017,36
22109,16-64,2017,217
22109,65-100,2017,70
22109,0-16,2018,39
22109,16-64,2018,218
22109,65-100,2018,70
22109,0-16,2019,41
22109,16-64,2019,217
22109,65-100,2019,72
22109,0-16,2020,38
22109,16-64,2020,220
22109,65-100,2020,73
22109,0-16,2021,45
22109,16-64,2021,222
22109,65-100,2021,77
22109,0-16,2022,45
22109,16-64,2022,234
22109,65-100,2022,82
22110,0-16,2003,98
22110,16-64,2003,584
22110,65-100,2003,397
22110,0-16,2004,88
22110,16-64,2004,591
22110,65-100,2004,385
22110,0-16,2005,105
22110,16-64,2005,613
22110,65-100,2005,364
22110,0-16,2006,100
22110,16-64,2006,590
22110,65-100,2006,350
22110,0-16,2007,106
22110,16-64,2007,588
22110,65-100,2007,340
22110,0-16,2008,104
22110,16-64,2008,588
22110,65-100,2008,339
22110,0-16,2009,111
22110,16-64,2009,587
22110,65-100,2009,336
22110,0-16,2010,116
22110,16-64,2010,581
22110,65-100,2010,338
22110,0-16,2011,114
22110,16-64,2011,560
22110,65-100,2011,347
22110,0-16,2012,112
22110,16-64,2012,530
22110,65-100,2012,340
22110,0-16,2013,118
22110,16-64,2013,529
22110,65-100,2013,340
22110,0-16,2014,114
22110,16-64,2014,516
22110,65-100,2014,330
22110,0-16,2015,108
22110,16-64,2015,516
22110,65-100,2015,320
22110,0-16,2016,109
22110,16-64,2016,501
22110,65-100,2016,308
22110,0-16,2017,103
22110,16-64,2017,503
22110,65-100,2017,296
22110,0-16,2018,92
22110,16-64,2018,486
22110,65-100,2018,292
22110,0-16,2019,86
22110,16-64,2019,475
22110,65-100,2019,298
22110,0-16,2020,86
22110,16-64,2020,472
22110,65-100,2020,293
22110,0-16,2021,74
22110,16-64,2021,484
22110,65-100,2021,287
22110,0-16,2022,76
22110,16-64,2022,498
22110,65-100,2022,283
22111,0-16,2003,14
22111,16-64,2003,126
22111,65-100,2003,80
22111,0-16,2004,13
22111,16-64,2004,122
22111,65-100,2004,78
22111,0-16,2005,14
22111,16-64,2005,128
22111,65-100,2005,78
22111,0-16,2006,12
22111,16-64,2006,123
22111,65-100,2006,77
22111,0-16,2007,20
22111,16-64,2007,142
22111,65-100,2007,69
22111,0-16,2008,19
22111,16-64,2008,147
22111,65-100,2008,72
22111,0-16,2009,16
22111,16-64,2009,141
22111,65-100,2009,69
22111,0-16,2010,16
22111,16-64,2010,133
22111,65-100,2010,66
22111,0-16,2011,18
22111,16-64,2011,125
22111,65-100,2011,68
22111,0-16,2012,19
22111,16-64,2012,120
22111,65-100,2012,69
22111,0-16,2013,17
22111,16-64,2013,113
22111,65-100,2013,67
22111,0-16,2014,19
22111,16-64,2014,111
22111,65-100,2014,62
22111,0-16,2015,16
22111,16-64,2015,110
22111,65-100,2015,61
22111,0-16,2016,18
22111,16-64,2016,108
22111,65-100,2016,57
22111,0-16,2017,17
22111,16-64,2017,102
22111,65-100,2017,59
22111,0-16,2018,11
22111,16-64,2018,99
22111,65-100,2018,63
22111,0-16,2019,13
22111,16-64,2019,98
22111,65-100,2019,61
22111,0-16,2020,10
22111,16-64,2020,96
22111,65-100,2020,56
22111,0-16,2021,9
22111,16-64,2021,92
22111,65-100,2021,57
22111,0-16,2022,11
22111,16-64,2022,99
22111,65-100,2022,58
22112,0-16,2003,2026
22112,16-64,2003,8491
22112,65-100,2003,2351
22112,0-16,2004,2043
22112,16-64,2004,8637
22112,65-100,2004,2355
22112,0-16,2005,2076
22112,16-64,2005,8876
22112,65-100,2005,2332
22112,0-16,2006,2111
22112,16-64,2006,8748
22112,65-100,2006,2332
22112,0-16,2007,2159
22112,16-64,2007,9104
22112,65-100,2007,2329
22112,0-16,2008,2287
22112,16-64,2008,9438
22112,65-100,2008,2309
22112,0-16,2009,2324
22112,16-64,2009,9644
22112,65-100,2009,2334
22112,0-16,2010,2391
22112,16-64,2010,9784
22112,65-100,2010,2364
22112,0-16,2011,2350
22112,16-64,2011,9681
22112,65-100,2011,2395
22112,0-16,2012,2417
22112,16-64,2012,9837
22112,65-100,2012,2401
22112,0-16,2013,2444
22112,16-64,2013,9956
22112,65-100,2013,2434
22112,0-16,2014,2500
22112,16-64,2014,9983
22112,65-100,2014,2443
22112,0-16,2015,2531
22112,16-64,2015,9917
22112,65-100,2015,2473
22112,0-16,2016,2565
22112,16-64,2016,9893
22112,65-100,2016,2467
22112,0-16,2017,2613
22112,16-64,2017,9932
22112,65-100,2017,2479
22112,0-16,2018,2611
22112,16-64,2018,9846
22112,65-100,2018,2522
22112,0-16,2019,2624
22112,16-64,2019,9840
22112,65-100,2019,2569
22112,0-16,2020,2632
22112,16-64,2020,10105
22112,65-100,2020,2616
22112,0-16,2021,2594
22112,16-64,2021,9999
22112,65-100,2021,2657
22112,0-16,2022,2610
22112,16-64,2022,9997
22112,65-100,2022,2687
22113,0-16,2003,74
22113,16-64,2003,358
22113,65-100,2003,179
22113,0-16,2004,66
22113,16-64,2004,365
22113,65-100,2004,168
22113,0-16,2005,71
22113,16-64,2005,382
22113,65-100,2005,161
22113,0-16,2006,67
22113,16-64,2006,400
22113,65-100,2006,154
22113,0-16,2007,66
22113,16-64,2007,399
22113,65-100,2007,160
22113,0-16,2008,65
22113,16-64,2008,403
22113,65-100,2008,165
22113,0-16,2009,71
22113,16-64,2009,396
22113,65-100,2009,159
22113,0-16,2010,68
22113,16-64,2010,390
22113,65-100,2010,161
22113,0-16,2011,76
22113,16-64,2011,399
22113,65-100,2011,159
22113,0-16,2012,83
22113,16-64,2012,402
22113,65-100,2012,156
22113,0-16,2013,71
22113,16-64,2013,390
22113,65-100,2013,157
22113,0-16,2014,70
22113,16-64,2014,397
22113,65-100,2014,155
22113,0-16,2015,79
22113,16-64,2015,386
22113,65-100,2015,157
22113,0-16,2016,77
22113,16-64,2016,374
22113,65-100,2016,160
22113,0-16,2017,78
22113,16-64,2017,368
22113,65-100,2017,162
22113,0-16,2018,88
22113,16-64,2018,350
22113,65-100,2018,159
22113,0-16,2019,86
22113,16-64,2019,340
22113,65-100,2019,161
22113,0-16,2020,96
22113,16-64,2020,341
22113,65-100,2020,163
22113,0-16,2021,93
22113,16-64,2021,349
22113,65-100,2021,170
22113,0-16,2022,93
22113,16-64,2022,340
22113,65-100,2022,176
22114,0-16,2003,2
22114,16-64,2003,104
22114,65-100,2003,59
22114,0-16,2004,3
22114,16-64,2004,104
22114,65-100,2004,54
22114,0-16,2005,5
22114,16-64,2005,98
22114,65-100,2005,57
22114,0-16,2006,6
22114,16-64,2006,94
22114,65-100,2006,58
22114,0-16,2007,6
22114,16-64,2007,88
22114,65-100,2007,61
22114,0-16,2008,8
22114,16-64,2008,88
22114,65-100,2008,61
22114,0-16,2009,9
22114,16-64,2009,84
22114,65-100,2009,61
22114,0-16,2010,8
22114,16-64,2010,81
22114,65-100,2010,56
22114,0-16,2011,8
22114,16-64,2011,82
22114,65-100,2011,60
22114,0-16,2012,8
22114,16-64,2012,85
22114,65-100,2012,54
22114,0-16,2013,8
22114,16-64,2013,79
22114,65-100,2013,57
22114,0-16,2014,9
22114,16-64,2014,77
22114,65-100,2014,57
22114,0-16,2015,10
22114,16-64,2015,69
22114,65-100,2015,59
22114,0-16,2016,11
22114,16-64,2016,64
22114,65-100,2016,62
22114,0-16,2017,16
22114,16-64,2017,61
22114,65-100,2017,65
22114,0-16,2018,20
22114,16-64,2018,68
22114,65-100,2018,61
22114,0-16,2019,18
22114,16-64,2019,64
22114,65-100,2019,60
22114,0-16,2020,19
22114,16-64,2020,69
22114,65-100,2020,59
22114,0-16,2021,14
22114,16-64,2021,66
22114,65-100,2021,53
22114,0-16,2022,13
22114,16-64,2022,64
22114,65-100,2022,52
22115,0-16,2003,40
22115,16-64,2003,297
22115,65-100,2003,177
22115,0-16,2004,37
22115,16-64,2004,301
22115,65-100,2004,173
22115,0-16,2005,34
22115,16-64,2005,314
22115,65-100,2005,169
22115,0-16,2006,27
22115,16-64,2006,306
22115,65-100,2006,164
22115,0-16,2007,36
22115,16-64,2007,318
22115,65-100,2007,155
22115,0-16,2008,39
22115,16-64,2008,314
22115,65-100,2008,156
22115,0-16,2009,38
22115,16-64,2009,312
22115,65-100,2009,156
22115,0-16,2010,34
22115,16-64,2010,303
22115,65-100,2010,156
22115,0-16,2011,29
22115,16-64,2011,302
22115,65-100,2011,153
22115,0-16,2012,31
22115,16-64,2012,291
22115,65-100,2012,149
22115,0-16,2013,32
22115,16-64,2013,270
22115,65-100,2013,146
22115,0-16,2014,27
22115,16-64,2014,258
22115,65-100,2014,150
22115,0-16,2015,31
22115,16-64,2015,253
22115,65-100,2015,149
22115,0-16,2016,29
22115,16-64,2016,252
22115,65-100,2016,142
22115,0-16,2017,30
22115,16-64,2017,259
22115,65-100,2017,133
22115,0-16,2018,36
22115,16-64,2018,251
22115,65-100,2018,139
22115,0-16,2019,30
22115,16-64,2019,233
22115,65-100,2019,137
22115,0-16,2020,24
22115,16-64,2020,233
22115,65-100,2020,138
22115,0-16,2021,21
22115,16-64,2021,230
22115,65-100,2021,142
22115,0-16,2022,31
22115,16-64,2022,238
22115,65-100,2022,136
22116,0-16,2003,232
22116,16-64,2003,1204
22116,65-100,2003,573
22116,0-16,2004,214
22116,16-64,2004,1228
22116,65-100,2004,557
22116,0-16,2005,194
22116,16-64,2005,1252
22116,65-100,2005,544
22116,0-16,2006,206
22116,16-64,2006,1261
22116,65-100,2006,542
22116,0-16,2007,200
22116,16-64,2007,1266
22116,65-100,2007,526
22116,0-16,2008,207
22116,16-64,2008,1307
22116,65-100,2008,527
22116,0-16,2009,207
22116,16-64,2009,1306
22116,65-100,2009,525
22116,0-16,2010,175
22116,16-64,2010,1231
22116,65-100,2010,524
22116,0-16,2011,202
22116,16-64,2011,1235
22116,65-100,2011,551
22116,0-16,2012,213
22116,16-64,2012,1235
22116,65-100,2012,542
22116,0-16,2013,226
22116,16-64,2013,1203
22116,65-100,2013,532
22116,0-16,2014,209
22116,16-64,2014,1177
22116,65-100,2014,516
22116,0-16,2015,194
22116,16-64,2015,1161
22116,65-100,2015,504
22116,0-16,2016,183
22116,16-64,2016,1133
22116,65-100,2016,488
22116,0-16,2017,175
22116,16-64,2017,1081
22116,65-100,2017,492
22116,0-16,2018,189
22116,16-64,2018,1083
22116,65-100,2018,481
22116,0-16,2019,199
22116,16-64,2019,1088
22116,65-100,2019,475
22116,0-16,2020,200
22116,16-64,2020,1082
22116,65-100,2020,456
22116,0-16,2021,206
22116,16-64,2021,1078
22116,65-100,2021,456
22116,0-16,2022,207
22116,16-64,2022,1065
22116,65-100,2022,455
22117,0-16,2003,389
22117,16-64,2003,1869
22117,65-100,2003,1008
22117,0-16,2004,396
22117,16-64,2004,1966
22117,65-100,2004,994
22117,0-16,2005,418
22117,16-64,2005,2056
22117,65-100,2005,950
22117,0-16,2006,435
22117,16-64,2006,2093
22117,65-100,2006,944
22117,0-16,2007,426
22117,16-64,2007,2124
22117,65-100,2007,922
22117,0-16,2008,435
22117,16-64,2008,2271
22117,65-100,2008,899
22117,0-16,2009,450
22117,16-64,2009,2324
22117,65-100,2009,891
22117,0-16,2010,460
22117,16-64,2010,2346
22117,65-100,2010,894
22117,0-16,2011,467
22117,16-64,2011,2350
22117,65-100,2011,880
22117,0-16,2012,438
22117,16-64,2012,2278
22117,65-100,2012,879
22117,0-16,2013,437
22117,16-64,2013,2212
22117,65-100,2013,864
22117,0-16,2014,442
22117,16-64,2014,2141
22117,65-100,2014,846
22117,0-16,2015,426
22117,16-64,2015,2119
22117,65-100,2015,826
22117,0-16,2016,421
22117,16-64,2016,2087
22117,65-100,2016,821
22117,0-16,2017,437
22117,16-64,2017,2079
22117,65-100,2017,818
22117,0-16,2018,449
22117,16-64,2018,2059
22117,65-100,2018,797
22117,0-16,2019,473
22117,16-64,2019,2127
22117,65-100,2019,795
22117,0-16,2020,461
22117,16-64,2020,2110
22117,65-100,2020,794
22117,0-16,2021,464
22117,16-64,2021,2161
22117,65-100,2021,809
22117,0-16,2022,456
22117,16-64,2022,2153
22117,65-100,2022,811
22119,0-16,2003,138
22119,16-64,2003,1107
22119,65-100,2003,495
22119,0-16,2004,134
22119,16-64,2004,1119
22119,65-100,2004,491
22119,0-16,2005,143
22119,16-64,2005,1130
22119,65-100,2005,488
22119,0-16,2006,144
22119,16-64,2006,1116
22119,65-100,2006,485
22119,0-16,2007,148
22119,16-64,2007,1095
22119,65-100,2007,478
22119,0-16,2008,136
22119,16-64,2008,1085
22119,65-100,2008,489
22119,0-16,2009,147
22119,16-64,2009,1063
22119,65-100,2009,496
22119,0-16,2010,150
22119,16-64,2010,1028
22119,65-100,2010,486
22119,0-16,2011,148
22119,16-64,2011,1017
22119,65-100,2011,486
22119,0-16,2012,151
22119,16-64,2012,1002
22119,65-100,2012,491
22119,0-16,2013,155
22119,16-64,2013,991
22119,65-100,2013,481
22119,0-16,2014,152
22119,16-64,2014,945
22119,65-100,2014,478
22119,0-16,2015,139
22119,16-64,2015,927
22119,65-100,2015,479
22119,0-16,2016,140
22119,16-64,2016,901
22119,65-100,2016,472
22119,0-16,2017,125
22119,16-64,2017,881
22119,65-100,2017,477
22119,0-16,2018,134
22119,16-64,2018,862
22119,65-100,2018,480
22119,0-16,2019,138
22119,16-64,2019,844
22119,65-100,2019,485
22119,0-16,2020,138
22119,16-64,2020,849
22119,65-100,2020,489
22119,0-16,2021,141
22119,16-64,2021,843
22119,65-100,2021,494
22119,0-16,2022,141
22119,16-64,2022,812
22119,65-100,2022,507
22122,0-16,2003,2
22122,16-64,2003,48
22122,65-100,2003,22
22122,0-16,2004,1
22122,16-64,2004,51
22122,65-100,2004,22
22122,0-16,2005,1
22122,16-64,2005,49
22122,65-100,2005,24
22122,0-16,2006,3
22122,16-64,2006,50
22122,65-100,2006,24
22122,0-16,2007,6
22122,16-64,2007,48
22122,65-100,2007,24
22122,0-16,2008,6
22122,16-64,2008,42
22122,65-100,2008,24
22122,0-16,2009,6
22122,16-64,2009,41
22122,65-100,2009,23
22122,0-16,2010,7
22122,16-64,2010,41
22122,65-100,2010,23
22122,0-16,2011,7
22122,16-64,2011,39
22122,65-100,2011,24
22122,0-16,2012,7
22122,16-64,2012,42
22122,65-100,2012,23
22122,0-16,2013,6
22122,16-64,2013,44
22122,65-100,2013,24
22122,0-16,2014,6
22122,16-64,2014,42
22122,65-100,2014,25
22122,0-16,2015,6
22122,16-64,2015,41
22122,65-100,2015,21
22122,0-16,2016,6
22122,16-64,2016,45
22122,65-100,2016,21
22122,0-16,2017,8
22122,16-64,2017,47
22122,65-100,2017,21
22122,0-16,2018,9
22122,16-64,2018,45
22122,65-100,2018,22
22122,0-16,2019,3
22122,16-64,2019,46
22122,65-100,2019,21
22122,0-16,2020,3
22122,16-64,2020,48
22122,65-100,2020,22
22122,0-16,2021,2
22122,16-64,2021,45
22122,65-100,2021,21
22122,0-16,2022,2
22122,16-64,2022,53
22122,65-100,2022,22
22124,0-16,2003,21
22124,16-64,2003,139
22124,65-100,2003,86
22124,0-16,2004,19
22124,16-64,2004,141
22124,65-100,2004,93
22124,0-16,2005,16
22124,16-64,2005,139
22124,65-100,2005,94
22124,0-16,2006,19
22124,16-64,2006,137
22124,65-100,2006,102
22124,0-16,2007,18
22124,16-64,2007,137
22124,65-100,2007,102
22124,0-16,2008,22
22124,16-64,2008,148
22124,65-100,2008,104
22124,0-16,2009,19
22124,16-64,2009,157
22124,65-100,2009,102
22124,0-16,2010,21
22124,16-64,2010,154
22124,65-100,2010,97
22124,0-16,2011,22
22124,16-64,2011,148
22124,65-100,2011,97
22124,0-16,2012,24
22124,16-64,2012,147
22124,65-100,2012,95
22124,0-16,2013,23
22124,16-64,2013,139
22124,65-100,2013,93
22124,0-16,2014,18
22124,16-64,2014,135
22124,65-100,2014,89
22124,0-16,2015,18
22124,16-64,2015,135
22124,65-100,2015,85
22124,0-16,2016,21
22124,16-64,2016,128
22124,65-100,2016,81
22124,0-16,2017,17
22124,16-64,2017,125
22124,65-100,2017,76
22124,0-16,2018,21
22124,16-64,2018,126
22124,65-100,2018,71
22124,0-16,2019,18
22124,16-64,2019,119
22124,65-100,2019,69
22124,0-16,2020,19
22124,16-64,2020,125
22124,65-100,2020,69
22124,0-16,2021,21
22124,16-64,2021,135
22124,65-100,2021,71
22124,0-16,2022,23
22124,16-64,2022,141
22124,65-100,2022,66
22125,0-16,2003,7198
22125,16-64,2003,31427
22125,65-100,2003,8984
22125,0-16,2004,7397
22125,16-64,2004,31634
22125,65-100,2004,8892
22125,0-16,2005,7367
22125,16-64,2005,32277
22125,65-100,2005,8886
22125,0-16,2006,7584
22125,16-64,2006,32891
22125,65-100,2006,8837
22125,0-16,2007,7769
22125,16-64,2007,33222
22125,65-100,2007,8828
22125,0-16,2008,8015
22125,16-64,2008,34164
22125,65-100,2008,8938
22125,0-16,2009,8271
22125,16-64,2009,34731
22125,65-100,2009,9057
22125,0-16,2010,8404
22125,16-64,2010,34794
22125,65-100,2010,9149
22125,0-16,2011,8454
22125,16-64,2011,34737
22125,65-100,2011,9252
22125,0-16,2012,8542
22125,16-64,2012,34356
22125,65-100,2012,9398
22125,0-16,2013,8576
22125,16-64,2013,34325
22125,65-100,2013,9517
22125,0-16,2014,8659
22125,16-64,2014,34118
22125,65-100,2014,9778
22125,0-16,2015,8628
22125,16-64,2015,33640
22125,65-100,2015,9971
22125,0-16,2016,8664
22125,16-64,2016,33588
22125,65-100,2016,10030
22125,0-16,2017,8626
22125,16-64,2017,33387
22125,65-100,2017,10210
22125,0-16,2018,8632
22125,16-64,2018,33385
22125,65-100,2018,10446
22125,0-16,2019,8686
22125,16-64,2019,33762
22125,65-100,2019,10684
22125,0-16,2020,8793
22125,16-64,2020,34174
22125,65-100,2020,10989
22125,0-16,2021,8612
22125,16-64,2021,33793
22125,65-100,2021,11024
22125,0-16,2022,8489
22125,16-64,2022,33538
22125,65-100,2022,11278
22126,0-16,2003,6
22126,16-64,2003,68
22126,65-100,2003,40
22126,0-16,2004,9
22126,16-64,2004,66
22126,65-100,2004,42
22126,0-16,2005,8
22126,16-64,2005,63
22126,65-100,2005,43
22126,0-16,2006,6
22126,16-64,2006,65
22126,65-100,2006,39
22126,0-16,2007,8
22126,16-64,2007,68
22126,65-100,2007,40
22126,0-16,2008,8
22126,16-64,2008,68
22126,65-100,2008,38
22126,0-16,2009,6
22126,16-64,2009,65
22126,65-100,2009,39
22126,0-16,2010,8
22126,16-64,2010,62
22126,65-100,2010,38
22126,0-16,2011,6
22126,16-64,2011,62
22126,65-100,2011,41
22126,0-16,2012,9
22126,16-64,2012,63
22126,65-100,2012,41
22126,0-16,2013,14
22126,16-64,2013,64
22126,65-100,2013,43
22126,0-16,2014,12
22126,16-64,2014,65
22126,65-100,2014,42
22126,0-16,2015,12
22126,16-64,2015,62
22126,65-100,2015,36
22126,0-16,2016,7
22126,16-64,2016,55
22126,65-100,2016,38
22126,0-16,2017,7
22126,16-64,2017,55
22126,65-100,2017,38
22126,0-16,2018,5
22126,16-64,2018,54
22126,65-100,2018,38
22126,0-16,2019,5
22126,16-64,2019,54
22126,65-100,2019,37
22126,0-16,2020,5
22126,16-64,2020,55
22126,65-100,2020,40
22126,0-16,2021,5
22126,16-64,2021,61
22126,65-100,2021,47
22126,0-16,2022,3
22126,16-64,2022,60
22126,65-100,2022,47
22127,0-16,2003,55
22127,16-64,2003,193
22127,65-100,2003,76
22127,0-16,2004,66
22127,16-64,2004,218
22127,65-100,2004,78
22127,0-16,2005,73
22127,16-64,2005,253
22127,65-100,2005,89
22127,0-16,2006,83
22127,16-64,2006,290
22127,65-100,2006,83
22127,0-16,2007,102
22127,16-64,2007,336
22127,65-100,2007,76
22127,0-16,2008,107
22127,16-64,2008,349
22127,65-100,2008,74
22127,0-16,2009,131
22127,16-64,2009,395
22127,65-100,2009,72
22127,0-16,2010,140
22127,16-64,2010,415
22127,65-100,2010,72
22127,0-16,2011,152
22127,16-64,2011,444
22127,65-100,2011,70
22127,0-16,2012,154
22127,16-64,2012,433
22127,65-100,2012,71
22127,0-16,2013,164
22127,16-64,2013,435
22127,65-100,2013,76
22127,0-16,2014,168
22127,16-64,2014,456
22127,65-100,2014,76
22127,0-16,2015,172
22127,16-64,2015,449
22127,65-100,2015,71
22127,0-16,2016,169
22127,16-64,2016,465
22127,65-100,2016,77
22127,0-16,2017,152
22127,16-64,2017,455
22127,65-100,2017,79
22127,0-16,2018,154
22127,16-64,2018,471
22127,65-100,2018,80
22127,0-16,2019,154
22127,16-64,2019,487
22127,65-100,2019,82
22127,0-16,2020,147
22127,16-64,2020,473
22127,65-100,2020,75
22127,0-16,2021,139
22127,16-64,2021,480
22127,65-100,2021,84
22127,0-16,2022,136
22127,16-64,2022,484
22127,65-100,2022,83
22128,0-16,2003,21
22128,16-64,2003,155
22128,65-100,2003,88
22128,0-16,2004,18
22128,16-64,2004,154
22128,65-100,2004,89
22128,0-16,2005,18
22128,16-64,2005,156
22128,65-100,2005,89
22128,0-16,2006,18
22128,16-64,2006,165
22128,65-100,2006,92
22128,0-16,2007,17
22128,16-64,2007,165
22128,65-100,2007,91
22128,0-16,2008,18
22128,16-64,2008,162
22128,65-100,2008,91
22128,0-16,2009,17
22128,16-64,2009,153
22128,65-100,2009,89
22128,0-16,2010,17
22128,16-64,2010,145
22128,65-100,2010,84
22128,0-16,2011,14
22128,16-64,2011,141
22128,65-100,2011,82
22128,0-16,2012,13
22128,16-64,2012,131
22128,65-100,2012,82
22128,0-16,2013,15
22128,16-64,2013,114
22128,65-100,2013,82
22128,0-16,2014,13
22128,16-64,2014,115
22128,65-100,2014,86
22128,0-16,2015,10
22128,16-64,2015,115
22128,65-100,2015,83
22128,0-16,2016,9
22128,16-64,2016,123
22128,65-100,2016,79
22128,0-16,2017,8
22128,16-64,2017,125
22128,65-100,2017,80
22128,0-16,2018,8
22128,16-64,2018,127
22128,65-100,2018,77
22128,0-16,2019,9
22128,16-64,2019,123
22128,65-100,2019,79
22128,0-16,2020,7
22128,16-64,2020,113
22128,65-100,2020,77
22128,0-16,2021,6
22128,16-64,2021,104
22128,65-100,2021,75
22128,0-16,2022,5
22128,16-64,2022,109
22128,65-100,2022,74
22129,0-16,2003,27
22129,16-64,2003,164
22129,65-100,2003,91
22129,0-16,2004,29
22129,16-64,2004,163
22129,65-100,2004,86
22129,0-16,2005,26
22129,16-64,2005,170
22129,65-100,2005,85
22129,0-16,2006,38
22129,16-64,2006,176
22129,65-100,2006,88
22129,0-16,2007,38
22129,16-64,2007,173
22129,65-100,2007,82
22129,0-16,2008,36
22129,16-64,2008,201
22129,65-100,2008,83
22129,0-16,2009,39
22129,16-64,2009,210
22129,65-100,2009,78
22129,0-16,2010,32
22129,16-64,2010,204
22129,65-100,2010,77
22129,0-16,2011,30
22129,16-64,2011,202
22129,65-100,2011,73
22129,0-16,2012,28
22129,16-64,2012,205
22129,65-100,2012,74
22129,0-16,2013,28
22129,16-64,2013,195
22129,65-100,2013,74
22129,0-16,2014,21
22129,16-64,2014,190
22129,65-100,2014,77
22129,0-16,2015,17
22129,16-64,2015,187
22129,65-100,2015,72
22129,0-16,2016,13
22129,16-64,2016,181
22129,65-100,2016,72
22129,0-16,2017,15
22129,16-64,2017,174
22129,65-100,2017,72
22129,0-16,2018,14
22129,16-64,2018,160
22129,65-100,2018,64
22129,0-16,2019,15
22129,16-64,2019,156
22129,65-100,2019,64
22129,0-16,2020,13
22129,16-64,2020,148
22129,65-100,2020,70
22129,0-16,2021,17
22129,16-64,2021,158
22129,65-100,2021,72
22129,0-16,2022,12
22129,16-64,2022,152
22129,65-100,2022,75
22130,0-16,2003,1765
22130,16-64,2003,7896
22130,65-100,2003,2402
22130,0-16,2004,1812
22130,16-64,2004,8115
22130,65-100,2004,2395
22130,0-16,2005,1878
22130,16-64,2005,8296
22130,65-100,2005,2379
22130,0-16,2006,1898
22130,16-64,2006,8456
22130,65-100,2006,2382
22130,0-16,2007,1895
22130,16-64,2007,8503
22130,65-100,2007,2361
22130,0-16,2008,1993
22130,16-64,2008,8848
22130,65-100,2008,2352
22130,0-16,2009,2038
22130,16-64,2009,8979
22130,65-100,2009,2379
22130,0-16,2010,2052
22130,16-64,2010,8939
22130,65-100,2010,2383
22130,0-16,2011,2043
22130,16-64,2011,8877
22130,65-100,2011,2379
22130,0-16,2012,2026
22130,16-64,2012,8822
22130,65-100,2012,2400
22130,0-16,2013,2026
22130,16-64,2013,8777
22130,65-100,2013,2418
22130,0-16,2014,2023
22130,16-64,2014,8679
22130,65-100,2014,2419
22130,0-16,2015,2015
22130,16-64,2015,8633
22130,65-100,2015,2440
22130,0-16,2016,1995
22130,16-64,2016,8515
22130,65-100,2016,2419
22130,0-16,2017,1964
22130,16-64,2017,8500
22130,65-100,2017,2425
22130,0-16,2018,1934
22130,16-64,2018,8438
22130,65-100,2018,2441
22130,0-16,2019,1954
22130,16-64,2019,8551
22130,65-100,2019,2483
22130,0-16,2020,1983
22130,16-64,2020,8623
22130,65-100,2020,2523
22130,0-16,2021,1963
22130,16-64,2021,8813
22130,65-100,2021,2568
22130,0-16,2022,1946
22130,16-64,2022,8855
22130,65-100,2022,2636
22131,0-16,2003,10
22131,16-64,2003,70
22131,65-100,2003,35
22131,0-16,2004,8
22131,16-64,2004,84
22131,65-100,2004,36
22131,0-16,2005,7
22131,16-64,2005,83
22131,65-100,2005,34
22131,0-16,2006,8
22131,16-64,2006,84
22131,65-100,2006,32
22131,0-16,2007,10
22131,16-64,2007,82
22131,65-100,2007,29
22131,0-16,2008,10
22131,16-64,2008,82
22131,65-100,2008,30
22131,0-16,2009,10
22131,16-64,2009,85
22131,65-100,2009,30
22131,0-16,2010,9
22131,16-64,2010,77
22131,65-100,2010,30
22131,0-16,2011,9
22131,16-64,2011,76
22131,65-100,2011,28
22131,0-16,2012,9
22131,16-64,2012,71
22131,65-100,2012,32
22131,0-16,2013,9
22131,16-64,2013,64
22131,65-100,2013,29
22131,0-16,2014,10
22131,16-64,2014,72
22131,65-100,2014,29
22131,0-16,2015,12
22131,16-64,2015,65
22131,65-100,2015,27
22131,0-16,2016,11
22131,16-64,2016,60
22131,65-100,2016,27
22131,0-16,2017,8
22131,16-64,2017,63
22131,65-100,2017,23
22131,0-16,2018,7
22131,16-64,2018,60
22131,65-100,2018,25
22131,0-16,2019,7
22131,16-64,2019,60
22131,65-100,2019,25
22131,0-16,2020,9
22131,16-64,2020,59
22131,65-100,2020,28
22131,0-16,2021,9
22131,16-64,2021,57
22131,65-100,2021,28
22131,0-16,2022,12
22131,16-64,2022,66
22131,65-100,2022,27
22133,0-16,2003,22
22133,16-64,2003,89
22133,65-100,2003,56
22133,0-16,2004,20
22133,16-64,2004,89
22133,65-100,2004,57
22133,0-16,2005,21
22133,16-64,2005,95
22133,65-100,2005,55
22133,0-16,2006,20
22133,16-64,2006,98
22133,65-100,2006,51
22133,0-16,2007,18
22133,16-64,2007,109
22133,65-100,2007,50
22133,0-16,2008,20
22133,16-64,2008,111
22133,65-100,2008,49
22133,0-16,2009,21
22133,16-64,2009,110
22133,65-100,2009,41
22133,0-16,2010,18
22133,16-64,2010,113
22133,65-100,2010,36
22133,0-16,2011,19
22133,16-64,2011,114
22133,65-100,2011,36
22133,0-16,2012,15
22133,16-64,2012,109
22133,65-100,2012,32
22133,0-16,2013,16
22133,16-64,2013,108
22133,65-100,2013,32
22133,0-16,2014,17
22133,16-64,2014,106
22133,65-100,2014,32
22133,0-16,2015,20
22133,16-64,2015,114
22133,65-100,2015,33
22133,0-16,2016,19
22133,16-64,2016,109
22133,65-100,2016,30
22133,0-16,2017,20
22133,16-64,2017,108
22133,65-100,2017,29
22133,0-16,2018,18
22133,16-64,2018,115
22133,65-100,2018,29
22133,0-16,2019,22
22133,16-64,2019,110
22133,65-100,2019,30
22133,0-16,2020,23
22133,16-64,2020,102
22133,65-100,2020,30
22133,0-16,2021,21
22133,16-64,2021,102
22133,65-100,2021,31
22133,0-16,2022,20
22133,16-64,2022,93
22133,65-100,2022,33
22135,0-16,2003,16
22135,16-64,2003,145
22135,65-100,2003,89
22135,0-16,2004,14
22135,16-64,2004,148
22135,65-100,2004,86
22135,0-16,2005,14
22135,16-64,2005,146
22135,65-100,2005,87
22135,0-16,2006,16
22135,16-64,2006,143
22135,65-100,2006,85
22135,0-16,2007,12
22135,16-64,2007,140
22135,65-100,2007,82
22135,0-16,2008,9
22135,16-64,2008,144
22135,65-100,2008,80
22135,0-16,2009,12
22135,16-64,2009,136
22135,65-100,2009,85
22135,0-16,2010,12
22135,16-64,2010,126
22135,65-100,2010,82
22135,0-16,2011,12
22135,16-64,2011,117
22135,65-100,2011,87
22135,0-16,2012,15
22135,16-64,2012,118
22135,65-100,2012,88
22135,0-16,2013,17
22135,16-64,2013,119
22135,65-100,2013,89
22135,0-16,2014,13
22135,16-64,2014,117
22135,65-100,2014,86
22135,0-16,2015,17
22135,16-64,2015,113
22135,65-100,2015,83
22135,0-16,2016,14
22135,16-64,2016,115
22135,65-100,2016,82
22135,0-16,2017,17
22135,16-64,2017,113
22135,65-100,2017,80
22135,0-16,2018,11
22135,16-64,2018,108
22135,65-100,2018,75
22135,0-16,2019,13
22135,16-64,2019,114
22135,65-100,2019,70
22135,0-16,2020,13
22135,16-64,2020,112
22135,65-100,2020,66
22135,0-16,2021,15
22135,16-64,2021,113
22135,65-100,2021,66
22135,0-16,2022,18
22135,16-64,2022,118
22135,65-100,2022,66
22136,0-16,2003,97
22136,16-64,2003,702
22136,65-100,2003,353
22136,0-16,2004,82
22136,16-64,2004,706
22136,65-100,2004,352
22136,0-16,2005,92
22136,16-64,2005,705
22136,65-100,2005,345
22136,0-16,2006,96
22136,16-64,2006,703
22136,65-100,2006,337
22136,0-16,2007,109
22136,16-64,2007,698
22136,65-100,2007,329
22136,0-16,2008,104
22136,16-64,2008,698
22136,65-100,2008,335
22136,0-16,2009,102
22136,16-64,2009,692
22136,65-100,2009,338
22136,0-16,2010,101
22136,16-64,2010,666
22136,65-100,2010,334
22136,0-16,2011,101
22136,16-64,2011,661
22136,65-100,2011,327
22136,0-16,2012,101
22136,16-64,2012,638
22136,65-100,2012,327
22136,0-16,2013,87
22136,16-64,2013,621
22136,65-100,2013,313
22136,0-16,2014,95
22136,16-64,2014,617
22136,65-100,2014,312
22136,0-16,2015,88
22136,16-64,2015,591
22136,65-100,2015,318
22136,0-16,2016,89
22136,16-64,2016,577
22136,65-100,2016,308
22136,0-16,2017,81
22136,16-64,2017,564
22136,65-100,2017,298
22136,0-16,2018,77
22136,16-64,2018,542
22136,65-100,2018,294
22136,0-16,2019,72
22136,16-64,2019,528
22136,65-100,2019,292
22136,0-16,2020,72
22136,16-64,2020,520
22136,65-100,2020,300
22136,0-16,2021,70
22136,16-64,2021,516
22136,65-100,2021,299
22136,0-16,2022,68
22136,16-64,2022,511
22136,65-100,2022,309
22137,0-16,2003,160
22137,16-64,2003,850
22137,65-100,2003,486
22137,0-16,2004,143
22137,16-64,2004,855
22137,65-100,2004,483
22137,0-16,2005,147
22137,16-64,2005,864
22137,65-100,2005,467
22137,0-16,2006,131
22137,16-64,2006,851
22137,65-100,2006,475
22137,0-16,2007,128
22137,16-64,2007,858
22137,65-100,2007,475
22137,0-16,2008,131
22137,16-64,2008,882
22137,65-100,2008,465
22137,0-16,2009,121
22137,16-64,2009,871
22137,65-100,2009,468
22137,0-16,2010,112
22137,16-64,2010,834
22137,65-100,2010,471
22137,0-16,2011,110
22137,16-64,2011,811
22137,65-100,2011,460
22137,0-16,2012,107
22137,16-64,2012,804
22137,65-100,2012,447
22137,0-16,2013,100
22137,16-64,2013,795
22137,65-100,2013,445
22137,0-16,2014,102
22137,16-64,2014,783
22137,65-100,2014,439
22137,0-16,2015,87
22137,16-64,2015,752
22137,65-100,2015,429
22137,0-16,2016,83
22137,16-64,2016,734
22137,65-100,2016,414
22137,0-16,2017,69
22137,16-64,2017,714
22137,65-100,2017,396
22137,0-16,2018,87
22137,16-64,2018,720
22137,65-100,2018,395
22137,0-16,2019,92
22137,16-64,2019,706
22137,65-100,2019,376
22137,0-16,2020,90
22137,16-64,2020,702
22137,65-100,2020,371
22137,0-16,2021,96
22137,16-64,2021,725
22137,65-100,2021,374
22137,0-16,2022,93
22137,16-64,2022,713
22137,65-100,2022,383
22139,0-16,2003,8
22139,16-64,2003,58
22139,65-100,2003,36
22139,0-16,2004,9
22139,16-64,2004,60
22139,65-100,2004,34
22139,0-16,2005,10
22139,16-64,2005,60
22139,65-100,2005,35
22139,0-16,2006,10
22139,16-64,2006,59
22139,65-100,2006,32
22139,0-16,2007,7
22139,16-64,2007,66
22139,65-100,2007,29
22139,0-16,2008,5
22139,16-64,2008,63
22139,65-100,2008,30
22139,0-16,2009,6
22139,16-64,2009,63
22139,65-100,2009,33
22139,0-16,2010,6
22139,16-64,2010,64
22139,65-100,2010,32
22139,0-16,2011,6
22139,16-64,2011,65
22139,65-100,2011,31
22139,0-16,2012,6
22139,16-64,2012,64
22139,65-100,2012,31
22139,0-16,2013,6
22139,16-64,2013,62
22139,65-100,2013,27
22139,0-16,2014,5
22139,16-64,2014,64
22139,65-100,2014,25
22139,0-16,2015,5
22139,16-64,2015,65
22139,65-100,2015,26
22139,0-16,2016,7
22139,16-64,2016,59
22139,65-100,2016,26
22139,0-16,2017,7
22139,16-64,2017,56
22139,65-100,2017,28
22139,0-16,2018,6
22139,16-64,2018,55
22139,65-100,2018,30
22139,0-16,2019,6
22139,16-64,2019,53
22139,65-100,2019,32
22139,0-16,2020,5
22139,16-64,2020,54
22139,65-100,2020,33
22139,0-16,2021,4
22139,16-64,2021,55
22139,65-100,2021,33
22139,0-16,2022,4
22139,16-64,2022,58
22139,65-100,2022,33
22141,0-16,2003,10
22141,16-64,2003,92
22141,65-100,2003,56
22141,0-16,2004,9
22141,16-64,2004,93
22141,65-100,2004,55
22141,0-16,2005,11
22141,16-64,2005,97
22141,65-100,2005,58
22141,0-16,2006,9
22141,16-64,2006,94
22141,65-100,2006,59
22141,0-16,2007,9
22141,16-64,2007,100
22141,65-100,2007,57
22141,0-16,2008,10
22141,16-64,2008,93
22141,65-100,2008,51
22141,0-16,2009,11
22141,16-64,2009,94
22141,65-100,2009,46
22141,0-16,2010,13
22141,16-64,2010,90
22141,65-100,2010,51
22141,0-16,2011,13
22141,16-64,2011,87
22141,65-100,2011,48
22141,0-16,2012,11
22141,16-64,2012,87
22141,65-100,2012,45
22141,0-16,2013,13
22141,16-64,2013,91
22141,65-100,2013,44
22141,0-16,2014,13
22141,16-64,2014,89
22141,65-100,2014,44
22141,0-16,2015,14
22141,16-64,2015,85
22141,65-100,2015,39
22141,0-16,2016,13
22141,16-64,2016,79
22141,65-100,2016,41
22141,0-16,2017,14
22141,16-64,2017,78
22141,65-100,2017,36
22141,0-16,2018,13
22141,16-64,2018,78
22141,65-100,2018,35
22141,0-16,2019,13
22141,16-64,2019,80
22141,65-100,2019,36
22141,0-16,2020,15
22141,16-64,2020,80
22141,65-100,2020,35
22141,0-16,2021,13
22141,16-64,2021,85
22141,65-100,2021,35
22141,0-16,2022,14
22141,16-64,2022,87
22141,65-100,2022,34
22142,0-16,2003,15
22142,16-64,2003,83
22142,65-100,2003,51
22142,0-16,2004,14
22142,16-64,2004,84
22142,65-100,2004,48
22142,0-16,2005,15
22142,16-64,2005,89
22142,65-100,2005,43
22142,0-16,2006,14
22142,16-64,2006,93
22142,65-100,2006,40
22142,0-16,2007,17
22142,16-64,2007,97
22142,65-100,2007,43
22142,0-16,2008,14
22142,16-64,2008,101
22142,65-100,2008,44
22142,0-16,2009,16
22142,16-64,2009,98
22142,65-100,2009,44
22142,0-16,2010,13
22142,16-64,2010,99
22142,65-100,2010,45
22142,0-16,2011,12
22142,16-64,2011,100
22142,65-100,2011,43
22142,0-16,2012,14
22142,16-64,2012,96
22142,65-100,2012,42
22142,0-16,2013,14
22142,16-64,2013,88
22142,65-100,2013,41
22142,0-16,2014,15
22142,16-64,2014,82
22142,65-100,2014,39
22142,0-16,2015,17
22142,16-64,2015,81
22142,65-100,2015,39
22142,0-16,2016,18
22142,16-64,2016,80
22142,65-100,2016,38
22142,0-16,2017,21
22142,16-64,2017,73
22142,65-100,2017,39
22142,0-16,2018,22
22142,16-64,2018,74
22142,65-100,2018,40
22142,0-16,2019,21
22142,16-64,2019,75
22142,65-100,2019,36
22142,0-16,2020,23
22142,16-64,2020,81
22142,65-100,2020,35
22142,0-16,2021,22
22142,16-64,2021,84
22142,65-100,2021,41
22142,0-16,2022,19
22142,16-64,2022,81
22142,65-100,2022,41
22143,0-16,2003,23
22143,16-64,2003,177
22143,65-100,2003,84
22143,0-16,2004,21
22143,16-64,2004,173
22143,65-100,2004,83
22143,0-16,2005,22
22143,16-64,2005,177
22143,65-100,2005,83
22143,0-16,2006,23
22143,16-64,2006,177
22143,65-100,2006,81
22143,0-16,2007,30
22143,16-64,2007,176
22143,65-100,2007,81
22143,0-16,2008,33
22143,16-64,2008,193
22143,65-100,2008,83
22143,0-16,2009,31
22143,16-64,2009,193
22143,65-100,2009,85
22143,0-16,2010,35
22143,16-64,2010,178
22143,65-100,2010,84
22143,0-16,2011,37
22143,16-64,2011,181
22143,65-100,2011,84
22143,0-16,2012,47
22143,16-64,2012,185
22143,65-100,2012,90
22143,0-16,2013,45
22143,16-64,2013,179
22143,65-100,2013,92
22143,0-16,2014,44
22143,16-64,2014,168
22143,65-100,2014,92
22143,0-16,2015,33
22143,16-64,2015,158
22143,65-100,2015,90
22143,0-16,2016,28
22143,16-64,2016,156
22143,65-100,2016,82
22143,0-16,2017,24
22143,16-64,2017,140
22143,65-100,2017,80
22143,0-16,2018,17
22143,16-64,2018,134
22143,65-100,2018,79
22143,0-16,2019,18
22143,16-64,2019,135
22143,65-100,2019,77
22143,0-16,2020,14
22143,16-64,2020,125
22143,65-100,2020,66
22143,0-16,2021,16
22143,16-64,2021,138
22143,65-100,2021,68
22143,0-16,2022,15
22143,16-64,2022,139
22143,65-100,2022,74
22144,0-16,2003,19
22144,16-64,2003,161
22144,65-100,2003,92
22144,0-16,2004,19
22144,16-64,2004,161
22144,65-100,2004,91
22144,0-16,2005,22
22144,16-64,2005,166
22144,65-100,2005,88
22144,0-16,2006,22
22144,16-64,2006,191
22144,65-100,2006,85
22144,0-16,2007,19
22144,16-64,2007,208
22144,65-100,2007,85
22144,0-16,2008,19
22144,16-64,2008,198
22144,65-100,2008,85
22144,0-16,2009,19
22144,16-64,2009,191
22144,65-100,2009,84
22144,0-16,2010,21
22144,16-64,2010,187
22144,65-100,2010,81
22144,0-16,2011,23
22144,16-64,2011,196
22144,65-100,2011,82
22144,0-16,2012,20
22144,16-64,2012,191
22144,65-100,2012,85
22144,0-16,2013,20
22144,16-64,2013,189
22144,65-100,2013,84
22144,0-16,2014,25
22144,16-64,2014,187
22144,65-100,2014,86
22144,0-16,2015,22
22144,16-64,2015,179
22144,65-100,2015,89
22144,0-16,2016,23
22144,16-64,2016,163
22144,65-100,2016,88
22144,0-16,2017,26
22144,16-64,2017,167
22144,65-100,2017,88
22144,0-16,2018,29
22144,16-64,2018,170
22144,65-100,2018,92
22144,0-16,2019,31
22144,16-64,2019,168
22144,65-100,2019,99
22144,0-16,2020,31
22144,16-64,2020,166
22144,65-100,2020,100
22144,0-16,2021,29
22144,16-64,2021,159
22144,65-100,2021,100
22144,0-16,2022,27
22144,16-64,2022,160
22144,65-100,2022,99
22149,0-16,2003,18
22149,16-64,2003,223
22149,65-100,2003,133
22149,0-16,2004,26
22149,16-64,2004,232
22149,65-100,2004,139
22149,0-16,2005,24
22149,16-64,2005,230
22149,65-100,2005,139
22149,0-16,2006,25
22149,16-64,2006,232
22149,65-100,2006,135
22149,0-16,2007,22
22149,16-64,2007,224
22149,65-100,2007,133
22149,0-16,2008,21
22149,16-64,2008,214
22149,65-100,2008,134
22149,0-16,2009,25
22149,16-64,2009,220
22149,65-100,2009,131
22149,0-16,2010,24
22149,16-64,2010,217
22149,65-100,2010,130
22149,0-16,2011,24
22149,16-64,2011,215
22149,65-100,2011,130
22149,0-16,2012,22
22149,16-64,2012,206
22149,65-100,2012,133
22149,0-16,2013,22
22149,16-64,2013,205
22149,65-100,2013,134
22149,0-16,2014,16
22149,16-64,2014,189
22149,65-100,2014,133
22149,0-16,2015,15
22149,16-64,2015,196
22149,65-100,2015,124
22149,0-16,2016,16
22149,16-64,2016,198
22149,65-100,2016,123
22149,0-16,2017,18
22149,16-64,2017,191
22149,65-100,2017,123
22149,0-16,2018,18
22149,16-64,2018,190
22149,65-100,2018,123
22149,0-16,2019,24
22149,16-64,2019,191
22149,65-100,2019,123
22149,0-16,2020,20
22149,16-64,2020,185
22149,65-100,2020,118
22149,0-16,2021,18
22149,16-64,2021,203
22149,65-100,2021,124
22149,0-16,2022,21
22149,16-64,2022,213
22149,65-100,2022,119
22150,0-16,2003,43
22150,16-64,2003,328
22150,65-100,2003,140
22150,0-16,2004,37
22150,16-64,2004,347
22150,65-100,2004,136
22150,0-16,2005,34
22150,16-64,2005,363
22150,65-100,2005,131
22150,0-16,2006,35
22150,16-64,2006,355
22150,65-100,2006,130
22150,0-16,2007,38
22150,16-64,2007,362
22150,65-100,2007,127
22150,0-16,2008,41
22150,16-64,2008,372
22150,65-100,2008,128
22150,0-16,2009,43
22150,16-64,2009,368
22150,65-100,2009,131
22150,0-16,2010,42
22150,16-64,2010,361
22150,65-100,2010,137
22150,0-16,2011,52
22150,16-64,2011,369
22150,65-100,2011,142
22150,0-16,2012,43
22150,16-64,2012,365
22150,65-100,2012,141
22150,0-16,2013,45
22150,16-64,2013,357
22150,65-100,2013,145
22150,0-16,2014,44
22150,16-64,2014,350
22150,65-100,2014,141
22150,0-16,2015,40
22150,16-64,2015,340
22150,65-100,2015,152
22150,0-16,2016,46
22150,16-64,2016,333
22150,65-100,2016,157
22150,0-16,2017,48
22150,16-64,2017,318
22150,65-100,2017,156
22150,0-16,2018,49
22150,16-64,2018,314
22150,65-100,2018,159
22150,0-16,2019,49
22150,16-64,2019,319
22150,65-100,2019,162
22150,0-16,2020,43
22150,16-64,2020,306
22150,65-100,2020,165
22150,0-16,2021,48
22150,16-64,2021,343
22150,65-100,2021,183
22150,0-16,2022,44
22150,16-64,2022,341
22150,65-100,2022,189
22151,0-16,2003,4
22151,16-64,2003,63
22151,65-100,2003,45
22151,0-16,2004,5
22151,16-64,2004,63
22151,65-100,2004,45
22151,0-16,2005,5
22151,16-64,2005,65
22151,65-100,2005,44
22151,0-16,2006,5
22151,16-64,2006,64
22151,65-100,2006,45
22151,0-16,2007,3
22151,16-64,2007,62
22151,65-100,2007,46
22151,0-16,2008,4
22151,16-64,2008,61
22151,65-100,2008,43
22151,0-16,2009,6
22151,16-64,2009,65
22151,65-100,2009,43
22151,0-16,2010,8
22151,16-64,2010,63
22151,65-100,2010,37
22151,0-16,2011,8
22151,16-64,2011,64
22151,65-100,2011,36
22151,0-16,2012,8
22151,16-64,2012,66
22151,65-100,2012,33
22151,0-16,2013,6
22151,16-64,2013,64
22151,65-100,2013,36
22151,0-16,2014,8
22151,16-64,2014,61
22151,65-100,2014,38
22151,0-16,2015,8
22151,16-64,2015,62
22151,65-100,2015,36
22151,0-16,2016,8
22151,16-64,2016,61
22151,65-100,2016,33
22151,0-16,2017,8
22151,16-64,2017,59
22151,65-100,2017,33
22151,0-16,2018,13
22151,16-64,2018,63
22151,65-100,2018,30
22151,0-16,2019,10
22151,16-64,2019,60
22151,65-100,2019,29
22151,0-16,2020,11
22151,16-64,2020,55
22151,65-100,2020,27
22151,0-16,2021,12
22151,16-64,2021,54
22151,65-100,2021,27
22151,0-16,2022,13
22151,16-64,2022,58
22151,65-100,2022,27
22155,0-16,2003,6
22155,16-64,2003,59
22155,65-100,2003,36
22155,0-16,2004,5
22155,16-64,2004,60
22155,65-100,2004,39
22155,0-16,2005,5
22155,16-64,2005,60
22155,65-100,2005,44
22155,0-16,2006,5
22155,16-64,2006,63
22155,65-100,2006,43
22155,0-16,2007,5
22155,16-64,2007,61
22155,65-100,2007,42
22155,0-16,2008,4
22155,16-64,2008,64
22155,65-100,2008,43
22155,0-16,2009,4
22155,16-64,2009,62
22155,65-100,2009,45
22155,0-16,2010,3
22155,16-64,2010,58
22155,65-100,2010,45
22155,0-16,2011,3
22155,16-64,2011,56
22155,65-100,2011,41
22155,0-16,2012,2
22155,16-64,2012,55
22155,65-100,2012,38
22155,0-16,2013,2
22155,16-64,2013,55
22155,65-100,2013,36
22155,0-16,2014,1
22155,16-64,2014,51
22155,65-100,2014,36
22155,0-16,2015,1
22155,16-64,2015,52
22155,65-100,2015,34
22155,0-16,2016,3
22155,16-64,2016,50
22155,65-100,2016,31
22155,0-16,2017,2
22155,16-64,2017,46
22155,65-100,2017,29
22155,0-16,2018,2
22155,16-64,2018,45
22155,65-100,2018,26
22155,0-16,2019,4
22155,16-64,2019,48
22155,65-100,2019,24
22155,0-16,2020,2
22155,16-64,2020,47
22155,65-100,2020,23
22155,0-16,2021,2
22155,16-64,2021,41
22155,65-100,2021,26
22155,0-16,2022,2
22155,16-64,2022,37
22155,65-100,2022,27
22156,0-16,2003,25
22156,16-64,2003,131
22156,65-100,2003,51
22156,0-16,2004,30
22156,16-64,2004,134
22156,65-100,2004,53
22156,0-16,2005,33
22156,16-64,2005,148
22156,65-100,2005,48
22156,0-16,2006,31
22156,16-64,2006,163
22156,65-100,2006,46
22156,0-16,2007,34
22156,16-64,2007,186
22156,65-100,2007,47
22156,0-16,2008,34
22156,16-64,2008,202
22156,65-100,2008,45
22156,0-16,2009,39
22156,16-64,2009,213
22156,65-100,2009,44
22156,0-16,2010,50
22156,16-64,2010,215
22156,65-100,2010,47
22156,0-16,2011,51
22156,16-64,2011,219
22156,65-100,2011,45
22156,0-16,2012,44
22156,16-64,2012,216
22156,65-100,2012,41
22156,0-16,2013,45
22156,16-64,2013,219
22156,65-100,2013,40
22156,0-16,2014,42
22156,16-64,2014,213
22156,65-100,2014,40
22156,0-16,2015,48
22156,16-64,2015,217
22156,65-100,2015,48
22156,0-16,2016,60
22156,16-64,2016,253
22156,65-100,2016,47
22156,0-16,2017,64
22156,16-64,2017,273
22156,65-100,2017,42
22156,0-16,2018,77
22156,16-64,2018,278
22156,65-100,2018,48
22156,0-16,2019,78
22156,16-64,2019,277
22156,65-100,2019,49
22156,0-16,2020,83
22156,16-64,2020,275
22156,65-100,2020,47
22156,0-16,2021,91
22156,16-64,2021,286
22156,65-100,2021,55
22156,0-16,2022,96
22156,16-64,2022,288
22156,65-100,2022,58
22157,0-16,2003,15
22157,16-64,2003,187
22157,65-100,2003,90
22157,0-16,2004,16
22157,16-64,2004,199
22157,65-100,2004,93
22157,0-16,2005,17
22157,16-64,2005,202
22157,65-100,2005,89
22157,0-16,2006,20
22157,16-64,2006,200
22157,65-100,2006,91
22157,0-16,2007,18
22157,16-64,2007,202
22157,65-100,2007,88
22157,0-16,2008,15
22157,16-64,2008,209
22157,65-100,2008,83
22157,0-16,2009,14
22157,16-64,2009,203
22157,65-100,2009,79
22157,0-16,2010,12
22157,16-64,2010,192
22157,65-100,2010,81
22157,0-16,2011,13
22157,16-64,2011,188
22157,65-100,2011,83
22157,0-16,2012,10
22157,16-64,2012,178
22157,65-100,2012,77
22157,0-16,2013,14
22157,16-64,2013,174
22157,65-100,2013,65
22157,0-16,2014,13
22157,16-64,2014,161
22157,65-100,2014,63
22157,0-16,2015,14
22157,16-64,2015,147
22157,65-100,2015,60
22157,0-16,2016,16
22157,16-64,2016,151
22157,65-100,2016,56
22157,0-16,2017,16
22157,16-64,2017,150
22157,65-100,2017,54
22157,0-16,2018,18
22157,16-64,2018,147
22157,65-100,2018,50
22157,0-16,2019,13
22157,16-64,2019,146
22157,65-100,2019,53
22157,0-16,2020,12
22157,16-64,2020,144
22157,65-100,2020,54
22157,0-16,2021,12
22157,16-64,2021,145
22157,65-100,2021,58
22157,0-16,2022,9
22157,16-64,2022,151
22157,65-100,2022,64
22158,0-16,2003,2328
22158,16-64,2003,9934
22158,65-100,2003,3133
22158,0-16,2004,2343
22158,16-64,2004,9973
22158,65-100,2004,3141
22158,0-16,2005,2441
22158,16-64,2005,10233
22158,65-100,2005,3132
22158,0-16,2006,2563
22158,16-64,2006,10481
22158,65-100,2006,3156
22158,0-16,2007,2611
22158,16-64,2007,10462
22158,65-100,2007,3144
22158,0-16,2008,2763
22158,16-64,2008,10831
22158,65-100,2008,3155
22158,0-16,2009,2817
22158,16-64,2009,11098
22158,65-100,2009,3127
22158,0-16,2010,2879
22158,16-64,2010,11104
22158,65-100,2010,3132
22158,0-16,2011,2933
22158,16-64,2011,11107
22158,65-100,2011,3175
22158,0-16,2012,2931
22158,16-64,2012,11149
22158,65-100,2012,3183
22158,0-16,2013,2935
22158,16-64,2013,11151
22158,65-100,2013,3204
22158,0-16,2014,2936
22158,16-64,2014,11019
22158,65-100,2014,3221
22158,0-16,2015,2986
22158,16-64,2015,11037
22158,65-100,2015,3237
22158,0-16,2016,2999
22158,16-64,2016,11006
22158,65-100,2016,3232
22158,0-16,2017,2989
22158,16-64,2017,10937
22158,65-100,2017,3240
22158,0-16,2018,2945
22158,16-64,2018,10877
22158,65-100,2018,3239
22158,0-16,2019,2996
22158,16-64,2019,10957
22158,65-100,2019,3283
22158,0-16,2020,3012
22158,16-64,2020,11159
22158,65-100,2020,3298
22158,0-16,2021,2932
22158,16-64,2021,11130
22158,65-100,2021,3300
22158,0-16,2022,2944
22158,16-64,2022,11357
22158,65-100,2022,3349
22160,0-16,2003,30
22160,16-64,2003,175
22160,65-100,2003,90
22160,0-16,2004,28
22160,16-64,2004,177
22160,65-100,2004,91
22160,0-16,2005,32
22160,16-64,2005,185
22160,65-100,2005,85
22160,0-16,2006,30
22160,16-64,2006,184
22160,65-100,2006,82
22160,0-16,2007,30
22160,16-64,2007,181
22160,65-100,2007,77
22160,0-16,2008,28
22160,16-64,2008,170
22160,65-100,2008,72
22160,0-16,2009,25
22160,16-64,2009,173
22160,65-100,2009,68
22160,0-16,2010,23
22160,16-64,2010,172
22160,65-100,2010,70
22160,0-16,2011,21
22160,16-64,2011,166
22160,65-100,2011,71
22160,0-16,2012,21
22160,16-64,2012,160
22160,65-100,2012,69
22160,0-16,2013,21
22160,16-64,2013,157
22160,65-100,2013,72
22160,0-16,2014,25
22160,16-64,2014,155
22160,65-100,2014,76
22160,0-16,2015,30
22160,16-64,2015,156
22160,65-100,2015,73
22160,0-16,2016,33
22160,16-64,2016,159
22160,65-100,2016,72
22160,0-16,2017,32
22160,16-64,2017,167
22160,65-100,2017,71
22160,0-16,2018,34
22160,16-64,2018,162
22160,65-100,2018,73
22160,0-16,2019,35
22160,16-64,2019,165
22160,65-100,2019,75
22160,0-16,2020,30
22160,16-64,2020,165
22160,65-100,2020,70
22160,0-16,2021,33
22160,16-64,2021,162
22160,65-100,2021,66
22160,0-16,2022,32
22160,16-64,2022,163
22160,65-100,2022,68
22162,0-16,2003,19
22162,16-64,2003,105
22162,65-100,2003,58
22162,0-16,2004,20
22162,16-64,2004,110
22162,65-100,2004,61
22162,0-16,2005,18
22162,16-64,2005,114
22162,65-100,2005,59
22162,0-16,2006,12
22162,16-64,2006,111
22162,65-100,2006,56
22162,0-16,2007,12
22162,16-64,2007,111
22162,65-100,2007,58
22162,0-16,2008,12
22162,16-64,2008,104
22162,65-100,2008,58
22162,0-16,2009,16
22162,16-64,2009,110
22162,65-100,2009,54
22162,0-16,2010,17
22162,16-64,2010,114
22162,65-100,2010,50
22162,0-16,2011,16
22162,16-64,2011,110
22162,65-100,2011,49
22162,0-16,2012,18
22162,16-64,2012,111
22162,65-100,2012,48
22162,0-16,2013,20
22162,16-64,2013,113
22162,65-100,2013,50
22162,0-16,2014,18
22162,16-64,2014,110
22162,65-100,2014,48
22162,0-16,2015,23
22162,16-64,2015,110
22162,65-100,2015,50
22162,0-16,2016,23
22162,16-64,2016,108
22162,65-100,2016,46
22162,0-16,2017,17
22162,16-64,2017,94
22162,65-100,2017,44
22162,0-16,2018,16
22162,16-64,2018,97
22162,65-100,2018,42
22162,0-16,2019,15
22162,16-64,2019,97
22162,65-100,2019,44
22162,0-16,2020,15
22162,16-64,2020,97
22162,65-100,2020,40
22162,0-16,2021,12
22162,16-64,2021,95
22162,65-100,2021,40
22162,0-16,2022,17
22162,16-64,2022,101
22162,65-100,2022,37
22163,0-16,2003,40
22163,16-64,2003,283
22163,65-100,2003,71
22163,0-16,2004,43
22163,16-64,2004,307
22163,65-100,2004,73
22163,0-16,2005,48
22163,16-64,2005,311
22163,65-100,2005,74
22163,0-16,2006,56
22163,16-64,2006,358
22163,65-100,2006,78
22163,0-16,2007,64
22163,16-64,2007,376
22163,65-100,2007,81
22163,0-16,2008,69
22163,16-64,2008,374
22163,65-100,2008,81
22163,0-16,2009,76
22163,16-64,2009,395
22163,65-100,2009,84
22163,0-16,2010,84
22163,16-64,2010,387
22163,65-100,2010,86
22163,0-16,2011,87
22163,16-64,2011,385
22163,65-100,2011,87
22163,0-16,2012,91
22163,16-64,2012,389
22163,65-100,2012,87
22163,0-16,2013,96
22163,16-64,2013,375
22163,65-100,2013,87
22163,0-16,2014,97
22163,16-64,2014,370
22163,65-100,2014,91
22163,0-16,2015,91
22163,16-64,2015,361
22163,65-100,2015,100
22163,0-16,2016,84
22163,16-64,2016,356
22163,65-100,2016,113
22163,0-16,2017,80
22163,16-64,2017,339
22163,65-100,2017,118
22163,0-16,2018,87
22163,16-64,2018,319
22163,65-100,2018,126
22163,0-16,2019,87
22163,16-64,2019,328
22163,65-100,2019,122
22163,0-16,2020,85
22163,16-64,2020,335
22163,65-100,2020,126
22163,0-16,2021,90
22163,16-64,2021,356
22163,65-100,2021,141
22163,0-16,2022,93
22163,16-64,2022,350
22163,65-100,2022,141
22164,0-16,2003,1
22164,16-64,2003,42
22164,65-100,2003,25
22164,0-16,2004,2
22164,16-64,2004,51
22164,65-100,2004,26
22164,0-16,2005,2
22164,16-64,2005,40
22164,65-100,2005,25
22164,0-16,2006,2
22164,16-64,2006,38
22164,65-100,2006,25
22164,0-16,2007,5
22164,16-64,2007,45
22164,65-100,2007,27
22164,0-16,2008,5
22164,16-64,2008,39
22164,65-100,2008,26
22164,0-16,2009,7
22164,16-64,2009,33
22164,65-100,2009,21
22164,0-16,2010,7
22164,16-64,2010,32
22164,65-100,2010,19
22164,0-16,2011,7
22164,16-64,2011,27
22164,65-100,2011,21
22164,0-16,2012,7
22164,16-64,2012,25
22164,65-100,2012,21
22164,0-16,2013,12
22164,16-64,2013,26
22164,65-100,2013,24
22164,0-16,2014,12
22164,16-64,2014,24
22164,65-100,2014,21
22164,0-16,2015,8
22164,16-64,2015,18
22164,65-100,2015,19
22164,0-16,2016,9
22164,16-64,2016,18
22164,65-100,2016,18
22164,0-16,2017,10
22164,16-64,2017,18
22164,65-100,2017,20
22164,0-16,2018,10
22164,16-64,2018,17
22164,65-100,2018,23
22164,0-16,2019,9
22164,16-64,2019,24
22164,65-100,2019,22
22164,0-16,2020,9
22164,16-64,2020,22
22164,65-100,2020,25
22164,0-16,2021,9
22164,16-64,2021,24
22164,65-100,2021,25
22164,0-16,2022,11
22164,16-64,2022,27
22164,65-100,2022,29
22165,0-16,2003,68
22165,16-64,2003,345
22165,65-100,2003,224
22165,0-16,2004,69
22165,16-64,2004,347
22165,65-100,2004,207
22165,0-16,2005,68
22165,16-64,2005,351
22165,65-100,2005,202
22165,0-16,2006,65
22165,16-64,2006,343
22165,65-100,2006,200
22165,0-16,2007,66
22165,16-64,2007,348
22165,65-100,2007,196
22165,0-16,2008,64
22165,16-64,2008,354
22165,65-100,2008,199
22165,0-16,2009,57
22165,16-64,2009,351
22165,65-100,2009,194
22165,0-16,2010,50
22165,16-64,2010,350
22165,65-100,2010,186
22165,0-16,2011,56
22165,16-64,2011,354
22165,65-100,2011,187
22165,0-16,2012,51
22165,16-64,2012,350
22165,65-100,2012,183
22165,0-16,2013,49
22165,16-64,2013,349
22165,65-100,2013,187
22165,0-16,2014,47
22165,16-64,2014,341
22165,65-100,2014,182
22165,0-16,2015,52
22165,16-64,2015,341
22165,65-100,2015,176
22165,0-16,2016,50
22165,16-64,2016,336
22165,65-100,2016,174
22165,0-16,2017,35
22165,16-64,2017,328
22165,65-100,2017,174
22165,0-16,2018,39
22165,16-64,2018,324
22165,65-100,2018,170
22165,0-16,2019,33
22165,16-64,2019,323
22165,65-100,2019,162
22165,0-16,2020,33
22165,16-64,2020,314
22165,65-100,2020,161
22165,0-16,2021,36
22165,16-64,2021,302
22165,65-100,2021,162
22165,0-16,2022,34
22165,16-64,2022,318
22165,65-100,2022,162
22167,0-16,2003,103
22167,16-64,2003,498
22167,65-100,2003,165
22167,0-16,2004,88
22167,16-64,2004,489
22167,65-100,2004,169
22167,0-16,2005,90
22167,16-64,2005,499
22167,65-100,2005,169
22167,0-16,2006,92
22167,16-64,2006,487
22167,65-100,2006,170
22167,0-16,2007,84
22167,16-64,2007,484
22167,65-100,2007,167
22167,0-16,2008,85
22167,16-64,2008,516
22167,65-100,2008,173
22167,0-16,2009,79
22167,16-64,2009,524
22167,65-100,2009,179
22167,0-16,2010,88
22167,16-64,2010,474
22167,65-100,2010,173
22167,0-16,2011,92
22167,16-64,2011,502
22167,65-100,2011,174
22167,0-16,2012,89
22167,16-64,2012,537
22167,65-100,2012,180
22167,0-16,2013,76
22167,16-64,2013,547
22167,65-100,2013,182
22167,0-16,2014,71
22167,16-64,2014,522
22167,65-100,2014,178
22167,0-16,2015,71
22167,16-64,2015,502
22167,65-100,2015,173
22167,0-16,2016,68
22167,16-64,2016,486
22167,65-100,2016,175
22167,0-16,2017,68
22167,16-64,2017,447
22167,65-100,2017,176
22167,0-16,2018,64
22167,16-64,2018,448
22167,65-100,2018,175
22167,0-16,2019,60
22167,16-64,2019,451
22167,65-100,2019,170
22167,0-16,2020,53
22167,16-64,2020,459
22167,65-100,2020,166
22167,0-16,2021,55
22167,16-64,2021,444
22167,65-100,2021,172
22167,0-16,2022,56
22167,16-64,2022,417
22167,65-100,2022,177
22168,0-16,2003,6
22168,16-64,2003,23
22168,65-100,2003,18
22168,0-16,2004,2
22168,16-64,2004,19
22168,65-100,2004,14
22168,0-16,2005,2
22168,16-64,2005,19
22168,65-100,2005,16
22168,0-16,2006,0
22168,16-64,2006,25
22168,65-100,2006,13
22168,0-16,2007,0
22168,16-64,2007,28
22168,65-100,2007,10
22168,0-16,2008,0
22168,16-64,2008,23
22168,65-100,2008,9
22168,0-16,2009,0
22168,16-64,2009,17
22168,65-100,2009,11
22168,0-16,2010,0
22168,16-64,2010,13
22168,65-100,2010,11
22168,0-16,2011,1
22168,16-64,2011,17
22168,65-100,2011,11
22168,0-16,2012,1
22168,16-64,2012,15
22168,65-100,2012,14
22168,0-16,2013,1
22168,16-64,2013,12
22168,65-100,2013,10
22168,0-16,2014,2
22168,16-64,2014,11
22168,65-100,2014,9
22168,0-16,2015,2
22168,16-64,2015,13
22168,65-100,2015,9
22168,0-16,2016,2
22168,16-64,2016,12
22168,65-100,2016,10
22168,0-16,2017,2
22168,16-64,2017,13
22168,65-100,2017,11
22168,0-16,2018,2
22168,16-64,2018,13
22168,65-100,2018,12
22168,0-16,2019,2
22168,16-64,2019,14
22168,65-100,2019,11
22168,0-16,2020,2
22168,16-64,2020,13
22168,65-100,2020,11
22168,0-16,2021,2
22168,16-64,2021,14
22168,65-100,2021,12
22168,0-16,2022,2
22168,16-64,2022,17
22168,65-100,2022,11
22170,0-16,2003,112
22170,16-64,2003,493
22170,65-100,2003,126
22170,0-16,2004,107
22170,16-64,2004,487
22170,65-100,2004,124
22170,0-16,2005,112
22170,16-64,2005,496
22170,65-100,2005,123
22170,0-16,2006,119
22170,16-64,2006,498
22170,65-100,2006,123
22170,0-16,2007,116
22170,16-64,2007,537
22170,65-100,2007,123
22170,0-16,2008,114
22170,16-64,2008,603
22170,65-100,2008,120
22170,0-16,2009,116
22170,16-64,2009,591
22170,65-100,2009,125
22170,0-16,2010,108
22170,16-64,2010,579
22170,65-100,2010,132
22170,0-16,2011,109
22170,16-64,2011,580
22170,65-100,2011,131
22170,0-16,2012,94
22170,16-64,2012,566
22170,65-100,2012,130
22170,0-16,2013,98
22170,16-64,2013,537
22170,65-100,2013,130
22170,0-16,2014,87
22170,16-64,2014,538
22170,65-100,2014,132
22170,0-16,2015,80
22170,16-64,2015,548
22170,65-100,2015,134
22170,0-16,2016,88
22170,16-64,2016,553
22170,65-100,2016,133
22170,0-16,2017,88
22170,16-64,2017,575
22170,65-100,2017,132
22170,0-16,2018,90
22170,16-64,2018,572
22170,65-100,2018,124
22170,0-16,2019,80
22170,16-64,2019,582
22170,65-100,2019,122
22170,0-16,2020,78
22170,16-64,2020,585
22170,65-100,2020,137
22170,0-16,2021,84
22170,16-64,2021,624
22170,65-100,2021,141
22170,0-16,2022,90
22170,16-64,2022,649
22170,65-100,2022,148
22172,0-16,2003,87
22172,16-64,2003,475
22172,65-100,2003,202
22172,0-16,2004,78
22172,16-64,2004,455
22172,65-100,2004,209
22172,0-16,2005,68
22172,16-64,2005,452
22172,65-100,2005,207
22172,0-16,2006,82
22172,16-64,2006,465
22172,65-100,2006,209
22172,0-16,2007,76
22172,16-64,2007,466
22172,65-100,2007,211
22172,0-16,2008,70
22172,16-64,2008,463
22172,65-100,2008,216
22172,0-16,2009,71
22172,16-64,2009,455
22172,65-100,2009,215
22172,0-16,2010,78
22172,16-64,2010,470
22172,65-100,2010,213
22172,0-16,2011,79
22172,16-64,2011,478
22172,65-100,2011,208
22172,0-16,2012,76
22172,16-64,2012,478
22172,65-100,2012,205
22172,0-16,2013,74
22172,16-64,2013,446
22172,65-100,2013,200
22172,0-16,2014,71
22172,16-64,2014,418
22172,65-100,2014,202
22172,0-16,2015,74
22172,16-64,2015,424
22172,65-100,2015,197
22172,0-16,2016,73
22172,16-64,2016,421
22172,65-100,2016,194
22172,0-16,2017,69
22172,16-64,2017,405
22172,65-100,2017,188
22172,0-16,2018,59
22172,16-64,2018,376
22172,65-100,2018,187
22172,0-16,2019,50
22172,16-64,2019,375
22172,65-100,2019,186
22172,0-16,2020,57
22172,16-64,2020,404
22172,65-100,2020,183
22172,0-16,2021,60
22172,16-64,2021,445
22172,65-100,2021,187
22172,0-16,2022,62
22172,16-64,2022,517
22172,65-100,2022,178
22173,0-16,2003,10
22173,16-64,2003,146
22173,65-100,2003,116
22173,0-16,2004,10
22173,16-64,2004,156
22173,65-100,2004,116
22173,0-16,2005,13
22173,16-64,2005,169
22173,65-100,2005,115
22173,0-16,2006,14
22173,16-64,2006,172
22173,65-100,2006,109
22173,0-16,2007,13
22173,16-64,2007,176
22173,65-100,2007,108
22173,0-16,2008,13
22173,16-64,2008,163
22173,65-100,2008,103
22173,0-16,2009,13
22173,16-64,2009,156
22173,65-100,2009,103
22173,0-16,2010,12
22173,16-64,2010,155
22173,65-100,2010,101
22173,0-16,2011,14
22173,16-64,2011,164
22173,65-100,2011,91
22173,0-16,2012,17
22173,16-64,2012,160
22173,65-100,2012,91
22173,0-16,2013,20
22173,16-64,2013,163
22173,65-100,2013,85
22173,0-16,2014,19
22173,16-64,2014,160
22173,65-100,2014,88
22173,0-16,2015,18
22173,16-64,2015,160
22173,65-100,2015,86
22173,0-16,2016,18
22173,16-64,2016,159
22173,65-100,2016,81
22173,0-16,2017,15
22173,16-64,2017,160
22173,65-100,2017,80
22173,0-16,2018,17
22173,16-64,2018,161
22173,65-100,2018,73
22173,0-16,2019,18
22173,16-64,2019,161
22173,65-100,2019,69
22173,0-16,2020,18
22173,16-64,2020,165
22173,65-100,2020,64
22173,0-16,2021,18
22173,16-64,2021,169
22173,65-100,2021,68
22173,0-16,2022,17
22173,16-64,2022,173
22173,65-100,2022,70
22174,0-16,2003,47
22174,16-64,2003,398
22174,65-100,2003,230
22174,0-16,2004,49
22174,16-64,2004,396
22174,65-100,2004,225
22174,0-16,2005,56
22174,16-64,2005,394
22174,65-100,2005,217
22174,0-16,2006,46
22174,16-64,2006,404
22174,65-100,2006,204
22174,0-16,2007,40
22174,16-64,2007,397
22174,65-100,2007,196
22174,0-16,2008,43
22174,16-64,2008,409
22174,65-100,2008,195
22174,0-16,2009,44
22174,16-64,2009,397
22174,65-100,2009,198
22174,0-16,2010,43
22174,16-64,2010,376
22174,65-100,2010,199
22174,0-16,2011,49
22174,16-64,2011,371
22174,65-100,2011,199
22174,0-16,2012,40
22174,16-64,2012,355
22174,65-100,2012,201
22174,0-16,2013,36
22174,16-64,2013,315
22174,65-100,2013,202
22174,0-16,2014,43
22174,16-64,2014,334
22174,65-100,2014,205
22174,0-16,2015,51
22174,16-64,2015,334
22174,65-100,2015,217
22174,0-16,2016,47
22174,16-64,2016,332
22174,65-100,2016,208
22174,0-16,2017,42
22174,16-64,2017,328
22174,65-100,2017,206
22174,0-16,2018,39
22174,16-64,2018,318
22174,65-100,2018,205
22174,0-16,2019,40
22174,16-64,2019,322
22174,65-100,2019,194
22174,0-16,2020,45
22174,16-64,2020,326
22174,65-100,2020,192
22174,0-16,2021,45
22174,16-64,2021,339
22174,65-100,2021,192
22174,0-16,2022,49
22174,16-64,2022,347
22174,65-100,2022,200
22175,0-16,2003,10
22175,16-64,2003,136
22175,65-100,2003,131
22175,0-16,2004,13
22175,16-64,2004,134
22175,65-100,2004,127
22175,0-16,2005,13
22175,16-64,2005,131
22175,65-100,2005,121
22175,0-16,2006,13
22175,16-64,2006,126
22175,65-100,2006,122
22175,0-16,2007,13
22175,16-64,2007,122
22175,65-100,2007,117
22175,0-16,2008,12
22175,16-64,2008,123
22175,65-100,2008,113
22175,0-16,2009,9
22175,16-64,2009,118
22175,65-100,2009,105
22175,0-16,2010,13
22175,16-64,2010,125
22175,65-100,2010,97
22175,0-16,2011,13
22175,16-64,2011,128
22175,65-100,2011,102
22175,0-16,2012,14
22175,16-64,2012,134
22175,65-100,2012,94
22175,0-16,2013,16
22175,16-64,2013,131
22175,65-100,2013,93
22175,0-16,2014,17
22175,16-64,2014,128
22175,65-100,2014,95
22175,0-16,2015,17
22175,16-64,2015,125
22175,65-100,2015,91
22175,0-16,2016,16
22175,16-64,2016,122
22175,65-100,2016,90
22175,0-16,2017,17
22175,16-64,2017,117
22175,65-100,2017,87
22175,0-16,2018,15
22175,16-64,2018,118
22175,65-100,2018,86
22175,0-16,2019,15
22175,16-64,2019,111
22175,65-100,2019,84
22175,0-16,2020,15
22175,16-64,2020,114
22175,65-100,2020,81
22175,0-16,2021,20
22175,16-64,2021,124
22175,65-100,2021,82
22175,0-16,2022,18
22175,16-64,2022,121
22175,65-100,2022,82
22176,0-16,2003,28
22176,16-64,2003,107
22176,65-100,2003,45
22176,0-16,2004,24
22176,16-64,2004,110
22176,65-100,2004,47
22176,0-16,2005,21
22176,16-64,2005,109
22176,65-100,2005,47
22176,0-16,2006,20
22176,16-64,2006,118
22176,65-100,2006,43
22176,0-16,2007,21
22176,16-64,2007,122
22176,65-100,2007,41
22176,0-16,2008,25
22176,16-64,2008,134
22176,65-100,2008,41
22176,0-16,2009,25
22176,16-64,2009,133
22176,65-100,2009,40
22176,0-16,2010,22
22176,16-64,2010,139
22176,65-100,2010,39
22176,0-16,2011,19
22176,16-64,2011,150
22176,65-100,2011,43
22176,0-16,2012,16
22176,16-64,2012,141
22176,65-100,2012,45
22176,0-16,2013,12
22176,16-64,2013,140
22176,65-100,2013,49
22176,0-16,2014,15
22176,16-64,2014,138
22176,65-100,2014,53
22176,0-16,2015,14
22176,16-64,2015,136
22176,65-100,2015,51
22176,0-16,2016,16
22176,16-64,2016,132
22176,65-100,2016,49
22176,0-16,2017,19
22176,16-64,2017,134
22176,65-100,2017,47
22176,0-16,2018,18
22176,16-64,2018,134
22176,65-100,2018,47
22176,0-16,2019,16
22176,16-64,2019,131
22176,65-100,2019,49
22176,0-16,2020,23
22176,16-64,2020,131
22176,65-100,2020,55
22176,0-16,2021,26
22176,16-64,2021,139
22176,65-100,2021,59
22176,0-16,2022,29
22176,16-64,2022,134
22176,65-100,2022,60
22177,0-16,2003,10
22177,16-64,2003,64
22177,65-100,2003,50
22177,0-16,2004,11
22177,16-64,2004,63
22177,65-100,2004,49
22177,0-16,2005,10
22177,16-64,2005,62
22177,65-100,2005,45
22177,0-16,2006,8
22177,16-64,2006,61
22177,65-100,2006,41
22177,0-16,2007,8
22177,16-64,2007,57
22177,65-100,2007,40
22177,0-16,2008,7
22177,16-64,2008,53
22177,65-100,2008,39
22177,0-16,2009,8
22177,16-64,2009,50
22177,65-100,2009,40
22177,0-16,2010,12
22177,16-64,2010,61
22177,65-100,2010,39
22177,0-16,2011,11
22177,16-64,2011,61
22177,65-100,2011,40
22177,0-16,2012,9
22177,16-64,2012,61
22177,65-100,2012,39
22177,0-16,2013,10
22177,16-64,2013,61
22177,65-100,2013,36
22177,0-16,2014,12
22177,16-64,2014,67
22177,65-100,2014,34
22177,0-16,2015,11
22177,16-64,2015,67
22177,65-100,2015,33
22177,0-16,2016,12
22177,16-64,2016,68
22177,65-100,2016,33
22177,0-16,2017,10
22177,16-64,2017,68
22177,65-100,2017,34
22177,0-16,2018,10
22177,16-64,2018,63
22177,65-100,2018,36
22177,0-16,2019,9
22177,16-64,2019,65
22177,65-100,2019,37
22177,0-16,2020,8
22177,16-64,2020,61
22177,65-100,2020,37
22177,0-16,2021,11
22177,16-64,2021,60
22177,65-100,2021,36
22177,0-16,2022,12
22177,16-64,2022,59
22177,65-100,2022,37
22178,0-16,2003,13
22178,16-64,2003,101
22178,65-100,2003,31
22178,0-16,2004,13
22178,16-64,2004,94
22178,65-100,2004,28
22178,0-16,2005,12
22178,16-64,2005,90
22178,65-100,2005,29
22178,0-16,2006,7
22178,16-64,2006,88
22178,65-100,2006,29
22178,0-16,2007,10
22178,16-64,2007,86
22178,65-100,2007,27
22178,0-16,2008,10
22178,16-64,2008,84
22178,65-100,2008,28
22178,0-16,2009,8
22178,16-64,2009,77
22178,65-100,2009,25
22178,0-16,2010,7
22178,16-64,2010,78
22178,65-100,2010,28
22178,0-16,2011,8
22178,16-64,2011,80
22178,65-100,2011,29
22178,0-16,2012,10
22178,16-64,2012,79
22178,65-100,2012,32
22178,0-16,2013,11
22178,16-64,2013,77
22178,65-100,2013,36
22178,0-16,2014,11
22178,16-64,2014,68
22178,65-100,2014,42
22178,0-16,2015,11
22178,16-64,2015,74
22178,65-100,2015,39
22178,0-16,2016,10
22178,16-64,2016,68
22178,65-100,2016,37
22178,0-16,2017,7
22178,16-64,2017,71
22178,65-100,2017,36
22178,0-16,2018,8
22178,16-64,2018,66
22178,65-100,2018,36
22178,0-16,2019,7
22178,16-64,2019,66
22178,65-100,2019,40
22178,0-16,2020,5
22178,16-64,2020,76
22178,65-100,2020,39
22178,0-16,2021,9
22178,16-64,2021,75
22178,65-100,2021,45
22178,0-16,2022,8
22178,16-64,2022,72
22178,65-100,2022,45
22181,0-16,2003,11
22181,16-64,2003,57
22181,65-100,2003,35
22181,0-16,2004,8
22181,16-64,2004,58
22181,65-100,2004,37
22181,0-16,2005,6
22181,16-64,2005,62
22181,65-100,2005,38
22181,0-16,2006,6
22181,16-64,2006,64
22181,65-100,2006,40
22181,0-16,2007,2
22181,16-64,2007,61
22181,65-100,2007,38
22181,0-16,2008,2
22181,16-64,2008,59
22181,65-100,2008,36
22181,0-16,2009,2
22181,16-64,2009,58
22181,65-100,2009,36
22181,0-16,2010,4
22181,16-64,2010,62
22181,65-100,2010,38
22181,0-16,2011,3
22181,16-64,2011,59
22181,65-100,2011,41
22181,0-16,2012,4
22181,16-64,2012,57
22181,65-100,2012,39
22181,0-16,2013,7
22181,16-64,2013,57
22181,65-100,2013,38
22181,0-16,2014,9
22181,16-64,2014,59
22181,65-100,2014,38
22181,0-16,2015,9
22181,16-64,2015,60
22181,65-100,2015,38
22181,0-16,2016,8
22181,16-64,2016,55
22181,65-100,2016,40
22181,0-16,2017,8
22181,16-64,2017,58
22181,65-100,2017,38
22181,0-16,2018,8
22181,16-64,2018,54
22181,65-100,2018,36
22181,0-16,2019,9
22181,16-64,2019,59
22181,65-100,2019,34
22181,0-16,2020,9
22181,16-64,2020,58
22181,65-100,2020,33
22181,0-16,2021,7
22181,16-64,2021,58
22181,65-100,2021,31
22181,0-16,2022,9
22181,16-64,2022,57
22181,65-100,2022,29
22182,0-16,2003,38
22182,16-64,2003,191
22182,65-100,2003,90
22182,0-16,2004,37
22182,16-64,2004,187
22182,65-100,2004,90
22182,0-16,2005,39
22182,16-64,2005,193
22182,65-100,2005,87
22182,0-16,2006,41
22182,16-64,2006,193
22182,65-100,2006,85
22182,0-16,2007,40
22182,16-64,2007,198
22182,65-100,2007,85
22182,0-16,2008,39
22182,16-64,2008,199
22182,65-100,2008,91
22182,0-16,2009,39
22182,16-64,2009,202
22182,65-100,2009,91
22182,0-16,2010,42
22182,16-64,2010,198
22182,65-100,2010,96
22182,0-16,2011,39
22182,16-64,2011,191
22182,65-100,2011,97
22182,0-16,2012,35
22182,16-64,2012,188
22182,65-100,2012,91
22182,0-16,2013,36
22182,16-64,2013,182
22182,65-100,2013,94
22182,0-16,2014,38
22182,16-64,2014,184
22182,65-100,2014,92
22182,0-16,2015,40
22182,16-64,2015,176
22182,65-100,2015,87
22182,0-16,2016,38
22182,16-64,2016,176
22182,65-100,2016,85
22182,0-16,2017,37
22182,16-64,2017,168
22182,65-100,2017,82
22182,0-16,2018,40
22182,16-64,2018,164
22182,65-100,2018,83
22182,0-16,2019,30
22182,16-64,2019,171
22182,65-100,2019,82
22182,0-16,2020,31
22182,16-64,2020,166
22182,65-100,2020,76
22182,0-16,2021,29
22182,16-64,2021,163
22182,65-100,2021,82
22182,0-16,2022,30
22182,16-64,2022,167
22182,65-100,2022,86
22184,0-16,2003,21
22184,16-64,2003,165
22184,65-100,2003,81
22184,0-16,2004,20
22184,16-64,2004,159
22184,65-100,2004,77
22184,0-16,2005,17
22184,16-64,2005,154
22184,65-100,2005,75
22184,0-16,2006,14
22184,16-64,2006,157
22184,65-100,2006,76
22184,0-16,2007,13
22184,16-64,2007,150
22184,65-100,2007,74
22184,0-16,2008,11
22184,16-64,2008,146
22184,65-100,2008,70
22184,0-16,2009,11
22184,16-64,2009,141
22184,65-100,2009,70
22184,0-16,2010,15
22184,16-64,2010,143
22184,65-100,2010,68
22184,0-16,2011,15
22184,16-64,2011,141
22184,65-100,2011,68
22184,0-16,2012,14
22184,16-64,2012,135
22184,65-100,2012,68
22184,0-16,2013,16
22184,16-64,2013,135
22184,65-100,2013,64
22184,0-16,2014,18
22184,16-64,2014,131
22184,65-100,2014,67
22184,0-16,2015,18
22184,16-64,2015,135
22184,65-100,2015,64
22184,0-16,2016,19
22184,16-64,2016,130
22184,65-100,2016,60
22184,0-16,2017,20
22184,16-64,2017,128
22184,65-100,2017,57
22184,0-16,2018,19
22184,16-64,2018,125
22184,65-100,2018,56
22184,0-16,2019,19
22184,16-64,2019,128
22184,65-100,2019,53
22184,0-16,2020,22
22184,16-64,2020,129
22184,65-100,2020,59
22184,0-16,2021,20
22184,16-64,2021,120
22184,65-100,2021,59
22184,0-16,2022,19
22184,16-64,2022,110
22184,65-100,2022,64
22186,0-16,2003,17
22186,16-64,2003,118
22186,65-100,2003,113
22186,0-16,2004,15
22186,16-64,2004,121
22186,65-100,2004,108
22186,0-16,2005,19
22186,16-64,2005,129
22186,65-100,2005,109
22186,0-16,2006,20
22186,16-64,2006,133
22186,65-100,2006,103
22186,0-16,2007,18
22186,16-64,2007,133
22186,65-100,2007,100
22186,0-16,2008,17
22186,16-64,2008,133
22186,65-100,2008,102
22186,0-16,2009,15
22186,16-64,2009,136
22186,65-100,2009,99
22186,0-16,2010,15
22186,16-64,2010,131
22186,65-100,2010,98
22186,0-16,2011,18
22186,16-64,2011,131
22186,65-100,2011,92
22186,0-16,2012,24
22186,16-64,2012,132
22186,65-100,2012,87
22186,0-16,2013,20
22186,16-64,2013,127
22186,65-100,2013,83
22186,0-16,2014,21
22186,16-64,2014,122
22186,65-100,2014,82
22186,0-16,2015,20
22186,16-64,2015,123
22186,65-100,2015,78
22186,0-16,2016,19
22186,16-64,2016,113
22186,65-100,2016,72
22186,0-16,2017,23
22186,16-64,2017,122
22186,65-100,2017,69
22186,0-16,2018,28
22186,16-64,2018,123
22186,65-100,2018,67
22186,0-16,2019,32
22186,16-64,2019,127
22186,65-100,2019,69
22186,0-16,2020,28
22186,16-64,2020,116
22186,65-100,2020,70
22186,0-16,2021,37
22186,16-64,2021,128
22186,65-100,2021,69
22186,0-16,2022,39
22186,16-64,2022,129
22186,65-100,2022,73
22187,0-16,2003,46
22187,16-64,2003,211
22187,65-100,2003,94
22187,0-16,2004,46
22187,16-64,2004,231
22187,65-100,2004,95
22187,0-16,2005,47
22187,16-64,2005,232
22187,65-100,2005,94
22187,0-16,2006,44
22187,16-64,2006,241
22187,65-100,2006,97
22187,0-16,2007,44
22187,16-64,2007,260
22187,65-100,2007,99
22187,0-16,2008,57
22187,16-64,2008,254
22187,65-100,2008,99
22187,0-16,2009,63
22187,16-64,2009,271
22187,65-100,2009,94
22187,0-16,2010,62
22187,16-64,2010,273
22187,65-100,2010,98
22187,0-16,2011,60
22187,16-64,2011,260
22187,65-100,2011,96
22187,0-16,2012,55
22187,16-64,2012,281
22187,65-100,2012,94
22187,0-16,2013,52
22187,16-64,2013,266
22187,65-100,2013,97
22187,0-16,2014,56
22187,16-64,2014,251
22187,65-100,2014,94
22187,0-16,2015,51
22187,16-64,2015,236
22187,65-100,2015,96
22187,0-16,2016,48
22187,16-64,2016,239
22187,65-100,2016,92
22187,0-16,2017,51
22187,16-64,2017,223
22187,65-100,2017,87
22187,0-16,2018,52
22187,16-64,2018,233
22187,65-100,2018,87
22187,0-16,2019,49
22187,16-64,2019,249
22187,65-100,2019,85
22187,0-16,2020,49
22187,16-64,2020,248
22187,65-100,2020,80
22187,0-16,2021,52
22187,16-64,2021,253
22187,65-100,2021,86
22187,0-16,2022,58
22187,16-64,2022,272
22187,65-100,2022,85
22188,0-16,2003,7
22188,16-64,2003,50
22188,65-100,2003,50
22188,0-16,2004,6
22188,16-64,2004,48
22188,65-100,2004,48
22188,0-16,2005,3
22188,16-64,2005,46
22188,65-100,2005,50
22188,0-16,2006,3
22188,16-64,2006,43
22188,65-100,2006,42
22188,0-16,2007,10
22188,16-64,2007,93
22188,65-100,2007,49
22188,0-16,2008,11
22188,16-64,2008,90
22188,65-100,2008,50
22188,0-16,2009,12
22188,16-64,2009,96
22188,65-100,2009,47
22188,0-16,2010,15
22188,16-64,2010,90
22188,65-100,2010,43
22188,0-16,2011,15
22188,16-64,2011,86
22188,65-100,2011,42
22188,0-16,2012,15
22188,16-64,2012,74
22188,65-100,2012,44
22188,0-16,2013,13
22188,16-64,2013,74
22188,65-100,2013,42
22188,0-16,2014,10
22188,16-64,2014,66
22188,65-100,2014,43
22188,0-16,2015,7
22188,16-64,2015,57
22188,65-100,2015,43
22188,0-16,2016,5
22188,16-64,2016,56
22188,65-100,2016,42
22188,0-16,2017,4
22188,16-64,2017,53
22188,65-100,2017,39
22188,0-16,2018,4
22188,16-64,2018,50
22188,65-100,2018,39
22188,0-16,2019,3
22188,16-64,2019,49
22188,65-100,2019,37
22188,0-16,2020,6
22188,16-64,2020,50
22188,65-100,2020,37
22188,0-16,2021,5
22188,16-64,2021,56
22188,65-100,2021,35
22188,0-16,2022,5
22188,16-64,2022,52
22188,65-100,2022,37
22189,0-16,2003,22
22189,16-64,2003,147
22189,65-100,2003,54
22189,0-16,2004,22
22189,16-64,2004,145
22189,65-100,2004,57
22189,0-16,2005,21
22189,16-64,2005,149
22189,65-100,2005,60
22189,0-16,2006,13
22189,16-64,2006,152
22189,65-100,2006,57
22189,0-16,2007,16
22189,16-64,2007,157
22189,65-100,2007,54
22189,0-16,2008,18
22189,16-64,2008,178
22189,65-100,2008,56
22189,0-16,2009,16
22189,16-64,2009,170
22189,65-100,2009,53
22189,0-16,2010,22
22189,16-64,2010,162
22189,65-100,2010,57
22189,0-16,2011,22
22189,16-64,2011,155
22189,65-100,2011,56
22189,0-16,2012,20
22189,16-64,2012,149
22189,65-100,2012,56
22189,0-16,2013,18
22189,16-64,2013,139
22189,65-100,2013,57
22189,0-16,2014,19
22189,16-64,2014,138
22189,65-100,2014,60
22189,0-16,2015,22
22189,16-64,2015,128
22189,65-100,2015,57
22189,0-16,2016,25
22189,16-64,2016,127
22189,65-100,2016,61
22189,0-16,2017,25
22189,16-64,2017,127
22189,65-100,2017,58
22189,0-16,2018,23
22189,16-64,2018,132
22189,65-100,2018,60
22189,0-16,2019,24
22189,16-64,2019,124
22189,65-100,2019,64
22189,0-16,2020,28
22189,16-64,2020,121
22189,65-100,2020,64
22189,0-16,2021,28
22189,16-64,2021,119
22189,65-100,2021,65
22189,0-16,2022,29
22189,16-64,2022,128
22189,65-100,2022,59
22190,0-16,2003,14
22190,16-64,2003,90
22190,65-100,2003,39
22190,0-16,2004,15
22190,16-64,2004,99
22190,65-100,2004,37
22190,0-16,2005,15
22190,16-64,2005,106
22190,65-100,2005,39
22190,0-16,2006,19
22190,16-64,2006,107
22190,65-100,2006,38
22190,0-16,2007,18
22190,16-64,2007,102
22190,65-100,2007,39
22190,0-16,2008,18
22190,16-64,2008,98
22190,65-100,2008,39
22190,0-16,2009,19
22190,16-64,2009,98
22190,65-100,2009,36
22190,0-16,2010,17
22190,16-64,2010,92
22190,65-100,2010,41
22190,0-16,2011,17
22190,16-64,2011,94
22190,65-100,2011,40
22190,0-16,2012,18
22190,16-64,2012,99
22190,65-100,2012,37
22190,0-16,2013,21
22190,16-64,2013,94
22190,65-100,2013,38
22190,0-16,2014,21
22190,16-64,2014,87
22190,65-100,2014,37
22190,0-16,2015,24
22190,16-64,2015,90
22190,65-100,2015,35
22190,0-16,2016,25
22190,16-64,2016,92
22190,65-100,2016,39
22190,0-16,2017,24
22190,16-64,2017,92
22190,65-100,2017,36
22190,0-16,2018,26
22190,16-64,2018,92
22190,65-100,2018,36
22190,0-16,2019,28
22190,16-64,2019,97
22190,65-100,2019,36
22190,0-16,2020,25
22190,16-64,2020,96
22190,65-100,2020,40
22190,0-16,2021,25
22190,16-64,2021,101
22190,65-100,2021,41
22190,0-16,2022,24
22190,16-64,2022,103
22190,65-100,2022,41
22193,0-16,2003,31
22193,16-64,2003,184
22193,65-100,2003,120
22193,0-16,2004,28
22193,16-64,2004,183
22193,65-100,2004,119
22193,0-16,2005,27
22193,16-64,2005,190
22193,65-100,2005,117
22193,0-16,2006,30
22193,16-64,2006,198
22193,65-100,2006,119
22193,0-16,2007,38
22193,16-64,2007,219
22193,65-100,2007,120
22193,0-16,2008,34
22193,16-64,2008,218
22193,65-100,2008,114
22193,0-16,2009,34
22193,16-64,2009,220
22193,65-100,2009,116
22193,0-16,2010,37
22193,16-64,2010,221
22193,65-100,2010,111
22193,0-16,2011,34
22193,16-64,2011,228
22193,65-100,2011,109
22193,0-16,2012,34
22193,16-64,2012,225
22193,65-100,2012,103
22193,0-16,2013,35
22193,16-64,2013,221
22193,65-100,2013,102
22193,0-16,2014,32
22193,16-64,2014,208
22193,65-100,2014,98
22193,0-16,2015,32
22193,16-64,2015,202
22193,65-100,2015,94
22193,0-16,2016,29
22193,16-64,2016,192
22193,65-100,2016,96
22193,0-16,2017,33
22193,16-64,2017,202
22193,65-100,2017,93
22193,0-16,2018,31
22193,16-64,2018,192
22193,65-100,2018,91
22193,0-16,2019,32
22193,16-64,2019,191
22193,65-100,2019,95
22193,0-16,2020,38
22193,16-64,2020,200
22193,65-100,2020,93
22193,0-16,2021,39
22193,16-64,2021,195
22193,65-100,2021,92
22193,0-16,2022,34
22193,16-64,2022,193
22193,65-100,2022,91
22195,0-16,2003,13
22195,16-64,2003,93
22195,65-100,2003,40
22195,0-16,2004,30
22195,16-64,2004,138
22195,65-100,2004,39
22195,0-16,2005,40
22195,16-64,2005,150
22195,65-100,2005,38
22195,0-16,2006,53
22195,16-64,2006,180
22195,65-100,2006,41
22195,0-16,2007,57
22195,16-64,2007,209
22195,65-100,2007,38
22195,0-16,2008,56
22195,16-64,2008,214
22195,65-100,2008,36
22195,0-16,2009,56
22195,16-64,2009,210
22195,65-100,2009,39
22195,0-16,2010,55
22195,16-64,2010,207
22195,65-100,2010,40
22195,0-16,2011,46
22195,16-64,2011,202
22195,65-100,2011,42
22195,0-16,2012,46
22195,16-64,2012,202
22195,65-100,2012,43
22195,0-16,2013,48
22195,16-64,2013,204
22195,65-100,2013,46
22195,0-16,2014,47
22195,16-64,2014,208
22195,65-100,2014,45
22195,0-16,2015,44
22195,16-64,2015,200
22195,65-100,2015,42
22195,0-16,2016,40
22195,16-64,2016,197
22195,65-100,2016,49
22195,0-16,2017,42
22195,16-64,2017,193
22195,65-100,2017,48
22195,0-16,2018,34
22195,16-64,2018,200
22195,65-100,2018,49
22195,0-16,2019,33
22195,16-64,2019,199
22195,65-100,2019,48
22195,0-16,2020,33
22195,16-64,2020,200
22195,65-100,2020,49
22195,0-16,2021,31
22195,16-64,2021,208
22195,65-100,2021,52
22195,0-16,2022,34
22195,16-64,2022,208
22195,65-100,2022,53
22197,0-16,2003,59
22197,16-64,2003,406
22197,65-100,2003,192
22197,0-16,2004,53
22197,16-64,2004,408
22197,65-100,2004,200
22197,0-16,2005,50
22197,16-64,2005,419
22197,65-100,2005,190
22197,0-16,2006,44
22197,16-64,2006,411
22197,65-100,2006,188
22197,0-16,2007,53
22197,16-64,2007,410
22197,65-100,2007,186
22197,0-16,2008,54
22197,16-64,2008,410
22197,65-100,2008,179
22197,0-16,2009,55
22197,16-64,2009,396
22197,65-100,2009,181
22197,0-16,2010,55
22197,16-64,2010,397
22197,65-100,2010,178
22197,0-16,2011,50
22197,16-64,2011,379
22197,65-100,2011,177
22197,0-16,2012,58
22197,16-64,2012,372
22197,65-100,2012,175
22197,0-16,2013,55
22197,16-64,2013,358
22197,65-100,2013,169
22197,0-16,2014,55
22197,16-64,2014,353
22197,65-100,2014,167
22197,0-16,2015,58
22197,16-64,2015,353
22197,65-100,2015,175
22197,0-16,2016,63
22197,16-64,2016,336
22197,65-100,2016,170
22197,0-16,2017,62
22197,16-64,2017,330
22197,65-100,2017,169
22197,0-16,2018,55
22197,16-64,2018,318
22197,65-100,2018,168
22197,0-16,2019,51
22197,16-64,2019,314
22197,65-100,2019,162
22197,0-16,2020,46
22197,16-64,2020,309
22197,65-100,2020,159
22197,0-16,2021,55
22197,16-64,2021,305
22197,65-100,2021,165
22197,0-16,2022,60
22197,16-64,2022,313
22197,65-100,2022,164
22199,0-16,2003,1155
22199,16-64,2003,5676
22199,65-100,2003,1966
22199,0-16,2004,1189
22199,16-64,2004,5719
22199,65-100,2004,1947
22199,0-16,2005,1205
22199,16-64,2005,5855
22199,65-100,2005,1963
22199,0-16,2006,1243
22199,16-64,2006,6061
22199,65-100,2006,1960
22199,0-16,2007,1339
22199,16-64,2007,6369
22199,65-100,2007,1965
22199,0-16,2008,1390
22199,16-64,2008,6716
22199,65-100,2008,2006
22199,0-16,2009,1426
22199,16-64,2009,6944
22199,65-100,2009,2008
22199,0-16,2010,1458
22199,16-64,2010,6916
22199,65-100,2010,2009
22199,0-16,2011,1474
22199,16-64,2011,6859
22199,65-100,2011,2012
22199,0-16,2012,1498
22199,16-64,2012,6761
22199,65-100,2012,1982
22199,0-16,2013,1479
22199,16-64,2013,6684
22199,65-100,2013,1966
22199,0-16,2014,1440
22199,16-64,2014,6470
22199,65-100,2014,1973
22199,0-16,2015,1391
22199,16-64,2015,6229
22199,65-100,2015,1978
22199,0-16,2016,1330
22199,16-64,2016,6047
22199,65-100,2016,1972
22199,0-16,2017,1326
22199,16-64,2017,5945
22199,65-100,2017,1983
22199,0-16,2018,1303
22199,16-64,2018,5935
22199,65-100,2018,2007
22199,0-16,2019,1293
22199,16-64,2019,5919
22199,65-100,2019,2026
22199,0-16,2020,1251
22199,16-64,2020,5879
22199,65-100,2020,2055
22199,0-16,2021,1294
22199,16-64,2021,5958
22199,65-100,2021,2100
22199,0-16,2022,1265
22199,16-64,2022,5968
22199,65-100,2022,2138
22200,0-16,2003,14
22200,16-64,2003,153
22200,65-100,2003,81
22200,0-16,2004,12
22200,16-64,2004,150
22200,65-100,2004,79
22200,0-16,2005,10
22200,16-64,2005,145
22200,65-100,2005,78
22200,0-16,2006,34
22200,16-64,2006,220
22200,65-100,2006,77
22200,0-16,2007,46
22200,16-64,2007,243
22200,65-100,2007,75
22200,0-16,2008,45
22200,16-64,2008,254
22200,65-100,2008,73
22200,0-16,2009,46
22200,16-64,2009,253
22200,65-100,2009,69
22200,0-16,2010,44
22200,16-64,2010,244
22200,65-100,2010,72
22200,0-16,2011,38
22200,16-64,2011,231
22200,65-100,2011,73
22200,0-16,2012,45
22200,16-64,2012,222
22200,65-100,2012,73
22200,0-16,2013,45
22200,16-64,2013,211
22200,65-100,2013,70
22200,0-16,2014,38
22200,16-64,2014,196
22200,65-100,2014,70
22200,0-16,2015,41
22200,16-64,2015,193
22200,65-100,2015,74
22200,0-16,2016,43
22200,16-64,2016,183
22200,65-100,2016,77
22200,0-16,2017,45
22200,16-64,2017,181
22200,65-100,2017,79
22200,0-16,2018,42
22200,16-64,2018,182
22200,65-100,2018,70
22200,0-16,2019,51
22200,16-64,2019,192
22200,65-100,2019,69
22200,0-16,2020,43
22200,16-64,2020,189
22200,65-100,2020,71
22200,0-16,2021,42
22200,16-64,2021,192
22200,65-100,2021,68
22200,0-16,2022,39
22200,16-64,2022,197
22200,65-100,2022,72
22201,0-16,2003,31
22201,16-64,2003,180
22201,65-100,2003,165
22201,0-16,2004,31
22201,16-64,2004,177
22201,65-100,2004,158
22201,0-16,2005,29
22201,16-64,2005,174
22201,65-100,2005,146
22201,0-16,2006,23
22201,16-64,2006,164
22201,65-100,2006,143
22201,0-16,2007,22
22201,16-64,2007,164
22201,65-100,2007,140
22201,0-16,2008,19
22201,16-64,2008,164
22201,65-100,2008,137
22201,0-16,2009,16
22201,16-64,2009,159
22201,65-100,2009,130
22201,0-16,2010,20
22201,16-64,2010,165
22201,65-100,2010,126
22201,0-16,2011,21
22201,16-64,2011,168
22201,65-100,2011,121
22201,0-16,2012,20
22201,16-64,2012,161
22201,65-100,2012,130
22201,0-16,2013,22
22201,16-64,2013,152
22201,65-100,2013,128
22201,0-16,2014,27
22201,16-64,2014,172
22201,65-100,2014,120
22201,0-16,2015,29
22201,16-64,2015,174
22201,65-100,2015,110
22201,0-16,2016,25
22201,16-64,2016,177
22201,65-100,2016,108
22201,0-16,2017,25
22201,16-64,2017,171
22201,65-100,2017,107
22201,0-16,2018,30
22201,16-64,2018,175
22201,65-100,2018,103
22201,0-16,2019,32
22201,16-64,2019,180
22201,65-100,2019,104
22201,0-16,2020,28
22201,16-64,2020,169
22201,65-100,2020,109
22201,0-16,2021,27
22201,16-64,2021,175
22201,65-100,2021,107
22201,0-16,2022,30
22201,16-64,2022,172
22201,65-100,2022,114
22202,0-16,2003,8
22202,16-64,2003,86
22202,65-100,2003,55
22202,0-16,2004,13
22202,16-64,2004,91
22202,65-100,2004,52
22202,0-16,2005,13
22202,16-64,2005,88
22202,65-100,2005,50
22202,0-16,2006,11
22202,16-64,2006,83
22202,65-100,2006,50
22202,0-16,2007,10
22202,16-64,2007,86
22202,65-100,2007,48
22202,0-16,2008,10
22202,16-64,2008,82
22202,65-100,2008,46
22202,0-16,2009,9
22202,16-64,2009,80
22202,65-100,2009,47
22202,0-16,2010,11
22202,16-64,2010,88
22202,65-100,2010,50
22202,0-16,2011,11
22202,16-64,2011,82
22202,65-100,2011,47
22202,0-16,2012,11
22202,16-64,2012,82
22202,65-100,2012,45
22202,0-16,2013,15
22202,16-64,2013,77
22202,65-100,2013,44
22202,0-16,2014,18
22202,16-64,2014,96
22202,65-100,2014,47
22202,0-16,2015,21
22202,16-64,2015,102
22202,65-100,2015,45
22202,0-16,2016,21
22202,16-64,2016,101
22202,65-100,2016,47
22202,0-16,2017,22
22202,16-64,2017,102
22202,65-100,2017,47
22202,0-16,2018,21
22202,16-64,2018,101
22202,65-100,2018,45
22202,0-16,2019,20
22202,16-64,2019,109
22202,65-100,2019,46
22202,0-16,2020,19
22202,16-64,2020,118
22202,65-100,2020,48
22202,0-16,2021,22
22202,16-64,2021,126
22202,65-100,2021,45
22202,0-16,2022,21
22202,16-64,2022,124
22202,65-100,2022,45
22203,0-16,2003,7
22203,16-64,2003,63
22203,65-100,2003,48
22203,0-16,2004,6
22203,16-64,2004,61
22203,65-100,2004,48
22203,0-16,2005,7
22203,16-64,2005,69
22203,65-100,2005,44
22203,0-16,2006,7
22203,16-64,2006,67
22203,65-100,2006,45
22203,0-16,2007,5
22203,16-64,2007,69
22203,65-100,2007,45
22203,0-16,2008,6
22203,16-64,2008,65
22203,65-100,2008,48
22203,0-16,2009,5
22203,16-64,2009,64
22203,65-100,2009,46
22203,0-16,2010,4
22203,16-64,2010,61
22203,65-100,2010,45
22203,0-16,2011,5
22203,16-64,2011,58
22203,65-100,2011,43
22203,0-16,2012,5
22203,16-64,2012,61
22203,65-100,2012,40
22203,0-16,2013,5
22203,16-64,2013,56
22203,65-100,2013,41
22203,0-16,2014,5
22203,16-64,2014,63
22203,65-100,2014,39
22203,0-16,2015,6
22203,16-64,2015,56
22203,65-100,2015,39
22203,0-16,2016,7
22203,16-64,2016,49
22203,65-100,2016,42
22203,0-16,2017,7
22203,16-64,2017,52
22203,65-100,2017,42
22203,0-16,2018,7
22203,16-64,2018,50
22203,65-100,2018,39
22203,0-16,2019,6
22203,16-64,2019,49
22203,65-100,2019,39
22203,0-16,2020,5
22203,16-64,2020,51
22203,65-100,2020,35
22203,0-16,2021,9
22203,16-64,2021,58
22203,65-100,2021,40
22203,0-16,2022,8
22203,16-64,2022,56
22203,65-100,2022,38
22204,0-16,2003,154
22204,16-64,2003,855
22204,65-100,2003,163
22204,0-16,2004,164
22204,16-64,2004,899
22204,65-100,2004,164
22204,0-16,2005,180
22204,16-64,2005,973
22204,65-100,2005,163
22204,0-16,2006,196
22204,16-64,2006,1019
22204,65-100,2006,169
22204,0-16,2007,186
22204,16-64,2007,1047
22204,65-100,2007,167
22204,0-16,2008,188
22204,16-64,2008,1013
22204,65-100,2008,175
22204,0-16,2009,211
22204,16-64,2009,1088
22204,65-100,2009,181
22204,0-16,2010,221
22204,16-64,2010,1132
22204,65-100,2010,189
22204,0-16,2011,215
22204,16-64,2011,1121
22204,65-100,2011,200
22204,0-16,2012,220
22204,16-64,2012,1090
22204,65-100,2012,202
22204,0-16,2013,226
22204,16-64,2013,1063
22204,65-100,2013,201
22204,0-16,2014,234
22204,16-64,2014,1039
22204,65-100,2014,211
22204,0-16,2015,220
22204,16-64,2015,1003
22204,65-100,2015,218
22204,0-16,2016,229
22204,16-64,2016,1013
22204,65-100,2016,219
22204,0-16,2017,214
22204,16-64,2017,1006
22204,65-100,2017,224
22204,0-16,2018,213
22204,16-64,2018,1020
22204,65-100,2018,230
22204,0-16,2019,227
22204,16-64,2019,1031
22204,65-100,2019,220
22204,0-16,2020,226
22204,16-64,2020,1029
22204,65-100,2020,222
22204,0-16,2021,216
22204,16-64,2021,1074
22204,65-100,2021,229
22204,0-16,2022,205
22204,16-64,2022,1104
22204,65-100,2022,248
22205,0-16,2003,36
22205,16-64,2003,334
22205,65-100,2003,202
22205,0-16,2004,37
22205,16-64,2004,327
22205,65-100,2004,198
22205,0-16,2005,33
22205,16-64,2005,307
22205,65-100,2005,201
22205,0-16,2006,29
22205,16-64,2006,294
22205,65-100,2006,189
22205,0-16,2007,27
22205,16-64,2007,279
22205,65-100,2007,191
22205,0-16,2008,35
22205,16-64,2008,320
22205,65-100,2008,195
22205,0-16,2009,32
22205,16-64,2009,298
22205,65-100,2009,197
22205,0-16,2010,35
22205,16-64,2010,304
22205,65-100,2010,187
22205,0-16,2011,35
22205,16-64,2011,286
22205,65-100,2011,188
22205,0-16,2012,33
22205,16-64,2012,282
22205,65-100,2012,187
22205,0-16,2013,34
22205,16-64,2013,278
22205,65-100,2013,189
22205,0-16,2014,34
22205,16-64,2014,274
22205,65-100,2014,187
22205,0-16,2015,39
22205,16-64,2015,267
22205,65-100,2015,192
22205,0-16,2016,41
22205,16-64,2016,270
22205,65-100,2016,187
22205,0-16,2017,35
22205,16-64,2017,266
22205,65-100,2017,184
22205,0-16,2018,35
22205,16-64,2018,288
22205,65-100,2018,183
22205,0-16,2019,45
22205,16-64,2019,301
22205,65-100,2019,189
22205,0-16,2020,54
22205,16-64,2020,306
22205,65-100,2020,187
22205,0-16,2021,59
22205,16-64,2021,324
22205,65-100,2021,187
22205,0-16,2022,61
22205,16-64,2022,342
22205,65-100,2022,183
22206,0-16,2003,20
22206,16-64,2003,160
22206,65-100,2003,91
22206,0-16,2004,12
22206,16-64,2004,168
22206,65-100,2004,94
22206,0-16,2005,10
22206,16-64,2005,169
22206,65-100,2005,84
22206,0-16,2006,11
22206,16-64,2006,173
22206,65-100,2006,79
22206,0-16,2007,8
22206,16-64,2007,175
22206,65-100,2007,79
22206,0-16,2008,12
22206,16-64,2008,179
22206,65-100,2008,81
22206,0-16,2009,13
22206,16-64,2009,164
22206,65-100,2009,80
22206,0-16,2010,6
22206,16-64,2010,155
22206,65-100,2010,81
22206,0-16,2011,6
22206,16-64,2011,142
22206,65-100,2011,83
22206,0-16,2012,9
22206,16-64,2012,136
22206,65-100,2012,82
22206,0-16,2013,8
22206,16-64,2013,123
22206,65-100,2013,83
22206,0-16,2014,12
22206,16-64,2014,119
22206,65-100,2014,81
22206,0-16,2015,14
22206,16-64,2015,137
22206,65-100,2015,84
22206,0-16,2016,11
22206,16-64,2016,126
22206,65-100,2016,85
22206,0-16,2017,12
22206,16-64,2017,124
22206,65-100,2017,84
22206,0-16,2018,13
22206,16-64,2018,117
22206,65-100,2018,89
22206,0-16,2019,16
22206,16-64,2019,117
22206,65-100,2019,90
22206,0-16,2020,15
22206,16-64,2020,119
22206,65-100,2020,87
22206,0-16,2021,14
22206,16-64,2021,118
22206,65-100,2021,87
22206,0-16,2022,13
22206,16-64,2022,118
22206,65-100,2022,88
22207,0-16,2003,13
22207,16-64,2003,91
22207,65-100,2003,43
22207,0-16,2004,9
22207,16-64,2004,93
22207,65-100,2004,45
22207,0-16,2005,12
22207,16-64,2005,94
22207,65-100,2005,43
22207,0-16,2006,14
22207,16-64,2006,93
22207,65-100,2006,43
22207,0-16,2007,15
22207,16-64,2007,92
22207,65-100,2007,43
22207,0-16,2008,17
22207,16-64,2008,89
22207,65-100,2008,47
22207,0-16,2009,18
22207,16-64,2009,86
22207,65-100,2009,49
22207,0-16,2010,18
22207,16-64,2010,84
22207,65-100,2010,51
22207,0-16,2011,22
22207,16-64,2011,85
22207,65-100,2011,50
22207,0-16,2012,26
22207,16-64,2012,86
22207,65-100,2012,50
22207,0-16,2013,25
22207,16-64,2013,87
22207,65-100,2013,46
22207,0-16,2014,20
22207,16-64,2014,85
22207,65-100,2014,42
22207,0-16,2015,19
22207,16-64,2015,87
22207,65-100,2015,42
22207,0-16,2016,20
22207,16-64,2016,85
22207,65-100,2016,39
22207,0-16,2017,21
22207,16-64,2017,83
22207,65-100,2017,38
22207,0-16,2018,23
22207,16-64,2018,92
22207,65-100,2018,37
22207,0-16,2019,25
22207,16-64,2019,92
22207,65-100,2019,36
22207,0-16,2020,25
22207,16-64,2020,90
22207,65-100,2020,35
22207,0-16,2021,24
22207,16-64,2021,92
22207,65-100,2021,32
22207,0-16,2022,24
22207,16-64,2022,100
22207,65-100,2022,34
22208,0-16,2003,25
22208,16-64,2003,116
22208,65-100,2003,59
22208,0-16,2004,25
22208,16-64,2004,113
22208,65-100,2004,61
22208,0-16,2005,22
22208,16-64,2005,112
22208,65-100,2005,55
22208,0-16,2006,25
22208,16-64,2006,112
22208,65-100,2006,54
22208,0-16,2007,24
22208,16-64,2007,117
22208,65-100,2007,52
22208,0-16,2008,26
22208,16-64,2008,123
22208,65-100,2008,52
22208,0-16,2009,32
22208,16-64,2009,123
22208,65-100,2009,52
22208,0-16,2010,35
22208,16-64,2010,123
22208,65-100,2010,51
22208,0-16,2011,33
22208,16-64,2011,120
22208,65-100,2011,55
22208,0-16,2012,27
22208,16-64,2012,123
22208,65-100,2012,51
22208,0-16,2013,32
22208,16-64,2013,123
22208,65-100,2013,51
22208,0-16,2014,36
22208,16-64,2014,139
22208,65-100,2014,50
22208,0-16,2015,25
22208,16-64,2015,134
22208,65-100,2015,48
22208,0-16,2016,30
22208,16-64,2016,141
22208,65-100,2016,48
22208,0-16,2017,32
22208,16-64,2017,151
22208,65-100,2017,46
22208,0-16,2018,37
22208,16-64,2018,150
22208,65-100,2018,44
22208,0-16,2019,43
22208,16-64,2019,155
22208,65-100,2019,42
22208,0-16,2020,42
22208,16-64,2020,155
22208,65-100,2020,46
22208,0-16,2021,38
22208,16-64,2021,161
22208,65-100,2021,46
22208,0-16,2022,42
22208,16-64,2022,165
22208,65-100,2022,47
22209,0-16,2003,24
22209,16-64,2003,113
22209,65-100,2003,27
22209,0-16,2004,22
22209,16-64,2004,111
22209,65-100,2004,28
22209,0-16,2005,22
22209,16-64,2005,100
22209,65-100,2005,29
22209,0-16,2006,21
22209,16-64,2006,99
22209,65-100,2006,28
22209,0-16,2007,19
22209,16-64,2007,98
22209,65-100,2007,28
22209,0-16,2008,19
22209,16-64,2008,96
22209,65-100,2008,28
22209,0-16,2009,15
22209,16-64,2009,95
22209,65-100,2009,30
22209,0-16,2010,13
22209,16-64,2010,93
22209,65-100,2010,30
22209,0-16,2011,23
22209,16-64,2011,133
22209,65-100,2011,33
22209,0-16,2012,24
22209,16-64,2012,133
22209,65-100,2012,37
22209,0-16,2013,19
22209,16-64,2013,133
22209,65-100,2013,39
22209,0-16,2014,19
22209,16-64,2014,135
22209,65-100,2014,38
22209,0-16,2015,17
22209,16-64,2015,131
22209,65-100,2015,38
22209,0-16,2016,15
22209,16-64,2016,129
22209,65-100,2016,42
22209,0-16,2017,14
22209,16-64,2017,126
22209,65-100,2017,37
22209,0-16,2018,17
22209,16-64,2018,127
22209,65-100,2018,36
22209,0-16,2019,19
22209,16-64,2019,126
22209,65-100,2019,38
22209,0-16,2020,17
22209,16-64,2020,129
22209,65-100,2020,42
22209,0-16,2021,18
22209,16-64,2021,132
22209,65-100,2021,43
22209,0-16,2022,20
22209,16-64,2022,128
22209,65-100,2022,46
22212,0-16,2003,5
22212,16-64,2003,70
22212,65-100,2003,32
22212,0-16,2004,3
22212,16-64,2004,69
22212,65-100,2004,30
22212,0-16,2005,6
22212,16-64,2005,78
22212,65-100,2005,30
22212,0-16,2006,6
22212,16-64,2006,71
22212,65-100,2006,31
22212,0-16,2007,8
22212,16-64,2007,60
22212,65-100,2007,32
22212,0-16,2008,9
22212,16-64,2008,60
22212,65-100,2008,32
22212,0-16,2009,7
22212,16-64,2009,67
22212,65-100,2009,34
22212,0-16,2010,9
22212,16-64,2010,66
22212,65-100,2010,31
22212,0-16,2011,6
22212,16-64,2011,58
22212,65-100,2011,33
22212,0-16,2012,4
22212,16-64,2012,60
22212,65-100,2012,30
22212,0-16,2013,4
22212,16-64,2013,56
22212,65-100,2013,31
22212,0-16,2014,10
22212,16-64,2014,59
22212,65-100,2014,30
22212,0-16,2015,10
22212,16-64,2015,61
22212,65-100,2015,33
22212,0-16,2016,12
22212,16-64,2016,56
22212,65-100,2016,27
22212,0-16,2017,10
22212,16-64,2017,48
22212,65-100,2017,29
22212,0-16,2018,8
22212,16-64,2018,40
22212,65-100,2018,33
22212,0-16,2019,10
22212,16-64,2019,38
22212,65-100,2019,34
22212,0-16,2020,8
22212,16-64,2020,40
22212,65-100,2020,32
22212,0-16,2021,5
22212,16-64,2021,37
22212,65-100,2021,33
22212,0-16,2022,5
22212,16-64,2022,40
22212,65-100,2022,34
22213,0-16,2003,533
22213,16-64,2003,2524
22213,65-100,2003,930
22213,0-16,2004,543
22213,16-64,2004,2555
22213,65-100,2004,928
22213,0-16,2005,537
22213,16-64,2005,2581
22213,65-100,2005,903
22213,0-16,2006,566
22213,16-64,2006,2687
22213,65-100,2006,899
22213,0-16,2007,578
22213,16-64,2007,2731
22213,65-100,2007,897
22213,0-16,2008,601
22213,16-64,2008,2835
22213,65-100,2008,872
22213,0-16,2009,623
22213,16-64,2009,2948
22213,65-100,2009,884
22213,0-16,2010,639
22213,16-64,2010,2887
22213,65-100,2010,902
22213,0-16,2011,627
22213,16-64,2011,2878
22213,65-100,2011,897
22213,0-16,2012,609
22213,16-64,2012,2899
22213,65-100,2012,894
22213,0-16,2013,608
22213,16-64,2013,2825
22213,65-100,2013,890
22213,0-16,2014,602
22213,16-64,2014,2792
22213,65-100,2014,899
22213,0-16,2015,590
22213,16-64,2015,2718
22213,65-100,2015,915
22213,0-16,2016,575
22213,16-64,2016,2706
22213,65-100,2016,907
22213,0-16,2017,581
22213,16-64,2017,2659
22213,65-100,2017,915
22213,0-16,2018,590
22213,16-64,2018,2662
22213,65-100,2018,916
22213,0-16,2019,606
22213,16-64,2019,2634
22213,65-100,2019,920
22213,0-16,2020,624
22213,16-64,2020,2641
22213,65-100,2020,919
22213,0-16,2021,617
22213,16-64,2021,2646
22213,65-100,2021,910
22213,0-16,2022,615
22213,16-64,2022,2630
22213,65-100,2022,919
22214,0-16,2003,19
22214,16-64,2003,84
22214,65-100,2003,56
22214,0-16,2004,13
22214,16-64,2004,81
22214,65-100,2004,53
22214,0-16,2005,13
22214,16-64,2005,85
22214,65-100,2005,44
22214,0-16,2006,8
22214,16-64,2006,82
22214,65-100,2006,41
22214,0-16,2007,9
22214,16-64,2007,83
22214,65-100,2007,41
22214,0-16,2008,10
22214,16-64,2008,85
22214,65-100,2008,40
22214,0-16,2009,11
22214,16-64,2009,90
22214,65-100,2009,40
22214,0-16,2010,14
22214,16-64,2010,97
22214,65-100,2010,39
22214,0-16,2011,15
22214,16-64,2011,97
22214,65-100,2011,43
22214,0-16,2012,14
22214,16-64,2012,98
22214,65-100,2012,41
22214,0-16,2013,15
22214,16-64,2013,105
22214,65-100,2013,38
22214,0-16,2014,11
22214,16-64,2014,98
22214,65-100,2014,37
22214,0-16,2015,13
22214,16-64,2015,94
22214,65-100,2015,37
22214,0-16,2016,14
22214,16-64,2016,94
22214,65-100,2016,38
22214,0-16,2017,14
22214,16-64,2017,97
22214,65-100,2017,39
22214,0-16,2018,16
22214,16-64,2018,91
22214,65-100,2018,39
22214,0-16,2019,15
22214,16-64,2019,88
22214,65-100,2019,37
22214,0-16,2020,15
22214,16-64,2020,90
22214,65-100,2020,35
22214,0-16,2021,18
22214,16-64,2021,92
22214,65-100,2021,39
22214,0-16,2022,18
22214,16-64,2022,93
22214,65-100,2022,40
22215,0-16,2003,19
22215,16-64,2003,120
22215,65-100,2003,56
22215,0-16,2004,14
22215,16-64,2004,114
22215,65-100,2004,51
22215,0-16,2005,13
22215,16-64,2005,111
22215,65-100,2005,49
22215,0-16,2006,14
22215,16-64,2006,111
22215,65-100,2006,45
22215,0-16,2007,19
22215,16-64,2007,116
22215,65-100,2007,44
22215,0-16,2008,15
22215,16-64,2008,115
22215,65-100,2008,44
22215,0-16,2009,13
22215,16-64,2009,107
22215,65-100,2009,45
22215,0-16,2010,11
22215,16-64,2010,101
22215,65-100,2010,44
22215,0-16,2011,9
22215,16-64,2011,96
22215,65-100,2011,46
22215,0-16,2012,9
22215,16-64,2012,95
22215,65-100,2012,45
22215,0-16,2013,5
22215,16-64,2013,91
22215,65-100,2013,46
22215,0-16,2014,5
22215,16-64,2014,99
22215,65-100,2014,43
22215,0-16,2015,5
22215,16-64,2015,96
22215,65-100,2015,46
22215,0-16,2016,10
22215,16-64,2016,87
22215,65-100,2016,48
22215,0-16,2017,9
22215,16-64,2017,87
22215,65-100,2017,47
22215,0-16,2018,10
22215,16-64,2018,91
22215,65-100,2018,49
22215,0-16,2019,9
22215,16-64,2019,88
22215,65-100,2019,51
22215,0-16,2020,10
22215,16-64,2020,85
22215,65-100,2020,50
22215,0-16,2021,12
22215,16-64,2021,92
22215,65-100,2021,50
22215,0-16,2022,14
22215,16-64,2022,96
22215,65-100,2022,49
22217,0-16,2003,60
22217,16-64,2003,358
22217,65-100,2003,169
22217,0-16,2004,57
22217,16-64,2004,339
22217,65-100,2004,160
22217,0-16,2005,63
22217,16-64,2005,334
22217,65-100,2005,155
22217,0-16,2006,69
22217,16-64,2006,333
22217,65-100,2006,154
22217,0-16,2007,71
22217,16-64,2007,330
22217,65-100,2007,146
22217,0-16,2008,73
22217,16-64,2008,342
22217,65-100,2008,144
22217,0-16,2009,68
22217,16-64,2009,333
22217,65-100,2009,147
22217,0-16,2010,66
22217,16-64,2010,326
22217,65-100,2010,156
22217,0-16,2011,70
22217,16-64,2011,319
22217,65-100,2011,160
22217,0-16,2012,68
22217,16-64,2012,319
22217,65-100,2012,155
22217,0-16,2013,69
22217,16-64,2013,307
22217,65-100,2013,154
22217,0-16,2014,61
22217,16-64,2014,297
22217,65-100,2014,158
22217,0-16,2015,60
22217,16-64,2015,302
22217,65-100,2015,153
22217,0-16,2016,58
22217,16-64,2016,297
22217,65-100,2016,152
22217,0-16,2017,47
22217,16-64,2017,286
22217,65-100,2017,148
22217,0-16,2018,48
22217,16-64,2018,291
22217,65-100,2018,150
22217,0-16,2019,53
22217,16-64,2019,294
22217,65-100,2019,148
22217,0-16,2020,59
22217,16-64,2020,290
22217,65-100,2020,152
22217,0-16,2021,59
22217,16-64,2021,281
22217,65-100,2021,151
22217,0-16,2022,60
22217,16-64,2022,286
22217,65-100,2022,150
22218,0-16,2003,5
22218,16-64,2003,36
22218,65-100,2003,11
22218,0-16,2004,5
22218,16-64,2004,35
22218,65-100,2004,10
22218,0-16,2005,6
22218,16-64,2005,33
22218,65-100,2005,11
22218,0-16,2006,6
22218,16-64,2006,34
22218,65-100,2006,11
22218,0-16,2007,12
22218,16-64,2007,34
22218,65-100,2007,12
22218,0-16,2008,14
22218,16-64,2008,33
22218,65-100,2008,14
22218,0-16,2009,15
22218,16-64,2009,31
22218,65-100,2009,14
22218,0-16,2010,17
22218,16-64,2010,37
22218,65-100,2010,14
22218,0-16,2011,13
22218,16-64,2011,36
22218,65-100,2011,15
22218,0-16,2012,9
22218,16-64,2012,29
22218,65-100,2012,15
22218,0-16,2013,7
22218,16-64,2013,29
22218,65-100,2013,15
22218,0-16,2014,6
22218,16-64,2014,30
22218,65-100,2014,16
22218,0-16,2015,4
22218,16-64,2015,30
22218,65-100,2015,15
22218,0-16,2016,2
22218,16-64,2016,28
22218,65-100,2016,15
22218,0-16,2017,0
22218,16-64,2017,27
22218,65-100,2017,15
22218,0-16,2018,0
22218,16-64,2018,26
22218,65-100,2018,15
22218,0-16,2019,1
22218,16-64,2019,26
22218,65-100,2019,14
22218,0-16,2020,1
22218,16-64,2020,24
22218,65-100,2020,15
22218,0-16,2021,1
22218,16-64,2021,29
22218,65-100,2021,15
22218,0-16,2022,1
22218,16-64,2022,30
22218,65-100,2022,15
22220,0-16,2003,12
22220,16-64,2003,125
22220,65-100,2003,106
22220,0-16,2004,13
22220,16-64,2004,123
22220,65-100,2004,105
22220,0-16,2005,16
22220,16-64,2005,122
22220,65-100,2005,103
22220,0-16,2006,19
22220,16-64,2006,121
22220,65-100,2006,104
22220,0-16,2007,26
22220,16-64,2007,122
22220,65-100,2007,102
22220,0-16,2008,20
22220,16-64,2008,122
22220,65-100,2008,99
22220,0-16,2009,19
22220,16-64,2009,117
22220,65-100,2009,97
22220,0-16,2010,18
22220,16-64,2010,113
22220,65-100,2010,94
22220,0-16,2011,17
22220,16-64,2011,106
22220,65-100,2011,86
22220,0-16,2012,16
22220,16-64,2012,106
22220,65-100,2012,86
22220,0-16,2013,19
22220,16-64,2013,106
22220,65-100,2013,83
22220,0-16,2014,17
22220,16-64,2014,103
22220,65-100,2014,82
22220,0-16,2015,13
22220,16-64,2015,94
22220,65-100,2015,83
22220,0-16,2016,12
22220,16-64,2016,88
22220,65-100,2016,80
22220,0-16,2017,10
22220,16-64,2017,88
22220,65-100,2017,77
22220,0-16,2018,10
22220,16-64,2018,85
22220,65-100,2018,72
22220,0-16,2019,8
22220,16-64,2019,85
22220,65-100,2019,68
22220,0-16,2020,8
22220,16-64,2020,81
22220,65-100,2020,65
22220,0-16,2021,7
22220,16-64,2021,94
22220,65-100,2021,61
22220,0-16,2022,6
22220,16-64,2022,93
22220,65-100,2022,61
22221,0-16,2003,24
22221,16-64,2003,81
22221,65-100,2003,26
22221,0-16,2004,22
22221,16-64,2004,83
22221,65-100,2004,25
22221,0-16,2005,19
22221,16-64,2005,81
22221,65-100,2005,24
22221,0-16,2006,14
22221,16-64,2006,86
22221,65-100,2006,25
22221,0-16,2007,11
22221,16-64,2007,81
22221,65-100,2007,24
22221,0-16,2008,12
22221,16-64,2008,82
22221,65-100,2008,25
22221,0-16,2009,14
22221,16-64,2009,83
22221,65-100,2009,24
22221,0-16,2010,16
22221,16-64,2010,86
22221,65-100,2010,25
22221,0-16,2011,19
22221,16-64,2011,88
22221,65-100,2011,24
22221,0-16,2012,19
22221,16-64,2012,83
22221,65-100,2012,25
22221,0-16,2013,16
22221,16-64,2013,79
22221,65-100,2013,26
22221,0-16,2014,17
22221,16-64,2014,78
22221,65-100,2014,21
22221,0-16,2015,21
22221,16-64,2015,77
22221,65-100,2015,21
22221,0-16,2016,19
22221,16-64,2016,65
22221,65-100,2016,19
22221,0-16,2017,23
22221,16-64,2017,83
22221,65-100,2017,20
22221,0-16,2018,24
22221,16-64,2018,83
22221,65-100,2018,20
22221,0-16,2019,25
22221,16-64,2019,78
22221,65-100,2019,19
22221,0-16,2020,27
22221,16-64,2020,79
22221,65-100,2020,16
22221,0-16,2021,26
22221,16-64,2021,81
22221,65-100,2021,16
22221,0-16,2022,25
22221,16-64,2022,87
22221,65-100,2022,16
22222,0-16,2003,52
22222,16-64,2003,292
22222,65-100,2003,116
22222,0-16,2004,56
22222,16-64,2004,319
22222,65-100,2004,116
22222,0-16,2005,77
22222,16-64,2005,362
22222,65-100,2005,112
22222,0-16,2006,88
22222,16-64,2006,380
22222,65-100,2006,108
22222,0-16,2007,92
22222,16-64,2007,386
22222,65-100,2007,110
22222,0-16,2008,104
22222,16-64,2008,416
22222,65-100,2008,105
22222,0-16,2009,110
22222,16-64,2009,426
22222,65-100,2009,99
22222,0-16,2010,115
22222,16-64,2010,451
22222,65-100,2010,99
22222,0-16,2011,106
22222,16-64,2011,450
22222,65-100,2011,102
22222,0-16,2012,101
22222,16-64,2012,449
22222,65-100,2012,100
22222,0-16,2013,105
22222,16-64,2013,454
22222,65-100,2013,104
22222,0-16,2014,110
22222,16-64,2014,459
22222,65-100,2014,106
22222,0-16,2015,109
22222,16-64,2015,451
22222,65-100,2015,112
22222,0-16,2016,115
22222,16-64,2016,459
22222,65-100,2016,106
22222,0-16,2017,119
22222,16-64,2017,458
22222,65-100,2017,104
22222,0-16,2018,114
22222,16-64,2018,443
22222,65-100,2018,107
22222,0-16,2019,120
22222,16-64,2019,445
22222,65-100,2019,114
22222,0-16,2020,119
22222,16-64,2020,455
22222,65-100,2020,115
22222,0-16,2021,113
22222,16-64,2021,477
22222,65-100,2021,120
22222,0-16,2022,112
22222,16-64,2022,463
22222,65-100,2022,122
22223,0-16,2003,9
22223,16-64,2003,59
22223,65-100,2003,35
22223,0-16,2004,9
22223,16-64,2004,55
22223,65-100,2004,36
22223,0-16,2005,10
22223,16-64,2005,54
22223,65-100,2005,34
22223,0-16,2006,11
22223,16-64,2006,56
22223,65-100,2006,35
22223,0-16,2007,11
22223,16-64,2007,60
22223,65-100,2007,35
22223,0-16,2008,10
22223,16-64,2008,64
22223,65-100,2008,34
22223,0-16,2009,11
22223,16-64,2009,68
22223,65-100,2009,32
22223,0-16,2010,17
22223,16-64,2010,69
22223,65-100,2010,34
22223,0-16,2011,17
22223,16-64,2011,69
22223,65-100,2011,32
22223,0-16,2012,19
22223,16-64,2012,66
22223,65-100,2012,29
22223,0-16,2013,18
22223,16-64,2013,66
22223,65-100,2013,26
22223,0-16,2014,18
22223,16-64,2014,63
22223,65-100,2014,26
22223,0-16,2015,14
22223,16-64,2015,59
22223,65-100,2015,26
22223,0-16,2016,11
22223,16-64,2016,63
22223,65-100,2016,21
22223,0-16,2017,12
22223,16-64,2017,60
22223,65-100,2017,24
22223,0-16,2018,11
22223,16-64,2018,61
22223,65-100,2018,22
22223,0-16,2019,8
22223,16-64,2019,61
22223,65-100,2019,22
22223,0-16,2020,6
22223,16-64,2020,63
22223,65-100,2020,22
22223,0-16,2021,6
22223,16-64,2021,61
22223,65-100,2021,26
22223,0-16,2022,6
22223,16-64,2022,59
22223,65-100,2022,28
22225,0-16,2003,449
22225,16-64,2003,2199
22225,65-100,2003,1051
22225,0-16,2004,442
22225,16-64,2004,2187
22225,65-100,2004,1044
22225,0-16,2005,434
22225,16-64,2005,2202
22225,65-100,2005,1019
22225,0-16,2006,463
22225,16-64,2006,2210
22225,65-100,2006,1005
22225,0-16,2007,464
22225,16-64,2007,2244
22225,65-100,2007,995
22225,0-16,2008,486
22225,16-64,2008,2247
22225,65-100,2008,982
22225,0-16,2009,512
22225,16-64,2009,2253
22225,65-100,2009,978
22225,0-16,2010,510
22225,16-64,2010,2247
22225,65-100,2010,973
22225,0-16,2011,523
22225,16-64,2011,2220
22225,65-100,2011,968
22225,0-16,2012,515
22225,16-64,2012,2182
22225,65-100,2012,959
22225,0-16,2013,503
22225,16-64,2013,2183
22225,65-100,2013,940
22225,0-16,2014,489
22225,16-64,2014,2170
22225,65-100,2014,945
22225,0-16,2015,483
22225,16-64,2015,2112
22225,65-100,2015,943
22225,0-16,2016,483
22225,16-64,2016,2102
22225,65-100,2016,922
22225,0-16,2017,480
22225,16-64,2017,2110
22225,65-100,2017,917
22225,0-16,2018,479
22225,16-64,2018,2134
22225,65-100,2018,915
22225,0-16,2019,475
22225,16-64,2019,2098
22225,65-100,2019,903
22225,0-16,2020,479
22225,16-64,2020,2101
22225,65-100,2020,907
22225,0-16,2021,482
22225,16-64,2021,2067
22225,65-100,2021,900
22225,0-16,2022,466
22225,16-64,2022,2086
22225,65-100,2022,893
22226,0-16,2003,99
22226,16-64,2003,641
22226,65-100,2003,343
22226,0-16,2004,99
22226,16-64,2004,630
22226,65-100,2004,343
22226,0-16,2005,95
22226,16-64,2005,645
22226,65-100,2005,329
22226,0-16,2006,89
22226,16-64,2006,629
22226,65-100,2006,317
22226,0-16,2007,96
22226,16-64,2007,606
22226,65-100,2007,320
22226,0-16,2008,100
22226,16-64,2008,629
22226,65-100,2008,314
22226,0-16,2009,107
22226,16-64,2009,619
22226,65-100,2009,309
22226,0-16,2010,103
22226,16-64,2010,598
22226,65-100,2010,306
22226,0-16,2011,108
22226,16-64,2011,582
22226,65-100,2011,308
22226,0-16,2012,101
22226,16-64,2012,579
22226,65-100,2012,305
22226,0-16,2013,111
22226,16-64,2013,577
22226,65-100,2013,306
22226,0-16,2014,126
22226,16-64,2014,579
22226,65-100,2014,300
22226,0-16,2015,127
22226,16-64,2015,563
22226,65-100,2015,295
22226,0-16,2016,129
22226,16-64,2016,550
22226,65-100,2016,286
22226,0-16,2017,122
22226,16-64,2017,547
22226,65-100,2017,304
22226,0-16,2018,118
22226,16-64,2018,540
22226,65-100,2018,294
22226,0-16,2019,125
22226,16-64,2019,548
22226,65-100,2019,288
22226,0-16,2020,130
22226,16-64,2020,541
22226,65-100,2020,277
22226,0-16,2021,134
22226,16-64,2021,533
22226,65-100,2021,271
22226,0-16,2022,135
22226,16-64,2022,535
22226,65-100,2022,267
22227,0-16,2003,20
22227,16-64,2003,139
22227,65-100,2003,105
22227,0-16,2004,19
22227,16-64,2004,142
22227,65-100,2004,106
22227,0-16,2005,23
22227,16-64,2005,149
22227,65-100,2005,100
22227,0-16,2006,23
22227,16-64,2006,149
22227,65-100,2006,96
22227,0-16,2007,21
22227,16-64,2007,164
22227,65-100,2007,105
22227,0-16,2008,21
22227,16-64,2008,182
22227,65-100,2008,104
22227,0-16,2009,19
22227,16-64,2009,176
22227,65-100,2009,96
22227,0-16,2010,17
22227,16-64,2010,150
22227,65-100,2010,99
22227,0-16,2011,20
22227,16-64,2011,152
22227,65-100,2011,100
22227,0-16,2012,17
22227,16-64,2012,144
22227,65-100,2012,102
22227,0-16,2013,16
22227,16-64,2013,142
22227,65-100,2013,96
22227,0-16,2014,16
22227,16-64,2014,148
22227,65-100,2014,96
22227,0-16,2015,12
22227,16-64,2015,142
22227,65-100,2015,95
22227,0-16,2016,10
22227,16-64,2016,142
22227,65-100,2016,91
22227,0-16,2017,10
22227,16-64,2017,132
22227,65-100,2017,89
22227,0-16,2018,9
22227,16-64,2018,133
22227,65-100,2018,84
22227,0-16,2019,12
22227,16-64,2019,131
22227,65-100,2019,89
22227,0-16,2020,12
22227,16-64,2020,129
22227,65-100,2020,84
22227,0-16,2021,10
22227,16-64,2021,134
22227,65-100,2021,80
22227,0-16,2022,11
22227,16-64,2022,132
22227,65-100,2022,85
22228,0-16,2003,15
22228,16-64,2003,96
22228,65-100,2003,63
22228,0-16,2004,32
22228,16-64,2004,145
22228,65-100,2004,66
22228,0-16,2005,75
22228,16-64,2005,260
22228,65-100,2005,68
22228,0-16,2006,99
22228,16-64,2006,382
22228,65-100,2006,69
22228,0-16,2007,113
22228,16-64,2007,406
22228,65-100,2007,66
22228,0-16,2008,133
22228,16-64,2008,433
22228,65-100,2008,63
22228,0-16,2009,145
22228,16-64,2009,438
22228,65-100,2009,63
22228,0-16,2010,173
22228,16-64,2010,451
22228,65-100,2010,67
22228,0-16,2011,186
22228,16-64,2011,463
22228,65-100,2011,66
22228,0-16,2012,195
22228,16-64,2012,455
22228,65-100,2012,64
22228,0-16,2013,199
22228,16-64,2013,464
22228,65-100,2013,63
22228,0-16,2014,207
22228,16-64,2014,459
22228,65-100,2014,68
22228,0-16,2015,208
22228,16-64,2015,465
22228,65-100,2015,69
22228,0-16,2016,206
22228,16-64,2016,468
22228,65-100,2016,69
22228,0-16,2017,206
22228,16-64,2017,485
22228,65-100,2017,63
22228,0-16,2018,196
22228,16-64,2018,496
22228,65-100,2018,66
22228,0-16,2019,194
22228,16-64,2019,506
22228,65-100,2019,71
22228,0-16,2020,202
22228,16-64,2020,511
22228,65-100,2020,68
22228,0-16,2021,199
22228,16-64,2021,531
22228,65-100,2021,70
22228,0-16,2022,195
22228,16-64,2022,552
22228,65-100,2022,75
22229,0-16,2003,17
22229,16-64,2003,93
22229,65-100,2003,72
22229,0-16,2004,17
22229,16-64,2004,94
22229,65-100,2004,69
22229,0-16,2005,19
22229,16-64,2005,98
22229,65-100,2005,66
22229,0-16,2006,21
22229,16-64,2006,95
22229,65-100,2006,60
22229,0-16,2007,26
22229,16-64,2007,106
22229,65-100,2007,61
22229,0-16,2008,20
22229,16-64,2008,108
22229,65-100,2008,63
22229,0-16,2009,15
22229,16-64,2009,101
22229,65-100,2009,59
22229,0-16,2010,15
22229,16-64,2010,101
22229,65-100,2010,55
22229,0-16,2011,12
22229,16-64,2011,95
22229,65-100,2011,53
22229,0-16,2012,12
22229,16-64,2012,87
22229,65-100,2012,53
22229,0-16,2013,11
22229,16-64,2013,88
22229,65-100,2013,48
22229,0-16,2014,12
22229,16-64,2014,89
22229,65-100,2014,47
22229,0-16,2015,10
22229,16-64,2015,79
22229,65-100,2015,48
22229,0-16,2016,9
22229,16-64,2016,76
22229,65-100,2016,49
22229,0-16,2017,9
22229,16-64,2017,72
22229,65-100,2017,46
22229,0-16,2018,6
22229,16-64,2018,71
22229,65-100,2018,46
22229,0-16,2019,5
22229,16-64,2019,73
22229,65-100,2019,43
22229,0-16,2020,5
22229,16-64,2020,72
22229,65-100,2020,45
22229,0-16,2021,7
22229,16-64,2021,73
22229,65-100,2021,46
22229,0-16,2022,10
22229,16-64,2022,80
22229,65-100,2022,42
22230,0-16,2003,26
22230,16-64,2003,198
22230,65-100,2003,92
22230,0-16,2004,23
22230,16-64,2004,203
22230,65-100,2004,89
22230,0-16,2005,22
22230,16-64,2005,209
22230,65-100,2005,87
22230,0-16,2006,32
22230,16-64,2006,208
22230,65-100,2006,89
22230,0-16,2007,29
22230,16-64,2007,212
22230,65-100,2007,78
22230,0-16,2008,27
22230,16-64,2008,217
22230,65-100,2008,79
22230,0-16,2009,26
22230,16-64,2009,215
22230,65-100,2009,83
22230,0-16,2010,23
22230,16-64,2010,221
22230,65-100,2010,84
22230,0-16,2011,23
22230,16-64,2011,214
22230,65-100,2011,90
22230,0-16,2012,21
22230,16-64,2012,212
22230,65-100,2012,87
22230,0-16,2013,23
22230,16-64,2013,183
22230,65-100,2013,86
22230,0-16,2014,21
22230,16-64,2014,184
22230,65-100,2014,88
22230,0-16,2015,17
22230,16-64,2015,204
22230,65-100,2015,85
22230,0-16,2016,16
22230,16-64,2016,203
22230,65-100,2016,86
22230,0-16,2017,13
22230,16-64,2017,202
22230,65-100,2017,84
22230,0-16,2018,15
22230,16-64,2018,197
22230,65-100,2018,86
22230,0-16,2019,13
22230,16-64,2019,199
22230,65-100,2019,92
22230,0-16,2020,12
22230,16-64,2020,194
22230,65-100,2020,92
22230,0-16,2021,8
22230,16-64,2021,199
22230,65-100,2021,92
22230,0-16,2022,11
22230,16-64,2022,201
22230,65-100,2022,95
22232,0-16,2003,4
22232,16-64,2003,72
22232,65-100,2003,42
22232,0-16,2004,3
22232,16-64,2004,72
22232,65-100,2004,40
22232,0-16,2005,5
22232,16-64,2005,74
22232,65-100,2005,43
22232,0-16,2006,2
22232,16-64,2006,74
22232,65-100,2006,41
22232,0-16,2007,4
22232,16-64,2007,71
22232,65-100,2007,43
22232,0-16,2008,6
22232,16-64,2008,69
22232,65-100,2008,41
22232,0-16,2009,5
22232,16-64,2009,67
22232,65-100,2009,41
22232,0-16,2010,5
22232,16-64,2010,67
22232,65-100,2010,39
22232,0-16,2011,4
22232,16-64,2011,67
22232,65-100,2011,36
22232,0-16,2012,6
22232,16-64,2012,69
22232,65-100,2012,35
22232,0-16,2013,7
22232,16-64,2013,64
22232,65-100,2013,36
22232,0-16,2014,10
22232,16-64,2014,64
22232,65-100,2014,39
22232,0-16,2015,9
22232,16-64,2015,65
22232,65-100,2015,40
22232,0-16,2016,6
22232,16-64,2016,63
22232,65-100,2016,38
22232,0-16,2017,11
22232,16-64,2017,67
22232,65-100,2017,36
22232,0-16,2018,7
22232,16-64,2018,63
22232,65-100,2018,33
22232,0-16,2019,7
22232,16-64,2019,62
22232,65-100,2019,32
22232,0-16,2020,14
22232,16-64,2020,67
22232,65-100,2020,32
22232,0-16,2021,10
22232,16-64,2021,69
22232,65-100,2021,30
22232,0-16,2022,11
22232,16-64,2022,67
22232,65-100,2022,27
22233,0-16,2003,16
22233,16-64,2003,67
22233,65-100,2003,36
22233,0-16,2004,14
22233,16-64,2004,71
22233,65-100,2004,32
22233,0-16,2005,13
22233,16-64,2005,73
22233,65-100,2005,33
22233,0-16,2006,12
22233,16-64,2006,73
22233,65-100,2006,33
22233,0-16,2007,12
22233,16-64,2007,71
22233,65-100,2007,36
22233,0-16,2008,11
22233,16-64,2008,76
22233,65-100,2008,34
22233,0-16,2009,11
22233,16-64,2009,72
22233,65-100,2009,35
22233,0-16,2010,9
22233,16-64,2010,75
22233,65-100,2010,33
22233,0-16,2011,11
22233,16-64,2011,74
22233,65-100,2011,34
22233,0-16,2012,9
22233,16-64,2012,75
22233,65-100,2012,33
22233,0-16,2013,9
22233,16-64,2013,71
22233,65-100,2013,33
22233,0-16,2014,8
22233,16-64,2014,67
22233,65-100,2014,31
22233,0-16,2015,9
22233,16-64,2015,65
22233,65-100,2015,30
22233,0-16,2016,9
22233,16-64,2016,63
22233,65-100,2016,31
22233,0-16,2017,9
22233,16-64,2017,61
22233,65-100,2017,33
22233,0-16,2018,7
22233,16-64,2018,61
22233,65-100,2018,34
22233,0-16,2019,5
22233,16-64,2019,65
22233,65-100,2019,31
22233,0-16,2020,8
22233,16-64,2020,60
22233,65-100,2020,28
22233,0-16,2021,9
22233,16-64,2021,60
22233,65-100,2021,26
22233,0-16,2022,10
22233,16-64,2022,62
22233,65-100,2022,29
22234,0-16,2003,109
22234,16-64,2003,606
22234,65-100,2003,286
22234,0-16,2004,105
22234,16-64,2004,615
22234,65-100,2004,282
22234,0-16,2005,106
22234,16-64,2005,662
22234,65-100,2005,279
22234,0-16,2006,102
22234,16-64,2006,700
22234,65-100,2006,282
22234,0-16,2007,92
22234,16-64,2007,643
22234,65-100,2007,286
22234,0-16,2008,93
22234,16-64,2008,633
22234,65-100,2008,291
22234,0-16,2009,141
22234,16-64,2009,943
22234,65-100,2009,286
22234,0-16,2010,132
22234,16-64,2010,860
22234,65-100,2010,284
22234,0-16,2011,129
22234,16-64,2011,921
22234,65-100,2011,287
22234,0-16,2012,131
22234,16-64,2012,896
22234,65-100,2012,294
22234,0-16,2013,134
22234,16-64,2013,818
22234,65-100,2013,289
22234,0-16,2014,127
22234,16-64,2014,789
22234,65-100,2014,289
22234,0-16,2015,128
22234,16-64,2015,766
22234,65-100,2015,293
22234,0-16,2016,123
22234,16-64,2016,746
22234,65-100,2016,288
22234,0-16,2017,114
22234,16-64,2017,735
22234,65-100,2017,283
22234,0-16,2018,115
22234,16-64,2018,751
22234,65-100,2018,282
22234,0-16,2019,118
22234,16-64,2019,766
22234,65-100,2019,270
22234,0-16,2020,126
22234,16-64,2020,929
22234,65-100,2020,272
22234,0-16,2021,122
22234,16-64,2021,884
22234,65-100,2021,273
22234,0-16,2022,118
22234,16-64,2022,765
22234,65-100,2022,268
22235,0-16,2003,9
22235,16-64,2003,58
22235,65-100,2003,61
22235,0-16,2004,8
22235,16-64,2004,58
22235,65-100,2004,59
22235,0-16,2005,7
22235,16-64,2005,59
22235,65-100,2005,58
22235,0-16,2006,6
22235,16-64,2006,56
22235,65-100,2006,60
22235,0-16,2007,5
22235,16-64,2007,54
22235,65-100,2007,57
22235,0-16,2008,5
22235,16-64,2008,54
22235,65-100,2008,53
22235,0-16,2009,3
22235,16-64,2009,55
22235,65-100,2009,55
22235,0-16,2010,1
22235,16-64,2010,54
22235,65-100,2010,51
22235,0-16,2011,2
22235,16-64,2011,55
22235,65-100,2011,52
22235,0-16,2012,1
22235,16-64,2012,52
22235,65-100,2012,52
22235,0-16,2013,3
22235,16-64,2013,52
22235,65-100,2013,51
22235,0-16,2014,2
22235,16-64,2014,50
22235,65-100,2014,51
22235,0-16,2015,3
22235,16-64,2015,54
22235,65-100,2015,50
22235,0-16,2016,0
22235,16-64,2016,49
22235,65-100,2016,49
22235,0-16,2017,0
22235,16-64,2017,47
22235,65-100,2017,46
22235,0-16,2018,0
22235,16-64,2018,47
22235,65-100,2018,45
22235,0-16,2019,0
22235,16-64,2019,48
22235,65-100,2019,38
22235,0-16,2020,0
22235,16-64,2020,48
22235,65-100,2020,34
22235,0-16,2021,3
22235,16-64,2021,53
22235,65-100,2021,35
22235,0-16,2022,2
22235,16-64,2022,46
22235,65-100,2022,37
22236,0-16,2003,26
22236,16-64,2003,193
22236,65-100,2003,117
22236,0-16,2004,26
22236,16-64,2004,198
22236,65-100,2004,111
22236,0-16,2005,22
22236,16-64,2005,190
22236,65-100,2005,109
22236,0-16,2006,24
22236,16-64,2006,194
22236,65-100,2006,106
22236,0-16,2007,23
22236,16-64,2007,198
22236,65-100,2007,103
22236,0-16,2008,24
22236,16-64,2008,195
22236,65-100,2008,101
22236,0-16,2009,24
22236,16-64,2009,194
22236,65-100,2009,100
22236,0-16,2010,21
22236,16-64,2010,187
22236,65-100,2010,95
22236,0-16,2011,20
22236,16-64,2011,183
22236,65-100,2011,98
22236,0-16,2012,18
22236,16-64,2012,183
22236,65-100,2012,96
22236,0-16,2013,22
22236,16-64,2013,184
22236,65-100,2013,97
22236,0-16,2014,14
22236,16-64,2014,180
22236,65-100,2014,99
22236,0-16,2015,13
22236,16-64,2015,174
22236,65-100,2015,96
22236,0-16,2016,17
22236,16-64,2016,174
22236,65-100,2016,90
22236,0-16,2017,14
22236,16-64,2017,173
22236,65-100,2017,85
22236,0-16,2018,13
22236,16-64,2018,168
22236,65-100,2018,85
22236,0-16,2019,9
22236,16-64,2019,160
22236,65-100,2019,83
22236,0-16,2020,15
22236,16-64,2020,154
22236,65-100,2020,82
22236,0-16,2021,14
22236,16-64,2021,156
22236,65-100,2021,81
22236,0-16,2022,17
22236,16-64,2022,161
22236,65-100,2022,78
22239,0-16,2003,1
22239,16-64,2003,58
22239,65-100,2003,40
22239,0-16,2004,2
22239,16-64,2004,67
22239,65-100,2004,39
22239,0-16,2005,2
22239,16-64,2005,65
22239,65-100,2005,40
22239,0-16,2006,2
22239,16-64,2006,64
22239,65-100,2006,39
22239,0-16,2007,5
22239,16-64,2007,64
22239,65-100,2007,41
22239,0-16,2008,4
22239,16-64,2008,63
22239,65-100,2008,39
22239,0-16,2009,4
22239,16-64,2009,58
22239,65-100,2009,38
22239,0-16,2010,2
22239,16-64,2010,59
22239,65-100,2010,39
22239,0-16,2011,4
22239,16-64,2011,58
22239,65-100,2011,36
22239,0-16,2012,5
22239,16-64,2012,51
22239,65-100,2012,38
22239,0-16,2013,7
22239,16-64,2013,54
22239,65-100,2013,34
22239,0-16,2014,6
22239,16-64,2014,52
22239,65-100,2014,39
22239,0-16,2015,12
22239,16-64,2015,56
22239,65-100,2015,42
22239,0-16,2016,13
22239,16-64,2016,57
22239,65-100,2016,43
22239,0-16,2017,7
22239,16-64,2017,54
22239,65-100,2017,46
22239,0-16,2018,7
22239,16-64,2018,48
22239,65-100,2018,44
22239,0-16,2019,8
22239,16-64,2019,56
22239,65-100,2019,40
22239,0-16,2020,6
22239,16-64,2020,55
22239,65-100,2020,37
22239,0-16,2021,8
22239,16-64,2021,56
22239,65-100,2021,36
22239,0-16,2022,9
22239,16-64,2022,65
22239,65-100,2022,36
22242,0-16,2003,11
22242,16-64,2003,51
22242,65-100,2003,36
22242,0-16,2004,9
22242,16-64,2004,45
22242,65-100,2004,37
22242,0-16,2005,12
22242,16-64,2005,51
22242,65-100,2005,37
22242,0-16,2006,12
22242,16-64,2006,51
22242,65-100,2006,38
22242,0-16,2007,10
22242,16-64,2007,49
22242,65-100,2007,40
22242,0-16,2008,8
22242,16-64,2008,46
22242,65-100,2008,38
22242,0-16,2009,8
22242,16-64,2009,44
22242,65-100,2009,38
22242,0-16,2010,8
22242,16-64,2010,41
22242,65-100,2010,38
22242,0-16,2011,10
22242,16-64,2011,42
22242,65-100,2011,38
22242,0-16,2012,4
22242,16-64,2012,37
22242,65-100,2012,33
22242,0-16,2013,7
22242,16-64,2013,37
22242,65-100,2013,34
22242,0-16,2014,6
22242,16-64,2014,37
22242,65-100,2014,30
22242,0-16,2015,6
22242,16-64,2015,36
22242,65-100,2015,30
22242,0-16,2016,3
22242,16-64,2016,38
22242,65-100,2016,29
22242,0-16,2017,1
22242,16-64,2017,36
22242,65-100,2017,29
22242,0-16,2018,4
22242,16-64,2018,35
22242,65-100,2018,30
22242,0-16,2019,5
22242,16-64,2019,34
22242,65-100,2019,28
22242,0-16,2020,4
22242,16-64,2020,31
22242,65-100,2020,28
22242,0-16,2021,2
22242,16-64,2021,37
22242,65-100,2021,26
22242,0-16,2022,1
22242,16-64,2022,34
22242,65-100,2022,23
22243,0-16,2003,11
22243,16-64,2003,23
22243,65-100,2003,20
22243,0-16,2004,10
22243,16-64,2004,23
22243,65-100,2004,21
22243,0-16,2005,9
22243,16-64,2005,24
22243,65-100,2005,21
22243,0-16,2006,8
22243,16-64,2006,25
22243,65-100,2006,20
22243,0-16,2007,5
22243,16-64,2007,28
22243,65-100,2007,20
22243,0-16,2008,4
22243,16-64,2008,26
22243,65-100,2008,23
22243,0-16,2009,4
22243,16-64,2009,25
22243,65-100,2009,23
22243,0-16,2010,3
22243,16-64,2010,25
22243,65-100,2010,22
22243,0-16,2011,1
22243,16-64,2011,27
22243,65-100,2011,22
22243,0-16,2012,1
22243,16-64,2012,27
22243,65-100,2012,21
22243,0-16,2013,0
22243,16-64,2013,18
22243,65-100,2013,21
22243,0-16,2014,0
22243,16-64,2014,17
22243,65-100,2014,20
22243,0-16,2015,0
22243,16-64,2015,18
22243,65-100,2015,19
22243,0-16,2016,0
22243,16-64,2016,16
22243,65-100,2016,18
22243,0-16,2017,0
22243,16-64,2017,17
22243,65-100,2017,18
22243,0-16,2018,0
22243,16-64,2018,14
22243,65-100,2018,20
22243,0-16,2019,0
22243,16-64,2019,12
22243,65-100,2019,18
22243,0-16,2020,0
22243,16-64,2020,19
22243,65-100,2020,21
22243,0-16,2021,0
22243,16-64,2021,46
22243,65-100,2021,18
22243,0-16,2022,0
22243,16-64,2022,42
22243,65-100,2022,16
22244,0-16,2003,2
22244,16-64,2003,25
22244,65-100,2003,24
22244,0-16,2004,2
22244,16-64,2004,24
22244,65-100,2004,23
22244,0-16,2005,1
22244,16-64,2005,24
22244,65-100,2005,24
22244,0-16,2006,1
22244,16-64,2006,23
22244,65-100,2006,23
22244,0-16,2007,1
22244,16-64,2007,21
22244,65-100,2007,25
22244,0-16,2008,0
22244,16-64,2008,21
22244,65-100,2008,23
22244,0-16,2009,0
22244,16-64,2009,20
22244,65-100,2009,22
22244,0-16,2010,3
22244,16-64,2010,36
22244,65-100,2010,26
22244,0-16,2011,5
22244,16-64,2011,33
22244,65-100,2011,28
22244,0-16,2012,5
22244,16-64,2012,29
22244,65-100,2012,30
22244,0-16,2013,5
22244,16-64,2013,24
22244,65-100,2013,30
22244,0-16,2014,4
22244,16-64,2014,24
22244,65-100,2014,30
22244,0-16,2015,4
22244,16-64,2015,22
22244,65-100,2015,28
22244,0-16,2016,4
22244,16-64,2016,19
22244,65-100,2016,29
22244,0-16,2017,3
22244,16-64,2017,19
22244,65-100,2017,26
22244,0-16,2018,3
22244,16-64,2018,16
22244,65-100,2018,27
22244,0-16,2019,2
22244,16-64,2019,15
22244,65-100,2019,22
22244,0-16,2020,1
22244,16-64,2020,31
22244,65-100,2020,19
22244,0-16,2021,2
22244,16-64,2021,27
22244,65-100,2021,17
22244,0-16,2022,5
22244,16-64,2022,29
22244,65-100,2022,19
22245,0-16,2003,53
22245,16-64,2003,251
22245,65-100,2003,142
22245,0-16,2004,54
22245,16-64,2004,248
22245,65-100,2004,139
22245,0-16,2005,62
22245,16-64,2005,255
22245,65-100,2005,139
22245,0-16,2006,63
22245,16-64,2006,269
22245,65-100,2006,137
22245,0-16,2007,72
22245,16-64,2007,273
22245,65-100,2007,137
22245,0-16,2008,67
22245,16-64,2008,276
22245,65-100,2008,132
22245,0-16,2009,65
22245,16-64,2009,276
22245,65-100,2009,124
22245,0-16,2010,64
22245,16-64,2010,264
22245,65-100,2010,122
22245,0-16,2011,61
22245,16-64,2011,269
22245,65-100,2011,119
22245,0-16,2012,61
22245,16-64,2012,276
22245,65-100,2012,115
22245,0-16,2013,63
22245,16-64,2013,274
22245,65-100,2013,110
22245,0-16,2014,61
22245,16-64,2014,284
22245,65-100,2014,116
22245,0-16,2015,59
22245,16-64,2015,268
22245,65-100,2015,115
22245,0-16,2016,56
22245,16-64,2016,266
22245,65-100,2016,120
22245,0-16,2017,59
22245,16-64,2017,271
22245,65-100,2017,118
22245,0-16,2018,63
22245,16-64,2018,283
22245,65-100,2018,117
22245,0-16,2019,63
22245,16-64,2019,282
22245,65-100,2019,116
22245,0-16,2020,62
22245,16-64,2020,283
22245,65-100,2020,115
22245,0-16,2021,61
22245,16-64,2021,299
22245,65-100,2021,120
22245,0-16,2022,58
22245,16-64,2022,307
22245,65-100,2022,111
22246,0-16,2003,5
22246,16-64,2003,53
22246,65-100,2003,51
22246,0-16,2004,4
22246,16-64,2004,54
22246,65-100,2004,47
22246,0-16,2005,5
22246,16-64,2005,61
22246,65-100,2005,46
22246,0-16,2006,5
22246,16-64,2006,63
22246,65-100,2006,43
22246,0-16,2007,5
22246,16-64,2007,58
22246,65-100,2007,43
22246,0-16,2008,10
22246,16-64,2008,62
22246,65-100,2008,37
22246,0-16,2009,5
22246,16-64,2009,60
22246,65-100,2009,34
22246,0-16,2010,7
22246,16-64,2010,60
22246,65-100,2010,37
22246,0-16,2011,8
22246,16-64,2011,59
22246,65-100,2011,37
22246,0-16,2012,8
22246,16-64,2012,56
22246,65-100,2012,33
22246,0-16,2013,8
22246,16-64,2013,56
22246,65-100,2013,35
22246,0-16,2014,8
22246,16-64,2014,55
22246,65-100,2014,34
22246,0-16,2015,7
22246,16-64,2015,49
22246,65-100,2015,36
22246,0-16,2016,5
22246,16-64,2016,48
22246,65-100,2016,35
22246,0-16,2017,6
22246,16-64,2017,43
22246,65-100,2017,28
22246,0-16,2018,7
22246,16-64,2018,44
22246,65-100,2018,27
22246,0-16,2019,6
22246,16-64,2019,49
22246,65-100,2019,27
22246,0-16,2020,6
22246,16-64,2020,41
22246,65-100,2020,28
22246,0-16,2021,5
22246,16-64,2021,36
22246,65-100,2021,33
22246,0-16,2022,3
22246,16-64,2022,37
22246,65-100,2022,32
22247,0-16,2003,1
22247,16-64,2003,19
22247,65-100,2003,8
22247,0-16,2004,0
22247,16-64,2004,19
22247,65-100,2004,7
22247,0-16,2005,0
22247,16-64,2005,18
22247,65-100,2005,8
22247,0-16,2006,0
22247,16-64,2006,16
22247,65-100,2006,9
22247,0-16,2007,0
22247,16-64,2007,16
22247,65-100,2007,9
22247,0-16,2008,1
22247,16-64,2008,18
22247,65-100,2008,8
22247,0-16,2009,4
22247,16-64,2009,39
22247,65-100,2009,7
22247,0-16,2010,6
22247,16-64,2010,37
22247,65-100,2010,5
22247,0-16,2011,6
22247,16-64,2011,37
22247,65-100,2011,5
22247,0-16,2012,6
22247,16-64,2012,38
22247,65-100,2012,7
22247,0-16,2013,3
22247,16-64,2013,34
22247,65-100,2013,6
22247,0-16,2014,3
22247,16-64,2014,34
22247,65-100,2014,6
22247,0-16,2015,3
22247,16-64,2015,32
22247,65-100,2015,7
22247,0-16,2016,2
22247,16-64,2016,33
22247,65-100,2016,9
22247,0-16,2017,1
22247,16-64,2017,25
22247,65-100,2017,9
22247,0-16,2018,2
22247,16-64,2018,26
22247,65-100,2018,8
22247,0-16,2019,2
22247,16-64,2019,26
22247,65-100,2019,8
22247,0-16,2020,1
22247,16-64,2020,29
22247,65-100,2020,7
22247,0-16,2021,1
22247,16-64,2021,32
22247,65-100,2021,8
22247,0-16,2022,0
22247,16-64,2022,30
22247,65-100,2022,9
22248,0-16,2003,10
22248,16-64,2003,81
22248,65-100,2003,29
22248,0-16,2004,8
22248,16-64,2004,79
22248,65-100,2004,28
22248,0-16,2005,8
22248,16-64,2005,77
22248,65-100,2005,28
22248,0-16,2006,10
22248,16-64,2006,80
22248,65-100,2006,28
22248,0-16,2007,11
22248,16-64,2007,76
22248,65-100,2007,29
22248,0-16,2008,11
22248,16-64,2008,84
22248,65-100,2008,29
22248,0-16,2009,11
22248,16-64,2009,90
22248,65-100,2009,30
22248,0-16,2010,4
22248,16-64,2010,87
22248,65-100,2010,31
22248,0-16,2011,4
22248,16-64,2011,81
22248,65-100,2011,34
22248,0-16,2012,4
22248,16-64,2012,79
22248,65-100,2012,32
22248,0-16,2013,8
22248,16-64,2013,81
22248,65-100,2013,35
22248,0-16,2014,9
22248,16-64,2014,77
22248,65-100,2014,36
22248,0-16,2015,9
22248,16-64,2015,80
22248,65-100,2015,37
22248,0-16,2016,8
22248,16-64,2016,71
22248,65-100,2016,42
22248,0-16,2017,8
22248,16-64,2017,73
22248,65-100,2017,40
22248,0-16,2018,7
22248,16-64,2018,70
22248,65-100,2018,39
22248,0-16,2019,7
22248,16-64,2019,69
22248,65-100,2019,37
22248,0-16,2020,7
22248,16-64,2020,67
22248,65-100,2020,36
22248,0-16,2021,6
22248,16-64,2021,79
22248,65-100,2021,37
22248,0-16,2022,6
22248,16-64,2022,85
22248,65-100,2022,37
22249,0-16,2003,19
22249,16-64,2003,90
22249,65-100,2003,25
22249,0-16,2004,18
22249,16-64,2004,91
22249,65-100,2004,24
22249,0-16,2005,14
22249,16-64,2005,83
22249,65-100,2005,25
22249,0-16,2006,27
22249,16-64,2006,100
22249,65-100,2006,27
22249,0-16,2007,24
22249,16-64,2007,104
22249,65-100,2007,28
22249,0-16,2008,26
22249,16-64,2008,103
22249,65-100,2008,28
22249,0-16,2009,27
22249,16-64,2009,95
22249,65-100,2009,28
22249,0-16,2010,35
22249,16-64,2010,94
22249,65-100,2010,25
22249,0-16,2011,38
22249,16-64,2011,94
22249,65-100,2011,25
22249,0-16,2012,35
22249,16-64,2012,89
22249,65-100,2012,24
22249,0-16,2013,37
22249,16-64,2013,87
22249,65-100,2013,26
22249,0-16,2014,42
22249,16-64,2014,90
22249,65-100,2014,27
22249,0-16,2015,38
22249,16-64,2015,92
22249,65-100,2015,27
22249,0-16,2016,40
22249,16-64,2016,96
22249,65-100,2016,26
22249,0-16,2017,37
22249,16-64,2017,100
22249,65-100,2017,27
22249,0-16,2018,37
22249,16-64,2018,95
22249,65-100,2018,27
22249,0-16,2019,37
22249,16-64,2019,105
22249,65-100,2019,26
22249,0-16,2020,31
22249,16-64,2020,113
22249,65-100,2020,30
22249,0-16,2021,32
22249,16-64,2021,110
22249,65-100,2021,29
22249,0-16,2022,30
22249,16-64,2022,111
22249,65-100,2022,29
22250,0-16,2003,34
22250,16-64,2003,236
22250,65-100,2003,75
22250,0-16,2004,38
22250,16-64,2004,270
22250,65-100,2004,73
22250,0-16,2005,37
22250,16-64,2005,322
22250,65-100,2005,76
22250,0-16,2006,47
22250,16-64,2006,344
22250,65-100,2006,75
22250,0-16,2007,48
22250,16-64,2007,359
22250,65-100,2007,71
22250,0-16,2008,49
22250,16-64,2008,360
22250,65-100,2008,70
22250,0-16,2009,46
22250,16-64,2009,354
22250,65-100,2009,77
22250,0-16,2010,52
22250,16-64,2010,358
22250,65-100,2010,82
22250,0-16,2011,69
22250,16-64,2011,358
22250,65-100,2011,85
22250,0-16,2012,60
22250,16-64,2012,358
22250,65-100,2012,81
22250,0-16,2013,54
22250,16-64,2013,353
22250,65-100,2013,80
22250,0-16,2014,51
22250,16-64,2014,344
22250,65-100,2014,80
22250,0-16,2015,46
22250,16-64,2015,304
22250,65-100,2015,85
22250,0-16,2016,48
22250,16-64,2016,306
22250,65-100,2016,87
22250,0-16,2017,56
22250,16-64,2017,305
22250,65-100,2017,89
22250,0-16,2018,56
22250,16-64,2018,294
22250,65-100,2018,97
22250,0-16,2019,54
22250,16-64,2019,286
22250,65-100,2019,92
22250,0-16,2020,61
22250,16-64,2020,298
22250,65-100,2020,92
22250,0-16,2021,80
22250,16-64,2021,350
22250,65-100,2021,94
22250,0-16,2022,79
22250,16-64,2022,380
22250,65-100,2022,101
22251,0-16,2003,74
22251,16-64,2003,328
22251,65-100,2003,128
22251,0-16,2004,71
22251,16-64,2004,335
22251,65-100,2004,126
22251,0-16,2005,69
22251,16-64,2005,332
22251,65-100,2005,125
22251,0-16,2006,66
22251,16-64,2006,335
22251,65-100,2006,119
22251,0-16,2007,63
22251,16-64,2007,339
22251,65-100,2007,118
22251,0-16,2008,61
22251,16-64,2008,345
22251,65-100,2008,119
22251,0-16,2009,53
22251,16-64,2009,345
22251,65-100,2009,114
22251,0-16,2010,47
22251,16-64,2010,351
22251,65-100,2010,114
22251,0-16,2011,38
22251,16-64,2011,321
22251,65-100,2011,119
22251,0-16,2012,37
22251,16-64,2012,314
22251,65-100,2012,113
22251,0-16,2013,36
22251,16-64,2013,303
22251,65-100,2013,104
22251,0-16,2014,34
22251,16-64,2014,301
22251,65-100,2014,99
22251,0-16,2015,40
22251,16-64,2015,299
22251,65-100,2015,103
22251,0-16,2016,31
22251,16-64,2016,289
22251,65-100,2016,102
22251,0-16,2017,32
22251,16-64,2017,274
22251,65-100,2017,99
22251,0-16,2018,27
22251,16-64,2018,267
22251,65-100,2018,100
22251,0-16,2019,29
22251,16-64,2019,267
22251,65-100,2019,94
22251,0-16,2020,27
22251,16-64,2020,258
22251,65-100,2020,99
22251,0-16,2021,26
22251,16-64,2021,245
22251,65-100,2021,93
22251,0-16,2022,31
22251,16-64,2022,246
22251,65-100,2022,93
22252,0-16,2003,17
22252,16-64,2003,110
22252,65-100,2003,41
22252,0-16,2004,14
22252,16-64,2004,112
22252,65-100,2004,40
22252,0-16,2005,14
22252,16-64,2005,104
22252,65-100,2005,42
22252,0-16,2006,14
22252,16-64,2006,98
22252,65-100,2006,43
22252,0-16,2007,14
22252,16-64,2007,96
22252,65-100,2007,42
22252,0-16,2008,15
22252,16-64,2008,98
22252,65-100,2008,41
22252,0-16,2009,14
22252,16-64,2009,98
22252,65-100,2009,46
22252,0-16,2010,14
22252,16-64,2010,95
22252,65-100,2010,46
22252,0-16,2011,10
22252,16-64,2011,92
22252,65-100,2011,50
22252,0-16,2012,8
22252,16-64,2012,87
22252,65-100,2012,52
22252,0-16,2013,9
22252,16-64,2013,90
22252,65-100,2013,47
22252,0-16,2014,12
22252,16-64,2014,86
22252,65-100,2014,44
22252,0-16,2015,14
22252,16-64,2015,84
22252,65-100,2015,44
22252,0-16,2016,11
22252,16-64,2016,82
22252,65-100,2016,47
22252,0-16,2017,15
22252,16-64,2017,86
22252,65-100,2017,46
22252,0-16,2018,17
22252,16-64,2018,83
22252,65-100,2018,47
22252,0-16,2019,19
22252,16-64,2019,80
22252,65-100,2019,44
22252,0-16,2020,17
22252,16-64,2020,81
22252,65-100,2020,44
22252,0-16,2021,20
22252,16-64,2021,88
22252,65-100,2021,44
22252,0-16,2022,21
22252,16-64,2022,89
22252,65-100,2022,44
22253,0-16,2003,0
22253,16-64,2003,55
22253,65-100,2003,23
22253,0-16,2004,0
22253,16-64,2004,53
22253,65-100,2004,24
22253,0-16,2005,0
22253,16-64,2005,56
22253,65-100,2005,24
22253,0-16,2006,0
22253,16-64,2006,52
22253,65-100,2006,28
22253,0-16,2007,0
22253,16-64,2007,50
22253,65-100,2007,27
22253,0-16,2008,0
22253,16-64,2008,50
22253,65-100,2008,27
22253,0-16,2009,0
22253,16-64,2009,49
22253,65-100,2009,28
22253,0-16,2010,0
22253,16-64,2010,46
22253,65-100,2010,25
22253,0-16,2011,0
22253,16-64,2011,43
22253,65-100,2011,26
22253,0-16,2012,0
22253,16-64,2012,38
22253,65-100,2012,29
22253,0-16,2013,0
22253,16-64,2013,36
22253,65-100,2013,27
22253,0-16,2014,0
22253,16-64,2014,32
22253,65-100,2014,25
22253,0-16,2015,0
22253,16-64,2015,32
22253,65-100,2015,26
22253,0-16,2016,0
22253,16-64,2016,31
22253,65-100,2016,26
22253,0-16,2017,0
22253,16-64,2017,29
22253,65-100,2017,27
22253,0-16,2018,1
22253,16-64,2018,30
22253,65-100,2018,29
22253,0-16,2019,0
22253,16-64,2019,31
22253,65-100,2019,26
22253,0-16,2020,0
22253,16-64,2020,31
22253,65-100,2020,26
22253,0-16,2021,2
22253,16-64,2021,32
22253,65-100,2021,26
22253,0-16,2022,2
22253,16-64,2022,28
22253,65-100,2022,28
22254,0-16,2003,210
22254,16-64,2003,1090
22254,65-100,2003,426
22254,0-16,2004,200
22254,16-64,2004,1099
22254,65-100,2004,422
22254,0-16,2005,225
22254,16-64,2005,1147
22254,65-100,2005,423
22254,0-16,2006,227
22254,16-64,2006,1182
22254,65-100,2006,413
22254,0-16,2007,246
22254,16-64,2007,1169
22254,65-100,2007,412
22254,0-16,2008,236
22254,16-64,2008,1111
22254,65-100,2008,415
22254,0-16,2009,244
22254,16-64,2009,1067
22254,65-100,2009,418
22254,0-16,2010,244
22254,16-64,2010,1044
22254,65-100,2010,421
22254,0-16,2011,235
22254,16-64,2011,1038
22254,65-100,2011,416
22254,0-16,2012,251
22254,16-64,2012,1082
22254,65-100,2012,417
22254,0-16,2013,249
22254,16-64,2013,1134
22254,65-100,2013,414
22254,0-16,2014,240
22254,16-64,2014,1197
22254,65-100,2014,400
22254,0-16,2015,233
22254,16-64,2015,1214
22254,65-100,2015,405
22254,0-16,2016,206
22254,16-64,2016,1165
22254,65-100,2016,412
22254,0-16,2017,209
22254,16-64,2017,1155
22254,65-100,2017,408
22254,0-16,2018,205
22254,16-64,2018,1162
22254,65-100,2018,407
22254,0-16,2019,213
22254,16-64,2019,1137
22254,65-100,2019,413
22254,0-16,2020,213
22254,16-64,2020,1182
22254,65-100,2020,403
22254,0-16,2021,220
22254,16-64,2021,1244
22254,65-100,2021,396
22254,0-16,2022,211
22254,16-64,2022,1259
22254,65-100,2022,402
22901,0-16,2003,105
22901,16-64,2003,597
22901,65-100,2003,292
22901,0-16,2004,102
22901,16-64,2004,596
22901,65-100,2004,286
22901,0-16,2005,103
22901,16-64,2005,588
22901,65-100,2005,282
22901,0-16,2006,106
22901,16-64,2006,589
22901,65-100,2006,278
22901,0-16,2007,105
22901,16-64,2007,579
22901,65-100,2007,273
22901,0-16,2008,106
22901,16-64,2008,577
22901,65-100,2008,266
22901,0-16,2009,112
22901,16-64,2009,573
22901,65-100,2009,269
22901,0-16,2010,113
22901,16-64,2010,572
22901,65-100,2010,275
22901,0-16,2011,105
22901,16-64,2011,558
22901,65-100,2011,284
22901,0-16,2012,106
22901,16-64,2012,545
22901,65-100,2012,286
22901,0-16,2013,99
22901,16-64,2013,548
22901,65-100,2013,277
22901,0-16,2014,90
22901,16-64,2014,542
22901,65-100,2014,271
22901,0-16,2015,87
22901,16-64,2015,532
22901,65-100,2015,261
22901,0-16,2016,88
22901,16-64,2016,534
22901,65-100,2016,257
22901,0-16,2017,78
22901,16-64,2017,526
22901,65-100,2017,248
22901,0-16,2018,74
22901,16-64,2018,525
22901,65-100,2018,240
22901,0-16,2019,76
22901,16-64,2019,511
22901,65-100,2019,235
22901,0-16,2020,65
22901,16-64,2020,510
22901,65-100,2020,242
22901,0-16,2021,65
22901,16-64,2021,512
22901,65-100,2021,240
22901,0-16,2022,63
22901,16-64,2022,505
22901,65-100,2022,242
22902,0-16,2003,21
22902,16-64,2003,144
22902,65-100,2003,87
22902,0-16,2004,20
22902,16-64,2004,136
22902,65-100,2004,90
22902,0-16,2005,19
22902,16-64,2005,130
22902,65-100,2005,90
22902,0-16,2006,17
22902,16-64,2006,126
22902,65-100,2006,89
22902,0-16,2007,14
22902,16-64,2007,123
22902,65-100,2007,89
22902,0-16,2008,12
22902,16-64,2008,122
22902,65-100,2008,88
22902,0-16,2009,11
22902,16-64,2009,116
22902,65-100,2009,91
22902,0-16,2010,10
22902,16-64,2010,111
22902,65-100,2010,94
22902,0-16,2011,31
22902,16-64,2011,161
22902,65-100,2011,98
22902,0-16,2012,30
22902,16-64,2012,164
22902,65-100,2012,92
22902,0-16,2013,31
22902,16-64,2013,163
22902,65-100,2013,90
22902,0-16,2014,28
22902,16-64,2014,164
22902,65-100,2014,84
22902,0-16,2015,28
22902,16-64,2015,153
22902,65-100,2015,80
22902,0-16,2016,36
22902,16-64,2016,157
22902,65-100,2016,79
22902,0-16,2017,34
22902,16-64,2017,152
22902,65-100,2017,77
22902,0-16,2018,32
22902,16-64,2018,150
22902,65-100,2018,78
22902,0-16,2019,26
22902,16-64,2019,152
22902,65-100,2019,77
22902,0-16,2020,24
22902,16-64,2020,144
22902,65-100,2020,77
22902,0-16,2021,29
22902,16-64,2021,144
22902,65-100,2021,78
22902,0-16,2022,27
22902,16-64,2022,159
22902,65-100,2022,75
22903,0-16,2003,116
22903,16-64,2003,502
22903,65-100,2003,258
22903,0-16,2004,116
22903,16-64,2004,505
22903,65-100,2004,252
22903,0-16,2005,111
22903,16-64,2005,518
22903,65-100,2005,249
22903,0-16,2006,103
22903,16-64,2006,507
22903,65-100,2006,244
22903,0-16,2007,101
22903,16-64,2007,509
22903,65-100,2007,239
22903,0-16,2008,105
22903,16-64,2008,517
22903,65-100,2008,243
22903,0-16,2009,96
22903,16-64,2009,516
22903,65-100,2009,241
22903,0-16,2010,94
22903,16-64,2010,519
22903,65-100,2010,235
22903,0-16,2011,94
22903,16-64,2011,525
22903,65-100,2011,230
22903,0-16,2012,95
22903,16-64,2012,522
22903,65-100,2012,232
22903,0-16,2013,103
22903,16-64,2013,515
22903,65-100,2013,236
22903,0-16,2014,99
22903,16-64,2014,518
22903,65-100,2014,235
22903,0-16,2015,104
22903,16-64,2015,521
22903,65-100,2015,232
22903,0-16,2016,100
22903,16-64,2016,492
22903,65-100,2016,234
22903,0-16,2017,98
22903,16-64,2017,487
22903,65-100,2017,231
22903,0-16,2018,103
22903,16-64,2018,485
22903,65-100,2018,225
22903,0-16,2019,103
22903,16-64,2019,472
22903,65-100,2019,220
22903,0-16,2020,97
22903,16-64,2020,470
22903,65-100,2020,213
22903,0-16,2021,101
22903,16-64,2021,481
22903,65-100,2021,213
22903,0-16,2022,106
22903,16-64,2022,485
22903,65-100,2022,210
22904,0-16,2003,96
22904,16-64,2003,586
22904,65-100,2003,392
22904,0-16,2004,88
22904,16-64,2004,599
22904,65-100,2004,386
22904,0-16,2005,94
22904,16-64,2005,611
22904,65-100,2005,380
22904,0-16,2006,95
22904,16-64,2006,604
22904,65-100,2006,384
22904,0-16,2007,86
22904,16-64,2007,599
22904,65-100,2007,368
22904,0-16,2008,89
22904,16-64,2008,604
22904,65-100,2008,365
22904,0-16,2009,91
22904,16-64,2009,611
22904,65-100,2009,373
22904,0-16,2010,89
22904,16-64,2010,611
22904,65-100,2010,361
22904,0-16,2011,85
22904,16-64,2011,600
22904,65-100,2011,355
22904,0-16,2012,87
22904,16-64,2012,602
22904,65-100,2012,353
22904,0-16,2013,88
22904,16-64,2013,584
22904,65-100,2013,346
22904,0-16,2014,91
22904,16-64,2014,584
22904,65-100,2014,338
22904,0-16,2015,90
22904,16-64,2015,566
22904,65-100,2015,334
22904,0-16,2016,90
22904,16-64,2016,546
22904,65-100,2016,319
22904,0-16,2017,92
22904,16-64,2017,520
22904,65-100,2017,320
22904,0-16,2018,82
22904,16-64,2018,501
22904,65-100,2018,311
22904,0-16,2019,78
22904,16-64,2019,487
22904,65-100,2019,307
22904,0-16,2020,75
22904,16-64,2020,493
22904,65-100,2020,291
22904,0-16,2021,81
22904,16-64,2021,529
22904,65-100,2021,293
22904,0-16,2022,81
22904,16-64,2022,540
22904,65-100,2022,298
22905,0-16,2003,32
22905,16-64,2003,216
22905,65-100,2003,100
22905,0-16,2004,28
22905,16-64,2004,215
22905,65-100,2004,103
22905,0-16,2005,22
22905,16-64,2005,221
22905,65-100,2005,100
22905,0-16,2006,26
22905,16-64,2006,228
22905,65-100,2006,96
22905,0-16,2007,32
22905,16-64,2007,232
22905,65-100,2007,94
22905,0-16,2008,33
22905,16-64,2008,241
22905,65-100,2008,94
22905,0-16,2009,44
22905,16-64,2009,250
22905,65-100,2009,93
22905,0-16,2010,50
22905,16-64,2010,254
22905,65-100,2010,93
22905,0-16,2011,54
22905,16-64,2011,243
22905,65-100,2011,92
22905,0-16,2012,52
22905,16-64,2012,232
22905,65-100,2012,94
22905,0-16,2013,49
22905,16-64,2013,229
22905,65-100,2013,96
22905,0-16,2014,49
22905,16-64,2014,224
22905,65-100,2014,100
22905,0-16,2015,48
22905,16-64,2015,215
22905,65-100,2015,101
22905,0-16,2016,39
22905,16-64,2016,197
22905,65-100,2016,104
22905,0-16,2017,36
22905,16-64,2017,199
22905,65-100,2017,100
22905,0-16,2018,35
22905,16-64,2018,208
22905,65-100,2018,98
22905,0-16,2019,34
22905,16-64,2019,207
22905,65-100,2019,101
22905,0-16,2020,37
22905,16-64,2020,203
22905,65-100,2020,95
22905,0-16,2021,36
22905,16-64,2021,211
22905,65-100,2021,101
22905,0-16,2022,38
22905,16-64,2022,223
22905,65-100,2022,93
22906,0-16,2003,20
22906,16-64,2003,128
22906,65-100,2003,71
22906,0-16,2004,19
22906,16-64,2004,126
22906,65-100,2004,68
22906,0-16,2005,19
22906,16-64,2005,130
22906,65-100,2005,65
22906,0-16,2006,18
22906,16-64,2006,131
22906,65-100,2006,62
22906,0-16,2007,19
22906,16-64,2007,140
22906,65-100,2007,59
22906,0-16,2008,20
22906,16-64,2008,146
22906,65-100,2008,59
22906,0-16,2009,17
22906,16-64,2009,140
22906,65-100,2009,54
22906,0-16,2010,20
22906,16-64,2010,146
22906,65-100,2010,55
22906,0-16,2011,20
22906,16-64,2011,140
22906,65-100,2011,59
22906,0-16,2012,23
22906,16-64,2012,143
22906,65-100,2012,60
22906,0-16,2013,24
22906,16-64,2013,137
22906,65-100,2013,58
22906,0-16,2014,28
22906,16-64,2014,135
22906,65-100,2014,63
22906,0-16,2015,25
22906,16-64,2015,132
22906,65-100,2015,64
22906,0-16,2016,25
22906,16-64,2016,134
22906,65-100,2016,67
22906,0-16,2017,19
22906,16-64,2017,129
22906,65-100,2017,65
22906,0-16,2018,16
22906,16-64,2018,128
22906,65-100,2018,64
22906,0-16,2019,19
22906,16-64,2019,126
22906,65-100,2019,64
22906,0-16,2020,20
22906,16-64,2020,117
22906,65-100,2020,68
22906,0-16,2021,17
22906,16-64,2021,120
22906,65-100,2021,67
22906,0-16,2022,19
22906,16-64,2022,115
22906,65-100,2022,67
22907,0-16,2003,235
22907,16-64,2003,1070
22907,65-100,2003,425
22907,0-16,2004,228
22907,16-64,2004,1118
22907,65-100,2004,420
22907,0-16,2005,229
22907,16-64,2005,1193
22907,65-100,2005,404
22907,0-16,2006,249
22907,16-64,2006,1247
22907,65-100,2006,401
22907,0-16,2007,266
22907,16-64,2007,1290
22907,65-100,2007,395
22907,0-16,2008,298
22907,16-64,2008,1395
22907,65-100,2008,402
22907,0-16,2009,315
22907,16-64,2009,1472
22907,65-100,2009,392
22907,0-16,2010,319
22907,16-64,2010,1469
22907,65-100,2010,392
22907,0-16,2011,320
22907,16-64,2011,1528
22907,65-100,2011,384
22907,0-16,2012,332
22907,16-64,2012,1522
22907,65-100,2012,388
22907,0-16,2013,338
22907,16-64,2013,1527
22907,65-100,2013,385
22907,0-16,2014,332
22907,16-64,2014,1505
22907,65-100,2014,376
22907,0-16,2015,351
22907,16-64,2015,1503
22907,65-100,2015,366
22907,0-16,2016,360
22907,16-64,2016,1461
22907,65-100,2016,352
22907,0-16,2017,347
22907,16-64,2017,1424
22907,65-100,2017,357
22907,0-16,2018,340
22907,16-64,2018,1441
22907,65-100,2018,370
22907,0-16,2019,355
22907,16-64,2019,1463
22907,65-100,2019,383
22907,0-16,2020,372
22907,16-64,2020,1487
22907,65-100,2020,383
22907,0-16,2021,387
22907,16-64,2021,1539
22907,65-100,2021,386
22907,0-16,2022,397
22907,16-64,2022,1525
22907,65-100,2022,393
22908,0-16,2003,16
22908,16-64,2003,129
22908,65-100,2003,84
22908,0-16,2004,17
22908,16-64,2004,130
22908,65-100,2004,83
22908,0-16,2005,17
22908,16-64,2005,130
22908,65-100,2005,86
22908,0-16,2006,17
22908,16-64,2006,125
22908,65-100,2006,81
22908,0-16,2007,14
22908,16-64,2007,139
22908,65-100,2007,83
22908,0-16,2008,13
22908,16-64,2008,128
22908,65-100,2008,81
22908,0-16,2009,9
22908,16-64,2009,123
22908,65-100,2009,79
22908,0-16,2010,9
22908,16-64,2010,117
22908,65-100,2010,79
22908,0-16,2011,8
22908,16-64,2011,122
22908,65-100,2011,78
22908,0-16,2012,11
22908,16-64,2012,115
22908,65-100,2012,78
22908,0-16,2013,9
22908,16-64,2013,97
22908,65-100,2013,84
22908,0-16,2014,15
22908,16-64,2014,133
22908,65-100,2014,89
22908,0-16,2015,15
22908,16-64,2015,127
22908,65-100,2015,88
22908,0-16,2016,16
22908,16-64,2016,119
22908,65-100,2016,82
22908,0-16,2017,15
22908,16-64,2017,125
22908,65-100,2017,81
22908,0-16,2018,21
22908,16-64,2018,125
22908,65-100,2018,80
22908,0-16,2019,16
22908,16-64,2019,126
22908,65-100,2019,81
22908,0-16,2020,15
22908,16-64,2020,126
22908,65-100,2020,80
22908,0-16,2021,20
22908,16-64,2021,140
22908,65-100,2021,80
22908,0-16,2022,18
22908,16-64,2022,140
22908,65-100,2022,82
22909,0-16,2003,56
22909,16-64,2003,309
22909,65-100,2003,101
22909,0-16,2004,52
22909,16-64,2004,295
22909,65-100,2004,99
22909,0-16,2005,47
22909,16-64,2005,291
22909,65-100,2005,97
22909,0-16,2006,59
22909,16-64,2006,314
22909,65-100,2006,98
22909,0-16,2007,59
22909,16-64,2007,305
22909,65-100,2007,94
22909,0-16,2008,65
22909,16-64,2008,305
22909,65-100,2008,95
22909,0-16,2009,71
22909,16-64,2009,309
22909,65-100,2009,99
22909,0-16,2010,79
22909,16-64,2010,294
22909,65-100,2010,96
22909,0-16,2011,80
22909,16-64,2011,289
22909,65-100,2011,98
22909,0-16,2012,81
22909,16-64,2012,278
22909,65-100,2012,96
22909,0-16,2013,81
22909,16-64,2013,261
22909,65-100,2013,100
22909,0-16,2014,77
22909,16-64,2014,247
22909,65-100,2014,101
22909,0-16,2015,73
22909,16-64,2015,235
22909,65-100,2015,103
22909,0-16,2016,69
22909,16-64,2016,239
22909,65-100,2016,106
22909,0-16,2017,64
22909,16-64,2017,223
22909,65-100,2017,105
22909,0-16,2018,65
22909,16-64,2018,227
22909,65-100,2018,107
22909,0-16,2019,57
22909,16-64,2019,229
22909,65-100,2019,103
22909,0-16,2020,55
22909,16-64,2020,225
22909,65-100,2020,110
22909,0-16,2021,49
22909,16-64,2021,241
22909,65-100,2021,109
22909,0-16,2022,51
22909,16-64,2022,252
22909,65-100,2022,112
44001,0-16,2003,4
44001,16-64,2003,51
44001,65-100,2003,30
44001,0-16,2004,4
44001,16-64,2004,54
44001,65-100,2004,31
44001,0-16,2005,3
44001,16-64,2005,51
44001,65-100,2005,30
44001,0-16,2006,1
44001,16-64,2006,50
44001,65-100,2006,33
44001,0-16,2007,1
44001,16-64,2007,48
44001,65-100,2007,33
44001,0-16,2008,1
44001,16-64,2008,47
44001,65-100,2008,35
44001,0-16,2009,3
44001,16-64,2009,46
44001,65-100,2009,31
44001,0-16,2010,1
44001,16-64,2010,51
44001,65-100,2010,25
44001,0-16,2011,4
44001,16-64,2011,48
44001,65-100,2011,26
44001,0-16,2012,3
44001,16-64,2012,44
44001,65-100,2012,26
44001,0-16,2013,3
44001,16-64,2013,37
44001,65-100,2013,25
44001,0-16,2014,3
44001,16-64,2014,36
44001,65-100,2014,26
44001,0-16,2015,6
44001,16-64,2015,41
44001,65-100,2015,26
44001,0-16,2016,6
44001,16-64,2016,43
44001,65-100,2016,27
44001,0-16,2017,6
44001,16-64,2017,40
44001,65-100,2017,27
44001,0-16,2018,6
44001,16-64,2018,42
44001,65-100,2018,28
44001,0-16,2019,7
44001,16-64,2019,40
44001,65-100,2019,26
44001,0-16,2020,6
44001,16-64,2020,47
44001,65-100,2020,24
44001,0-16,2021,6
44001,16-64,2021,47
44001,65-100,2021,23
44001,0-16,2022,6
44001,16-64,2022,45
44001,65-100,2022,21
44002,0-16,2003,4
44002,16-64,2003,30
44002,65-100,2003,25
44002,0-16,2004,6
44002,16-64,2004,36
44002,65-100,2004,26
44002,0-16,2005,6
44002,16-64,2005,35
44002,65-100,2005,24
44002,0-16,2006,2
44002,16-64,2006,35
44002,65-100,2006,24
44002,0-16,2007,2
44002,16-64,2007,41
44002,65-100,2007,25
44002,0-16,2008,1
44002,16-64,2008,37
44002,65-100,2008,23
44002,0-16,2009,1
44002,16-64,2009,37
44002,65-100,2009,19
44002,0-16,2010,1
44002,16-64,2010,35
44002,65-100,2010,20
44002,0-16,2011,2
44002,16-64,2011,45
44002,65-100,2011,19
44002,0-16,2012,0
44002,16-64,2012,39
44002,65-100,2012,16
44002,0-16,2013,0
44002,16-64,2013,28
44002,65-100,2013,11
44002,0-16,2014,0
44002,16-64,2014,26
44002,65-100,2014,15
44002,0-16,2015,1
44002,16-64,2015,34
44002,65-100,2015,19
44002,0-16,2016,3
44002,16-64,2016,33
44002,65-100,2016,20
44002,0-16,2017,2
44002,16-64,2017,28
44002,65-100,2017,20
44002,0-16,2018,2
44002,16-64,2018,28
44002,65-100,2018,19
44002,0-16,2019,2
44002,16-64,2019,29
44002,65-100,2019,17
44002,0-16,2020,1
44002,16-64,2020,31
44002,65-100,2020,18
44002,0-16,2021,2
44002,16-64,2021,37
44002,65-100,2021,18
44002,0-16,2022,1
44002,16-64,2022,35
44002,65-100,2022,20
44003,0-16,2003,0
44003,16-64,2003,15
44003,65-100,2003,11
44003,0-16,2004,0
44003,16-64,2004,14
44003,65-100,2004,10
44003,0-16,2005,0
44003,16-64,2005,14
44003,65-100,2005,9
44003,0-16,2006,0
44003,16-64,2006,14
44003,65-100,2006,10
44003,0-16,2007,0
44003,16-64,2007,14
44003,65-100,2007,7
44003,0-16,2008,0
44003,16-64,2008,13
44003,65-100,2008,8
44003,0-16,2009,0
44003,16-64,2009,13
44003,65-100,2009,8
44003,0-16,2010,0
44003,16-64,2010,13
44003,65-100,2010,8
44003,0-16,2011,0
44003,16-64,2011,11
44003,65-100,2011,9
44003,0-16,2012,0
44003,16-64,2012,12
44003,65-100,2012,8
44003,0-16,2013,0
44003,16-64,2013,11
44003,65-100,2013,8
44003,0-16,2014,0
44003,16-64,2014,10
44003,65-100,2014,8
44003,0-16,2015,0
44003,16-64,2015,11
44003,65-100,2015,8
44003,0-16,2016,0
44003,16-64,2016,11
44003,65-100,2016,8
44003,0-16,2017,0
44003,16-64,2017,11
44003,65-100,2017,8
44003,0-16,2018,0
44003,16-64,2018,10
44003,65-100,2018,8
44003,0-16,2019,1
44003,16-64,2019,10
44003,65-100,2019,7
44003,0-16,2020,1
44003,16-64,2020,11
44003,65-100,2020,7
44003,0-16,2021,0
44003,16-64,2021,10
44003,65-100,2021,7
44003,0-16,2022,0
44003,16-64,2022,9
44003,65-100,2022,7
44004,0-16,2003,102
44004,16-64,2003,356
44004,65-100,2003,217
44004,0-16,2004,102
44004,16-64,2004,356
44004,65-100,2004,212
44004,0-16,2005,110
44004,16-64,2005,383
44004,65-100,2005,208
44004,0-16,2006,105
44004,16-64,2006,388
44004,65-100,2006,198
44004,0-16,2007,106
44004,16-64,2007,398
44004,65-100,2007,199
44004,0-16,2008,105
44004,16-64,2008,418
44004,65-100,2008,195
44004,0-16,2009,105
44004,16-64,2009,417
44004,65-100,2009,191
44004,0-16,2010,100
44004,16-64,2010,406
44004,65-100,2010,187
44004,0-16,2011,100
44004,16-64,2011,405
44004,65-100,2011,188
44004,0-16,2012,95
44004,16-64,2012,390
44004,65-100,2012,175
44004,0-16,2013,94
44004,16-64,2013,401
44004,65-100,2013,159
44004,0-16,2014,82
44004,16-64,2014,368
44004,65-100,2014,155
44004,0-16,2015,80
44004,16-64,2015,360
44004,65-100,2015,146
44004,0-16,2016,74
44004,16-64,2016,338
44004,65-100,2016,138
44004,0-16,2017,69
44004,16-64,2017,334
44004,65-100,2017,128
44004,0-16,2018,72
44004,16-64,2018,329
44004,65-100,2018,121
44004,0-16,2019,71
44004,16-64,2019,330
44004,65-100,2019,113
44004,0-16,2020,71
44004,16-64,2020,335
44004,65-100,2020,110
44004,0-16,2021,81
44004,16-64,2021,348
44004,65-100,2021,118
44004,0-16,2022,74
44004,16-64,2022,357
44004,65-100,2022,125
44005,0-16,2003,6
44005,16-64,2003,38
44005,65-100,2003,38
44005,0-16,2004,7
44005,16-64,2004,38
44005,65-100,2004,34
44005,0-16,2005,8
44005,16-64,2005,40
44005,65-100,2005,31
44005,0-16,2006,7
44005,16-64,2006,37
44005,65-100,2006,31
44005,0-16,2007,8
44005,16-64,2007,34
44005,65-100,2007,30
44005,0-16,2008,8
44005,16-64,2008,34
44005,65-100,2008,29
44005,0-16,2009,6
44005,16-64,2009,31
44005,65-100,2009,29
44005,0-16,2010,6
44005,16-64,2010,30
44005,65-100,2010,31
44005,0-16,2011,6
44005,16-64,2011,31
44005,65-100,2011,33
44005,0-16,2012,8
44005,16-64,2012,35
44005,65-100,2012,30
44005,0-16,2013,9
44005,16-64,2013,36
44005,65-100,2013,30
44005,0-16,2014,9
44005,16-64,2014,37
44005,65-100,2014,31
44005,0-16,2015,3
44005,16-64,2015,33
44005,65-100,2015,30
44005,0-16,2016,5
44005,16-64,2016,32
44005,65-100,2016,27
44005,0-16,2017,6
44005,16-64,2017,34
44005,65-100,2017,25
44005,0-16,2018,8
44005,16-64,2018,33
44005,65-100,2018,22
44005,0-16,2019,9
44005,16-64,2019,34
44005,65-100,2019,20
44005,0-16,2020,7
44005,16-64,2020,42
44005,65-100,2020,20
44005,0-16,2021,7
44005,16-64,2021,49
44005,65-100,2021,20
44005,0-16,2022,8
44005,16-64,2022,54
44005,65-100,2022,19
44006,0-16,2003,40
44006,16-64,2003,217
44006,65-100,2003,165
44006,0-16,2004,46
44006,16-64,2004,218
44006,65-100,2004,164
44006,0-16,2005,49
44006,16-64,2005,211
44006,65-100,2005,162
44006,0-16,2006,39
44006,16-64,2006,202
44006,65-100,2006,165
44006,0-16,2007,35
44006,16-64,2007,212
44006,65-100,2007,158
44006,0-16,2008,38
44006,16-64,2008,203
44006,65-100,2008,169
44006,0-16,2009,34
44006,16-64,2009,191
44006,65-100,2009,159
44006,0-16,2010,29
44006,16-64,2010,174
44006,65-100,2010,158
44006,0-16,2011,28
44006,16-64,2011,165
44006,65-100,2011,156
44006,0-16,2012,19
44006,16-64,2012,165
44006,65-100,2012,147
44006,0-16,2013,21
44006,16-64,2013,148
44006,65-100,2013,137
44006,0-16,2014,25
44006,16-64,2014,155
44006,65-100,2014,134
44006,0-16,2015,18
44006,16-64,2015,146
44006,65-100,2015,129
44006,0-16,2016,15
44006,16-64,2016,137
44006,65-100,2016,127
44006,0-16,2017,14
44006,16-64,2017,135
44006,65-100,2017,125
44006,0-16,2018,13
44006,16-64,2018,131
44006,65-100,2018,120
44006,0-16,2019,11
44006,16-64,2019,129
44006,65-100,2019,112
44006,0-16,2020,10
44006,16-64,2020,120
44006,65-100,2020,108
44006,0-16,2021,13
44006,16-64,2021,113
44006,65-100,2021,109
44006,0-16,2022,11
44006,16-64,2022,101
44006,65-100,2022,107
44007,0-16,2003,12
44007,16-64,2003,120
44007,65-100,2003,118
44007,0-16,2004,14
44007,16-64,2004,119
44007,65-100,2004,117
44007,0-16,2005,13
44007,16-64,2005,123
44007,65-100,2005,111
44007,0-16,2006,15
44007,16-64,2006,126
44007,65-100,2006,110
44007,0-16,2007,15
44007,16-64,2007,127
44007,65-100,2007,108
44007,0-16,2008,15
44007,16-64,2008,124
44007,65-100,2008,105
44007,0-16,2009,16
44007,16-64,2009,132
44007,65-100,2009,102
44007,0-16,2010,15
44007,16-64,2010,134
44007,65-100,2010,99
44007,0-16,2011,14
44007,16-64,2011,123
44007,65-100,2011,93
44007,0-16,2012,15
44007,16-64,2012,129
44007,65-100,2012,87
44007,0-16,2013,14
44007,16-64,2013,122
44007,65-100,2013,79
44007,0-16,2014,14
44007,16-64,2014,124
44007,65-100,2014,74
44007,0-16,2015,17
44007,16-64,2015,116
44007,65-100,2015,77
44007,0-16,2016,14
44007,16-64,2016,113
44007,65-100,2016,69
44007,0-16,2017,13
44007,16-64,2017,104
44007,65-100,2017,68
44007,0-16,2018,10
44007,16-64,2018,99
44007,65-100,2018,69
44007,0-16,2019,9
44007,16-64,2019,93
44007,65-100,2019,68
44007,0-16,2020,9
44007,16-64,2020,88
44007,65-100,2020,68
44007,0-16,2021,15
44007,16-64,2021,101
44007,65-100,2021,68
44007,0-16,2022,15
44007,16-64,2022,95
44007,65-100,2022,71
44008,0-16,2003,274
44008,16-64,2003,1288
44008,65-100,2003,639
44008,0-16,2004,263
44008,16-64,2004,1297
44008,65-100,2004,620
44008,0-16,2005,255
44008,16-64,2005,1316
44008,65-100,2005,608
44008,0-16,2006,252
44008,16-64,2006,1349
44008,65-100,2006,599
44008,0-16,2007,251
44008,16-64,2007,1397
44008,65-100,2007,590
44008,0-16,2008,265
44008,16-64,2008,1392
44008,65-100,2008,576
44008,0-16,2009,251
44008,16-64,2009,1378
44008,65-100,2009,566
44008,0-16,2010,245
44008,16-64,2010,1344
44008,65-100,2010,566
44008,0-16,2011,247
44008,16-64,2011,1297
44008,65-100,2011,571
44008,0-16,2012,240
44008,16-64,2012,1282
44008,65-100,2012,565
44008,0-16,2013,238
44008,16-64,2013,1251
44008,65-100,2013,560
44008,0-16,2014,232
44008,16-64,2014,1251
44008,65-100,2014,542
44008,0-16,2015,230
44008,16-64,2015,1220
44008,65-100,2015,551
44008,0-16,2016,237
44008,16-64,2016,1213
44008,65-100,2016,553
44008,0-16,2017,234
44008,16-64,2017,1202
44008,65-100,2017,542
44008,0-16,2018,250
44008,16-64,2018,1220
44008,65-100,2018,534
44008,0-16,2019,240
44008,16-64,2019,1217
44008,65-100,2019,523
44008,0-16,2020,241
44008,16-64,2020,1211
44008,65-100,2020,520
44008,0-16,2021,248
44008,16-64,2021,1213
44008,65-100,2021,516
44008,0-16,2022,244
44008,16-64,2022,1206
44008,65-100,2022,509
44009,0-16,2003,138
44009,16-64,2003,611
44009,65-100,2003,296
44009,0-16,2004,143
44009,16-64,2004,592
44009,65-100,2004,290
44009,0-16,2005,146
44009,16-64,2005,605
44009,65-100,2005,303
44009,0-16,2006,140
44009,16-64,2006,618
44009,65-100,2006,318
44009,0-16,2007,134
44009,16-64,2007,629
44009,65-100,2007,312
44009,0-16,2008,139
44009,16-64,2008,661
44009,65-100,2008,310
44009,0-16,2009,146
44009,16-64,2009,649
44009,65-100,2009,302
44009,0-16,2010,152
44009,16-64,2010,642
44009,65-100,2010,302
44009,0-16,2011,146
44009,16-64,2011,648
44009,65-100,2011,302
44009,0-16,2012,150
44009,16-64,2012,647
44009,65-100,2012,305
44009,0-16,2013,149
44009,16-64,2013,649
44009,65-100,2013,295
44009,0-16,2014,143
44009,16-64,2014,634
44009,65-100,2014,282
44009,0-16,2015,138
44009,16-64,2015,639
44009,65-100,2015,272
44009,0-16,2016,136
44009,16-64,2016,650
44009,65-100,2016,268
44009,0-16,2017,132
44009,16-64,2017,649
44009,65-100,2017,263
44009,0-16,2018,125
44009,16-64,2018,644
44009,65-100,2018,247
44009,0-16,2019,133
44009,16-64,2019,646
44009,65-100,2019,246
44009,0-16,2020,131
44009,16-64,2020,637
44009,65-100,2020,238
44009,0-16,2021,117
44009,16-64,2021,639
44009,65-100,2021,234
44009,0-16,2022,118
44009,16-64,2022,648
44009,65-100,2022,242
44010,0-16,2003,41
44010,16-64,2003,195
44010,65-100,2003,75
44010,0-16,2004,38
44010,16-64,2004,192
44010,65-100,2004,65
44010,0-16,2005,38
44010,16-64,2005,196
44010,65-100,2005,65
44010,0-16,2006,43
44010,16-64,2006,212
44010,65-100,2006,62
44010,0-16,2007,52
44010,16-64,2007,221
44010,65-100,2007,61
44010,0-16,2008,55
44010,16-64,2008,198
44010,65-100,2008,57
44010,0-16,2009,58
44010,16-64,2009,202
44010,65-100,2009,57
44010,0-16,2010,48
44010,16-64,2010,203
44010,65-100,2010,59
44010,0-16,2011,51
44010,16-64,2011,190
44010,65-100,2011,60
44010,0-16,2012,48
44010,16-64,2012,179
44010,65-100,2012,63
44010,0-16,2013,48
44010,16-64,2013,185
44010,65-100,2013,63
44010,0-16,2014,45
44010,16-64,2014,171
44010,65-100,2014,63
44010,0-16,2015,46
44010,16-64,2015,163
44010,65-100,2015,61
44010,0-16,2016,46
44010,16-64,2016,165
44010,65-100,2016,56
44010,0-16,2017,38
44010,16-64,2017,163
44010,65-100,2017,54
44010,0-16,2018,45
44010,16-64,2018,161
44010,65-100,2018,51
44010,0-16,2019,52
44010,16-64,2019,169
44010,65-100,2019,55
44010,0-16,2020,55
44010,16-64,2020,181
44010,65-100,2020,53
44010,0-16,2021,51
44010,16-64,2021,189
44010,65-100,2021,54
44010,0-16,2022,49
44010,16-64,2022,178
44010,65-100,2022,48
44011,0-16,2003,0
44011,16-64,2003,52
44011,65-100,2003,17
44011,0-16,2004,0
44011,16-64,2004,42
44011,65-100,2004,23
44011,0-16,2005,0
44011,16-64,2005,59
44011,65-100,2005,21
44011,0-16,2006,0
44011,16-64,2006,60
44011,65-100,2006,24
44011,0-16,2007,0
44011,16-64,2007,50
44011,65-100,2007,24
44011,0-16,2008,0
44011,16-64,2008,41
44011,65-100,2008,24
44011,0-16,2009,0
44011,16-64,2009,40
44011,65-100,2009,27
44011,0-16,2010,0
44011,16-64,2010,45
44011,65-100,2010,24
44011,0-16,2011,1
44011,16-64,2011,43
44011,65-100,2011,23
44011,0-16,2012,1
44011,16-64,2012,43
44011,65-100,2012,25
44011,0-16,2013,1
44011,16-64,2013,44
44011,65-100,2013,24
44011,0-16,2014,2
44011,16-64,2014,45
44011,65-100,2014,25
44011,0-16,2015,3
44011,16-64,2015,47
44011,65-100,2015,24
44011,0-16,2016,4
44011,16-64,2016,41
44011,65-100,2016,25
44011,0-16,2017,4
44011,16-64,2017,34
44011,65-100,2017,24
44011,0-16,2018,5
44011,16-64,2018,31
44011,65-100,2018,27
44011,0-16,2019,5
44011,16-64,2019,25
44011,65-100,2019,29
44011,0-16,2020,2
44011,16-64,2020,24
44011,65-100,2020,27
44011,0-16,2021,2
44011,16-64,2021,22
44011,65-100,2021,22
44011,0-16,2022,2
44011,16-64,2022,21
44011,65-100,2022,23
44012,0-16,2003,73
44012,16-64,2003,335
44012,65-100,2003,119
44012,0-16,2004,76
44012,16-64,2004,330
44012,65-100,2004,117
44012,0-16,2005,62
44012,16-64,2005,318
44012,65-100,2005,119
44012,0-16,2006,60
44012,16-64,2006,334
44012,65-100,2006,118
44012,0-16,2007,66
44012,16-64,2007,328
44012,65-100,2007,116
44012,0-16,2008,60
44012,16-64,2008,334
44012,65-100,2008,112
44012,0-16,2009,66
44012,16-64,2009,334
44012,65-100,2009,113
44012,0-16,2010,69
44012,16-64,2010,337
44012,65-100,2010,107
44012,0-16,2011,64
44012,16-64,2011,347
44012,65-100,2011,105
44012,0-16,2012,63
44012,16-64,2012,325
44012,65-100,2012,108
44012,0-16,2013,52
44012,16-64,2013,301
44012,65-100,2013,104
44012,0-16,2014,46
44012,16-64,2014,281
44012,65-100,2014,97
44012,0-16,2015,39
44012,16-64,2015,264
44012,65-100,2015,96
44012,0-16,2016,35
44012,16-64,2016,260
44012,65-100,2016,103
44012,0-16,2017,30
44012,16-64,2017,233
44012,65-100,2017,106
44012,0-16,2018,24
44012,16-64,2018,222
44012,65-100,2018,101
44012,0-16,2019,25
44012,16-64,2019,219
44012,65-100,2019,99
44012,0-16,2020,20
44012,16-64,2020,219
44012,65-100,2020,92
44012,0-16,2021,27
44012,16-64,2021,227
44012,65-100,2021,98
44012,0-16,2022,32
44012,16-64,2022,249
44012,65-100,2022,102
44013,0-16,2003,2299
44013,16-64,2003,9287
44013,65-100,2003,2797
44013,0-16,2004,2317
44013,16-64,2004,9591
44013,65-100,2004,2796
44013,0-16,2005,2382
44013,16-64,2005,10006
44013,65-100,2005,2742
44013,0-16,2006,2517
44013,16-64,2006,10131
44013,65-100,2006,2799
44013,0-16,2007,2577
44013,16-64,2007,10267
44013,65-100,2007,2743
44013,0-16,2008,2746
44013,16-64,2008,10726
44013,65-100,2008,2761
44013,0-16,2009,2780
44013,16-64,2009,10859
44013,65-100,2009,2753
44013,0-16,2010,2779
44013,16-64,2010,10753
44013,65-100,2010,2759
44013,0-16,2011,2895
44013,16-64,2011,10761
44013,65-100,2011,2764
44013,0-16,2012,2960
44013,16-64,2012,10680
44013,65-100,2012,2784
44013,0-16,2013,2967
44013,16-64,2013,10603
44013,65-100,2013,2814
44013,0-16,2014,2949
44013,16-64,2014,10514
44013,65-100,2014,2870
44013,0-16,2015,2934
44013,16-64,2015,10446
44013,65-100,2015,2850
44013,0-16,2016,2906
44013,16-64,2016,10224
44013,65-100,2016,2913
44013,0-16,2017,2860
44013,16-64,2017,10136
44013,65-100,2017,2941
44013,0-16,2018,2859
44013,16-64,2018,10090
44013,65-100,2018,2990
44013,0-16,2019,2860
44013,16-64,2019,10060
44013,65-100,2019,3027
44013,0-16,2020,2842
44013,16-64,2020,10128
44013,65-100,2020,3036
44013,0-16,2021,2851
44013,16-64,2021,10113
44013,65-100,2021,3065
44013,0-16,2022,2809
44013,16-64,2022,10149
44013,65-100,2022,3096
44014,0-16,2003,562
44014,16-64,2003,2126
44014,65-100,2003,728
44014,0-16,2004,576
44014,16-64,2004,2194
44014,65-100,2004,725
44014,0-16,2005,582
44014,16-64,2005,2304
44014,65-100,2005,696
44014,0-16,2006,574
44014,16-64,2006,2359
44014,65-100,2006,700
44014,0-16,2007,592
44014,16-64,2007,2371
44014,65-100,2007,687
44014,0-16,2008,598
44014,16-64,2008,2412
44014,65-100,2008,682
44014,0-16,2009,615
44014,16-64,2009,2393
44014,65-100,2009,690
44014,0-16,2010,604
44014,16-64,2010,2363
44014,65-100,2010,675
44014,0-16,2011,589
44014,16-64,2011,2367
44014,65-100,2011,666
44014,0-16,2012,568
44014,16-64,2012,2322
44014,65-100,2012,666
44014,0-16,2013,549
44014,16-64,2013,2279
44014,65-100,2013,673
44014,0-16,2014,541
44014,16-64,2014,2227
44014,65-100,2014,665
44014,0-16,2015,531
44014,16-64,2015,2182
44014,65-100,2015,661
44014,0-16,2016,522
44014,16-64,2016,2133
44014,65-100,2016,671
44014,0-16,2017,523
44014,16-64,2017,2111
44014,65-100,2017,679
44014,0-16,2018,513
44014,16-64,2018,2088
44014,65-100,2018,675
44014,0-16,2019,517
44014,16-64,2019,2053
44014,65-100,2019,696
44014,0-16,2020,528
44014,16-64,2020,2067
44014,65-100,2020,703
44014,0-16,2021,533
44014,16-64,2021,2059
44014,65-100,2021,701
44014,0-16,2022,511
44014,16-64,2022,2030
44014,65-100,2022,711
44016,0-16,2003,55
44016,16-64,2003,358
44016,65-100,2003,216
44016,0-16,2004,52
44016,16-64,2004,374
44016,65-100,2004,214
44016,0-16,2005,51
44016,16-64,2005,389
44016,65-100,2005,242
44016,0-16,2006,59
44016,16-64,2006,417
44016,65-100,2006,264
44016,0-16,2007,56
44016,16-64,2007,414
44016,65-100,2007,286
44016,0-16,2008,52
44016,16-64,2008,404
44016,65-100,2008,284
44016,0-16,2009,52
44016,16-64,2009,394
44016,65-100,2009,277
44016,0-16,2010,46
44016,16-64,2010,361
44016,65-100,2010,269
44016,0-16,2011,42
44016,16-64,2011,367
44016,65-100,2011,268
44016,0-16,2012,45
44016,16-64,2012,326
44016,65-100,2012,251
44016,0-16,2013,40
44016,16-64,2013,311
44016,65-100,2013,233
44016,0-16,2014,40
44016,16-64,2014,307
44016,65-100,2014,240
44016,0-16,2015,40
44016,16-64,2015,292
44016,65-100,2015,239
44016,0-16,2016,38
44016,16-64,2016,296
44016,65-100,2016,234
44016,0-16,2017,39
44016,16-64,2017,284
44016,65-100,2017,231
44016,0-16,2018,42
44016,16-64,2018,271
44016,65-100,2018,218
44016,0-16,2019,38
44016,16-64,2019,254
44016,65-100,2019,216
44016,0-16,2020,37
44016,16-64,2020,241
44016,65-100,2020,204
44016,0-16,2021,38
44016,16-64,2021,249
44016,65-100,2021,196
44016,0-16,2022,46
44016,16-64,2022,255
44016,65-100,2022,189
44017,0-16,2003,32
44017,16-64,2003,202
44017,65-100,2003,155
44017,0-16,2004,29
44017,16-64,2004,203
44017,65-100,2004,157
44017,0-16,2005,28
44017,16-64,2005,225
44017,65-100,2005,146
44017,0-16,2006,34
44017,16-64,2006,234
44017,65-100,2006,141
44017,0-16,2007,35
44017,16-64,2007,255
44017,65-100,2007,132
44017,0-16,2008,33
44017,16-64,2008,253
44017,65-100,2008,129
44017,0-16,2009,30
44017,16-64,2009,246
44017,65-100,2009,108
44017,0-16,2010,30
44017,16-64,2010,238
44017,65-100,2010,113
44017,0-16,2011,31
44017,16-64,2011,236
44017,65-100,2011,115
44017,0-16,2012,31
44017,16-64,2012,235
44017,65-100,2012,100
44017,0-16,2013,34
44017,16-64,2013,235
44017,65-100,2013,92
44017,0-16,2014,40
44017,16-64,2014,225
44017,65-100,2014,93
44017,0-16,2015,49
44017,16-64,2015,228
44017,65-100,2015,88
44017,0-16,2016,41
44017,16-64,2016,212
44017,65-100,2016,95
44017,0-16,2017,43
44017,16-64,2017,209
44017,65-100,2017,96
44017,0-16,2018,47
44017,16-64,2018,215
44017,65-100,2018,96
44017,0-16,2019,40
44017,16-64,2019,207
44017,65-100,2019,94
44017,0-16,2020,34
44017,16-64,2020,195
44017,65-100,2020,97
44017,0-16,2021,34
44017,16-64,2021,199
44017,65-100,2021,100
44017,0-16,2022,32
44017,16-64,2022,196
44017,65-100,2022,95
44018,0-16,2003,0
44018,16-64,2003,19
44018,65-100,2003,12
44018,0-16,2004,0
44018,16-64,2004,19
44018,65-100,2004,9
44018,0-16,2005,0
44018,16-64,2005,21
44018,65-100,2005,9
44018,0-16,2006,0
44018,16-64,2006,20
44018,65-100,2006,10
44018,0-16,2007,0
44018,16-64,2007,20
44018,65-100,2007,8
44018,0-16,2008,0
44018,16-64,2008,18
44018,65-100,2008,10
44018,0-16,2009,0
44018,16-64,2009,12
44018,65-100,2009,11
44018,0-16,2010,0
44018,16-64,2010,19
44018,65-100,2010,10
44018,0-16,2011,0
44018,16-64,2011,21
44018,65-100,2011,8
44018,0-16,2012,0
44018,16-64,2012,21
44018,65-100,2012,7
44018,0-16,2013,0
44018,16-64,2013,14
44018,65-100,2013,7
44018,0-16,2014,0
44018,16-64,2014,13
44018,65-100,2014,8
44018,0-16,2015,0
44018,16-64,2015,11
44018,65-100,2015,9
44018,0-16,2016,0
44018,16-64,2016,11
44018,65-100,2016,8
44018,0-16,2017,0
44018,16-64,2017,9
44018,65-100,2017,9
44018,0-16,2018,0
44018,16-64,2018,6
44018,65-100,2018,10
44018,0-16,2019,0
44018,16-64,2019,6
44018,65-100,2019,10
44018,0-16,2020,0
44018,16-64,2020,6
44018,65-100,2020,8
44018,0-16,2021,0
44018,16-64,2021,6
44018,65-100,2021,8
44018,0-16,2022,0
44018,16-64,2022,7
44018,65-100,2022,9
44019,0-16,2003,0
44019,16-64,2003,39
44019,65-100,2003,45
44019,0-16,2004,0
44019,16-64,2004,43
44019,65-100,2004,42
44019,0-16,2005,2
44019,16-64,2005,38
44019,65-100,2005,42
44019,0-16,2006,2
44019,16-64,2006,40
44019,65-100,2006,37
44019,0-16,2007,3
44019,16-64,2007,35
44019,65-100,2007,33
44019,0-16,2008,3
44019,16-64,2008,39
44019,65-100,2008,31
44019,0-16,2009,3
44019,16-64,2009,36
44019,65-100,2009,31
44019,0-16,2010,3
44019,16-64,2010,37
44019,65-100,2010,30
44019,0-16,2011,4
44019,16-64,2011,42
44019,65-100,2011,29
44019,0-16,2012,4
44019,16-64,2012,45
44019,65-100,2012,30
44019,0-16,2013,4
44019,16-64,2013,48
44019,65-100,2013,27
44019,0-16,2014,1
44019,16-64,2014,47
44019,65-100,2014,27
44019,0-16,2015,0
44019,16-64,2015,42
44019,65-100,2015,28
44019,0-16,2016,0
44019,16-64,2016,37
44019,65-100,2016,26
44019,0-16,2017,0
44019,16-64,2017,38
44019,65-100,2017,27
44019,0-16,2018,0
44019,16-64,2018,37
44019,65-100,2018,25
44019,0-16,2019,0
44019,16-64,2019,40
44019,65-100,2019,24
44019,0-16,2020,0
44019,16-64,2020,45
44019,65-100,2020,19
44019,0-16,2021,0
44019,16-64,2021,48
44019,65-100,2021,17
44019,0-16,2022,3
44019,16-64,2022,46
44019,65-100,2022,18
44020,0-16,2003,4
44020,16-64,2003,15
44020,65-100,2003,9
44020,0-16,2004,4
44020,16-64,2004,15
44020,65-100,2004,8
44020,0-16,2005,4
44020,16-64,2005,15
44020,65-100,2005,8
44020,0-16,2006,3
44020,16-64,2006,14
44020,65-100,2006,9
44020,0-16,2007,3
44020,16-64,2007,14
44020,65-100,2007,9
44020,0-16,2008,2
44020,16-64,2008,14
44020,65-100,2008,9
44020,0-16,2009,2
44020,16-64,2009,13
44020,65-100,2009,10
44020,0-16,2010,2
44020,16-64,2010,12
44020,65-100,2010,13
44020,0-16,2011,1
44020,16-64,2011,12
44020,65-100,2011,13
44020,0-16,2012,0
44020,16-64,2012,13
44020,65-100,2012,12
44020,0-16,2013,0
44020,16-64,2013,8
44020,65-100,2013,11
44020,0-16,2014,0
44020,16-64,2014,8
44020,65-100,2014,11
44020,0-16,2015,0
44020,16-64,2015,12
44020,65-100,2015,9
44020,0-16,2016,0
44020,16-64,2016,14
44020,65-100,2016,9
44020,0-16,2017,0
44020,16-64,2017,15
44020,65-100,2017,8
44020,0-16,2018,0
44020,16-64,2018,14
44020,65-100,2018,8
44020,0-16,2019,0
44020,16-64,2019,14
44020,65-100,2019,8
44020,0-16,2020,0
44020,16-64,2020,12
44020,65-100,2020,9
44020,0-16,2021,0
44020,16-64,2021,12
44020,65-100,2021,8
44020,0-16,2022,0
44020,16-64,2022,11
44020,65-100,2022,9
44021,0-16,2003,9
44021,16-64,2003,71
44021,65-100,2003,57
44021,0-16,2004,12
44021,16-64,2004,76
44021,65-100,2004,57
44021,0-16,2005,9
44021,16-64,2005,74
44021,65-100,2005,54
44021,0-16,2006,7
44021,16-64,2006,80
44021,65-100,2006,54
44021,0-16,2007,6
44021,16-64,2007,75
44021,65-100,2007,54
44021,0-16,2008,7
44021,16-64,2008,82
44021,65-100,2008,51
44021,0-16,2009,7
44021,16-64,2009,78
44021,65-100,2009,49
44021,0-16,2010,6
44021,16-64,2010,77
44021,65-100,2010,50
44021,0-16,2011,6
44021,16-64,2011,74
44021,65-100,2011,49
44021,0-16,2012,6
44021,16-64,2012,67
44021,65-100,2012,48
44021,0-16,2013,8
44021,16-64,2013,64
44021,65-100,2013,47
44021,0-16,2014,7
44021,16-64,2014,62
44021,65-100,2014,48
44021,0-16,2015,9
44021,16-64,2015,64
44021,65-100,2015,45
44021,0-16,2016,13
44021,16-64,2016,66
44021,65-100,2016,49
44021,0-16,2017,15
44021,16-64,2017,64
44021,65-100,2017,50
44021,0-16,2018,14
44021,16-64,2018,65
44021,65-100,2018,47
44021,0-16,2019,14
44021,16-64,2019,63
44021,65-100,2019,48
44021,0-16,2020,14
44021,16-64,2020,64
44021,65-100,2020,46
44021,0-16,2021,15
44021,16-64,2021,66
44021,65-100,2021,47
44021,0-16,2022,14
44021,16-64,2022,66
44021,65-100,2022,44
44022,0-16,2003,76
44022,16-64,2003,375
44022,65-100,2003,252
44022,0-16,2004,70
44022,16-64,2004,367
44022,65-100,2004,254
44022,0-16,2005,72
44022,16-64,2005,373
44022,65-100,2005,247
44022,0-16,2006,61
44022,16-64,2006,385
44022,65-100,2006,249
44022,0-16,2007,57
44022,16-64,2007,403
44022,65-100,2007,238
44022,0-16,2008,71
44022,16-64,2008,408
44022,65-100,2008,230
44022,0-16,2009,79
44022,16-64,2009,411
44022,65-100,2009,221
44022,0-16,2010,75
44022,16-64,2010,409
44022,65-100,2010,227
44022,0-16,2011,75
44022,16-64,2011,403
44022,65-100,2011,223
44022,0-16,2012,67
44022,16-64,2012,393
44022,65-100,2012,213
44022,0-16,2013,68
44022,16-64,2013,393
44022,65-100,2013,206
44022,0-16,2014,68
44022,16-64,2014,374
44022,65-100,2014,196
44022,0-16,2015,61
44022,16-64,2015,349
44022,65-100,2015,194
44022,0-16,2016,60
44022,16-64,2016,346
44022,65-100,2016,196
44022,0-16,2017,59
44022,16-64,2017,341
44022,65-100,2017,194
44022,0-16,2018,60
44022,16-64,2018,325
44022,65-100,2018,197
44022,0-16,2019,60
44022,16-64,2019,303
44022,65-100,2019,195
44022,0-16,2020,66
44022,16-64,2020,312
44022,65-100,2020,194
44022,0-16,2021,67
44022,16-64,2021,313
44022,65-100,2021,197
44022,0-16,2022,56
44022,16-64,2022,307
44022,65-100,2022,190
44023,0-16,2003,0
44023,16-64,2003,6
44023,65-100,2003,8
44023,0-16,2004,0
44023,16-64,2004,6
44023,65-100,2004,7
44023,0-16,2005,0
44023,16-64,2005,6
44023,65-100,2005,5
44023,0-16,2006,0
44023,16-64,2006,5
44023,65-100,2006,7
44023,0-16,2007,0
44023,16-64,2007,8
44023,65-100,2007,5
44023,0-16,2008,0
44023,16-64,2008,9
44023,65-100,2008,6
44023,0-16,2009,1
44023,16-64,2009,7
44023,65-100,2009,7
44023,0-16,2010,1
44023,16-64,2010,7
44023,65-100,2010,7
44023,0-16,2011,4
44023,16-64,2011,12
44023,65-100,2011,7
44023,0-16,2012,4
44023,16-64,2012,11
44023,65-100,2012,6
44023,0-16,2013,1
44023,16-64,2013,7
44023,65-100,2013,7
44023,0-16,2014,1
44023,16-64,2014,8
44023,65-100,2014,6
44023,0-16,2015,2
44023,16-64,2015,17
44023,65-100,2015,8
44023,0-16,2016,2
44023,16-64,2016,17
44023,65-100,2016,10
44023,0-16,2017,2
44023,16-64,2017,17
44023,65-100,2017,12
44023,0-16,2018,3
44023,16-64,2018,16
44023,65-100,2018,10
44023,0-16,2019,2
44023,16-64,2019,14
44023,65-100,2019,10
44023,0-16,2020,2
44023,16-64,2020,13
44023,65-100,2020,9
44023,0-16,2021,1
44023,16-64,2021,13
44023,65-100,2021,8
44023,0-16,2022,2
44023,16-64,2022,11
44023,65-100,2022,8
44024,0-16,2003,0
44024,16-64,2003,11
44024,65-100,2003,8
44024,0-16,2004,0
44024,16-64,2004,11
44024,65-100,2004,8
44024,0-16,2005,0
44024,16-64,2005,11
44024,65-100,2005,5
44024,0-16,2006,0
44024,16-64,2006,14
44024,65-100,2006,6
44024,0-16,2007,0
44024,16-64,2007,14
44024,65-100,2007,7
44024,0-16,2008,0
44024,16-64,2008,14
44024,65-100,2008,6
44024,0-16,2009,0
44024,16-64,2009,14
44024,65-100,2009,6
44024,0-16,2010,0
44024,16-64,2010,15
44024,65-100,2010,6
44024,0-16,2011,0
44024,16-64,2011,18
44024,65-100,2011,6
44024,0-16,2012,0
44024,16-64,2012,21
44024,65-100,2012,6
44024,0-16,2013,0
44024,16-64,2013,18
44024,65-100,2013,5
44024,0-16,2014,0
44024,16-64,2014,19
44024,65-100,2014,5
44024,0-16,2015,0
44024,16-64,2015,20
44024,65-100,2015,5
44024,0-16,2016,0
44024,16-64,2016,21
44024,65-100,2016,6
44024,0-16,2017,0
44024,16-64,2017,21
44024,65-100,2017,6
44024,0-16,2018,0
44024,16-64,2018,21
44024,65-100,2018,6
44024,0-16,2019,0
44024,16-64,2019,21
44024,65-100,2019,7
44024,0-16,2020,0
44024,16-64,2020,23
44024,65-100,2020,9
44024,0-16,2021,0
44024,16-64,2021,23
44024,65-100,2021,9
44024,0-16,2022,0
44024,16-64,2022,23
44024,65-100,2022,10
44025,0-16,2003,1273
44025,16-64,2003,5228
44025,65-100,2003,1368
44025,0-16,2004,1222
44025,16-64,2004,5294
44025,65-100,2004,1367
44025,0-16,2005,1204
44025,16-64,2005,5415
44025,65-100,2005,1374
44025,0-16,2006,1204
44025,16-64,2006,5447
44025,65-100,2006,1383
44025,0-16,2007,1205
44025,16-64,2007,5576
44025,65-100,2007,1375
44025,0-16,2008,1215
44025,16-64,2008,5702
44025,65-100,2008,1373
44025,0-16,2009,1239
44025,16-64,2009,5781
44025,65-100,2009,1383
44025,0-16,2010,1211
44025,16-64,2010,5770
44025,65-100,2010,1386
44025,0-16,2011,1213
44025,16-64,2011,5708
44025,65-100,2011,1403
44025,0-16,2012,1188
44025,16-64,2012,5673
44025,65-100,2012,1405
44025,0-16,2013,1189
44025,16-64,2013,5690
44025,65-100,2013,1399
44025,0-16,2014,1173
44025,16-64,2014,5581
44025,65-100,2014,1394
44025,0-16,2015,1144
44025,16-64,2015,5514
44025,65-100,2015,1407
44025,0-16,2016,1115
44025,16-64,2016,5357
44025,65-100,2016,1403
44025,0-16,2017,1115
44025,16-64,2017,5259
44025,65-100,2017,1425
44025,0-16,2018,1072
44025,16-64,2018,5115
44025,65-100,2018,1446
44025,0-16,2019,1033
44025,16-64,2019,4995
44025,65-100,2019,1444
44025,0-16,2020,1004
44025,16-64,2020,4858
44025,65-100,2020,1483
44025,0-16,2021,988
44025,16-64,2021,4839
44025,65-100,2021,1500
44025,0-16,2022,954
44025,16-64,2022,4704
44025,65-100,2022,1543
44026,0-16,2003,11
44026,16-64,2003,72
44026,65-100,2003,54
44026,0-16,2004,10
44026,16-64,2004,69
44026,65-100,2004,52
44026,0-16,2005,7
44026,16-64,2005,70
44026,65-100,2005,50
44026,0-16,2006,12
44026,16-64,2006,70
44026,65-100,2006,46
44026,0-16,2007,12
44026,16-64,2007,67
44026,65-100,2007,44
44026,0-16,2008,10
44026,16-64,2008,66
44026,65-100,2008,39
44026,0-16,2009,12
44026,16-64,2009,68
44026,65-100,2009,42
44026,0-16,2010,14
44026,16-64,2010,58
44026,65-100,2010,39
44026,0-16,2011,12
44026,16-64,2011,59
44026,65-100,2011,29
44026,0-16,2012,10
44026,16-64,2012,67
44026,65-100,2012,28
44026,0-16,2013,7
44026,16-64,2013,61
44026,65-100,2013,28
44026,0-16,2014,10
44026,16-64,2014,65
44026,65-100,2014,25
44026,0-16,2015,12
44026,16-64,2015,67
44026,65-100,2015,26
44026,0-16,2016,13
44026,16-64,2016,66
44026,65-100,2016,27
44026,0-16,2017,15
44026,16-64,2017,61
44026,65-100,2017,30
44026,0-16,2018,13
44026,16-64,2018,62
44026,65-100,2018,30
44026,0-16,2019,19
44026,16-64,2019,71
44026,65-100,2019,29
44026,0-16,2020,17
44026,16-64,2020,73
44026,65-100,2020,28
44026,0-16,2021,18
44026,16-64,2021,69
44026,65-100,2021,25
44026,0-16,2022,17
44026,16-64,2022,73
44026,65-100,2022,27
44027,0-16,2003,27
44027,16-64,2003,122
44027,65-100,2003,79
44027,0-16,2004,27
44027,16-64,2004,122
44027,65-100,2004,77
44027,0-16,2005,30
44027,16-64,2005,122
44027,65-100,2005,73
44027,0-16,2006,31
44027,16-64,2006,121
44027,65-100,2006,75
44027,0-16,2007,28
44027,16-64,2007,123
44027,65-100,2007,77
44027,0-16,2008,26
44027,16-64,2008,113
44027,65-100,2008,78
44027,0-16,2009,25
44027,16-64,2009,113
44027,65-100,2009,76
44027,0-16,2010,24
44027,16-64,2010,112
44027,65-100,2010,77
44027,0-16,2011,19
44027,16-64,2011,102
44027,65-100,2011,75
44027,0-16,2012,27
44027,16-64,2012,103
44027,65-100,2012,75
44027,0-16,2013,28
44027,16-64,2013,110
44027,65-100,2013,77
44027,0-16,2014,24
44027,16-64,2014,107
44027,65-100,2014,77
44027,0-16,2015,18
44027,16-64,2015,108
44027,65-100,2015,80
44027,0-16,2016,22
44027,16-64,2016,113
44027,65-100,2016,77
44027,0-16,2017,17
44027,16-64,2017,107
44027,65-100,2017,75
44027,0-16,2018,17
44027,16-64,2018,112
44027,65-100,2018,77
44027,0-16,2019,17
44027,16-64,2019,116
44027,65-100,2019,78
44027,0-16,2020,12
44027,16-64,2020,116
44027,65-100,2020,77
44027,0-16,2021,14
44027,16-64,2021,126
44027,65-100,2021,81
44027,0-16,2022,13
44027,16-64,2022,124
44027,65-100,2022,77
44028,0-16,2003,16
44028,16-64,2003,129
44028,65-100,2003,118
44028,0-16,2004,21
44028,16-64,2004,124
44028,65-100,2004,113
44028,0-16,2005,15
44028,16-64,2005,125
44028,65-100,2005,104
44028,0-16,2006,17
44028,16-64,2006,127
44028,65-100,2006,99
44028,0-16,2007,23
44028,16-64,2007,129
44028,65-100,2007,100
44028,0-16,2008,21
44028,16-64,2008,126
44028,65-100,2008,93
44028,0-16,2009,17
44028,16-64,2009,130
44028,65-100,2009,94
44028,0-16,2010,14
44028,16-64,2010,120
44028,65-100,2010,98
44028,0-16,2011,15
44028,16-64,2011,116
44028,65-100,2011,92
44028,0-16,2012,19
44028,16-64,2012,112
44028,65-100,2012,93
44028,0-16,2013,20
44028,16-64,2013,110
44028,65-100,2013,95
44028,0-16,2014,17
44028,16-64,2014,107
44028,65-100,2014,93
44028,0-16,2015,18
44028,16-64,2015,106
44028,65-100,2015,90
44028,0-16,2016,18
44028,16-64,2016,98
44028,65-100,2016,91
44028,0-16,2017,18
44028,16-64,2017,101
44028,65-100,2017,88
44028,0-16,2018,19
44028,16-64,2018,98
44028,65-100,2018,81
44028,0-16,2019,18
44028,16-64,2019,100
44028,65-100,2019,77
44028,0-16,2020,16
44028,16-64,2020,99
44028,65-100,2020,78
44028,0-16,2021,18
44028,16-64,2021,104
44028,65-100,2021,77
44028,0-16,2022,21
44028,16-64,2022,108
44028,65-100,2022,79
44029,0-16,2003,125
44029,16-64,2003,542
44029,65-100,2003,230
44029,0-16,2004,129
44029,16-64,2004,542
44029,65-100,2004,227
44029,0-16,2005,110
44029,16-64,2005,528
44029,65-100,2005,218
44029,0-16,2006,99
44029,16-64,2006,510
44029,65-100,2006,217
44029,0-16,2007,111
44029,16-64,2007,546
44029,65-100,2007,210
44029,0-16,2008,137
44029,16-64,2008,613
44029,65-100,2008,204
44029,0-16,2009,135
44029,16-64,2009,606
44029,65-100,2009,209
44029,0-16,2010,119
44029,16-64,2010,601
44029,65-100,2010,205
44029,0-16,2011,110
44029,16-64,2011,606
44029,65-100,2011,198
44029,0-16,2012,111
44029,16-64,2012,593
44029,65-100,2012,189
44029,0-16,2013,94
44029,16-64,2013,493
44029,65-100,2013,182
44029,0-16,2014,87
44029,16-64,2014,506
44029,65-100,2014,182
44029,0-16,2015,87
44029,16-64,2015,502
44029,65-100,2015,174
44029,0-16,2016,86
44029,16-64,2016,486
44029,65-100,2016,166
44029,0-16,2017,88
44029,16-64,2017,475
44029,65-100,2017,170
44029,0-16,2018,83
44029,16-64,2018,456
44029,65-100,2018,169
44029,0-16,2019,85
44029,16-64,2019,469
44029,65-100,2019,170
44029,0-16,2020,77
44029,16-64,2020,467
44029,65-100,2020,170
44029,0-16,2021,67
44029,16-64,2021,452
44029,65-100,2021,166
44029,0-16,2022,67
44029,16-64,2022,433
44029,65-100,2022,165
44031,0-16,2003,6
44031,16-64,2003,83
44031,65-100,2003,78
44031,0-16,2004,6
44031,16-64,2004,86
44031,65-100,2004,77
44031,0-16,2005,6
44031,16-64,2005,82
44031,65-100,2005,74
44031,0-16,2006,5
44031,16-64,2006,76
44031,65-100,2006,70
44031,0-16,2007,6
44031,16-64,2007,87
44031,65-100,2007,70
44031,0-16,2008,9
44031,16-64,2008,85
44031,65-100,2008,61
44031,0-16,2009,9
44031,16-64,2009,85
44031,65-100,2009,60
44031,0-16,2010,5
44031,16-64,2010,77
44031,65-100,2010,57
44031,0-16,2011,4
44031,16-64,2011,81
44031,65-100,2011,63
44031,0-16,2012,6
44031,16-64,2012,69
44031,65-100,2012,58
44031,0-16,2013,6
44031,16-64,2013,62
44031,65-100,2013,56
44031,0-16,2014,4
44031,16-64,2014,60
44031,65-100,2014,55
44031,0-16,2015,5
44031,16-64,2015,59
44031,65-100,2015,52
44031,0-16,2016,3
44031,16-64,2016,55
44031,65-100,2016,48
44031,0-16,2017,3
44031,16-64,2017,48
44031,65-100,2017,46
44031,0-16,2018,4
44031,16-64,2018,49
44031,65-100,2018,41
44031,0-16,2019,2
44031,16-64,2019,50
44031,65-100,2019,38
44031,0-16,2020,3
44031,16-64,2020,50
44031,65-100,2020,40
44031,0-16,2021,4
44031,16-64,2021,57
44031,65-100,2021,39
44031,0-16,2022,9
44031,16-64,2022,57
44031,65-100,2022,39
44032,0-16,2003,0
44032,16-64,2003,4
44032,65-100,2003,13
44032,0-16,2004,0
44032,16-64,2004,5
44032,65-100,2004,14
44032,0-16,2005,0
44032,16-64,2005,7
44032,65-100,2005,14
44032,0-16,2006,0
44032,16-64,2006,12
44032,65-100,2006,18
44032,0-16,2007,0
44032,16-64,2007,12
44032,65-100,2007,18
44032,0-16,2008,0
44032,16-64,2008,9
44032,65-100,2008,18
44032,0-16,2009,0
44032,16-64,2009,9
44032,65-100,2009,16
44032,0-16,2010,0
44032,16-64,2010,9
44032,65-100,2010,13
44032,0-16,2011,1
44032,16-64,2011,8
44032,65-100,2011,12
44032,0-16,2012,2
44032,16-64,2012,9
44032,65-100,2012,10
44032,0-16,2013,2
44032,16-64,2013,9
44032,65-100,2013,9
44032,0-16,2014,2
44032,16-64,2014,9
44032,65-100,2014,8
44032,0-16,2015,2
44032,16-64,2015,10
44032,65-100,2015,7
44032,0-16,2016,2
44032,16-64,2016,11
44032,65-100,2016,6
44032,0-16,2017,2
44032,16-64,2017,10
44032,65-100,2017,6
44032,0-16,2018,2
44032,16-64,2018,12
44032,65-100,2018,6
44032,0-16,2019,2
44032,16-64,2019,12
44032,65-100,2019,5
44032,0-16,2020,2
44032,16-64,2020,12
44032,65-100,2020,5
44032,0-16,2021,2
44032,16-64,2021,12
44032,65-100,2021,4
44032,0-16,2022,3
44032,16-64,2022,13
44032,65-100,2022,3
44033,0-16,2003,25
44033,16-64,2003,200
44033,65-100,2003,216
44033,0-16,2004,23
44033,16-64,2004,195
44033,65-100,2004,198
44033,0-16,2005,20
44033,16-64,2005,216
44033,65-100,2005,186
44033,0-16,2006,22
44033,16-64,2006,205
44033,65-100,2006,182
44033,0-16,2007,22
44033,16-64,2007,208
44033,65-100,2007,177
44033,0-16,2008,35
44033,16-64,2008,230
44033,65-100,2008,177
44033,0-16,2009,26
44033,16-64,2009,215
44033,65-100,2009,169
44033,0-16,2010,27
44033,16-64,2010,206
44033,65-100,2010,165
44033,0-16,2011,25
44033,16-64,2011,201
44033,65-100,2011,160
44033,0-16,2012,19
44033,16-64,2012,189
44033,65-100,2012,162
44033,0-16,2013,20
44033,16-64,2013,175
44033,65-100,2013,158
44033,0-16,2014,17
44033,16-64,2014,172
44033,65-100,2014,148
44033,0-16,2015,17
44033,16-64,2015,168
44033,65-100,2015,142
44033,0-16,2016,18
44033,16-64,2016,164
44033,65-100,2016,134
44033,0-16,2017,25
44033,16-64,2017,159
44033,65-100,2017,134
44033,0-16,2018,20
44033,16-64,2018,159
44033,65-100,2018,132
44033,0-16,2019,16
44033,16-64,2019,148
44033,65-100,2019,123
44033,0-16,2020,10
44033,16-64,2020,156
44033,65-100,2020,119
44033,0-16,2021,12
44033,16-64,2021,154
44033,65-100,2021,112
44033,0-16,2022,11
44033,16-64,2022,150
44033,65-100,2022,110
44034,0-16,2003,8
44034,16-64,2003,87
44034,65-100,2003,72
44034,0-16,2004,13
44034,16-64,2004,91
44034,65-100,2004,70
44034,0-16,2005,13
44034,16-64,2005,89
44034,65-100,2005,72
44034,0-16,2006,13
44034,16-64,2006,87
44034,65-100,2006,73
44034,0-16,2007,12
44034,16-64,2007,84
44034,65-100,2007,70
44034,0-16,2008,12
44034,16-64,2008,79
44034,65-100,2008,72
44034,0-16,2009,11
44034,16-64,2009,82
44034,65-100,2009,78
44034,0-16,2010,12
44034,16-64,2010,72
44034,65-100,2010,83
44034,0-16,2011,11
44034,16-64,2011,73
44034,65-100,2011,81
44034,0-16,2012,11
44034,16-64,2012,69
44034,65-100,2012,82
44034,0-16,2013,11
44034,16-64,2013,73
44034,65-100,2013,79
44034,0-16,2014,11
44034,16-64,2014,72
44034,65-100,2014,71
44034,0-16,2015,11
44034,16-64,2015,69
44034,65-100,2015,70
44034,0-16,2016,12
44034,16-64,2016,76
44034,65-100,2016,70
44034,0-16,2017,12
44034,16-64,2017,73
44034,65-100,2017,64
44034,0-16,2018,13
44034,16-64,2018,78
44034,65-100,2018,62
44034,0-16,2019,13
44034,16-64,2019,71
44034,65-100,2019,60
44034,0-16,2020,13
44034,16-64,2020,73
44034,65-100,2020,60
44034,0-16,2021,11
44034,16-64,2021,86
44034,65-100,2021,52
44034,0-16,2022,13
44034,16-64,2022,99
44034,65-100,2022,45
44035,0-16,2003,17
44035,16-64,2003,77
44035,65-100,2003,62
44035,0-16,2004,15
44035,16-64,2004,88
44035,65-100,2004,61
44035,0-16,2005,16
44035,16-64,2005,85
44035,65-100,2005,56
44035,0-16,2006,16
44035,16-64,2006,86
44035,65-100,2006,54
44035,0-16,2007,16
44035,16-64,2007,80
44035,65-100,2007,54
44035,0-16,2008,24
44035,16-64,2008,83
44035,65-100,2008,52
44035,0-16,2009,18
44035,16-64,2009,84
44035,65-100,2009,55
44035,0-16,2010,20
44035,16-64,2010,91
44035,65-100,2010,56
44035,0-16,2011,15
44035,16-64,2011,79
44035,65-100,2011,51
44035,0-16,2012,16
44035,16-64,2012,78
44035,65-100,2012,49
44035,0-16,2013,16
44035,16-64,2013,79
44035,65-100,2013,53
44035,0-16,2014,12
44035,16-64,2014,73
44035,65-100,2014,52
44035,0-16,2015,10
44035,16-64,2015,73
44035,65-100,2015,50
44035,0-16,2016,8
44035,16-64,2016,73
44035,65-100,2016,48
44035,0-16,2017,6
44035,16-64,2017,70
44035,65-100,2017,45
44035,0-16,2018,6
44035,16-64,2018,71
44035,65-100,2018,41
44035,0-16,2019,6
44035,16-64,2019,69
44035,65-100,2019,37
44035,0-16,2020,8
44035,16-64,2020,60
44035,65-100,2020,41
44035,0-16,2021,8
44035,16-64,2021,65
44035,65-100,2021,40
44035,0-16,2022,9
44035,16-64,2022,68
44035,65-100,2022,39
44036,0-16,2003,2
44036,16-64,2003,23
44036,65-100,2003,11
44036,0-16,2004,2
44036,16-64,2004,25
44036,65-100,2004,11
44036,0-16,2005,2
44036,16-64,2005,24
44036,65-100,2005,11
44036,0-16,2006,2
44036,16-64,2006,25
44036,65-100,2006,11
44036,0-16,2007,2
44036,16-64,2007,27
44036,65-100,2007,11
44036,0-16,2008,2
44036,16-64,2008,28
44036,65-100,2008,10
44036,0-16,2009,2
44036,16-64,2009,24
44036,65-100,2009,11
44036,0-16,2010,3
44036,16-64,2010,25
44036,65-100,2010,9
44036,0-16,2011,2
44036,16-64,2011,20
44036,65-100,2011,10
44036,0-16,2012,1
44036,16-64,2012,20
44036,65-100,2012,9
44036,0-16,2013,1
44036,16-64,2013,18
44036,65-100,2013,11
44036,0-16,2014,0
44036,16-64,2014,15
44036,65-100,2014,13
44036,0-16,2015,0
44036,16-64,2015,15
44036,65-100,2015,11
44036,0-16,2016,4
44036,16-64,2016,20
44036,65-100,2016,11
44036,0-16,2017,4
44036,16-64,2017,19
44036,65-100,2017,7
44036,0-16,2018,4
44036,16-64,2018,20
44036,65-100,2018,7
44036,0-16,2019,4
44036,16-64,2019,21
44036,65-100,2019,6
44036,0-16,2020,3
44036,16-64,2020,19
44036,65-100,2020,7
44036,0-16,2021,2
44036,16-64,2021,21
44036,65-100,2021,8
44036,0-16,2022,2
44036,16-64,2022,23
44036,65-100,2022,8
44037,0-16,2003,68
44037,16-64,2003,349
44037,65-100,2003,191
44037,0-16,2004,67
44037,16-64,2004,349
44037,65-100,2004,187
44037,0-16,2005,66
44037,16-64,2005,358
44037,65-100,2005,179
44037,0-16,2006,67
44037,16-64,2006,362
44037,65-100,2006,169
44037,0-16,2007,67
44037,16-64,2007,370
44037,65-100,2007,161
44037,0-16,2008,76
44037,16-64,2008,385
44037,65-100,2008,170
44037,0-16,2009,81
44037,16-64,2009,378
44037,65-100,2009,162
44037,0-16,2010,76
44037,16-64,2010,375
44037,65-100,2010,157
44037,0-16,2011,77
44037,16-64,2011,376
44037,65-100,2011,155
44037,0-16,2012,77
44037,16-64,2012,374
44037,65-100,2012,156
44037,0-16,2013,69
44037,16-64,2013,372
44037,65-100,2013,158
44037,0-16,2014,72
44037,16-64,2014,359
44037,65-100,2014,152
44037,0-16,2015,68
44037,16-64,2015,349
44037,65-100,2015,149
44037,0-16,2016,69
44037,16-64,2016,341
44037,65-100,2016,151
44037,0-16,2017,66
44037,16-64,2017,331
44037,65-100,2017,154
44037,0-16,2018,59
44037,16-64,2018,322
44037,65-100,2018,160
44037,0-16,2019,57
44037,16-64,2019,323
44037,65-100,2019,161
44037,0-16,2020,58
44037,16-64,2020,316
44037,65-100,2020,157
44037,0-16,2021,60
44037,16-64,2021,328
44037,65-100,2021,156
44037,0-16,2022,56
44037,16-64,2022,341
44037,65-100,2022,153
44038,0-16,2003,12
44038,16-64,2003,78
44038,65-100,2003,55
44038,0-16,2004,13
44038,16-64,2004,81
44038,65-100,2004,53
44038,0-16,2005,11
44038,16-64,2005,81
44038,65-100,2005,52
44038,0-16,2006,12
44038,16-64,2006,76
44038,65-100,2006,56
44038,0-16,2007,14
44038,16-64,2007,76
44038,65-100,2007,52
44038,0-16,2008,11
44038,16-64,2008,75
44038,65-100,2008,54
44038,0-16,2009,12
44038,16-64,2009,79
44038,65-100,2009,54
44038,0-16,2010,11
44038,16-64,2010,74
44038,65-100,2010,52
44038,0-16,2011,10
44038,16-64,2011,71
44038,65-100,2011,48
44038,0-16,2012,10
44038,16-64,2012,66
44038,65-100,2012,50
44038,0-16,2013,8
44038,16-64,2013,59
44038,65-100,2013,50
44038,0-16,2014,8
44038,16-64,2014,58
44038,65-100,2014,54
44038,0-16,2015,7
44038,16-64,2015,55
44038,65-100,2015,55
44038,0-16,2016,7
44038,16-64,2016,59
44038,65-100,2016,53
44038,0-16,2017,8
44038,16-64,2017,59
44038,65-100,2017,46
44038,0-16,2018,9
44038,16-64,2018,53
44038,65-100,2018,51
44038,0-16,2019,10
44038,16-64,2019,52
44038,65-100,2019,51
44038,0-16,2020,12
44038,16-64,2020,59
44038,65-100,2020,52
44038,0-16,2021,11
44038,16-64,2021,60
44038,65-100,2021,52
44038,0-16,2022,15
44038,16-64,2022,69
44038,65-100,2022,52
44039,0-16,2003,29
44039,16-64,2003,158
44039,65-100,2003,168
44039,0-16,2004,30
44039,16-64,2004,160
44039,65-100,2004,161
44039,0-16,2005,24
44039,16-64,2005,155
44039,65-100,2005,155
44039,0-16,2006,23
44039,16-64,2006,146
44039,65-100,2006,154
44039,0-16,2007,17
44039,16-64,2007,143
44039,65-100,2007,149
44039,0-16,2008,13
44039,16-64,2008,142
44039,65-100,2008,142
44039,0-16,2009,15
44039,16-64,2009,135
44039,65-100,2009,135
44039,0-16,2010,15
44039,16-64,2010,136
44039,65-100,2010,133
44039,0-16,2011,15
44039,16-64,2011,130
44039,65-100,2011,129
44039,0-16,2012,23
44039,16-64,2012,132
44039,65-100,2012,127
44039,0-16,2013,16
44039,16-64,2013,118
44039,65-100,2013,116
44039,0-16,2014,14
44039,16-64,2014,117
44039,65-100,2014,113
44039,0-16,2015,13
44039,16-64,2015,109
44039,65-100,2015,116
44039,0-16,2016,17
44039,16-64,2016,110
44039,65-100,2016,118
44039,0-16,2017,17
44039,16-64,2017,109
44039,65-100,2017,118
44039,0-16,2018,12
44039,16-64,2018,105
44039,65-100,2018,108
44039,0-16,2019,14
44039,16-64,2019,104
44039,65-100,2019,106
44039,0-16,2020,12
44039,16-64,2020,108
44039,65-100,2020,99
44039,0-16,2021,8
44039,16-64,2021,117
44039,65-100,2021,99
44039,0-16,2022,9
44039,16-64,2022,128
44039,65-100,2022,93
44040,0-16,2003,33
44040,16-64,2003,120
44040,65-100,2003,91
44040,0-16,2004,33
44040,16-64,2004,123
44040,65-100,2004,90
44040,0-16,2005,34
44040,16-64,2005,122
44040,65-100,2005,88
44040,0-16,2006,31
44040,16-64,2006,129
44040,65-100,2006,86
44040,0-16,2007,31
44040,16-64,2007,142
44040,65-100,2007,87
44040,0-16,2008,36
44040,16-64,2008,142
44040,65-100,2008,86
44040,0-16,2009,39
44040,16-64,2009,150
44040,65-100,2009,84
44040,0-16,2010,41
44040,16-64,2010,152
44040,65-100,2010,81
44040,0-16,2011,40
44040,16-64,2011,150
44040,65-100,2011,74
44040,0-16,2012,35
44040,16-64,2012,149
44040,65-100,2012,70
44040,0-16,2013,39
44040,16-64,2013,146
44040,65-100,2013,66
44040,0-16,2014,38
44040,16-64,2014,142
44040,65-100,2014,67
44040,0-16,2015,35
44040,16-64,2015,145
44040,65-100,2015,66
44040,0-16,2016,37
44040,16-64,2016,147
44040,65-100,2016,64
44040,0-16,2017,36
44040,16-64,2017,149
44040,65-100,2017,60
44040,0-16,2018,34
44040,16-64,2018,148
44040,65-100,2018,62
44040,0-16,2019,31
44040,16-64,2019,144
44040,65-100,2019,60
44040,0-16,2020,30
44040,16-64,2020,152
44040,65-100,2020,59
44040,0-16,2021,26
44040,16-64,2021,146
44040,65-100,2021,65
44040,0-16,2022,26
44040,16-64,2022,146
44040,65-100,2022,59
44041,0-16,2003,3
44041,16-64,2003,35
44041,65-100,2003,36
44041,0-16,2004,5
44041,16-64,2004,34
44041,65-100,2004,37
44041,0-16,2005,4
44041,16-64,2005,35
44041,65-100,2005,35
44041,0-16,2006,4
44041,16-64,2006,32
44041,65-100,2006,34
44041,0-16,2007,3
44041,16-64,2007,32
44041,65-100,2007,33
44041,0-16,2008,7
44041,16-64,2008,35
44041,65-100,2008,30
44041,0-16,2009,11
44041,16-64,2009,38
44041,65-100,2009,29
44041,0-16,2010,11
44041,16-64,2010,42
44041,65-100,2010,26
44041,0-16,2011,11
44041,16-64,2011,48
44041,65-100,2011,23
44041,0-16,2012,11
44041,16-64,2012,48
44041,65-100,2012,19
44041,0-16,2013,11
44041,16-64,2013,46
44041,65-100,2013,18
44041,0-16,2014,13
44041,16-64,2014,46
44041,65-100,2014,18
44041,0-16,2015,7
44041,16-64,2015,42
44041,65-100,2015,18
44041,0-16,2016,6
44041,16-64,2016,43
44041,65-100,2016,16
44041,0-16,2017,6
44041,16-64,2017,43
44041,65-100,2017,13
44041,0-16,2018,5
44041,16-64,2018,51
44041,65-100,2018,14
44041,0-16,2019,5
44041,16-64,2019,52
44041,65-100,2019,13
44041,0-16,2020,4
44041,16-64,2020,52
44041,65-100,2020,11
44041,0-16,2021,5
44041,16-64,2021,46
44041,65-100,2021,12
44041,0-16,2022,3
44041,16-64,2022,48
44041,65-100,2022,12
44042,0-16,2003,16
44042,16-64,2003,95
44042,65-100,2003,67
44042,0-16,2004,15
44042,16-64,2004,92
44042,65-100,2004,64
44042,0-16,2005,14
44042,16-64,2005,98
44042,65-100,2005,62
44042,0-16,2006,15
44042,16-64,2006,97
44042,65-100,2006,61
44042,0-16,2007,16
44042,16-64,2007,88
44042,65-100,2007,64
44042,0-16,2008,14
44042,16-64,2008,86
44042,65-100,2008,62
44042,0-16,2009,15
44042,16-64,2009,86
44042,65-100,2009,58
44042,0-16,2010,17
44042,16-64,2010,87
44042,65-100,2010,62
44042,0-16,2011,12
44042,16-64,2011,82
44042,65-100,2011,60
44042,0-16,2012,14
44042,16-64,2012,87
44042,65-100,2012,57
44042,0-16,2013,15
44042,16-64,2013,84
44042,65-100,2013,58
44042,0-16,2014,13
44042,16-64,2014,81
44042,65-100,2014,58
44042,0-16,2015,17
44042,16-64,2015,77
44042,65-100,2015,55
44042,0-16,2016,15
44042,16-64,2016,77
44042,65-100,2016,55
44042,0-16,2017,11
44042,16-64,2017,71
44042,65-100,2017,52
44042,0-16,2018,8
44042,16-64,2018,66
44042,65-100,2018,51
44042,0-16,2019,7
44042,16-64,2019,71
44042,65-100,2019,48
44042,0-16,2020,7
44042,16-64,2020,72
44042,65-100,2020,46
44042,0-16,2021,9
44042,16-64,2021,74
44042,65-100,2021,49
44042,0-16,2022,12
44042,16-64,2022,81
44042,65-100,2022,47
44043,0-16,2003,5
44043,16-64,2003,83
44043,65-100,2003,51
44043,0-16,2004,4
44043,16-64,2004,89
44043,65-100,2004,49
44043,0-16,2005,2
44043,16-64,2005,83
44043,65-100,2005,50
44043,0-16,2006,2
44043,16-64,2006,71
44043,65-100,2006,49
44043,0-16,2007,1
44043,16-64,2007,71
44043,65-100,2007,51
44043,0-16,2008,1
44043,16-64,2008,71
44043,65-100,2008,52
44043,0-16,2009,2
44043,16-64,2009,72
44043,65-100,2009,49
44043,0-16,2010,2
44043,16-64,2010,72
44043,65-100,2010,47
44043,0-16,2011,1
44043,16-64,2011,79
44043,65-100,2011,52
44043,0-16,2012,1
44043,16-64,2012,71
44043,65-100,2012,53
44043,0-16,2013,0
44043,16-64,2013,69
44043,65-100,2013,49
44043,0-16,2014,0
44043,16-64,2014,63
44043,65-100,2014,46
44043,0-16,2015,0
44043,16-64,2015,62
44043,65-100,2015,47
44043,0-16,2016,0
44043,16-64,2016,59
44043,65-100,2016,42
44043,0-16,2017,3
44043,16-64,2017,57
44043,65-100,2017,37
44043,0-16,2018,3
44043,16-64,2018,54
44043,65-100,2018,38
44043,0-16,2019,3
44043,16-64,2019,51
44043,65-100,2019,40
44043,0-16,2020,3
44043,16-64,2020,49
44043,65-100,2020,40
44043,0-16,2021,3
44043,16-64,2021,49
44043,65-100,2021,33
44043,0-16,2022,2
44043,16-64,2022,49
44043,65-100,2022,37
44044,0-16,2003,17
44044,16-64,2003,71
44044,65-100,2003,46
44044,0-16,2004,16
44044,16-64,2004,76
44044,65-100,2004,47
44044,0-16,2005,15
44044,16-64,2005,83
44044,65-100,2005,46
44044,0-16,2006,15
44044,16-64,2006,76
44044,65-100,2006,48
44044,0-16,2007,13
44044,16-64,2007,78
44044,65-100,2007,45
44044,0-16,2008,12
44044,16-64,2008,78
44044,65-100,2008,42
44044,0-16,2009,14
44044,16-64,2009,85
44044,65-100,2009,43
44044,0-16,2010,15
44044,16-64,2010,83
44044,65-100,2010,43
44044,0-16,2011,19
44044,16-64,2011,82
44044,65-100,2011,45
44044,0-16,2012,16
44044,16-64,2012,73
44044,65-100,2012,42
44044,0-16,2013,19
44044,16-64,2013,61
44044,65-100,2013,40
44044,0-16,2014,15
44044,16-64,2014,61
44044,65-100,2014,38
44044,0-16,2015,16
44044,16-64,2015,63
44044,65-100,2015,38
44044,0-16,2016,16
44044,16-64,2016,58
44044,65-100,2016,40
44044,0-16,2017,14
44044,16-64,2017,57
44044,65-100,2017,37
44044,0-16,2018,16
44044,16-64,2018,55
44044,65-100,2018,35
44044,0-16,2019,10
44044,16-64,2019,55
44044,65-100,2019,35
44044,0-16,2020,13
44044,16-64,2020,58
44044,65-100,2020,34
44044,0-16,2021,17
44044,16-64,2021,69
44044,65-100,2021,30
44044,0-16,2022,17
44044,16-64,2022,64
44044,65-100,2022,30
44045,0-16,2003,62
44045,16-64,2003,277
44045,65-100,2003,140
44045,0-16,2004,53
44045,16-64,2004,273
44045,65-100,2004,137
44045,0-16,2005,46
44045,16-64,2005,271
44045,65-100,2005,129
44045,0-16,2006,44
44045,16-64,2006,288
44045,65-100,2006,126
44045,0-16,2007,43
44045,16-64,2007,352
44045,65-100,2007,113
44045,0-16,2008,43
44045,16-64,2008,342
44045,65-100,2008,103
44045,0-16,2009,49
44045,16-64,2009,331
44045,65-100,2009,103
44045,0-16,2010,49
44045,16-64,2010,328
44045,65-100,2010,103
44045,0-16,2011,43
44045,16-64,2011,320
44045,65-100,2011,106
44045,0-16,2012,48
44045,16-64,2012,321
44045,65-100,2012,103
44045,0-16,2013,44
44045,16-64,2013,316
44045,65-100,2013,101
44045,0-16,2014,37
44045,16-64,2014,283
44045,65-100,2014,107
44045,0-16,2015,37
44045,16-64,2015,284
44045,65-100,2015,102
44045,0-16,2016,35
44045,16-64,2016,282
44045,65-100,2016,100
44045,0-16,2017,44
44045,16-64,2017,297
44045,65-100,2017,99
44045,0-16,2018,42
44045,16-64,2018,305
44045,65-100,2018,96
44045,0-16,2019,40
44045,16-64,2019,293
44045,65-100,2019,99
44045,0-16,2020,40
44045,16-64,2020,284
44045,65-100,2020,93
44045,0-16,2021,41
44045,16-64,2021,288
44045,65-100,2021,95
44045,0-16,2022,39
44045,16-64,2022,299
44045,65-100,2022,97
44046,0-16,2003,0
44046,16-64,2003,39
44046,65-100,2003,48
44046,0-16,2004,0
44046,16-64,2004,35
44046,65-100,2004,44
44046,0-16,2005,0
44046,16-64,2005,34
44046,65-100,2005,43
44046,0-16,2006,1
44046,16-64,2006,30
44046,65-100,2006,43
44046,0-16,2007,1
44046,16-64,2007,27
44046,65-100,2007,43
44046,0-16,2008,1
44046,16-64,2008,27
44046,65-100,2008,43
44046,0-16,2009,1
44046,16-64,2009,27
44046,65-100,2009,43
44046,0-16,2010,1
44046,16-64,2010,28
44046,65-100,2010,38
44046,0-16,2011,1
44046,16-64,2011,27
44046,65-100,2011,37
44046,0-16,2012,1
44046,16-64,2012,26
44046,65-100,2012,36
44046,0-16,2013,1
44046,16-64,2013,26
44046,65-100,2013,35
44046,0-16,2014,1
44046,16-64,2014,24
44046,65-100,2014,37
44046,0-16,2015,1
44046,16-64,2015,23
44046,65-100,2015,31
44046,0-16,2016,1
44046,16-64,2016,23
44046,65-100,2016,29
44046,0-16,2017,3
44046,16-64,2017,27
44046,65-100,2017,27
44046,0-16,2018,7
44046,16-64,2018,28
44046,65-100,2018,28
44046,0-16,2019,1
44046,16-64,2019,22
44046,65-100,2019,27
44046,0-16,2020,1
44046,16-64,2020,21
44046,65-100,2020,27
44046,0-16,2021,3
44046,16-64,2021,22
44046,65-100,2021,27
44046,0-16,2022,4
44046,16-64,2022,23
44046,65-100,2022,24
44047,0-16,2003,9
44047,16-64,2003,112
44047,65-100,2003,176
44047,0-16,2004,9
44047,16-64,2004,126
44047,65-100,2004,183
44047,0-16,2005,8
44047,16-64,2005,121
44047,65-100,2005,172
44047,0-16,2006,7
44047,16-64,2006,120
44047,65-100,2006,163
44047,0-16,2007,7
44047,16-64,2007,118
44047,65-100,2007,173
44047,0-16,2008,7
44047,16-64,2008,116
44047,65-100,2008,180
44047,0-16,2009,12
44047,16-64,2009,118
44047,65-100,2009,180
44047,0-16,2010,14
44047,16-64,2010,107
44047,65-100,2010,175
44047,0-16,2011,12
44047,16-64,2011,113
44047,65-100,2011,175
44047,0-16,2012,14
44047,16-64,2012,115
44047,65-100,2012,163
44047,0-16,2013,17
44047,16-64,2013,117
44047,65-100,2013,160
44047,0-16,2014,14
44047,16-64,2014,113
44047,65-100,2014,154
44047,0-16,2015,11
44047,16-64,2015,97
44047,65-100,2015,146
44047,0-16,2016,12
44047,16-64,2016,99
44047,65-100,2016,143
44047,0-16,2017,11
44047,16-64,2017,98
44047,65-100,2017,145
44047,0-16,2018,9
44047,16-64,2018,98
44047,65-100,2018,136
44047,0-16,2019,8
44047,16-64,2019,104
44047,65-100,2019,137
44047,0-16,2020,8
44047,16-64,2020,103
44047,65-100,2020,100
44047,0-16,2021,11
44047,16-64,2021,101
44047,65-100,2021,95
44047,0-16,2022,21
44047,16-64,2022,152
44047,65-100,2022,105
44048,0-16,2003,16
44048,16-64,2003,65
44048,65-100,2003,30
44048,0-16,2004,15
44048,16-64,2004,77
44048,65-100,2004,27
44048,0-16,2005,15
44048,16-64,2005,72
44048,65-100,2005,28
44048,0-16,2006,13
44048,16-64,2006,64
44048,65-100,2006,33
44048,0-16,2007,13
44048,16-64,2007,74
44048,65-100,2007,35
44048,0-16,2008,11
44048,16-64,2008,63
44048,65-100,2008,31
44048,0-16,2009,8
44048,16-64,2009,55
44048,65-100,2009,26
44048,0-16,2010,6
44048,16-64,2010,56
44048,65-100,2010,26
44048,0-16,2011,5
44048,16-64,2011,55
44048,65-100,2011,27
44048,0-16,2012,3
44048,16-64,2012,48
44048,65-100,2012,28
44048,0-16,2013,2
44048,16-64,2013,37
44048,65-100,2013,27
44048,0-16,2014,3
44048,16-64,2014,42
44048,65-100,2014,25
44048,0-16,2015,2
44048,16-64,2015,44
44048,65-100,2015,27
44048,0-16,2016,1
44048,16-64,2016,43
44048,65-100,2016,24
44048,0-16,2017,1
44048,16-64,2017,43
44048,65-100,2017,20
44048,0-16,2018,0
44048,16-64,2018,39
44048,65-100,2018,16
44048,0-16,2019,0
44048,16-64,2019,40
44048,65-100,2019,14
44048,0-16,2020,0
44048,16-64,2020,36
44048,65-100,2020,15
44048,0-16,2021,1
44048,16-64,2021,53
44048,65-100,2021,14
44048,0-16,2022,2
44048,16-64,2022,49
44048,65-100,2022,18
44049,0-16,2003,127
44049,16-64,2003,670
44049,65-100,2003,361
44049,0-16,2004,130
44049,16-64,2004,661
44049,65-100,2004,354
44049,0-16,2005,129
44049,16-64,2005,671
44049,65-100,2005,347
44049,0-16,2006,121
44049,16-64,2006,677
44049,65-100,2006,345
44049,0-16,2007,117
44049,16-64,2007,668
44049,65-100,2007,341
44049,0-16,2008,120
44049,16-64,2008,680
44049,65-100,2008,332
44049,0-16,2009,117
44049,16-64,2009,681
44049,65-100,2009,333
44049,0-16,2010,123
44049,16-64,2010,685
44049,65-100,2010,337
44049,0-16,2011,125
44049,16-64,2011,686
44049,65-100,2011,332
44049,0-16,2012,121
44049,16-64,2012,657
44049,65-100,2012,327
44049,0-16,2013,124
44049,16-64,2013,644
44049,65-100,2013,338
44049,0-16,2014,113
44049,16-64,2014,631
44049,65-100,2014,332
44049,0-16,2015,105
44049,16-64,2015,611
44049,65-100,2015,336
44049,0-16,2016,109
44049,16-64,2016,591
44049,65-100,2016,339
44049,0-16,2017,114
44049,16-64,2017,578
44049,65-100,2017,346
44049,0-16,2018,111
44049,16-64,2018,559
44049,65-100,2018,341
44049,0-16,2019,108
44049,16-64,2019,542
44049,65-100,2019,344
44049,0-16,2020,109
44049,16-64,2020,533
44049,65-100,2020,336
44049,0-16,2021,119
44049,16-64,2021,532
44049,65-100,2021,331
44049,0-16,2022,130
44049,16-64,2022,537
44049,65-100,2022,326
44050,0-16,2003,600
44050,16-64,2003,2565
44050,65-100,2003,1033
44050,0-16,2004,605
44050,16-64,2004,2640
44050,65-100,2004,1011
44050,0-16,2005,624
44050,16-64,2005,2733
44050,65-100,2005,1032
44050,0-16,2006,645
44050,16-64,2006,2803
44050,65-100,2006,1025
44050,0-16,2007,659
44050,16-64,2007,2906
44050,65-100,2007,998
44050,0-16,2008,708
44050,16-64,2008,3053
44050,65-100,2008,991
44050,0-16,2009,747
44050,16-64,2009,3063
44050,65-100,2009,966
44050,0-16,2010,756
44050,16-64,2010,2927
44050,65-100,2010,966
44050,0-16,2011,746
44050,16-64,2011,2927
44050,65-100,2011,955
44050,0-16,2012,725
44050,16-64,2012,2929
44050,65-100,2012,925
44050,0-16,2013,725
44050,16-64,2013,2857
44050,65-100,2013,933
44050,0-16,2014,708
44050,16-64,2014,2824
44050,65-100,2014,937
44050,0-16,2015,709
44050,16-64,2015,2786
44050,65-100,2015,922
44050,0-16,2016,690
44050,16-64,2016,2770
44050,65-100,2016,908
44050,0-16,2017,696
44050,16-64,2017,2757
44050,65-100,2017,900
44050,0-16,2018,686
44050,16-64,2018,2730
44050,65-100,2018,903
44050,0-16,2019,680
44050,16-64,2019,2742
44050,65-100,2019,917
44050,0-16,2020,701
44050,16-64,2020,2815
44050,65-100,2020,913
44050,0-16,2021,713
44050,16-64,2021,2865
44050,65-100,2021,895
44050,0-16,2022,700
44050,16-64,2022,2879
44050,65-100,2022,906
44051,0-16,2003,524
44051,16-64,2003,2231
44051,65-100,2003,810
44051,0-16,2004,509
44051,16-64,2004,2269
44051,65-100,2004,820
44051,0-16,2005,501
44051,16-64,2005,2335
44051,65-100,2005,808
44051,0-16,2006,493
44051,16-64,2006,2414
44051,65-100,2006,802
44051,0-16,2007,487
44051,16-64,2007,2469
44051,65-100,2007,781
44051,0-16,2008,496
44051,16-64,2008,2525
44051,65-100,2008,804
44051,0-16,2009,518
44051,16-64,2009,2579
44051,65-100,2009,802
44051,0-16,2010,536
44051,16-64,2010,2657
44051,65-100,2010,811
44051,0-16,2011,531
44051,16-64,2011,2673
44051,65-100,2011,800
44051,0-16,2012,533
44051,16-64,2012,2626
44051,65-100,2012,797
44051,0-16,2013,525
44051,16-64,2013,2622
44051,65-100,2013,802
44051,0-16,2014,534
44051,16-64,2014,2574
44051,65-100,2014,812
44051,0-16,2015,528
44051,16-64,2015,2552
44051,65-100,2015,813
44051,0-16,2016,522
44051,16-64,2016,2518
44051,65-100,2016,806
44051,0-16,2017,491
44051,16-64,2017,2442
44051,65-100,2017,796
44051,0-16,2018,479
44051,16-64,2018,2429
44051,65-100,2018,800
44051,0-16,2019,473
44051,16-64,2019,2460
44051,65-100,2019,815
44051,0-16,2020,507
44051,16-64,2020,2500
44051,65-100,2020,815
44051,0-16,2021,513
44051,16-64,2021,2428
44051,65-100,2021,812
44051,0-16,2022,527
44051,16-64,2022,2410
44051,65-100,2022,818
44052,0-16,2003,3
44052,16-64,2003,37
44052,65-100,2003,33
44052,0-16,2004,0
44052,16-64,2004,39
44052,65-100,2004,34
44052,0-16,2005,0
44052,16-64,2005,40
44052,65-100,2005,33
44052,0-16,2006,0
44052,16-64,2006,43
44052,65-100,2006,35
44052,0-16,2007,0
44052,16-64,2007,51
44052,65-100,2007,39
44052,0-16,2008,0
44052,16-64,2008,57
44052,65-100,2008,39
44052,0-16,2009,0
44052,16-64,2009,53
44052,65-100,2009,39
44052,0-16,2010,0
44052,16-64,2010,45
44052,65-100,2010,39
44052,0-16,2011,1
44052,16-64,2011,65
44052,65-100,2011,37
44052,0-16,2012,0
44052,16-64,2012,52
44052,65-100,2012,38
44052,0-16,2013,1
44052,16-64,2013,46
44052,65-100,2013,37
44052,0-16,2014,3
44052,16-64,2014,46
44052,65-100,2014,39
44052,0-16,2015,1
44052,16-64,2015,47
44052,65-100,2015,39
44052,0-16,2016,0
44052,16-64,2016,44
44052,65-100,2016,36
44052,0-16,2017,0
44052,16-64,2017,45
44052,65-100,2017,33
44052,0-16,2018,0
44052,16-64,2018,42
44052,65-100,2018,32
44052,0-16,2019,1
44052,16-64,2019,42
44052,65-100,2019,32
44052,0-16,2020,1
44052,16-64,2020,41
44052,65-100,2020,32
44052,0-16,2021,3
44052,16-64,2021,46
44052,65-100,2021,29
44052,0-16,2022,3
44052,16-64,2022,47
44052,65-100,2022,27
44053,0-16,2003,20
44053,16-64,2003,73
44053,65-100,2003,55
44053,0-16,2004,20
44053,16-64,2004,77
44053,65-100,2004,53
44053,0-16,2005,14
44053,16-64,2005,75
44053,65-100,2005,49
44053,0-16,2006,10
44053,16-64,2006,70
44053,65-100,2006,50
44053,0-16,2007,8
44053,16-64,2007,67
44053,65-100,2007,49
44053,0-16,2008,8
44053,16-64,2008,62
44053,65-100,2008,46
44053,0-16,2009,8
44053,16-64,2009,62
44053,65-100,2009,47
44053,0-16,2010,12
44053,16-64,2010,64
44053,65-100,2010,49
44053,0-16,2011,11
44053,16-64,2011,68
44053,65-100,2011,46
44053,0-16,2012,16
44053,16-64,2012,72
44053,65-100,2012,47
44053,0-16,2013,13
44053,16-64,2013,68
44053,65-100,2013,46
44053,0-16,2014,16
44053,16-64,2014,66
44053,65-100,2014,46
44053,0-16,2015,16
44053,16-64,2015,65
44053,65-100,2015,44
44053,0-16,2016,20
44053,16-64,2016,66
44053,65-100,2016,44
44053,0-16,2017,21
44053,16-64,2017,66
44053,65-100,2017,42
44053,0-16,2018,17
44053,16-64,2018,69
44053,65-100,2018,38
44053,0-16,2019,17
44053,16-64,2019,77
44053,65-100,2019,40
44053,0-16,2020,16
44053,16-64,2020,77
44053,65-100,2020,40
44053,0-16,2021,20
44053,16-64,2021,81
44053,65-100,2021,39
44053,0-16,2022,19
44053,16-64,2022,75
44053,65-100,2022,43
44054,0-16,2003,16
44054,16-64,2003,105
44054,65-100,2003,45
44054,0-16,2004,16
44054,16-64,2004,108
44054,65-100,2004,42
44054,0-16,2005,13
44054,16-64,2005,105
44054,65-100,2005,41
44054,0-16,2006,10
44054,16-64,2006,109
44054,65-100,2006,41
44054,0-16,2007,7
44054,16-64,2007,118
44054,65-100,2007,42
44054,0-16,2008,6
44054,16-64,2008,116
44054,65-100,2008,41
44054,0-16,2009,8
44054,16-64,2009,115
44054,65-100,2009,44
44054,0-16,2010,18
44054,16-64,2010,108
44054,65-100,2010,39
44054,0-16,2011,16
44054,16-64,2011,104
44054,65-100,2011,39
44054,0-16,2012,10
44054,16-64,2012,99
44054,65-100,2012,36
44054,0-16,2013,12
44054,16-64,2013,95
44054,65-100,2013,31
44054,0-16,2014,13
44054,16-64,2014,93
44054,65-100,2014,31
44054,0-16,2015,11
44054,16-64,2015,83
44054,65-100,2015,29
44054,0-16,2016,14
44054,16-64,2016,83
44054,65-100,2016,30
44054,0-16,2017,12
44054,16-64,2017,74
44054,65-100,2017,30
44054,0-16,2018,10
44054,16-64,2018,74
44054,65-100,2018,29
44054,0-16,2019,8
44054,16-64,2019,68
44054,65-100,2019,29
44054,0-16,2020,12
44054,16-64,2020,68
44054,65-100,2020,27
44054,0-16,2021,15
44054,16-64,2021,72
44054,65-100,2021,29
44054,0-16,2022,15
44054,16-64,2022,78
44054,65-100,2022,30
44055,0-16,2003,3
44055,16-64,2003,68
44055,65-100,2003,32
44055,0-16,2004,3
44055,16-64,2004,67
44055,65-100,2004,32
44055,0-16,2005,6
44055,16-64,2005,69
44055,65-100,2005,32
44055,0-16,2006,7
44055,16-64,2006,70
44055,65-100,2006,32
44055,0-16,2007,8
44055,16-64,2007,67
44055,65-100,2007,32
44055,0-16,2008,6
44055,16-64,2008,80
44055,65-100,2008,35
44055,0-16,2009,6
44055,16-64,2009,73
44055,65-100,2009,33
44055,0-16,2010,14
44055,16-64,2010,70
44055,65-100,2010,35
44055,0-16,2011,17
44055,16-64,2011,79
44055,65-100,2011,34
44055,0-16,2012,12
44055,16-64,2012,72
44055,65-100,2012,33
44055,0-16,2013,13
44055,16-64,2013,66
44055,65-100,2013,31
44055,0-16,2014,12
44055,16-64,2014,62
44055,65-100,2014,29
44055,0-16,2015,12
44055,16-64,2015,60
44055,65-100,2015,27
44055,0-16,2016,12
44055,16-64,2016,53
44055,65-100,2016,29
44055,0-16,2017,8
44055,16-64,2017,52
44055,65-100,2017,29
44055,0-16,2018,8
44055,16-64,2018,50
44055,65-100,2018,28
44055,0-16,2019,10
44055,16-64,2019,66
44055,65-100,2019,24
44055,0-16,2020,11
44055,16-64,2020,59
44055,65-100,2020,22
44055,0-16,2021,7
44055,16-64,2021,55
44055,65-100,2021,20
44055,0-16,2022,7
44055,16-64,2022,56
44055,65-100,2022,21
44056,0-16,2003,70
44056,16-64,2003,417
44056,65-100,2003,274
44056,0-16,2004,73
44056,16-64,2004,414
44056,65-100,2004,273
44056,0-16,2005,66
44056,16-64,2005,421
44056,65-100,2005,268
44056,0-16,2006,65
44056,16-64,2006,425
44056,65-100,2006,261
44056,0-16,2007,67
44056,16-64,2007,432
44056,65-100,2007,257
44056,0-16,2008,70
44056,16-64,2008,468
44056,65-100,2008,250
44056,0-16,2009,64
44056,16-64,2009,464
44056,65-100,2009,237
44056,0-16,2010,79
44056,16-64,2010,441
44056,65-100,2010,238
44056,0-16,2011,71
44056,16-64,2011,415
44056,65-100,2011,232
44056,0-16,2012,84
44056,16-64,2012,414
44056,65-100,2012,237
44056,0-16,2013,84
44056,16-64,2013,405
44056,65-100,2013,235
44056,0-16,2014,63
44056,16-64,2014,390
44056,65-100,2014,231
44056,0-16,2015,63
44056,16-64,2015,379
44056,65-100,2015,217
44056,0-16,2016,61
44056,16-64,2016,365
44056,65-100,2016,211
44056,0-16,2017,62
44056,16-64,2017,352
44056,65-100,2017,202
44056,0-16,2018,66
44056,16-64,2018,356
44056,65-100,2018,197
44056,0-16,2019,70
44056,16-64,2019,353
44056,65-100,2019,197
44056,0-16,2020,77
44056,16-64,2020,352
44056,65-100,2020,186
44056,0-16,2021,82
44056,16-64,2021,368
44056,65-100,2021,184
44056,0-16,2022,76
44056,16-64,2022,363
44056,65-100,2022,186
44059,0-16,2003,104
44059,16-64,2003,455
44059,65-100,2003,163
44059,0-16,2004,104
44059,16-64,2004,477
44059,65-100,2004,159
44059,0-16,2005,100
44059,16-64,2005,493
44059,65-100,2005,154
44059,0-16,2006,100
44059,16-64,2006,483
44059,65-100,2006,165
44059,0-16,2007,93
44059,16-64,2007,479
44059,65-100,2007,155
44059,0-16,2008,96
44059,16-64,2008,478
44059,65-100,2008,161
44059,0-16,2009,100
44059,16-64,2009,496
44059,65-100,2009,162
44059,0-16,2010,97
44059,16-64,2010,489
44059,65-100,2010,162
44059,0-16,2011,104
44059,16-64,2011,498
44059,65-100,2011,155
44059,0-16,2012,104
44059,16-64,2012,481
44059,65-100,2012,160
44059,0-16,2013,107
44059,16-64,2013,463
44059,65-100,2013,154
44059,0-16,2014,114
44059,16-64,2014,459
44059,65-100,2014,151
44059,0-16,2015,124
44059,16-64,2015,463
44059,65-100,2015,154
44059,0-16,2016,112
44059,16-64,2016,445
44059,65-100,2016,155
44059,0-16,2017,110
44059,16-64,2017,447
44059,65-100,2017,160
44059,0-16,2018,106
44059,16-64,2018,438
44059,65-100,2018,170
44059,0-16,2019,103
44059,16-64,2019,429
44059,65-100,2019,177
44059,0-16,2020,103
44059,16-64,2020,447
44059,65-100,2020,179
44059,0-16,2021,105
44059,16-64,2021,445
44059,65-100,2021,184
44059,0-16,2022,99
44059,16-64,2022,430
44059,65-100,2022,178
44060,0-16,2003,8
44060,16-64,2003,31
44060,65-100,2003,21
44060,0-16,2004,10
44060,16-64,2004,34
44060,65-100,2004,20
44060,0-16,2005,7
44060,16-64,2005,33
44060,65-100,2005,19
44060,0-16,2006,6
44060,16-64,2006,29
44060,65-100,2006,15
44060,0-16,2007,6
44060,16-64,2007,24
44060,65-100,2007,19
44060,0-16,2008,5
44060,16-64,2008,27
44060,65-100,2008,19
44060,0-16,2009,3
44060,16-64,2009,25
44060,65-100,2009,20
44060,0-16,2010,1
44060,16-64,2010,23
44060,65-100,2010,18
44060,0-16,2011,1
44060,16-64,2011,22
44060,65-100,2011,18
44060,0-16,2012,1
44060,16-64,2012,21
44060,65-100,2012,17
44060,0-16,2013,1
44060,16-64,2013,22
44060,65-100,2013,15
44060,0-16,2014,1
44060,16-64,2014,24
44060,65-100,2014,16
44060,0-16,2015,0
44060,16-64,2015,26
44060,65-100,2015,15
44060,0-16,2016,0
44060,16-64,2016,26
44060,65-100,2016,15
44060,0-16,2017,0
44060,16-64,2017,25
44060,65-100,2017,17
44060,0-16,2018,0
44060,16-64,2018,23
44060,65-100,2018,16
44060,0-16,2019,0
44060,16-64,2019,21
44060,65-100,2019,15
44060,0-16,2020,1
44060,16-64,2020,19
44060,65-100,2020,13
44060,0-16,2021,1
44060,16-64,2021,19
44060,65-100,2021,14
44060,0-16,2022,2
44060,16-64,2022,19
44060,65-100,2022,14
44061,0-16,2003,16
44061,16-64,2003,44
44061,65-100,2003,46
44061,0-16,2004,10
44061,16-64,2004,45
44061,65-100,2004,48
44061,0-16,2005,13
44061,16-64,2005,47
44061,65-100,2005,49
44061,0-16,2006,12
44061,16-64,2006,44
44061,65-100,2006,48
44061,0-16,2007,10
44061,16-64,2007,53
44061,65-100,2007,45
44061,0-16,2008,13
44061,16-64,2008,51
44061,65-100,2008,45
44061,0-16,2009,12
44061,16-64,2009,49
44061,65-100,2009,47
44061,0-16,2010,13
44061,16-64,2010,51
44061,65-100,2010,47
44061,0-16,2011,13
44061,16-64,2011,53
44061,65-100,2011,46
44061,0-16,2012,15
44061,16-64,2012,52
44061,65-100,2012,39
44061,0-16,2013,14
44061,16-64,2013,45
44061,65-100,2013,35
44061,0-16,2014,16
44061,16-64,2014,51
44061,65-100,2014,35
44061,0-16,2015,17
44061,16-64,2015,51
44061,65-100,2015,34
44061,0-16,2016,15
44061,16-64,2016,49
44061,65-100,2016,30
44061,0-16,2017,9
44061,16-64,2017,49
44061,65-100,2017,27
44061,0-16,2018,7
44061,16-64,2018,52
44061,65-100,2018,28
44061,0-16,2019,6
44061,16-64,2019,54
44061,65-100,2019,29
44061,0-16,2020,6
44061,16-64,2020,55
44061,65-100,2020,31
44061,0-16,2021,7
44061,16-64,2021,61
44061,65-100,2021,33
44061,0-16,2022,6
44061,16-64,2022,59
44061,65-100,2022,32
44062,0-16,2003,2
44062,16-64,2003,34
44062,65-100,2003,16
44062,0-16,2004,1
44062,16-64,2004,35
44062,65-100,2004,15
44062,0-16,2005,0
44062,16-64,2005,29
44062,65-100,2005,16
44062,0-16,2006,0
44062,16-64,2006,30
44062,65-100,2006,16
44062,0-16,2007,0
44062,16-64,2007,30
44062,65-100,2007,15
44062,0-16,2008,0
44062,16-64,2008,30
44062,65-100,2008,14
44062,0-16,2009,0
44062,16-64,2009,30
44062,65-100,2009,14
44062,0-16,2010,0
44062,16-64,2010,25
44062,65-100,2010,17
44062,0-16,2011,0
44062,16-64,2011,24
44062,65-100,2011,16
44062,0-16,2012,0
44062,16-64,2012,20
44062,65-100,2012,18
44062,0-16,2013,0
44062,16-64,2013,18
44062,65-100,2013,20
44062,0-16,2014,0
44062,16-64,2014,17
44062,65-100,2014,20
44062,0-16,2015,0
44062,16-64,2015,17
44062,65-100,2015,19
44062,0-16,2016,0
44062,16-64,2016,16
44062,65-100,2016,19
44062,0-16,2017,0
44062,16-64,2017,17
44062,65-100,2017,18
44062,0-16,2018,0
44062,16-64,2018,17
44062,65-100,2018,18
44062,0-16,2019,0
44062,16-64,2019,15
44062,65-100,2019,16
44062,0-16,2020,0
44062,16-64,2020,19
44062,65-100,2020,17
44062,0-16,2021,1
44062,16-64,2021,19
44062,65-100,2021,17
44062,0-16,2022,1
44062,16-64,2022,20
44062,65-100,2022,17
44063,0-16,2003,13
44063,16-64,2003,69
44063,65-100,2003,35
44063,0-16,2004,14
44063,16-64,2004,65
44063,65-100,2004,34
44063,0-16,2005,14
44063,16-64,2005,65
44063,65-100,2005,28
44063,0-16,2006,12
44063,16-64,2006,67
44063,65-100,2006,27
44063,0-16,2007,12
44063,16-64,2007,74
44063,65-100,2007,26
44063,0-16,2008,13
44063,16-64,2008,73
44063,65-100,2008,20
44063,0-16,2009,13
44063,16-64,2009,85
44063,65-100,2009,19
44063,0-16,2010,11
44063,16-64,2010,79
44063,65-100,2010,19
44063,0-16,2011,12
44063,16-64,2011,77
44063,65-100,2011,17
44063,0-16,2012,13
44063,16-64,2012,79
44063,65-100,2012,18
44063,0-16,2013,12
44063,16-64,2013,67
44063,65-100,2013,19
44063,0-16,2014,12
44063,16-64,2014,68
44063,65-100,2014,19
44063,0-16,2015,14
44063,16-64,2015,69
44063,65-100,2015,20
44063,0-16,2016,13
44063,16-64,2016,61
44063,65-100,2016,20
44063,0-16,2017,15
44063,16-64,2017,57
44063,65-100,2017,21
44063,0-16,2018,17
44063,16-64,2018,59
44063,65-100,2018,22
44063,0-16,2019,18
44063,16-64,2019,59
44063,65-100,2019,23
44063,0-16,2020,16
44063,16-64,2020,62
44063,65-100,2020,22
44063,0-16,2021,18
44063,16-64,2021,63
44063,65-100,2021,24
44063,0-16,2022,16
44063,16-64,2022,62
44063,65-100,2022,25
44064,0-16,2003,3
44064,16-64,2003,59
44064,65-100,2003,52
44064,0-16,2004,3
44064,16-64,2004,53
44064,65-100,2004,47
44064,0-16,2005,4
44064,16-64,2005,60
44064,65-100,2005,42
44064,0-16,2006,3
44064,16-64,2006,51
44064,65-100,2006,43
44064,0-16,2007,3
44064,16-64,2007,53
44064,65-100,2007,40
44064,0-16,2008,3
44064,16-64,2008,49
44064,65-100,2008,39
44064,0-16,2009,3
44064,16-64,2009,43
44064,65-100,2009,34
44064,0-16,2010,1
44064,16-64,2010,43
44064,65-100,2010,35
44064,0-16,2011,3
44064,16-64,2011,56
44064,65-100,2011,43
44064,0-16,2012,1
44064,16-64,2012,49
44064,65-100,2012,41
44064,0-16,2013,1
44064,16-64,2013,39
44064,65-100,2013,40
44064,0-16,2014,1
44064,16-64,2014,42
44064,65-100,2014,39
44064,0-16,2015,3
44064,16-64,2015,35
44064,65-100,2015,42
44064,0-16,2016,2
44064,16-64,2016,32
44064,65-100,2016,40
44064,0-16,2017,3
44064,16-64,2017,36
44064,65-100,2017,34
44064,0-16,2018,3
44064,16-64,2018,34
44064,65-100,2018,34
44064,0-16,2019,1
44064,16-64,2019,32
44064,65-100,2019,34
44064,0-16,2020,2
44064,16-64,2020,31
44064,65-100,2020,34
44064,0-16,2021,2
44064,16-64,2021,35
44064,65-100,2021,32
44064,0-16,2022,3
44064,16-64,2022,32
44064,65-100,2022,31
44065,0-16,2003,3
44065,16-64,2003,52
44065,65-100,2003,36
44065,0-16,2004,4
44065,16-64,2004,52
44065,65-100,2004,35
44065,0-16,2005,4
44065,16-64,2005,48
44065,65-100,2005,33
44065,0-16,2006,4
44065,16-64,2006,38
44065,65-100,2006,32
44065,0-16,2007,4
44065,16-64,2007,35
44065,65-100,2007,34
44065,0-16,2008,3
44065,16-64,2008,33
44065,65-100,2008,31
44065,0-16,2009,2
44065,16-64,2009,36
44065,65-100,2009,31
44065,0-16,2010,3
44065,16-64,2010,35
44065,65-100,2010,32
44065,0-16,2011,3
44065,16-64,2011,36
44065,65-100,2011,29
44065,0-16,2012,3
44065,16-64,2012,34
44065,65-100,2012,27
44065,0-16,2013,4
44065,16-64,2013,34
44065,65-100,2013,28
44065,0-16,2014,1
44065,16-64,2014,32
44065,65-100,2014,30
44065,0-16,2015,0
44065,16-64,2015,26
44065,65-100,2015,34
44065,0-16,2016,1
44065,16-64,2016,25
44065,65-100,2016,36
44065,0-16,2017,1
44065,16-64,2017,24
44065,65-100,2017,37
44065,0-16,2018,1
44065,16-64,2018,25
44065,65-100,2018,36
44065,0-16,2019,2
44065,16-64,2019,24
44065,65-100,2019,34
44065,0-16,2020,2
44065,16-64,2020,23
44065,65-100,2020,30
44065,0-16,2021,2
44065,16-64,2021,23
44065,65-100,2021,27
44065,0-16,2022,2
44065,16-64,2022,21
44065,65-100,2022,30
44066,0-16,2003,18
44066,16-64,2003,78
44066,65-100,2003,61
44066,0-16,2004,14
44066,16-64,2004,74
44066,65-100,2004,61
44066,0-16,2005,13
44066,16-64,2005,67
44066,65-100,2005,60
44066,0-16,2006,15
44066,16-64,2006,66
44066,65-100,2006,60
44066,0-16,2007,16
44066,16-64,2007,72
44066,65-100,2007,63
44066,0-16,2008,13
44066,16-64,2008,72
44066,65-100,2008,62
44066,0-16,2009,14
44066,16-64,2009,70
44066,65-100,2009,59
44066,0-16,2010,13
44066,16-64,2010,68
44066,65-100,2010,59
44066,0-16,2011,14
44066,16-64,2011,69
44066,65-100,2011,57
44066,0-16,2012,14
44066,16-64,2012,67
44066,65-100,2012,57
44066,0-16,2013,14
44066,16-64,2013,63
44066,65-100,2013,54
44066,0-16,2014,11
44066,16-64,2014,61
44066,65-100,2014,56
44066,0-16,2015,10
44066,16-64,2015,61
44066,65-100,2015,51
44066,0-16,2016,9
44066,16-64,2016,63
44066,65-100,2016,48
44066,0-16,2017,9
44066,16-64,2017,60
44066,65-100,2017,43
44066,0-16,2018,9
44066,16-64,2018,57
44066,65-100,2018,38
44066,0-16,2019,8
44066,16-64,2019,54
44066,65-100,2019,34
44066,0-16,2020,8
44066,16-64,2020,53
44066,65-100,2020,32
44066,0-16,2021,8
44066,16-64,2021,52
44066,65-100,2021,35
44066,0-16,2022,8
44066,16-64,2022,53
44066,65-100,2022,34
44067,0-16,2003,4
44067,16-64,2003,55
44067,65-100,2003,48
44067,0-16,2004,5
44067,16-64,2004,58
44067,65-100,2004,46
44067,0-16,2005,5
44067,16-64,2005,66
44067,65-100,2005,49
44067,0-16,2006,5
44067,16-64,2006,69
44067,65-100,2006,48
44067,0-16,2007,6
44067,16-64,2007,69
44067,65-100,2007,48
44067,0-16,2008,4
44067,16-64,2008,63
44067,65-100,2008,45
44067,0-16,2009,7
44067,16-64,2009,62
44067,65-100,2009,40
44067,0-16,2010,12
44067,16-64,2010,68
44067,65-100,2010,40
44067,0-16,2011,15
44067,16-64,2011,66
44067,65-100,2011,39
44067,0-16,2012,35
44067,16-64,2012,103
44067,65-100,2012,39
44067,0-16,2013,27
44067,16-64,2013,88
44067,65-100,2013,37
44067,0-16,2014,20
44067,16-64,2014,83
44067,65-100,2014,37
44067,0-16,2015,19
44067,16-64,2015,86
44067,65-100,2015,37
44067,0-16,2016,20
44067,16-64,2016,84
44067,65-100,2016,33
44067,0-16,2017,24
44067,16-64,2017,90
44067,65-100,2017,32
44067,0-16,2018,29
44067,16-64,2018,96
44067,65-100,2018,35
44067,0-16,2019,20
44067,16-64,2019,85
44067,65-100,2019,36
44067,0-16,2020,18
44067,16-64,2020,82
44067,65-100,2020,34
44067,0-16,2021,15
44067,16-64,2021,72
44067,65-100,2021,33
44067,0-16,2022,18
44067,16-64,2022,64
44067,65-100,2022,31
44068,0-16,2003,93
44068,16-64,2003,482
44068,65-100,2003,256
44068,0-16,2004,92
44068,16-64,2004,473
44068,65-100,2004,253
44068,0-16,2005,95
44068,16-64,2005,492
44068,65-100,2005,240
44068,0-16,2006,94
44068,16-64,2006,490
44068,65-100,2006,244
44068,0-16,2007,107
44068,16-64,2007,494
44068,65-100,2007,238
44068,0-16,2008,103
44068,16-64,2008,505
44068,65-100,2008,231
44068,0-16,2009,102
44068,16-64,2009,493
44068,65-100,2009,233
44068,0-16,2010,103
44068,16-64,2010,495
44068,65-100,2010,233
44068,0-16,2011,103
44068,16-64,2011,499
44068,65-100,2011,230
44068,0-16,2012,108
44068,16-64,2012,490
44068,65-100,2012,236
44068,0-16,2013,112
44068,16-64,2013,480
44068,65-100,2013,241
44068,0-16,2014,117
44068,16-64,2014,474
44068,65-100,2014,239
44068,0-16,2015,129
44068,16-64,2015,463
44068,65-100,2015,248
44068,0-16,2016,125
44068,16-64,2016,461
44068,65-100,2016,241
44068,0-16,2017,118
44068,16-64,2017,468
44068,65-100,2017,237
44068,0-16,2018,132
44068,16-64,2018,464
44068,65-100,2018,235
44068,0-16,2019,129
44068,16-64,2019,454
44068,65-100,2019,232
44068,0-16,2020,127
44068,16-64,2020,448
44068,65-100,2020,225
44068,0-16,2021,116
44068,16-64,2021,447
44068,65-100,2021,226
44068,0-16,2022,110
44068,16-64,2022,447
44068,65-100,2022,236
44070,0-16,2003,7
44070,16-64,2003,48
44070,65-100,2003,32
44070,0-16,2004,7
44070,16-64,2004,41
44070,65-100,2004,33
44070,0-16,2005,6
44070,16-64,2005,38
44070,65-100,2005,33
44070,0-16,2006,7
44070,16-64,2006,40
44070,65-100,2006,33
44070,0-16,2007,5
44070,16-64,2007,39
44070,65-100,2007,32
44070,0-16,2008,4
44070,16-64,2008,41
44070,65-100,2008,30
44070,0-16,2009,3
44070,16-64,2009,43
44070,65-100,2009,30
44070,0-16,2010,3
44070,16-64,2010,38
44070,65-100,2010,27
44070,0-16,2011,3
44070,16-64,2011,38
44070,65-100,2011,28
44070,0-16,2012,2
44070,16-64,2012,35
44070,65-100,2012,27
44070,0-16,2013,2
44070,16-64,2013,34
44070,65-100,2013,26
44070,0-16,2014,1
44070,16-64,2014,34
44070,65-100,2014,25
44070,0-16,2015,1
44070,16-64,2015,33
44070,65-100,2015,24
44070,0-16,2016,2
44070,16-64,2016,29
44070,65-100,2016,25
44070,0-16,2017,0
44070,16-64,2017,31
44070,65-100,2017,23
44070,0-16,2018,0
44070,16-64,2018,29
44070,65-100,2018,23
44070,0-16,2019,0
44070,16-64,2019,35
44070,65-100,2019,23
44070,0-16,2020,0
44070,16-64,2020,32
44070,65-100,2020,23
44070,0-16,2021,0
44070,16-64,2021,32
44070,65-100,2021,24
44070,0-16,2022,0
44070,16-64,2022,30
44070,65-100,2022,25
44071,0-16,2003,94
44071,16-64,2003,459
44071,65-100,2003,252
44071,0-16,2004,92
44071,16-64,2004,457
44071,65-100,2004,245
44071,0-16,2005,85
44071,16-64,2005,456
44071,65-100,2005,246
44071,0-16,2006,88
44071,16-64,2006,474
44071,65-100,2006,255
44071,0-16,2007,90
44071,16-64,2007,480
44071,65-100,2007,249
44071,0-16,2008,95
44071,16-64,2008,494
44071,65-100,2008,243
44071,0-16,2009,89
44071,16-64,2009,481
44071,65-100,2009,254
44071,0-16,2010,82
44071,16-64,2010,470
44071,65-100,2010,252
44071,0-16,2011,78
44071,16-64,2011,469
44071,65-100,2011,258
44071,0-16,2012,79
44071,16-64,2012,465
44071,65-100,2012,250
44071,0-16,2013,73
44071,16-64,2013,464
44071,65-100,2013,245
44071,0-16,2014,66
44071,16-64,2014,450
44071,65-100,2014,238
44071,0-16,2015,57
44071,16-64,2015,441
44071,65-100,2015,230
44071,0-16,2016,51
44071,16-64,2016,432
44071,65-100,2016,223
44071,0-16,2017,54
44071,16-64,2017,414
44071,65-100,2017,220
44071,0-16,2018,50
44071,16-64,2018,407
44071,65-100,2018,219
44071,0-16,2019,53
44071,16-64,2019,404
44071,65-100,2019,224
44071,0-16,2020,51
44071,16-64,2020,404
44071,65-100,2020,221
44071,0-16,2021,53
44071,16-64,2021,405
44071,65-100,2021,229
44071,0-16,2022,50
44071,16-64,2022,398
44071,65-100,2022,229
44074,0-16,2003,57
44074,16-64,2003,308
44074,65-100,2003,152
44074,0-16,2004,57
44074,16-64,2004,318
44074,65-100,2004,142
44074,0-16,2005,63
44074,16-64,2005,343
44074,65-100,2005,136
44074,0-16,2006,61
44074,16-64,2006,354
44074,65-100,2006,132
44074,0-16,2007,65
44074,16-64,2007,373
44074,65-100,2007,131
44074,0-16,2008,82
44074,16-64,2008,390
44074,65-100,2008,129
44074,0-16,2009,83
44074,16-64,2009,395
44074,65-100,2009,134
44074,0-16,2010,87
44074,16-64,2010,397
44074,65-100,2010,139
44074,0-16,2011,85
44074,16-64,2011,400
44074,65-100,2011,135
44074,0-16,2012,92
44074,16-64,2012,402
44074,65-100,2012,137
44074,0-16,2013,92
44074,16-64,2013,397
44074,65-100,2013,141
44074,0-16,2014,87
44074,16-64,2014,394
44074,65-100,2014,138
44074,0-16,2015,92
44074,16-64,2015,391
44074,65-100,2015,136
44074,0-16,2016,93
44074,16-64,2016,390
44074,65-100,2016,136
44074,0-16,2017,90
44074,16-64,2017,385
44074,65-100,2017,136
44074,0-16,2018,96
44074,16-64,2018,389
44074,65-100,2018,145
44074,0-16,2019,107
44074,16-64,2019,413
44074,65-100,2019,144
44074,0-16,2020,100
44074,16-64,2020,393
44074,65-100,2020,146
44074,0-16,2021,95
44074,16-64,2021,381
44074,65-100,2021,133
44074,0-16,2022,95
44074,16-64,2022,399
44074,65-100,2022,140
44075,0-16,2003,43
44075,16-64,2003,239
44075,65-100,2003,138
44075,0-16,2004,42
44075,16-64,2004,237
44075,65-100,2004,140
44075,0-16,2005,46
44075,16-64,2005,242
44075,65-100,2005,142
44075,0-16,2006,48
44075,16-64,2006,228
44075,65-100,2006,142
44075,0-16,2007,48
44075,16-64,2007,221
44075,65-100,2007,136
44075,0-16,2008,48
44075,16-64,2008,258
44075,65-100,2008,134
44075,0-16,2009,54
44075,16-64,2009,259
44075,65-100,2009,130
44075,0-16,2010,61
44075,16-64,2010,248
44075,65-100,2010,131
44075,0-16,2011,57
44075,16-64,2011,247
44075,65-100,2011,130
44075,0-16,2012,55
44075,16-64,2012,227
44075,65-100,2012,124
44075,0-16,2013,51
44075,16-64,2013,228
44075,65-100,2013,125
44075,0-16,2014,46
44075,16-64,2014,229
44075,65-100,2014,124
44075,0-16,2015,45
44075,16-64,2015,227
44075,65-100,2015,126
44075,0-16,2016,40
44075,16-64,2016,241
44075,65-100,2016,122
44075,0-16,2017,42
44075,16-64,2017,246
44075,65-100,2017,120
44075,0-16,2018,38
44075,16-64,2018,242
44075,65-100,2018,116
44075,0-16,2019,33
44075,16-64,2019,243
44075,65-100,2019,112
44075,0-16,2020,28
44075,16-64,2020,231
44075,65-100,2020,108
44075,0-16,2021,23
44075,16-64,2021,244
44075,65-100,2021,107
44075,0-16,2022,23
44075,16-64,2022,230
44075,65-100,2022,109
44076,0-16,2003,334
44076,16-64,2003,1708
44076,65-100,2003,763
44076,0-16,2004,329
44076,16-64,2004,1747
44076,65-100,2004,740
44076,0-16,2005,322
44076,16-64,2005,1824
44076,65-100,2005,750
44076,0-16,2006,324
44076,16-64,2006,1862
44076,65-100,2006,749
44076,0-16,2007,343
44076,16-64,2007,1917
44076,65-100,2007,742
44076,0-16,2008,371
44076,16-64,2008,2016
44076,65-100,2008,735
44076,0-16,2009,358
44076,16-64,2009,2015
44076,65-100,2009,739
44076,0-16,2010,334
44076,16-64,2010,1875
44076,65-100,2010,742
44076,0-16,2011,336
44076,16-64,2011,1813
44076,65-100,2011,756
44076,0-16,2012,344
44076,16-64,2012,1780
44076,65-100,2012,754
44076,0-16,2013,359
44076,16-64,2013,1778
44076,65-100,2013,749
44076,0-16,2014,339
44076,16-64,2014,1733
44076,65-100,2014,746
44076,0-16,2015,333
44076,16-64,2015,1693
44076,65-100,2015,750
44076,0-16,2016,321
44076,16-64,2016,1622
44076,65-100,2016,730
44076,0-16,2017,312
44076,16-64,2017,1597
44076,65-100,2017,731
44076,0-16,2018,316
44076,16-64,2018,1552
44076,65-100,2018,738
44076,0-16,2019,327
44076,16-64,2019,1514
44076,65-100,2019,733
44076,0-16,2020,331
44076,16-64,2020,1505
44076,65-100,2020,735
44076,0-16,2021,337
44076,16-64,2021,1533
44076,65-100,2021,708
44076,0-16,2022,344
44076,16-64,2022,1562
44076,65-100,2022,705
44077,0-16,2003,16
44077,16-64,2003,55
44077,65-100,2003,45
44077,0-16,2004,19
44077,16-64,2004,59
44077,65-100,2004,44
44077,0-16,2005,22
44077,16-64,2005,63
44077,65-100,2005,40
44077,0-16,2006,21
44077,16-64,2006,60
44077,65-100,2006,40
44077,0-16,2007,16
44077,16-64,2007,66
44077,65-100,2007,42
44077,0-16,2008,17
44077,16-64,2008,71
44077,65-100,2008,37
44077,0-16,2009,14
44077,16-64,2009,67
44077,65-100,2009,40
44077,0-16,2010,12
44077,16-64,2010,65
44077,65-100,2010,36
44077,0-16,2011,11
44077,16-64,2011,57
44077,65-100,2011,35
44077,0-16,2012,10
44077,16-64,2012,67
44077,65-100,2012,39
44077,0-16,2013,7
44077,16-64,2013,61
44077,65-100,2013,36
44077,0-16,2014,9
44077,16-64,2014,62
44077,65-100,2014,35
44077,0-16,2015,13
44077,16-64,2015,60
44077,65-100,2015,33
44077,0-16,2016,11
44077,16-64,2016,58
44077,65-100,2016,27
44077,0-16,2017,13
44077,16-64,2017,60
44077,65-100,2017,25
44077,0-16,2018,12
44077,16-64,2018,65
44077,65-100,2018,23
44077,0-16,2019,11
44077,16-64,2019,58
44077,65-100,2019,24
44077,0-16,2020,9
44077,16-64,2020,54
44077,65-100,2020,25
44077,0-16,2021,6
44077,16-64,2021,52
44077,65-100,2021,26
44077,0-16,2022,3
44077,16-64,2022,50
44077,65-100,2022,21
44080,0-16,2003,41
44080,16-64,2003,170
44080,65-100,2003,125
44080,0-16,2004,41
44080,16-64,2004,172
44080,65-100,2004,127
44080,0-16,2005,41
44080,16-64,2005,169
44080,65-100,2005,127
44080,0-16,2006,46
44080,16-64,2006,177
44080,65-100,2006,128
44080,0-16,2007,39
44080,16-64,2007,195
44080,65-100,2007,127
44080,0-16,2008,43
44080,16-64,2008,205
44080,65-100,2008,126
44080,0-16,2009,51
44080,16-64,2009,217
44080,65-100,2009,123
44080,0-16,2010,51
44080,16-64,2010,219
44080,65-100,2010,127
44080,0-16,2011,46
44080,16-64,2011,216
44080,65-100,2011,125
44080,0-16,2012,41
44080,16-64,2012,217
44080,65-100,2012,119
44080,0-16,2013,40
44080,16-64,2013,208
44080,65-100,2013,120
44080,0-16,2014,44
44080,16-64,2014,203
44080,65-100,2014,127
44080,0-16,2015,42
44080,16-64,2015,204
44080,65-100,2015,119
44080,0-16,2016,37
44080,16-64,2016,210
44080,65-100,2016,121
44080,0-16,2017,36
44080,16-64,2017,209
44080,65-100,2017,117
44080,0-16,2018,33
44080,16-64,2018,200
44080,65-100,2018,111
44080,0-16,2019,35
44080,16-64,2019,195
44080,65-100,2019,106
44080,0-16,2020,37
44080,16-64,2020,187
44080,65-100,2020,95
44080,0-16,2021,37
44080,16-64,2021,191
44080,65-100,2021,89
44080,0-16,2022,35
44080,16-64,2022,193
44080,65-100,2022,89
44082,0-16,2003,9
44082,16-64,2003,48
44082,65-100,2003,35
44082,0-16,2004,5
44082,16-64,2004,47
44082,65-100,2004,36
44082,0-16,2005,5
44082,16-64,2005,46
44082,65-100,2005,33
44082,0-16,2006,5
44082,16-64,2006,46
44082,65-100,2006,32
44082,0-16,2007,9
44082,16-64,2007,54
44082,65-100,2007,31
44082,0-16,2008,8
44082,16-64,2008,56
44082,65-100,2008,30
44082,0-16,2009,7
44082,16-64,2009,59
44082,65-100,2009,29
44082,0-16,2010,8
44082,16-64,2010,63
44082,65-100,2010,28
44082,0-16,2011,8
44082,16-64,2011,67
44082,65-100,2011,27
44082,0-16,2012,10
44082,16-64,2012,71
44082,65-100,2012,26
44082,0-16,2013,13
44082,16-64,2013,72
44082,65-100,2013,24
44082,0-16,2014,11
44082,16-64,2014,70
44082,65-100,2014,25
44082,0-16,2015,14
44082,16-64,2015,72
44082,65-100,2015,24
44082,0-16,2016,12
44082,16-64,2016,73
44082,65-100,2016,24
44082,0-16,2017,12
44082,16-64,2017,74
44082,65-100,2017,23
44082,0-16,2018,13
44082,16-64,2018,74
44082,65-100,2018,22
44082,0-16,2019,13
44082,16-64,2019,74
44082,65-100,2019,20
44082,0-16,2020,13
44082,16-64,2020,76
44082,65-100,2020,20
44082,0-16,2021,14
44082,16-64,2021,74
44082,65-100,2021,20
44082,0-16,2022,14
44082,16-64,2022,74
44082,65-100,2022,22
44084,0-16,2003,10
44084,16-64,2003,50
44084,65-100,2003,56
44084,0-16,2004,10
44084,16-64,2004,51
44084,65-100,2004,50
44084,0-16,2005,10
44084,16-64,2005,50
44084,65-100,2005,45
44084,0-16,2006,11
44084,16-64,2006,50
44084,65-100,2006,42
44084,0-16,2007,7
44084,16-64,2007,45
44084,65-100,2007,39
44084,0-16,2008,5
44084,16-64,2008,46
44084,65-100,2008,35
44084,0-16,2009,3
44084,16-64,2009,43
44084,65-100,2009,34
44084,0-16,2010,3
44084,16-64,2010,43
44084,65-100,2010,29
44084,0-16,2011,6
44084,16-64,2011,44
44084,65-100,2011,26
44084,0-16,2012,6
44084,16-64,2012,44
44084,65-100,2012,22
44084,0-16,2013,2
44084,16-64,2013,35
44084,65-100,2013,20
44084,0-16,2014,3
44084,16-64,2014,40
44084,65-100,2014,18
44084,0-16,2015,2
44084,16-64,2015,38
44084,65-100,2015,18
44084,0-16,2016,5
44084,16-64,2016,42
44084,65-100,2016,16
44084,0-16,2017,2
44084,16-64,2017,39
44084,65-100,2017,16
44084,0-16,2018,3
44084,16-64,2018,40
44084,65-100,2018,18
44084,0-16,2019,4
44084,16-64,2019,38
44084,65-100,2019,19
44084,0-16,2020,4
44084,16-64,2020,37
44084,65-100,2020,19
44084,0-16,2021,3
44084,16-64,2021,39
44084,65-100,2021,21
44084,0-16,2022,3
44084,16-64,2022,40
44084,65-100,2022,19
44085,0-16,2003,4
44085,16-64,2003,51
44085,65-100,2003,41
44085,0-16,2004,4
44085,16-64,2004,51
44085,65-100,2004,42
44085,0-16,2005,3
44085,16-64,2005,46
44085,65-100,2005,39
44085,0-16,2006,4
44085,16-64,2006,40
44085,65-100,2006,43
44085,0-16,2007,3
44085,16-64,2007,40
44085,65-100,2007,43
44085,0-16,2008,3
44085,16-64,2008,35
44085,65-100,2008,39
44085,0-16,2009,0
44085,16-64,2009,30
44085,65-100,2009,37
44085,0-16,2010,0
44085,16-64,2010,27
44085,65-100,2010,37
44085,0-16,2011,0
44085,16-64,2011,24
44085,65-100,2011,36
44085,0-16,2012,0
44085,16-64,2012,25
44085,65-100,2012,36
44085,0-16,2013,0
44085,16-64,2013,25
44085,65-100,2013,35
44085,0-16,2014,0
44085,16-64,2014,24
44085,65-100,2014,32
44085,0-16,2015,1
44085,16-64,2015,27
44085,65-100,2015,29
44085,0-16,2016,1
44085,16-64,2016,26
44085,65-100,2016,28
44085,0-16,2017,1
44085,16-64,2017,27
44085,65-100,2017,27
44085,0-16,2018,1
44085,16-64,2018,27
44085,65-100,2018,24
44085,0-16,2019,1
44085,16-64,2019,26
44085,65-100,2019,23
44085,0-16,2020,1
44085,16-64,2020,28
44085,65-100,2020,22
44085,0-16,2021,2
44085,16-64,2021,32
44085,65-100,2021,21
44085,0-16,2022,1
44085,16-64,2022,28
44085,65-100,2022,21
44086,0-16,2003,38
44086,16-64,2003,354
44086,65-100,2003,227
44086,0-16,2004,35
44086,16-64,2004,336
44086,65-100,2004,217
44086,0-16,2005,58
44086,16-64,2005,354
44086,65-100,2005,206
44086,0-16,2006,60
44086,16-64,2006,364
44086,65-100,2006,206
44086,0-16,2007,62
44086,16-64,2007,373
44086,65-100,2007,201
44086,0-16,2008,65
44086,16-64,2008,372
44086,65-100,2008,195
44086,0-16,2009,67
44086,16-64,2009,371
44086,65-100,2009,191
44086,0-16,2010,62
44086,16-64,2010,372
44086,65-100,2010,184
44086,0-16,2011,58
44086,16-64,2011,370
44086,65-100,2011,179
44086,0-16,2012,62
44086,16-64,2012,353
44086,65-100,2012,183
44086,0-16,2013,71
44086,16-64,2013,346
44086,65-100,2013,180
44086,0-16,2014,79
44086,16-64,2014,342
44086,65-100,2014,180
44086,0-16,2015,76
44086,16-64,2015,319
44086,65-100,2015,178
44086,0-16,2016,76
44086,16-64,2016,301
44086,65-100,2016,177
44086,0-16,2017,75
44086,16-64,2017,317
44086,65-100,2017,180
44086,0-16,2018,75
44086,16-64,2018,315
44086,65-100,2018,181
44086,0-16,2019,84
44086,16-64,2019,301
44086,65-100,2019,182
44086,0-16,2020,78
44086,16-64,2020,301
44086,65-100,2020,175
44086,0-16,2021,75
44086,16-64,2021,308
44086,65-100,2021,172
44086,0-16,2022,78
44086,16-64,2022,313
44086,65-100,2022,172
44087,0-16,2003,7
44087,16-64,2003,60
44087,65-100,2003,49
44087,0-16,2004,6
44087,16-64,2004,57
44087,65-100,2004,50
44087,0-16,2005,4
44087,16-64,2005,54
44087,65-100,2005,52
44087,0-16,2006,4
44087,16-64,2006,53
44087,65-100,2006,53
44087,0-16,2007,4
44087,16-64,2007,53
44087,65-100,2007,50
44087,0-16,2008,4
44087,16-64,2008,48
44087,65-100,2008,43
44087,0-16,2009,3
44087,16-64,2009,46
44087,65-100,2009,46
44087,0-16,2010,2
44087,16-64,2010,44
44087,65-100,2010,47
44087,0-16,2011,2
44087,16-64,2011,44
44087,65-100,2011,46
44087,0-16,2012,0
44087,16-64,2012,43
44087,65-100,2012,45
44087,0-16,2013,0
44087,16-64,2013,33
44087,65-100,2013,43
44087,0-16,2014,0
44087,16-64,2014,29
44087,65-100,2014,46
44087,0-16,2015,0
44087,16-64,2015,27
44087,65-100,2015,47
44087,0-16,2016,0
44087,16-64,2016,26
44087,65-100,2016,45
44087,0-16,2017,0
44087,16-64,2017,27
44087,65-100,2017,44
44087,0-16,2018,0
44087,16-64,2018,24
44087,65-100,2018,44
44087,0-16,2019,0
44087,16-64,2019,21
44087,65-100,2019,41
44087,0-16,2020,8
44087,16-64,2020,47
44087,65-100,2020,31
44087,0-16,2021,8
44087,16-64,2021,48
44087,65-100,2021,31
44087,0-16,2022,7
44087,16-64,2022,49
44087,65-100,2022,34
44088,0-16,2003,3
44088,16-64,2003,31
44088,65-100,2003,21
44088,0-16,2004,3
44088,16-64,2004,28
44088,65-100,2004,21
44088,0-16,2005,4
44088,16-64,2005,31
44088,65-100,2005,21
44088,0-16,2006,5
44088,16-64,2006,27
44088,65-100,2006,19
44088,0-16,2007,5
44088,16-64,2007,39
44088,65-100,2007,19
44088,0-16,2008,7
44088,16-64,2008,41
44088,65-100,2008,20
44088,0-16,2009,9
44088,16-64,2009,35
44088,65-100,2009,19
44088,0-16,2010,6
44088,16-64,2010,29
44088,65-100,2010,17
44088,0-16,2011,4
44088,16-64,2011,30
44088,65-100,2011,18
44088,0-16,2012,4
44088,16-64,2012,31
44088,65-100,2012,15
44088,0-16,2013,4
44088,16-64,2013,30
44088,65-100,2013,13
44088,0-16,2014,4
44088,16-64,2014,29
44088,65-100,2014,12
44088,0-16,2015,1
44088,16-64,2015,26
44088,65-100,2015,10
44088,0-16,2016,2
44088,16-64,2016,26
44088,65-100,2016,10
44088,0-16,2017,2
44088,16-64,2017,25
44088,65-100,2017,9
44088,0-16,2018,4
44088,16-64,2018,26
44088,65-100,2018,11
44088,0-16,2019,5
44088,16-64,2019,27
44088,65-100,2019,11
44088,0-16,2020,5
44088,16-64,2020,26
44088,65-100,2020,12
44088,0-16,2021,5
44088,16-64,2021,26
44088,65-100,2021,11
44088,0-16,2022,5
44088,16-64,2022,27
44088,65-100,2022,10
44089,0-16,2003,3
44089,16-64,2003,13
44089,65-100,2003,29
44089,0-16,2004,4
44089,16-64,2004,13
44089,65-100,2004,30
44089,0-16,2005,4
44089,16-64,2005,14
44089,65-100,2005,27
44089,0-16,2006,2
44089,16-64,2006,26
44089,65-100,2006,26
44089,0-16,2007,2
44089,16-64,2007,27
44089,65-100,2007,27
44089,0-16,2008,1
44089,16-64,2008,30
44089,65-100,2008,27
44089,0-16,2009,0
44089,16-64,2009,30
44089,65-100,2009,25
44089,0-16,2010,2
44089,16-64,2010,34
44089,65-100,2010,25
44089,0-16,2011,6
44089,16-64,2011,40
44089,65-100,2011,22
44089,0-16,2012,6
44089,16-64,2012,38
44089,65-100,2012,18
44089,0-16,2013,7
44089,16-64,2013,37
44089,65-100,2013,17
44089,0-16,2014,5
44089,16-64,2014,33
44089,65-100,2014,17
44089,0-16,2015,5
44089,16-64,2015,33
44089,65-100,2015,16
44089,0-16,2016,5
44089,16-64,2016,34
44089,65-100,2016,13
44089,0-16,2017,4
44089,16-64,2017,39
44089,65-100,2017,12
44089,0-16,2018,4
44089,16-64,2018,39
44089,65-100,2018,11
44089,0-16,2019,3
44089,16-64,2019,42
44089,65-100,2019,13
44089,0-16,2020,2
44089,16-64,2020,41
44089,65-100,2020,12
44089,0-16,2021,3
44089,16-64,2021,36
44089,65-100,2021,13
44089,0-16,2022,3
44089,16-64,2022,42
44089,65-100,2022,15
44090,0-16,2003,1
44090,16-64,2003,52
44090,65-100,2003,33
44090,0-16,2004,0
44090,16-64,2004,54
44090,65-100,2004,33
44090,0-16,2005,2
44090,16-64,2005,60
44090,65-100,2005,33
44090,0-16,2006,2
44090,16-64,2006,55
44090,65-100,2006,34
44090,0-16,2007,6
44090,16-64,2007,61
44090,65-100,2007,39
44090,0-16,2008,7
44090,16-64,2008,61
44090,65-100,2008,36
44090,0-16,2009,6
44090,16-64,2009,64
44090,65-100,2009,38
44090,0-16,2010,4
44090,16-64,2010,59
44090,65-100,2010,39
44090,0-16,2011,5
44090,16-64,2011,58
44090,65-100,2011,38
44090,0-16,2012,8
44090,16-64,2012,65
44090,65-100,2012,35
44090,0-16,2013,8
44090,16-64,2013,63
44090,65-100,2013,39
44090,0-16,2014,7
44090,16-64,2014,57
44090,65-100,2014,39
44090,0-16,2015,7
44090,16-64,2015,55
44090,65-100,2015,42
44090,0-16,2016,7
44090,16-64,2016,49
44090,65-100,2016,40
44090,0-16,2017,9
44090,16-64,2017,46
44090,65-100,2017,36
44090,0-16,2018,7
44090,16-64,2018,41
44090,65-100,2018,32
44090,0-16,2019,6
44090,16-64,2019,41
44090,65-100,2019,31
44090,0-16,2020,6
44090,16-64,2020,40
44090,65-100,2020,32
44090,0-16,2021,7
44090,16-64,2021,43
44090,65-100,2021,32
44090,0-16,2022,6
44090,16-64,2022,42
44090,65-100,2022,30
44092,0-16,2003,6
44092,16-64,2003,53
44092,65-100,2003,55
44092,0-16,2004,6
44092,16-64,2004,51
44092,65-100,2004,53
44092,0-16,2005,5
44092,16-64,2005,53
44092,65-100,2005,53
44092,0-16,2006,6
44092,16-64,2006,56
44092,65-100,2006,59
44092,0-16,2007,5
44092,16-64,2007,52
44092,65-100,2007,60
44092,0-16,2008,4
44092,16-64,2008,47
44092,65-100,2008,62
44092,0-16,2009,4
44092,16-64,2009,43
44092,65-100,2009,62
44092,0-16,2010,3
44092,16-64,2010,37
44092,65-100,2010,67
44092,0-16,2011,2
44092,16-64,2011,36
44092,65-100,2011,63
44092,0-16,2012,1
44092,16-64,2012,32
44092,65-100,2012,58
44092,0-16,2013,4
44092,16-64,2013,42
44092,65-100,2013,52
44092,0-16,2014,1
44092,16-64,2014,36
44092,65-100,2014,48
44092,0-16,2015,4
44092,16-64,2015,37
44092,65-100,2015,46
44092,0-16,2016,5
44092,16-64,2016,36
44092,65-100,2016,48
44092,0-16,2017,7
44092,16-64,2017,39
44092,65-100,2017,47
44092,0-16,2018,7
44092,16-64,2018,37
44092,65-100,2018,42
44092,0-16,2019,4
44092,16-64,2019,36
44092,65-100,2019,38
44092,0-16,2020,4
44092,16-64,2020,40
44092,65-100,2020,36
44092,0-16,2021,3
44092,16-64,2021,36
44092,65-100,2021,35
44092,0-16,2022,2
44092,16-64,2022,35
44092,65-100,2022,35
44093,0-16,2003,9
44093,16-64,2003,67
44093,65-100,2003,29
44093,0-16,2004,14
44093,16-64,2004,74
44093,65-100,2004,27
44093,0-16,2005,15
44093,16-64,2005,77
44093,65-100,2005,26
44093,0-16,2006,13
44093,16-64,2006,77
44093,65-100,2006,26
44093,0-16,2007,16
44093,16-64,2007,73
44093,65-100,2007,28
44093,0-16,2008,17
44093,16-64,2008,81
44093,65-100,2008,25
44093,0-16,2009,18
44093,16-64,2009,80
44093,65-100,2009,27
44093,0-16,2010,24
44093,16-64,2010,84
44093,65-100,2010,25
44093,0-16,2011,30
44093,16-64,2011,86
44093,65-100,2011,25
44093,0-16,2012,31
44093,16-64,2012,91
44093,65-100,2012,26
44093,0-16,2013,25
44093,16-64,2013,90
44093,65-100,2013,26
44093,0-16,2014,27
44093,16-64,2014,92
44093,65-100,2014,26
44093,0-16,2015,23
44093,16-64,2015,90
44093,65-100,2015,27
44093,0-16,2016,22
44093,16-64,2016,93
44093,65-100,2016,26
44093,0-16,2017,19
44093,16-64,2017,92
44093,65-100,2017,27
44093,0-16,2018,17
44093,16-64,2018,78
44093,65-100,2018,27
44093,0-16,2019,18
44093,16-64,2019,82
44093,65-100,2019,26
44093,0-16,2020,17
44093,16-64,2020,74
44093,65-100,2020,27
44093,0-16,2021,17
44093,16-64,2021,74
44093,65-100,2021,27
44093,0-16,2022,20
44093,16-64,2022,77
44093,65-100,2022,29
44094,0-16,2003,7
44094,16-64,2003,79
44094,65-100,2003,65
44094,0-16,2004,9
44094,16-64,2004,88
44094,65-100,2004,65
44094,0-16,2005,6
44094,16-64,2005,83
44094,65-100,2005,63
44094,0-16,2006,4
44094,16-64,2006,81
44094,65-100,2006,61
44094,0-16,2007,5
44094,16-64,2007,80
44094,65-100,2007,61
44094,0-16,2008,6
44094,16-64,2008,79
44094,65-100,2008,61
44094,0-16,2009,8
44094,16-64,2009,73
44094,65-100,2009,60
44094,0-16,2010,9
44094,16-64,2010,72
44094,65-100,2010,60
44094,0-16,2011,9
44094,16-64,2011,69
44094,65-100,2011,57
44094,0-16,2012,8
44094,16-64,2012,65
44094,65-100,2012,55
44094,0-16,2013,8
44094,16-64,2013,74
44094,65-100,2013,53
44094,0-16,2014,6
44094,16-64,2014,67
44094,65-100,2014,54
44094,0-16,2015,6
44094,16-64,2015,62
44094,65-100,2015,55
44094,0-16,2016,10
44094,16-64,2016,66
44094,65-100,2016,51
44094,0-16,2017,9
44094,16-64,2017,64
44094,65-100,2017,53
44094,0-16,2018,10
44094,16-64,2018,67
44094,65-100,2018,54
44094,0-16,2019,7
44094,16-64,2019,70
44094,65-100,2019,55
44094,0-16,2020,10
44094,16-64,2020,71
44094,65-100,2020,56
44094,0-16,2021,11
44094,16-64,2021,71
44094,65-100,2021,55
44094,0-16,2022,9
44094,16-64,2022,68
44094,65-100,2022,56
44096,0-16,2003,34
44096,16-64,2003,101
44096,65-100,2003,87
44096,0-16,2004,35
44096,16-64,2004,104
44096,65-100,2004,87
44096,0-16,2005,31
44096,16-64,2005,109
44096,65-100,2005,85
44096,0-16,2006,27
44096,16-64,2006,101
44096,65-100,2006,87
44096,0-16,2007,27
44096,16-64,2007,108
44096,65-100,2007,87
44096,0-16,2008,25
44096,16-64,2008,113
44096,65-100,2008,81
44096,0-16,2009,20
44096,16-64,2009,103
44096,65-100,2009,80
44096,0-16,2010,20
44096,16-64,2010,104
44096,65-100,2010,74
44096,0-16,2011,17
44096,16-64,2011,111
44096,65-100,2011,75
44096,0-16,2012,19
44096,16-64,2012,116
44096,65-100,2012,73
44096,0-16,2013,17
44096,16-64,2013,117
44096,65-100,2013,70
44096,0-16,2014,12
44096,16-64,2014,115
44096,65-100,2014,67
44096,0-16,2015,12
44096,16-64,2015,119
44096,65-100,2015,69
44096,0-16,2016,12
44096,16-64,2016,112
44096,65-100,2016,65
44096,0-16,2017,13
44096,16-64,2017,109
44096,65-100,2017,65
44096,0-16,2018,9
44096,16-64,2018,106
44096,65-100,2018,65
44096,0-16,2019,9
44096,16-64,2019,102
44096,65-100,2019,64
44096,0-16,2020,12
44096,16-64,2020,105
44096,65-100,2020,60
44096,0-16,2021,10
44096,16-64,2021,110
44096,65-100,2021,58
44096,0-16,2022,15
44096,16-64,2022,111
44096,65-100,2022,60
44097,0-16,2003,10
44097,16-64,2003,84
44097,65-100,2003,104
44097,0-16,2004,11
44097,16-64,2004,85
44097,65-100,2004,104
44097,0-16,2005,9
44097,16-64,2005,86
44097,65-100,2005,102
44097,0-16,2006,8
44097,16-64,2006,92
44097,65-100,2006,100
44097,0-16,2007,9
44097,16-64,2007,90
44097,65-100,2007,99
44097,0-16,2008,12
44097,16-64,2008,88
44097,65-100,2008,96
44097,0-16,2009,12
44097,16-64,2009,89
44097,65-100,2009,98
44097,0-16,2010,9
44097,16-64,2010,77
44097,65-100,2010,99
44097,0-16,2011,7
44097,16-64,2011,80
44097,65-100,2011,96
44097,0-16,2012,5
44097,16-64,2012,82
44097,65-100,2012,90
44097,0-16,2013,2
44097,16-64,2013,77
44097,65-100,2013,83
44097,0-16,2014,2
44097,16-64,2014,74
44097,65-100,2014,84
44097,0-16,2015,1
44097,16-64,2015,75
44097,65-100,2015,82
44097,0-16,2016,0
44097,16-64,2016,73
44097,65-100,2016,79
44097,0-16,2017,2
44097,16-64,2017,73
44097,65-100,2017,72
44097,0-16,2018,1
44097,16-64,2018,69
44097,65-100,2018,69
44097,0-16,2019,3
44097,16-64,2019,73
44097,65-100,2019,60
44097,0-16,2020,5
44097,16-64,2020,73
44097,65-100,2020,58
44097,0-16,2021,7
44097,16-64,2021,76
44097,65-100,2021,58
44097,0-16,2022,8
44097,16-64,2022,74
44097,65-100,2022,56
44099,0-16,2003,181
44099,16-64,2003,741
44099,65-100,2003,179
44099,0-16,2004,181
44099,16-64,2004,734
44099,65-100,2004,184
44099,0-16,2005,177
44099,16-64,2005,738
44099,65-100,2005,182
44099,0-16,2006,175
44099,16-64,2006,741
44099,65-100,2006,188
44099,0-16,2007,170
44099,16-64,2007,719
44099,65-100,2007,184
44099,0-16,2008,160
44099,16-64,2008,696
44099,65-100,2008,178
44099,0-16,2009,148
44099,16-64,2009,685
44099,65-100,2009,170
44099,0-16,2010,147
44099,16-64,2010,693
44099,65-100,2010,175
44099,0-16,2011,144
44099,16-64,2011,702
44099,65-100,2011,173
44099,0-16,2012,153
44099,16-64,2012,670
44099,65-100,2012,172
44099,0-16,2013,157
44099,16-64,2013,679
44099,65-100,2013,167
44099,0-16,2014,151
44099,16-64,2014,669
44099,65-100,2014,161
44099,0-16,2015,134
44099,16-64,2015,658
44099,65-100,2015,161
44099,0-16,2016,136
44099,16-64,2016,656
44099,65-100,2016,162
44099,0-16,2017,133
44099,16-64,2017,618
44099,65-100,2017,162
44099,0-16,2018,124
44099,16-64,2018,606
44099,65-100,2018,155
44099,0-16,2019,127
44099,16-64,2019,577
44099,65-100,2019,148
44099,0-16,2020,104
44099,16-64,2020,555
44099,65-100,2020,142
44099,0-16,2021,101
44099,16-64,2021,537
44099,65-100,2021,144
44099,0-16,2022,101
44099,16-64,2022,522
44099,65-100,2022,150
44100,0-16,2003,48
44100,16-64,2003,179
44100,65-100,2003,89
44100,0-16,2004,45
44100,16-64,2004,180
44100,65-100,2004,89
44100,0-16,2005,37
44100,16-64,2005,175
44100,65-100,2005,80
44100,0-16,2006,30
44100,16-64,2006,172
44100,65-100,2006,74
44100,0-16,2007,24
44100,16-64,2007,168
44100,65-100,2007,70
44100,0-16,2008,20
44100,16-64,2008,169
44100,65-100,2008,66
44100,0-16,2009,25
44100,16-64,2009,174
44100,65-100,2009,68
44100,0-16,2010,28
44100,16-64,2010,179
44100,65-100,2010,64
44100,0-16,2011,34
44100,16-64,2011,181
44100,65-100,2011,57
44100,0-16,2012,27
44100,16-64,2012,174
44100,65-100,2012,58
44100,0-16,2013,34
44100,16-64,2013,173
44100,65-100,2013,54
44100,0-16,2014,21
44100,16-64,2014,157
44100,65-100,2014,52
44100,0-16,2015,18
44100,16-64,2015,161
44100,65-100,2015,50
44100,0-16,2016,24
44100,16-64,2016,165
44100,65-100,2016,48
44100,0-16,2017,22
44100,16-64,2017,150
44100,65-100,2017,51
44100,0-16,2018,16
44100,16-64,2018,141
44100,65-100,2018,53
44100,0-16,2019,14
44100,16-64,2019,133
44100,65-100,2019,56
44100,0-16,2020,18
44100,16-64,2020,133
44100,65-100,2020,54
44100,0-16,2021,20
44100,16-64,2021,135
44100,65-100,2021,54
44100,0-16,2022,16
44100,16-64,2022,133
44100,65-100,2022,56
44101,0-16,2003,1
44101,16-64,2003,34
44101,65-100,2003,43
44101,0-16,2004,1
44101,16-64,2004,34
44101,65-100,2004,41
44101,0-16,2005,0
44101,16-64,2005,31
44101,65-100,2005,42
44101,0-16,2006,0
44101,16-64,2006,33
44101,65-100,2006,39
44101,0-16,2007,2
44101,16-64,2007,37
44101,65-100,2007,34
44101,0-16,2008,2
44101,16-64,2008,39
44101,65-100,2008,33
44101,0-16,2009,3
44101,16-64,2009,42
44101,65-100,2009,32
44101,0-16,2010,3
44101,16-64,2010,39
44101,65-100,2010,32
44101,0-16,2011,2
44101,16-64,2011,38
44101,65-100,2011,28
44101,0-16,2012,4
44101,16-64,2012,36
44101,65-100,2012,30
44101,0-16,2013,4
44101,16-64,2013,35
44101,65-100,2013,28
44101,0-16,2014,3
44101,16-64,2014,35
44101,65-100,2014,26
44101,0-16,2015,3
44101,16-64,2015,41
44101,65-100,2015,25
44101,0-16,2016,2
44101,16-64,2016,40
44101,65-100,2016,25
44101,0-16,2017,2
44101,16-64,2017,36
44101,65-100,2017,27
44101,0-16,2018,2
44101,16-64,2018,33
44101,65-100,2018,28
44101,0-16,2019,2
44101,16-64,2019,29
44101,65-100,2019,25
44101,0-16,2020,4
44101,16-64,2020,33
44101,65-100,2020,27
44101,0-16,2021,5
44101,16-64,2021,45
44101,65-100,2021,24
44101,0-16,2022,4
44101,16-64,2022,43
44101,65-100,2022,23
44102,0-16,2003,2
44102,16-64,2003,10
44102,65-100,2003,17
44102,0-16,2004,1
44102,16-64,2004,11
44102,65-100,2004,17
44102,0-16,2005,1
44102,16-64,2005,9
44102,65-100,2005,16
44102,0-16,2006,2
44102,16-64,2006,9
44102,65-100,2006,15
44102,0-16,2007,1
44102,16-64,2007,10
44102,65-100,2007,16
44102,0-16,2008,1
44102,16-64,2008,12
44102,65-100,2008,17
44102,0-16,2009,0
44102,16-64,2009,13
44102,65-100,2009,17
44102,0-16,2010,0
44102,16-64,2010,12
44102,65-100,2010,18
44102,0-16,2011,0
44102,16-64,2011,11
44102,65-100,2011,19
44102,0-16,2012,0
44102,16-64,2012,11
44102,65-100,2012,19
44102,0-16,2013,0
44102,16-64,2013,11
44102,65-100,2013,19
44102,0-16,2014,0
44102,16-64,2014,11
44102,65-100,2014,19
44102,0-16,2015,0
44102,16-64,2015,12
44102,65-100,2015,19
44102,0-16,2016,0
44102,16-64,2016,12
44102,65-100,2016,19
44102,0-16,2017,0
44102,16-64,2017,12
44102,65-100,2017,18
44102,0-16,2018,0
44102,16-64,2018,12
44102,65-100,2018,16
44102,0-16,2019,0
44102,16-64,2019,12
44102,65-100,2019,15
44102,0-16,2020,0
44102,16-64,2020,11
44102,65-100,2020,15
44102,0-16,2021,0
44102,16-64,2021,16
44102,65-100,2021,13
44102,0-16,2022,0
44102,16-64,2022,17
44102,65-100,2022,13
44103,0-16,2003,29
44103,16-64,2003,99
44103,65-100,2003,69
44103,0-16,2004,26
44103,16-64,2004,95
44103,65-100,2004,70
44103,0-16,2005,32
44103,16-64,2005,102
44103,65-100,2005,68
44103,0-16,2006,35
44103,16-64,2006,99
44103,65-100,2006,69
44103,0-16,2007,25
44103,16-64,2007,96
44103,65-100,2007,69
44103,0-16,2008,25
44103,16-64,2008,98
44103,65-100,2008,72
44103,0-16,2009,24
44103,16-64,2009,101
44103,65-100,2009,70
44103,0-16,2010,27
44103,16-64,2010,93
44103,65-100,2010,70
44103,0-16,2011,25
44103,16-64,2011,91
44103,65-100,2011,65
44103,0-16,2012,26
44103,16-64,2012,88
44103,65-100,2012,61
44103,0-16,2013,21
44103,16-64,2013,90
44103,65-100,2013,59
44103,0-16,2014,20
44103,16-64,2014,92
44103,65-100,2014,56
44103,0-16,2015,23
44103,16-64,2015,97
44103,65-100,2015,60
44103,0-16,2016,14
44103,16-64,2016,88
44103,65-100,2016,62
44103,0-16,2017,12
44103,16-64,2017,90
44103,65-100,2017,53
44103,0-16,2018,10
44103,16-64,2018,89
44103,65-100,2018,52
44103,0-16,2019,7
44103,16-64,2019,84
44103,65-100,2019,50
44103,0-16,2020,9
44103,16-64,2020,89
44103,65-100,2020,50
44103,0-16,2021,8
44103,16-64,2021,99
44103,65-100,2021,48
44103,0-16,2022,11
44103,16-64,2022,100
44103,65-100,2022,48
44105,0-16,2003,8
44105,16-64,2003,47
44105,65-100,2003,46
44105,0-16,2004,7
44105,16-64,2004,47
44105,65-100,2004,49
44105,0-16,2005,5
44105,16-64,2005,48
44105,65-100,2005,48
44105,0-16,2006,7
44105,16-64,2006,48
44105,65-100,2006,50
44105,0-16,2007,6
44105,16-64,2007,50
44105,65-100,2007,48
44105,0-16,2008,6
44105,16-64,2008,57
44105,65-100,2008,40
44105,0-16,2009,4
44105,16-64,2009,57
44105,65-100,2009,38
44105,0-16,2010,10
44105,16-64,2010,56
44105,65-100,2010,37
44105,0-16,2011,9
44105,16-64,2011,56
44105,65-100,2011,37
44105,0-16,2012,12
44105,16-64,2012,56
44105,65-100,2012,37
44105,0-16,2013,10
44105,16-64,2013,52
44105,65-100,2013,31
44105,0-16,2014,2
44105,16-64,2014,47
44105,65-100,2014,29
44105,0-16,2015,1
44105,16-64,2015,55
44105,65-100,2015,30
44105,0-16,2016,1
44105,16-64,2016,53
44105,65-100,2016,32
44105,0-16,2017,2
44105,16-64,2017,49
44105,65-100,2017,27
44105,0-16,2018,3
44105,16-64,2018,40
44105,65-100,2018,32
44105,0-16,2019,4
44105,16-64,2019,44
44105,65-100,2019,32
44105,0-16,2020,3
44105,16-64,2020,39
44105,65-100,2020,32
44105,0-16,2021,3
44105,16-64,2021,44
44105,65-100,2021,34
44105,0-16,2022,4
44105,16-64,2022,48
44105,65-100,2022,34
44106,0-16,2003,12
44106,16-64,2003,96
44106,65-100,2003,78
44106,0-16,2004,18
44106,16-64,2004,111
44106,65-100,2004,73
44106,0-16,2005,15
44106,16-64,2005,122
44106,65-100,2005,71
44106,0-16,2006,16
44106,16-64,2006,111
44106,65-100,2006,76
44106,0-16,2007,16
44106,16-64,2007,117
44106,65-100,2007,75
44106,0-16,2008,33
44106,16-64,2008,130
44106,65-100,2008,77
44106,0-16,2009,31
44106,16-64,2009,130
44106,65-100,2009,76
44106,0-16,2010,26
44106,16-64,2010,125
44106,65-100,2010,73
44106,0-16,2011,28
44106,16-64,2011,124
44106,65-100,2011,71
44106,0-16,2012,28
44106,16-64,2012,130
44106,65-100,2012,64
44106,0-16,2013,26
44106,16-64,2013,120
44106,65-100,2013,62
44106,0-16,2014,25
44106,16-64,2014,117
44106,65-100,2014,59
44106,0-16,2015,25
44106,16-64,2015,122
44106,65-100,2015,56
44106,0-16,2016,28
44106,16-64,2016,120
44106,65-100,2016,56
44106,0-16,2017,28
44106,16-64,2017,121
44106,65-100,2017,54
44106,0-16,2018,29
44106,16-64,2018,125
44106,65-100,2018,51
44106,0-16,2019,29
44106,16-64,2019,125
44106,65-100,2019,51
44106,0-16,2020,32
44106,16-64,2020,123
44106,65-100,2020,47
44106,0-16,2021,31
44106,16-64,2021,122
44106,65-100,2021,47
44106,0-16,2022,36
44106,16-64,2022,123
44106,65-100,2022,50
44107,0-16,2003,37
44107,16-64,2003,131
44107,65-100,2003,95
44107,0-16,2004,42
44107,16-64,2004,143
44107,65-100,2004,92
44107,0-16,2005,49
44107,16-64,2005,146
44107,65-100,2005,94
44107,0-16,2006,51
44107,16-64,2006,156
44107,65-100,2006,90
44107,0-16,2007,43
44107,16-64,2007,158
44107,65-100,2007,88
44107,0-16,2008,40
44107,16-64,2008,174
44107,65-100,2008,85
44107,0-16,2009,41
44107,16-64,2009,191
44107,65-100,2009,87
44107,0-16,2010,36
44107,16-64,2010,177
44107,65-100,2010,83
44107,0-16,2011,42
44107,16-64,2011,174
44107,65-100,2011,77
44107,0-16,2012,36
44107,16-64,2012,168
44107,65-100,2012,75
44107,0-16,2013,33
44107,16-64,2013,157
44107,65-100,2013,79
44107,0-16,2014,36
44107,16-64,2014,154
44107,65-100,2014,79
44107,0-16,2015,32
44107,16-64,2015,163
44107,65-100,2015,74
44107,0-16,2016,32
44107,16-64,2016,161
44107,65-100,2016,71
44107,0-16,2017,30
44107,16-64,2017,161
44107,65-100,2017,69
44107,0-16,2018,24
44107,16-64,2018,148
44107,65-100,2018,66
44107,0-16,2019,25
44107,16-64,2019,156
44107,65-100,2019,64
44107,0-16,2020,32
44107,16-64,2020,166
44107,65-100,2020,60
44107,0-16,2021,39
44107,16-64,2021,175
44107,65-100,2021,57
44107,0-16,2022,38
44107,16-64,2022,176
44107,65-100,2022,59
44108,0-16,2003,41
44108,16-64,2003,242
44108,65-100,2003,168
44108,0-16,2004,41
44108,16-64,2004,247
44108,65-100,2004,163
44108,0-16,2005,45
44108,16-64,2005,267
44108,65-100,2005,165
44108,0-16,2006,43
44108,16-64,2006,263
44108,65-100,2006,156
44108,0-16,2007,44
44108,16-64,2007,271
44108,65-100,2007,157
44108,0-16,2008,49
44108,16-64,2008,291
44108,65-100,2008,150
44108,0-16,2009,59
44108,16-64,2009,293
44108,65-100,2009,149
44108,0-16,2010,62
44108,16-64,2010,302
44108,65-100,2010,147
44108,0-16,2011,62
44108,16-64,2011,291
44108,65-100,2011,146
44108,0-16,2012,58
44108,16-64,2012,292
44108,65-100,2012,136
44108,0-16,2013,60
44108,16-64,2013,299
44108,65-100,2013,136
44108,0-16,2014,56
44108,16-64,2014,283
44108,65-100,2014,129
44108,0-16,2015,53
44108,16-64,2015,291
44108,65-100,2015,130
44108,0-16,2016,58
44108,16-64,2016,284
44108,65-100,2016,128
44108,0-16,2017,52
44108,16-64,2017,263
44108,65-100,2017,121
44108,0-16,2018,48
44108,16-64,2018,271
44108,65-100,2018,124
44108,0-16,2019,49
44108,16-64,2019,268
44108,65-100,2019,121
44108,0-16,2020,50
44108,16-64,2020,270
44108,65-100,2020,123
44108,0-16,2021,54
44108,16-64,2021,284
44108,65-100,2021,119
44108,0-16,2022,51
44108,16-64,2022,279
44108,65-100,2022,132
44109,0-16,2003,14
44109,16-64,2003,88
44109,65-100,2003,54
44109,0-16,2004,14
44109,16-64,2004,96
44109,65-100,2004,54
44109,0-16,2005,14
44109,16-64,2005,93
44109,65-100,2005,50
44109,0-16,2006,17
44109,16-64,2006,109
44109,65-100,2006,55
44109,0-16,2007,14
44109,16-64,2007,106
44109,65-100,2007,55
44109,0-16,2008,16
44109,16-64,2008,102
44109,65-100,2008,54
44109,0-16,2009,17
44109,16-64,2009,96
44109,65-100,2009,50
44109,0-16,2010,18
44109,16-64,2010,89
44109,65-100,2010,49
44109,0-16,2011,13
44109,16-64,2011,91
44109,65-100,2011,48
44109,0-16,2012,14
44109,16-64,2012,93
44109,65-100,2012,44
44109,0-16,2013,11
44109,16-64,2013,90
44109,65-100,2013,42
44109,0-16,2014,12
44109,16-64,2014,90
44109,65-100,2014,42
44109,0-16,2015,11
44109,16-64,2015,83
44109,65-100,2015,37
44109,0-16,2016,10
44109,16-64,2016,82
44109,65-100,2016,38
44109,0-16,2017,10
44109,16-64,2017,78
44109,65-100,2017,37
44109,0-16,2018,7
44109,16-64,2018,72
44109,65-100,2018,37
44109,0-16,2019,7
44109,16-64,2019,71
44109,65-100,2019,37
44109,0-16,2020,4
44109,16-64,2020,65
44109,65-100,2020,35
44109,0-16,2021,4
44109,16-64,2021,65
44109,65-100,2021,36
44109,0-16,2022,7
44109,16-64,2022,63
44109,65-100,2022,35
44110,0-16,2003,3
44110,16-64,2003,20
44110,65-100,2003,23
44110,0-16,2004,2
44110,16-64,2004,21
44110,65-100,2004,23
44110,0-16,2005,2
44110,16-64,2005,22
44110,65-100,2005,19
44110,0-16,2006,2
44110,16-64,2006,21
44110,65-100,2006,20
44110,0-16,2007,2
44110,16-64,2007,19
44110,65-100,2007,21
44110,0-16,2008,1
44110,16-64,2008,18
44110,65-100,2008,22
44110,0-16,2009,1
44110,16-64,2009,14
44110,65-100,2009,23
44110,0-16,2010,0
44110,16-64,2010,13
44110,65-100,2010,24
44110,0-16,2011,3
44110,16-64,2011,30
44110,65-100,2011,29
44110,0-16,2012,3
44110,16-64,2012,29
44110,65-100,2012,30
44110,0-16,2013,3
44110,16-64,2013,28
44110,65-100,2013,30
44110,0-16,2014,4
44110,16-64,2014,26
44110,65-100,2014,32
44110,0-16,2015,3
44110,16-64,2015,24
44110,65-100,2015,30
44110,0-16,2016,2
44110,16-64,2016,24
44110,65-100,2016,30
44110,0-16,2017,2
44110,16-64,2017,20
44110,65-100,2017,29
44110,0-16,2018,0
44110,16-64,2018,15
44110,65-100,2018,27
44110,0-16,2019,0
44110,16-64,2019,11
44110,65-100,2019,26
44110,0-16,2020,0
44110,16-64,2020,9
44110,65-100,2020,27
44110,0-16,2021,0
44110,16-64,2021,9
44110,65-100,2021,31
44110,0-16,2022,0
44110,16-64,2022,9
44110,65-100,2022,26
44111,0-16,2003,12
44111,16-64,2003,72
44111,65-100,2003,43
44111,0-16,2004,12
44111,16-64,2004,73
44111,65-100,2004,45
44111,0-16,2005,13
44111,16-64,2005,69
44111,65-100,2005,45
44111,0-16,2006,11
44111,16-64,2006,64
44111,65-100,2006,42
44111,0-16,2007,9
44111,16-64,2007,67
44111,65-100,2007,42
44111,0-16,2008,8
44111,16-64,2008,67
44111,65-100,2008,41
44111,0-16,2009,10
44111,16-64,2009,68
44111,65-100,2009,42
44111,0-16,2010,10
44111,16-64,2010,67
44111,65-100,2010,42
44111,0-16,2011,9
44111,16-64,2011,66
44111,65-100,2011,44
44111,0-16,2012,8
44111,16-64,2012,67
44111,65-100,2012,41
44111,0-16,2013,10
44111,16-64,2013,65
44111,65-100,2013,38
44111,0-16,2014,10
44111,16-64,2014,65
44111,65-100,2014,36
44111,0-16,2015,4
44111,16-64,2015,54
44111,65-100,2015,35
44111,0-16,2016,5
44111,16-64,2016,63
44111,65-100,2016,37
44111,0-16,2017,6
44111,16-64,2017,67
44111,65-100,2017,38
44111,0-16,2018,5
44111,16-64,2018,62
44111,65-100,2018,34
44111,0-16,2019,5
44111,16-64,2019,55
44111,65-100,2019,32
44111,0-16,2020,5
44111,16-64,2020,53
44111,65-100,2020,33
44111,0-16,2021,6
44111,16-64,2021,53
44111,65-100,2021,33
44111,0-16,2022,5
44111,16-64,2022,52
44111,65-100,2022,32
44112,0-16,2003,43
44112,16-64,2003,312
44112,65-100,2003,234
44112,0-16,2004,41
44112,16-64,2004,296
44112,65-100,2004,234
44112,0-16,2005,44
44112,16-64,2005,327
44112,65-100,2005,237
44112,0-16,2006,49
44112,16-64,2006,352
44112,65-100,2006,240
44112,0-16,2007,47
44112,16-64,2007,321
44112,65-100,2007,237
44112,0-16,2008,56
44112,16-64,2008,394
44112,65-100,2008,223
44112,0-16,2009,57
44112,16-64,2009,387
44112,65-100,2009,219
44112,0-16,2010,54
44112,16-64,2010,319
44112,65-100,2010,217
44112,0-16,2011,51
44112,16-64,2011,311
44112,65-100,2011,220
44112,0-16,2012,50
44112,16-64,2012,301
44112,65-100,2012,225
44112,0-16,2013,58
44112,16-64,2013,278
44112,65-100,2013,217
44112,0-16,2014,52
44112,16-64,2014,264
44112,65-100,2014,215
44112,0-16,2015,46
44112,16-64,2015,268
44112,65-100,2015,214
44112,0-16,2016,37
44112,16-64,2016,255
44112,65-100,2016,202
44112,0-16,2017,35
44112,16-64,2017,247
44112,65-100,2017,200
44112,0-16,2018,33
44112,16-64,2018,238
44112,65-100,2018,190
44112,0-16,2019,38
44112,16-64,2019,236
44112,65-100,2019,187
44112,0-16,2020,35
44112,16-64,2020,233
44112,65-100,2020,177
44112,0-16,2021,37
44112,16-64,2021,229
44112,65-100,2021,167
44112,0-16,2022,41
44112,16-64,2022,234
44112,65-100,2022,159
44113,0-16,2003,23
44113,16-64,2003,62
44113,65-100,2003,23
44113,0-16,2004,25
44113,16-64,2004,72
44113,65-100,2004,22
44113,0-16,2005,29
44113,16-64,2005,66
44113,65-100,2005,22
44113,0-16,2006,24
44113,16-64,2006,80
44113,65-100,2006,22
44113,0-16,2007,22
44113,16-64,2007,80
44113,65-100,2007,22
44113,0-16,2008,26
44113,16-64,2008,80
44113,65-100,2008,21
44113,0-16,2009,24
44113,16-64,2009,89
44113,65-100,2009,24
44113,0-16,2010,25
44113,16-64,2010,79
44113,65-100,2010,23
44113,0-16,2011,24
44113,16-64,2011,87
44113,65-100,2011,23
44113,0-16,2012,26
44113,16-64,2012,80
44113,65-100,2012,19
44113,0-16,2013,27
44113,16-64,2013,86
44113,65-100,2013,15
44113,0-16,2014,26
44113,16-64,2014,79
44113,65-100,2014,16
44113,0-16,2015,27
44113,16-64,2015,79
44113,65-100,2015,15
44113,0-16,2016,21
44113,16-64,2016,80
44113,65-100,2016,13
44113,0-16,2017,23
44113,16-64,2017,77
44113,65-100,2017,12
44113,0-16,2018,23
44113,16-64,2018,79
44113,65-100,2018,12
44113,0-16,2019,25
44113,16-64,2019,81
44113,65-100,2019,12
44113,0-16,2020,26
44113,16-64,2020,86
44113,65-100,2020,12
44113,0-16,2021,38
44113,16-64,2021,100
44113,65-100,2021,16
44113,0-16,2022,38
44113,16-64,2022,106
44113,65-100,2022,16
44114,0-16,2003,36
44114,16-64,2003,205
44114,65-100,2003,112
44114,0-16,2004,37
44114,16-64,2004,219
44114,65-100,2004,112
44114,0-16,2005,42
44114,16-64,2005,234
44114,65-100,2005,108
44114,0-16,2006,31
44114,16-64,2006,213
44114,65-100,2006,103
44114,0-16,2007,30
44114,16-64,2007,209
44114,65-100,2007,103
44114,0-16,2008,31
44114,16-64,2008,208
44114,65-100,2008,106
44114,0-16,2009,32
44114,16-64,2009,208
44114,65-100,2009,102
44114,0-16,2010,32
44114,16-64,2010,203
44114,65-100,2010,106
44114,0-16,2011,33
44114,16-64,2011,191
44114,65-100,2011,102
44114,0-16,2012,32
44114,16-64,2012,189
44114,65-100,2012,96
44114,0-16,2013,28
44114,16-64,2013,180
44114,65-100,2013,100
44114,0-16,2014,24
44114,16-64,2014,174
44114,65-100,2014,101
44114,0-16,2015,23
44114,16-64,2015,166
44114,65-100,2015,96
44114,0-16,2016,22
44114,16-64,2016,168
44114,65-100,2016,101
44114,0-16,2017,27
44114,16-64,2017,168
44114,65-100,2017,103
44114,0-16,2018,23
44114,16-64,2018,161
44114,65-100,2018,102
44114,0-16,2019,25
44114,16-64,2019,154
44114,65-100,2019,105
44114,0-16,2020,23
44114,16-64,2020,155
44114,65-100,2020,104
44114,0-16,2021,24
44114,16-64,2021,167
44114,65-100,2021,102
44114,0-16,2022,25
44114,16-64,2022,165
44114,65-100,2022,103
44115,0-16,2003,12
44115,16-64,2003,78
44115,65-100,2003,57
44115,0-16,2004,12
44115,16-64,2004,74
44115,65-100,2004,55
44115,0-16,2005,18
44115,16-64,2005,80
44115,65-100,2005,55
44115,0-16,2006,18
44115,16-64,2006,75
44115,65-100,2006,52
44115,0-16,2007,14
44115,16-64,2007,72
44115,65-100,2007,50
44115,0-16,2008,13
44115,16-64,2008,71
44115,65-100,2008,52
44115,0-16,2009,16
44115,16-64,2009,76
44115,65-100,2009,52
44115,0-16,2010,22
44115,16-64,2010,81
44115,65-100,2010,51
44115,0-16,2011,23
44115,16-64,2011,78
44115,65-100,2011,50
44115,0-16,2012,31
44115,16-64,2012,89
44115,65-100,2012,50
44115,0-16,2013,32
44115,16-64,2013,91
44115,65-100,2013,45
44115,0-16,2014,32
44115,16-64,2014,89
44115,65-100,2014,43
44115,0-16,2015,32
44115,16-64,2015,91
44115,65-100,2015,44
44115,0-16,2016,31
44115,16-64,2016,90
44115,65-100,2016,38
44115,0-16,2017,32
44115,16-64,2017,94
44115,65-100,2017,36
44115,0-16,2018,26
44115,16-64,2018,101
44115,65-100,2018,34
44115,0-16,2019,29
44115,16-64,2019,101
44115,65-100,2019,32
44115,0-16,2020,27
44115,16-64,2020,100
44115,65-100,2020,33
44115,0-16,2021,24
44115,16-64,2021,104
44115,65-100,2021,35
44115,0-16,2022,21
44115,16-64,2022,97
44115,65-100,2022,32
44116,0-16,2003,14
44116,16-64,2003,68
44116,65-100,2003,35
44116,0-16,2004,15
44116,16-64,2004,64
44116,65-100,2004,33
44116,0-16,2005,10
44116,16-64,2005,62
44116,65-100,2005,31
44116,0-16,2006,10
44116,16-64,2006,61
44116,65-100,2006,30
44116,0-16,2007,11
44116,16-64,2007,65
44116,65-100,2007,29
44116,0-16,2008,13
44116,16-64,2008,63
44116,65-100,2008,30
44116,0-16,2009,12
44116,16-64,2009,59
44116,65-100,2009,31
44116,0-16,2010,17
44116,16-64,2010,70
44116,65-100,2010,31
44116,0-16,2011,21
44116,16-64,2011,70
44116,65-100,2011,34
44116,0-16,2012,22
44116,16-64,2012,68
44116,65-100,2012,32
44116,0-16,2013,21
44116,16-64,2013,67
44116,65-100,2013,34
44116,0-16,2014,18
44116,16-64,2014,62
44116,65-100,2014,30
44116,0-16,2015,16
44116,16-64,2015,57
44116,65-100,2015,30
44116,0-16,2016,13
44116,16-64,2016,57
44116,65-100,2016,32
44116,0-16,2017,14
44116,16-64,2017,60
44116,65-100,2017,27
44116,0-16,2018,9
44116,16-64,2018,53
44116,65-100,2018,27
44116,0-16,2019,9
44116,16-64,2019,55
44116,65-100,2019,29
44116,0-16,2020,9
44116,16-64,2020,61
44116,65-100,2020,27
44116,0-16,2021,11
44116,16-64,2021,59
44116,65-100,2021,28
44116,0-16,2022,10
44116,16-64,2022,58
44116,65-100,2022,30
44117,0-16,2003,33
44117,16-64,2003,233
44117,65-100,2003,177
44117,0-16,2004,30
44117,16-64,2004,226
44117,65-100,2004,178
44117,0-16,2005,31
44117,16-64,2005,215
44117,65-100,2005,178
44117,0-16,2006,27
44117,16-64,2006,229
44117,65-100,2006,179
44117,0-16,2007,34
44117,16-64,2007,251
44117,65-100,2007,172
44117,0-16,2008,34
44117,16-64,2008,249
44117,65-100,2008,164
44117,0-16,2009,35
44117,16-64,2009,246
44117,65-100,2009,161
44117,0-16,2010,29
44117,16-64,2010,242
44117,65-100,2010,159
44117,0-16,2011,30
44117,16-64,2011,233
44117,65-100,2011,152
44117,0-16,2012,29
44117,16-64,2012,227
44117,65-100,2012,149
44117,0-16,2013,37
44117,16-64,2013,226
44117,65-100,2013,147
44117,0-16,2014,30
44117,16-64,2014,225
44117,65-100,2014,142
44117,0-16,2015,27
44117,16-64,2015,219
44117,65-100,2015,141
44117,0-16,2016,28
44117,16-64,2016,208
44117,65-100,2016,138
44117,0-16,2017,31
44117,16-64,2017,211
44117,65-100,2017,130
44117,0-16,2018,30
44117,16-64,2018,217
44117,65-100,2018,129
44117,0-16,2019,31
44117,16-64,2019,206
44117,65-100,2019,123
44117,0-16,2020,28
44117,16-64,2020,218
44117,65-100,2020,124
44117,0-16,2021,27
44117,16-64,2021,229
44117,65-100,2021,122
44117,0-16,2022,30
44117,16-64,2022,255
44117,65-100,2022,149
44118,0-16,2003,21
44118,16-64,2003,135
44118,65-100,2003,90
44118,0-16,2004,22
44118,16-64,2004,130
44118,65-100,2004,88
44118,0-16,2005,20
44118,16-64,2005,133
44118,65-100,2005,81
44118,0-16,2006,19
44118,16-64,2006,145
44118,65-100,2006,75
44118,0-16,2007,20
44118,16-64,2007,145
44118,65-100,2007,74
44118,0-16,2008,23
44118,16-64,2008,148
44118,65-100,2008,76
44118,0-16,2009,20
44118,16-64,2009,132
44118,65-100,2009,72
44118,0-16,2010,27
44118,16-64,2010,131
44118,65-100,2010,71
44118,0-16,2011,29
44118,16-64,2011,131
44118,65-100,2011,70
44118,0-16,2012,25
44118,16-64,2012,122
44118,65-100,2012,69
44118,0-16,2013,26
44118,16-64,2013,124
44118,65-100,2013,66
44118,0-16,2014,23
44118,16-64,2014,115
44118,65-100,2014,68
44118,0-16,2015,24
44118,16-64,2015,112
44118,65-100,2015,67
44118,0-16,2016,26
44118,16-64,2016,107
44118,65-100,2016,66
44118,0-16,2017,27
44118,16-64,2017,108
44118,65-100,2017,62
44118,0-16,2018,26
44118,16-64,2018,109
44118,65-100,2018,65
44118,0-16,2019,24
44118,16-64,2019,109
44118,65-100,2019,61
44118,0-16,2020,24
44118,16-64,2020,115
44118,65-100,2020,58
44118,0-16,2021,28
44118,16-64,2021,116
44118,65-100,2021,57
44118,0-16,2022,31
44118,16-64,2022,111
44118,65-100,2022,58
44119,0-16,2003,9
44119,16-64,2003,74
44119,65-100,2003,49
44119,0-16,2004,7
44119,16-64,2004,81
44119,65-100,2004,49
44119,0-16,2005,5
44119,16-64,2005,84
44119,65-100,2005,46
44119,0-16,2006,9
44119,16-64,2006,81
44119,65-100,2006,46
44119,0-16,2007,9
44119,16-64,2007,90
44119,65-100,2007,45
44119,0-16,2008,12
44119,16-64,2008,86
44119,65-100,2008,46
44119,0-16,2009,11
44119,16-64,2009,84
44119,65-100,2009,45
44119,0-16,2010,11
44119,16-64,2010,83
44119,65-100,2010,40
44119,0-16,2011,13
44119,16-64,2011,89
44119,65-100,2011,39
44119,0-16,2012,12
44119,16-64,2012,90
44119,65-100,2012,41
44119,0-16,2013,10
44119,16-64,2013,85
44119,65-100,2013,44
44119,0-16,2014,10
44119,16-64,2014,86
44119,65-100,2014,46
44119,0-16,2015,14
44119,16-64,2015,92
44119,65-100,2015,51
44119,0-16,2016,16
44119,16-64,2016,97
44119,65-100,2016,47
44119,0-16,2017,14
44119,16-64,2017,92
44119,65-100,2017,45
44119,0-16,2018,11
44119,16-64,2018,89
44119,65-100,2018,43
44119,0-16,2019,10
44119,16-64,2019,80
44119,65-100,2019,46
44119,0-16,2020,10
44119,16-64,2020,78
44119,65-100,2020,50
44119,0-16,2021,9
44119,16-64,2021,72
44119,65-100,2021,57
44119,0-16,2022,10
44119,16-64,2022,75
44119,65-100,2022,55
44120,0-16,2003,36
44120,16-64,2003,149
44120,65-100,2003,87
44120,0-16,2004,36
44120,16-64,2004,150
44120,65-100,2004,87
44120,0-16,2005,37
44120,16-64,2005,151
44120,65-100,2005,86
44120,0-16,2006,35
44120,16-64,2006,153
44120,65-100,2006,87
44120,0-16,2007,35
44120,16-64,2007,149
44120,65-100,2007,86
44120,0-16,2008,32
44120,16-64,2008,150
44120,65-100,2008,81
44120,0-16,2009,30
44120,16-64,2009,152
44120,65-100,2009,70
44120,0-16,2010,30
44120,16-64,2010,149
44120,65-100,2010,64
44120,0-16,2011,30
44120,16-64,2011,154
44120,65-100,2011,63
44120,0-16,2012,28
44120,16-64,2012,146
44120,65-100,2012,62
44120,0-16,2013,25
44120,16-64,2013,155
44120,65-100,2013,65
44120,0-16,2014,22
44120,16-64,2014,157
44120,65-100,2014,69
44120,0-16,2015,22
44120,16-64,2015,166
44120,65-100,2015,59
44120,0-16,2016,19
44120,16-64,2016,166
44120,65-100,2016,60
44120,0-16,2017,18
44120,16-64,2017,168
44120,65-100,2017,55
44120,0-16,2018,16
44120,16-64,2018,172
44120,65-100,2018,54
44120,0-16,2019,20
44120,16-64,2019,167
44120,65-100,2019,54
44120,0-16,2020,21
44120,16-64,2020,166
44120,65-100,2020,57
44120,0-16,2021,25
44120,16-64,2021,169
44120,65-100,2021,59
44120,0-16,2022,24
44120,16-64,2022,166
44120,65-100,2022,59
44121,0-16,2003,8
44121,16-64,2003,47
44121,65-100,2003,26
44121,0-16,2004,5
44121,16-64,2004,47
44121,65-100,2004,28
44121,0-16,2005,13
44121,16-64,2005,58
44121,65-100,2005,29
44121,0-16,2006,15
44121,16-64,2006,57
44121,65-100,2006,29
44121,0-16,2007,17
44121,16-64,2007,58
44121,65-100,2007,26
44121,0-16,2008,21
44121,16-64,2008,61
44121,65-100,2008,25
44121,0-16,2009,11
44121,16-64,2009,53
44121,65-100,2009,23
44121,0-16,2010,7
44121,16-64,2010,53
44121,65-100,2010,24
44121,0-16,2011,9
44121,16-64,2011,52
44121,65-100,2011,21
44121,0-16,2012,11
44121,16-64,2012,48
44121,65-100,2012,18
44121,0-16,2013,16
44121,16-64,2013,48
44121,65-100,2013,20
44121,0-16,2014,14
44121,16-64,2014,42
44121,65-100,2014,20
44121,0-16,2015,13
44121,16-64,2015,44
44121,65-100,2015,20
44121,0-16,2016,12
44121,16-64,2016,41
44121,65-100,2016,20
44121,0-16,2017,16
44121,16-64,2017,46
44121,65-100,2017,19
44121,0-16,2018,12
44121,16-64,2018,42
44121,65-100,2018,18
44121,0-16,2019,13
44121,16-64,2019,49
44121,65-100,2019,14
44121,0-16,2020,13
44121,16-64,2020,50
44121,65-100,2020,14
44121,0-16,2021,15
44121,16-64,2021,47
44121,65-100,2021,17
44121,0-16,2022,13
44121,16-64,2022,43
44121,65-100,2022,17
44122,0-16,2003,239
44122,16-64,2003,1055
44122,65-100,2003,589
44122,0-16,2004,247
44122,16-64,2004,1074
44122,65-100,2004,586
44122,0-16,2005,253
44122,16-64,2005,1083
44122,65-100,2005,576
44122,0-16,2006,252
44122,16-64,2006,1073
44122,65-100,2006,573
44122,0-16,2007,257
44122,16-64,2007,1148
44122,65-100,2007,563
44122,0-16,2008,246
44122,16-64,2008,1133
44122,65-100,2008,549
44122,0-16,2009,259
44122,16-64,2009,1112
44122,65-100,2009,529
44122,0-16,2010,255
44122,16-64,2010,1116
44122,65-100,2010,528
44122,0-16,2011,250
44122,16-64,2011,1093
44122,65-100,2011,529
44122,0-16,2012,241
44122,16-64,2012,1050
44122,65-100,2012,515
44122,0-16,2013,237
44122,16-64,2013,1034
44122,65-100,2013,503
44122,0-16,2014,239
44122,16-64,2014,1017
44122,65-100,2014,507
44122,0-16,2015,244
44122,16-64,2015,1037
44122,65-100,2015,480
44122,0-16,2016,235
44122,16-64,2016,1028
44122,65-100,2016,461
44122,0-16,2017,217
44122,16-64,2017,1020
44122,65-100,2017,460
44122,0-16,2018,231
44122,16-64,2018,1013
44122,65-100,2018,465
44122,0-16,2019,247
44122,16-64,2019,1021
44122,65-100,2019,453
44122,0-16,2020,239
44122,16-64,2020,1064
44122,65-100,2020,451
44122,0-16,2021,234
44122,16-64,2021,1087
44122,65-100,2021,450
44122,0-16,2022,245
44122,16-64,2022,1052
44122,65-100,2022,454
44123,0-16,2003,11
44123,16-64,2003,82
44123,65-100,2003,73
44123,0-16,2004,9
44123,16-64,2004,82
44123,65-100,2004,67
44123,0-16,2005,11
44123,16-64,2005,87
44123,65-100,2005,64
44123,0-16,2006,8
44123,16-64,2006,85
44123,65-100,2006,55
44123,0-16,2007,10
44123,16-64,2007,91
44123,65-100,2007,56
44123,0-16,2008,6
44123,16-64,2008,90
44123,65-100,2008,54
44123,0-16,2009,13
44123,16-64,2009,87
44123,65-100,2009,53
44123,0-16,2010,13
44123,16-64,2010,83
44123,65-100,2010,55
44123,0-16,2011,17
44123,16-64,2011,80
44123,65-100,2011,53
44123,0-16,2012,16
44123,16-64,2012,84
44123,65-100,2012,51
44123,0-16,2013,13
44123,16-64,2013,81
44123,65-100,2013,52
44123,0-16,2014,9
44123,16-64,2014,78
44123,65-100,2014,49
44123,0-16,2015,12
44123,16-64,2015,76
44123,65-100,2015,48
44123,0-16,2016,10
44123,16-64,2016,73
44123,65-100,2016,48
44123,0-16,2017,12
44123,16-64,2017,71
44123,65-100,2017,49
44123,0-16,2018,6
44123,16-64,2018,62
44123,65-100,2018,51
44123,0-16,2019,4
44123,16-64,2019,58
44123,65-100,2019,49
44123,0-16,2020,4
44123,16-64,2020,59
44123,65-100,2020,49
44123,0-16,2021,3
44123,16-64,2021,56
44123,65-100,2021,51
44123,0-16,2022,1
44123,16-64,2022,57
44123,65-100,2022,48
44124,0-16,2003,3
44124,16-64,2003,49
44124,65-100,2003,57
44124,0-16,2004,3
44124,16-64,2004,54
44124,65-100,2004,51
44124,0-16,2005,3
44124,16-64,2005,52
44124,65-100,2005,51
44124,0-16,2006,2
44124,16-64,2006,53
44124,65-100,2006,45
44124,0-16,2007,1
44124,16-64,2007,56
44124,65-100,2007,39
44124,0-16,2008,1
44124,16-64,2008,58
44124,65-100,2008,37
44124,0-16,2009,1
44124,16-64,2009,57
44124,65-100,2009,38
44124,0-16,2010,1
44124,16-64,2010,55
44124,65-100,2010,32
44124,0-16,2011,1
44124,16-64,2011,57
44124,65-100,2011,31
44124,0-16,2012,1
44124,16-64,2012,48
44124,65-100,2012,30
44124,0-16,2013,3
44124,16-64,2013,49
44124,65-100,2013,31
44124,0-16,2014,2
44124,16-64,2014,47
44124,65-100,2014,32
44124,0-16,2015,2
44124,16-64,2015,47
44124,65-100,2015,33
44124,0-16,2016,4
44124,16-64,2016,43
44124,65-100,2016,32
44124,0-16,2017,8
44124,16-64,2017,46
44124,65-100,2017,32
44124,0-16,2018,9
44124,16-64,2018,45
44124,65-100,2018,31
44124,0-16,2019,9
44124,16-64,2019,45
44124,65-100,2019,29
44124,0-16,2020,9
44124,16-64,2020,44
44124,65-100,2020,28
44124,0-16,2021,11
44124,16-64,2021,51
44124,65-100,2021,29
44124,0-16,2022,10
44124,16-64,2022,51
44124,65-100,2022,29
44125,0-16,2003,1
44125,16-64,2003,62
44125,65-100,2003,65
44125,0-16,2004,1
44125,16-64,2004,49
44125,65-100,2004,66
44125,0-16,2005,0
44125,16-64,2005,48
44125,65-100,2005,63
44125,0-16,2006,1
44125,16-64,2006,46
44125,65-100,2006,59
44125,0-16,2007,2
44125,16-64,2007,46
44125,65-100,2007,57
44125,0-16,2008,3
44125,16-64,2008,48
44125,65-100,2008,50
44125,0-16,2009,4
44125,16-64,2009,47
44125,65-100,2009,46
44125,0-16,2010,4
44125,16-64,2010,42
44125,65-100,2010,44
44125,0-16,2011,5
44125,16-64,2011,44
44125,65-100,2011,43
44125,0-16,2012,5
44125,16-64,2012,40
44125,65-100,2012,41
44125,0-16,2013,5
44125,16-64,2013,36
44125,65-100,2013,41
44125,0-16,2014,3
44125,16-64,2014,31
44125,65-100,2014,39
44125,0-16,2015,3
44125,16-64,2015,29
44125,65-100,2015,41
44125,0-16,2016,3
44125,16-64,2016,29
44125,65-100,2016,37
44125,0-16,2017,3
44125,16-64,2017,34
44125,65-100,2017,30
44125,0-16,2018,2
44125,16-64,2018,33
44125,65-100,2018,32
44125,0-16,2019,3
44125,16-64,2019,39
44125,65-100,2019,31
44125,0-16,2020,0
44125,16-64,2020,37
44125,65-100,2020,32
44125,0-16,2021,0
44125,16-64,2021,43
44125,65-100,2021,30
44125,0-16,2022,0
44125,16-64,2022,42
44125,65-100,2022,29
44126,0-16,2003,57
44126,16-64,2003,272
44126,65-100,2003,155
44126,0-16,2004,59
44126,16-64,2004,290
44126,65-100,2004,152
44126,0-16,2005,60
44126,16-64,2005,286
44126,65-100,2005,146
44126,0-16,2006,62
44126,16-64,2006,290
44126,65-100,2006,146
44126,0-16,2007,59
44126,16-64,2007,292
44126,65-100,2007,140
44126,0-16,2008,69
44126,16-64,2008,296
44126,65-100,2008,140
44126,0-16,2009,68
44126,16-64,2009,298
44126,65-100,2009,136
44126,0-16,2010,69
44126,16-64,2010,300
44126,65-100,2010,136
44126,0-16,2011,74
44126,16-64,2011,292
44126,65-100,2011,135
44126,0-16,2012,75
44126,16-64,2012,291
44126,65-100,2012,130
44126,0-16,2013,67
44126,16-64,2013,284
44126,65-100,2013,118
44126,0-16,2014,60
44126,16-64,2014,279
44126,65-100,2014,123
44126,0-16,2015,54
44126,16-64,2015,258
44126,65-100,2015,120
44126,0-16,2016,49
44126,16-64,2016,264
44126,65-100,2016,111
44126,0-16,2017,45
44126,16-64,2017,261
44126,65-100,2017,108
44126,0-16,2018,44
44126,16-64,2018,271
44126,65-100,2018,99
44126,0-16,2019,47
44126,16-64,2019,261
44126,65-100,2019,102
44126,0-16,2020,49
44126,16-64,2020,254
44126,65-100,2020,99
44126,0-16,2021,50
44126,16-64,2021,253
44126,65-100,2021,104
44126,0-16,2022,45
44126,16-64,2022,246
44126,65-100,2022,104
44127,0-16,2003,4
44127,16-64,2003,34
44127,65-100,2003,37
44127,0-16,2004,5
44127,16-64,2004,36
44127,65-100,2004,38
44127,0-16,2005,4
44127,16-64,2005,41
44127,65-100,2005,42
44127,0-16,2006,3
44127,16-64,2006,37
44127,65-100,2006,42
44127,0-16,2007,4
44127,16-64,2007,42
44127,65-100,2007,39
44127,0-16,2008,4
44127,16-64,2008,43
44127,65-100,2008,38
44127,0-16,2009,6
44127,16-64,2009,46
44127,65-100,2009,37
44127,0-16,2010,2
44127,16-64,2010,42
44127,65-100,2010,37
44127,0-16,2011,1
44127,16-64,2011,51
44127,65-100,2011,38
44127,0-16,2012,2
44127,16-64,2012,46
44127,65-100,2012,35
44127,0-16,2013,1
44127,16-64,2013,45
44127,65-100,2013,32
44127,0-16,2014,0
44127,16-64,2014,41
44127,65-100,2014,32
44127,0-16,2015,0
44127,16-64,2015,44
44127,65-100,2015,33
44127,0-16,2016,1
44127,16-64,2016,48
44127,65-100,2016,28
44127,0-16,2017,1
44127,16-64,2017,45
44127,65-100,2017,22
44127,0-16,2018,1
44127,16-64,2018,43
44127,65-100,2018,21
44127,0-16,2019,0
44127,16-64,2019,44
44127,65-100,2019,19
44127,0-16,2020,0
44127,16-64,2020,40
44127,65-100,2020,19
44127,0-16,2021,0
44127,16-64,2021,41
44127,65-100,2021,20
44127,0-16,2022,0
44127,16-64,2022,42
44127,65-100,2022,23
44128,0-16,2003,4
44128,16-64,2003,51
44128,65-100,2003,44
44128,0-16,2004,2
44128,16-64,2004,51
44128,65-100,2004,43
44128,0-16,2005,1
44128,16-64,2005,55
44128,65-100,2005,43
44128,0-16,2006,1
44128,16-64,2006,56
44128,65-100,2006,42
44128,0-16,2007,2
44128,16-64,2007,52
44128,65-100,2007,43
44128,0-16,2008,3
44128,16-64,2008,53
44128,65-100,2008,44
44128,0-16,2009,3
44128,16-64,2009,50
44128,65-100,2009,46
44128,0-16,2010,4
44128,16-64,2010,43
44128,65-100,2010,43
44128,0-16,2011,4
44128,16-64,2011,45
44128,65-100,2011,40
44128,0-16,2012,5
44128,16-64,2012,49
44128,65-100,2012,37
44128,0-16,2013,5
44128,16-64,2013,44
44128,65-100,2013,38
44128,0-16,2014,5
44128,16-64,2014,39
44128,65-100,2014,38
44128,0-16,2015,5
44128,16-64,2015,37
44128,65-100,2015,36
44128,0-16,2016,5
44128,16-64,2016,37
44128,65-100,2016,32
44128,0-16,2017,6
44128,16-64,2017,36
44128,65-100,2017,30
44128,0-16,2018,5
44128,16-64,2018,35
44128,65-100,2018,30
44128,0-16,2019,5
44128,16-64,2019,32
44128,65-100,2019,29
44128,0-16,2020,5
44128,16-64,2020,31
44128,65-100,2020,26
44128,0-16,2021,5
44128,16-64,2021,30
44128,65-100,2021,25
44128,0-16,2022,4
44128,16-64,2022,28
44128,65-100,2022,24
44129,0-16,2003,4
44129,16-64,2003,25
44129,65-100,2003,24
44129,0-16,2004,5
44129,16-64,2004,30
44129,65-100,2004,28
44129,0-16,2005,5
44129,16-64,2005,31
44129,65-100,2005,25
44129,0-16,2006,4
44129,16-64,2006,34
44129,65-100,2006,25
44129,0-16,2007,3
44129,16-64,2007,30
44129,65-100,2007,22
44129,0-16,2008,1
44129,16-64,2008,33
44129,65-100,2008,23
44129,0-16,2009,3
44129,16-64,2009,33
44129,65-100,2009,19
44129,0-16,2010,4
44129,16-64,2010,31
44129,65-100,2010,17
44129,0-16,2011,2
44129,16-64,2011,30
44129,65-100,2011,20
44129,0-16,2012,2
44129,16-64,2012,30
44129,65-100,2012,17
44129,0-16,2013,2
44129,16-64,2013,30
44129,65-100,2013,18
44129,0-16,2014,3
44129,16-64,2014,29
44129,65-100,2014,16
44129,0-16,2015,3
44129,16-64,2015,29
44129,65-100,2015,16
44129,0-16,2016,2
44129,16-64,2016,26
44129,65-100,2016,14
44129,0-16,2017,1
44129,16-64,2017,27
44129,65-100,2017,13
44129,0-16,2018,1
44129,16-64,2018,27
44129,65-100,2018,12
44129,0-16,2019,1
44129,16-64,2019,26
44129,65-100,2019,10
44129,0-16,2020,0
44129,16-64,2020,31
44129,65-100,2020,8
44129,0-16,2021,0
44129,16-64,2021,36
44129,65-100,2021,9
44129,0-16,2022,0
44129,16-64,2022,37
44129,65-100,2022,9
44130,0-16,2003,0
44130,16-64,2003,24
44130,65-100,2003,16
44130,0-16,2004,0
44130,16-64,2004,22
44130,65-100,2004,17
44130,0-16,2005,0
44130,16-64,2005,22
44130,65-100,2005,17
44130,0-16,2006,0
44130,16-64,2006,23
44130,65-100,2006,18
44130,0-16,2007,0
44130,16-64,2007,24
44130,65-100,2007,22
44130,0-16,2008,1
44130,16-64,2008,24
44130,65-100,2008,21
44130,0-16,2009,1
44130,16-64,2009,21
44130,65-100,2009,20
44130,0-16,2010,2
44130,16-64,2010,21
44130,65-100,2010,20
44130,0-16,2011,3
44130,16-64,2011,20
44130,65-100,2011,21
44130,0-16,2012,3
44130,16-64,2012,20
44130,65-100,2012,18
44130,0-16,2013,3
44130,16-64,2013,18
44130,65-100,2013,17
44130,0-16,2014,2
44130,16-64,2014,18
44130,65-100,2014,17
44130,0-16,2015,4
44130,16-64,2015,20
44130,65-100,2015,17
44130,0-16,2016,2
44130,16-64,2016,21
44130,65-100,2016,15
44130,0-16,2017,2
44130,16-64,2017,14
44130,65-100,2017,16
44130,0-16,2018,2
44130,16-64,2018,16
44130,65-100,2018,16
44130,0-16,2019,2
44130,16-64,2019,14
44130,65-100,2019,14
44130,0-16,2020,2
44130,16-64,2020,14
44130,65-100,2020,13
44130,0-16,2021,2
44130,16-64,2021,17
44130,65-100,2021,15
44130,0-16,2022,3
44130,16-64,2022,19
44130,65-100,2022,14
44131,0-16,2003,0
44131,16-64,2003,18
44131,65-100,2003,15
44131,0-16,2004,0
44131,16-64,2004,15
44131,65-100,2004,15
44131,0-16,2005,6
44131,16-64,2005,17
44131,65-100,2005,15
44131,0-16,2006,6
44131,16-64,2006,18
44131,65-100,2006,15
44131,0-16,2007,4
44131,16-64,2007,17
44131,65-100,2007,14
44131,0-16,2008,4
44131,16-64,2008,16
44131,65-100,2008,13
44131,0-16,2009,4
44131,16-64,2009,14
44131,65-100,2009,11
44131,0-16,2010,3
44131,16-64,2010,20
44131,65-100,2010,11
44131,0-16,2011,3
44131,16-64,2011,23
44131,65-100,2011,12
44131,0-16,2012,1
44131,16-64,2012,25
44131,65-100,2012,12
44131,0-16,2013,1
44131,16-64,2013,22
44131,65-100,2013,13
44131,0-16,2014,1
44131,16-64,2014,24
44131,65-100,2014,11
44131,0-16,2015,1
44131,16-64,2015,20
44131,65-100,2015,15
44131,0-16,2016,1
44131,16-64,2016,18
44131,65-100,2016,15
44131,0-16,2017,0
44131,16-64,2017,17
44131,65-100,2017,15
44131,0-16,2018,1
44131,16-64,2018,19
44131,65-100,2018,14
44131,0-16,2019,1
44131,16-64,2019,19
44131,65-100,2019,14
44131,0-16,2020,1
44131,16-64,2020,20
44131,65-100,2020,13
44131,0-16,2021,2
44131,16-64,2021,22
44131,65-100,2021,12
44131,0-16,2022,2
44131,16-64,2022,25
44131,65-100,2022,15
44132,0-16,2003,1
44132,16-64,2003,26
44132,65-100,2003,31
44132,0-16,2004,1
44132,16-64,2004,23
44132,65-100,2004,32
44132,0-16,2005,1
44132,16-64,2005,23
44132,65-100,2005,32
44132,0-16,2006,0
44132,16-64,2006,27
44132,65-100,2006,32
44132,0-16,2007,0
44132,16-64,2007,30
44132,65-100,2007,35
44132,0-16,2008,0
44132,16-64,2008,31
44132,65-100,2008,35
44132,0-16,2009,0
44132,16-64,2009,31
44132,65-100,2009,35
44132,0-16,2010,1
44132,16-64,2010,26
44132,65-100,2010,35
44132,0-16,2011,2
44132,16-64,2011,29
44132,65-100,2011,37
44132,0-16,2012,4
44132,16-64,2012,29
44132,65-100,2012,36
44132,0-16,2013,5
44132,16-64,2013,33
44132,65-100,2013,34
44132,0-16,2014,8
44132,16-64,2014,35
44132,65-100,2014,35
44132,0-16,2015,8
44132,16-64,2015,37
44132,65-100,2015,36
44132,0-16,2016,9
44132,16-64,2016,35
44132,65-100,2016,35
44132,0-16,2017,13
44132,16-64,2017,37
44132,65-100,2017,34
44132,0-16,2018,10
44132,16-64,2018,32
44132,65-100,2018,36
44132,0-16,2019,10
44132,16-64,2019,29
44132,65-100,2019,34
44132,0-16,2020,9
44132,16-64,2020,28
44132,65-100,2020,32
44132,0-16,2021,6
44132,16-64,2021,30
44132,65-100,2021,30
44132,0-16,2022,6
44132,16-64,2022,37
44132,65-100,2022,28
44133,0-16,2003,4
44133,16-64,2003,15
44133,65-100,2003,16
44133,0-16,2004,2
44133,16-64,2004,11
44133,65-100,2004,18
44133,0-16,2005,2
44133,16-64,2005,10
44133,65-100,2005,17
44133,0-16,2006,2
44133,16-64,2006,10
44133,65-100,2006,15
44133,0-16,2007,1
44133,16-64,2007,13
44133,65-100,2007,12
44133,0-16,2008,0
44133,16-64,2008,17
44133,65-100,2008,12
44133,0-16,2009,0
44133,16-64,2009,17
44133,65-100,2009,11
44133,0-16,2010,1
44133,16-64,2010,16
44133,65-100,2010,8
44133,0-16,2011,2
44133,16-64,2011,18
44133,65-100,2011,7
44133,0-16,2012,2
44133,16-64,2012,19
44133,65-100,2012,7
44133,0-16,2013,2
44133,16-64,2013,18
44133,65-100,2013,7
44133,0-16,2014,3
44133,16-64,2014,19
44133,65-100,2014,8
44133,0-16,2015,2
44133,16-64,2015,19
44133,65-100,2015,8
44133,0-16,2016,3
44133,16-64,2016,17
44133,65-100,2016,7
44133,0-16,2017,2
44133,16-64,2017,18
44133,65-100,2017,7
44133,0-16,2018,3
44133,16-64,2018,16
44133,65-100,2018,5
44133,0-16,2019,3
44133,16-64,2019,13
44133,65-100,2019,6
44133,0-16,2020,3
44133,16-64,2020,13
44133,65-100,2020,6
44133,0-16,2021,4
44133,16-64,2021,16
44133,65-100,2021,5
44133,0-16,2022,4
44133,16-64,2022,16
44133,65-100,2022,5
44135,0-16,2003,4
44135,16-64,2003,71
44135,65-100,2003,78
44135,0-16,2004,3
44135,16-64,2004,68
44135,65-100,2004,79
44135,0-16,2005,3
44135,16-64,2005,68
44135,65-100,2005,75
44135,0-16,2006,3
44135,16-64,2006,66
44135,65-100,2006,73
44135,0-16,2007,5
44135,16-64,2007,66
44135,65-100,2007,74
44135,0-16,2008,6
44135,16-64,2008,68
44135,65-100,2008,75
44135,0-16,2009,5
44135,16-64,2009,69
44135,65-100,2009,74
44135,0-16,2010,4
44135,16-64,2010,74
44135,65-100,2010,75
44135,0-16,2011,3
44135,16-64,2011,77
44135,65-100,2011,76
44135,0-16,2012,3
44135,16-64,2012,68
44135,65-100,2012,70
44135,0-16,2013,2
44135,16-64,2013,64
44135,65-100,2013,71
44135,0-16,2014,1
44135,16-64,2014,59
44135,65-100,2014,69
44135,0-16,2015,1
44135,16-64,2015,56
44135,65-100,2015,67
44135,0-16,2016,0
44135,16-64,2016,55
44135,65-100,2016,58
44135,0-16,2017,0
44135,16-64,2017,48
44135,65-100,2017,55
44135,0-16,2018,0
44135,16-64,2018,50
44135,65-100,2018,51
44135,0-16,2019,0
44135,16-64,2019,55
44135,65-100,2019,47
44135,0-16,2020,0
44135,16-64,2020,58
44135,65-100,2020,42
44135,0-16,2021,2
44135,16-64,2021,61
44135,65-100,2021,41
44135,0-16,2022,2
44135,16-64,2022,63
44135,65-100,2022,37
44136,0-16,2003,1
44136,16-64,2003,31
44136,65-100,2003,38
44136,0-16,2004,4
44136,16-64,2004,35
44136,65-100,2004,36
44136,0-16,2005,5
44136,16-64,2005,32
44136,65-100,2005,35
44136,0-16,2006,5
44136,16-64,2006,33
44136,65-100,2006,36
44136,0-16,2007,4
44136,16-64,2007,38
44136,65-100,2007,34
44136,0-16,2008,3
44136,16-64,2008,31
44136,65-100,2008,32
44136,0-16,2009,2
44136,16-64,2009,29
44136,65-100,2009,32
44136,0-16,2010,3
44136,16-64,2010,24
44136,65-100,2010,30
44136,0-16,2011,3
44136,16-64,2011,22
44136,65-100,2011,31
44136,0-16,2012,3
44136,16-64,2012,21
44136,65-100,2012,31
44136,0-16,2013,4
44136,16-64,2013,20
44136,65-100,2013,30
44136,0-16,2014,4
44136,16-64,2014,21
44136,65-100,2014,29
44136,0-16,2015,4
44136,16-64,2015,20
44136,65-100,2015,28
44136,0-16,2016,3
44136,16-64,2016,25
44136,65-100,2016,27
44136,0-16,2017,3
44136,16-64,2017,22
44136,65-100,2017,28
44136,0-16,2018,3
44136,16-64,2018,24
44136,65-100,2018,28
44136,0-16,2019,2
44136,16-64,2019,28
44136,65-100,2019,27
44136,0-16,2020,2
44136,16-64,2020,25
44136,65-100,2020,27
44136,0-16,2021,0
44136,16-64,2021,29
44136,65-100,2021,25
44136,0-16,2022,0
44136,16-64,2022,30
44136,65-100,2022,23
44137,0-16,2003,38
44137,16-64,2003,181
44137,65-100,2003,104
44137,0-16,2004,35
44137,16-64,2004,201
44137,65-100,2004,93
44137,0-16,2005,33
44137,16-64,2005,198
44137,65-100,2005,89
44137,0-16,2006,30
44137,16-64,2006,198
44137,65-100,2006,79
44137,0-16,2007,30
44137,16-64,2007,196
44137,65-100,2007,83
44137,0-16,2008,27
44137,16-64,2008,214
44137,65-100,2008,83
44137,0-16,2009,33
44137,16-64,2009,211
44137,65-100,2009,84
44137,0-16,2010,31
44137,16-64,2010,199
44137,65-100,2010,83
44137,0-16,2011,30
44137,16-64,2011,186
44137,65-100,2011,84
44137,0-16,2012,27
44137,16-64,2012,186
44137,65-100,2012,83
44137,0-16,2013,21
44137,16-64,2013,176
44137,65-100,2013,79
44137,0-16,2014,24
44137,16-64,2014,180
44137,65-100,2014,70
44137,0-16,2015,25
44137,16-64,2015,185
44137,65-100,2015,77
44137,0-16,2016,21
44137,16-64,2016,176
44137,65-100,2016,70
44137,0-16,2017,22
44137,16-64,2017,171
44137,65-100,2017,67
44137,0-16,2018,23
44137,16-64,2018,159
44137,65-100,2018,67
44137,0-16,2019,19
44137,16-64,2019,146
44137,65-100,2019,69
44137,0-16,2020,15
44137,16-64,2020,141
44137,65-100,2020,69
44137,0-16,2021,20
44137,16-64,2021,135
44137,65-100,2021,71
44137,0-16,2022,27
44137,16-64,2022,137
44137,65-100,2022,71
44138,0-16,2003,12
44138,16-64,2003,81
44138,65-100,2003,98
44138,0-16,2004,8
44138,16-64,2004,77
44138,65-100,2004,99
44138,0-16,2005,11
44138,16-64,2005,84
44138,65-100,2005,96
44138,0-16,2006,11
44138,16-64,2006,86
44138,65-100,2006,88
44138,0-16,2007,7
44138,16-64,2007,90
44138,65-100,2007,93
44138,0-16,2008,8
44138,16-64,2008,92
44138,65-100,2008,89
44138,0-16,2009,11
44138,16-64,2009,84
44138,65-100,2009,81
44138,0-16,2010,11
44138,16-64,2010,86
44138,65-100,2010,80
44138,0-16,2011,15
44138,16-64,2011,87
44138,65-100,2011,77
44138,0-16,2012,13
44138,16-64,2012,84
44138,65-100,2012,78
44138,0-16,2013,3
44138,16-64,2013,77
44138,65-100,2013,76
44138,0-16,2014,3
44138,16-64,2014,75
44138,65-100,2014,76
44138,0-16,2015,3
44138,16-64,2015,71
44138,65-100,2015,77
44138,0-16,2016,4
44138,16-64,2016,63
44138,65-100,2016,71
44138,0-16,2017,3
44138,16-64,2017,70
44138,65-100,2017,66
44138,0-16,2018,1
44138,16-64,2018,72
44138,65-100,2018,56
44138,0-16,2019,1
44138,16-64,2019,70
44138,65-100,2019,51
44138,0-16,2020,2
44138,16-64,2020,74
44138,65-100,2020,49
44138,0-16,2021,1
44138,16-64,2021,71
44138,65-100,2021,50
44138,0-16,2022,2
44138,16-64,2022,64
44138,65-100,2022,52
44141,0-16,2003,24
44141,16-64,2003,107
44141,65-100,2003,69
44141,0-16,2004,21
44141,16-64,2004,105
44141,65-100,2004,65
44141,0-16,2005,20
44141,16-64,2005,102
44141,65-100,2005,64
44141,0-16,2006,17
44141,16-64,2006,102
44141,65-100,2006,62
44141,0-16,2007,14
44141,16-64,2007,110
44141,65-100,2007,60
44141,0-16,2008,13
44141,16-64,2008,109
44141,65-100,2008,60
44141,0-16,2009,13
44141,16-64,2009,101
44141,65-100,2009,61
44141,0-16,2010,11
44141,16-64,2010,102
44141,65-100,2010,57
44141,0-16,2011,11
44141,16-64,2011,101
44141,65-100,2011,56
44141,0-16,2012,11
44141,16-64,2012,103
44141,65-100,2012,55
44141,0-16,2013,14
44141,16-64,2013,106
44141,65-100,2013,52
44141,0-16,2014,16
44141,16-64,2014,105
44141,65-100,2014,48
44141,0-16,2015,18
44141,16-64,2015,107
44141,65-100,2015,44
44141,0-16,2016,16
44141,16-64,2016,101
44141,65-100,2016,46
44141,0-16,2017,21
44141,16-64,2017,99
44141,65-100,2017,46
44141,0-16,2018,21
44141,16-64,2018,99
44141,65-100,2018,52
44141,0-16,2019,21
44141,16-64,2019,87
44141,65-100,2019,51
44141,0-16,2020,19
44141,16-64,2020,85
44141,65-100,2020,51
44141,0-16,2021,20
44141,16-64,2021,96
44141,65-100,2021,56
44141,0-16,2022,25
44141,16-64,2022,93
44141,65-100,2022,53
44142,0-16,2003,0
44142,16-64,2003,27
44142,65-100,2003,12
44142,0-16,2004,0
44142,16-64,2004,26
44142,65-100,2004,13
44142,0-16,2005,0
44142,16-64,2005,27
44142,65-100,2005,12
44142,0-16,2006,0
44142,16-64,2006,25
44142,65-100,2006,11
44142,0-16,2007,0
44142,16-64,2007,23
44142,65-100,2007,13
44142,0-16,2008,0
44142,16-64,2008,26
44142,65-100,2008,12
44142,0-16,2009,0
44142,16-64,2009,25
44142,65-100,2009,12
44142,0-16,2010,0
44142,16-64,2010,27
44142,65-100,2010,15
44142,0-16,2011,0
44142,16-64,2011,25
44142,65-100,2011,14
44142,0-16,2012,0
44142,16-64,2012,24
44142,65-100,2012,14
44142,0-16,2013,0
44142,16-64,2013,24
44142,65-100,2013,12
44142,0-16,2014,0
44142,16-64,2014,22
44142,65-100,2014,13
44142,0-16,2015,0
44142,16-64,2015,21
44142,65-100,2015,15
44142,0-16,2016,0
44142,16-64,2016,19
44142,65-100,2016,16
44142,0-16,2017,0
44142,16-64,2017,17
44142,65-100,2017,14
44142,0-16,2018,0
44142,16-64,2018,14
44142,65-100,2018,13
44142,0-16,2019,0
44142,16-64,2019,15
44142,65-100,2019,13
44142,0-16,2020,0
44142,16-64,2020,17
44142,65-100,2020,14
44142,0-16,2021,0
44142,16-64,2021,17
44142,65-100,2021,14
44142,0-16,2022,0
44142,16-64,2022,16
44142,65-100,2022,15
44143,0-16,2003,67
44143,16-64,2003,279
44143,65-100,2003,143
44143,0-16,2004,59
44143,16-64,2004,270
44143,65-100,2004,142
44143,0-16,2005,68
44143,16-64,2005,313
44143,65-100,2005,135
44143,0-16,2006,68
44143,16-64,2006,323
44143,65-100,2006,133
44143,0-16,2007,70
44143,16-64,2007,341
44143,65-100,2007,132
44143,0-16,2008,71
44143,16-64,2008,344
44143,65-100,2008,126
44143,0-16,2009,85
44143,16-64,2009,342
44143,65-100,2009,134
44143,0-16,2010,83
44143,16-64,2010,341
44143,65-100,2010,127
44143,0-16,2011,82
44143,16-64,2011,346
44143,65-100,2011,134
44143,0-16,2012,82
44143,16-64,2012,340
44143,65-100,2012,132
44143,0-16,2013,81
44143,16-64,2013,323
44143,65-100,2013,135
44143,0-16,2014,76
44143,16-64,2014,316
44143,65-100,2014,134
44143,0-16,2015,71
44143,16-64,2015,315
44143,65-100,2015,124
44143,0-16,2016,61
44143,16-64,2016,322
44143,65-100,2016,119
44143,0-16,2017,63
44143,16-64,2017,330
44143,65-100,2017,119
44143,0-16,2018,60
44143,16-64,2018,343
44143,65-100,2018,116
44143,0-16,2019,64
44143,16-64,2019,354
44143,65-100,2019,113
44143,0-16,2020,65
44143,16-64,2020,338
44143,65-100,2020,113
44143,0-16,2021,65
44143,16-64,2021,348
44143,65-100,2021,114
44143,0-16,2022,70
44143,16-64,2022,355
44143,65-100,2022,108
44144,0-16,2003,65
44144,16-64,2003,274
44144,65-100,2003,136
44144,0-16,2004,69
44144,16-64,2004,277
44144,65-100,2004,128
44144,0-16,2005,72
44144,16-64,2005,277
44144,65-100,2005,126
44144,0-16,2006,73
44144,16-64,2006,280
44144,65-100,2006,119
44144,0-16,2007,73
44144,16-64,2007,278
44144,65-100,2007,116
44144,0-16,2008,81
44144,16-64,2008,271
44144,65-100,2008,114
44144,0-16,2009,80
44144,16-64,2009,272
44144,65-100,2009,115
44144,0-16,2010,80
44144,16-64,2010,279
44144,65-100,2010,110
44144,0-16,2011,69
44144,16-64,2011,261
44144,65-100,2011,102
44144,0-16,2012,67
44144,16-64,2012,259
44144,65-100,2012,103
44144,0-16,2013,68
44144,16-64,2013,262
44144,65-100,2013,107
44144,0-16,2014,63
44144,16-64,2014,261
44144,65-100,2014,113
44144,0-16,2015,63
44144,16-64,2015,251
44144,65-100,2015,127
44144,0-16,2016,56
44144,16-64,2016,246
44144,65-100,2016,127
44144,0-16,2017,62
44144,16-64,2017,241
44144,65-100,2017,129
44144,0-16,2018,55
44144,16-64,2018,236
44144,65-100,2018,126
44144,0-16,2019,49
44144,16-64,2019,237
44144,65-100,2019,115
44144,0-16,2020,41
44144,16-64,2020,233
44144,65-100,2020,113
44144,0-16,2021,37
44144,16-64,2021,231
44144,65-100,2021,104
44144,0-16,2022,34
44144,16-64,2022,226
44144,65-100,2022,112
44145,0-16,2003,182
44145,16-64,2003,842
44145,65-100,2003,428
44145,0-16,2004,179
44145,16-64,2004,848
44145,65-100,2004,419
44145,0-16,2005,174
44145,16-64,2005,841
44145,65-100,2005,425
44145,0-16,2006,174
44145,16-64,2006,848
44145,65-100,2006,428
44145,0-16,2007,169
44145,16-64,2007,853
44145,65-100,2007,440
44145,0-16,2008,168
44145,16-64,2008,847
44145,65-100,2008,430
44145,0-16,2009,171
44145,16-64,2009,831
44145,65-100,2009,434
44145,0-16,2010,154
44145,16-64,2010,830
44145,65-100,2010,431
44145,0-16,2011,153
44145,16-64,2011,820
44145,65-100,2011,414
44145,0-16,2012,149
44145,16-64,2012,809
44145,65-100,2012,402
44145,0-16,2013,149
44145,16-64,2013,804
44145,65-100,2013,396
44145,0-16,2014,147
44145,16-64,2014,791
44145,65-100,2014,386
44145,0-16,2015,158
44145,16-64,2015,780
44145,65-100,2015,380
44145,0-16,2016,156
44145,16-64,2016,772
44145,65-100,2016,374
44145,0-16,2017,150
44145,16-64,2017,742
44145,65-100,2017,378
44145,0-16,2018,154
44145,16-64,2018,733
44145,65-100,2018,385
44145,0-16,2019,155
44145,16-64,2019,731
44145,65-100,2019,376
44145,0-16,2020,151
44145,16-64,2020,729
44145,65-100,2020,378
44145,0-16,2021,152
44145,16-64,2021,747
44145,65-100,2021,372
44145,0-16,2022,144
44145,16-64,2022,739
44145,65-100,2022,372
44146,0-16,2003,31
44146,16-64,2003,169
44146,65-100,2003,74
44146,0-16,2004,33
44146,16-64,2004,165
44146,65-100,2004,69
44146,0-16,2005,32
44146,16-64,2005,168
44146,65-100,2005,66
44146,0-16,2006,37
44146,16-64,2006,168
44146,65-100,2006,63
44146,0-16,2007,35
44146,16-64,2007,165
44146,65-100,2007,64
44146,0-16,2008,29
44146,16-64,2008,175
44146,65-100,2008,64
44146,0-16,2009,29
44146,16-64,2009,180
44146,65-100,2009,62
44146,0-16,2010,38
44146,16-64,2010,194
44146,65-100,2010,57
44146,0-16,2011,41
44146,16-64,2011,184
44146,65-100,2011,58
44146,0-16,2012,44
44146,16-64,2012,178
44146,65-100,2012,59
44146,0-16,2013,46
44146,16-64,2013,173
44146,65-100,2013,61
44146,0-16,2014,44
44146,16-64,2014,167
44146,65-100,2014,57
44146,0-16,2015,44
44146,16-64,2015,157
44146,65-100,2015,60
44146,0-16,2016,43
44146,16-64,2016,156
44146,65-100,2016,64
44146,0-16,2017,43
44146,16-64,2017,166
44146,65-100,2017,63
44146,0-16,2018,43
44146,16-64,2018,160
44146,65-100,2018,62
44146,0-16,2019,39
44146,16-64,2019,158
44146,65-100,2019,60
44146,0-16,2020,38
44146,16-64,2020,162
44146,65-100,2020,61
44146,0-16,2021,34
44146,16-64,2021,156
44146,65-100,2021,67
44146,0-16,2022,38
44146,16-64,2022,167
44146,65-100,2022,65
44147,0-16,2003,87
44147,16-64,2003,317
44147,65-100,2003,195
44147,0-16,2004,85
44147,16-64,2004,320
44147,65-100,2004,182
44147,0-16,2005,82
44147,16-64,2005,320
44147,65-100,2005,183
44147,0-16,2006,80
44147,16-64,2006,328
44147,65-100,2006,181
44147,0-16,2007,83
44147,16-64,2007,333
44147,65-100,2007,177
44147,0-16,2008,76
44147,16-64,2008,330
44147,65-100,2008,176
44147,0-16,2009,82
44147,16-64,2009,331
44147,65-100,2009,175
44147,0-16,2010,76
44147,16-64,2010,331
44147,65-100,2010,179
44147,0-16,2011,68
44147,16-64,2011,325
44147,65-100,2011,171
44147,0-16,2012,67
44147,16-64,2012,330
44147,65-100,2012,170
44147,0-16,2013,67
44147,16-64,2013,323
44147,65-100,2013,168
44147,0-16,2014,65
44147,16-64,2014,316
44147,65-100,2014,159
44147,0-16,2015,57
44147,16-64,2015,320
44147,65-100,2015,157
44147,0-16,2016,55
44147,16-64,2016,327
44147,65-100,2016,158
44147,0-16,2017,60
44147,16-64,2017,328
44147,65-100,2017,155
44147,0-16,2018,62
44147,16-64,2018,330
44147,65-100,2018,147
44147,0-16,2019,59
44147,16-64,2019,326
44147,65-100,2019,137
44147,0-16,2020,58
44147,16-64,2020,319
44147,65-100,2020,134
44147,0-16,2021,56
44147,16-64,2021,308
44147,65-100,2021,139
44147,0-16,2022,53
44147,16-64,2022,304
44147,65-100,2022,130
44148,0-16,2003,8
44148,16-64,2003,75
44148,65-100,2003,46
44148,0-16,2004,9
44148,16-64,2004,67
44148,65-100,2004,47
44148,0-16,2005,8
44148,16-64,2005,71
44148,65-100,2005,45
44148,0-16,2006,9
44148,16-64,2006,66
44148,65-100,2006,50
44148,0-16,2007,12
44148,16-64,2007,72
44148,65-100,2007,45
44148,0-16,2008,10
44148,16-64,2008,75
44148,65-100,2008,46
44148,0-16,2009,7
44148,16-64,2009,72
44148,65-100,2009,45
44148,0-16,2010,8
44148,16-64,2010,68
44148,65-100,2010,44
44148,0-16,2011,6
44148,16-64,2011,66
44148,65-100,2011,45
44148,0-16,2012,6
44148,16-64,2012,66
44148,65-100,2012,46
44148,0-16,2013,9
44148,16-64,2013,67
44148,65-100,2013,45
44148,0-16,2014,7
44148,16-64,2014,66
44148,65-100,2014,44
44148,0-16,2015,8
44148,16-64,2015,67
44148,65-100,2015,40
44148,0-16,2016,8
44148,16-64,2016,60
44148,65-100,2016,41
44148,0-16,2017,9
44148,16-64,2017,53
44148,65-100,2017,40
44148,0-16,2018,9
44148,16-64,2018,51
44148,65-100,2018,38
44148,0-16,2019,10
44148,16-64,2019,50
44148,65-100,2019,36
44148,0-16,2020,9
44148,16-64,2020,46
44148,65-100,2020,34
44148,0-16,2021,7
44148,16-64,2021,47
44148,65-100,2021,33
44148,0-16,2022,9
44148,16-64,2022,46
44148,65-100,2022,29
44149,0-16,2003,16
44149,16-64,2003,82
44149,65-100,2003,46
44149,0-16,2004,14
44149,16-64,2004,79
44149,65-100,2004,44
44149,0-16,2005,8
44149,16-64,2005,84
44149,65-100,2005,47
44149,0-16,2006,8
44149,16-64,2006,84
44149,65-100,2006,42
44149,0-16,2007,4
44149,16-64,2007,87
44149,65-100,2007,40
44149,0-16,2008,6
44149,16-64,2008,84
44149,65-100,2008,39
44149,0-16,2009,9
44149,16-64,2009,87
44149,65-100,2009,36
44149,0-16,2010,7
44149,16-64,2010,82
44149,65-100,2010,36
44149,0-16,2011,12
44149,16-64,2011,87
44149,65-100,2011,34
44149,0-16,2012,12
44149,16-64,2012,89
44149,65-100,2012,28
44149,0-16,2013,10
44149,16-64,2013,78
44149,65-100,2013,25
44149,0-16,2014,11
44149,16-64,2014,80
44149,65-100,2014,26
44149,0-16,2015,12
44149,16-64,2015,82
44149,65-100,2015,25
44149,0-16,2016,12
44149,16-64,2016,83
44149,65-100,2016,27
44149,0-16,2017,12
44149,16-64,2017,78
44149,65-100,2017,29
44149,0-16,2018,14
44149,16-64,2018,76
44149,65-100,2018,26
44149,0-16,2019,15
44149,16-64,2019,74
44149,65-100,2019,27
44149,0-16,2020,14
44149,16-64,2020,75
44149,65-100,2020,27
44149,0-16,2021,15
44149,16-64,2021,70
44149,65-100,2021,26
44149,0-16,2022,16
44149,16-64,2022,69
44149,65-100,2022,26
44150,0-16,2003,0
44150,16-64,2003,18
44150,65-100,2003,24
44150,0-16,2004,0
44150,16-64,2004,18
44150,65-100,2004,23
44150,0-16,2005,2
44150,16-64,2005,21
44150,65-100,2005,21
44150,0-16,2006,1
44150,16-64,2006,19
44150,65-100,2006,21
44150,0-16,2007,3
44150,16-64,2007,22
44150,65-100,2007,22
44150,0-16,2008,1
44150,16-64,2008,20
44150,65-100,2008,20
44150,0-16,2009,2
44150,16-64,2009,21
44150,65-100,2009,19
44150,0-16,2010,2
44150,16-64,2010,19
44150,65-100,2010,17
44150,0-16,2011,2
44150,16-64,2011,15
44150,65-100,2011,16
44150,0-16,2012,1
44150,16-64,2012,16
44150,65-100,2012,16
44150,0-16,2013,0
44150,16-64,2013,15
44150,65-100,2013,14
44150,0-16,2014,0
44150,16-64,2014,20
44150,65-100,2014,14
44150,0-16,2015,0
44150,16-64,2015,18
44150,65-100,2015,11
44150,0-16,2016,0
44150,16-64,2016,18
44150,65-100,2016,10
44150,0-16,2017,1
44150,16-64,2017,18
44150,65-100,2017,12
44150,0-16,2018,1
44150,16-64,2018,22
44150,65-100,2018,12
44150,0-16,2019,1
44150,16-64,2019,20
44150,65-100,2019,10
44150,0-16,2020,1
44150,16-64,2020,29
44150,65-100,2020,8
44150,0-16,2021,2
44150,16-64,2021,30
44150,65-100,2021,6
44150,0-16,2022,2
44150,16-64,2022,19
44150,65-100,2022,6
44151,0-16,2003,23
44151,16-64,2003,161
44151,65-100,2003,122
44151,0-16,2004,23
44151,16-64,2004,171
44151,65-100,2004,119
44151,0-16,2005,26
44151,16-64,2005,172
44151,65-100,2005,113
44151,0-16,2006,28
44151,16-64,2006,175
44151,65-100,2006,109
44151,0-16,2007,26
44151,16-64,2007,185
44151,65-100,2007,105
44151,0-16,2008,27
44151,16-64,2008,181
44151,65-100,2008,93
44151,0-16,2009,24
44151,16-64,2009,198
44151,65-100,2009,90
44151,0-16,2010,27
44151,16-64,2010,188
44151,65-100,2010,88
44151,0-16,2011,23
44151,16-64,2011,178
44151,65-100,2011,82
44151,0-16,2012,25
44151,16-64,2012,178
44151,65-100,2012,83
44151,0-16,2013,25
44151,16-64,2013,170
44151,65-100,2013,81
44151,0-16,2014,28
44151,16-64,2014,154
44151,65-100,2014,82
44151,0-16,2015,27
44151,16-64,2015,152
44151,65-100,2015,79
44151,0-16,2016,26
44151,16-64,2016,145
44151,65-100,2016,80
44151,0-16,2017,23
44151,16-64,2017,146
44151,65-100,2017,76
44151,0-16,2018,25
44151,16-64,2018,145
44151,65-100,2018,73
44151,0-16,2019,23
44151,16-64,2019,137
44151,65-100,2019,79
44151,0-16,2020,15
44151,16-64,2020,124
44151,65-100,2020,83
44151,0-16,2021,23
44151,16-64,2021,133
44151,65-100,2021,82
44151,0-16,2022,19
44151,16-64,2022,128
44151,65-100,2022,80
44152,0-16,2003,2
44152,16-64,2003,44
44152,65-100,2003,27
44152,0-16,2004,2
44152,16-64,2004,46
44152,65-100,2004,27
44152,0-16,2005,2
44152,16-64,2005,46
44152,65-100,2005,28
44152,0-16,2006,0
44152,16-64,2006,50
44152,65-100,2006,31
44152,0-16,2007,0
44152,16-64,2007,50
44152,65-100,2007,30
44152,0-16,2008,4
44152,16-64,2008,50
44152,65-100,2008,30
44152,0-16,2009,3
44152,16-64,2009,49
44152,65-100,2009,28
44152,0-16,2010,1
44152,16-64,2010,44
44152,65-100,2010,24
44152,0-16,2011,0
44152,16-64,2011,37
44152,65-100,2011,27
44152,0-16,2012,0
44152,16-64,2012,34
44152,65-100,2012,29
44152,0-16,2013,1
44152,16-64,2013,38
44152,65-100,2013,27
44152,0-16,2014,1
44152,16-64,2014,37
44152,65-100,2014,25
44152,0-16,2015,1
44152,16-64,2015,38
44152,65-100,2015,27
44152,0-16,2016,1
44152,16-64,2016,37
44152,65-100,2016,28
44152,0-16,2017,0
44152,16-64,2017,37
44152,65-100,2017,27
44152,0-16,2018,0
44152,16-64,2018,36
44152,65-100,2018,29
44152,0-16,2019,0
44152,16-64,2019,38
44152,65-100,2019,29
44152,0-16,2020,0
44152,16-64,2020,41
44152,65-100,2020,30
44152,0-16,2021,0
44152,16-64,2021,45
44152,65-100,2021,26
44152,0-16,2022,1
44152,16-64,2022,43
44152,65-100,2022,31
44153,0-16,2003,388
44153,16-64,2003,1467
44153,65-100,2003,553
44153,0-16,2004,371
44153,16-64,2004,1463
44153,65-100,2004,557
44153,0-16,2005,393
44153,16-64,2005,1522
44153,65-100,2005,565
44153,0-16,2006,394
44153,16-64,2006,1576
44153,65-100,2006,588
44153,0-16,2007,401
44153,16-64,2007,1656
44153,65-100,2007,595
44153,0-16,2008,414
44153,16-64,2008,1737
44153,65-100,2008,615
44153,0-16,2009,411
44153,16-64,2009,1738
44153,65-100,2009,595
44153,0-16,2010,439
44153,16-64,2010,1740
44153,65-100,2010,586
44153,0-16,2011,440
44153,16-64,2011,1748
44153,65-100,2011,580
44153,0-16,2012,434
44153,16-64,2012,1697
44153,65-100,2012,578
44153,0-16,2013,430
44153,16-64,2013,1697
44153,65-100,2013,553
44153,0-16,2014,429
44153,16-64,2014,1682
44153,65-100,2014,525
44153,0-16,2015,443
44153,16-64,2015,1659
44153,65-100,2015,509
44153,0-16,2016,432
44153,16-64,2016,1596
44153,65-100,2016,498
44153,0-16,2017,404
44153,16-64,2017,1590
44153,65-100,2017,484
44153,0-16,2018,398
44153,16-64,2018,1561
44153,65-100,2018,474
44153,0-16,2019,412
44153,16-64,2019,1552
44153,65-100,2019,470
44153,0-16,2020,435
44153,16-64,2020,1570
44153,65-100,2020,482
44153,0-16,2021,448
44153,16-64,2021,1585
44153,65-100,2021,489
44153,0-16,2022,443
44153,16-64,2022,1557
44153,65-100,2022,499
44154,0-16,2003,32
44154,16-64,2003,176
44154,65-100,2003,122
44154,0-16,2004,28
44154,16-64,2004,175
44154,65-100,2004,121
44154,0-16,2005,26
44154,16-64,2005,168
44154,65-100,2005,120
44154,0-16,2006,23
44154,16-64,2006,163
44154,65-100,2006,121
44154,0-16,2007,32
44154,16-64,2007,207
44154,65-100,2007,99
44154,0-16,2008,38
44154,16-64,2008,250
44154,65-100,2008,97
44154,0-16,2009,45
44154,16-64,2009,254
44154,65-100,2009,96
44154,0-16,2010,43
44154,16-64,2010,248
44154,65-100,2010,88
44154,0-16,2011,40
44154,16-64,2011,269
44154,65-100,2011,85
44154,0-16,2012,38
44154,16-64,2012,268
44154,65-100,2012,84
44154,0-16,2013,34
44154,16-64,2013,249
44154,65-100,2013,84
44154,0-16,2014,37
44154,16-64,2014,243
44154,65-100,2014,84
44154,0-16,2015,36
44154,16-64,2015,237
44154,65-100,2015,87
44154,0-16,2016,37
44154,16-64,2016,220
44154,65-100,2016,81
44154,0-16,2017,41
44154,16-64,2017,217
44154,65-100,2017,77
44154,0-16,2018,52
44154,16-64,2018,212
44154,65-100,2018,76
44154,0-16,2019,52
44154,16-64,2019,211
44154,65-100,2019,77
44154,0-16,2020,52
44154,16-64,2020,200
44154,65-100,2020,80
44154,0-16,2021,50
44154,16-64,2021,190
44154,65-100,2021,78
44154,0-16,2022,49
44154,16-64,2022,187
44154,65-100,2022,76
44155,0-16,2003,218
44155,16-64,2003,959
44155,65-100,2003,353
44155,0-16,2004,206
44155,16-64,2004,946
44155,65-100,2004,346
44155,0-16,2005,207
44155,16-64,2005,947
44155,65-100,2005,333
44155,0-16,2006,191
44155,16-64,2006,961
44155,65-100,2006,334
44155,0-16,2007,197
44155,16-64,2007,970
44155,65-100,2007,325
44155,0-16,2008,186
44155,16-64,2008,964
44155,65-100,2008,327
44155,0-16,2009,183
44155,16-64,2009,945
44155,65-100,2009,320
44155,0-16,2010,168
44155,16-64,2010,922
44155,65-100,2010,318
44155,0-16,2011,165
44155,16-64,2011,912
44155,65-100,2011,315
44155,0-16,2012,155
44155,16-64,2012,877
44155,65-100,2012,318
44155,0-16,2013,160
44155,16-64,2013,859
44155,65-100,2013,322
44155,0-16,2014,160
44155,16-64,2014,850
44155,65-100,2014,325
44155,0-16,2015,162
44155,16-64,2015,842
44155,65-100,2015,323
44155,0-16,2016,151
44155,16-64,2016,806
44155,65-100,2016,324
44155,0-16,2017,139
44155,16-64,2017,787
44155,65-100,2017,330
44155,0-16,2018,137
44155,16-64,2018,777
44155,65-100,2018,329
44155,0-16,2019,138
44155,16-64,2019,769
44155,65-100,2019,326
44155,0-16,2020,130
44155,16-64,2020,787
44155,65-100,2020,328
44155,0-16,2021,132
44155,16-64,2021,753
44155,65-100,2021,352
44155,0-16,2022,128
44155,16-64,2022,736
44155,65-100,2022,345
44156,0-16,2003,6
44156,16-64,2003,36
44156,65-100,2003,25
44156,0-16,2004,7
44156,16-64,2004,37
44156,65-100,2004,24
44156,0-16,2005,5
44156,16-64,2005,36
44156,65-100,2005,24
44156,0-16,2006,5
44156,16-64,2006,38
44156,65-100,2006,24
44156,0-16,2007,6
44156,16-64,2007,45
44156,65-100,2007,23
44156,0-16,2008,6
44156,16-64,2008,47
44156,65-100,2008,24
44156,0-16,2009,7
44156,16-64,2009,51
44156,65-100,2009,22
44156,0-16,2010,8
44156,16-64,2010,42
44156,65-100,2010,21
44156,0-16,2011,7
44156,16-64,2011,38
44156,65-100,2011,21
44156,0-16,2012,6
44156,16-64,2012,40
44156,65-100,2012,21
44156,0-16,2013,4
44156,16-64,2013,36
44156,65-100,2013,19
44156,0-16,2014,4
44156,16-64,2014,34
44156,65-100,2014,17
44156,0-16,2015,4
44156,16-64,2015,32
44156,65-100,2015,16
44156,0-16,2016,5
44156,16-64,2016,32
44156,65-100,2016,15
44156,0-16,2017,4
44156,16-64,2017,31
44156,65-100,2017,16
44156,0-16,2018,2
44156,16-64,2018,32
44156,65-100,2018,16
44156,0-16,2019,2
44156,16-64,2019,35
44156,65-100,2019,17
44156,0-16,2020,2
44156,16-64,2020,33
44156,65-100,2020,14
44156,0-16,2021,4
44156,16-64,2021,33
44156,65-100,2021,14
44156,0-16,2022,1
44156,16-64,2022,29
44156,65-100,2022,13
44157,0-16,2003,3
44157,16-64,2003,17
44157,65-100,2003,38
44157,0-16,2004,2
44157,16-64,2004,17
44157,65-100,2004,39
44157,0-16,2005,2
44157,16-64,2005,16
44157,65-100,2005,39
44157,0-16,2006,2
44157,16-64,2006,15
44157,65-100,2006,37
44157,0-16,2007,2
44157,16-64,2007,14
44157,65-100,2007,37
44157,0-16,2008,2
44157,16-64,2008,35
44157,65-100,2008,37
44157,0-16,2009,2
44157,16-64,2009,33
44157,65-100,2009,38
44157,0-16,2010,2
44157,16-64,2010,31
44157,65-100,2010,36
44157,0-16,2011,1
44157,16-64,2011,30
44157,65-100,2011,33
44157,0-16,2012,2
44157,16-64,2012,31
44157,65-100,2012,33
44157,0-16,2013,0
44157,16-64,2013,26
44157,65-100,2013,36
44157,0-16,2014,2
44157,16-64,2014,33
44157,65-100,2014,38
44157,0-16,2015,1
44157,16-64,2015,32
44157,65-100,2015,36
44157,0-16,2016,1
44157,16-64,2016,33
44157,65-100,2016,32
44157,0-16,2017,0
44157,16-64,2017,31
44157,65-100,2017,31
44157,0-16,2018,0
44157,16-64,2018,32
44157,65-100,2018,31
44157,0-16,2019,0
44157,16-64,2019,32
44157,65-100,2019,32
44157,0-16,2020,0
44157,16-64,2020,29
44157,65-100,2020,27
44157,0-16,2021,0
44157,16-64,2021,30
44157,65-100,2021,27
44157,0-16,2022,0
44157,16-64,2022,28
44157,65-100,2022,27
44158,0-16,2003,236
44158,16-64,2003,808
44158,65-100,2003,347
44158,0-16,2004,251
44158,16-64,2004,839
44158,65-100,2004,343
44158,0-16,2005,263
44158,16-64,2005,942
44158,65-100,2005,348
44158,0-16,2006,268
44158,16-64,2006,995
44158,65-100,2006,346
44158,0-16,2007,264
44158,16-64,2007,1012
44158,65-100,2007,339
44158,0-16,2008,271
44158,16-64,2008,1093
44158,65-100,2008,335
44158,0-16,2009,283
44158,16-64,2009,1141
44158,65-100,2009,332
44158,0-16,2010,287
44158,16-64,2010,1093
44158,65-100,2010,326
44158,0-16,2011,267
44158,16-64,2011,1079
44158,65-100,2011,320
44158,0-16,2012,256
44158,16-64,2012,1076
44158,65-100,2012,317
44158,0-16,2013,256
44158,16-64,2013,1075
44158,65-100,2013,301
44158,0-16,2014,242
44158,16-64,2014,1069
44158,65-100,2014,301
44158,0-16,2015,246
44158,16-64,2015,1039
44158,65-100,2015,300
44158,0-16,2016,236
44158,16-64,2016,1041
44158,65-100,2016,297
44158,0-16,2017,234
44158,16-64,2017,1036
44158,65-100,2017,295
44158,0-16,2018,225
44158,16-64,2018,1023
44158,65-100,2018,293
44158,0-16,2019,226
44158,16-64,2019,1033
44158,65-100,2019,289
44158,0-16,2020,234
44158,16-64,2020,999
44158,65-100,2020,279
44158,0-16,2021,231
44158,16-64,2021,1028
44158,65-100,2021,280
44158,0-16,2022,231
44158,16-64,2022,1049
44158,65-100,2022,289
44159,0-16,2003,1
44159,16-64,2003,27
44159,65-100,2003,26
44159,0-16,2004,2
44159,16-64,2004,24
44159,65-100,2004,25
44159,0-16,2005,2
44159,16-64,2005,28
44159,65-100,2005,24
44159,0-16,2006,5
44159,16-64,2006,30
44159,65-100,2006,26
44159,0-16,2007,5
44159,16-64,2007,32
44159,65-100,2007,23
44159,0-16,2008,5
44159,16-64,2008,31
44159,65-100,2008,23
44159,0-16,2009,10
44159,16-64,2009,29
44159,65-100,2009,24
44159,0-16,2010,13
44159,16-64,2010,33
44159,65-100,2010,25
44159,0-16,2011,15
44159,16-64,2011,29
44159,65-100,2011,23
44159,0-16,2012,13
44159,16-64,2012,29
44159,65-100,2012,22
44159,0-16,2013,14
44159,16-64,2013,30
44159,65-100,2013,18
44159,0-16,2014,14
44159,16-64,2014,28
44159,65-100,2014,18
44159,0-16,2015,14
44159,16-64,2015,28
44159,65-100,2015,16
44159,0-16,2016,14
44159,16-64,2016,28
44159,65-100,2016,14
44159,0-16,2017,13
44159,16-64,2017,30
44159,65-100,2017,14
44159,0-16,2018,13
44159,16-64,2018,30
44159,65-100,2018,12
44159,0-16,2019,13
44159,16-64,2019,29
44159,65-100,2019,12
44159,0-16,2020,12
44159,16-64,2020,31
44159,65-100,2020,12
44159,0-16,2021,12
44159,16-64,2021,28
44159,65-100,2021,13
44159,0-16,2022,9
44159,16-64,2022,31
44159,65-100,2022,12
44160,0-16,2003,76
44160,16-64,2003,430
44160,65-100,2003,216
44160,0-16,2004,77
44160,16-64,2004,443
44160,65-100,2004,206
44160,0-16,2005,82
44160,16-64,2005,422
44160,65-100,2005,199
44160,0-16,2006,78
44160,16-64,2006,419
44160,65-100,2006,197
44160,0-16,2007,83
44160,16-64,2007,401
44160,65-100,2007,202
44160,0-16,2008,80
44160,16-64,2008,351
44160,65-100,2008,200
44160,0-16,2009,77
44160,16-64,2009,353
44160,65-100,2009,195
44160,0-16,2010,77
44160,16-64,2010,344
44160,65-100,2010,187
44160,0-16,2011,83
44160,16-64,2011,351
44160,65-100,2011,191
44160,0-16,2012,86
44160,16-64,2012,345
44160,65-100,2012,190
44160,0-16,2013,75
44160,16-64,2013,342
44160,65-100,2013,190
44160,0-16,2014,75
44160,16-64,2014,335
44160,65-100,2014,191
44160,0-16,2015,70
44160,16-64,2015,332
44160,65-100,2015,191
44160,0-16,2016,72
44160,16-64,2016,320
44160,65-100,2016,189
44160,0-16,2017,67
44160,16-64,2017,312
44160,65-100,2017,179
44160,0-16,2018,72
44160,16-64,2018,308
44160,65-100,2018,171
44160,0-16,2019,70
44160,16-64,2019,299
44160,65-100,2019,168
44160,0-16,2020,71
44160,16-64,2020,297
44160,65-100,2020,164
44160,0-16,2021,68
44160,16-64,2021,307
44160,65-100,2021,156
44160,0-16,2022,83
44160,16-64,2022,309
44160,65-100,2022,159
44161,0-16,2003,80
44161,16-64,2003,372
44161,65-100,2003,252
44161,0-16,2004,82
44161,16-64,2004,377
44161,65-100,2004,253
44161,0-16,2005,81
44161,16-64,2005,373
44161,65-100,2005,255
44161,0-16,2006,84
44161,16-64,2006,384
44161,65-100,2006,255
44161,0-16,2007,85
44161,16-64,2007,378
44161,65-100,2007,262
44161,0-16,2008,85
44161,16-64,2008,372
44161,65-100,2008,257
44161,0-16,2009,83
44161,16-64,2009,347
44161,65-100,2009,254
44161,0-16,2010,82
44161,16-64,2010,334
44161,65-100,2010,253
44161,0-16,2011,77
44161,16-64,2011,330
44161,65-100,2011,258
44161,0-16,2012,80
44161,16-64,2012,323
44161,65-100,2012,250
44161,0-16,2013,82
44161,16-64,2013,326
44161,65-100,2013,232
44161,0-16,2014,82
44161,16-64,2014,321
44161,65-100,2014,235
44161,0-16,2015,86
44161,16-64,2015,320
44161,65-100,2015,229
44161,0-16,2016,86
44161,16-64,2016,317
44161,65-100,2016,226
44161,0-16,2017,80
44161,16-64,2017,329
44161,65-100,2017,221
44161,0-16,2018,78
44161,16-64,2018,311
44161,65-100,2018,210
44161,0-16,2019,77
44161,16-64,2019,308
44161,65-100,2019,198
44161,0-16,2020,74
44161,16-64,2020,314
44161,65-100,2020,195
44161,0-16,2021,75
44161,16-64,2021,307
44161,65-100,2021,189
44161,0-16,2022,73
44161,16-64,2022,312
44161,65-100,2022,186
44163,0-16,2003,16
44163,16-64,2003,74
44163,65-100,2003,71
44163,0-16,2004,17
44163,16-64,2004,76
44163,65-100,2004,68
44163,0-16,2005,15
44163,16-64,2005,77
44163,65-100,2005,63
44163,0-16,2006,14
44163,16-64,2006,74
44163,65-100,2006,61
44163,0-16,2007,16
44163,16-64,2007,80
44163,65-100,2007,59
44163,0-16,2008,13
44163,16-64,2008,74
44163,65-100,2008,56
44163,0-16,2009,14
44163,16-64,2009,74
44163,65-100,2009,54
44163,0-16,2010,12
44163,16-64,2010,72
44163,65-100,2010,50
44163,0-16,2011,19
44163,16-64,2011,86
44163,65-100,2011,43
44163,0-16,2012,19
44163,16-64,2012,94
44163,65-100,2012,39
44163,0-16,2013,16
44163,16-64,2013,91
44163,65-100,2013,39
44163,0-16,2014,13
44163,16-64,2014,81
44163,65-100,2014,43
44163,0-16,2015,18
44163,16-64,2015,86
44163,65-100,2015,47
44163,0-16,2016,18
44163,16-64,2016,86
44163,65-100,2016,42
44163,0-16,2017,14
44163,16-64,2017,82
44163,65-100,2017,38
44163,0-16,2018,14
44163,16-64,2018,83
44163,65-100,2018,36
44163,0-16,2019,19
44163,16-64,2019,86
44163,65-100,2019,35
44163,0-16,2020,16
44163,16-64,2020,86
44163,65-100,2020,37
44163,0-16,2021,18
44163,16-64,2021,90
44163,65-100,2021,34
44163,0-16,2022,15
44163,16-64,2022,88
44163,65-100,2022,35
44164,0-16,2003,0
44164,16-64,2003,12
44164,65-100,2003,7
44164,0-16,2004,0
44164,16-64,2004,11
44164,65-100,2004,7
44164,0-16,2005,2
44164,16-64,2005,21
44164,65-100,2005,6
44164,0-16,2006,2
44164,16-64,2006,23
44164,65-100,2006,7
44164,0-16,2007,2
44164,16-64,2007,23
44164,65-100,2007,7
44164,0-16,2008,2
44164,16-64,2008,22
44164,65-100,2008,7
44164,0-16,2009,4
44164,16-64,2009,23
44164,65-100,2009,7
44164,0-16,2010,2
44164,16-64,2010,23
44164,65-100,2010,10
44164,0-16,2011,2
44164,16-64,2011,23
44164,65-100,2011,11
44164,0-16,2012,2
44164,16-64,2012,22
44164,65-100,2012,7
44164,0-16,2013,2
44164,16-64,2013,22
44164,65-100,2013,6
44164,0-16,2014,2
44164,16-64,2014,21
44164,65-100,2014,7
44164,0-16,2015,2
44164,16-64,2015,17
44164,65-100,2015,10
44164,0-16,2016,2
44164,16-64,2016,18
44164,65-100,2016,9
44164,0-16,2017,2
44164,16-64,2017,14
44164,65-100,2017,12
44164,0-16,2018,2
44164,16-64,2018,11
44164,65-100,2018,12
44164,0-16,2019,2
44164,16-64,2019,9
44164,65-100,2019,11
44164,0-16,2020,0
44164,16-64,2020,10
44164,65-100,2020,11
44164,0-16,2021,0
44164,16-64,2021,17
44164,65-100,2021,11
44164,0-16,2022,0
44164,16-64,2022,17
44164,65-100,2022,10
44165,0-16,2003,17
44165,16-64,2003,121
44165,65-100,2003,86
44165,0-16,2004,15
44165,16-64,2004,131
44165,65-100,2004,81
44165,0-16,2005,17
44165,16-64,2005,130
44165,65-100,2005,76
44165,0-16,2006,21
44165,16-64,2006,134
44165,65-100,2006,84
44165,0-16,2007,28
44165,16-64,2007,163
44165,65-100,2007,82
44165,0-16,2008,24
44165,16-64,2008,164
44165,65-100,2008,76
44165,0-16,2009,17
44165,16-64,2009,155
44165,65-100,2009,77
44165,0-16,2010,20
44165,16-64,2010,146
44165,65-100,2010,71
44165,0-16,2011,21
44165,16-64,2011,122
44165,65-100,2011,72
44165,0-16,2012,20
44165,16-64,2012,124
44165,65-100,2012,75
44165,0-16,2013,17
44165,16-64,2013,117
44165,65-100,2013,76
44165,0-16,2014,18
44165,16-64,2014,117
44165,65-100,2014,79
44165,0-16,2015,19
44165,16-64,2015,116
44165,65-100,2015,72
44165,0-16,2016,23
44165,16-64,2016,116
44165,65-100,2016,75
44165,0-16,2017,24
44165,16-64,2017,113
44165,65-100,2017,74
44165,0-16,2018,25
44165,16-64,2018,111
44165,65-100,2018,81
44165,0-16,2019,27
44165,16-64,2019,109
44165,65-100,2019,81
44165,0-16,2020,26
44165,16-64,2020,109
44165,65-100,2020,75
44165,0-16,2021,27
44165,16-64,2021,111
44165,65-100,2021,69
44165,0-16,2022,26
44165,16-64,2022,110
44165,65-100,2022,69
44167,0-16,2003,0
44167,16-64,2003,40
44167,65-100,2003,43
44167,0-16,2004,0
44167,16-64,2004,38
44167,65-100,2004,37
44167,0-16,2005,0
44167,16-64,2005,37
44167,65-100,2005,35
44167,0-16,2006,0
44167,16-64,2006,38
44167,65-100,2006,34
44167,0-16,2007,1
44167,16-64,2007,32
44167,65-100,2007,34
44167,0-16,2008,1
44167,16-64,2008,20
44167,65-100,2008,31
44167,0-16,2009,1
44167,16-64,2009,16
44167,65-100,2009,25
44167,0-16,2010,1
44167,16-64,2010,14
44167,65-100,2010,21
44167,0-16,2011,1
44167,16-64,2011,16
44167,65-100,2011,21
44167,0-16,2012,0
44167,16-64,2012,19
44167,65-100,2012,20
44167,0-16,2013,0
44167,16-64,2013,20
44167,65-100,2013,18
44167,0-16,2014,0
44167,16-64,2014,24
44167,65-100,2014,18
44167,0-16,2015,0
44167,16-64,2015,26
44167,65-100,2015,22
44167,0-16,2016,1
44167,16-64,2016,22
44167,65-100,2016,21
44167,0-16,2017,1
44167,16-64,2017,22
44167,65-100,2017,21
44167,0-16,2018,0
44167,16-64,2018,23
44167,65-100,2018,22
44167,0-16,2019,0
44167,16-64,2019,25
44167,65-100,2019,19
44167,0-16,2020,0
44167,16-64,2020,16
44167,65-100,2020,18
44167,0-16,2021,0
44167,16-64,2021,13
44167,65-100,2021,19
44167,0-16,2022,0
44167,16-64,2022,17
44167,65-100,2022,18
44168,0-16,2003,25
44168,16-64,2003,153
44168,65-100,2003,83
44168,0-16,2004,23
44168,16-64,2004,156
44168,65-100,2004,80
44168,0-16,2005,25
44168,16-64,2005,152
44168,65-100,2005,80
44168,0-16,2006,26
44168,16-64,2006,143
44168,65-100,2006,76
44168,0-16,2007,24
44168,16-64,2007,138
44168,65-100,2007,80
44168,0-16,2008,20
44168,16-64,2008,130
44168,65-100,2008,82
44168,0-16,2009,19
44168,16-64,2009,118
44168,65-100,2009,84
44168,0-16,2010,21
44168,16-64,2010,111
44168,65-100,2010,88
44168,0-16,2011,22
44168,16-64,2011,111
44168,65-100,2011,88
44168,0-16,2012,20
44168,16-64,2012,120
44168,65-100,2012,89
44168,0-16,2013,19
44168,16-64,2013,118
44168,65-100,2013,91
44168,0-16,2014,23
44168,16-64,2014,124
44168,65-100,2014,90
44168,0-16,2015,22
44168,16-64,2015,113
44168,65-100,2015,91
44168,0-16,2016,21
44168,16-64,2016,112
44168,65-100,2016,92
44168,0-16,2017,17
44168,16-64,2017,108
44168,65-100,2017,92
44168,0-16,2018,14
44168,16-64,2018,100
44168,65-100,2018,91
44168,0-16,2019,16
44168,16-64,2019,101
44168,65-100,2019,89
44168,0-16,2020,16
44168,16-64,2020,100
44168,65-100,2020,87
44168,0-16,2021,22
44168,16-64,2021,110
44168,65-100,2021,86
44168,0-16,2022,21
44168,16-64,2022,106
44168,65-100,2022,87
44169,0-16,2003,38
44169,16-64,2003,261
44169,65-100,2003,236
44169,0-16,2004,43
44169,16-64,2004,255
44169,65-100,2004,233
44169,0-16,2005,51
44169,16-64,2005,243
44169,65-100,2005,222
44169,0-16,2006,44
44169,16-64,2006,232
44169,65-100,2006,220
44169,0-16,2007,48
44169,16-64,2007,243
44169,65-100,2007,219
44169,0-16,2008,50
44169,16-64,2008,244
44169,65-100,2008,220
44169,0-16,2009,49
44169,16-64,2009,254
44169,65-100,2009,207
44169,0-16,2010,46
44169,16-64,2010,245
44169,65-100,2010,198
44169,0-16,2011,45
44169,16-64,2011,236
44169,65-100,2011,192
44169,0-16,2012,44
44169,16-64,2012,229
44169,65-100,2012,172
44169,0-16,2013,44
44169,16-64,2013,227
44169,65-100,2013,164
44169,0-16,2014,43
44169,16-64,2014,221
44169,65-100,2014,157
44169,0-16,2015,44
44169,16-64,2015,217
44169,65-100,2015,152
44169,0-16,2016,45
44169,16-64,2016,208
44169,65-100,2016,152
44169,0-16,2017,44
44169,16-64,2017,201
44169,65-100,2017,148
44169,0-16,2018,42
44169,16-64,2018,197
44169,65-100,2018,138
44169,0-16,2019,41
44169,16-64,2019,188
44169,65-100,2019,131
44169,0-16,2020,42
44169,16-64,2020,176
44169,65-100,2020,123
44169,0-16,2021,39
44169,16-64,2021,176
44169,65-100,2021,115
44169,0-16,2022,40
44169,16-64,2022,181
44169,65-100,2022,107
44171,0-16,2003,18
44171,16-64,2003,119
44171,65-100,2003,79
44171,0-16,2004,19
44171,16-64,2004,129
44171,65-100,2004,82
44171,0-16,2005,19
44171,16-64,2005,132
44171,65-100,2005,82
44171,0-16,2006,20
44171,16-64,2006,140
44171,65-100,2006,76
44171,0-16,2007,19
44171,16-64,2007,137
44171,65-100,2007,71
44171,0-16,2008,17
44171,16-64,2008,137
44171,65-100,2008,66
44171,0-16,2009,25
44171,16-64,2009,144
44171,65-100,2009,62
44171,0-16,2010,29
44171,16-64,2010,149
44171,65-100,2010,59
44171,0-16,2011,31
44171,16-64,2011,153
44171,65-100,2011,54
44171,0-16,2012,34
44171,16-64,2012,163
44171,65-100,2012,52
44171,0-16,2013,38
44171,16-64,2013,161
44171,65-100,2013,51
44171,0-16,2014,46
44171,16-64,2014,165
44171,65-100,2014,52
44171,0-16,2015,38
44171,16-64,2015,147
44171,65-100,2015,55
44171,0-16,2016,35
44171,16-64,2016,145
44171,65-100,2016,50
44171,0-16,2017,34
44171,16-64,2017,147
44171,65-100,2017,46
44171,0-16,2018,35
44171,16-64,2018,144
44171,65-100,2018,47
44171,0-16,2019,36
44171,16-64,2019,142
44171,65-100,2019,50
44171,0-16,2020,39
44171,16-64,2020,146
44171,65-100,2020,48
44171,0-16,2021,48
44171,16-64,2021,161
44171,65-100,2021,55
44171,0-16,2022,53
44171,16-64,2022,157
44171,65-100,2022,56
44172,0-16,2003,38
44172,16-64,2003,218
44172,65-100,2003,220
44172,0-16,2004,40
44172,16-64,2004,217
44172,65-100,2004,217
44172,0-16,2005,42
44172,16-64,2005,214
44172,65-100,2005,209
44172,0-16,2006,42
44172,16-64,2006,213
44172,65-100,2006,205
44172,0-16,2007,52
44172,16-64,2007,239
44172,65-100,2007,199
44172,0-16,2008,53
44172,16-64,2008,251
44172,65-100,2008,200
44172,0-16,2009,49
44172,16-64,2009,241
44172,65-100,2009,196
44172,0-16,2010,50
44172,16-64,2010,236
44172,65-100,2010,193
44172,0-16,2011,45
44172,16-64,2011,236
44172,65-100,2011,189
44172,0-16,2012,42
44172,16-64,2012,239
44172,65-100,2012,178
44172,0-16,2013,31
44172,16-64,2013,219
44172,65-100,2013,180
44172,0-16,2014,29
44172,16-64,2014,217
44172,65-100,2014,176
44172,0-16,2015,27
44172,16-64,2015,219
44172,65-100,2015,166
44172,0-16,2016,25
44172,16-64,2016,188
44172,65-100,2016,152
44172,0-16,2017,21
44172,16-64,2017,188
44172,65-100,2017,148
44172,0-16,2018,25
44172,16-64,2018,189
44172,65-100,2018,150
44172,0-16,2019,23
44172,16-64,2019,176
44172,65-100,2019,152
44172,0-16,2020,21
44172,16-64,2020,183
44172,65-100,2020,139
44172,0-16,2021,22
44172,16-64,2021,184
44172,65-100,2021,134
44172,0-16,2022,21
44172,16-64,2022,174
44172,65-100,2022,135
44173,0-16,2003,18
44173,16-64,2003,85
44173,65-100,2003,41
44173,0-16,2004,19
44173,16-64,2004,81
44173,65-100,2004,41
44173,0-16,2005,19
44173,16-64,2005,81
44173,65-100,2005,42
44173,0-16,2006,20
44173,16-64,2006,80
44173,65-100,2006,45
44173,0-16,2007,20
44173,16-64,2007,78
44173,65-100,2007,44
44173,0-16,2008,18
44173,16-64,2008,78
44173,65-100,2008,46
44173,0-16,2009,17
44173,16-64,2009,75
44173,65-100,2009,44
44173,0-16,2010,14
44173,16-64,2010,72
44173,65-100,2010,42
44173,0-16,2011,17
44173,16-64,2011,70
44173,65-100,2011,44
44173,0-16,2012,14
44173,16-64,2012,67
44173,65-100,2012,43
44173,0-16,2013,16
44173,16-64,2013,72
44173,65-100,2013,43
44173,0-16,2014,17
44173,16-64,2014,73
44173,65-100,2014,40
44173,0-16,2015,15
44173,16-64,2015,75
44173,65-100,2015,37
44173,0-16,2016,16
44173,16-64,2016,72
44173,65-100,2016,39
44173,0-16,2017,13
44173,16-64,2017,69
44173,65-100,2017,40
44173,0-16,2018,12
44173,16-64,2018,72
44173,65-100,2018,38
44173,0-16,2019,11
44173,16-64,2019,72
44173,65-100,2019,37
44173,0-16,2020,11
44173,16-64,2020,67
44173,65-100,2020,40
44173,0-16,2021,11
44173,16-64,2021,69
44173,65-100,2021,38
44173,0-16,2022,11
44173,16-64,2022,74
44173,65-100,2022,35
44174,0-16,2003,104
44174,16-64,2003,352
44174,65-100,2003,172
44174,0-16,2004,99
44174,16-64,2004,335
44174,65-100,2004,171
44174,0-16,2005,91
44174,16-64,2005,339
44174,65-100,2005,175
44174,0-16,2006,84
44174,16-64,2006,324
44174,65-100,2006,170
44174,0-16,2007,82
44174,16-64,2007,340
44174,65-100,2007,160
44174,0-16,2008,75
44174,16-64,2008,349
44174,65-100,2008,153
44174,0-16,2009,71
44174,16-64,2009,341
44174,65-100,2009,150
44174,0-16,2010,68
44174,16-64,2010,346
44174,65-100,2010,150
44174,0-16,2011,64
44174,16-64,2011,374
44174,65-100,2011,142
44174,0-16,2012,61
44174,16-64,2012,370
44174,65-100,2012,141
44174,0-16,2013,60
44174,16-64,2013,354
44174,65-100,2013,138
44174,0-16,2014,51
44174,16-64,2014,353
44174,65-100,2014,135
44174,0-16,2015,52
44174,16-64,2015,350
44174,65-100,2015,133
44174,0-16,2016,49
44174,16-64,2016,329
44174,65-100,2016,126
44174,0-16,2017,46
44174,16-64,2017,324
44174,65-100,2017,123
44174,0-16,2018,45
44174,16-64,2018,316
44174,65-100,2018,126
44174,0-16,2019,31
44174,16-64,2019,308
44174,65-100,2019,124
44174,0-16,2020,27
44174,16-64,2020,298
44174,65-100,2020,125
44174,0-16,2021,29
44174,16-64,2021,298
44174,65-100,2021,127
44174,0-16,2022,32
44174,16-64,2022,301
44174,65-100,2022,121
44175,0-16,2003,21
44175,16-64,2003,97
44175,65-100,2003,64
44175,0-16,2004,22
44175,16-64,2004,95
44175,65-100,2004,63
44175,0-16,2005,20
44175,16-64,2005,94
44175,65-100,2005,61
44175,0-16,2006,17
44175,16-64,2006,94
44175,65-100,2006,62
44175,0-16,2007,12
44175,16-64,2007,102
44175,65-100,2007,60
44175,0-16,2008,12
44175,16-64,2008,101
44175,65-100,2008,59
44175,0-16,2009,11
44175,16-64,2009,98
44175,65-100,2009,59
44175,0-16,2010,6
44175,16-64,2010,96
44175,65-100,2010,57
44175,0-16,2011,5
44175,16-64,2011,92
44175,65-100,2011,56
44175,0-16,2012,5
44175,16-64,2012,95
44175,65-100,2012,52
44175,0-16,2013,2
44175,16-64,2013,91
44175,65-100,2013,52
44175,0-16,2014,2
44175,16-64,2014,89
44175,65-100,2014,49
44175,0-16,2015,3
44175,16-64,2015,86
44175,65-100,2015,48
44175,0-16,2016,2
44175,16-64,2016,82
44175,65-100,2016,49
44175,0-16,2017,2
44175,16-64,2017,77
44175,65-100,2017,48
44175,0-16,2018,2
44175,16-64,2018,77
44175,65-100,2018,47
44175,0-16,2019,2
44175,16-64,2019,72
44175,65-100,2019,51
44175,0-16,2020,3
44175,16-64,2020,75
44175,65-100,2020,50
44175,0-16,2021,3
44175,16-64,2021,78
44175,65-100,2021,49
44175,0-16,2022,2
44175,16-64,2022,76
44175,65-100,2022,45
44176,0-16,2003,27
44176,16-64,2003,139
44176,65-100,2003,72
44176,0-16,2004,23
44176,16-64,2004,138
44176,65-100,2004,66
44176,0-16,2005,20
44176,16-64,2005,139
44176,65-100,2005,63
44176,0-16,2006,20
44176,16-64,2006,132
44176,65-100,2006,67
44176,0-16,2007,15
44176,16-64,2007,132
44176,65-100,2007,66
44176,0-16,2008,15
44176,16-64,2008,126
44176,65-100,2008,69
44176,0-16,2009,14
44176,16-64,2009,127
44176,65-100,2009,67
44176,0-16,2010,12
44176,16-64,2010,123
44176,65-100,2010,63
44176,0-16,2011,16
44176,16-64,2011,119
44176,65-100,2011,56
44176,0-16,2012,16
44176,16-64,2012,117
44176,65-100,2012,56
44176,0-16,2013,11
44176,16-64,2013,116
44176,65-100,2013,59
44176,0-16,2014,9
44176,16-64,2014,115
44176,65-100,2014,60
44176,0-16,2015,9
44176,16-64,2015,111
44176,65-100,2015,62
44176,0-16,2016,9
44176,16-64,2016,107
44176,65-100,2016,58
44176,0-16,2017,7
44176,16-64,2017,107
44176,65-100,2017,55
44176,0-16,2018,7
44176,16-64,2018,107
44176,65-100,2018,55
44176,0-16,2019,8
44176,16-64,2019,102
44176,65-100,2019,58
44176,0-16,2020,9
44176,16-64,2020,105
44176,65-100,2020,56
44176,0-16,2021,10
44176,16-64,2021,105
44176,65-100,2021,53
44176,0-16,2022,12
44176,16-64,2022,107
44176,65-100,2022,53
44177,0-16,2003,2
44177,16-64,2003,56
44177,65-100,2003,87
44177,0-16,2004,2
44177,16-64,2004,52
44177,65-100,2004,80
44177,0-16,2005,0
44177,16-64,2005,48
44177,65-100,2005,76
44177,0-16,2006,0
44177,16-64,2006,42
44177,65-100,2006,71
44177,0-16,2007,0
44177,16-64,2007,42
44177,65-100,2007,69
44177,0-16,2008,0
44177,16-64,2008,41
44177,65-100,2008,63
44177,0-16,2009,5
44177,16-64,2009,44
44177,65-100,2009,61
44177,0-16,2010,6
44177,16-64,2010,72
44177,65-100,2010,58
44177,0-16,2011,8
44177,16-64,2011,80
44177,65-100,2011,51
44177,0-16,2012,10
44177,16-64,2012,74
44177,65-100,2012,49
44177,0-16,2013,7
44177,16-64,2013,66
44177,65-100,2013,50
44177,0-16,2014,7
44177,16-64,2014,62
44177,65-100,2014,48
44177,0-16,2015,5
44177,16-64,2015,59
44177,65-100,2015,48
44177,0-16,2016,8
44177,16-64,2016,68
44177,65-100,2016,40
44177,0-16,2017,10
44177,16-64,2017,67
44177,65-100,2017,42
44177,0-16,2018,8
44177,16-64,2018,59
44177,65-100,2018,43
44177,0-16,2019,11
44177,16-64,2019,61
44177,65-100,2019,41
44177,0-16,2020,17
44177,16-64,2020,65
44177,65-100,2020,37
44177,0-16,2021,17
44177,16-64,2021,66
44177,65-100,2021,36
44177,0-16,2022,18
44177,16-64,2022,69
44177,65-100,2022,36
44178,0-16,2003,1
44178,16-64,2003,38
44178,65-100,2003,43
44178,0-16,2004,4
44178,16-64,2004,38
44178,65-100,2004,44
44178,0-16,2005,4
44178,16-64,2005,36
44178,65-100,2005,41
44178,0-16,2006,4
44178,16-64,2006,38
44178,65-100,2006,38
44178,0-16,2007,0
44178,16-64,2007,38
44178,65-100,2007,38
44178,0-16,2008,0
44178,16-64,2008,38
44178,65-100,2008,35
44178,0-16,2009,0
44178,16-64,2009,37
44178,65-100,2009,36
44178,0-16,2010,2
44178,16-64,2010,33
44178,65-100,2010,38
44178,0-16,2011,2
44178,16-64,2011,37
44178,65-100,2011,38
44178,0-16,2012,2
44178,16-64,2012,34
44178,65-100,2012,33
44178,0-16,2013,2
44178,16-64,2013,34
44178,65-100,2013,27
44178,0-16,2014,1
44178,16-64,2014,30
44178,65-100,2014,27
44178,0-16,2015,0
44178,16-64,2015,31
44178,65-100,2015,28
44178,0-16,2016,0
44178,16-64,2016,30
44178,65-100,2016,27
44178,0-16,2017,0
44178,16-64,2017,34
44178,65-100,2017,27
44178,0-16,2018,0
44178,16-64,2018,30
44178,65-100,2018,23
44178,0-16,2019,0
44178,16-64,2019,34
44178,65-100,2019,21
44178,0-16,2020,0
44178,16-64,2020,33
44178,65-100,2020,22
44178,0-16,2021,0
44178,16-64,2021,34
44178,65-100,2021,22
44178,0-16,2022,0
44178,16-64,2022,36
44178,65-100,2022,24
44179,0-16,2003,66
44179,16-64,2003,308
44179,65-100,2003,158
44179,0-16,2004,67
44179,16-64,2004,308
44179,65-100,2004,152
44179,0-16,2005,62
44179,16-64,2005,312
44179,65-100,2005,152
44179,0-16,2006,58
44179,16-64,2006,285
44179,65-100,2006,145
44179,0-16,2007,68
44179,16-64,2007,302
44179,65-100,2007,141
44179,0-16,2008,64
44179,16-64,2008,318
44179,65-100,2008,136
44179,0-16,2009,71
44179,16-64,2009,327
44179,65-100,2009,134
44179,0-16,2010,68
44179,16-64,2010,320
44179,65-100,2010,129
44179,0-16,2011,68
44179,16-64,2011,311
44179,65-100,2011,130
44179,0-16,2012,66
44179,16-64,2012,306
44179,65-100,2012,125
44179,0-16,2013,69
44179,16-64,2013,286
44179,65-100,2013,125
44179,0-16,2014,72
44179,16-64,2014,291
44179,65-100,2014,124
44179,0-16,2015,66
44179,16-64,2015,292
44179,65-100,2015,119
44179,0-16,2016,61
44179,16-64,2016,287
44179,65-100,2016,117
44179,0-16,2017,64
44179,16-64,2017,282
44179,65-100,2017,115
44179,0-16,2018,55
44179,16-64,2018,276
44179,65-100,2018,108
44179,0-16,2019,55
44179,16-64,2019,272
44179,65-100,2019,112
44179,0-16,2020,63
44179,16-64,2020,267
44179,65-100,2020,116
44179,0-16,2021,63
44179,16-64,2021,265
44179,65-100,2021,122
44179,0-16,2022,61
44179,16-64,2022,267
44179,65-100,2022,122
44180,0-16,2003,2
44180,16-64,2003,45
44180,65-100,2003,60
44180,0-16,2004,4
44180,16-64,2004,45
44180,65-100,2004,58
44180,0-16,2005,8
44180,16-64,2005,54
44180,65-100,2005,52
44180,0-16,2006,7
44180,16-64,2006,64
44180,65-100,2006,58
44180,0-16,2007,6
44180,16-64,2007,57
44180,65-100,2007,58
44180,0-16,2008,3
44180,16-64,2008,42
44180,65-100,2008,51
44180,0-16,2009,2
44180,16-64,2009,44
44180,65-100,2009,47
44180,0-16,2010,5
44180,16-64,2010,41
44180,65-100,2010,43
44180,0-16,2011,4
44180,16-64,2011,45
44180,65-100,2011,39
44180,0-16,2012,5
44180,16-64,2012,36
44180,65-100,2012,36
44180,0-16,2013,6
44180,16-64,2013,32
44180,65-100,2013,35
44180,0-16,2014,4
44180,16-64,2014,32
44180,65-100,2014,33
44180,0-16,2015,4
44180,16-64,2015,38
44180,65-100,2015,30
44180,0-16,2016,5
44180,16-64,2016,38
44180,65-100,2016,32
44180,0-16,2017,5
44180,16-64,2017,39
44180,65-100,2017,31
44180,0-16,2018,4
44180,16-64,2018,43
44180,65-100,2018,29
44180,0-16,2019,3
44180,16-64,2019,46
44180,65-100,2019,28
44180,0-16,2020,3
44180,16-64,2020,46
44180,65-100,2020,28
44180,0-16,2021,4
44180,16-64,2021,51
44180,65-100,2021,30
44180,0-16,2022,2
44180,16-64,2022,46
44180,65-100,2022,30
44181,0-16,2003,6
44181,16-64,2003,37
44181,65-100,2003,39
44181,0-16,2004,2
44181,16-64,2004,43
44181,65-100,2004,40
44181,0-16,2005,1
44181,16-64,2005,43
44181,65-100,2005,39
44181,0-16,2006,0
44181,16-64,2006,48
44181,65-100,2006,36
44181,0-16,2007,0
44181,16-64,2007,56
44181,65-100,2007,37
44181,0-16,2008,1
44181,16-64,2008,47
44181,65-100,2008,35
44181,0-16,2009,1
44181,16-64,2009,45
44181,65-100,2009,33
44181,0-16,2010,3
44181,16-64,2010,42
44181,65-100,2010,33
44181,0-16,2011,4
44181,16-64,2011,46
44181,65-100,2011,34
44181,0-16,2012,4
44181,16-64,2012,45
44181,65-100,2012,34
44181,0-16,2013,7
44181,16-64,2013,50
44181,65-100,2013,33
44181,0-16,2014,6
44181,16-64,2014,47
44181,65-100,2014,32
44181,0-16,2015,7
44181,16-64,2015,46
44181,65-100,2015,33
44181,0-16,2016,10
44181,16-64,2016,45
44181,65-100,2016,31
44181,0-16,2017,12
44181,16-64,2017,47
44181,65-100,2017,28
44181,0-16,2018,12
44181,16-64,2018,48
44181,65-100,2018,28
44181,0-16,2019,8
44181,16-64,2019,45
44181,65-100,2019,26
44181,0-16,2020,8
44181,16-64,2020,49
44181,65-100,2020,26
44181,0-16,2021,5
44181,16-64,2021,53
44181,65-100,2021,27
44181,0-16,2022,7
44181,16-64,2022,50
44181,65-100,2022,28
44182,0-16,2003,39
44182,16-64,2003,150
44182,65-100,2003,92
44182,0-16,2004,41
44182,16-64,2004,162
44182,65-100,2004,91
44182,0-16,2005,38
44182,16-64,2005,166
44182,65-100,2005,92
44182,0-16,2006,38
44182,16-64,2006,154
44182,65-100,2006,94
44182,0-16,2007,40
44182,16-64,2007,162
44182,65-100,2007,93
44182,0-16,2008,32
44182,16-64,2008,173
44182,65-100,2008,91
44182,0-16,2009,29
44182,16-64,2009,162
44182,65-100,2009,87
44182,0-16,2010,30
44182,16-64,2010,170
44182,65-100,2010,79
44182,0-16,2011,24
44182,16-64,2011,168
44182,65-100,2011,76
44182,0-16,2012,26
44182,16-64,2012,169
44182,65-100,2012,74
44182,0-16,2013,28
44182,16-64,2013,168
44182,65-100,2013,69
44182,0-16,2014,22
44182,16-64,2014,163
44182,65-100,2014,68
44182,0-16,2015,15
44182,16-64,2015,153
44182,65-100,2015,70
44182,0-16,2016,13
44182,16-64,2016,145
44182,65-100,2016,69
44182,0-16,2017,12
44182,16-64,2017,140
44182,65-100,2017,69
44182,0-16,2018,11
44182,16-64,2018,142
44182,65-100,2018,68
44182,0-16,2019,13
44182,16-64,2019,149
44182,65-100,2019,67
44182,0-16,2020,11
44182,16-64,2020,156
44182,65-100,2020,69
44182,0-16,2021,15
44182,16-64,2021,167
44182,65-100,2021,69
44182,0-16,2022,22
44182,16-64,2022,167
44182,65-100,2022,75
44183,0-16,2003,13
44183,16-64,2003,50
44183,65-100,2003,41
44183,0-16,2004,15
44183,16-64,2004,55
44183,65-100,2004,42
44183,0-16,2005,13
44183,16-64,2005,59
44183,65-100,2005,42
44183,0-16,2006,11
44183,16-64,2006,58
44183,65-100,2006,39
44183,0-16,2007,11
44183,16-64,2007,62
44183,65-100,2007,41
44183,0-16,2008,10
44183,16-64,2008,56
44183,65-100,2008,38
44183,0-16,2009,9
44183,16-64,2009,52
44183,65-100,2009,34
44183,0-16,2010,8
44183,16-64,2010,54
44183,65-100,2010,34
44183,0-16,2011,9
44183,16-64,2011,55
44183,65-100,2011,30
44183,0-16,2012,9
44183,16-64,2012,57
44183,65-100,2012,27
44183,0-16,2013,9
44183,16-64,2013,54
44183,65-100,2013,26
44183,0-16,2014,10
44183,16-64,2014,57
44183,65-100,2014,26
44183,0-16,2015,10
44183,16-64,2015,56
44183,65-100,2015,24
44183,0-16,2016,9
44183,16-64,2016,56
44183,65-100,2016,26
44183,0-16,2017,8
44183,16-64,2017,50
44183,65-100,2017,26
44183,0-16,2018,5
44183,16-64,2018,48
44183,65-100,2018,26
44183,0-16,2019,5
44183,16-64,2019,46
44183,65-100,2019,22
44183,0-16,2020,5
44183,16-64,2020,45
44183,65-100,2020,18
44183,0-16,2021,5
44183,16-64,2021,46
44183,65-100,2021,18
44183,0-16,2022,2
44183,16-64,2022,47
44183,65-100,2022,20
44184,0-16,2003,2
44184,16-64,2003,25
44184,65-100,2003,21
44184,0-16,2004,1
44184,16-64,2004,25
44184,65-100,2004,23
44184,0-16,2005,2
44184,16-64,2005,32
44184,65-100,2005,21
44184,0-16,2006,2
44184,16-64,2006,33
44184,65-100,2006,23
44184,0-16,2007,1
44184,16-64,2007,30
44184,65-100,2007,22
44184,0-16,2008,1
44184,16-64,2008,29
44184,65-100,2008,20
44184,0-16,2009,1
44184,16-64,2009,27
44184,65-100,2009,19
44184,0-16,2010,1
44184,16-64,2010,24
44184,65-100,2010,18
44184,0-16,2011,1
44184,16-64,2011,26
44184,65-100,2011,18
44184,0-16,2012,1
44184,16-64,2012,30
44184,65-100,2012,17
44184,0-16,2013,2
44184,16-64,2013,27
44184,65-100,2013,16
44184,0-16,2014,3
44184,16-64,2014,26
44184,65-100,2014,17
44184,0-16,2015,2
44184,16-64,2015,29
44184,65-100,2015,21
44184,0-16,2016,2
44184,16-64,2016,27
44184,65-100,2016,20
44184,0-16,2017,3
44184,16-64,2017,25
44184,65-100,2017,17
44184,0-16,2018,3
44184,16-64,2018,22
44184,65-100,2018,18
44184,0-16,2019,3
44184,16-64,2019,24
44184,65-100,2019,16
44184,0-16,2020,2
44184,16-64,2020,28
44184,65-100,2020,20
44184,0-16,2021,2
44184,16-64,2021,27
44184,65-100,2021,19
44184,0-16,2022,2
44184,16-64,2022,24
44184,65-100,2022,21
44185,0-16,2003,6
44185,16-64,2003,80
44185,65-100,2003,52
44185,0-16,2004,6
44185,16-64,2004,77
44185,65-100,2004,54
44185,0-16,2005,4
44185,16-64,2005,79
44185,65-100,2005,52
44185,0-16,2006,6
44185,16-64,2006,78
44185,65-100,2006,49
44185,0-16,2007,9
44185,16-64,2007,78
44185,65-100,2007,50
44185,0-16,2008,9
44185,16-64,2008,79
44185,65-100,2008,51
44185,0-16,2009,8
44185,16-64,2009,79
44185,65-100,2009,46
44185,0-16,2010,9
44185,16-64,2010,84
44185,65-100,2010,46
44185,0-16,2011,8
44185,16-64,2011,86
44185,65-100,2011,49
44185,0-16,2012,11
44185,16-64,2012,80
44185,65-100,2012,51
44185,0-16,2013,15
44185,16-64,2013,83
44185,65-100,2013,47
44185,0-16,2014,18
44185,16-64,2014,87
44185,65-100,2014,43
44185,0-16,2015,14
44185,16-64,2015,81
44185,65-100,2015,47
44185,0-16,2016,12
44185,16-64,2016,74
44185,65-100,2016,46
44185,0-16,2017,17
44185,16-64,2017,69
44185,65-100,2017,43
44185,0-16,2018,14
44185,16-64,2018,60
44185,65-100,2018,40
44185,0-16,2019,11
44185,16-64,2019,59
44185,65-100,2019,40
44185,0-16,2020,13
44185,16-64,2020,59
44185,65-100,2020,36
44185,0-16,2021,14
44185,16-64,2021,66
44185,65-100,2021,32
44185,0-16,2022,12
44185,16-64,2022,62
44185,65-100,2022,32
44187,0-16,2003,20
44187,16-64,2003,151
44187,65-100,2003,113
44187,0-16,2004,20
44187,16-64,2004,148
44187,65-100,2004,109
44187,0-16,2005,16
44187,16-64,2005,148
44187,65-100,2005,108
44187,0-16,2006,17
44187,16-64,2006,149
44187,65-100,2006,108
44187,0-16,2007,14
44187,16-64,2007,161
44187,65-100,2007,101
44187,0-16,2008,12
44187,16-64,2008,159
44187,65-100,2008,95
44187,0-16,2009,12
44187,16-64,2009,151
44187,65-100,2009,99
44187,0-16,2010,16
44187,16-64,2010,152
44187,65-100,2010,94
44187,0-16,2011,18
44187,16-64,2011,148
44187,65-100,2011,93
44187,0-16,2012,19
44187,16-64,2012,143
44187,65-100,2012,92
44187,0-16,2013,17
44187,16-64,2013,142
44187,65-100,2013,86
44187,0-16,2014,22
44187,16-64,2014,128
44187,65-100,2014,84
44187,0-16,2015,24
44187,16-64,2015,124
44187,65-100,2015,92
44187,0-16,2016,25
44187,16-64,2016,127
44187,65-100,2016,88
44187,0-16,2017,34
44187,16-64,2017,126
44187,65-100,2017,86
44187,0-16,2018,32
44187,16-64,2018,122
44187,65-100,2018,89
44187,0-16,2019,30
44187,16-64,2019,116
44187,65-100,2019,89
44187,0-16,2020,34
44187,16-64,2020,111
44187,65-100,2020,91
44187,0-16,2021,32
44187,16-64,2021,109
44187,65-100,2021,89
44187,0-16,2022,35
44187,16-64,2022,112
44187,65-100,2022,89
44189,0-16,2003,9
44189,16-64,2003,39
44189,65-100,2003,47
44189,0-16,2004,7
44189,16-64,2004,42
44189,65-100,2004,48
44189,0-16,2005,3
44189,16-64,2005,39
44189,65-100,2005,46
44189,0-16,2006,4
44189,16-64,2006,44
44189,65-100,2006,46
44189,0-16,2007,1
44189,16-64,2007,45
44189,65-100,2007,43
44189,0-16,2008,1
44189,16-64,2008,39
44189,65-100,2008,43
44189,0-16,2009,3
44189,16-64,2009,40
44189,65-100,2009,40
44189,0-16,2010,4
44189,16-64,2010,36
44189,65-100,2010,43
44189,0-16,2011,3
44189,16-64,2011,34
44189,65-100,2011,43
44189,0-16,2012,1
44189,16-64,2012,29
44189,65-100,2012,41
44189,0-16,2013,1
44189,16-64,2013,31
44189,65-100,2013,34
44189,0-16,2014,0
44189,16-64,2014,31
44189,65-100,2014,32
44189,0-16,2015,1
44189,16-64,2015,31
44189,65-100,2015,30
44189,0-16,2016,1
44189,16-64,2016,29
44189,65-100,2016,30
44189,0-16,2017,1
44189,16-64,2017,26
44189,65-100,2017,27
44189,0-16,2018,1
44189,16-64,2018,26
44189,65-100,2018,21
44189,0-16,2019,1
44189,16-64,2019,31
44189,65-100,2019,18
44189,0-16,2020,1
44189,16-64,2020,26
44189,65-100,2020,16
44189,0-16,2021,0
44189,16-64,2021,33
44189,65-100,2021,14
44189,0-16,2022,0
44189,16-64,2022,35
44189,65-100,2022,13
44190,0-16,2003,9
44190,16-64,2003,49
44190,65-100,2003,50
44190,0-16,2004,10
44190,16-64,2004,45
44190,65-100,2004,55
44190,0-16,2005,8
44190,16-64,2005,46
44190,65-100,2005,49
44190,0-16,2006,7
44190,16-64,2006,49
44190,65-100,2006,49
44190,0-16,2007,7
44190,16-64,2007,55
44190,65-100,2007,52
44190,0-16,2008,7
44190,16-64,2008,53
44190,65-100,2008,47
44190,0-16,2009,5
44190,16-64,2009,51
44190,65-100,2009,45
44190,0-16,2010,5
44190,16-64,2010,51
44190,65-100,2010,44
44190,0-16,2011,5
44190,16-64,2011,51
44190,65-100,2011,42
44190,0-16,2012,3
44190,16-64,2012,48
44190,65-100,2012,39
44190,0-16,2013,0
44190,16-64,2013,41
44190,65-100,2013,39
44190,0-16,2014,0
44190,16-64,2014,39
44190,65-100,2014,42
44190,0-16,2015,0
44190,16-64,2015,35
44190,65-100,2015,39
44190,0-16,2016,0
44190,16-64,2016,33
44190,65-100,2016,39
44190,0-16,2017,0
44190,16-64,2017,31
44190,65-100,2017,39
44190,0-16,2018,1
44190,16-64,2018,29
44190,65-100,2018,38
44190,0-16,2019,1
44190,16-64,2019,28
44190,65-100,2019,36
44190,0-16,2020,1
44190,16-64,2020,27
44190,65-100,2020,35
44190,0-16,2021,1
44190,16-64,2021,28
44190,65-100,2021,33
44190,0-16,2022,1
44190,16-64,2022,28
44190,65-100,2022,31
44191,0-16,2003,113
44191,16-64,2003,572
44191,65-100,2003,350
44191,0-16,2004,105
44191,16-64,2004,566
44191,65-100,2004,342
44191,0-16,2005,110
44191,16-64,2005,573
44191,65-100,2005,332
44191,0-16,2006,114
44191,16-64,2006,578
44191,65-100,2006,324
44191,0-16,2007,114
44191,16-64,2007,577
44191,65-100,2007,314
44191,0-16,2008,112
44191,16-64,2008,593
44191,65-100,2008,313
44191,0-16,2009,113
44191,16-64,2009,601
44191,65-100,2009,310
44191,0-16,2010,114
44191,16-64,2010,582
44191,65-100,2010,310
44191,0-16,2011,119
44191,16-64,2011,589
44191,65-100,2011,305
44191,0-16,2012,114
44191,16-64,2012,567
44191,65-100,2012,301
44191,0-16,2013,117
44191,16-64,2013,578
44191,65-100,2013,279
44191,0-16,2014,114
44191,16-64,2014,582
44191,65-100,2014,269
44191,0-16,2015,111
44191,16-64,2015,572
44191,65-100,2015,264
44191,0-16,2016,109
44191,16-64,2016,551
44191,65-100,2016,270
44191,0-16,2017,122
44191,16-64,2017,553
44191,65-100,2017,269
44191,0-16,2018,119
44191,16-64,2018,527
44191,65-100,2018,262
44191,0-16,2019,118
44191,16-64,2019,522
44191,65-100,2019,257
44191,0-16,2020,127
44191,16-64,2020,525
44191,65-100,2020,247
44191,0-16,2021,122
44191,16-64,2021,542
44191,65-100,2021,245
44191,0-16,2022,127
44191,16-64,2022,546
44191,65-100,2022,241
44192,0-16,2003,62
44192,16-64,2003,275
44192,65-100,2003,167
44192,0-16,2004,58
44192,16-64,2004,282
44192,65-100,2004,168
44192,0-16,2005,62
44192,16-64,2005,333
44192,65-100,2005,156
44192,0-16,2006,60
44192,16-64,2006,333
44192,65-100,2006,145
44192,0-16,2007,57
44192,16-64,2007,343
44192,65-100,2007,144
44192,0-16,2008,61
44192,16-64,2008,342
44192,65-100,2008,137
44192,0-16,2009,62
44192,16-64,2009,369
44192,65-100,2009,138
44192,0-16,2010,63
44192,16-64,2010,367
44192,65-100,2010,141
44192,0-16,2011,60
44192,16-64,2011,353
44192,65-100,2011,139
44192,0-16,2012,68
44192,16-64,2012,350
44192,65-100,2012,132
44192,0-16,2013,76
44192,16-64,2013,345
44192,65-100,2013,126
44192,0-16,2014,73
44192,16-64,2014,324
44192,65-100,2014,124
44192,0-16,2015,69
44192,16-64,2015,307
44192,65-100,2015,124
44192,0-16,2016,59
44192,16-64,2016,284
44192,65-100,2016,117
44192,0-16,2017,54
44192,16-64,2017,287
44192,65-100,2017,116
44192,0-16,2018,56
44192,16-64,2018,287
44192,65-100,2018,110
44192,0-16,2019,58
44192,16-64,2019,299
44192,65-100,2019,100
44192,0-16,2020,59
44192,16-64,2020,295
44192,65-100,2020,97
44192,0-16,2021,51
44192,16-64,2021,300
44192,65-100,2021,94
44192,0-16,2022,51
44192,16-64,2022,307
44192,65-100,2022,90
44193,0-16,2003,8
44193,16-64,2003,98
44193,65-100,2003,59
44193,0-16,2004,12
44193,16-64,2004,112
44193,65-100,2004,58
44193,0-16,2005,11
44193,16-64,2005,122
44193,65-100,2005,57
44193,0-16,2006,15
44193,16-64,2006,159
44193,65-100,2006,55
44193,0-16,2007,21
44193,16-64,2007,172
44193,65-100,2007,59
44193,0-16,2008,28
44193,16-64,2008,178
44193,65-100,2008,53
44193,0-16,2009,33
44193,16-64,2009,143
44193,65-100,2009,52
44193,0-16,2010,30
44193,16-64,2010,131
44193,65-100,2010,46
44193,0-16,2011,20
44193,16-64,2011,92
44193,65-100,2011,45
44193,0-16,2012,19
44193,16-64,2012,86
44193,65-100,2012,39
44193,0-16,2013,19
44193,16-64,2013,82
44193,65-100,2013,34
44193,0-16,2014,16
44193,16-64,2014,64
44193,65-100,2014,37
44193,0-16,2015,16
44193,16-64,2015,67
44193,65-100,2015,36
44193,0-16,2016,13
44193,16-64,2016,66
44193,65-100,2016,33
44193,0-16,2017,17
44193,16-64,2017,70
44193,65-100,2017,30
44193,0-16,2018,19
44193,16-64,2018,67
44193,65-100,2018,26
44193,0-16,2019,18
44193,16-64,2019,68
44193,65-100,2019,23
44193,0-16,2020,19
44193,16-64,2020,72
44193,65-100,2020,26
44193,0-16,2021,20
44193,16-64,2021,77
44193,65-100,2021,28
44193,0-16,2022,26
44193,16-64,2022,86
44193,65-100,2022,29
44194,0-16,2003,17
44194,16-64,2003,91
44194,65-100,2003,79
44194,0-16,2004,13
44194,16-64,2004,92
44194,65-100,2004,76
44194,0-16,2005,11
44194,16-64,2005,95
44194,65-100,2005,66
44194,0-16,2006,6
44194,16-64,2006,87
44194,65-100,2006,63
44194,0-16,2007,5
44194,16-64,2007,87
44194,65-100,2007,61
44194,0-16,2008,6
44194,16-64,2008,89
44194,65-100,2008,58
44194,0-16,2009,8
44194,16-64,2009,99
44194,65-100,2009,53
44194,0-16,2010,16
44194,16-64,2010,101
44194,65-100,2010,53
44194,0-16,2011,19
44194,16-64,2011,91
44194,65-100,2011,55
44194,0-16,2012,16
44194,16-64,2012,91
44194,65-100,2012,52
44194,0-16,2013,12
44194,16-64,2013,78
44194,65-100,2013,48
44194,0-16,2014,13
44194,16-64,2014,80
44194,65-100,2014,49
44194,0-16,2015,12
44194,16-64,2015,74
44194,65-100,2015,47
44194,0-16,2016,15
44194,16-64,2016,77
44194,65-100,2016,46
44194,0-16,2017,16
44194,16-64,2017,82
44194,65-100,2017,48
44194,0-16,2018,17
44194,16-64,2018,79
44194,65-100,2018,47
44194,0-16,2019,17
44194,16-64,2019,72
44194,65-100,2019,49
44194,0-16,2020,18
44194,16-64,2020,72
44194,65-100,2020,49
44194,0-16,2021,24
44194,16-64,2021,72
44194,65-100,2021,48
44194,0-16,2022,24
44194,16-64,2022,71
44194,65-100,2022,51
44195,0-16,2003,6
44195,16-64,2003,60
44195,65-100,2003,64
44195,0-16,2004,4
44195,16-64,2004,57
44195,65-100,2004,64
44195,0-16,2005,4
44195,16-64,2005,51
44195,65-100,2005,60
44195,0-16,2006,4
44195,16-64,2006,50
44195,65-100,2006,57
44195,0-16,2007,4
44195,16-64,2007,46
44195,65-100,2007,56
44195,0-16,2008,3
44195,16-64,2008,46
44195,65-100,2008,55
44195,0-16,2009,2
44195,16-64,2009,47
44195,65-100,2009,51
44195,0-16,2010,4
44195,16-64,2010,56
44195,65-100,2010,53
44195,0-16,2011,7
44195,16-64,2011,57
44195,65-100,2011,48
44195,0-16,2012,6
44195,16-64,2012,58
44195,65-100,2012,47
44195,0-16,2013,4
44195,16-64,2013,56
44195,65-100,2013,49
44195,0-16,2014,4
44195,16-64,2014,59
44195,65-100,2014,43
44195,0-16,2015,4
44195,16-64,2015,58
44195,65-100,2015,35
44195,0-16,2016,2
44195,16-64,2016,59
44195,65-100,2016,31
44195,0-16,2017,2
44195,16-64,2017,59
44195,65-100,2017,31
44195,0-16,2018,2
44195,16-64,2018,63
44195,65-100,2018,28
44195,0-16,2019,3
44195,16-64,2019,58
44195,65-100,2019,27
44195,0-16,2020,3
44195,16-64,2020,57
44195,65-100,2020,25
44195,0-16,2021,5
44195,16-64,2021,62
44195,65-100,2021,25
44195,0-16,2022,3
44195,16-64,2022,65
44195,65-100,2022,18
44196,0-16,2003,14
44196,16-64,2003,80
44196,65-100,2003,92
44196,0-16,2004,14
44196,16-64,2004,84
44196,65-100,2004,93
44196,0-16,2005,12
44196,16-64,2005,82
44196,65-100,2005,88
44196,0-16,2006,13
44196,16-64,2006,95
44196,65-100,2006,93
44196,0-16,2007,9
44196,16-64,2007,86
44196,65-100,2007,91
44196,0-16,2008,17
44196,16-64,2008,92
44196,65-100,2008,89
44196,0-16,2009,19
44196,16-64,2009,93
44196,65-100,2009,87
44196,0-16,2010,13
44196,16-64,2010,85
44196,65-100,2010,82
44196,0-16,2011,13
44196,16-64,2011,85
44196,65-100,2011,78
44196,0-16,2012,11
44196,16-64,2012,87
44196,65-100,2012,75
44196,0-16,2013,10
44196,16-64,2013,79
44196,65-100,2013,76
44196,0-16,2014,10
44196,16-64,2014,83
44196,65-100,2014,72
44196,0-16,2015,12
44196,16-64,2015,83
44196,65-100,2015,68
44196,0-16,2016,11
44196,16-64,2016,77
44196,65-100,2016,63
44196,0-16,2017,10
44196,16-64,2017,78
44196,65-100,2017,61
44196,0-16,2018,11
44196,16-64,2018,72
44196,65-100,2018,61
44196,0-16,2019,11
44196,16-64,2019,70
44196,65-100,2019,61
44196,0-16,2020,13
44196,16-64,2020,63
44196,65-100,2020,58
44196,0-16,2021,8
44196,16-64,2021,63
44196,65-100,2021,57
44196,0-16,2022,11
44196,16-64,2022,68
44196,65-100,2022,57
44197,0-16,2003,10
44197,16-64,2003,33
44197,65-100,2003,42
44197,0-16,2004,8
44197,16-64,2004,36
44197,65-100,2004,44
44197,0-16,2005,7
44197,16-64,2005,36
44197,65-100,2005,44
44197,0-16,2006,7
44197,16-64,2006,40
44197,65-100,2006,41
44197,0-16,2007,7
44197,16-64,2007,39
44197,65-100,2007,40
44197,0-16,2008,4
44197,16-64,2008,38
44197,65-100,2008,35
44197,0-16,2009,3
44197,16-64,2009,35
44197,65-100,2009,33
44197,0-16,2010,2
44197,16-64,2010,41
44197,65-100,2010,36
44197,0-16,2011,2
44197,16-64,2011,36
44197,65-100,2011,33
44197,0-16,2012,4
44197,16-64,2012,42
44197,65-100,2012,33
44197,0-16,2013,5
44197,16-64,2013,42
44197,65-100,2013,31
44197,0-16,2014,4
44197,16-64,2014,41
44197,65-100,2014,30
44197,0-16,2015,1
44197,16-64,2015,37
44197,65-100,2015,28
44197,0-16,2016,2
44197,16-64,2016,35
44197,65-100,2016,27
44197,0-16,2017,2
44197,16-64,2017,34
44197,65-100,2017,26
44197,0-16,2018,3
44197,16-64,2018,32
44197,65-100,2018,26
44197,0-16,2019,3
44197,16-64,2019,37
44197,65-100,2019,23
44197,0-16,2020,4
44197,16-64,2020,35
44197,65-100,2020,23
44197,0-16,2021,3
44197,16-64,2021,34
44197,65-100,2021,24
44197,0-16,2022,3
44197,16-64,2022,36
44197,65-100,2022,23
44198,0-16,2003,19
44198,16-64,2003,141
44198,65-100,2003,69
44198,0-16,2004,19
44198,16-64,2004,133
44198,65-100,2004,73
44198,0-16,2005,17
44198,16-64,2005,133
44198,65-100,2005,71
44198,0-16,2006,17
44198,16-64,2006,135
44198,65-100,2006,72
44198,0-16,2007,16
44198,16-64,2007,132
44198,65-100,2007,76
44198,0-16,2008,16
44198,16-64,2008,130
44198,65-100,2008,77
44198,0-16,2009,20
44198,16-64,2009,140
44198,65-100,2009,80
44198,0-16,2010,23
44198,16-64,2010,145
44198,65-100,2010,80
44198,0-16,2011,28
44198,16-64,2011,139
44198,65-100,2011,84
44198,0-16,2012,30
44198,16-64,2012,139
44198,65-100,2012,78
44198,0-16,2013,27
44198,16-64,2013,123
44198,65-100,2013,80
44198,0-16,2014,27
44198,16-64,2014,117
44198,65-100,2014,83
44198,0-16,2015,25
44198,16-64,2015,115
44198,65-100,2015,81
44198,0-16,2016,27
44198,16-64,2016,113
44198,65-100,2016,75
44198,0-16,2017,25
44198,16-64,2017,109
44198,65-100,2017,75
44198,0-16,2018,20
44198,16-64,2018,113
44198,65-100,2018,73
44198,0-16,2019,16
44198,16-64,2019,122
44198,65-100,2019,66
44198,0-16,2020,19
44198,16-64,2020,125
44198,65-100,2020,66
44198,0-16,2021,18
44198,16-64,2021,129
44198,65-100,2021,65
44198,0-16,2022,21
44198,16-64,2022,136
44198,65-100,2022,68
44199,0-16,2003,1
44199,16-64,2003,27
44199,65-100,2003,27
44199,0-16,2004,3
44199,16-64,2004,29
44199,65-100,2004,28
44199,0-16,2005,2
44199,16-64,2005,29
44199,65-100,2005,23
44199,0-16,2006,2
44199,16-64,2006,30
44199,65-100,2006,21
44199,0-16,2007,1
44199,16-64,2007,31
44199,65-100,2007,26
44199,0-16,2008,3
44199,16-64,2008,33
44199,65-100,2008,22
44199,0-16,2009,3
44199,16-64,2009,31
44199,65-100,2009,22
44199,0-16,2010,3
44199,16-64,2010,36
44199,65-100,2010,18
44199,0-16,2011,3
44199,16-64,2011,43
44199,65-100,2011,12
44199,0-16,2012,5
44199,16-64,2012,44
44199,65-100,2012,12
44199,0-16,2013,5
44199,16-64,2013,41
44199,65-100,2013,9
44199,0-16,2014,4
44199,16-64,2014,39
44199,65-100,2014,8
44199,0-16,2015,3
44199,16-64,2015,41
44199,65-100,2015,9
44199,0-16,2016,1
44199,16-64,2016,37
44199,65-100,2016,12
44199,0-16,2017,3
44199,16-64,2017,36
44199,65-100,2017,13
44199,0-16,2018,4
44199,16-64,2018,33
44199,65-100,2018,13
44199,0-16,2019,5
44199,16-64,2019,37
44199,65-100,2019,10
44199,0-16,2020,4
44199,16-64,2020,35
44199,65-100,2020,10
44199,0-16,2021,1
44199,16-64,2021,28
44199,65-100,2021,13
44199,0-16,2022,2
44199,16-64,2022,28
44199,65-100,2022,13
44200,0-16,2003,2
44200,16-64,2003,26
44200,65-100,2003,29
44200,0-16,2004,2
44200,16-64,2004,25
44200,65-100,2004,28
44200,0-16,2005,2
44200,16-64,2005,25
44200,65-100,2005,28
44200,0-16,2006,2
44200,16-64,2006,25
44200,65-100,2006,26
44200,0-16,2007,2
44200,16-64,2007,26
44200,65-100,2007,26
44200,0-16,2008,1
44200,16-64,2008,23
44200,65-100,2008,25
44200,0-16,2009,1
44200,16-64,2009,23
44200,65-100,2009,22
44200,0-16,2010,1
44200,16-64,2010,22
44200,65-100,2010,22
44200,0-16,2011,0
44200,16-64,2011,19
44200,65-100,2011,24
44200,0-16,2012,0
44200,16-64,2012,20
44200,65-100,2012,23
44200,0-16,2013,0
44200,16-64,2013,21
44200,65-100,2013,22
44200,0-16,2014,0
44200,16-64,2014,19
44200,65-100,2014,22
44200,0-16,2015,0
44200,16-64,2015,20
44200,65-100,2015,21
44200,0-16,2016,0
44200,16-64,2016,17
44200,65-100,2016,22
44200,0-16,2017,0
44200,16-64,2017,17
44200,65-100,2017,21
44200,0-16,2018,0
44200,16-64,2018,17
44200,65-100,2018,21
44200,0-16,2019,0
44200,16-64,2019,16
44200,65-100,2019,23
44200,0-16,2020,0
44200,16-64,2020,17
44200,65-100,2020,22
44200,0-16,2021,0
44200,16-64,2021,18
44200,65-100,2021,19
44200,0-16,2022,0
44200,16-64,2022,17
44200,65-100,2022,15
44201,0-16,2003,87
44201,16-64,2003,365
44201,65-100,2003,191
44201,0-16,2004,92
44201,16-64,2004,375
44201,65-100,2004,185
44201,0-16,2005,111
44201,16-64,2005,410
44201,65-100,2005,178
44201,0-16,2006,110
44201,16-64,2006,428
44201,65-100,2006,172
44201,0-16,2007,126
44201,16-64,2007,455
44201,65-100,2007,171
44201,0-16,2008,129
44201,16-64,2008,473
44201,65-100,2008,168
44201,0-16,2009,127
44201,16-64,2009,484
44201,65-100,2009,169
44201,0-16,2010,123
44201,16-64,2010,486
44201,65-100,2010,163
44201,0-16,2011,110
44201,16-64,2011,478
44201,65-100,2011,163
44201,0-16,2012,111
44201,16-64,2012,489
44201,65-100,2012,155
44201,0-16,2013,95
44201,16-64,2013,473
44201,65-100,2013,154
44201,0-16,2014,95
44201,16-64,2014,438
44201,65-100,2014,154
44201,0-16,2015,92
44201,16-64,2015,412
44201,65-100,2015,157
44201,0-16,2016,87
44201,16-64,2016,412
44201,65-100,2016,159
44201,0-16,2017,79
44201,16-64,2017,397
44201,65-100,2017,150
44201,0-16,2018,78
44201,16-64,2018,405
44201,65-100,2018,144
44201,0-16,2019,78
44201,16-64,2019,408
44201,65-100,2019,135
44201,0-16,2020,86
44201,16-64,2020,420
44201,65-100,2020,129
44201,0-16,2021,83
44201,16-64,2021,422
44201,65-100,2021,127
44201,0-16,2022,74
44201,16-64,2022,421
44201,65-100,2022,129
44203,0-16,2003,0
44203,16-64,2003,3
44203,65-100,2003,5
44203,0-16,2004,0
44203,16-64,2004,3
44203,65-100,2004,5
44203,0-16,2005,0
44203,16-64,2005,1
44203,65-100,2005,6
44203,0-16,2006,0
44203,16-64,2006,5
44203,65-100,2006,5
44203,0-16,2007,0
44203,16-64,2007,6
44203,65-100,2007,6
44203,0-16,2008,0
44203,16-64,2008,7
44203,65-100,2008,6
44203,0-16,2009,0
44203,16-64,2009,5
44203,65-100,2009,5
44203,0-16,2010,0
44203,16-64,2010,5
44203,65-100,2010,3
44203,0-16,2011,0
44203,16-64,2011,6
44203,65-100,2011,2
44203,0-16,2012,0
44203,16-64,2012,8
44203,65-100,2012,2
44203,0-16,2013,0
44203,16-64,2013,8
44203,65-100,2013,2
44203,0-16,2014,0
44203,16-64,2014,8
44203,65-100,2014,2
44203,0-16,2015,0
44203,16-64,2015,10
44203,65-100,2015,3
44203,0-16,2016,0
44203,16-64,2016,14
44203,65-100,2016,3
44203,0-16,2017,0
44203,16-64,2017,16
44203,65-100,2017,1
44203,0-16,2018,0
44203,16-64,2018,16
44203,65-100,2018,1
44203,0-16,2019,0
44203,16-64,2019,14
44203,65-100,2019,0
44203,0-16,2020,0
44203,16-64,2020,10
44203,65-100,2020,1
44203,0-16,2021,0
44203,16-64,2021,9
44203,65-100,2021,2
44203,0-16,2022,0
44203,16-64,2022,9
44203,65-100,2022,2
44204,0-16,2003,1
44204,16-64,2003,11
44204,65-100,2003,19
44204,0-16,2004,1
44204,16-64,2004,13
44204,65-100,2004,19
44204,0-16,2005,1
44204,16-64,2005,12
44204,65-100,2005,19
44204,0-16,2006,1
44204,16-64,2006,10
44204,65-100,2006,18
44204,0-16,2007,1
44204,16-64,2007,12
44204,65-100,2007,17
44204,0-16,2008,2
44204,16-64,2008,13
44204,65-100,2008,16
44204,0-16,2009,2
44204,16-64,2009,14
44204,65-100,2009,13
44204,0-16,2010,2
44204,16-64,2010,14
44204,65-100,2010,13
44204,0-16,2011,2
44204,16-64,2011,13
44204,65-100,2011,14
44204,0-16,2012,2
44204,16-64,2012,13
44204,65-100,2012,13
44204,0-16,2013,3
44204,16-64,2013,13
44204,65-100,2013,13
44204,0-16,2014,1
44204,16-64,2014,12
44204,65-100,2014,14
44204,0-16,2015,1
44204,16-64,2015,13
44204,65-100,2015,13
44204,0-16,2016,0
44204,16-64,2016,13
44204,65-100,2016,13
44204,0-16,2017,0
44204,16-64,2017,13
44204,65-100,2017,13
44204,0-16,2018,0
44204,16-64,2018,13
44204,65-100,2018,13
44204,0-16,2019,0
44204,16-64,2019,14
44204,65-100,2019,13
44204,0-16,2020,0
44204,16-64,2020,14
44204,65-100,2020,10
44204,0-16,2021,0
44204,16-64,2021,13
44204,65-100,2021,12
44204,0-16,2022,0
44204,16-64,2022,12
44204,65-100,2022,10
44205,0-16,2003,91
44205,16-64,2003,529
44205,65-100,2003,362
44205,0-16,2004,89
44205,16-64,2004,533
44205,65-100,2004,362
44205,0-16,2005,94
44205,16-64,2005,523
44205,65-100,2005,357
44205,0-16,2006,90
44205,16-64,2006,544
44205,65-100,2006,373
44205,0-16,2007,93
44205,16-64,2007,547
44205,65-100,2007,363
44205,0-16,2008,89
44205,16-64,2008,524
44205,65-100,2008,348
44205,0-16,2009,82
44205,16-64,2009,506
44205,65-100,2009,340
44205,0-16,2010,94
44205,16-64,2010,496
44205,65-100,2010,335
44205,0-16,2011,90
44205,16-64,2011,487
44205,65-100,2011,332
44205,0-16,2012,89
44205,16-64,2012,483
44205,65-100,2012,312
44205,0-16,2013,86
44205,16-64,2013,471
44205,65-100,2013,310
44205,0-16,2014,82
44205,16-64,2014,462
44205,65-100,2014,317
44205,0-16,2015,86
44205,16-64,2015,452
44205,65-100,2015,316
44205,0-16,2016,89
44205,16-64,2016,443
44205,65-100,2016,313
44205,0-16,2017,87
44205,16-64,2017,438
44205,65-100,2017,296
44205,0-16,2018,75
44205,16-64,2018,430
44205,65-100,2018,278
44205,0-16,2019,71
44205,16-64,2019,421
44205,65-100,2019,263
44205,0-16,2020,63
44205,16-64,2020,410
44205,65-100,2020,248
44205,0-16,2021,62
44205,16-64,2021,419
44205,65-100,2021,250
44205,0-16,2022,56
44205,16-64,2022,430
44205,65-100,2022,245
44206,0-16,2003,7
44206,16-64,2003,69
44206,65-100,2003,55
44206,0-16,2004,3
44206,16-64,2004,69
44206,65-100,2004,52
44206,0-16,2005,6
44206,16-64,2005,86
44206,65-100,2005,50
44206,0-16,2006,9
44206,16-64,2006,98
44206,65-100,2006,52
44206,0-16,2007,11
44206,16-64,2007,103
44206,65-100,2007,51
44206,0-16,2008,9
44206,16-64,2008,110
44206,65-100,2008,49
44206,0-16,2009,8
44206,16-64,2009,99
44206,65-100,2009,47
44206,0-16,2010,7
44206,16-64,2010,100
44206,65-100,2010,43
44206,0-16,2011,10
44206,16-64,2011,139
44206,65-100,2011,52
44206,0-16,2012,11
44206,16-64,2012,123
44206,65-100,2012,43
44206,0-16,2013,11
44206,16-64,2013,98
44206,65-100,2013,42
44206,0-16,2014,10
44206,16-64,2014,90
44206,65-100,2014,41
44206,0-16,2015,10
44206,16-64,2015,90
44206,65-100,2015,41
44206,0-16,2016,7
44206,16-64,2016,86
44206,65-100,2016,39
44206,0-16,2017,8
44206,16-64,2017,87
44206,65-100,2017,36
44206,0-16,2018,7
44206,16-64,2018,83
44206,65-100,2018,35
44206,0-16,2019,7
44206,16-64,2019,78
44206,65-100,2019,34
44206,0-16,2020,7
44206,16-64,2020,79
44206,65-100,2020,37
44206,0-16,2021,6
44206,16-64,2021,94
44206,65-100,2021,38
44206,0-16,2022,7
44206,16-64,2022,87
44206,65-100,2022,40
44207,0-16,2003,8
44207,16-64,2003,111
44207,65-100,2003,145
44207,0-16,2004,9
44207,16-64,2004,97
44207,65-100,2004,149
44207,0-16,2005,6
44207,16-64,2005,93
44207,65-100,2005,144
44207,0-16,2006,6
44207,16-64,2006,88
44207,65-100,2006,140
44207,0-16,2007,7
44207,16-64,2007,90
44207,65-100,2007,132
44207,0-16,2008,5
44207,16-64,2008,87
44207,65-100,2008,118
44207,0-16,2009,5
44207,16-64,2009,87
44207,65-100,2009,112
44207,0-16,2010,6
44207,16-64,2010,91
44207,65-100,2010,102
44207,0-16,2011,6
44207,16-64,2011,87
44207,65-100,2011,100
44207,0-16,2012,6
44207,16-64,2012,83
44207,65-100,2012,102
44207,0-16,2013,7
44207,16-64,2013,71
44207,65-100,2013,104
44207,0-16,2014,7
44207,16-64,2014,68
44207,65-100,2014,104
44207,0-16,2015,6
44207,16-64,2015,68
44207,65-100,2015,100
44207,0-16,2016,6
44207,16-64,2016,65
44207,65-100,2016,92
44207,0-16,2017,6
44207,16-64,2017,63
44207,65-100,2017,86
44207,0-16,2018,6
44207,16-64,2018,60
44207,65-100,2018,82
44207,0-16,2019,5
44207,16-64,2019,57
44207,65-100,2019,75
44207,0-16,2020,5
44207,16-64,2020,58
44207,65-100,2020,69
44207,0-16,2021,5
44207,16-64,2021,64
44207,65-100,2021,68
44207,0-16,2022,3
44207,16-64,2022,60
44207,65-100,2022,69
44208,0-16,2003,2
44208,16-64,2003,17
44208,65-100,2003,17
44208,0-16,2004,0
44208,16-64,2004,15
44208,65-100,2004,17
44208,0-16,2005,1
44208,16-64,2005,17
44208,65-100,2005,18
44208,0-16,2006,1
44208,16-64,2006,18
44208,65-100,2006,19
44208,0-16,2007,1
44208,16-64,2007,16
44208,65-100,2007,20
44208,0-16,2008,1
44208,16-64,2008,14
44208,65-100,2008,17
44208,0-16,2009,1
44208,16-64,2009,15
44208,65-100,2009,15
44208,0-16,2010,1
44208,16-64,2010,17
44208,65-100,2010,18
44208,0-16,2011,2
44208,16-64,2011,19
44208,65-100,2011,19
44208,0-16,2012,2
44208,16-64,2012,17
44208,65-100,2012,20
44208,0-16,2013,1
44208,16-64,2013,17
44208,65-100,2013,20
44208,0-16,2014,1
44208,16-64,2014,21
44208,65-100,2014,20
44208,0-16,2015,1
44208,16-64,2015,19
44208,65-100,2015,19
44208,0-16,2016,1
44208,16-64,2016,21
44208,65-100,2016,18
44208,0-16,2017,1
44208,16-64,2017,19
44208,65-100,2017,18
44208,0-16,2018,2
44208,16-64,2018,20
44208,65-100,2018,15
44208,0-16,2019,1
44208,16-64,2019,16
44208,65-100,2019,12
44208,0-16,2020,2
44208,16-64,2020,16
44208,65-100,2020,12
44208,0-16,2021,2
44208,16-64,2021,15
44208,65-100,2021,13
44208,0-16,2022,0
44208,16-64,2022,12
44208,65-100,2022,13
44209,0-16,2003,102
44209,16-64,2003,585
44209,65-100,2003,461
44209,0-16,2004,104
44209,16-64,2004,601
44209,65-100,2004,449
44209,0-16,2005,104
44209,16-64,2005,615
44209,65-100,2005,445
44209,0-16,2006,112
44209,16-64,2006,619
44209,65-100,2006,439
44209,0-16,2007,106
44209,16-64,2007,616
44209,65-100,2007,421
44209,0-16,2008,118
44209,16-64,2008,634
44209,65-100,2008,411
44209,0-16,2009,115
44209,16-64,2009,670
44209,65-100,2009,400
44209,0-16,2010,105
44209,16-64,2010,651
44209,65-100,2010,396
44209,0-16,2011,107
44209,16-64,2011,649
44209,65-100,2011,391
44209,0-16,2012,110
44209,16-64,2012,636
44209,65-100,2012,376
44209,0-16,2013,109
44209,16-64,2013,634
44209,65-100,2013,375
44209,0-16,2014,114
44209,16-64,2014,630
44209,65-100,2014,367
44209,0-16,2015,108
44209,16-64,2015,616
44209,65-100,2015,357
44209,0-16,2016,103
44209,16-64,2016,603
44209,65-100,2016,353
44209,0-16,2017,102
44209,16-64,2017,589
44209,65-100,2017,342
44209,0-16,2018,103
44209,16-64,2018,590
44209,65-100,2018,344
44209,0-16,2019,117
44209,16-64,2019,607
44209,65-100,2019,337
44209,0-16,2020,109
44209,16-64,2020,619
44209,65-100,2020,322
44209,0-16,2021,113
44209,16-64,2021,641
44209,65-100,2021,312
44209,0-16,2022,110
44209,16-64,2022,626
44209,65-100,2022,297
44210,0-16,2003,129
44210,16-64,2003,639
44210,65-100,2003,265
44210,0-16,2004,136
44210,16-64,2004,655
44210,65-100,2004,258
44210,0-16,2005,134
44210,16-64,2005,685
44210,65-100,2005,253
44210,0-16,2006,145
44210,16-64,2006,708
44210,65-100,2006,251
44210,0-16,2007,141
44210,16-64,2007,697
44210,65-100,2007,247
44210,0-16,2008,142
44210,16-64,2008,735
44210,65-100,2008,247
44210,0-16,2009,151
44210,16-64,2009,758
44210,65-100,2009,246
44210,0-16,2010,160
44210,16-64,2010,729
44210,65-100,2010,251
44210,0-16,2011,160
44210,16-64,2011,730
44210,65-100,2011,245
44210,0-16,2012,160
44210,16-64,2012,735
44210,65-100,2012,234
44210,0-16,2013,169
44210,16-64,2013,750
44210,65-100,2013,230
44210,0-16,2014,178
44210,16-64,2014,739
44210,65-100,2014,235
44210,0-16,2015,185
44210,16-64,2015,755
44210,65-100,2015,227
44210,0-16,2016,182
44210,16-64,2016,717
44210,65-100,2016,226
44210,0-16,2017,191
44210,16-64,2017,711
44210,65-100,2017,223
44210,0-16,2018,199
44210,16-64,2018,712
44210,65-100,2018,222
44210,0-16,2019,196
44210,16-64,2019,694
44210,65-100,2019,238
44210,0-16,2020,201
44210,16-64,2020,708
44210,65-100,2020,239
44210,0-16,2021,211
44210,16-64,2021,738
44210,65-100,2021,245
44210,0-16,2022,212
44210,16-64,2022,738
44210,65-100,2022,251
44211,0-16,2003,0
44211,16-64,2003,17
44211,65-100,2003,26
44211,0-16,2004,0
44211,16-64,2004,18
44211,65-100,2004,21
44211,0-16,2005,0
44211,16-64,2005,14
44211,65-100,2005,22
44211,0-16,2006,0
44211,16-64,2006,16
44211,65-100,2006,23
44211,0-16,2007,0
44211,16-64,2007,16
44211,65-100,2007,23
44211,0-16,2008,0
44211,16-64,2008,17
44211,65-100,2008,22
44211,0-16,2009,0
44211,16-64,2009,17
44211,65-100,2009,23
44211,0-16,2010,0
44211,16-64,2010,16
44211,65-100,2010,24
44211,0-16,2011,0
44211,16-64,2011,17
44211,65-100,2011,22
44211,0-16,2012,0
44211,16-64,2012,17
44211,65-100,2012,23
44211,0-16,2013,0
44211,16-64,2013,18
44211,65-100,2013,22
44211,0-16,2014,0
44211,16-64,2014,17
44211,65-100,2014,22
44211,0-16,2015,0
44211,16-64,2015,17
44211,65-100,2015,23
44211,0-16,2016,0
44211,16-64,2016,23
44211,65-100,2016,21
44211,0-16,2017,0
44211,16-64,2017,21
44211,65-100,2017,22
44211,0-16,2018,0
44211,16-64,2018,19
44211,65-100,2018,20
44211,0-16,2019,2
44211,16-64,2019,19
44211,65-100,2019,17
44211,0-16,2020,2
44211,16-64,2020,24
44211,65-100,2020,15
44211,0-16,2021,2
44211,16-64,2021,21
44211,65-100,2021,15
44211,0-16,2022,4
44211,16-64,2022,22
44211,65-100,2022,16
44212,0-16,2003,2
44212,16-64,2003,33
44212,65-100,2003,17
44212,0-16,2004,1
44212,16-64,2004,31
44212,65-100,2004,16
44212,0-16,2005,0
44212,16-64,2005,34
44212,65-100,2005,17
44212,0-16,2006,0
44212,16-64,2006,29
44212,65-100,2006,17
44212,0-16,2007,0
44212,16-64,2007,25
44212,65-100,2007,20
44212,0-16,2008,0
44212,16-64,2008,22
44212,65-100,2008,20
44212,0-16,2009,1
44212,16-64,2009,24
44212,65-100,2009,22
44212,0-16,2010,1
44212,16-64,2010,23
44212,65-100,2010,25
44212,0-16,2011,0
44212,16-64,2011,21
44212,65-100,2011,25
44212,0-16,2012,0
44212,16-64,2012,21
44212,65-100,2012,24
44212,0-16,2013,0
44212,16-64,2013,20
44212,65-100,2013,23
44212,0-16,2014,0
44212,16-64,2014,20
44212,65-100,2014,22
44212,0-16,2015,1
44212,16-64,2015,20
44212,65-100,2015,22
44212,0-16,2016,1
44212,16-64,2016,21
44212,65-100,2016,19
44212,0-16,2017,1
44212,16-64,2017,22
44212,65-100,2017,17
44212,0-16,2018,1
44212,16-64,2018,21
44212,65-100,2018,17
44212,0-16,2019,1
44212,16-64,2019,25
44212,65-100,2019,17
44212,0-16,2020,1
44212,16-64,2020,24
44212,65-100,2020,14
44212,0-16,2021,1
44212,16-64,2021,27
44212,65-100,2021,16
44212,0-16,2022,1
44212,16-64,2022,26
44212,65-100,2022,16
44213,0-16,2003,5
44213,16-64,2003,38
44213,65-100,2003,47
44213,0-16,2004,9
44213,16-64,2004,40
44213,65-100,2004,45
44213,0-16,2005,12
44213,16-64,2005,37
44213,65-100,2005,42
44213,0-16,2006,10
44213,16-64,2006,43
44213,65-100,2006,45
44213,0-16,2007,9
44213,16-64,2007,46
44213,65-100,2007,43
44213,0-16,2008,13
44213,16-64,2008,41
44213,65-100,2008,40
44213,0-16,2009,12
44213,16-64,2009,43
44213,65-100,2009,40
44213,0-16,2010,14
44213,16-64,2010,47
44213,65-100,2010,37
44213,0-16,2011,14
44213,16-64,2011,45
44213,65-100,2011,33
44213,0-16,2012,10
44213,16-64,2012,44
44213,65-100,2012,30
44213,0-16,2013,3
44213,16-64,2013,40
44213,65-100,2013,30
44213,0-16,2014,3
44213,16-64,2014,44
44213,65-100,2014,29
44213,0-16,2015,3
44213,16-64,2015,49
44213,65-100,2015,28
44213,0-16,2016,3
44213,16-64,2016,50
44213,65-100,2016,27
44213,0-16,2017,1
44213,16-64,2017,51
44213,65-100,2017,27
44213,0-16,2018,2
44213,16-64,2018,50
44213,65-100,2018,28
44213,0-16,2019,0
44213,16-64,2019,47
44213,65-100,2019,28
44213,0-16,2020,2
44213,16-64,2020,54
44213,65-100,2020,27
44213,0-16,2021,1
44213,16-64,2021,56
44213,65-100,2021,23
44213,0-16,2022,1
44213,16-64,2022,55
44213,65-100,2022,24
44215,0-16,2003,14
44215,16-64,2003,90
44215,65-100,2003,70
44215,0-16,2004,14
44215,16-64,2004,102
44215,65-100,2004,67
44215,0-16,2005,11
44215,16-64,2005,95
44215,65-100,2005,71
44215,0-16,2006,9
44215,16-64,2006,107
44215,65-100,2006,69
44215,0-16,2007,11
44215,16-64,2007,114
44215,65-100,2007,67
44215,0-16,2008,13
44215,16-64,2008,111
44215,65-100,2008,63
44215,0-16,2009,17
44215,16-64,2009,113
44215,65-100,2009,57
44215,0-16,2010,21
44215,16-64,2010,109
44215,65-100,2010,56
44215,0-16,2011,26
44215,16-64,2011,115
44215,65-100,2011,56
44215,0-16,2012,15
44215,16-64,2012,120
44215,65-100,2012,56
44215,0-16,2013,12
44215,16-64,2013,107
44215,65-100,2013,60
44215,0-16,2014,11
44215,16-64,2014,104
44215,65-100,2014,62
44215,0-16,2015,10
44215,16-64,2015,109
44215,65-100,2015,59
44215,0-16,2016,8
44215,16-64,2016,107
44215,65-100,2016,58
44215,0-16,2017,8
44215,16-64,2017,105
44215,65-100,2017,65
44215,0-16,2018,8
44215,16-64,2018,103
44215,65-100,2018,72
44215,0-16,2019,8
44215,16-64,2019,102
44215,65-100,2019,73
44215,0-16,2020,9
44215,16-64,2020,101
44215,65-100,2020,70
44215,0-16,2021,13
44215,16-64,2021,103
44215,65-100,2021,65
44215,0-16,2022,13
44215,16-64,2022,108
44215,65-100,2022,70
44216,0-16,2003,5387
44216,16-64,2003,20715
44216,65-100,2003,6202
44216,0-16,2004,5391
44216,16-64,2004,21078
44216,65-100,2004,6111
44216,0-16,2005,5457
44216,16-64,2005,21740
44216,65-100,2005,6041
44216,0-16,2006,5516
44216,16-64,2006,22122
44216,65-100,2006,6035
44216,0-16,2007,5606
44216,16-64,2007,22658
44216,65-100,2007,5972
44216,0-16,2008,5731
44216,16-64,2008,23324
44216,65-100,2008,5982
44216,0-16,2009,5765
44216,16-64,2009,23575
44216,65-100,2009,6056
44216,0-16,2010,5771
44216,16-64,2010,23344
44216,65-100,2010,6126
44216,0-16,2011,5783
44216,16-64,2011,23276
44216,65-100,2011,6229
44216,0-16,2012,5871
44216,16-64,2012,23662
44216,65-100,2012,6308
44216,0-16,2013,5852
44216,16-64,2013,23739
44216,65-100,2013,6370
44216,0-16,2014,5837
44216,16-64,2014,23423
44216,65-100,2014,6415
44216,0-16,2015,5820
44216,16-64,2015,23241
44216,65-100,2015,6529
44216,0-16,2016,5825
44216,16-64,2016,23160
44216,65-100,2016,6579
44216,0-16,2017,5769
44216,16-64,2017,23064
44216,65-100,2017,6651
44216,0-16,2018,5771
44216,16-64,2018,23130
44216,65-100,2018,6790
44216,0-16,2019,5757
44216,16-64,2019,23201
44216,65-100,2019,6932
44216,0-16,2020,5725
44216,16-64,2020,23444
44216,65-100,2020,7071
44216,0-16,2021,5644
44216,16-64,2021,23295
44216,65-100,2021,7055
44216,0-16,2022,5612
44216,16-64,2022,23071
44216,65-100,2022,7217
44217,0-16,2003,0
44217,16-64,2003,13
44217,65-100,2003,13
44217,0-16,2004,0
44217,16-64,2004,20
44217,65-100,2004,11
44217,0-16,2005,0
44217,16-64,2005,19
44217,65-100,2005,12
44217,0-16,2006,0
44217,16-64,2006,24
44217,65-100,2006,11
44217,0-16,2007,0
44217,16-64,2007,34
44217,65-100,2007,12
44217,0-16,2008,0
44217,16-64,2008,24
44217,65-100,2008,10
44217,0-16,2009,0
44217,16-64,2009,26
44217,65-100,2009,10
44217,0-16,2010,0
44217,16-64,2010,24
44217,65-100,2010,10
44217,0-16,2011,0
44217,16-64,2011,27
44217,65-100,2011,10
44217,0-16,2012,0
44217,16-64,2012,25
44217,65-100,2012,10
44217,0-16,2013,0
44217,16-64,2013,25
44217,65-100,2013,10
44217,0-16,2014,0
44217,16-64,2014,23
44217,65-100,2014,9
44217,0-16,2015,0
44217,16-64,2015,22
44217,65-100,2015,8
44217,0-16,2016,0
44217,16-64,2016,22
44217,65-100,2016,8
44217,0-16,2017,0
44217,16-64,2017,21
44217,65-100,2017,8
44217,0-16,2018,0
44217,16-64,2018,22
44217,65-100,2018,8
44217,0-16,2019,0
44217,16-64,2019,23
44217,65-100,2019,9
44217,0-16,2020,0
44217,16-64,2020,23
44217,65-100,2020,10
44217,0-16,2021,0
44217,16-64,2021,26
44217,65-100,2021,10
44217,0-16,2022,0
44217,16-64,2022,27
44217,65-100,2022,10
44218,0-16,2003,0
44218,16-64,2003,17
44218,65-100,2003,20
44218,0-16,2004,0
44218,16-64,2004,17
44218,65-100,2004,22
44218,0-16,2005,0
44218,16-64,2005,15
44218,65-100,2005,20
44218,0-16,2006,0
44218,16-64,2006,12
44218,65-100,2006,20
44218,0-16,2007,0
44218,16-64,2007,13
44218,65-100,2007,20
44218,0-16,2008,0
44218,16-64,2008,15
44218,65-100,2008,20
44218,0-16,2009,0
44218,16-64,2009,15
44218,65-100,2009,18
44218,0-16,2010,0
44218,16-64,2010,15
44218,65-100,2010,17
44218,0-16,2011,0
44218,16-64,2011,21
44218,65-100,2011,15
44218,0-16,2012,0
44218,16-64,2012,18
44218,65-100,2012,16
44218,0-16,2013,0
44218,16-64,2013,16
44218,65-100,2013,15
44218,0-16,2014,0
44218,16-64,2014,12
44218,65-100,2014,16
44218,0-16,2015,0
44218,16-64,2015,15
44218,65-100,2015,19
44218,0-16,2016,0
44218,16-64,2016,15
44218,65-100,2016,19
44218,0-16,2017,0
44218,16-64,2017,15
44218,65-100,2017,19
44218,0-16,2018,0
44218,16-64,2018,14
44218,65-100,2018,17
44218,0-16,2019,0
44218,16-64,2019,17
44218,65-100,2019,13
44218,0-16,2020,0
44218,16-64,2020,14
44218,65-100,2020,11
44218,0-16,2021,0
44218,16-64,2021,14
44218,65-100,2021,11
44218,0-16,2022,0
44218,16-64,2022,14
44218,65-100,2022,12
44219,0-16,2003,16
44219,16-64,2003,121
44219,65-100,2003,104
44219,0-16,2004,16
44219,16-64,2004,118
44219,65-100,2004,105
44219,0-16,2005,12
44219,16-64,2005,126
44219,65-100,2005,104
44219,0-16,2006,12
44219,16-64,2006,135
44219,65-100,2006,103
44219,0-16,2007,15
44219,16-64,2007,134
44219,65-100,2007,101
44219,0-16,2008,13
44219,16-64,2008,131
44219,65-100,2008,96
44219,0-16,2009,14
44219,16-64,2009,126
44219,65-100,2009,94
44219,0-16,2010,14
44219,16-64,2010,119
44219,65-100,2010,99
44219,0-16,2011,15
44219,16-64,2011,116
44219,65-100,2011,99
44219,0-16,2012,17
44219,16-64,2012,117
44219,65-100,2012,97
44219,0-16,2013,18
44219,16-64,2013,119
44219,65-100,2013,97
44219,0-16,2014,17
44219,16-64,2014,116
44219,65-100,2014,98
44219,0-16,2015,15
44219,16-64,2015,123
44219,65-100,2015,97
44219,0-16,2016,15
44219,16-64,2016,121
44219,65-100,2016,92
44219,0-16,2017,19
44219,16-64,2017,114
44219,65-100,2017,89
44219,0-16,2018,19
44219,16-64,2018,109
44219,65-100,2018,85
44219,0-16,2019,19
44219,16-64,2019,102
44219,65-100,2019,85
44219,0-16,2020,17
44219,16-64,2020,102
44219,65-100,2020,83
44219,0-16,2021,14
44219,16-64,2021,100
44219,65-100,2021,87
44219,0-16,2022,13
44219,16-64,2022,102
44219,65-100,2022,81
44220,0-16,2003,32
44220,16-64,2003,120
44220,65-100,2003,79
44220,0-16,2004,29
44220,16-64,2004,113
44220,65-100,2004,79
44220,0-16,2005,28
44220,16-64,2005,110
44220,65-100,2005,80
44220,0-16,2006,24
44220,16-64,2006,92
44220,65-100,2006,81
44220,0-16,2007,37
44220,16-64,2007,113
44220,65-100,2007,74
44220,0-16,2008,38
44220,16-64,2008,111
44220,65-100,2008,73
44220,0-16,2009,44
44220,16-64,2009,111
44220,65-100,2009,73
44220,0-16,2010,43
44220,16-64,2010,100
44220,65-100,2010,73
44220,0-16,2011,37
44220,16-64,2011,99
44220,65-100,2011,73
44220,0-16,2012,27
44220,16-64,2012,89
44220,65-100,2012,65
44220,0-16,2013,26
44220,16-64,2013,87
44220,65-100,2013,61
44220,0-16,2014,21
44220,16-64,2014,88
44220,65-100,2014,61
44220,0-16,2015,15
44220,16-64,2015,87
44220,65-100,2015,55
44220,0-16,2016,18
44220,16-64,2016,93
44220,65-100,2016,52
44220,0-16,2017,16
44220,16-64,2017,91
44220,65-100,2017,55
44220,0-16,2018,17
44220,16-64,2018,91
44220,65-100,2018,48
44220,0-16,2019,17
44220,16-64,2019,91
44220,65-100,2019,47
44220,0-16,2020,16
44220,16-64,2020,102
44220,65-100,2020,39
44220,0-16,2021,19
44220,16-64,2021,109
44220,65-100,2021,34
44220,0-16,2022,15
44220,16-64,2022,99
44220,65-100,2022,37
44221,0-16,2003,58
44221,16-64,2003,233
44221,65-100,2003,156
44221,0-16,2004,61
44221,16-64,2004,248
44221,65-100,2004,153
44221,0-16,2005,59
44221,16-64,2005,250
44221,65-100,2005,159
44221,0-16,2006,48
44221,16-64,2006,243
44221,65-100,2006,154
44221,0-16,2007,52
44221,16-64,2007,248
44221,65-100,2007,150
44221,0-16,2008,42
44221,16-64,2008,244
44221,65-100,2008,147
44221,0-16,2009,44
44221,16-64,2009,240
44221,65-100,2009,151
44221,0-16,2010,45
44221,16-64,2010,245
44221,65-100,2010,150
44221,0-16,2011,42
44221,16-64,2011,245
44221,65-100,2011,150
44221,0-16,2012,44
44221,16-64,2012,257
44221,65-100,2012,146
44221,0-16,2013,37
44221,16-64,2013,257
44221,65-100,2013,143
44221,0-16,2014,39
44221,16-64,2014,237
44221,65-100,2014,139
44221,0-16,2015,27
44221,16-64,2015,245
44221,65-100,2015,135
44221,0-16,2016,33
44221,16-64,2016,247
44221,65-100,2016,144
44221,0-16,2017,33
44221,16-64,2017,246
44221,65-100,2017,147
44221,0-16,2018,28
44221,16-64,2018,246
44221,65-100,2018,149
44221,0-16,2019,33
44221,16-64,2019,252
44221,65-100,2019,148
44221,0-16,2020,28
44221,16-64,2020,256
44221,65-100,2020,155
44221,0-16,2021,30
44221,16-64,2021,260
44221,65-100,2021,160
44221,0-16,2022,40
44221,16-64,2022,258
44221,65-100,2022,162
44222,0-16,2003,8
44222,16-64,2003,104
44222,65-100,2003,74
44222,0-16,2004,8
44222,16-64,2004,98
44222,65-100,2004,72
44222,0-16,2005,9
44222,16-64,2005,94
44222,65-100,2005,70
44222,0-16,2006,8
44222,16-64,2006,93
44222,65-100,2006,64
44222,0-16,2007,8
44222,16-64,2007,89
44222,65-100,2007,64
44222,0-16,2008,8
44222,16-64,2008,90
44222,65-100,2008,62
44222,0-16,2009,7
44222,16-64,2009,84
44222,65-100,2009,60
44222,0-16,2010,7
44222,16-64,2010,87
44222,65-100,2010,57
44222,0-16,2011,5
44222,16-64,2011,84
44222,65-100,2011,57
44222,0-16,2012,6
44222,16-64,2012,78
44222,65-100,2012,58
44222,0-16,2013,4
44222,16-64,2013,74
44222,65-100,2013,64
44222,0-16,2014,4
44222,16-64,2014,77
44222,65-100,2014,61
44222,0-16,2015,4
44222,16-64,2015,74
44222,65-100,2015,66
44222,0-16,2016,3
44222,16-64,2016,73
44222,65-100,2016,61
44222,0-16,2017,4
44222,16-64,2017,67
44222,65-100,2017,65
44222,0-16,2018,1
44222,16-64,2018,66
44222,65-100,2018,60
44222,0-16,2019,1
44222,16-64,2019,64
44222,65-100,2019,59
44222,0-16,2020,2
44222,16-64,2020,62
44222,65-100,2020,59
44222,0-16,2021,2
44222,16-64,2021,61
44222,65-100,2021,59
44222,0-16,2022,4
44222,16-64,2022,62
44222,65-100,2022,55
44223,0-16,2003,5
44223,16-64,2003,53
44223,65-100,2003,45
44223,0-16,2004,5
44223,16-64,2004,51
44223,65-100,2004,43
44223,0-16,2005,4
44223,16-64,2005,49
44223,65-100,2005,43
44223,0-16,2006,4
44223,16-64,2006,46
44223,65-100,2006,43
44223,0-16,2007,9
44223,16-64,2007,66
44223,65-100,2007,37
44223,0-16,2008,8
44223,16-64,2008,66
44223,65-100,2008,32
44223,0-16,2009,10
44223,16-64,2009,63
44223,65-100,2009,32
44223,0-16,2010,8
44223,16-64,2010,57
44223,65-100,2010,31
44223,0-16,2011,10
44223,16-64,2011,54
44223,65-100,2011,31
44223,0-16,2012,7
44223,16-64,2012,55
44223,65-100,2012,26
44223,0-16,2013,10
44223,16-64,2013,60
44223,65-100,2013,25
44223,0-16,2014,8
44223,16-64,2014,51
44223,65-100,2014,24
44223,0-16,2015,8
44223,16-64,2015,48
44223,65-100,2015,25
44223,0-16,2016,8
44223,16-64,2016,47
44223,65-100,2016,26
44223,0-16,2017,10
44223,16-64,2017,48
44223,65-100,2017,25
44223,0-16,2018,10
44223,16-64,2018,52
44223,65-100,2018,27
44223,0-16,2019,6
44223,16-64,2019,56
44223,65-100,2019,28
44223,0-16,2020,7
44223,16-64,2020,58
44223,65-100,2020,29
44223,0-16,2021,6
44223,16-64,2021,56
44223,65-100,2021,31
44223,0-16,2022,3
44223,16-64,2022,49
44223,65-100,2022,30
44224,0-16,2003,2
44224,16-64,2003,13
44224,65-100,2003,17
44224,0-16,2004,5
44224,16-64,2004,14
44224,65-100,2004,16
44224,0-16,2005,5
44224,16-64,2005,15
44224,65-100,2005,16
44224,0-16,2006,5
44224,16-64,2006,15
44224,65-100,2006,17
44224,0-16,2007,5
44224,16-64,2007,15
44224,65-100,2007,16
44224,0-16,2008,5
44224,16-64,2008,15
44224,65-100,2008,17
44224,0-16,2009,5
44224,16-64,2009,18
44224,65-100,2009,16
44224,0-16,2010,6
44224,16-64,2010,17
44224,65-100,2010,14
44224,0-16,2011,6
44224,16-64,2011,16
44224,65-100,2011,13
44224,0-16,2012,4
44224,16-64,2012,15
44224,65-100,2012,11
44224,0-16,2013,5
44224,16-64,2013,15
44224,65-100,2013,11
44224,0-16,2014,3
44224,16-64,2014,16
44224,65-100,2014,9
44224,0-16,2015,3
44224,16-64,2015,18
44224,65-100,2015,8
44224,0-16,2016,3
44224,16-64,2016,18
44224,65-100,2016,8
44224,0-16,2017,2
44224,16-64,2017,19
44224,65-100,2017,7
44224,0-16,2018,2
44224,16-64,2018,20
44224,65-100,2018,6
44224,0-16,2019,2
44224,16-64,2019,20
44224,65-100,2019,6
44224,0-16,2020,2
44224,16-64,2020,20
44224,65-100,2020,7
44224,0-16,2021,2
44224,16-64,2021,16
44224,65-100,2021,7
44224,0-16,2022,1
44224,16-64,2022,16
44224,65-100,2022,7
44225,0-16,2003,13
44225,16-64,2003,91
44225,65-100,2003,69
44225,0-16,2004,13
44225,16-64,2004,90
44225,65-100,2004,66
44225,0-16,2005,14
44225,16-64,2005,91
44225,65-100,2005,66
44225,0-16,2006,9
44225,16-64,2006,94
44225,65-100,2006,65
44225,0-16,2007,7
44225,16-64,2007,98
44225,65-100,2007,67
44225,0-16,2008,6
44225,16-64,2008,95
44225,65-100,2008,61
44225,0-16,2009,4
44225,16-64,2009,94
44225,65-100,2009,60
44225,0-16,2010,3
44225,16-64,2010,94
44225,65-100,2010,56
44225,0-16,2011,4
44225,16-64,2011,99
44225,65-100,2011,53
44225,0-16,2012,4
44225,16-64,2012,91
44225,65-100,2012,53
44225,0-16,2013,7
44225,16-64,2013,91
44225,65-100,2013,49
44225,0-16,2014,8
44225,16-64,2014,85
44225,65-100,2014,49
44225,0-16,2015,6
44225,16-64,2015,79
44225,65-100,2015,52
44225,0-16,2016,7
44225,16-64,2016,72
44225,65-100,2016,50
44225,0-16,2017,7
44225,16-64,2017,71
44225,65-100,2017,52
44225,0-16,2018,8
44225,16-64,2018,71
44225,65-100,2018,53
44225,0-16,2019,5
44225,16-64,2019,60
44225,65-100,2019,55
44225,0-16,2020,4
44225,16-64,2020,57
44225,65-100,2020,56
44225,0-16,2021,4
44225,16-64,2021,58
44225,65-100,2021,60
44225,0-16,2022,5
44225,16-64,2022,58
44225,65-100,2022,62
44226,0-16,2003,13
44226,16-64,2003,115
44226,65-100,2003,137
44226,0-16,2004,10
44226,16-64,2004,105
44226,65-100,2004,133
44226,0-16,2005,11
44226,16-64,2005,105
44226,65-100,2005,124
44226,0-16,2006,5
44226,16-64,2006,98
44226,65-100,2006,121
44226,0-16,2007,7
44226,16-64,2007,100
44226,65-100,2007,118
44226,0-16,2008,7
44226,16-64,2008,90
44226,65-100,2008,121
44226,0-16,2009,11
44226,16-64,2009,94
44226,65-100,2009,126
44226,0-16,2010,11
44226,16-64,2010,96
44226,65-100,2010,116
44226,0-16,2011,10
44226,16-64,2011,90
44226,65-100,2011,113
44226,0-16,2012,8
44226,16-64,2012,89
44226,65-100,2012,103
44226,0-16,2013,7
44226,16-64,2013,87
44226,65-100,2013,99
44226,0-16,2014,17
44226,16-64,2014,86
44226,65-100,2014,94
44226,0-16,2015,15
44226,16-64,2015,80
44226,65-100,2015,89
44226,0-16,2016,14
44226,16-64,2016,74
44226,65-100,2016,88
44226,0-16,2017,16
44226,16-64,2017,70
44226,65-100,2017,83
44226,0-16,2018,10
44226,16-64,2018,70
44226,65-100,2018,74
44226,0-16,2019,10
44226,16-64,2019,71
44226,65-100,2019,70
44226,0-16,2020,9
44226,16-64,2020,70
44226,65-100,2020,64
44226,0-16,2021,9
44226,16-64,2021,76
44226,65-100,2021,57
44226,0-16,2022,8
44226,16-64,2022,75
44226,65-100,2022,57
44227,0-16,2003,4
44227,16-64,2003,45
44227,65-100,2003,41
44227,0-16,2004,6
44227,16-64,2004,49
44227,65-100,2004,39
44227,0-16,2005,8
44227,16-64,2005,57
44227,65-100,2005,42
44227,0-16,2006,7
44227,16-64,2006,59
44227,65-100,2006,43
44227,0-16,2007,8
44227,16-64,2007,54
44227,65-100,2007,41
44227,0-16,2008,7
44227,16-64,2008,53
44227,65-100,2008,39
44227,0-16,2009,5
44227,16-64,2009,51
44227,65-100,2009,39
44227,0-16,2010,8
44227,16-64,2010,58
44227,65-100,2010,39
44227,0-16,2011,6
44227,16-64,2011,59
44227,65-100,2011,38
44227,0-16,2012,8
44227,16-64,2012,55
44227,65-100,2012,35
44227,0-16,2013,7
44227,16-64,2013,47
44227,65-100,2013,37
44227,0-16,2014,8
44227,16-64,2014,49
44227,65-100,2014,37
44227,0-16,2015,4
44227,16-64,2015,49
44227,65-100,2015,37
44227,0-16,2016,4
44227,16-64,2016,45
44227,65-100,2016,38
44227,0-16,2017,4
44227,16-64,2017,45
44227,65-100,2017,37
44227,0-16,2018,3
44227,16-64,2018,46
44227,65-100,2018,39
44227,0-16,2019,3
44227,16-64,2019,42
44227,65-100,2019,39
44227,0-16,2020,2
44227,16-64,2020,43
44227,65-100,2020,38
44227,0-16,2021,1
44227,16-64,2021,43
44227,65-100,2021,38
44227,0-16,2022,1
44227,16-64,2022,42
44227,65-100,2022,38
44228,0-16,2003,9
44228,16-64,2003,62
44228,65-100,2003,83
44228,0-16,2004,11
44228,16-64,2004,62
44228,65-100,2004,85
44228,0-16,2005,8
44228,16-64,2005,66
44228,65-100,2005,84
44228,0-16,2006,6
44228,16-64,2006,58
44228,65-100,2006,83
44228,0-16,2007,6
44228,16-64,2007,55
44228,65-100,2007,80
44228,0-16,2008,5
44228,16-64,2008,65
44228,65-100,2008,76
44228,0-16,2009,4
44228,16-64,2009,64
44228,65-100,2009,75
44228,0-16,2010,4
44228,16-64,2010,72
44228,65-100,2010,72
44228,0-16,2011,1
44228,16-64,2011,65
44228,65-100,2011,69
44228,0-16,2012,1
44228,16-64,2012,63
44228,65-100,2012,64
44228,0-16,2013,1
44228,16-64,2013,64
44228,65-100,2013,60
44228,0-16,2014,2
44228,16-64,2014,66
44228,65-100,2014,58
44228,0-16,2015,2
44228,16-64,2015,58
44228,65-100,2015,50
44228,0-16,2016,5
44228,16-64,2016,59
44228,65-100,2016,46
44228,0-16,2017,6
44228,16-64,2017,59
44228,65-100,2017,42
44228,0-16,2018,5
44228,16-64,2018,61
44228,65-100,2018,41
44228,0-16,2019,5
44228,16-64,2019,61
44228,65-100,2019,43
44228,0-16,2020,5
44228,16-64,2020,59
44228,65-100,2020,43
44228,0-16,2021,3
44228,16-64,2021,61
44228,65-100,2021,44
44228,0-16,2022,2
44228,16-64,2022,63
44228,65-100,2022,41
44229,0-16,2003,13
44229,16-64,2003,88
44229,65-100,2003,54
44229,0-16,2004,12
44229,16-64,2004,82
44229,65-100,2004,53
44229,0-16,2005,13
44229,16-64,2005,79
44229,65-100,2005,54
44229,0-16,2006,14
44229,16-64,2006,76
44229,65-100,2006,57
44229,0-16,2007,15
44229,16-64,2007,80
44229,65-100,2007,53
44229,0-16,2008,16
44229,16-64,2008,78
44229,65-100,2008,57
44229,0-16,2009,21
44229,16-64,2009,84
44229,65-100,2009,56
44229,0-16,2010,16
44229,16-64,2010,102
44229,65-100,2010,57
44229,0-16,2011,17
44229,16-64,2011,95
44229,65-100,2011,55
44229,0-16,2012,16
44229,16-64,2012,98
44229,65-100,2012,53
44229,0-16,2013,13
44229,16-64,2013,92
44229,65-100,2013,54
44229,0-16,2014,15
44229,16-64,2014,102
44229,65-100,2014,57
44229,0-16,2015,17
44229,16-64,2015,108
44229,65-100,2015,56
44229,0-16,2016,17
44229,16-64,2016,106
44229,65-100,2016,56
44229,0-16,2017,21
44229,16-64,2017,105
44229,65-100,2017,52
44229,0-16,2018,22
44229,16-64,2018,106
44229,65-100,2018,55
44229,0-16,2019,20
44229,16-64,2019,104
44229,65-100,2019,56
44229,0-16,2020,20
44229,16-64,2020,111
44229,65-100,2020,54
44229,0-16,2021,15
44229,16-64,2021,105
44229,65-100,2021,51
44229,0-16,2022,14
44229,16-64,2022,105
44229,65-100,2022,49
44230,0-16,2003,26
44230,16-64,2003,91
44230,65-100,2003,90
44230,0-16,2004,23
44230,16-64,2004,93
44230,65-100,2004,83
44230,0-16,2005,20
44230,16-64,2005,98
44230,65-100,2005,82
44230,0-16,2006,21
44230,16-64,2006,100
44230,65-100,2006,83
44230,0-16,2007,19
44230,16-64,2007,96
44230,65-100,2007,79
44230,0-16,2008,17
44230,16-64,2008,99
44230,65-100,2008,77
44230,0-16,2009,14
44230,16-64,2009,101
44230,65-100,2009,79
44230,0-16,2010,27
44230,16-64,2010,110
44230,65-100,2010,77
44230,0-16,2011,28
44230,16-64,2011,113
44230,65-100,2011,75
44230,0-16,2012,25
44230,16-64,2012,103
44230,65-100,2012,71
44230,0-16,2013,28
44230,16-64,2013,113
44230,65-100,2013,70
44230,0-16,2014,28
44230,16-64,2014,111
44230,65-100,2014,69
44230,0-16,2015,25
44230,16-64,2015,109
44230,65-100,2015,66
44230,0-16,2016,25
44230,16-64,2016,112
44230,65-100,2016,66
44230,0-16,2017,25
44230,16-64,2017,103
44230,65-100,2017,64
44230,0-16,2018,21
44230,16-64,2018,106
44230,65-100,2018,62
44230,0-16,2019,21
44230,16-64,2019,103
44230,65-100,2019,62
44230,0-16,2020,18
44230,16-64,2020,98
44230,65-100,2020,54
44230,0-16,2021,20
44230,16-64,2021,109
44230,65-100,2021,51
44230,0-16,2022,18
44230,16-64,2022,101
44230,65-100,2022,51
44231,0-16,2003,8
44231,16-64,2003,44
44231,65-100,2003,42
44231,0-16,2004,8
44231,16-64,2004,40
44231,65-100,2004,39
44231,0-16,2005,8
44231,16-64,2005,41
44231,65-100,2005,37
44231,0-16,2006,2
44231,16-64,2006,38
44231,65-100,2006,33
44231,0-16,2007,2
44231,16-64,2007,37
44231,65-100,2007,31
44231,0-16,2008,6
44231,16-64,2008,34
44231,65-100,2008,33
44231,0-16,2009,6
44231,16-64,2009,28
44231,65-100,2009,28
44231,0-16,2010,6
44231,16-64,2010,30
44231,65-100,2010,30
44231,0-16,2011,6
44231,16-64,2011,28
44231,65-100,2011,29
44231,0-16,2012,5
44231,16-64,2012,28
44231,65-100,2012,24
44231,0-16,2013,5
44231,16-64,2013,21
44231,65-100,2013,18
44231,0-16,2014,6
44231,16-64,2014,22
44231,65-100,2014,17
44231,0-16,2015,5
44231,16-64,2015,21
44231,65-100,2015,19
44231,0-16,2016,4
44231,16-64,2016,23
44231,65-100,2016,18
44231,0-16,2017,3
44231,16-64,2017,19
44231,65-100,2017,17
44231,0-16,2018,4
44231,16-64,2018,20
44231,65-100,2018,14
44231,0-16,2019,3
44231,16-64,2019,23
44231,65-100,2019,15
44231,0-16,2020,5
44231,16-64,2020,25
44231,65-100,2020,13
44231,0-16,2021,3
44231,16-64,2021,21
44231,65-100,2021,14
44231,0-16,2022,4
44231,16-64,2022,21
44231,65-100,2022,10
44232,0-16,2003,55
44232,16-64,2003,313
44232,65-100,2003,200
44232,0-16,2004,50
44232,16-64,2004,301
44232,65-100,2004,201
44232,0-16,2005,42
44232,16-64,2005,297
44232,65-100,2005,190
44232,0-16,2006,36
44232,16-64,2006,268
44232,65-100,2006,181
44232,0-16,2007,49
44232,16-64,2007,336
44232,65-100,2007,194
44232,0-16,2008,43
44232,16-64,2008,354
44232,65-100,2008,184
44232,0-16,2009,44
44232,16-64,2009,352
44232,65-100,2009,170
44232,0-16,2010,38
44232,16-64,2010,332
44232,65-100,2010,169
44232,0-16,2011,38
44232,16-64,2011,306
44232,65-100,2011,174
44232,0-16,2012,34
44232,16-64,2012,299
44232,65-100,2012,173
44232,0-16,2013,29
44232,16-64,2013,298
44232,65-100,2013,169
44232,0-16,2014,33
44232,16-64,2014,298
44232,65-100,2014,178
44232,0-16,2015,32
44232,16-64,2015,281
44232,65-100,2015,176
44232,0-16,2016,30
44232,16-64,2016,262
44232,65-100,2016,170
44232,0-16,2017,25
44232,16-64,2017,255
44232,65-100,2017,167
44232,0-16,2018,29
44232,16-64,2018,255
44232,65-100,2018,163
44232,0-16,2019,36
44232,16-64,2019,257
44232,65-100,2019,162
44232,0-16,2020,30
44232,16-64,2020,260
44232,65-100,2020,157
44232,0-16,2021,44
44232,16-64,2021,270
44232,65-100,2021,156
44232,0-16,2022,52
44232,16-64,2022,276
44232,65-100,2022,154
44234,0-16,2003,13
44234,16-64,2003,51
44234,65-100,2003,48
44234,0-16,2004,9
44234,16-64,2004,57
44234,65-100,2004,48
44234,0-16,2005,8
44234,16-64,2005,63
44234,65-100,2005,45
44234,0-16,2006,8
44234,16-64,2006,61
44234,65-100,2006,46
44234,0-16,2007,6
44234,16-64,2007,52
44234,65-100,2007,42
44234,0-16,2008,5
44234,16-64,2008,54
44234,65-100,2008,42
44234,0-16,2009,6
44234,16-64,2009,54
44234,65-100,2009,40
44234,0-16,2010,7
44234,16-64,2010,52
44234,65-100,2010,39
44234,0-16,2011,4
44234,16-64,2011,50
44234,65-100,2011,35
44234,0-16,2012,5
44234,16-64,2012,45
44234,65-100,2012,35
44234,0-16,2013,5
44234,16-64,2013,40
44234,65-100,2013,31
44234,0-16,2014,4
44234,16-64,2014,40
44234,65-100,2014,30
44234,0-16,2015,7
44234,16-64,2015,46
44234,65-100,2015,22
44234,0-16,2016,1
44234,16-64,2016,45
44234,65-100,2016,20
44234,0-16,2017,1
44234,16-64,2017,44
44234,65-100,2017,22
44234,0-16,2018,0
44234,16-64,2018,42
44234,65-100,2018,22
44234,0-16,2019,0
44234,16-64,2019,44
44234,65-100,2019,28
44234,0-16,2020,0
44234,16-64,2020,40
44234,65-100,2020,27
44234,0-16,2021,0
44234,16-64,2021,39
44234,65-100,2021,28
44234,0-16,2022,0
44234,16-64,2022,36
44234,65-100,2022,30
44235,0-16,2003,7
44235,16-64,2003,63
44235,65-100,2003,58
44235,0-16,2004,10
44235,16-64,2004,63
44235,65-100,2004,60
44235,0-16,2005,5
44235,16-64,2005,61
44235,65-100,2005,64
44235,0-16,2006,5
44235,16-64,2006,60
44235,65-100,2006,60
44235,0-16,2007,8
44235,16-64,2007,62
44235,65-100,2007,59
44235,0-16,2008,8
44235,16-64,2008,61
44235,65-100,2008,53
44235,0-16,2009,8
44235,16-64,2009,54
44235,65-100,2009,51
44235,0-16,2010,5
44235,16-64,2010,54
44235,65-100,2010,48
44235,0-16,2011,11
44235,16-64,2011,60
44235,65-100,2011,47
44235,0-16,2012,18
44235,16-64,2012,59
44235,65-100,2012,48
44235,0-16,2013,14
44235,16-64,2013,54
44235,65-100,2013,46
44235,0-16,2014,15
44235,16-64,2014,60
44235,65-100,2014,45
44235,0-16,2015,13
44235,16-64,2015,53
44235,65-100,2015,41
44235,0-16,2016,11
44235,16-64,2016,54
44235,65-100,2016,43
44235,0-16,2017,8
44235,16-64,2017,56
44235,65-100,2017,43
44235,0-16,2018,7
44235,16-64,2018,58
44235,65-100,2018,41
44235,0-16,2019,7
44235,16-64,2019,57
44235,65-100,2019,39
44235,0-16,2020,9
44235,16-64,2020,54
44235,65-100,2020,41
44235,0-16,2021,10
44235,16-64,2021,56
44235,65-100,2021,39
44235,0-16,2022,13
44235,16-64,2022,63
44235,65-100,2022,41
44236,0-16,2003,6
44236,16-64,2003,63
44236,65-100,2003,37
44236,0-16,2004,7
44236,16-64,2004,70
44236,65-100,2004,30
44236,0-16,2005,5
44236,16-64,2005,68
44236,65-100,2005,28
44236,0-16,2006,7
44236,16-64,2006,55
44236,65-100,2006,32
44236,0-16,2007,7
44236,16-64,2007,64
44236,65-100,2007,30
44236,0-16,2008,11
44236,16-64,2008,71
44236,65-100,2008,29
44236,0-16,2009,11
44236,16-64,2009,65
44236,65-100,2009,34
44236,0-16,2010,9
44236,16-64,2010,64
44236,65-100,2010,33
44236,0-16,2011,9
44236,16-64,2011,65
44236,65-100,2011,33
44236,0-16,2012,9
44236,16-64,2012,61
44236,65-100,2012,30
44236,0-16,2013,8
44236,16-64,2013,56
44236,65-100,2013,27
44236,0-16,2014,5
44236,16-64,2014,49
44236,65-100,2014,28
44236,0-16,2015,4
44236,16-64,2015,35
44236,65-100,2015,29
44236,0-16,2016,4
44236,16-64,2016,36
44236,65-100,2016,27
44236,0-16,2017,3
44236,16-64,2017,35
44236,65-100,2017,31
44236,0-16,2018,2
44236,16-64,2018,36
44236,65-100,2018,27
44236,0-16,2019,4
44236,16-64,2019,37
44236,65-100,2019,26
44236,0-16,2020,5
44236,16-64,2020,36
44236,65-100,2020,27
44236,0-16,2021,4
44236,16-64,2021,35
44236,65-100,2021,26
44236,0-16,2022,2
44236,16-64,2022,33
44236,65-100,2022,26
44237,0-16,2003,54
44237,16-64,2003,327
44237,65-100,2003,199
44237,0-16,2004,52
44237,16-64,2004,324
44237,65-100,2004,192
44237,0-16,2005,52
44237,16-64,2005,335
44237,65-100,2005,195
44237,0-16,2006,43
44237,16-64,2006,313
44237,65-100,2006,190
44237,0-16,2007,39
44237,16-64,2007,318
44237,65-100,2007,183
44237,0-16,2008,39
44237,16-64,2008,307
44237,65-100,2008,179
44237,0-16,2009,38
44237,16-64,2009,309
44237,65-100,2009,183
44237,0-16,2010,40
44237,16-64,2010,306
44237,65-100,2010,179
44237,0-16,2011,45
44237,16-64,2011,304
44237,65-100,2011,178
44237,0-16,2012,43
44237,16-64,2012,292
44237,65-100,2012,181
44237,0-16,2013,39
44237,16-64,2013,274
44237,65-100,2013,178
44237,0-16,2014,41
44237,16-64,2014,278
44237,65-100,2014,175
44237,0-16,2015,38
44237,16-64,2015,273
44237,65-100,2015,177
44237,0-16,2016,38
44237,16-64,2016,261
44237,65-100,2016,176
44237,0-16,2017,36
44237,16-64,2017,246
44237,65-100,2017,179
44237,0-16,2018,28
44237,16-64,2018,237
44237,65-100,2018,171
44237,0-16,2019,27
44237,16-64,2019,236
44237,65-100,2019,172
44237,0-16,2020,27
44237,16-64,2020,229
44237,65-100,2020,171
44237,0-16,2021,35
44237,16-64,2021,232
44237,65-100,2021,168
44237,0-16,2022,39
44237,16-64,2022,239
44237,65-100,2022,162
44238,0-16,2003,466
44238,16-64,2003,2149
44238,65-100,2003,577
44238,0-16,2004,448
44238,16-64,2004,2183
44238,65-100,2004,578
44238,0-16,2005,465
44238,16-64,2005,2231
44238,65-100,2005,575
44238,0-16,2006,444
44238,16-64,2006,2273
44238,65-100,2006,572
44238,0-16,2007,447
44238,16-64,2007,2336
44238,65-100,2007,563
44238,0-16,2008,444
44238,16-64,2008,2359
44238,65-100,2008,550
44238,0-16,2009,464
44238,16-64,2009,2381
44238,65-100,2009,543
44238,0-16,2010,459
44238,16-64,2010,2313
44238,65-100,2010,537
44238,0-16,2011,450
44238,16-64,2011,2283
44238,65-100,2011,537
44238,0-16,2012,454
44238,16-64,2012,2256
44238,65-100,2012,528
44238,0-16,2013,469
44238,16-64,2013,2262
44238,65-100,2013,537
44238,0-16,2014,452
44238,16-64,2014,2209
44238,65-100,2014,533
44238,0-16,2015,450
44238,16-64,2015,2148
44238,65-100,2015,512
44238,0-16,2016,437
44238,16-64,2016,2106
44238,65-100,2016,513
44238,0-16,2017,426
44238,16-64,2017,2070
44238,65-100,2017,518
44238,0-16,2018,422
44238,16-64,2018,2034
44238,65-100,2018,514
44238,0-16,2019,424
44238,16-64,2019,2022
44238,65-100,2019,532
44238,0-16,2020,439
44238,16-64,2020,2014
44238,65-100,2020,553
44238,0-16,2021,409
44238,16-64,2021,2018
44238,65-100,2021,576
44238,0-16,2022,419
44238,16-64,2022,1998
44238,65-100,2022,594
44239,0-16,2003,0
44239,16-64,2003,7
44239,65-100,2003,13
44239,0-16,2004,0
44239,16-64,2004,9
44239,65-100,2004,14
44239,0-16,2005,2
44239,16-64,2005,9
44239,65-100,2005,13
44239,0-16,2006,1
44239,16-64,2006,7
44239,65-100,2006,12
44239,0-16,2007,0
44239,16-64,2007,11
44239,65-100,2007,13
44239,0-16,2008,1
44239,16-64,2008,18
44239,65-100,2008,18
44239,0-16,2009,1
44239,16-64,2009,17
44239,65-100,2009,15
44239,0-16,2010,0
44239,16-64,2010,16
44239,65-100,2010,14
44239,0-16,2011,1
44239,16-64,2011,16
44239,65-100,2011,14
44239,0-16,2012,0
44239,16-64,2012,16
44239,65-100,2012,12
44239,0-16,2013,0
44239,16-64,2013,11
44239,65-100,2013,12
44239,0-16,2014,0
44239,16-64,2014,11
44239,65-100,2014,12
44239,0-16,2015,0
44239,16-64,2015,14
44239,65-100,2015,13
44239,0-16,2016,0
44239,16-64,2016,12
44239,65-100,2016,11
44239,0-16,2017,0
44239,16-64,2017,11
44239,65-100,2017,12
44239,0-16,2018,0
44239,16-64,2018,10
44239,65-100,2018,11
44239,0-16,2019,0
44239,16-64,2019,11
44239,65-100,2019,11
44239,0-16,2020,0
44239,16-64,2020,11
44239,65-100,2020,9
44239,0-16,2021,0
44239,16-64,2021,13
44239,65-100,2021,11
44239,0-16,2022,0
44239,16-64,2022,15
44239,65-100,2022,11
44240,0-16,2003,18
44240,16-64,2003,118
44240,65-100,2003,66
44240,0-16,2004,19
44240,16-64,2004,124
44240,65-100,2004,69
44240,0-16,2005,17
44240,16-64,2005,129
44240,65-100,2005,70
44240,0-16,2006,16
44240,16-64,2006,143
44240,65-100,2006,70
44240,0-16,2007,16
44240,16-64,2007,136
44240,65-100,2007,63
44240,0-16,2008,17
44240,16-64,2008,126
44240,65-100,2008,62
44240,0-16,2009,18
44240,16-64,2009,149
44240,65-100,2009,61
44240,0-16,2010,19
44240,16-64,2010,141
44240,65-100,2010,64
44240,0-16,2011,12
44240,16-64,2011,132
44240,65-100,2011,58
44240,0-16,2012,11
44240,16-64,2012,136
44240,65-100,2012,64
44240,0-16,2013,10
44240,16-64,2013,123
44240,65-100,2013,64
44240,0-16,2014,13
44240,16-64,2014,120
44240,65-100,2014,65
44240,0-16,2015,14
44240,16-64,2015,111
44240,65-100,2015,68
44240,0-16,2016,13
44240,16-64,2016,109
44240,65-100,2016,64
44240,0-16,2017,13
44240,16-64,2017,101
44240,65-100,2017,67
44240,0-16,2018,12
44240,16-64,2018,94
44240,65-100,2018,68
44240,0-16,2019,12
44240,16-64,2019,89
44240,65-100,2019,66
44240,0-16,2020,11
44240,16-64,2020,93
44240,65-100,2020,68
44240,0-16,2021,14
44240,16-64,2021,99
44240,65-100,2021,71
44240,0-16,2022,14
44240,16-64,2022,101
44240,65-100,2022,73
44241,0-16,2003,70
44241,16-64,2003,401
44241,65-100,2003,250
44241,0-16,2004,69
44241,16-64,2004,415
44241,65-100,2004,244
44241,0-16,2005,63
44241,16-64,2005,402
44241,65-100,2005,243
44241,0-16,2006,57
44241,16-64,2006,382
44241,65-100,2006,241
44241,0-16,2007,57
44241,16-64,2007,393
44241,65-100,2007,236
44241,0-16,2008,57
44241,16-64,2008,389
44241,65-100,2008,239
44241,0-16,2009,53
44241,16-64,2009,378
44241,65-100,2009,236
44241,0-16,2010,56
44241,16-64,2010,403
44241,65-100,2010,226
44241,0-16,2011,59
44241,16-64,2011,394
44241,65-100,2011,222
44241,0-16,2012,58
44241,16-64,2012,386
44241,65-100,2012,207
44241,0-16,2013,54
44241,16-64,2013,354
44241,65-100,2013,213
44241,0-16,2014,68
44241,16-64,2014,365
44241,65-100,2014,217
44241,0-16,2015,73
44241,16-64,2015,376
44241,65-100,2015,215
44241,0-16,2016,70
44241,16-64,2016,363
44241,65-100,2016,212
44241,0-16,2017,66
44241,16-64,2017,349
44241,65-100,2017,217
44241,0-16,2018,65
44241,16-64,2018,341
44241,65-100,2018,216
44241,0-16,2019,69
44241,16-64,2019,329
44241,65-100,2019,214
44241,0-16,2020,69
44241,16-64,2020,320
44241,65-100,2020,206
44241,0-16,2021,64
44241,16-64,2021,315
44241,65-100,2021,210
44241,0-16,2022,71
44241,16-64,2022,307
44241,65-100,2022,213
44243,0-16,2003,3
44243,16-64,2003,19
44243,65-100,2003,16
44243,0-16,2004,1
44243,16-64,2004,25
44243,65-100,2004,17
44243,0-16,2005,1
44243,16-64,2005,23
44243,65-100,2005,15
44243,0-16,2006,1
44243,16-64,2006,21
44243,65-100,2006,13
44243,0-16,2007,2
44243,16-64,2007,28
44243,65-100,2007,17
44243,0-16,2008,3
44243,16-64,2008,38
44243,65-100,2008,19
44243,0-16,2009,5
44243,16-64,2009,31
44243,65-100,2009,18
44243,0-16,2010,1
44243,16-64,2010,41
44243,65-100,2010,14
44243,0-16,2011,0
44243,16-64,2011,39
44243,65-100,2011,14
44243,0-16,2012,1
44243,16-64,2012,42
44243,65-100,2012,13
44243,0-16,2013,1
44243,16-64,2013,30
44243,65-100,2013,13
44243,0-16,2014,1
44243,16-64,2014,28
44243,65-100,2014,11
44243,0-16,2015,1
44243,16-64,2015,30
44243,65-100,2015,9
44243,0-16,2016,1
44243,16-64,2016,24
44243,65-100,2016,9
44243,0-16,2017,1
44243,16-64,2017,27
44243,65-100,2017,9
44243,0-16,2018,2
44243,16-64,2018,23
44243,65-100,2018,10
44243,0-16,2019,2
44243,16-64,2019,20
44243,65-100,2019,12
44243,0-16,2020,3
44243,16-64,2020,17
44243,65-100,2020,12
44243,0-16,2021,3
44243,16-64,2021,16
44243,65-100,2021,10
44243,0-16,2022,3
44243,16-64,2022,18
44243,65-100,2022,10
44244,0-16,2003,18
44244,16-64,2003,73
44244,65-100,2003,41
44244,0-16,2004,17
44244,16-64,2004,80
44244,65-100,2004,44
44244,0-16,2005,15
44244,16-64,2005,79
44244,65-100,2005,40
44244,0-16,2006,12
44244,16-64,2006,73
44244,65-100,2006,40
44244,0-16,2007,13
44244,16-64,2007,70
44244,65-100,2007,40
44244,0-16,2008,10
44244,16-64,2008,64
44244,65-100,2008,36
44244,0-16,2009,12
44244,16-64,2009,62
44244,65-100,2009,32
44244,0-16,2010,14
44244,16-64,2010,70
44244,65-100,2010,32
44244,0-16,2011,11
44244,16-64,2011,69
44244,65-100,2011,33
44244,0-16,2012,10
44244,16-64,2012,64
44244,65-100,2012,32
44244,0-16,2013,11
44244,16-64,2013,57
44244,65-100,2013,32
44244,0-16,2014,9
44244,16-64,2014,51
44244,65-100,2014,30
44244,0-16,2015,8
44244,16-64,2015,51
44244,65-100,2015,26
44244,0-16,2016,12
44244,16-64,2016,52
44244,65-100,2016,26
44244,0-16,2017,9
44244,16-64,2017,54
44244,65-100,2017,26
44244,0-16,2018,10
44244,16-64,2018,53
44244,65-100,2018,24
44244,0-16,2019,10
44244,16-64,2019,58
44244,65-100,2019,20
44244,0-16,2020,10
44244,16-64,2020,65
44244,65-100,2020,17
44244,0-16,2021,6
44244,16-64,2021,59
44244,65-100,2021,17
44244,0-16,2022,6
44244,16-64,2022,57
44244,65-100,2022,15
44245,0-16,2003,36
44245,16-64,2003,189
44245,65-100,2003,142
44245,0-16,2004,29
44245,16-64,2004,186
44245,65-100,2004,139
44245,0-16,2005,30
44245,16-64,2005,183
44245,65-100,2005,133
44245,0-16,2006,31
44245,16-64,2006,177
44245,65-100,2006,141
44245,0-16,2007,30
44245,16-64,2007,179
44245,65-100,2007,143
44245,0-16,2008,30
44245,16-64,2008,173
44245,65-100,2008,135
44245,0-16,2009,27
44245,16-64,2009,177
44245,65-100,2009,125
44245,0-16,2010,31
44245,16-64,2010,177
44245,65-100,2010,120
44245,0-16,2011,28
44245,16-64,2011,174
44245,65-100,2011,122
44245,0-16,2012,30
44245,16-64,2012,172
44245,65-100,2012,115
44245,0-16,2013,34
44245,16-64,2013,177
44245,65-100,2013,111
44245,0-16,2014,32
44245,16-64,2014,170
44245,65-100,2014,113
44245,0-16,2015,34
44245,16-64,2015,168
44245,65-100,2015,110
44245,0-16,2016,30
44245,16-64,2016,159
44245,65-100,2016,107
44245,0-16,2017,32
44245,16-64,2017,160
44245,65-100,2017,106
44245,0-16,2018,25
44245,16-64,2018,146
44245,65-100,2018,108
44245,0-16,2019,27
44245,16-64,2019,147
44245,65-100,2019,109
44245,0-16,2020,30
44245,16-64,2020,145
44245,65-100,2020,106
44245,0-16,2021,36
44245,16-64,2021,153
44245,65-100,2021,104
44245,0-16,2022,35
44245,16-64,2022,157
44245,65-100,2022,109
44246,0-16,2003,294
44246,16-64,2003,1244
44246,65-100,2003,480
44246,0-16,2004,294
44246,16-64,2004,1287
44246,65-100,2004,467
44246,0-16,2005,302
44246,16-64,2005,1334
44246,65-100,2005,447
44246,0-16,2006,296
44246,16-64,2006,1363
44246,65-100,2006,483
44246,0-16,2007,311
44246,16-64,2007,1388
44246,65-100,2007,490
44246,0-16,2008,318
44246,16-64,2008,1422
44246,65-100,2008,502
44246,0-16,2009,316
44246,16-64,2009,1470
44246,65-100,2009,499
44246,0-16,2010,311
44246,16-64,2010,1481
44246,65-100,2010,498
44246,0-16,2011,317
44246,16-64,2011,1504
44246,65-100,2011,482
44246,0-16,2012,350
44246,16-64,2012,1512
44246,65-100,2012,473
44246,0-16,2013,356
44246,16-64,2013,1491
44246,65-100,2013,463
44246,0-16,2014,377
44246,16-64,2014,1500
44246,65-100,2014,460
44246,0-16,2015,387
44246,16-64,2015,1492
44246,65-100,2015,463
44246,0-16,2016,379
44246,16-64,2016,1478
44246,65-100,2016,454
44246,0-16,2017,378
44246,16-64,2017,1486
44246,65-100,2017,474
44246,0-16,2018,399
44246,16-64,2018,1506
44246,65-100,2018,483
44246,0-16,2019,408
44246,16-64,2019,1537
44246,65-100,2019,480
44246,0-16,2020,410
44246,16-64,2020,1542
44246,65-100,2020,483
44246,0-16,2021,393
44246,16-64,2021,1581
44246,65-100,2021,483
44246,0-16,2022,382
44246,16-64,2022,1615
44246,65-100,2022,501
44247,0-16,2003,43
44247,16-64,2003,207
44247,65-100,2003,178
44247,0-16,2004,44
44247,16-64,2004,202
44247,65-100,2004,174
44247,0-16,2005,44
44247,16-64,2005,204
44247,65-100,2005,176
44247,0-16,2006,43
44247,16-64,2006,201
44247,65-100,2006,170
44247,0-16,2007,42
44247,16-64,2007,198
44247,65-100,2007,171
44247,0-16,2008,46
44247,16-64,2008,198
44247,65-100,2008,166
44247,0-16,2009,50
44247,16-64,2009,200
44247,65-100,2009,167
44247,0-16,2010,46
44247,16-64,2010,192
44247,65-100,2010,165
44247,0-16,2011,42
44247,16-64,2011,187
44247,65-100,2011,158
44247,0-16,2012,37
44247,16-64,2012,199
44247,65-100,2012,150
44247,0-16,2013,40
44247,16-64,2013,199
44247,65-100,2013,144
44247,0-16,2014,35
44247,16-64,2014,190
44247,65-100,2014,140
44247,0-16,2015,39
44247,16-64,2015,184
44247,65-100,2015,135
44247,0-16,2016,37
44247,16-64,2016,186
44247,65-100,2016,140
44247,0-16,2017,37
44247,16-64,2017,175
44247,65-100,2017,129
44247,0-16,2018,32
44247,16-64,2018,163
44247,65-100,2018,130
44247,0-16,2019,34
44247,16-64,2019,170
44247,65-100,2019,126
44247,0-16,2020,35
44247,16-64,2020,177
44247,65-100,2020,126
44247,0-16,2021,37
44247,16-64,2021,184
44247,65-100,2021,121
44247,0-16,2022,38
44247,16-64,2022,179
44247,65-100,2022,120
44249,0-16,2003,1
44249,16-64,2003,30
44249,65-100,2003,24
44249,0-16,2004,1
44249,16-64,2004,34
44249,65-100,2004,25
44249,0-16,2005,0
44249,16-64,2005,38
44249,65-100,2005,21
44249,0-16,2006,0
44249,16-64,2006,34
44249,65-100,2006,17
44249,0-16,2007,0
44249,16-64,2007,34
44249,65-100,2007,20
44249,0-16,2008,0
44249,16-64,2008,25
44249,65-100,2008,16
44249,0-16,2009,0
44249,16-64,2009,29
44249,65-100,2009,16
44249,0-16,2010,0
44249,16-64,2010,29
44249,65-100,2010,18
44249,0-16,2011,0
44249,16-64,2011,41
44249,65-100,2011,20
44249,0-16,2012,0
44249,16-64,2012,36
44249,65-100,2012,18
44249,0-16,2013,0
44249,16-64,2013,35
44249,65-100,2013,17
44249,0-16,2014,0
44249,16-64,2014,33
44249,65-100,2014,17
44249,0-16,2015,1
44249,16-64,2015,36
44249,65-100,2015,23
44249,0-16,2016,1
44249,16-64,2016,33
44249,65-100,2016,25
44249,0-16,2017,1
44249,16-64,2017,24
44249,65-100,2017,24
44249,0-16,2018,1
44249,16-64,2018,23
44249,65-100,2018,24
44249,0-16,2019,1
44249,16-64,2019,20
44249,65-100,2019,26
44249,0-16,2020,0
44249,16-64,2020,23
44249,65-100,2020,21
44249,0-16,2021,0
44249,16-64,2021,21
44249,65-100,2021,18
44249,0-16,2022,0
44249,16-64,2022,24
44249,65-100,2022,17
44250,0-16,2003,0
44250,16-64,2003,11
44250,65-100,2003,16
44250,0-16,2004,0
44250,16-64,2004,10
44250,65-100,2004,14
44250,0-16,2005,1
44250,16-64,2005,8
44250,65-100,2005,14
44250,0-16,2006,1
44250,16-64,2006,10
44250,65-100,2006,14
44250,0-16,2007,1
44250,16-64,2007,12
44250,65-100,2007,15
44250,0-16,2008,1
44250,16-64,2008,12
44250,65-100,2008,16
44250,0-16,2009,1
44250,16-64,2009,10
44250,65-100,2009,16
44250,0-16,2010,1
44250,16-64,2010,10
44250,65-100,2010,17
44250,0-16,2011,1
44250,16-64,2011,7
44250,65-100,2011,17
44250,0-16,2012,1
44250,16-64,2012,7
44250,65-100,2012,12
44250,0-16,2013,1
44250,16-64,2013,8
44250,65-100,2013,13
44250,0-16,2014,1
44250,16-64,2014,11
44250,65-100,2014,11
44250,0-16,2015,0
44250,16-64,2015,11
44250,65-100,2015,11
44250,0-16,2016,0
44250,16-64,2016,9
44250,65-100,2016,10
44250,0-16,2017,0
44250,16-64,2017,9
44250,65-100,2017,10
44250,0-16,2018,0
44250,16-64,2018,10
44250,65-100,2018,10
44250,0-16,2019,0
44250,16-64,2019,11
44250,65-100,2019,8
44250,0-16,2020,0
44250,16-64,2020,12
44250,65-100,2020,9
44250,0-16,2021,0
44250,16-64,2021,12
44250,65-100,2021,9
44250,0-16,2022,0
44250,16-64,2022,14
44250,65-100,2022,7
44251,0-16,2003,38
44251,16-64,2003,197
44251,65-100,2003,136
44251,0-16,2004,38
44251,16-64,2004,194
44251,65-100,2004,136
44251,0-16,2005,40
44251,16-64,2005,191
44251,65-100,2005,137
44251,0-16,2006,33
44251,16-64,2006,182
44251,65-100,2006,134
44251,0-16,2007,38
44251,16-64,2007,193
44251,65-100,2007,129
44251,0-16,2008,44
44251,16-64,2008,197
44251,65-100,2008,124
44251,0-16,2009,43
44251,16-64,2009,198
44251,65-100,2009,120
44251,0-16,2010,37
44251,16-64,2010,187
44251,65-100,2010,128
44251,0-16,2011,39
44251,16-64,2011,178
44251,65-100,2011,122
44251,0-16,2012,37
44251,16-64,2012,171
44251,65-100,2012,115
44251,0-16,2013,40
44251,16-64,2013,167
44251,65-100,2013,116
44251,0-16,2014,37
44251,16-64,2014,163
44251,65-100,2014,114
44251,0-16,2015,29
44251,16-64,2015,158
44251,65-100,2015,112
44251,0-16,2016,28
44251,16-64,2016,161
44251,65-100,2016,111
44251,0-16,2017,27
44251,16-64,2017,151
44251,65-100,2017,111
44251,0-16,2018,27
44251,16-64,2018,161
44251,65-100,2018,109
44251,0-16,2019,31
44251,16-64,2019,162
44251,65-100,2019,105
44251,0-16,2020,28
44251,16-64,2020,152
44251,65-100,2020,105
44251,0-16,2021,28
44251,16-64,2021,170
44251,65-100,2021,104
44251,0-16,2022,29
44251,16-64,2022,174
44251,65-100,2022,98
44252,0-16,2003,5
44252,16-64,2003,55
44252,65-100,2003,27
44252,0-16,2004,7
44252,16-64,2004,65
44252,65-100,2004,25
44252,0-16,2005,6
44252,16-64,2005,68
44252,65-100,2005,28
44252,0-16,2006,4
44252,16-64,2006,60
44252,65-100,2006,25
44252,0-16,2007,5
44252,16-64,2007,63
44252,65-100,2007,24
44252,0-16,2008,6
44252,16-64,2008,62
44252,65-100,2008,23
44252,0-16,2009,7
44252,16-64,2009,67
44252,65-100,2009,24
44252,0-16,2010,8
44252,16-64,2010,70
44252,65-100,2010,21
44252,0-16,2011,9
44252,16-64,2011,73
44252,65-100,2011,20
44252,0-16,2012,9
44252,16-64,2012,67
44252,65-100,2012,23
44252,0-16,2013,8
44252,16-64,2013,68
44252,65-100,2013,26
44252,0-16,2014,9
44252,16-64,2014,66
44252,65-100,2014,29
44252,0-16,2015,7
44252,16-64,2015,66
44252,65-100,2015,30
44252,0-16,2016,6
44252,16-64,2016,65
44252,65-100,2016,28
44252,0-16,2017,5
44252,16-64,2017,60
44252,65-100,2017,29
44252,0-16,2018,8
44252,16-64,2018,58
44252,65-100,2018,28
44252,0-16,2019,5
44252,16-64,2019,58
44252,65-100,2019,26
44252,0-16,2020,5
44252,16-64,2020,51
44252,65-100,2020,27
44252,0-16,2021,8
44252,16-64,2021,53
44252,65-100,2021,27
44252,0-16,2022,9
44252,16-64,2022,51
44252,65-100,2022,30
44256,0-16,2003,5
44256,16-64,2003,25
44256,65-100,2003,21
44256,0-16,2004,7
44256,16-64,2004,22
44256,65-100,2004,22
44256,0-16,2005,8
44256,16-64,2005,22
44256,65-100,2005,20
44256,0-16,2006,8
44256,16-64,2006,21
44256,65-100,2006,21
44256,0-16,2007,8
44256,16-64,2007,20
44256,65-100,2007,22
44256,0-16,2008,8
44256,16-64,2008,20
44256,65-100,2008,23
44256,0-16,2009,8
44256,16-64,2009,20
44256,65-100,2009,20
44256,0-16,2010,12
44256,16-64,2010,22
44256,65-100,2010,19
44256,0-16,2011,11
44256,16-64,2011,20
44256,65-100,2011,21
44256,0-16,2012,9
44256,16-64,2012,19
44256,65-100,2012,19
44256,0-16,2013,8
44256,16-64,2013,20
44256,65-100,2013,18
44256,0-16,2014,8
44256,16-64,2014,25
44256,65-100,2014,19
44256,0-16,2015,9
44256,16-64,2015,25
44256,65-100,2015,17
44256,0-16,2016,9
44256,16-64,2016,23
44256,65-100,2016,17
44256,0-16,2017,6
44256,16-64,2017,20
44256,65-100,2017,17
44256,0-16,2018,5
44256,16-64,2018,24
44256,65-100,2018,18
44256,0-16,2019,4
44256,16-64,2019,17
44256,65-100,2019,18
44256,0-16,2020,3
44256,16-64,2020,20
44256,65-100,2020,19
44256,0-16,2021,2
44256,16-64,2021,22
44256,65-100,2021,18
44256,0-16,2022,2
44256,16-64,2022,25
44256,65-100,2022,17
44257,0-16,2003,16
44257,16-64,2003,131
44257,65-100,2003,71
44257,0-16,2004,15
44257,16-64,2004,129
44257,65-100,2004,78
44257,0-16,2005,15
44257,16-64,2005,121
44257,65-100,2005,77
44257,0-16,2006,14
44257,16-64,2006,125
44257,65-100,2006,74
44257,0-16,2007,12
44257,16-64,2007,131
44257,65-100,2007,73
44257,0-16,2008,17
44257,16-64,2008,131
44257,65-100,2008,69
44257,0-16,2009,17
44257,16-64,2009,131
44257,65-100,2009,69
44257,0-16,2010,18
44257,16-64,2010,120
44257,65-100,2010,70
44257,0-16,2011,17
44257,16-64,2011,122
44257,65-100,2011,66
44257,0-16,2012,17
44257,16-64,2012,119
44257,65-100,2012,66
44257,0-16,2013,14
44257,16-64,2013,111
44257,65-100,2013,67
44257,0-16,2014,13
44257,16-64,2014,111
44257,65-100,2014,66
44257,0-16,2015,14
44257,16-64,2015,107
44257,65-100,2015,68
44257,0-16,2016,17
44257,16-64,2016,107
44257,65-100,2016,64
44257,0-16,2017,9
44257,16-64,2017,99
44257,65-100,2017,67
44257,0-16,2018,4
44257,16-64,2018,92
44257,65-100,2018,68
44257,0-16,2019,5
44257,16-64,2019,94
44257,65-100,2019,65
44257,0-16,2020,7
44257,16-64,2020,89
44257,65-100,2020,64
44257,0-16,2021,7
44257,16-64,2021,91
44257,65-100,2021,65
44257,0-16,2022,8
44257,16-64,2022,94
44257,65-100,2022,63
44258,0-16,2003,7
44258,16-64,2003,52
44258,65-100,2003,49
44258,0-16,2004,5
44258,16-64,2004,50
44258,65-100,2004,49
44258,0-16,2005,3
44258,16-64,2005,48
44258,65-100,2005,47
44258,0-16,2006,3
44258,16-64,2006,44
44258,65-100,2006,48
44258,0-16,2007,3
44258,16-64,2007,43
44258,65-100,2007,47
44258,0-16,2008,3
44258,16-64,2008,39
44258,65-100,2008,46
44258,0-16,2009,2
44258,16-64,2009,38
44258,65-100,2009,45
44258,0-16,2010,2
44258,16-64,2010,39
44258,65-100,2010,42
44258,0-16,2011,3
44258,16-64,2011,38
44258,65-100,2011,39
44258,0-16,2012,3
44258,16-64,2012,38
44258,65-100,2012,38
44258,0-16,2013,2
44258,16-64,2013,37
44258,65-100,2013,34
44258,0-16,2014,2
44258,16-64,2014,39
44258,65-100,2014,34
44258,0-16,2015,2
44258,16-64,2015,39
44258,65-100,2015,33
44258,0-16,2016,2
44258,16-64,2016,36
44258,65-100,2016,32
44258,0-16,2017,1
44258,16-64,2017,29
44258,65-100,2017,29
44258,0-16,2018,1
44258,16-64,2018,32
44258,65-100,2018,27
44258,0-16,2019,1
44258,16-64,2019,31
44258,65-100,2019,23
44258,0-16,2020,3
44258,16-64,2020,36
44258,65-100,2020,22
44258,0-16,2021,6
44258,16-64,2021,38
44258,65-100,2021,22
44258,0-16,2022,5
44258,16-64,2022,35
44258,65-100,2022,23
44260,0-16,2003,23
44260,16-64,2003,121
44260,65-100,2003,69
44260,0-16,2004,18
44260,16-64,2004,126
44260,65-100,2004,68
44260,0-16,2005,19
44260,16-64,2005,127
44260,65-100,2005,66
44260,0-16,2006,18
44260,16-64,2006,123
44260,65-100,2006,66
44260,0-16,2007,17
44260,16-64,2007,121
44260,65-100,2007,66
44260,0-16,2008,14
44260,16-64,2008,136
44260,65-100,2008,63
44260,0-16,2009,11
44260,16-64,2009,125
44260,65-100,2009,55
44260,0-16,2010,15
44260,16-64,2010,125
44260,65-100,2010,48
44260,0-16,2011,15
44260,16-64,2011,132
44260,65-100,2011,47
44260,0-16,2012,19
44260,16-64,2012,140
44260,65-100,2012,41
44260,0-16,2013,18
44260,16-64,2013,136
44260,65-100,2013,41
44260,0-16,2014,18
44260,16-64,2014,133
44260,65-100,2014,43
44260,0-16,2015,20
44260,16-64,2015,126
44260,65-100,2015,43
44260,0-16,2016,18
44260,16-64,2016,118
44260,65-100,2016,40
44260,0-16,2017,16
44260,16-64,2017,110
44260,65-100,2017,43
44260,0-16,2018,21
44260,16-64,2018,115
44260,65-100,2018,41
44260,0-16,2019,16
44260,16-64,2019,111
44260,65-100,2019,43
44260,0-16,2020,17
44260,16-64,2020,112
44260,65-100,2020,42
44260,0-16,2021,19
44260,16-64,2021,106
44260,65-100,2021,44
44260,0-16,2022,23
44260,16-64,2022,106
44260,65-100,2022,45
44261,0-16,2003,104
44261,16-64,2003,503
44261,65-100,2003,321
44261,0-16,2004,100
44261,16-64,2004,521
44261,65-100,2004,317
44261,0-16,2005,92
44261,16-64,2005,519
44261,65-100,2005,305
44261,0-16,2006,92
44261,16-64,2006,525
44261,65-100,2006,307
44261,0-16,2007,98
44261,16-64,2007,533
44261,65-100,2007,303
44261,0-16,2008,96
44261,16-64,2008,542
44261,65-100,2008,306
44261,0-16,2009,106
44261,16-64,2009,562
44261,65-100,2009,300
44261,0-16,2010,105
44261,16-64,2010,551
44261,65-100,2010,284
44261,0-16,2011,93
44261,16-64,2011,537
44261,65-100,2011,276
44261,0-16,2012,90
44261,16-64,2012,537
44261,65-100,2012,277
44261,0-16,2013,87
44261,16-64,2013,531
44261,65-100,2013,271
44261,0-16,2014,86
44261,16-64,2014,537
44261,65-100,2014,263
44261,0-16,2015,84
44261,16-64,2015,530
44261,65-100,2015,255
44261,0-16,2016,88
44261,16-64,2016,523
44261,65-100,2016,252
44261,0-16,2017,94
44261,16-64,2017,524
44261,65-100,2017,257
44261,0-16,2018,91
44261,16-64,2018,524
44261,65-100,2018,247
44261,0-16,2019,92
44261,16-64,2019,525
44261,65-100,2019,246
44261,0-16,2020,87
44261,16-64,2020,507
44261,65-100,2020,247
44261,0-16,2021,81
44261,16-64,2021,517
44261,65-100,2021,248
44261,0-16,2022,86
44261,16-64,2022,517
44261,65-100,2022,254
44262,0-16,2003,16
44262,16-64,2003,97
44262,65-100,2003,80
44262,0-16,2004,18
44262,16-64,2004,98
44262,65-100,2004,74
44262,0-16,2005,18
44262,16-64,2005,97
44262,65-100,2005,73
44262,0-16,2006,18
44262,16-64,2006,101
44262,65-100,2006,75
44262,0-16,2007,21
44262,16-64,2007,100
44262,65-100,2007,73
44262,0-16,2008,22
44262,16-64,2008,95
44262,65-100,2008,70
44262,0-16,2009,24
44262,16-64,2009,98
44262,65-100,2009,68
44262,0-16,2010,23
44262,16-64,2010,94
44262,65-100,2010,60
44262,0-16,2011,23
44262,16-64,2011,90
44262,65-100,2011,59
44262,0-16,2012,23
44262,16-64,2012,84
44262,65-100,2012,56
44262,0-16,2013,21
44262,16-64,2013,88
44262,65-100,2013,55
44262,0-16,2014,22
44262,16-64,2014,88
44262,65-100,2014,50
44262,0-16,2015,21
44262,16-64,2015,92
44262,65-100,2015,50
44262,0-16,2016,19
44262,16-64,2016,94
44262,65-100,2016,47
44262,0-16,2017,19
44262,16-64,2017,89
44262,65-100,2017,47
44262,0-16,2018,18
44262,16-64,2018,97
44262,65-100,2018,45
44262,0-16,2019,19
44262,16-64,2019,105
44262,65-100,2019,48
44262,0-16,2020,20
44262,16-64,2020,102
44262,65-100,2020,39
44262,0-16,2021,24
44262,16-64,2021,115
44262,65-100,2021,36
44262,0-16,2022,23
44262,16-64,2022,111
44262,65-100,2022,38
44263,0-16,2003,36
44263,16-64,2003,172
44263,65-100,2003,130
44263,0-16,2004,33
44263,16-64,2004,168
44263,65-100,2004,126
44263,0-16,2005,38
44263,16-64,2005,167
44263,65-100,2005,128
44263,0-16,2006,41
44263,16-64,2006,176
44263,65-100,2006,130
44263,0-16,2007,41
44263,16-64,2007,190
44263,65-100,2007,120
44263,0-16,2008,46
44263,16-64,2008,198
44263,65-100,2008,115
44263,0-16,2009,61
44263,16-64,2009,251
44263,65-100,2009,115
44263,0-16,2010,78
44263,16-64,2010,268
44263,65-100,2010,104
44263,0-16,2011,77
44263,16-64,2011,273
44263,65-100,2011,98
44263,0-16,2012,87
44263,16-64,2012,297
44263,65-100,2012,96
44263,0-16,2013,91
44263,16-64,2013,309
44263,65-100,2013,98
44263,0-16,2014,98
44263,16-64,2014,328
44263,65-100,2014,96
44263,0-16,2015,102
44263,16-64,2015,337
44263,65-100,2015,87
44263,0-16,2016,89
44263,16-64,2016,321
44263,65-100,2016,93
44263,0-16,2017,89
44263,16-64,2017,323
44263,65-100,2017,89
44263,0-16,2018,81
44263,16-64,2018,324
44263,65-100,2018,89
44263,0-16,2019,89
44263,16-64,2019,324
44263,65-100,2019,92
44263,0-16,2020,91
44263,16-64,2020,331
44263,65-100,2020,85
44263,0-16,2021,113
44263,16-64,2021,350
44263,65-100,2021,85
44263,0-16,2022,106
44263,16-64,2022,348
44263,65-100,2022,89
44264,0-16,2003,22
44264,16-64,2003,192
44264,65-100,2003,133
44264,0-16,2004,26
44264,16-64,2004,203
44264,65-100,2004,125
44264,0-16,2005,24
44264,16-64,2005,183
44264,65-100,2005,115
44264,0-16,2006,23
44264,16-64,2006,212
44264,65-100,2006,112
44264,0-16,2007,29
44264,16-64,2007,220
44264,65-100,2007,118
44264,0-16,2008,34
44264,16-64,2008,227
44264,65-100,2008,116
44264,0-16,2009,39
44264,16-64,2009,223
44264,65-100,2009,120
44264,0-16,2010,45
44264,16-64,2010,201
44264,65-100,2010,120
44264,0-16,2011,39
44264,16-64,2011,194
44264,65-100,2011,109
44264,0-16,2012,45
44264,16-64,2012,196
44264,65-100,2012,106
44264,0-16,2013,43
44264,16-64,2013,208
44264,65-100,2013,104
44264,0-16,2014,38
44264,16-64,2014,212
44264,65-100,2014,98
44264,0-16,2015,39
44264,16-64,2015,210
44264,65-100,2015,93
44264,0-16,2016,40
44264,16-64,2016,208
44264,65-100,2016,90
44264,0-16,2017,38
44264,16-64,2017,203
44264,65-100,2017,89
44264,0-16,2018,37
44264,16-64,2018,199
44264,65-100,2018,91
44264,0-16,2019,42
44264,16-64,2019,194
44264,65-100,2019,93
44264,0-16,2020,40
44264,16-64,2020,204
44264,65-100,2020,89
44264,0-16,2021,42
44264,16-64,2021,196
44264,65-100,2021,87
44264,0-16,2022,43
44264,16-64,2022,202
44264,65-100,2022,84
44265,0-16,2003,21
44265,16-64,2003,159
44265,65-100,2003,102
44265,0-16,2004,22
44265,16-64,2004,151
44265,65-100,2004,108
44265,0-16,2005,18
44265,16-64,2005,147
44265,65-100,2005,106
44265,0-16,2006,14
44265,16-64,2006,127
44265,65-100,2006,108
44265,0-16,2007,30
44265,16-64,2007,194
44265,65-100,2007,108
44265,0-16,2008,32
44265,16-64,2008,191
44265,65-100,2008,99
44265,0-16,2009,35
44265,16-64,2009,197
44265,65-100,2009,98
44265,0-16,2010,29
44265,16-64,2010,189
44265,65-100,2010,96
44265,0-16,2011,31
44265,16-64,2011,183
44265,65-100,2011,87
44265,0-16,2012,38
44265,16-64,2012,182
44265,65-100,2012,88
44265,0-16,2013,25
44265,16-64,2013,172
44265,65-100,2013,90
44265,0-16,2014,27
44265,16-64,2014,158
44265,65-100,2014,89
44265,0-16,2015,26
44265,16-64,2015,147
44265,65-100,2015,89
44265,0-16,2016,26
44265,16-64,2016,147
44265,65-100,2016,89
44265,0-16,2017,29
44265,16-64,2017,147
44265,65-100,2017,86
44265,0-16,2018,26
44265,16-64,2018,139
44265,65-100,2018,84
44265,0-16,2019,28
44265,16-64,2019,137
44265,65-100,2019,86
44265,0-16,2020,21
44265,16-64,2020,126
44265,65-100,2020,84
44265,0-16,2021,18
44265,16-64,2021,119
44265,65-100,2021,78
44265,0-16,2022,16
44265,16-64,2022,121
44265,65-100,2022,74
44266,0-16,2003,12
44266,16-64,2003,95
44266,65-100,2003,82
44266,0-16,2004,12
44266,16-64,2004,94
44266,65-100,2004,82
44266,0-16,2005,10
44266,16-64,2005,86
44266,65-100,2005,78
44266,0-16,2006,9
44266,16-64,2006,82
44266,65-100,2006,73
44266,0-16,2007,8
44266,16-64,2007,79
44266,65-100,2007,70
44266,0-16,2008,10
44266,16-64,2008,83
44266,65-100,2008,69
44266,0-16,2009,9
44266,16-64,2009,80
44266,65-100,2009,65
44266,0-16,2010,8
44266,16-64,2010,77
44266,65-100,2010,64
44266,0-16,2011,7
44266,16-64,2011,78
44266,65-100,2011,63
44266,0-16,2012,5
44266,16-64,2012,75
44266,65-100,2012,65
44266,0-16,2013,5
44266,16-64,2013,65
44266,65-100,2013,71
44266,0-16,2014,6
44266,16-64,2014,59
44266,65-100,2014,72
44266,0-16,2015,7
44266,16-64,2015,52
44266,65-100,2015,74
44266,0-16,2016,10
44266,16-64,2016,54
44266,65-100,2016,74
44266,0-16,2017,15
44266,16-64,2017,51
44266,65-100,2017,69
44266,0-16,2018,11
44266,16-64,2018,47
44266,65-100,2018,67
44266,0-16,2019,9
44266,16-64,2019,46
44266,65-100,2019,64
44266,0-16,2020,13
44266,16-64,2020,54
44266,65-100,2020,64
44266,0-16,2021,11
44266,16-64,2021,49
44266,65-100,2021,64
44266,0-16,2022,10
44266,16-64,2022,47
44266,65-100,2022,61
44267,0-16,2003,1
44267,16-64,2003,46
44267,65-100,2003,37
44267,0-16,2004,3
44267,16-64,2004,44
44267,65-100,2004,37
44267,0-16,2005,3
44267,16-64,2005,42
44267,65-100,2005,39
44267,0-16,2006,2
44267,16-64,2006,52
44267,65-100,2006,42
44267,0-16,2007,2
44267,16-64,2007,46
44267,65-100,2007,44
44267,0-16,2008,4
44267,16-64,2008,47
44267,65-100,2008,41
44267,0-16,2009,4
44267,16-64,2009,47
44267,65-100,2009,40
44267,0-16,2010,4
44267,16-64,2010,44
44267,65-100,2010,38
44267,0-16,2011,4
44267,16-64,2011,45
44267,65-100,2011,42
44267,0-16,2012,3
44267,16-64,2012,40
44267,65-100,2012,43
44267,0-16,2013,3
44267,16-64,2013,35
44267,65-100,2013,43
44267,0-16,2014,1
44267,16-64,2014,32
44267,65-100,2014,45
44267,0-16,2015,3
44267,16-64,2015,35
44267,65-100,2015,45
44267,0-16,2016,2
44267,16-64,2016,35
44267,65-100,2016,41
44267,0-16,2017,1
44267,16-64,2017,29
44267,65-100,2017,41
44267,0-16,2018,2
44267,16-64,2018,38
44267,65-100,2018,39
44267,0-16,2019,0
44267,16-64,2019,32
44267,65-100,2019,41
44267,0-16,2020,0
44267,16-64,2020,31
44267,65-100,2020,41
44267,0-16,2021,1
44267,16-64,2021,34
44267,65-100,2021,40
44267,0-16,2022,2
44267,16-64,2022,32
44267,65-100,2022,34
44268,0-16,2003,3
44268,16-64,2003,14
44268,65-100,2003,11
44268,0-16,2004,3
44268,16-64,2004,14
44268,65-100,2004,10
44268,0-16,2005,2
44268,16-64,2005,15
44268,65-100,2005,10
44268,0-16,2006,1
44268,16-64,2006,13
44268,65-100,2006,10
44268,0-16,2007,1
44268,16-64,2007,12
44268,65-100,2007,10
44268,0-16,2008,1
44268,16-64,2008,12
44268,65-100,2008,9
44268,0-16,2009,0
44268,16-64,2009,11
44268,65-100,2009,11
44268,0-16,2010,0
44268,16-64,2010,11
44268,65-100,2010,11
44268,0-16,2011,0
44268,16-64,2011,11
44268,65-100,2011,11
44268,0-16,2012,0
44268,16-64,2012,11
44268,65-100,2012,11
44268,0-16,2013,0
44268,16-64,2013,9
44268,65-100,2013,10
44268,0-16,2014,0
44268,16-64,2014,9
44268,65-100,2014,10
44268,0-16,2015,0
44268,16-64,2015,9
44268,65-100,2015,9
44268,0-16,2016,0
44268,16-64,2016,7
44268,65-100,2016,9
44268,0-16,2017,0
44268,16-64,2017,9
44268,65-100,2017,9
44268,0-16,2018,0
44268,16-64,2018,8
44268,65-100,2018,8
44268,0-16,2019,0
44268,16-64,2019,23
44268,65-100,2019,10
44268,0-16,2020,0
44268,16-64,2020,22
44268,65-100,2020,10
44268,0-16,2021,0
44268,16-64,2021,21
44268,65-100,2021,10
44268,0-16,2022,0
44268,16-64,2022,19
44268,65-100,2022,11
50001,0-16,2003,4
50001,16-64,2003,70
50001,65-100,2003,84
50001,0-16,2004,4
50001,16-64,2004,70
50001,65-100,2004,81
50001,0-16,2005,5
50001,16-64,2005,67
50001,65-100,2005,78
50001,0-16,2006,2
50001,16-64,2006,73
50001,65-100,2006,75
50001,0-16,2007,1
50001,16-64,2007,67
50001,65-100,2007,77
50001,0-16,2008,0
50001,16-64,2008,60
50001,65-100,2008,73
50001,0-16,2009,2
50001,16-64,2009,59
50001,65-100,2009,64
50001,0-16,2010,2
50001,16-64,2010,56
50001,65-100,2010,66
50001,0-16,2011,2
50001,16-64,2011,60
50001,65-100,2011,68
50001,0-16,2012,2
50001,16-64,2012,58
50001,65-100,2012,67
50001,0-16,2013,5
50001,16-64,2013,64
50001,65-100,2013,64
50001,0-16,2014,0
50001,16-64,2014,54
50001,65-100,2014,59
50001,0-16,2015,1
50001,16-64,2015,48
50001,65-100,2015,64
50001,0-16,2016,2
50001,16-64,2016,46
50001,65-100,2016,58
50001,0-16,2017,4
50001,16-64,2017,45
50001,65-100,2017,49
50001,0-16,2018,6
50001,16-64,2018,44
50001,65-100,2018,47
50001,0-16,2019,6
50001,16-64,2019,54
50001,65-100,2019,40
50001,0-16,2020,3
50001,16-64,2020,46
50001,65-100,2020,43
50001,0-16,2021,3
50001,16-64,2021,44
50001,65-100,2021,42
50001,0-16,2022,3
50001,16-64,2022,47
50001,65-100,2022,39
50002,0-16,2003,15
50002,16-64,2003,110
50002,65-100,2003,120
50002,0-16,2004,13
50002,16-64,2004,105
50002,65-100,2004,118
50002,0-16,2005,13
50002,16-64,2005,98
50002,65-100,2005,112
50002,0-16,2006,11
50002,16-64,2006,93
50002,65-100,2006,106
50002,0-16,2007,10
50002,16-64,2007,88
50002,65-100,2007,106
50002,0-16,2008,9
50002,16-64,2008,83
50002,65-100,2008,97
50002,0-16,2009,7
50002,16-64,2009,79
50002,65-100,2009,83
50002,0-16,2010,6
50002,16-64,2010,75
50002,65-100,2010,79
50002,0-16,2011,9
50002,16-64,2011,113
50002,65-100,2011,76
50002,0-16,2012,10
50002,16-64,2012,153
50002,65-100,2012,80
50002,0-16,2013,9
50002,16-64,2013,160
50002,65-100,2013,76
50002,0-16,2014,8
50002,16-64,2014,135
50002,65-100,2014,77
50002,0-16,2015,9
50002,16-64,2015,128
50002,65-100,2015,80
50002,0-16,2016,9
50002,16-64,2016,135
50002,65-100,2016,79
50002,0-16,2017,7
50002,16-64,2017,88
50002,65-100,2017,76
50002,0-16,2018,4
50002,16-64,2018,89
50002,65-100,2018,72
50002,0-16,2019,6
50002,16-64,2019,88
50002,65-100,2019,72
50002,0-16,2020,5
50002,16-64,2020,87
50002,65-100,2020,66
50002,0-16,2021,3
50002,16-64,2021,70
50002,65-100,2021,67
50002,0-16,2022,6
50002,16-64,2022,73
50002,65-100,2022,59
50003,0-16,2003,18
50003,16-64,2003,119
50003,65-100,2003,60
50003,0-16,2004,12
50003,16-64,2004,123
50003,65-100,2004,58
50003,0-16,2005,11
50003,16-64,2005,110
50003,65-100,2005,55
50003,0-16,2006,11
50003,16-64,2006,111
50003,65-100,2006,54
50003,0-16,2007,11
50003,16-64,2007,108
50003,65-100,2007,53
50003,0-16,2008,9
50003,16-64,2008,104
50003,65-100,2008,54
50003,0-16,2009,13
50003,16-64,2009,101
50003,65-100,2009,56
50003,0-16,2010,13
50003,16-64,2010,93
50003,65-100,2010,60
50003,0-16,2011,15
50003,16-64,2011,92
50003,65-100,2011,57
50003,0-16,2012,15
50003,16-64,2012,90
50003,65-100,2012,62
50003,0-16,2013,14
50003,16-64,2013,82
50003,65-100,2013,59
50003,0-16,2014,16
50003,16-64,2014,80
50003,65-100,2014,59
50003,0-16,2015,17
50003,16-64,2015,78
50003,65-100,2015,60
50003,0-16,2016,17
50003,16-64,2016,82
50003,65-100,2016,56
50003,0-16,2017,9
50003,16-64,2017,82
50003,65-100,2017,55
50003,0-16,2018,10
50003,16-64,2018,87
50003,65-100,2018,49
50003,0-16,2019,10
50003,16-64,2019,80
50003,65-100,2019,47
50003,0-16,2020,10
50003,16-64,2020,81
50003,65-100,2020,47
50003,0-16,2021,8
50003,16-64,2021,84
50003,65-100,2021,43
50003,0-16,2022,10
50003,16-64,2022,83
50003,65-100,2022,46
50004,0-16,2003,73
50004,16-64,2003,398
50004,65-100,2003,280
50004,0-16,2004,63
50004,16-64,2004,428
50004,65-100,2004,285
50004,0-16,2005,60
50004,16-64,2005,428
50004,65-100,2005,288
50004,0-16,2006,74
50004,16-64,2006,449
50004,65-100,2006,275
50004,0-16,2007,72
50004,16-64,2007,478
50004,65-100,2007,288
50004,0-16,2008,66
50004,16-64,2008,561
50004,65-100,2008,276
50004,0-16,2009,75
50004,16-64,2009,556
50004,65-100,2009,265
50004,0-16,2010,68
50004,16-64,2010,547
50004,65-100,2010,248
50004,0-16,2011,67
50004,16-64,2011,551
50004,65-100,2011,255
50004,0-16,2012,67
50004,16-64,2012,540
50004,65-100,2012,241
50004,0-16,2013,64
50004,16-64,2013,447
50004,65-100,2013,232
50004,0-16,2014,68
50004,16-64,2014,499
50004,65-100,2014,229
50004,0-16,2015,61
50004,16-64,2015,441
50004,65-100,2015,222
50004,0-16,2016,63
50004,16-64,2016,420
50004,65-100,2016,203
50004,0-16,2017,63
50004,16-64,2017,423
50004,65-100,2017,198
50004,0-16,2018,52
50004,16-64,2018,386
50004,65-100,2018,193
50004,0-16,2019,57
50004,16-64,2019,391
50004,65-100,2019,188
50004,0-16,2020,51
50004,16-64,2020,391
50004,65-100,2020,182
50004,0-16,2021,50
50004,16-64,2021,390
50004,65-100,2021,176
50004,0-16,2022,47
50004,16-64,2022,389
50004,65-100,2022,174
50005,0-16,2003,9
50005,16-64,2003,155
50005,65-100,2003,129
50005,0-16,2004,9
50005,16-64,2004,153
50005,65-100,2004,128
50005,0-16,2005,10
50005,16-64,2005,146
50005,65-100,2005,124
50005,0-16,2006,8
50005,16-64,2006,145
50005,65-100,2006,121
50005,0-16,2007,11
50005,16-64,2007,150
50005,65-100,2007,118
50005,0-16,2008,5
50005,16-64,2008,145
50005,65-100,2008,109
50005,0-16,2009,5
50005,16-64,2009,145
50005,65-100,2009,106
50005,0-16,2010,5
50005,16-64,2010,142
50005,65-100,2010,103
50005,0-16,2011,5
50005,16-64,2011,146
50005,65-100,2011,107
50005,0-16,2012,5
50005,16-64,2012,143
50005,65-100,2012,106
50005,0-16,2013,7
50005,16-64,2013,140
50005,65-100,2013,105
50005,0-16,2014,8
50005,16-64,2014,151
50005,65-100,2014,101
50005,0-16,2015,6
50005,16-64,2015,148
50005,65-100,2015,100
50005,0-16,2016,6
50005,16-64,2016,136
50005,65-100,2016,105
50005,0-16,2017,7
50005,16-64,2017,126
50005,65-100,2017,105
50005,0-16,2018,8
50005,16-64,2018,124
50005,65-100,2018,103
50005,0-16,2019,9
50005,16-64,2019,142
50005,65-100,2019,100
50005,0-16,2020,7
50005,16-64,2020,134
50005,65-100,2020,92
50005,0-16,2021,5
50005,16-64,2021,136
50005,65-100,2021,93
50005,0-16,2022,7
50005,16-64,2022,133
50005,65-100,2022,104
50006,0-16,2003,160
50006,16-64,2003,683
50006,65-100,2003,368
50006,0-16,2004,167
50006,16-64,2004,695
50006,65-100,2004,367
50006,0-16,2005,175
50006,16-64,2005,733
50006,65-100,2005,359
50006,0-16,2006,180
50006,16-64,2006,732
50006,65-100,2006,356
50006,0-16,2007,180
50006,16-64,2007,748
50006,65-100,2007,354
50006,0-16,2008,179
50006,16-64,2008,744
50006,65-100,2008,351
50006,0-16,2009,178
50006,16-64,2009,755
50006,65-100,2009,344
50006,0-16,2010,185
50006,16-64,2010,748
50006,65-100,2010,336
50006,0-16,2011,177
50006,16-64,2011,738
50006,65-100,2011,330
50006,0-16,2012,169
50006,16-64,2012,721
50006,65-100,2012,324
50006,0-16,2013,169
50006,16-64,2013,706
50006,65-100,2013,312
50006,0-16,2014,151
50006,16-64,2014,708
50006,65-100,2014,303
50006,0-16,2015,143
50006,16-64,2015,701
50006,65-100,2015,299
50006,0-16,2016,134
50006,16-64,2016,705
50006,65-100,2016,297
50006,0-16,2017,112
50006,16-64,2017,697
50006,65-100,2017,286
50006,0-16,2018,110
50006,16-64,2018,709
50006,65-100,2018,266
50006,0-16,2019,118
50006,16-64,2019,688
50006,65-100,2019,271
50006,0-16,2020,115
50006,16-64,2020,690
50006,65-100,2020,259
50006,0-16,2021,111
50006,16-64,2021,699
50006,65-100,2021,257
50006,0-16,2022,112
50006,16-64,2022,685
50006,65-100,2022,269
50007,0-16,2003,4
50007,16-64,2003,48
50007,65-100,2003,24
50007,0-16,2004,4
50007,16-64,2004,48
50007,65-100,2004,21
50007,0-16,2005,5
50007,16-64,2005,39
50007,65-100,2005,20
50007,0-16,2006,5
50007,16-64,2006,37
50007,65-100,2006,20
50007,0-16,2007,5
50007,16-64,2007,38
50007,65-100,2007,22
50007,0-16,2008,5
50007,16-64,2008,35
50007,65-100,2008,22
50007,0-16,2009,3
50007,16-64,2009,35
50007,65-100,2009,22
50007,0-16,2010,3
50007,16-64,2010,35
50007,65-100,2010,24
50007,0-16,2011,3
50007,16-64,2011,38
50007,65-100,2011,26
50007,0-16,2012,3
50007,16-64,2012,32
50007,65-100,2012,25
50007,0-16,2013,3
50007,16-64,2013,29
50007,65-100,2013,22
50007,0-16,2014,5
50007,16-64,2014,27
50007,65-100,2014,22
50007,0-16,2015,5
50007,16-64,2015,25
50007,65-100,2015,22
50007,0-16,2016,3
50007,16-64,2016,28
50007,65-100,2016,17
50007,0-16,2017,3
50007,16-64,2017,26
50007,65-100,2017,18
50007,0-16,2018,2
50007,16-64,2018,29
50007,65-100,2018,21
50007,0-16,2019,2
50007,16-64,2019,28
50007,65-100,2019,22
50007,0-16,2020,2
50007,16-64,2020,30
50007,65-100,2020,20
50007,0-16,2021,3
50007,16-64,2021,36
50007,65-100,2021,19
50007,0-16,2022,4
50007,16-64,2022,36
50007,65-100,2022,19
50008,0-16,2003,876
50008,16-64,2003,3810
50008,65-100,2003,1221
50008,0-16,2004,891
50008,16-64,2004,3926
50008,65-100,2004,1207
50008,0-16,2005,926
50008,16-64,2005,4050
50008,65-100,2005,1211
50008,0-16,2006,951
50008,16-64,2006,4158
50008,65-100,2006,1184
50008,0-16,2007,1012
50008,16-64,2007,4373
50008,65-100,2007,1162
50008,0-16,2008,1089
50008,16-64,2008,4659
50008,65-100,2008,1146
50008,0-16,2009,1131
50008,16-64,2009,4930
50008,65-100,2009,1134
50008,0-16,2010,1148
50008,16-64,2010,4893
50008,65-100,2010,1137
50008,0-16,2011,1143
50008,16-64,2011,4802
50008,65-100,2011,1167
50008,0-16,2012,1159
50008,16-64,2012,4841
50008,65-100,2012,1167
50008,0-16,2013,1172
50008,16-64,2013,4827
50008,65-100,2013,1176
50008,0-16,2014,1166
50008,16-64,2014,4696
50008,65-100,2014,1190
50008,0-16,2015,1170
50008,16-64,2015,4644
50008,65-100,2015,1200
50008,0-16,2016,1172
50008,16-64,2016,4657
50008,65-100,2016,1216
50008,0-16,2017,1160
50008,16-64,2017,4619
50008,65-100,2017,1246
50008,0-16,2018,1147
50008,16-64,2018,4691
50008,65-100,2018,1256
50008,0-16,2019,1168
50008,16-64,2019,4716
50008,65-100,2019,1279
50008,0-16,2020,1118
50008,16-64,2020,4715
50008,65-100,2020,1321
50008,0-16,2021,1090
50008,16-64,2021,4724
50008,65-100,2021,1307
50008,0-16,2022,1098
50008,16-64,2022,4739
50008,65-100,2022,1341
50009,0-16,2003,12
50009,16-64,2003,73
50009,65-100,2003,60
50009,0-16,2004,12
50009,16-64,2004,71
50009,65-100,2004,60
50009,0-16,2005,15
50009,16-64,2005,84
50009,65-100,2005,58
50009,0-16,2006,14
50009,16-64,2006,80
50009,65-100,2006,54
50009,0-16,2007,14
50009,16-64,2007,78
50009,65-100,2007,54
50009,0-16,2008,14
50009,16-64,2008,87
50009,65-100,2008,60
50009,0-16,2009,13
50009,16-64,2009,85
50009,65-100,2009,58
50009,0-16,2010,10
50009,16-64,2010,90
50009,65-100,2010,55
50009,0-16,2011,10
50009,16-64,2011,95
50009,65-100,2011,55
50009,0-16,2012,9
50009,16-64,2012,97
50009,65-100,2012,55
50009,0-16,2013,10
50009,16-64,2013,91
50009,65-100,2013,51
50009,0-16,2014,12
50009,16-64,2014,92
50009,65-100,2014,49
50009,0-16,2015,11
50009,16-64,2015,93
50009,65-100,2015,48
50009,0-16,2016,10
50009,16-64,2016,78
50009,65-100,2016,49
50009,0-16,2017,12
50009,16-64,2017,85
50009,65-100,2017,47
50009,0-16,2018,10
50009,16-64,2018,77
50009,65-100,2018,46
50009,0-16,2019,9
50009,16-64,2019,68
50009,65-100,2019,47
50009,0-16,2020,7
50009,16-64,2020,61
50009,65-100,2020,48
50009,0-16,2021,6
50009,16-64,2021,60
50009,65-100,2021,46
50009,0-16,2022,3
50009,16-64,2022,56
50009,65-100,2022,45
50010,0-16,2003,12
50010,16-64,2003,60
50010,65-100,2003,29
50010,0-16,2004,13
50010,16-64,2004,61
50010,65-100,2004,28
50010,0-16,2005,13
50010,16-64,2005,62
50010,65-100,2005,29
50010,0-16,2006,15
50010,16-64,2006,60
50010,65-100,2006,31
50010,0-16,2007,13
50010,16-64,2007,65
50010,65-100,2007,33
50010,0-16,2008,8
50010,16-64,2008,60
50010,65-100,2008,30
50010,0-16,2009,12
50010,16-64,2009,61
50010,65-100,2009,29
50010,0-16,2010,11
50010,16-64,2010,58
50010,65-100,2010,32
50010,0-16,2011,9
50010,16-64,2011,59
50010,65-100,2011,31
50010,0-16,2012,10
50010,16-64,2012,57
50010,65-100,2012,30
50010,0-16,2013,8
50010,16-64,2013,54
50010,65-100,2013,29
50010,0-16,2014,8
50010,16-64,2014,49
50010,65-100,2014,29
50010,0-16,2015,7
50010,16-64,2015,49
50010,65-100,2015,28
50010,0-16,2016,7
50010,16-64,2016,46
50010,65-100,2016,27
50010,0-16,2017,6
50010,16-64,2017,43
50010,65-100,2017,28
50010,0-16,2018,1
50010,16-64,2018,43
50010,65-100,2018,28
50010,0-16,2019,1
50010,16-64,2019,41
50010,65-100,2019,27
50010,0-16,2020,7
50010,16-64,2020,43
50010,65-100,2020,24
50010,0-16,2021,8
50010,16-64,2021,44
50010,65-100,2021,25
50010,0-16,2022,5
50010,16-64,2022,48
50010,65-100,2022,25
50011,0-16,2003,17
50011,16-64,2003,81
50011,65-100,2003,41
50011,0-16,2004,22
50011,16-64,2004,90
50011,65-100,2004,39
50011,0-16,2005,13
50011,16-64,2005,93
50011,65-100,2005,38
50011,0-16,2006,14
50011,16-64,2006,92
50011,65-100,2006,38
50011,0-16,2007,13
50011,16-64,2007,88
50011,65-100,2007,38
50011,0-16,2008,12
50011,16-64,2008,87
50011,65-100,2008,36
50011,0-16,2009,14
50011,16-64,2009,85
50011,65-100,2009,38
50011,0-16,2010,14
50011,16-64,2010,90
50011,65-100,2010,37
50011,0-16,2011,15
50011,16-64,2011,95
50011,65-100,2011,39
50011,0-16,2012,15
50011,16-64,2012,97
50011,65-100,2012,37
50011,0-16,2013,13
50011,16-64,2013,94
50011,65-100,2013,37
50011,0-16,2014,20
50011,16-64,2014,101
50011,65-100,2014,32
50011,0-16,2015,13
50011,16-64,2015,97
50011,65-100,2015,35
50011,0-16,2016,13
50011,16-64,2016,92
50011,65-100,2016,34
50011,0-16,2017,13
50011,16-64,2017,87
50011,65-100,2017,34
50011,0-16,2018,12
50011,16-64,2018,88
50011,65-100,2018,32
50011,0-16,2019,12
50011,16-64,2019,86
50011,65-100,2019,35
50011,0-16,2020,11
50011,16-64,2020,84
50011,65-100,2020,39
50011,0-16,2021,11
50011,16-64,2021,89
50011,65-100,2021,40
50011,0-16,2022,13
50011,16-64,2022,91
50011,65-100,2022,40
50012,0-16,2003,17
50012,16-64,2003,75
50012,65-100,2003,41
50012,0-16,2004,17
50012,16-64,2004,73
50012,65-100,2004,40
50012,0-16,2005,19
50012,16-64,2005,72
50012,65-100,2005,42
50012,0-16,2006,16
50012,16-64,2006,68
50012,65-100,2006,41
50012,0-16,2007,15
50012,16-64,2007,67
50012,65-100,2007,42
50012,0-16,2008,15
50012,16-64,2008,68
50012,65-100,2008,41
50012,0-16,2009,14
50012,16-64,2009,67
50012,65-100,2009,43
50012,0-16,2010,16
50012,16-64,2010,62
50012,65-100,2010,48
50012,0-16,2011,15
50012,16-64,2011,57
50012,65-100,2011,49
50012,0-16,2012,13
50012,16-64,2012,59
50012,65-100,2012,46
50012,0-16,2013,12
50012,16-64,2013,62
50012,65-100,2013,45
50012,0-16,2014,10
50012,16-64,2014,68
50012,65-100,2014,46
50012,0-16,2015,9
50012,16-64,2015,69
50012,65-100,2015,43
50012,0-16,2016,8
50012,16-64,2016,65
50012,65-100,2016,38
50012,0-16,2017,8
50012,16-64,2017,63
50012,65-100,2017,34
50012,0-16,2018,8
50012,16-64,2018,67
50012,65-100,2018,33
50012,0-16,2019,7
50012,16-64,2019,68
50012,65-100,2019,32
50012,0-16,2020,8
50012,16-64,2020,67
50012,65-100,2020,32
50012,0-16,2021,8
50012,16-64,2021,69
50012,65-100,2021,34
50012,0-16,2022,9
50012,16-64,2022,67
50012,65-100,2022,35
50013,0-16,2003,36
50013,16-64,2003,152
50013,65-100,2003,104
50013,0-16,2004,30
50013,16-64,2004,148
50013,65-100,2004,101
50013,0-16,2005,35
50013,16-64,2005,160
50013,65-100,2005,104
50013,0-16,2006,37
50013,16-64,2006,160
50013,65-100,2006,95
50013,0-16,2007,35
50013,16-64,2007,163
50013,65-100,2007,90
50013,0-16,2008,37
50013,16-64,2008,166
50013,65-100,2008,94
50013,0-16,2009,33
50013,16-64,2009,164
50013,65-100,2009,93
50013,0-16,2010,27
50013,16-64,2010,158
50013,65-100,2010,91
50013,0-16,2011,31
50013,16-64,2011,168
50013,65-100,2011,84
50013,0-16,2012,32
50013,16-64,2012,169
50013,65-100,2012,83
50013,0-16,2013,31
50013,16-64,2013,156
50013,65-100,2013,83
50013,0-16,2014,33
50013,16-64,2014,168
50013,65-100,2014,80
50013,0-16,2015,39
50013,16-64,2015,161
50013,65-100,2015,79
50013,0-16,2016,35
50013,16-64,2016,149
50013,65-100,2016,79
50013,0-16,2017,38
50013,16-64,2017,152
50013,65-100,2017,80
50013,0-16,2018,33
50013,16-64,2018,142
50013,65-100,2018,76
50013,0-16,2019,29
50013,16-64,2019,144
50013,65-100,2019,73
50013,0-16,2020,29
50013,16-64,2020,142
50013,65-100,2020,74
50013,0-16,2021,28
50013,16-64,2021,149
50013,65-100,2021,68
50013,0-16,2022,22
50013,16-64,2022,148
50013,65-100,2022,69
50014,0-16,2003,0
50014,16-64,2003,79
50014,65-100,2003,56
50014,0-16,2004,4
50014,16-64,2004,83
50014,65-100,2004,57
50014,0-16,2005,3
50014,16-64,2005,78
50014,65-100,2005,58
50014,0-16,2006,1
50014,16-64,2006,72
50014,65-100,2006,55
50014,0-16,2007,4
50014,16-64,2007,96
50014,65-100,2007,57
50014,0-16,2008,6
50014,16-64,2008,90
50014,65-100,2008,58
50014,0-16,2009,9
50014,16-64,2009,87
50014,65-100,2009,59
50014,0-16,2010,14
50014,16-64,2010,88
50014,65-100,2010,51
50014,0-16,2011,19
50014,16-64,2011,122
50014,65-100,2011,64
50014,0-16,2012,18
50014,16-64,2012,114
50014,65-100,2012,61
50014,0-16,2013,19
50014,16-64,2013,106
50014,65-100,2013,59
50014,0-16,2014,21
50014,16-64,2014,102
50014,65-100,2014,60
50014,0-16,2015,20
50014,16-64,2015,100
50014,65-100,2015,66
50014,0-16,2016,19
50014,16-64,2016,96
50014,65-100,2016,60
50014,0-16,2017,13
50014,16-64,2017,86
50014,65-100,2017,53
50014,0-16,2018,14
50014,16-64,2018,81
50014,65-100,2018,49
50014,0-16,2019,13
50014,16-64,2019,84
50014,65-100,2019,46
50014,0-16,2020,12
50014,16-64,2020,89
50014,65-100,2020,42
50014,0-16,2021,13
50014,16-64,2021,97
50014,65-100,2021,43
50014,0-16,2022,13
50014,16-64,2022,101
50014,65-100,2022,43
50015,0-16,2003,1
50015,16-64,2003,58
50015,65-100,2003,76
50015,0-16,2004,1
50015,16-64,2004,55
50015,65-100,2004,72
50015,0-16,2005,1
50015,16-64,2005,52
50015,65-100,2005,68
50015,0-16,2006,1
50015,16-64,2006,48
50015,65-100,2006,70
50015,0-16,2007,1
50015,16-64,2007,47
50015,65-100,2007,68
50015,0-16,2008,0
50015,16-64,2008,44
50015,65-100,2008,65
50015,0-16,2009,0
50015,16-64,2009,44
50015,65-100,2009,62
50015,0-16,2010,0
50015,16-64,2010,39
50015,65-100,2010,60
50015,0-16,2011,0
50015,16-64,2011,39
50015,65-100,2011,57
50015,0-16,2012,0
50015,16-64,2012,33
50015,65-100,2012,57
50015,0-16,2013,0
50015,16-64,2013,32
50015,65-100,2013,53
50015,0-16,2014,0
50015,16-64,2014,30
50015,65-100,2014,52
50015,0-16,2015,0
50015,16-64,2015,30
50015,65-100,2015,50
50015,0-16,2016,0
50015,16-64,2016,28
50015,65-100,2016,48
50015,0-16,2017,0
50015,16-64,2017,24
50015,65-100,2017,46
50015,0-16,2018,0
50015,16-64,2018,24
50015,65-100,2018,39
50015,0-16,2019,0
50015,16-64,2019,25
50015,65-100,2019,37
50015,0-16,2020,4
50015,16-64,2020,38
50015,65-100,2020,34
50015,0-16,2021,5
50015,16-64,2021,41
50015,65-100,2021,33
50015,0-16,2022,3
50015,16-64,2022,45
50015,65-100,2022,32
50016,0-16,2003,0
50016,16-64,2003,14
50016,65-100,2003,23
50016,0-16,2004,0
50016,16-64,2004,12
50016,65-100,2004,21
50016,0-16,2005,0
50016,16-64,2005,15
50016,65-100,2005,23
50016,0-16,2006,0
50016,16-64,2006,14
50016,65-100,2006,17
50016,0-16,2007,1
50016,16-64,2007,54
50016,65-100,2007,29
50016,0-16,2008,0
50016,16-64,2008,39
50016,65-100,2008,25
50016,0-16,2009,0
50016,16-64,2009,29
50016,65-100,2009,24
50016,0-16,2010,0
50016,16-64,2010,27
50016,65-100,2010,21
50016,0-16,2011,0
50016,16-64,2011,31
50016,65-100,2011,21
50016,0-16,2012,0
50016,16-64,2012,32
50016,65-100,2012,19
50016,0-16,2013,0
50016,16-64,2013,29
50016,65-100,2013,19
50016,0-16,2014,0
50016,16-64,2014,29
50016,65-100,2014,21
50016,0-16,2015,0
50016,16-64,2015,32
50016,65-100,2015,25
50016,0-16,2016,0
50016,16-64,2016,29
50016,65-100,2016,24
50016,0-16,2017,1
50016,16-64,2017,30
50016,65-100,2017,22
50016,0-16,2018,1
50016,16-64,2018,26
50016,65-100,2018,22
50016,0-16,2019,1
50016,16-64,2019,27
50016,65-100,2019,20
50016,0-16,2020,1
50016,16-64,2020,31
50016,65-100,2020,19
50016,0-16,2021,0
50016,16-64,2021,32
50016,65-100,2021,20
50016,0-16,2022,0
50016,16-64,2022,29
50016,65-100,2022,23
50017,0-16,2003,223
50017,16-64,2003,1104
50017,65-100,2003,284
50017,0-16,2004,254
50017,16-64,2004,1198
50017,65-100,2004,290
50017,0-16,2005,253
50017,16-64,2005,1237
50017,65-100,2005,326
50017,0-16,2006,259
50017,16-64,2006,1293
50017,65-100,2006,327
50017,0-16,2007,278
50017,16-64,2007,1352
50017,65-100,2007,333
50017,0-16,2008,302
50017,16-64,2008,1391
50017,65-100,2008,339
50017,0-16,2009,313
50017,16-64,2009,1397
50017,65-100,2009,343
50017,0-16,2010,331
50017,16-64,2010,1483
50017,65-100,2010,354
50017,0-16,2011,350
50017,16-64,2011,1508
50017,65-100,2011,357
50017,0-16,2012,376
50017,16-64,2012,1513
50017,65-100,2012,370
50017,0-16,2013,383
50017,16-64,2013,1487
50017,65-100,2013,365
50017,0-16,2014,389
50017,16-64,2014,1486
50017,65-100,2014,375
50017,0-16,2015,391
50017,16-64,2015,1490
50017,65-100,2015,385
50017,0-16,2016,401
50017,16-64,2016,1496
50017,65-100,2016,401
50017,0-16,2017,400
50017,16-64,2017,1474
50017,65-100,2017,414
50017,0-16,2018,401
50017,16-64,2018,1488
50017,65-100,2018,423
50017,0-16,2019,410
50017,16-64,2019,1471
50017,65-100,2019,434
50017,0-16,2020,414
50017,16-64,2020,1481
50017,65-100,2020,444
50017,0-16,2021,408
50017,16-64,2021,1524
50017,65-100,2021,442
50017,0-16,2022,408
50017,16-64,2022,1555
50017,65-100,2022,471
50018,0-16,2003,184
50018,16-64,2003,1019
50018,65-100,2003,295
50018,0-16,2004,159
50018,16-64,2004,1061
50018,65-100,2004,287
50018,0-16,2005,165
50018,16-64,2005,1153
50018,65-100,2005,271
50018,0-16,2006,171
50018,16-64,2006,1141
50018,65-100,2006,276
50018,0-16,2007,168
50018,16-64,2007,1012
50018,65-100,2007,272
50018,0-16,2008,167
50018,16-64,2008,1016
50018,65-100,2008,279
50018,0-16,2009,190
50018,16-64,2009,1036
50018,65-100,2009,287
50018,0-16,2010,195
50018,16-64,2010,1026
50018,65-100,2010,288
50018,0-16,2011,217
50018,16-64,2011,1068
50018,65-100,2011,292
50018,0-16,2012,207
50018,16-64,2012,1100
50018,65-100,2012,302
50018,0-16,2013,184
50018,16-64,2013,1047
50018,65-100,2013,286
50018,0-16,2014,185
50018,16-64,2014,1016
50018,65-100,2014,274
50018,0-16,2015,195
50018,16-64,2015,1004
50018,65-100,2015,267
50018,0-16,2016,200
50018,16-64,2016,986
50018,65-100,2016,280
50018,0-16,2017,215
50018,16-64,2017,973
50018,65-100,2017,272
50018,0-16,2018,205
50018,16-64,2018,963
50018,65-100,2018,273
50018,0-16,2019,206
50018,16-64,2019,963
50018,65-100,2019,277
50018,0-16,2020,194
50018,16-64,2020,967
50018,65-100,2020,282
50018,0-16,2021,204
50018,16-64,2021,968
50018,65-100,2021,274
50018,0-16,2022,214
50018,16-64,2022,988
50018,65-100,2022,275
50019,0-16,2003,5
50019,16-64,2003,49
50019,65-100,2003,31
50019,0-16,2004,5
50019,16-64,2004,46
50019,65-100,2004,32
50019,0-16,2005,6
50019,16-64,2005,48
50019,65-100,2005,30
50019,0-16,2006,7
50019,16-64,2006,46
50019,65-100,2006,30
50019,0-16,2007,3
50019,16-64,2007,43
50019,65-100,2007,31
50019,0-16,2008,2
50019,16-64,2008,40
50019,65-100,2008,27
50019,0-16,2009,7
50019,16-64,2009,51
50019,65-100,2009,29
50019,0-16,2010,5
50019,16-64,2010,48
50019,65-100,2010,28
50019,0-16,2011,5
50019,16-64,2011,53
50019,65-100,2011,29
50019,0-16,2012,5
50019,16-64,2012,51
50019,65-100,2012,30
50019,0-16,2013,4
50019,16-64,2013,42
50019,65-100,2013,32
50019,0-16,2014,2
50019,16-64,2014,37
50019,65-100,2014,31
50019,0-16,2015,4
50019,16-64,2015,35
50019,65-100,2015,25
50019,0-16,2016,3
50019,16-64,2016,31
50019,65-100,2016,24
50019,0-16,2017,3
50019,16-64,2017,32
50019,65-100,2017,22
50019,0-16,2018,3
50019,16-64,2018,37
50019,65-100,2018,22
50019,0-16,2019,1
50019,16-64,2019,47
50019,65-100,2019,20
50019,0-16,2020,1
50019,16-64,2020,43
50019,65-100,2020,21
50019,0-16,2021,0
50019,16-64,2021,42
50019,65-100,2021,20
50019,0-16,2022,0
50019,16-64,2022,40
50019,65-100,2022,24
50020,0-16,2003,125
50020,16-64,2003,729
50020,65-100,2003,296
50020,0-16,2004,128
50020,16-64,2004,730
50020,65-100,2004,292
50020,0-16,2005,125
50020,16-64,2005,736
50020,65-100,2005,285
50020,0-16,2006,127
50020,16-64,2006,730
50020,65-100,2006,272
50020,0-16,2007,148
50020,16-64,2007,757
50020,65-100,2007,268
50020,0-16,2008,161
50020,16-64,2008,782
50020,65-100,2008,268
50020,0-16,2009,164
50020,16-64,2009,794
50020,65-100,2009,267
50020,0-16,2010,140
50020,16-64,2010,762
50020,65-100,2010,270
50020,0-16,2011,131
50020,16-64,2011,747
50020,65-100,2011,268
50020,0-16,2012,121
50020,16-64,2012,736
50020,65-100,2012,267
50020,0-16,2013,115
50020,16-64,2013,729
50020,65-100,2013,262
50020,0-16,2014,136
50020,16-64,2014,714
50020,65-100,2014,265
50020,0-16,2015,150
50020,16-64,2015,662
50020,65-100,2015,265
50020,0-16,2016,142
50020,16-64,2016,630
50020,65-100,2016,262
50020,0-16,2017,150
50020,16-64,2017,647
50020,65-100,2017,256
50020,0-16,2018,144
50020,16-64,2018,632
50020,65-100,2018,260
50020,0-16,2019,136
50020,16-64,2019,625
50020,65-100,2019,259
50020,0-16,2020,131
50020,16-64,2020,630
50020,65-100,2020,250
50020,0-16,2021,125
50020,16-64,2021,624
50020,65-100,2021,253
50020,0-16,2022,118
50020,16-64,2022,599
50020,65-100,2022,247
50021,0-16,2003,1
50021,16-64,2003,22
50021,65-100,2003,26
50021,0-16,2004,1
50021,16-64,2004,22
50021,65-100,2004,26
50021,0-16,2005,0
50021,16-64,2005,21
50021,65-100,2005,21
50021,0-16,2006,0
50021,16-64,2006,21
50021,65-100,2006,18
50021,0-16,2007,1
50021,16-64,2007,23
50021,65-100,2007,16
50021,0-16,2008,0
50021,16-64,2008,19
50021,65-100,2008,14
50021,0-16,2009,0
50021,16-64,2009,15
50021,65-100,2009,14
50021,0-16,2010,0
50021,16-64,2010,15
50021,65-100,2010,11
50021,0-16,2011,0
50021,16-64,2011,21
50021,65-100,2011,16
50021,0-16,2012,0
50021,16-64,2012,25
50021,65-100,2012,17
50021,0-16,2013,0
50021,16-64,2013,22
50021,65-100,2013,16
50021,0-16,2014,0
50021,16-64,2014,19
50021,65-100,2014,16
50021,0-16,2015,0
50021,16-64,2015,19
50021,65-100,2015,15
50021,0-16,2016,0
50021,16-64,2016,17
50021,65-100,2016,14
50021,0-16,2017,0
50021,16-64,2017,16
50021,65-100,2017,14
50021,0-16,2018,0
50021,16-64,2018,16
50021,65-100,2018,13
50021,0-16,2019,0
50021,16-64,2019,14
50021,65-100,2019,11
50021,0-16,2020,0
50021,16-64,2020,13
50021,65-100,2020,11
50021,0-16,2021,0
50021,16-64,2021,11
50021,65-100,2021,13
50021,0-16,2022,0
50021,16-64,2022,11
50021,65-100,2022,11
50022,0-16,2003,67
50022,16-64,2003,383
50022,65-100,2003,203
50022,0-16,2004,68
50022,16-64,2004,379
50022,65-100,2004,206
50022,0-16,2005,61
50022,16-64,2005,387
50022,65-100,2005,205
50022,0-16,2006,59
50022,16-64,2006,379
50022,65-100,2006,200
50022,0-16,2007,60
50022,16-64,2007,375
50022,65-100,2007,197
50022,0-16,2008,68
50022,16-64,2008,381
50022,65-100,2008,194
50022,0-16,2009,61
50022,16-64,2009,375
50022,65-100,2009,195
50022,0-16,2010,59
50022,16-64,2010,366
50022,65-100,2010,194
50022,0-16,2011,59
50022,16-64,2011,361
50022,65-100,2011,195
50022,0-16,2012,51
50022,16-64,2012,367
50022,65-100,2012,193
50022,0-16,2013,45
50022,16-64,2013,363
50022,65-100,2013,200
50022,0-16,2014,40
50022,16-64,2014,359
50022,65-100,2014,203
50022,0-16,2015,37
50022,16-64,2015,356
50022,65-100,2015,200
50022,0-16,2016,36
50022,16-64,2016,350
50022,65-100,2016,195
50022,0-16,2017,30
50022,16-64,2017,345
50022,65-100,2017,187
50022,0-16,2018,32
50022,16-64,2018,345
50022,65-100,2018,190
50022,0-16,2019,31
50022,16-64,2019,337
50022,65-100,2019,185
50022,0-16,2020,31
50022,16-64,2020,341
50022,65-100,2020,182
50022,0-16,2021,33
50022,16-64,2021,334
50022,65-100,2021,188
50022,0-16,2022,34
50022,16-64,2022,317
50022,65-100,2022,198
50023,0-16,2003,23
50023,16-64,2003,165
50023,65-100,2003,124
50023,0-16,2004,23
50023,16-64,2004,163
50023,65-100,2004,120
50023,0-16,2005,17
50023,16-64,2005,161
50023,65-100,2005,119
50023,0-16,2006,21
50023,16-64,2006,167
50023,65-100,2006,114
50023,0-16,2007,23
50023,16-64,2007,168
50023,65-100,2007,109
50023,0-16,2008,25
50023,16-64,2008,161
50023,65-100,2008,113
50023,0-16,2009,22
50023,16-64,2009,149
50023,65-100,2009,118
50023,0-16,2010,21
50023,16-64,2010,144
50023,65-100,2010,118
50023,0-16,2011,19
50023,16-64,2011,139
50023,65-100,2011,112
50023,0-16,2012,17
50023,16-64,2012,128
50023,65-100,2012,107
50023,0-16,2013,16
50023,16-64,2013,120
50023,65-100,2013,108
50023,0-16,2014,19
50023,16-64,2014,117
50023,65-100,2014,108
50023,0-16,2015,25
50023,16-64,2015,125
50023,65-100,2015,105
50023,0-16,2016,26
50023,16-64,2016,128
50023,65-100,2016,107
50023,0-16,2017,22
50023,16-64,2017,131
50023,65-100,2017,107
50023,0-16,2018,22
50023,16-64,2018,132
50023,65-100,2018,98
50023,0-16,2019,22
50023,16-64,2019,125
50023,65-100,2019,96
50023,0-16,2020,19
50023,16-64,2020,121
50023,65-100,2020,90
50023,0-16,2021,15
50023,16-64,2021,130
50023,65-100,2021,89
50023,0-16,2022,15
50023,16-64,2022,141
50023,65-100,2022,78
50024,0-16,2003,69
50024,16-64,2003,540
50024,65-100,2003,272
50024,0-16,2004,71
50024,16-64,2004,546
50024,65-100,2004,277
50024,0-16,2005,59
50024,16-64,2005,551
50024,65-100,2005,267
50024,0-16,2006,64
50024,16-64,2006,525
50024,65-100,2006,264
50024,0-16,2007,66
50024,16-64,2007,493
50024,65-100,2007,262
50024,0-16,2008,75
50024,16-64,2008,489
50024,65-100,2008,257
50024,0-16,2009,75
50024,16-64,2009,490
50024,65-100,2009,250
50024,0-16,2010,79
50024,16-64,2010,462
50024,65-100,2010,249
50024,0-16,2011,84
50024,16-64,2011,497
50024,65-100,2011,243
50024,0-16,2012,79
50024,16-64,2012,464
50024,65-100,2012,238
50024,0-16,2013,71
50024,16-64,2013,439
50024,65-100,2013,234
50024,0-16,2014,77
50024,16-64,2014,444
50024,65-100,2014,231
50024,0-16,2015,68
50024,16-64,2015,428
50024,65-100,2015,235
50024,0-16,2016,58
50024,16-64,2016,416
50024,65-100,2016,229
50024,0-16,2017,61
50024,16-64,2017,420
50024,65-100,2017,220
50024,0-16,2018,62
50024,16-64,2018,412
50024,65-100,2018,217
50024,0-16,2019,60
50024,16-64,2019,459
50024,65-100,2019,216
50024,0-16,2020,78
50024,16-64,2020,468
50024,65-100,2020,207
50024,0-16,2021,84
50024,16-64,2021,477
50024,65-100,2021,210
50024,0-16,2022,89
50024,16-64,2022,469
50024,65-100,2022,198
50025,0-16,2003,943
50025,16-64,2003,4326
50025,65-100,2003,1084
50025,0-16,2004,1019
50025,16-64,2004,4367
50025,65-100,2004,1094
50025,0-16,2005,1105
50025,16-64,2005,4573
50025,65-100,2005,1101
50025,0-16,2006,1163
50025,16-64,2006,4734
50025,65-100,2006,1126
50025,0-16,2007,1252
50025,16-64,2007,4796
50025,65-100,2007,1122
50025,0-16,2008,1312
50025,16-64,2008,5166
50025,65-100,2008,1155
50025,0-16,2009,1379
50025,16-64,2009,5361
50025,65-100,2009,1171
50025,0-16,2010,1355
50025,16-64,2010,5273
50025,65-100,2010,1174
50025,0-16,2011,1367
50025,16-64,2011,5303
50025,65-100,2011,1181
50025,0-16,2012,1336
50025,16-64,2012,5276
50025,65-100,2012,1180
50025,0-16,2013,1357
50025,16-64,2013,5235
50025,65-100,2013,1174
50025,0-16,2014,1375
50025,16-64,2014,5280
50025,65-100,2014,1181
50025,0-16,2015,1378
50025,16-64,2015,5114
50025,65-100,2015,1188
50025,0-16,2016,1379
50025,16-64,2016,5099
50025,65-100,2016,1214
50025,0-16,2017,1378
50025,16-64,2017,5065
50025,65-100,2017,1217
50025,0-16,2018,1384
50025,16-64,2018,5211
50025,65-100,2018,1224
50025,0-16,2019,1406
50025,16-64,2019,5324
50025,65-100,2019,1221
50025,0-16,2020,1401
50025,16-64,2020,5429
50025,65-100,2020,1261
50025,0-16,2021,1367
50025,16-64,2021,5346
50025,65-100,2021,1270
50025,0-16,2022,1315
50025,16-64,2022,5344
50025,65-100,2022,1284
50026,0-16,2003,69
50026,16-64,2003,349
50026,65-100,2003,182
50026,0-16,2004,75
50026,16-64,2004,346
50026,65-100,2004,182
50026,0-16,2005,72
50026,16-64,2005,329
50026,65-100,2005,183
50026,0-16,2006,66
50026,16-64,2006,333
50026,65-100,2006,177
50026,0-16,2007,69
50026,16-64,2007,337
50026,65-100,2007,169
50026,0-16,2008,63
50026,16-64,2008,339
50026,65-100,2008,161
50026,0-16,2009,64
50026,16-64,2009,336
50026,65-100,2009,160
50026,0-16,2010,64
50026,16-64,2010,336
50026,65-100,2010,164
50026,0-16,2011,71
50026,16-64,2011,331
50026,65-100,2011,168
50026,0-16,2012,72
50026,16-64,2012,331
50026,65-100,2012,167
50026,0-16,2013,72
50026,16-64,2013,335
50026,65-100,2013,160
50026,0-16,2014,78
50026,16-64,2014,330
50026,65-100,2014,166
50026,0-16,2015,73
50026,16-64,2015,331
50026,65-100,2015,160
50026,0-16,2016,65
50026,16-64,2016,324
50026,65-100,2016,158
50026,0-16,2017,64
50026,16-64,2017,320
50026,65-100,2017,162
50026,0-16,2018,67
50026,16-64,2018,346
50026,65-100,2018,166
50026,0-16,2019,64
50026,16-64,2019,338
50026,65-100,2019,153
50026,0-16,2020,66
50026,16-64,2020,352
50026,65-100,2020,150
50026,0-16,2021,73
50026,16-64,2021,382
50026,65-100,2021,149
50026,0-16,2022,75
50026,16-64,2022,378
50026,65-100,2022,149
50027,0-16,2003,20
50027,16-64,2003,194
50027,65-100,2003,122
50027,0-16,2004,25
50027,16-64,2004,191
50027,65-100,2004,118
50027,0-16,2005,24
50027,16-64,2005,187
50027,65-100,2005,112
50027,0-16,2006,22
50027,16-64,2006,192
50027,65-100,2006,115
50027,0-16,2007,25
50027,16-64,2007,187
50027,65-100,2007,118
50027,0-16,2008,19
50027,16-64,2008,191
50027,65-100,2008,110
50027,0-16,2009,23
50027,16-64,2009,174
50027,65-100,2009,114
50027,0-16,2010,19
50027,16-64,2010,175
50027,65-100,2010,111
50027,0-16,2011,19
50027,16-64,2011,170
50027,65-100,2011,101
50027,0-16,2012,20
50027,16-64,2012,164
50027,65-100,2012,97
50027,0-16,2013,17
50027,16-64,2013,154
50027,65-100,2013,99
50027,0-16,2014,17
50027,16-64,2014,141
50027,65-100,2014,100
50027,0-16,2015,17
50027,16-64,2015,143
50027,65-100,2015,96
50027,0-16,2016,22
50027,16-64,2016,136
50027,65-100,2016,98
50027,0-16,2017,21
50027,16-64,2017,137
50027,65-100,2017,96
50027,0-16,2018,22
50027,16-64,2018,138
50027,65-100,2018,96
50027,0-16,2019,23
50027,16-64,2019,135
50027,65-100,2019,96
50027,0-16,2020,23
50027,16-64,2020,136
50027,65-100,2020,94
50027,0-16,2021,17
50027,16-64,2021,137
50027,65-100,2021,98
50027,0-16,2022,17
50027,16-64,2022,139
50027,65-100,2022,97
50028,0-16,2003,11
50028,16-64,2003,170
50028,65-100,2003,32
50028,0-16,2004,13
50028,16-64,2004,152
50028,65-100,2004,33
50028,0-16,2005,12
50028,16-64,2005,136
50028,65-100,2005,28
50028,0-16,2006,13
50028,16-64,2006,114
50028,65-100,2006,30
50028,0-16,2007,10
50028,16-64,2007,113
50028,65-100,2007,30
50028,0-16,2008,9
50028,16-64,2008,103
50028,65-100,2008,26
50028,0-16,2009,10
50028,16-64,2009,100
50028,65-100,2009,25
50028,0-16,2010,9
50028,16-64,2010,92
50028,65-100,2010,35
50028,0-16,2011,7
50028,16-64,2011,92
50028,65-100,2011,34
50028,0-16,2012,9
50028,16-64,2012,83
50028,65-100,2012,34
50028,0-16,2013,7
50028,16-64,2013,72
50028,65-100,2013,29
50028,0-16,2014,7
50028,16-64,2014,68
50028,65-100,2014,30
50028,0-16,2015,7
50028,16-64,2015,69
50028,65-100,2015,29
50028,0-16,2016,11
50028,16-64,2016,66
50028,65-100,2016,24
50028,0-16,2017,10
50028,16-64,2017,61
50028,65-100,2017,22
50028,0-16,2018,11
50028,16-64,2018,69
50028,65-100,2018,15
50028,0-16,2019,11
50028,16-64,2019,78
50028,65-100,2019,17
50028,0-16,2020,2
50028,16-64,2020,73
50028,65-100,2020,20
50028,0-16,2021,1
50028,16-64,2021,69
50028,65-100,2021,21
50028,0-16,2022,1
50028,16-64,2022,75
50028,65-100,2022,25
50029,0-16,2003,103
50029,16-64,2003,452
50029,65-100,2003,293
50029,0-16,2004,102
50029,16-64,2004,454
50029,65-100,2004,281
50029,0-16,2005,99
50029,16-64,2005,444
50029,65-100,2005,288
50029,0-16,2006,100
50029,16-64,2006,444
50029,65-100,2006,288
50029,0-16,2007,96
50029,16-64,2007,436
50029,65-100,2007,290
50029,0-16,2008,94
50029,16-64,2008,447
50029,65-100,2008,287
50029,0-16,2009,96
50029,16-64,2009,443
50029,65-100,2009,290
50029,0-16,2010,93
50029,16-64,2010,438
50029,65-100,2010,287
50029,0-16,2011,83
50029,16-64,2011,431
50029,65-100,2011,289
50029,0-16,2012,82
50029,16-64,2012,424
50029,65-100,2012,295
50029,0-16,2013,78
50029,16-64,2013,418
50029,65-100,2013,293
50029,0-16,2014,74
50029,16-64,2014,397
50029,65-100,2014,286
50029,0-16,2015,68
50029,16-64,2015,399
50029,65-100,2015,294
50029,0-16,2016,66
50029,16-64,2016,392
50029,65-100,2016,282
50029,0-16,2017,51
50029,16-64,2017,392
50029,65-100,2017,280
50029,0-16,2018,47
50029,16-64,2018,383
50029,65-100,2018,278
50029,0-16,2019,46
50029,16-64,2019,395
50029,65-100,2019,265
50029,0-16,2020,39
50029,16-64,2020,395
50029,65-100,2020,250
50029,0-16,2021,42
50029,16-64,2021,385
50029,65-100,2021,244
50029,0-16,2022,43
50029,16-64,2022,387
50029,65-100,2022,229
50030,0-16,2003,8
50030,16-64,2003,158
50030,65-100,2003,118
50030,0-16,2004,5
50030,16-64,2004,150
50030,65-100,2004,108
50030,0-16,2005,4
50030,16-64,2005,139
50030,65-100,2005,106
50030,0-16,2006,4
50030,16-64,2006,125
50030,65-100,2006,102
50030,0-16,2007,6
50030,16-64,2007,132
50030,65-100,2007,106
50030,0-16,2008,2
50030,16-64,2008,127
50030,65-100,2008,100
50030,0-16,2009,1
50030,16-64,2009,119
50030,65-100,2009,100
50030,0-16,2010,1
50030,16-64,2010,111
50030,65-100,2010,93
50030,0-16,2011,3
50030,16-64,2011,112
50030,65-100,2011,93
50030,0-16,2012,7
50030,16-64,2012,111
50030,65-100,2012,95
50030,0-16,2013,6
50030,16-64,2013,112
50030,65-100,2013,94
50030,0-16,2014,7
50030,16-64,2014,108
50030,65-100,2014,95
50030,0-16,2015,7
50030,16-64,2015,111
50030,65-100,2015,88
50030,0-16,2016,6
50030,16-64,2016,107
50030,65-100,2016,84
50030,0-16,2017,9
50030,16-64,2017,105
50030,65-100,2017,86
50030,0-16,2018,12
50030,16-64,2018,114
50030,65-100,2018,87
50030,0-16,2019,16
50030,16-64,2019,112
50030,65-100,2019,84
50030,0-16,2020,19
50030,16-64,2020,114
50030,65-100,2020,89
50030,0-16,2021,14
50030,16-64,2021,105
50030,65-100,2021,86
50030,0-16,2022,18
50030,16-64,2022,98
50030,65-100,2022,86
50031,0-16,2003,18
50031,16-64,2003,122
50031,65-100,2003,88
50031,0-16,2004,15
50031,16-64,2004,119
50031,65-100,2004,86
50031,0-16,2005,15
50031,16-64,2005,121
50031,65-100,2005,84
50031,0-16,2006,16
50031,16-64,2006,124
50031,65-100,2006,88
50031,0-16,2007,15
50031,16-64,2007,127
50031,65-100,2007,88
50031,0-16,2008,18
50031,16-64,2008,127
50031,65-100,2008,87
50031,0-16,2009,15
50031,16-64,2009,123
50031,65-100,2009,85
50031,0-16,2010,14
50031,16-64,2010,123
50031,65-100,2010,77
50031,0-16,2011,12
50031,16-64,2011,126
50031,65-100,2011,70
50031,0-16,2012,11
50031,16-64,2012,118
50031,65-100,2012,69
50031,0-16,2013,7
50031,16-64,2013,112
50031,65-100,2013,66
50031,0-16,2014,9
50031,16-64,2014,114
50031,65-100,2014,63
50031,0-16,2015,9
50031,16-64,2015,118
50031,65-100,2015,60
50031,0-16,2016,11
50031,16-64,2016,117
50031,65-100,2016,58
50031,0-16,2017,11
50031,16-64,2017,107
50031,65-100,2017,56
50031,0-16,2018,5
50031,16-64,2018,98
50031,65-100,2018,57
50031,0-16,2019,4
50031,16-64,2019,91
50031,65-100,2019,57
50031,0-16,2020,4
50031,16-64,2020,87
50031,65-100,2020,54
50031,0-16,2021,4
50031,16-64,2021,85
50031,65-100,2021,51
50031,0-16,2022,3
50031,16-64,2022,79
50031,65-100,2022,50
50032,0-16,2003,31
50032,16-64,2003,206
50032,65-100,2003,222
50032,0-16,2004,39
50032,16-64,2004,214
50032,65-100,2004,219
50032,0-16,2005,31
50032,16-64,2005,201
50032,65-100,2005,214
50032,0-16,2006,32
50032,16-64,2006,182
50032,65-100,2006,216
50032,0-16,2007,29
50032,16-64,2007,185
50032,65-100,2007,214
50032,0-16,2008,29
50032,16-64,2008,178
50032,65-100,2008,211
50032,0-16,2009,24
50032,16-64,2009,178
50032,65-100,2009,205
50032,0-16,2010,25
50032,16-64,2010,177
50032,65-100,2010,204
50032,0-16,2011,32
50032,16-64,2011,182
50032,65-100,2011,198
50032,0-16,2012,30
50032,16-64,2012,174
50032,65-100,2012,181
50032,0-16,2013,24
50032,16-64,2013,166
50032,65-100,2013,177
50032,0-16,2014,30
50032,16-64,2014,174
50032,65-100,2014,165
50032,0-16,2015,22
50032,16-64,2015,164
50032,65-100,2015,154
50032,0-16,2016,21
50032,16-64,2016,148
50032,65-100,2016,148
50032,0-16,2017,22
50032,16-64,2017,149
50032,65-100,2017,137
50032,0-16,2018,17
50032,16-64,2018,161
50032,65-100,2018,131
50032,0-16,2019,19
50032,16-64,2019,160
50032,65-100,2019,123
50032,0-16,2020,14
50032,16-64,2020,145
50032,65-100,2020,119
50032,0-16,2021,18
50032,16-64,2021,144
50032,65-100,2021,112
50032,0-16,2022,23
50032,16-64,2022,155
50032,65-100,2022,109
50033,0-16,2003,5
50033,16-64,2003,50
50033,65-100,2003,25
50033,0-16,2004,6
50033,16-64,2004,53
50033,65-100,2004,23
50033,0-16,2005,3
50033,16-64,2005,56
50033,65-100,2005,23
50033,0-16,2006,4
50033,16-64,2006,61
50033,65-100,2006,21
50033,0-16,2007,4
50033,16-64,2007,67
50033,65-100,2007,20
50033,0-16,2008,2
50033,16-64,2008,63
50033,65-100,2008,19
50033,0-16,2009,2
50033,16-64,2009,55
50033,65-100,2009,23
50033,0-16,2010,2
50033,16-64,2010,54
50033,65-100,2010,24
50033,0-16,2011,3
50033,16-64,2011,56
50033,65-100,2011,26
50033,0-16,2012,3
50033,16-64,2012,53
50033,65-100,2012,27
50033,0-16,2013,1
50033,16-64,2013,48
50033,65-100,2013,32
50033,0-16,2014,1
50033,16-64,2014,41
50033,65-100,2014,28
50033,0-16,2015,1
50033,16-64,2015,41
50033,65-100,2015,32
50033,0-16,2016,3
50033,16-64,2016,35
50033,65-100,2016,34
50033,0-16,2017,3
50033,16-64,2017,33
50033,65-100,2017,36
50033,0-16,2018,1
50033,16-64,2018,31
50033,65-100,2018,40
50033,0-16,2019,1
50033,16-64,2019,32
50033,65-100,2019,37
50033,0-16,2020,1
50033,16-64,2020,38
50033,65-100,2020,35
50033,0-16,2021,0
50033,16-64,2021,41
50033,65-100,2021,35
50033,0-16,2022,0
50033,16-64,2022,41
50033,65-100,2022,33
50034,0-16,2003,139
50034,16-64,2003,762
50034,65-100,2003,436
50034,0-16,2004,145
50034,16-64,2004,754
50034,65-100,2004,413
50034,0-16,2005,135
50034,16-64,2005,739
50034,65-100,2005,402
50034,0-16,2006,128
50034,16-64,2006,692
50034,65-100,2006,401
50034,0-16,2007,140
50034,16-64,2007,692
50034,65-100,2007,410
50034,0-16,2008,171
50034,16-64,2008,704
50034,65-100,2008,414
50034,0-16,2009,163
50034,16-64,2009,697
50034,65-100,2009,407
50034,0-16,2010,175
50034,16-64,2010,704
50034,65-100,2010,400
50034,0-16,2011,193
50034,16-64,2011,691
50034,65-100,2011,402
50034,0-16,2012,173
50034,16-64,2012,662
50034,65-100,2012,392
50034,0-16,2013,174
50034,16-64,2013,659
50034,65-100,2013,374
50034,0-16,2014,172
50034,16-64,2014,640
50034,65-100,2014,373
50034,0-16,2015,185
50034,16-64,2015,636
50034,65-100,2015,375
50034,0-16,2016,175
50034,16-64,2016,600
50034,65-100,2016,364
50034,0-16,2017,176
50034,16-64,2017,607
50034,65-100,2017,350
50034,0-16,2018,180
50034,16-64,2018,621
50034,65-100,2018,338
50034,0-16,2019,169
50034,16-64,2019,610
50034,65-100,2019,336
50034,0-16,2020,162
50034,16-64,2020,617
50034,65-100,2020,321
50034,0-16,2021,158
50034,16-64,2021,600
50034,65-100,2021,310
50034,0-16,2022,141
50034,16-64,2022,595
50034,65-100,2022,309
50035,0-16,2003,11
50035,16-64,2003,63
50035,65-100,2003,30
50035,0-16,2004,11
50035,16-64,2004,68
50035,65-100,2004,28
50035,0-16,2005,11
50035,16-64,2005,68
50035,65-100,2005,29
50035,0-16,2006,11
50035,16-64,2006,66
50035,65-100,2006,29
50035,0-16,2007,11
50035,16-64,2007,63
50035,65-100,2007,28
50035,0-16,2008,8
50035,16-64,2008,67
50035,65-100,2008,27
50035,0-16,2009,8
50035,16-64,2009,66
50035,65-100,2009,26
50035,0-16,2010,9
50035,16-64,2010,58
50035,65-100,2010,27
50035,0-16,2011,9
50035,16-64,2011,57
50035,65-100,2011,26
50035,0-16,2012,10
50035,16-64,2012,53
50035,65-100,2012,27
50035,0-16,2013,9
50035,16-64,2013,53
50035,65-100,2013,28
50035,0-16,2014,9
50035,16-64,2014,53
50035,65-100,2014,24
50035,0-16,2015,7
50035,16-64,2015,47
50035,65-100,2015,27
50035,0-16,2016,7
50035,16-64,2016,46
50035,65-100,2016,26
50035,0-16,2017,6
50035,16-64,2017,42
50035,65-100,2017,27
50035,0-16,2018,5
50035,16-64,2018,45
50035,65-100,2018,23
50035,0-16,2019,4
50035,16-64,2019,53
50035,65-100,2019,23
50035,0-16,2020,3
50035,16-64,2020,53
50035,65-100,2020,24
50035,0-16,2021,4
50035,16-64,2021,49
50035,65-100,2021,25
50035,0-16,2022,6
50035,16-64,2022,49
50035,65-100,2022,27
50036,0-16,2003,14
50036,16-64,2003,57
50036,65-100,2003,39
50036,0-16,2004,13
50036,16-64,2004,56
50036,65-100,2004,37
50036,0-16,2005,11
50036,16-64,2005,65
50036,65-100,2005,37
50036,0-16,2006,10
50036,16-64,2006,68
50036,65-100,2006,35
50036,0-16,2007,8
50036,16-64,2007,71
50036,65-100,2007,32
50036,0-16,2008,4
50036,16-64,2008,73
50036,65-100,2008,30
50036,0-16,2009,4
50036,16-64,2009,71
50036,65-100,2009,33
50036,0-16,2010,1
50036,16-64,2010,73
50036,65-100,2010,30
50036,0-16,2011,2
50036,16-64,2011,74
50036,65-100,2011,34
50036,0-16,2012,2
50036,16-64,2012,72
50036,65-100,2012,41
50036,0-16,2013,0
50036,16-64,2013,66
50036,65-100,2013,37
50036,0-16,2014,0
50036,16-64,2014,63
50036,65-100,2014,42
50036,0-16,2015,0
50036,16-64,2015,64
50036,65-100,2015,40
50036,0-16,2016,1
50036,16-64,2016,61
50036,65-100,2016,44
50036,0-16,2017,1
50036,16-64,2017,61
50036,65-100,2017,40
50036,0-16,2018,1
50036,16-64,2018,55
50036,65-100,2018,40
50036,0-16,2019,5
50036,16-64,2019,59
50036,65-100,2019,46
50036,0-16,2020,3
50036,16-64,2020,52
50036,65-100,2020,43
50036,0-16,2021,3
50036,16-64,2021,48
50036,65-100,2021,46
50036,0-16,2022,5
50036,16-64,2022,48
50036,65-100,2022,51
50037,0-16,2003,7
50037,16-64,2003,87
50037,65-100,2003,97
50037,0-16,2004,7
50037,16-64,2004,80
50037,65-100,2004,93
50037,0-16,2005,6
50037,16-64,2005,74
50037,65-100,2005,92
50037,0-16,2006,6
50037,16-64,2006,68
50037,65-100,2006,90
50037,0-16,2007,5
50037,16-64,2007,63
50037,65-100,2007,89
50037,0-16,2008,4
50037,16-64,2008,63
50037,65-100,2008,81
50037,0-16,2009,4
50037,16-64,2009,60
50037,65-100,2009,66
50037,0-16,2010,3
50037,16-64,2010,56
50037,65-100,2010,66
50037,0-16,2011,4
50037,16-64,2011,57
50037,65-100,2011,67
50037,0-16,2012,8
50037,16-64,2012,69
50037,65-100,2012,75
50037,0-16,2013,13
50037,16-64,2013,82
50037,65-100,2013,72
50037,0-16,2014,9
50037,16-64,2014,76
50037,65-100,2014,70
50037,0-16,2015,1
50037,16-64,2015,52
50037,65-100,2015,59
50037,0-16,2016,3
50037,16-64,2016,63
50037,65-100,2016,65
50037,0-16,2017,10
50037,16-64,2017,74
50037,65-100,2017,61
50037,0-16,2018,12
50037,16-64,2018,80
50037,65-100,2018,64
50037,0-16,2019,11
50037,16-64,2019,80
50037,65-100,2019,60
50037,0-16,2020,8
50037,16-64,2020,82
50037,65-100,2020,57
50037,0-16,2021,8
50037,16-64,2021,86
50037,65-100,2021,55
50037,0-16,2022,7
50037,16-64,2022,81
50037,65-100,2022,53
50038,0-16,2003,261
50038,16-64,2003,1315
50038,65-100,2003,453
50038,0-16,2004,259
50038,16-64,2004,1336
50038,65-100,2004,449
50038,0-16,2005,262
50038,16-64,2005,1349
50038,65-100,2005,448
50038,0-16,2006,257
50038,16-64,2006,1333
50038,65-100,2006,455
50038,0-16,2007,273
50038,16-64,2007,1338
50038,65-100,2007,457
50038,0-16,2008,276
50038,16-64,2008,1354
50038,65-100,2008,459
50038,0-16,2009,276
50038,16-64,2009,1369
50038,65-100,2009,468
50038,0-16,2010,286
50038,16-64,2010,1383
50038,65-100,2010,482
50038,0-16,2011,263
50038,16-64,2011,1416
50038,65-100,2011,481
50038,0-16,2012,246
50038,16-64,2012,1376
50038,65-100,2012,477
50038,0-16,2013,233
50038,16-64,2013,1344
50038,65-100,2013,484
50038,0-16,2014,221
50038,16-64,2014,1301
50038,65-100,2014,497
50038,0-16,2015,193
50038,16-64,2015,1276
50038,65-100,2015,499
50038,0-16,2016,172
50038,16-64,2016,1192
50038,65-100,2016,492
50038,0-16,2017,168
50038,16-64,2017,1169
50038,65-100,2017,488
50038,0-16,2018,165
50038,16-64,2018,1143
50038,65-100,2018,485
50038,0-16,2019,172
50038,16-64,2019,1098
50038,65-100,2019,492
50038,0-16,2020,171
50038,16-64,2020,1086
50038,65-100,2020,505
50038,0-16,2021,158
50038,16-64,2021,1063
50038,65-100,2021,508
50038,0-16,2022,155
50038,16-64,2022,1034
50038,65-100,2022,501
50039,0-16,2003,54
50039,16-64,2003,350
50039,65-100,2003,248
50039,0-16,2004,60
50039,16-64,2004,352
50039,65-100,2004,253
50039,0-16,2005,54
50039,16-64,2005,339
50039,65-100,2005,250
50039,0-16,2006,58
50039,16-64,2006,356
50039,65-100,2006,243
50039,0-16,2007,66
50039,16-64,2007,365
50039,65-100,2007,243
50039,0-16,2008,70
50039,16-64,2008,384
50039,65-100,2008,249
50039,0-16,2009,84
50039,16-64,2009,388
50039,65-100,2009,238
50039,0-16,2010,76
50039,16-64,2010,401
50039,65-100,2010,224
50039,0-16,2011,72
50039,16-64,2011,408
50039,65-100,2011,222
50039,0-16,2012,60
50039,16-64,2012,410
50039,65-100,2012,210
50039,0-16,2013,58
50039,16-64,2013,376
50039,65-100,2013,209
50039,0-16,2014,57
50039,16-64,2014,368
50039,65-100,2014,205
50039,0-16,2015,53
50039,16-64,2015,352
50039,65-100,2015,201
50039,0-16,2016,48
50039,16-64,2016,337
50039,65-100,2016,191
50039,0-16,2017,41
50039,16-64,2017,326
50039,65-100,2017,184
50039,0-16,2018,39
50039,16-64,2018,320
50039,65-100,2018,184
50039,0-16,2019,36
50039,16-64,2019,333
50039,65-100,2019,171
50039,0-16,2020,29
50039,16-64,2020,342
50039,65-100,2020,158
50039,0-16,2021,41
50039,16-64,2021,345
50039,65-100,2021,158
50039,0-16,2022,40
50039,16-64,2022,341
50039,65-100,2022,158
50040,0-16,2003,5
50040,16-64,2003,51
50040,65-100,2003,54
50040,0-16,2004,4
50040,16-64,2004,49
50040,65-100,2004,54
50040,0-16,2005,4
50040,16-64,2005,46
50040,65-100,2005,51
50040,0-16,2006,5
50040,16-64,2006,52
50040,65-100,2006,55
50040,0-16,2007,5
50040,16-64,2007,51
50040,65-100,2007,51
50040,0-16,2008,5
50040,16-64,2008,51
50040,65-100,2008,50
50040,0-16,2009,5
50040,16-64,2009,51
50040,65-100,2009,44
50040,0-16,2010,4
50040,16-64,2010,49
50040,65-100,2010,42
50040,0-16,2011,5
50040,16-64,2011,55
50040,65-100,2011,40
50040,0-16,2012,5
50040,16-64,2012,54
50040,65-100,2012,41
50040,0-16,2013,6
50040,16-64,2013,53
50040,65-100,2013,43
50040,0-16,2014,7
50040,16-64,2014,48
50040,65-100,2014,42
50040,0-16,2015,4
50040,16-64,2015,48
50040,65-100,2015,43
50040,0-16,2016,2
50040,16-64,2016,45
50040,65-100,2016,41
50040,0-16,2017,4
50040,16-64,2017,45
50040,65-100,2017,38
50040,0-16,2018,4
50040,16-64,2018,43
50040,65-100,2018,36
50040,0-16,2019,4
50040,16-64,2019,44
50040,65-100,2019,37
50040,0-16,2020,4
50040,16-64,2020,41
50040,65-100,2020,33
50040,0-16,2021,3
50040,16-64,2021,36
50040,65-100,2021,31
50040,0-16,2022,3
50040,16-64,2022,41
50040,65-100,2022,30
50041,0-16,2003,0
50041,16-64,2003,22
50041,65-100,2003,23
50041,0-16,2004,0
50041,16-64,2004,23
50041,65-100,2004,20
50041,0-16,2005,0
50041,16-64,2005,16
50041,65-100,2005,21
50041,0-16,2006,1
50041,16-64,2006,14
50041,65-100,2006,19
50041,0-16,2007,1
50041,16-64,2007,13
50041,65-100,2007,19
50041,0-16,2008,1
50041,16-64,2008,11
50041,65-100,2008,20
50041,0-16,2009,0
50041,16-64,2009,10
50041,65-100,2009,18
50041,0-16,2010,0
50041,16-64,2010,7
50041,65-100,2010,16
50041,0-16,2011,0
50041,16-64,2011,5
50041,65-100,2011,16
50041,0-16,2012,0
50041,16-64,2012,7
50041,65-100,2012,13
50041,0-16,2013,0
50041,16-64,2013,8
50041,65-100,2013,12
50041,0-16,2014,0
50041,16-64,2014,5
50041,65-100,2014,10
50041,0-16,2015,0
50041,16-64,2015,6
50041,65-100,2015,7
50041,0-16,2016,0
50041,16-64,2016,5
50041,65-100,2016,7
50041,0-16,2017,0
50041,16-64,2017,5
50041,65-100,2017,6
50041,0-16,2018,0
50041,16-64,2018,7
50041,65-100,2018,5
50041,0-16,2019,0
50041,16-64,2019,11
50041,65-100,2019,6
50041,0-16,2020,0
50041,16-64,2020,10
50041,65-100,2020,6
50041,0-16,2021,1
50041,16-64,2021,10
50041,65-100,2021,5
50041,0-16,2022,1
50041,16-64,2022,9
50041,65-100,2022,5
50042,0-16,2003,0
50042,16-64,2003,4
50042,65-100,2003,19
50042,0-16,2004,0
50042,16-64,2004,4
50042,65-100,2004,14
50042,0-16,2005,0
50042,16-64,2005,4
50042,65-100,2005,10
50042,0-16,2006,0
50042,16-64,2006,4
50042,65-100,2006,9
50042,0-16,2007,0
50042,16-64,2007,3
50042,65-100,2007,10
50042,0-16,2008,0
50042,16-64,2008,4
50042,65-100,2008,9
50042,0-16,2009,0
50042,16-64,2009,4
50042,65-100,2009,7
50042,0-16,2010,1
50042,16-64,2010,4
50042,65-100,2010,7
50042,0-16,2011,1
50042,16-64,2011,7
50042,65-100,2011,7
50042,0-16,2012,0
50042,16-64,2012,7
50042,65-100,2012,7
50042,0-16,2013,0
50042,16-64,2013,7
50042,65-100,2013,7
50042,0-16,2014,0
50042,16-64,2014,6
50042,65-100,2014,6
50042,0-16,2015,0
50042,16-64,2015,7
50042,65-100,2015,6
50042,0-16,2016,0
50042,16-64,2016,7
50042,65-100,2016,7
50042,0-16,2017,0
50042,16-64,2017,8
50042,65-100,2017,8
50042,0-16,2018,0
50042,16-64,2018,10
50042,65-100,2018,7
50042,0-16,2019,0
50042,16-64,2019,8
50042,65-100,2019,8
50042,0-16,2020,0
50042,16-64,2020,11
50042,65-100,2020,9
50042,0-16,2021,0
50042,16-64,2021,11
50042,65-100,2021,8
50042,0-16,2022,0
50042,16-64,2022,9
50042,65-100,2022,9
50043,0-16,2003,37
50043,16-64,2003,216
50043,65-100,2003,74
50043,0-16,2004,35
50043,16-64,2004,207
50043,65-100,2004,76
50043,0-16,2005,35
50043,16-64,2005,198
50043,65-100,2005,77
50043,0-16,2006,44
50043,16-64,2006,215
50043,65-100,2006,72
50043,0-16,2007,37
50043,16-64,2007,214
50043,65-100,2007,73
50043,0-16,2008,51
50043,16-64,2008,222
50043,65-100,2008,73
50043,0-16,2009,49
50043,16-64,2009,227
50043,65-100,2009,76
50043,0-16,2010,41
50043,16-64,2010,221
50043,65-100,2010,71
50043,0-16,2011,37
50043,16-64,2011,215
50043,65-100,2011,74
50043,0-16,2012,35
50043,16-64,2012,220
50043,65-100,2012,72
50043,0-16,2013,42
50043,16-64,2013,201
50043,65-100,2013,73
50043,0-16,2014,41
50043,16-64,2014,200
50043,65-100,2014,76
50043,0-16,2015,50
50043,16-64,2015,212
50043,65-100,2015,78
50043,0-16,2016,43
50043,16-64,2016,202
50043,65-100,2016,81
50043,0-16,2017,37
50043,16-64,2017,197
50043,65-100,2017,78
50043,0-16,2018,34
50043,16-64,2018,190
50043,65-100,2018,76
50043,0-16,2019,29
50043,16-64,2019,186
50043,65-100,2019,78
50043,0-16,2020,25
50043,16-64,2020,181
50043,65-100,2020,76
50043,0-16,2021,27
50043,16-64,2021,193
50043,65-100,2021,77
50043,0-16,2022,28
50043,16-64,2022,192
50043,65-100,2022,77
50044,0-16,2003,23
50044,16-64,2003,167
50044,65-100,2003,88
50044,0-16,2004,24
50044,16-64,2004,168
50044,65-100,2004,82
50044,0-16,2005,24
50044,16-64,2005,173
50044,65-100,2005,84
50044,0-16,2006,22
50044,16-64,2006,159
50044,65-100,2006,86
50044,0-16,2007,25
50044,16-64,2007,173
50044,65-100,2007,84
50044,0-16,2008,25
50044,16-64,2008,201
50044,65-100,2008,88
50044,0-16,2009,22
50044,16-64,2009,205
50044,65-100,2009,89
50044,0-16,2010,28
50044,16-64,2010,211
50044,65-100,2010,88
50044,0-16,2011,31
50044,16-64,2011,208
50044,65-100,2011,89
50044,0-16,2012,30
50044,16-64,2012,205
50044,65-100,2012,90
50044,0-16,2013,26
50044,16-64,2013,200
50044,65-100,2013,85
50044,0-16,2014,24
50044,16-64,2014,188
50044,65-100,2014,85
50044,0-16,2015,23
50044,16-64,2015,172
50044,65-100,2015,87
50044,0-16,2016,23
50044,16-64,2016,163
50044,65-100,2016,86
50044,0-16,2017,20
50044,16-64,2017,154
50044,65-100,2017,84
50044,0-16,2018,18
50044,16-64,2018,164
50044,65-100,2018,79
50044,0-16,2019,16
50044,16-64,2019,161
50044,65-100,2019,77
50044,0-16,2020,15
50044,16-64,2020,154
50044,65-100,2020,85
50044,0-16,2021,16
50044,16-64,2021,151
50044,65-100,2021,87
50044,0-16,2022,19
50044,16-64,2022,143
50044,65-100,2022,87
50045,0-16,2003,186
50045,16-64,2003,922
50045,65-100,2003,462
50045,0-16,2004,185
50045,16-64,2004,926
50045,65-100,2004,461
50045,0-16,2005,196
50045,16-64,2005,974
50045,65-100,2005,451
50045,0-16,2006,205
50045,16-64,2006,983
50045,65-100,2006,445
50045,0-16,2007,219
50045,16-64,2007,976
50045,65-100,2007,452
50045,0-16,2008,233
50045,16-64,2008,1010
50045,65-100,2008,449
50045,0-16,2009,234
50045,16-64,2009,986
50045,65-100,2009,451
50045,0-16,2010,236
50045,16-64,2010,973
50045,65-100,2010,456
50045,0-16,2011,241
50045,16-64,2011,976
50045,65-100,2011,466
50045,0-16,2012,236
50045,16-64,2012,962
50045,65-100,2012,457
50045,0-16,2013,227
50045,16-64,2013,949
50045,65-100,2013,457
50045,0-16,2014,209
50045,16-64,2014,921
50045,65-100,2014,459
50045,0-16,2015,196
50045,16-64,2015,903
50045,65-100,2015,463
50045,0-16,2016,192
50045,16-64,2016,910
50045,65-100,2016,457
50045,0-16,2017,185
50045,16-64,2017,883
50045,65-100,2017,458
50045,0-16,2018,188
50045,16-64,2018,883
50045,65-100,2018,457
50045,0-16,2019,177
50045,16-64,2019,884
50045,65-100,2019,444
50045,0-16,2020,171
50045,16-64,2020,905
50045,65-100,2020,450
50045,0-16,2021,157
50045,16-64,2021,927
50045,65-100,2021,456
50045,0-16,2022,154
50045,16-64,2022,916
50045,65-100,2022,463
50046,0-16,2003,7
50046,16-64,2003,130
50046,65-100,2003,125
50046,0-16,2004,7
50046,16-64,2004,122
50046,65-100,2004,119
50046,0-16,2005,8
50046,16-64,2005,120
50046,65-100,2005,113
50046,0-16,2006,7
50046,16-64,2006,110
50046,65-100,2006,114
50046,0-16,2007,7
50046,16-64,2007,104
50046,65-100,2007,110
50046,0-16,2008,8
50046,16-64,2008,102
50046,65-100,2008,106
50046,0-16,2009,9
50046,16-64,2009,100
50046,65-100,2009,106
50046,0-16,2010,17
50046,16-64,2010,112
50046,65-100,2010,107
50046,0-16,2011,18
50046,16-64,2011,110
50046,65-100,2011,108
50046,0-16,2012,20
50046,16-64,2012,116
50046,65-100,2012,102
50046,0-16,2013,21
50046,16-64,2013,116
50046,65-100,2013,96
50046,0-16,2014,20
50046,16-64,2014,107
50046,65-100,2014,94
50046,0-16,2015,18
50046,16-64,2015,100
50046,65-100,2015,93
50046,0-16,2016,13
50046,16-64,2016,103
50046,65-100,2016,95
50046,0-16,2017,13
50046,16-64,2017,95
50046,65-100,2017,98
50046,0-16,2018,12
50046,16-64,2018,94
50046,65-100,2018,92
50046,0-16,2019,10
50046,16-64,2019,100
50046,65-100,2019,87
50046,0-16,2020,11
50046,16-64,2020,98
50046,65-100,2020,85
50046,0-16,2021,10
50046,16-64,2021,104
50046,65-100,2021,80
50046,0-16,2022,9
50046,16-64,2022,96
50046,65-100,2022,78
50047,0-16,2003,1
50047,16-64,2003,55
50047,65-100,2003,9
50047,0-16,2004,2
50047,16-64,2004,52
50047,65-100,2004,12
50047,0-16,2005,3
50047,16-64,2005,58
50047,65-100,2005,18
50047,0-16,2006,2
50047,16-64,2006,53
50047,65-100,2006,19
50047,0-16,2007,2
50047,16-64,2007,50
50047,65-100,2007,18
50047,0-16,2008,2
50047,16-64,2008,43
50047,65-100,2008,18
50047,0-16,2009,4
50047,16-64,2009,39
50047,65-100,2009,21
50047,0-16,2010,5
50047,16-64,2010,38
50047,65-100,2010,21
50047,0-16,2011,5
50047,16-64,2011,44
50047,65-100,2011,22
50047,0-16,2012,4
50047,16-64,2012,44
50047,65-100,2012,15
50047,0-16,2013,4
50047,16-64,2013,39
50047,65-100,2013,18
50047,0-16,2014,4
50047,16-64,2014,32
50047,65-100,2014,19
50047,0-16,2015,4
50047,16-64,2015,32
50047,65-100,2015,17
50047,0-16,2016,4
50047,16-64,2016,30
50047,65-100,2016,18
50047,0-16,2017,4
50047,16-64,2017,29
50047,65-100,2017,18
50047,0-16,2018,4
50047,16-64,2018,25
50047,65-100,2018,18
50047,0-16,2019,4
50047,16-64,2019,24
50047,65-100,2019,19
50047,0-16,2020,2
50047,16-64,2020,22
50047,65-100,2020,16
50047,0-16,2021,2
50047,16-64,2021,21
50047,65-100,2021,17
50047,0-16,2022,2
50047,16-64,2022,20
50047,65-100,2022,20
50048,0-16,2003,3
50048,16-64,2003,21
50048,65-100,2003,21
50048,0-16,2004,3
50048,16-64,2004,20
50048,65-100,2004,20
50048,0-16,2005,3
50048,16-64,2005,18
50048,65-100,2005,17
50048,0-16,2006,3
50048,16-64,2006,24
50048,65-100,2006,19
50048,0-16,2007,3
50048,16-64,2007,24
50048,65-100,2007,20
50048,0-16,2008,3
50048,16-64,2008,24
50048,65-100,2008,18
50048,0-16,2009,2
50048,16-64,2009,21
50048,65-100,2009,17
50048,0-16,2010,2
50048,16-64,2010,24
50048,65-100,2010,17
50048,0-16,2011,2
50048,16-64,2011,26
50048,65-100,2011,17
50048,0-16,2012,1
50048,16-64,2012,26
50048,65-100,2012,15
50048,0-16,2013,1
50048,16-64,2013,26
50048,65-100,2013,14
50048,0-16,2014,1
50048,16-64,2014,23
50048,65-100,2014,14
50048,0-16,2015,2
50048,16-64,2015,20
50048,65-100,2015,15
50048,0-16,2016,2
50048,16-64,2016,19
50048,65-100,2016,14
50048,0-16,2017,0
50048,16-64,2017,18
50048,65-100,2017,15
50048,0-16,2018,0
50048,16-64,2018,19
50048,65-100,2018,14
50048,0-16,2019,1
50048,16-64,2019,21
50048,65-100,2019,12
50048,0-16,2020,1
50048,16-64,2020,21
50048,65-100,2020,10
50048,0-16,2021,1
50048,16-64,2021,21
50048,65-100,2021,13
50048,0-16,2022,0
50048,16-64,2022,18
50048,65-100,2022,14
50050,0-16,2003,6
50050,16-64,2003,58
50050,65-100,2003,59
50050,0-16,2004,6
50050,16-64,2004,52
50050,65-100,2004,51
50050,0-16,2005,4
50050,16-64,2005,61
50050,65-100,2005,52
50050,0-16,2006,4
50050,16-64,2006,74
50050,65-100,2006,54
50050,0-16,2007,5
50050,16-64,2007,79
50050,65-100,2007,52
50050,0-16,2008,5
50050,16-64,2008,70
50050,65-100,2008,48
50050,0-16,2009,5
50050,16-64,2009,66
50050,65-100,2009,43
50050,0-16,2010,3
50050,16-64,2010,68
50050,65-100,2010,42
50050,0-16,2011,2
50050,16-64,2011,76
50050,65-100,2011,37
50050,0-16,2012,2
50050,16-64,2012,77
50050,65-100,2012,35
50050,0-16,2013,1
50050,16-64,2013,76
50050,65-100,2013,31
50050,0-16,2014,0
50050,16-64,2014,75
50050,65-100,2014,30
50050,0-16,2015,1
50050,16-64,2015,72
50050,65-100,2015,27
50050,0-16,2016,2
50050,16-64,2016,71
50050,65-100,2016,26
50050,0-16,2017,2
50050,16-64,2017,68
50050,65-100,2017,29
50050,0-16,2018,2
50050,16-64,2018,67
50050,65-100,2018,29
50050,0-16,2019,2
50050,16-64,2019,70
50050,65-100,2019,22
50050,0-16,2020,2
50050,16-64,2020,69
50050,65-100,2020,23
50050,0-16,2021,2
50050,16-64,2021,69
50050,65-100,2021,19
50050,0-16,2022,2
50050,16-64,2022,68
50050,65-100,2022,19
50051,0-16,2003,125
50051,16-64,2003,714
50051,65-100,2003,340
50051,0-16,2004,126
50051,16-64,2004,699
50051,65-100,2004,344
50051,0-16,2005,123
50051,16-64,2005,678
50051,65-100,2005,342
50051,0-16,2006,124
50051,16-64,2006,671
50051,65-100,2006,344
50051,0-16,2007,131
50051,16-64,2007,660
50051,65-100,2007,344
50051,0-16,2008,137
50051,16-64,2008,655
50051,65-100,2008,346
50051,0-16,2009,140
50051,16-64,2009,645
50051,65-100,2009,346
50051,0-16,2010,141
50051,16-64,2010,629
50051,65-100,2010,345
50051,0-16,2011,144
50051,16-64,2011,607
50051,65-100,2011,344
50051,0-16,2012,142
50051,16-64,2012,594
50051,65-100,2012,337
50051,0-16,2013,136
50051,16-64,2013,572
50051,65-100,2013,328
50051,0-16,2014,124
50051,16-64,2014,576
50051,65-100,2014,322
50051,0-16,2015,117
50051,16-64,2015,569
50051,65-100,2015,316
50051,0-16,2016,103
50051,16-64,2016,562
50051,65-100,2016,306
50051,0-16,2017,98
50051,16-64,2017,558
50051,65-100,2017,303
50051,0-16,2018,85
50051,16-64,2018,570
50051,65-100,2018,293
50051,0-16,2019,87
50051,16-64,2019,567
50051,65-100,2019,287
50051,0-16,2020,88
50051,16-64,2020,565
50051,65-100,2020,277
50051,0-16,2021,80
50051,16-64,2021,561
50051,65-100,2021,271
50051,0-16,2022,78
50051,16-64,2022,536
50051,65-100,2022,260
50052,0-16,2003,1
50052,16-64,2003,68
50052,65-100,2003,53
50052,0-16,2004,1
50052,16-64,2004,65
50052,65-100,2004,52
50052,0-16,2005,1
50052,16-64,2005,66
50052,65-100,2005,50
50052,0-16,2006,0
50052,16-64,2006,63
50052,65-100,2006,45
50052,0-16,2007,0
50052,16-64,2007,63
50052,65-100,2007,48
50052,0-16,2008,1
50052,16-64,2008,61
50052,65-100,2008,46
50052,0-16,2009,3
50052,16-64,2009,58
50052,65-100,2009,48
50052,0-16,2010,3
50052,16-64,2010,58
50052,65-100,2010,48
50052,0-16,2011,4
50052,16-64,2011,56
50052,65-100,2011,48
50052,0-16,2012,4
50052,16-64,2012,53
50052,65-100,2012,42
50052,0-16,2013,6
50052,16-64,2013,51
50052,65-100,2013,43
50052,0-16,2014,5
50052,16-64,2014,47
50052,65-100,2014,45
50052,0-16,2015,5
50052,16-64,2015,48
50052,65-100,2015,44
50052,0-16,2016,6
50052,16-64,2016,55
50052,65-100,2016,41
50052,0-16,2017,5
50052,16-64,2017,53
50052,65-100,2017,41
50052,0-16,2018,5
50052,16-64,2018,50
50052,65-100,2018,42
50052,0-16,2019,5
50052,16-64,2019,44
50052,65-100,2019,43
50052,0-16,2020,3
50052,16-64,2020,40
50052,65-100,2020,38
50052,0-16,2021,3
50052,16-64,2021,46
50052,65-100,2021,38
50052,0-16,2022,3
50052,16-64,2022,44
50052,65-100,2022,33
50053,0-16,2003,114
50053,16-64,2003,616
50053,65-100,2003,265
50053,0-16,2004,113
50053,16-64,2004,644
50053,65-100,2004,256
50053,0-16,2005,107
50053,16-64,2005,689
50053,65-100,2005,256
50053,0-16,2006,107
50053,16-64,2006,672
50053,65-100,2006,256
50053,0-16,2007,120
50053,16-64,2007,660
50053,65-100,2007,253
50053,0-16,2008,120
50053,16-64,2008,645
50053,65-100,2008,247
50053,0-16,2009,117
50053,16-64,2009,661
50053,65-100,2009,247
50053,0-16,2010,108
50053,16-64,2010,645
50053,65-100,2010,242
50053,0-16,2011,112
50053,16-64,2011,631
50053,65-100,2011,242
50053,0-16,2012,109
50053,16-64,2012,612
50053,65-100,2012,235
50053,0-16,2013,103
50053,16-64,2013,580
50053,65-100,2013,240
50053,0-16,2014,100
50053,16-64,2014,555
50053,65-100,2014,241
50053,0-16,2015,92
50053,16-64,2015,538
50053,65-100,2015,241
50053,0-16,2016,82
50053,16-64,2016,537
50053,65-100,2016,233
50053,0-16,2017,77
50053,16-64,2017,536
50053,65-100,2017,231
50053,0-16,2018,74
50053,16-64,2018,502
50053,65-100,2018,232
50053,0-16,2019,71
50053,16-64,2019,480
50053,65-100,2019,236
50053,0-16,2020,67
50053,16-64,2020,474
50053,65-100,2020,235
50053,0-16,2021,66
50053,16-64,2021,472
50053,65-100,2021,240
50053,0-16,2022,75
50053,16-64,2022,465
50053,65-100,2022,250
50054,0-16,2003,1
50054,16-64,2003,52
50054,65-100,2003,41
50054,0-16,2004,1
50054,16-64,2004,50
50054,65-100,2004,41
50054,0-16,2005,5
50054,16-64,2005,48
50054,65-100,2005,42
50054,0-16,2006,4
50054,16-64,2006,50
50054,65-100,2006,41
50054,0-16,2007,4
50054,16-64,2007,49
50054,65-100,2007,36
50054,0-16,2008,3
50054,16-64,2008,47
50054,65-100,2008,32
50054,0-16,2009,3
50054,16-64,2009,44
50054,65-100,2009,32
50054,0-16,2010,3
50054,16-64,2010,42
50054,65-100,2010,29
50054,0-16,2011,3
50054,16-64,2011,40
50054,65-100,2011,30
50054,0-16,2012,3
50054,16-64,2012,39
50054,65-100,2012,29
50054,0-16,2013,1
50054,16-64,2013,37
50054,65-100,2013,30
50054,0-16,2014,0
50054,16-64,2014,34
50054,65-100,2014,30
50054,0-16,2015,0
50054,16-64,2015,34
50054,65-100,2015,28
50054,0-16,2016,0
50054,16-64,2016,31
50054,65-100,2016,28
50054,0-16,2017,0
50054,16-64,2017,28
50054,65-100,2017,30
50054,0-16,2018,0
50054,16-64,2018,28
50054,65-100,2018,28
50054,0-16,2019,0
50054,16-64,2019,28
50054,65-100,2019,28
50054,0-16,2020,0
50054,16-64,2020,27
50054,65-100,2020,25
50054,0-16,2021,0
50054,16-64,2021,26
50054,65-100,2021,25
50054,0-16,2022,0
50054,16-64,2022,24
50054,65-100,2022,25
50055,0-16,2003,640
50055,16-64,2003,2701
50055,65-100,2003,972
50055,0-16,2004,641
50055,16-64,2004,2761
50055,65-100,2004,946
50055,0-16,2005,669
50055,16-64,2005,2842
50055,65-100,2005,933
50055,0-16,2006,685
50055,16-64,2006,2912
50055,65-100,2006,904
50055,0-16,2007,739
50055,16-64,2007,3021
50055,65-100,2007,893
50055,0-16,2008,781
50055,16-64,2008,3168
50055,65-100,2008,889
50055,0-16,2009,858
50055,16-64,2009,3279
50055,65-100,2009,893
50055,0-16,2010,878
50055,16-64,2010,3283
50055,65-100,2010,881
50055,0-16,2011,881
50055,16-64,2011,3242
50055,65-100,2011,897
50055,0-16,2012,902
50055,16-64,2012,3213
50055,65-100,2012,942
50055,0-16,2013,858
50055,16-64,2013,3106
50055,65-100,2013,951
50055,0-16,2014,867
50055,16-64,2014,3095
50055,65-100,2014,969
50055,0-16,2015,872
50055,16-64,2015,3049
50055,65-100,2015,1009
50055,0-16,2016,898
50055,16-64,2016,3054
50055,65-100,2016,1003
50055,0-16,2017,893
50055,16-64,2017,3040
50055,65-100,2017,1013
50055,0-16,2018,870
50055,16-64,2018,3063
50055,65-100,2018,989
50055,0-16,2019,847
50055,16-64,2019,3114
50055,65-100,2019,1008
50055,0-16,2020,841
50055,16-64,2020,3121
50055,65-100,2020,1016
50055,0-16,2021,848
50055,16-64,2021,3195
50055,65-100,2021,994
50055,0-16,2022,837
50055,16-64,2022,3204
50055,65-100,2022,1013
50056,0-16,2003,51
50056,16-64,2003,313
50056,65-100,2003,101
50056,0-16,2004,43
50056,16-64,2004,325
50056,65-100,2004,103
50056,0-16,2005,47
50056,16-64,2005,324
50056,65-100,2005,110
50056,0-16,2006,49
50056,16-64,2006,340
50056,65-100,2006,114
50056,0-16,2007,55
50056,16-64,2007,360
50056,65-100,2007,111
50056,0-16,2008,52
50056,16-64,2008,376
50056,65-100,2008,110
50056,0-16,2009,46
50056,16-64,2009,380
50056,65-100,2009,114
50056,0-16,2010,47
50056,16-64,2010,377
50056,65-100,2010,112
50056,0-16,2011,44
50056,16-64,2011,366
50056,65-100,2011,116
50056,0-16,2012,52
50056,16-64,2012,365
50056,65-100,2012,115
50056,0-16,2013,55
50056,16-64,2013,346
50056,65-100,2013,115
50056,0-16,2014,47
50056,16-64,2014,342
50056,65-100,2014,117
50056,0-16,2015,50
50056,16-64,2015,322
50056,65-100,2015,112
50056,0-16,2016,51
50056,16-64,2016,324
50056,65-100,2016,114
50056,0-16,2017,54
50056,16-64,2017,335
50056,65-100,2017,117
50056,0-16,2018,54
50056,16-64,2018,327
50056,65-100,2018,117
50056,0-16,2019,53
50056,16-64,2019,320
50056,65-100,2019,115
50056,0-16,2020,59
50056,16-64,2020,318
50056,65-100,2020,113
50056,0-16,2021,67
50056,16-64,2021,332
50056,65-100,2021,117
50056,0-16,2022,67
50056,16-64,2022,345
50056,65-100,2022,114
50057,0-16,2003,258
50057,16-64,2003,1330
50057,65-100,2003,411
50057,0-16,2004,261
50057,16-64,2004,1328
50057,65-100,2004,424
50057,0-16,2005,241
50057,16-64,2005,1308
50057,65-100,2005,424
50057,0-16,2006,223
50057,16-64,2006,1232
50057,65-100,2006,439
50057,0-16,2007,215
50057,16-64,2007,1216
50057,65-100,2007,441
50057,0-16,2008,256
50057,16-64,2008,1207
50057,65-100,2008,459
50057,0-16,2009,252
50057,16-64,2009,1190
50057,65-100,2009,455
50057,0-16,2010,250
50057,16-64,2010,1145
50057,65-100,2010,459
50057,0-16,2011,238
50057,16-64,2011,1129
50057,65-100,2011,449
50057,0-16,2012,240
50057,16-64,2012,1115
50057,65-100,2012,440
50057,0-16,2013,230
50057,16-64,2013,1094
50057,65-100,2013,430
50057,0-16,2014,225
50057,16-64,2014,1095
50057,65-100,2014,414
50057,0-16,2015,217
50057,16-64,2015,1091
50057,65-100,2015,411
50057,0-16,2016,221
50057,16-64,2016,1058
50057,65-100,2016,415
50057,0-16,2017,217
50057,16-64,2017,1048
50057,65-100,2017,417
50057,0-16,2018,207
50057,16-64,2018,1037
50057,65-100,2018,421
50057,0-16,2019,199
50057,16-64,2019,988
50057,65-100,2019,422
50057,0-16,2020,183
50057,16-64,2020,973
50057,65-100,2020,433
50057,0-16,2021,171
50057,16-64,2021,955
50057,65-100,2021,433
50057,0-16,2022,164
50057,16-64,2022,932
50057,65-100,2022,451
50058,0-16,2003,0
50058,16-64,2003,57
50058,65-100,2003,36
50058,0-16,2004,0
50058,16-64,2004,55
50058,65-100,2004,37
50058,0-16,2005,0
50058,16-64,2005,55
50058,65-100,2005,34
50058,0-16,2006,0
50058,16-64,2006,54
50058,65-100,2006,34
50058,0-16,2007,0
50058,16-64,2007,58
50058,65-100,2007,32
50058,0-16,2008,0
50058,16-64,2008,57
50058,65-100,2008,30
50058,0-16,2009,0
50058,16-64,2009,54
50058,65-100,2009,28
50058,0-16,2010,0
50058,16-64,2010,56
50058,65-100,2010,27
50058,0-16,2011,1
50058,16-64,2011,52
50058,65-100,2011,29
50058,0-16,2012,1
50058,16-64,2012,52
50058,65-100,2012,31
50058,0-16,2013,1
50058,16-64,2013,46
50058,65-100,2013,31
50058,0-16,2014,1
50058,16-64,2014,46
50058,65-100,2014,29
50058,0-16,2015,1
50058,16-64,2015,45
50058,65-100,2015,30
50058,0-16,2016,1
50058,16-64,2016,42
50058,65-100,2016,26
50058,0-16,2017,1
50058,16-64,2017,42
50058,65-100,2017,23
50058,0-16,2018,2
50058,16-64,2018,39
50058,65-100,2018,22
50058,0-16,2019,1
50058,16-64,2019,41
50058,65-100,2019,24
50058,0-16,2020,1
50058,16-64,2020,40
50058,65-100,2020,24
50058,0-16,2021,1
50058,16-64,2021,40
50058,65-100,2021,23
50058,0-16,2022,0
50058,16-64,2022,39
50058,65-100,2022,21
50059,0-16,2003,131
50059,16-64,2003,592
50059,65-100,2003,283
50059,0-16,2004,127
50059,16-64,2004,588
50059,65-100,2004,287
50059,0-16,2005,142
50059,16-64,2005,595
50059,65-100,2005,283
50059,0-16,2006,139
50059,16-64,2006,571
50059,65-100,2006,287
50059,0-16,2007,146
50059,16-64,2007,583
50059,65-100,2007,293
50059,0-16,2008,152
50059,16-64,2008,603
50059,65-100,2008,293
50059,0-16,2009,154
50059,16-64,2009,604
50059,65-100,2009,290
50059,0-16,2010,165
50059,16-64,2010,597
50059,65-100,2010,293
50059,0-16,2011,155
50059,16-64,2011,607
50059,65-100,2011,286
50059,0-16,2012,162
50059,16-64,2012,610
50059,65-100,2012,282
50059,0-16,2013,162
50059,16-64,2013,603
50059,65-100,2013,279
50059,0-16,2014,147
50059,16-64,2014,598
50059,65-100,2014,276
50059,0-16,2015,144
50059,16-64,2015,590
50059,65-100,2015,274
50059,0-16,2016,137
50059,16-64,2016,589
50059,65-100,2016,270
50059,0-16,2017,141
50059,16-64,2017,603
50059,65-100,2017,257
50059,0-16,2018,144
50059,16-64,2018,606
50059,65-100,2018,255
50059,0-16,2019,137
50059,16-64,2019,600
50059,65-100,2019,248
50059,0-16,2020,137
50059,16-64,2020,606
50059,65-100,2020,237
50059,0-16,2021,126
50059,16-64,2021,610
50059,65-100,2021,239
50059,0-16,2022,125
50059,16-64,2022,655
50059,65-100,2022,233
50060,0-16,2003,14
50060,16-64,2003,121
50060,65-100,2003,108
50060,0-16,2004,15
50060,16-64,2004,118
50060,65-100,2004,104
50060,0-16,2005,20
50060,16-64,2005,127
50060,65-100,2005,102
50060,0-16,2006,21
50060,16-64,2006,132
50060,65-100,2006,103
50060,0-16,2007,24
50060,16-64,2007,132
50060,65-100,2007,102
50060,0-16,2008,26
50060,16-64,2008,148
50060,65-100,2008,95
50060,0-16,2009,28
50060,16-64,2009,148
50060,65-100,2009,89
50060,0-16,2010,24
50060,16-64,2010,140
50060,65-100,2010,84
50060,0-16,2011,21
50060,16-64,2011,141
50060,65-100,2011,79
50060,0-16,2012,19
50060,16-64,2012,138
50060,65-100,2012,78
50060,0-16,2013,26
50060,16-64,2013,142
50060,65-100,2013,73
50060,0-16,2014,27
50060,16-64,2014,141
50060,65-100,2014,71
50060,0-16,2015,24
50060,16-64,2015,148
50060,65-100,2015,64
50060,0-16,2016,25
50060,16-64,2016,143
50060,65-100,2016,59
50060,0-16,2017,20
50060,16-64,2017,140
50060,65-100,2017,58
50060,0-16,2018,19
50060,16-64,2018,142
50060,65-100,2018,56
50060,0-16,2019,20
50060,16-64,2019,147
50060,65-100,2019,54
50060,0-16,2020,20
50060,16-64,2020,145
50060,65-100,2020,55
50060,0-16,2021,23
50060,16-64,2021,155
50060,65-100,2021,55
50060,0-16,2022,24
50060,16-64,2022,165
50060,65-100,2022,55
50061,0-16,2003,24
50061,16-64,2003,190
50061,65-100,2003,96
50061,0-16,2004,20
50061,16-64,2004,188
50061,65-100,2004,95
50061,0-16,2005,22
50061,16-64,2005,186
50061,65-100,2005,95
50061,0-16,2006,17
50061,16-64,2006,174
50061,65-100,2006,97
50061,0-16,2007,16
50061,16-64,2007,173
50061,65-100,2007,97
50061,0-16,2008,16
50061,16-64,2008,170
50061,65-100,2008,86
50061,0-16,2009,16
50061,16-64,2009,177
50061,65-100,2009,86
50061,0-16,2010,15
50061,16-64,2010,172
50061,65-100,2010,82
50061,0-16,2011,16
50061,16-64,2011,171
50061,65-100,2011,85
50061,0-16,2012,16
50061,16-64,2012,161
50061,65-100,2012,91
50061,0-16,2013,17
50061,16-64,2013,158
50061,65-100,2013,93
50061,0-16,2014,14
50061,16-64,2014,153
50061,65-100,2014,91
50061,0-16,2015,16
50061,16-64,2015,153
50061,65-100,2015,84
50061,0-16,2016,14
50061,16-64,2016,138
50061,65-100,2016,85
50061,0-16,2017,14
50061,16-64,2017,128
50061,65-100,2017,80
50061,0-16,2018,10
50061,16-64,2018,123
50061,65-100,2018,84
50061,0-16,2019,10
50061,16-64,2019,118
50061,65-100,2019,86
50061,0-16,2020,11
50061,16-64,2020,111
50061,65-100,2020,84
50061,0-16,2021,13
50061,16-64,2021,111
50061,65-100,2021,82
50061,0-16,2022,17
50061,16-64,2022,109
50061,65-100,2022,87
50062,0-16,2003,214
50062,16-64,2003,1181
50062,65-100,2003,300
50062,0-16,2004,238
50062,16-64,2004,1267
50062,65-100,2004,292
50062,0-16,2005,253
50062,16-64,2005,1350
50062,65-100,2005,291
50062,0-16,2006,273
50062,16-64,2006,1361
50062,65-100,2006,303
50062,0-16,2007,307
50062,16-64,2007,1482
50062,65-100,2007,312
50062,0-16,2008,333
50062,16-64,2008,1543
50062,65-100,2008,312
50062,0-16,2009,360
50062,16-64,2009,1624
50062,65-100,2009,314
50062,0-16,2010,361
50062,16-64,2010,1637
50062,65-100,2010,323
50062,0-16,2011,368
50062,16-64,2011,1651
50062,65-100,2011,322
50062,0-16,2012,368
50062,16-64,2012,1675
50062,65-100,2012,320
50062,0-16,2013,380
50062,16-64,2013,1658
50062,65-100,2013,328
50062,0-16,2014,407
50062,16-64,2014,1644
50062,65-100,2014,330
50062,0-16,2015,409
50062,16-64,2015,1606
50062,65-100,2015,333
50062,0-16,2016,421
50062,16-64,2016,1619
50062,65-100,2016,343
50062,0-16,2017,436
50062,16-64,2017,1627
50062,65-100,2017,368
50062,0-16,2018,438
50062,16-64,2018,1611
50062,65-100,2018,383
50062,0-16,2019,432
50062,16-64,2019,1605
50062,65-100,2019,399
50062,0-16,2020,425
50062,16-64,2020,1631
50062,65-100,2020,430
50062,0-16,2021,429
50062,16-64,2021,1675
50062,65-100,2021,434
50062,0-16,2022,424
50062,16-64,2022,1702
50062,65-100,2022,465
50063,0-16,2003,3
50063,16-64,2003,60
50063,65-100,2003,38
50063,0-16,2004,3
50063,16-64,2004,57
50063,65-100,2004,38
50063,0-16,2005,1
50063,16-64,2005,52
50063,65-100,2005,38
50063,0-16,2006,3
50063,16-64,2006,49
50063,65-100,2006,42
50063,0-16,2007,3
50063,16-64,2007,47
50063,65-100,2007,44
50063,0-16,2008,3
50063,16-64,2008,46
50063,65-100,2008,41
50063,0-16,2009,4
50063,16-64,2009,47
50063,65-100,2009,39
50063,0-16,2010,4
50063,16-64,2010,45
50063,65-100,2010,39
50063,0-16,2011,4
50063,16-64,2011,41
50063,65-100,2011,38
50063,0-16,2012,4
50063,16-64,2012,42
50063,65-100,2012,36
50063,0-16,2013,4
50063,16-64,2013,39
50063,65-100,2013,33
50063,0-16,2014,2
50063,16-64,2014,33
50063,65-100,2014,33
50063,0-16,2015,2
50063,16-64,2015,31
50063,65-100,2015,33
50063,0-16,2016,2
50063,16-64,2016,29
50063,65-100,2016,33
50063,0-16,2017,4
50063,16-64,2017,30
50063,65-100,2017,34
50063,0-16,2018,4
50063,16-64,2018,31
50063,65-100,2018,37
50063,0-16,2019,4
50063,16-64,2019,30
50063,65-100,2019,32
50063,0-16,2020,4
50063,16-64,2020,34
50063,65-100,2020,33
50063,0-16,2021,3
50063,16-64,2021,38
50063,65-100,2021,28
50063,0-16,2022,5
50063,16-64,2022,39
50063,65-100,2022,27
50064,0-16,2003,54
50064,16-64,2003,313
50064,65-100,2003,150
50064,0-16,2004,58
50064,16-64,2004,315
50064,65-100,2004,149
50064,0-16,2005,56
50064,16-64,2005,308
50064,65-100,2005,155
50064,0-16,2006,60
50064,16-64,2006,310
50064,65-100,2006,178
50064,0-16,2007,52
50064,16-64,2007,309
50064,65-100,2007,176
50064,0-16,2008,51
50064,16-64,2008,314
50064,65-100,2008,176
50064,0-16,2009,60
50064,16-64,2009,328
50064,65-100,2009,170
50064,0-16,2010,64
50064,16-64,2010,320
50064,65-100,2010,172
50064,0-16,2011,56
50064,16-64,2011,318
50064,65-100,2011,176
50064,0-16,2012,58
50064,16-64,2012,317
50064,65-100,2012,178
50064,0-16,2013,59
50064,16-64,2013,306
50064,65-100,2013,175
50064,0-16,2014,56
50064,16-64,2014,303
50064,65-100,2014,177
50064,0-16,2015,51
50064,16-64,2015,300
50064,65-100,2015,176
50064,0-16,2016,45
50064,16-64,2016,290
50064,65-100,2016,173
50064,0-16,2017,46
50064,16-64,2017,282
50064,65-100,2017,173
50064,0-16,2018,40
50064,16-64,2018,283
50064,65-100,2018,175
50064,0-16,2019,43
50064,16-64,2019,291
50064,65-100,2019,171
50064,0-16,2020,40
50064,16-64,2020,286
50064,65-100,2020,170
50064,0-16,2021,40
50064,16-64,2021,278
50064,65-100,2021,169
50064,0-16,2022,45
50064,16-64,2022,281
50064,65-100,2022,165
50065,0-16,2003,0
50065,16-64,2003,41
50065,65-100,2003,29
50065,0-16,2004,0
50065,16-64,2004,38
50065,65-100,2004,29
50065,0-16,2005,0
50065,16-64,2005,34
50065,65-100,2005,29
50065,0-16,2006,0
50065,16-64,2006,31
50065,65-100,2006,26
50065,0-16,2007,0
50065,16-64,2007,29
50065,65-100,2007,25
50065,0-16,2008,0
50065,16-64,2008,27
50065,65-100,2008,23
50065,0-16,2009,0
50065,16-64,2009,26
50065,65-100,2009,23
50065,0-16,2010,0
50065,16-64,2010,26
50065,65-100,2010,23
50065,0-16,2011,0
50065,16-64,2011,25
50065,65-100,2011,21
50065,0-16,2012,0
50065,16-64,2012,24
50065,65-100,2012,20
50065,0-16,2013,0
50065,16-64,2013,21
50065,65-100,2013,20
50065,0-16,2014,0
50065,16-64,2014,20
50065,65-100,2014,19
50065,0-16,2015,0
50065,16-64,2015,18
50065,65-100,2015,20
50065,0-16,2016,0
50065,16-64,2016,18
50065,65-100,2016,17
50065,0-16,2017,0
50065,16-64,2017,18
50065,65-100,2017,16
50065,0-16,2018,0
50065,16-64,2018,16
50065,65-100,2018,16
50065,0-16,2019,0
50065,16-64,2019,17
50065,65-100,2019,16
50065,0-16,2020,1
50065,16-64,2020,26
50065,65-100,2020,26
50065,0-16,2021,0
50065,16-64,2021,23
50065,65-100,2021,26
50065,0-16,2022,0
50065,16-64,2022,24
50065,65-100,2022,25
50066,0-16,2003,249
50066,16-64,2003,1385
50066,65-100,2003,282
50066,0-16,2004,293
50066,16-64,2004,1521
50066,65-100,2004,301
50066,0-16,2005,336
50066,16-64,2005,1652
50066,65-100,2005,315
50066,0-16,2006,389
50066,16-64,2006,1709
50066,65-100,2006,333
50066,0-16,2007,413
50066,16-64,2007,1691
50066,65-100,2007,341
50066,0-16,2008,437
50066,16-64,2008,1736
50066,65-100,2008,355
50066,0-16,2009,511
50066,16-64,2009,1903
50066,65-100,2009,363
50066,0-16,2010,581
50066,16-64,2010,2083
50066,65-100,2010,390
50066,0-16,2011,602
50066,16-64,2011,2181
50066,65-100,2011,394
50066,0-16,2012,636
50066,16-64,2012,2252
50066,65-100,2012,405
50066,0-16,2013,651
50066,16-64,2013,2306
50066,65-100,2013,406
50066,0-16,2014,681
50066,16-64,2014,2411
50066,65-100,2014,446
50066,0-16,2015,710
50066,16-64,2015,2434
50066,65-100,2015,458
50066,0-16,2016,731
50066,16-64,2016,2465
50066,65-100,2016,459
50066,0-16,2017,747
50066,16-64,2017,2544
50066,65-100,2017,458
50066,0-16,2018,773
50066,16-64,2018,2660
50066,65-100,2018,458
50066,0-16,2019,800
50066,16-64,2019,2760
50066,65-100,2019,472
50066,0-16,2020,845
50066,16-64,2020,2900
50066,65-100,2020,490
50066,0-16,2021,847
50066,16-64,2021,2994
50066,65-100,2021,493
50066,0-16,2022,848
50066,16-64,2022,3106
50066,65-100,2022,519
50067,0-16,2003,2644
50067,16-64,2003,12469
50067,65-100,2003,4166
50067,0-16,2004,2765
50067,16-64,2004,12770
50067,65-100,2004,4099
50067,0-16,2005,2822
50067,16-64,2005,13372
50067,65-100,2005,4069
50067,0-16,2006,2949
50067,16-64,2006,13030
50067,65-100,2006,4022
50067,0-16,2007,2975
50067,16-64,2007,14063
50067,65-100,2007,4002
50067,0-16,2008,3125
50067,16-64,2008,14767
50067,65-100,2008,4013
50067,0-16,2009,3187
50067,16-64,2009,14753
50067,65-100,2009,3993
50067,0-16,2010,3088
50067,16-64,2010,14657
50067,65-100,2010,3972
50067,0-16,2011,3080
50067,16-64,2011,13847
50067,65-100,2011,3910
50067,0-16,2012,3064
50067,16-64,2012,14185
50067,65-100,2012,3925
50067,0-16,2013,2980
50067,16-64,2013,14043
50067,65-100,2013,3903
50067,0-16,2014,2888
50067,16-64,2014,13868
50067,65-100,2014,3902
50067,0-16,2015,2719
50067,16-64,2015,13101
50067,65-100,2015,3904
50067,0-16,2016,3065
50067,16-64,2016,13223
50067,65-100,2016,3903
50067,0-16,2017,3102
50067,16-64,2017,13157
50067,65-100,2017,3914
50067,0-16,2018,3008
50067,16-64,2018,13117
50067,65-100,2018,3910
50067,0-16,2019,2968
50067,16-64,2019,13136
50067,65-100,2019,3920
50067,0-16,2020,2934
50067,16-64,2020,13144
50067,65-100,2020,4014
50067,0-16,2021,2865
50067,16-64,2021,12980
50067,65-100,2021,4025
50067,0-16,2022,2784
50067,16-64,2022,12876
50067,65-100,2022,4116
50068,0-16,2003,382
50068,16-64,2003,1933
50068,65-100,2003,671
50068,0-16,2004,394
50068,16-64,2004,1952
50068,65-100,2004,667
50068,0-16,2005,379
50068,16-64,2005,1946
50068,65-100,2005,669
50068,0-16,2006,388
50068,16-64,2006,1854
50068,65-100,2006,660
50068,0-16,2007,410
50068,16-64,2007,1905
50068,65-100,2007,657
50068,0-16,2008,426
50068,16-64,2008,1940
50068,65-100,2008,658
50068,0-16,2009,440
50068,16-64,2009,1973
50068,65-100,2009,659
50068,0-16,2010,468
50068,16-64,2010,1967
50068,65-100,2010,659
50068,0-16,2011,447
50068,16-64,2011,1944
50068,65-100,2011,663
50068,0-16,2012,441
50068,16-64,2012,1923
50068,65-100,2012,651
50068,0-16,2013,455
50068,16-64,2013,1893
50068,65-100,2013,650
50068,0-16,2014,424
50068,16-64,2014,1824
50068,65-100,2014,647
50068,0-16,2015,423
50068,16-64,2015,1795
50068,65-100,2015,646
50068,0-16,2016,412
50068,16-64,2016,1794
50068,65-100,2016,623
50068,0-16,2017,413
50068,16-64,2017,1807
50068,65-100,2017,625
50068,0-16,2018,433
50068,16-64,2018,1812
50068,65-100,2018,616
50068,0-16,2019,429
50068,16-64,2019,1834
50068,65-100,2019,618
50068,0-16,2020,419
50068,16-64,2020,1823
50068,65-100,2020,618
50068,0-16,2021,452
50068,16-64,2021,1857
50068,65-100,2021,612
50068,0-16,2022,433
50068,16-64,2022,1840
50068,65-100,2022,609
50069,0-16,2003,1
50069,16-64,2003,34
50069,65-100,2003,36
50069,0-16,2004,1
50069,16-64,2004,34
50069,65-100,2004,34
50069,0-16,2005,0
50069,16-64,2005,34
50069,65-100,2005,32
50069,0-16,2006,0
50069,16-64,2006,31
50069,65-100,2006,30
50069,0-16,2007,0
50069,16-64,2007,27
50069,65-100,2007,27
50069,0-16,2008,0
50069,16-64,2008,26
50069,65-100,2008,26
50069,0-16,2009,0
50069,16-64,2009,22
50069,65-100,2009,28
50069,0-16,2010,0
50069,16-64,2010,33
50069,65-100,2010,35
50069,0-16,2011,0
50069,16-64,2011,32
50069,65-100,2011,38
50069,0-16,2012,0
50069,16-64,2012,31
50069,65-100,2012,34
50069,0-16,2013,0
50069,16-64,2013,46
50069,65-100,2013,35
50069,0-16,2014,0
50069,16-64,2014,45
50069,65-100,2014,33
50069,0-16,2015,1
50069,16-64,2015,47
50069,65-100,2015,31
50069,0-16,2016,1
50069,16-64,2016,41
50069,65-100,2016,30
50069,0-16,2017,1
50069,16-64,2017,46
50069,65-100,2017,28
50069,0-16,2018,1
50069,16-64,2018,46
50069,65-100,2018,28
50069,0-16,2019,0
50069,16-64,2019,46
50069,65-100,2019,26
50069,0-16,2020,0
50069,16-64,2020,47
50069,65-100,2020,26
50069,0-16,2021,1
50069,16-64,2021,47
50069,65-100,2021,30
50069,0-16,2022,1
50069,16-64,2022,44
50069,65-100,2022,29
50070,0-16,2003,1
50070,16-64,2003,45
50070,65-100,2003,42
50070,0-16,2004,1
50070,16-64,2004,41
50070,65-100,2004,40
50070,0-16,2005,0
50070,16-64,2005,38
50070,65-100,2005,37
50070,0-16,2006,0
50070,16-64,2006,35
50070,65-100,2006,36
50070,0-16,2007,0
50070,16-64,2007,42
50070,65-100,2007,37
50070,0-16,2008,0
50070,16-64,2008,41
50070,65-100,2008,35
50070,0-16,2009,1
50070,16-64,2009,40
50070,65-100,2009,34
50070,0-16,2010,1
50070,16-64,2010,42
50070,65-100,2010,34
50070,0-16,2011,4
50070,16-64,2011,62
50070,65-100,2011,39
50070,0-16,2012,5
50070,16-64,2012,41
50070,65-100,2012,31
50070,0-16,2013,6
50070,16-64,2013,42
50070,65-100,2013,32
50070,0-16,2014,7
50070,16-64,2014,40
50070,65-100,2014,29
50070,0-16,2015,7
50070,16-64,2015,40
50070,65-100,2015,30
50070,0-16,2016,7
50070,16-64,2016,36
50070,65-100,2016,28
50070,0-16,2017,5
50070,16-64,2017,33
50070,65-100,2017,26
50070,0-16,2018,5
50070,16-64,2018,28
50070,65-100,2018,26
50070,0-16,2019,7
50070,16-64,2019,26
50070,65-100,2019,24
50070,0-16,2020,8
50070,16-64,2020,27
50070,65-100,2020,26
50070,0-16,2021,9
50070,16-64,2021,28
50070,65-100,2021,27
50070,0-16,2022,8
50070,16-64,2022,27
50070,65-100,2022,28
50071,0-16,2003,12
50071,16-64,2003,93
50071,65-100,2003,72
50071,0-16,2004,10
50071,16-64,2004,92
50071,65-100,2004,71
50071,0-16,2005,11
50071,16-64,2005,90
50071,65-100,2005,74
50071,0-16,2006,12
50071,16-64,2006,86
50071,65-100,2006,74
50071,0-16,2007,15
50071,16-64,2007,84
50071,65-100,2007,69
50071,0-16,2008,12
50071,16-64,2008,85
50071,65-100,2008,66
50071,0-16,2009,13
50071,16-64,2009,81
50071,65-100,2009,64
50071,0-16,2010,11
50071,16-64,2010,80
50071,65-100,2010,63
50071,0-16,2011,11
50071,16-64,2011,79
50071,65-100,2011,61
50071,0-16,2012,10
50071,16-64,2012,88
50071,65-100,2012,54
50071,0-16,2013,9
50071,16-64,2013,86
50071,65-100,2013,53
50071,0-16,2014,9
50071,16-64,2014,91
50071,65-100,2014,53
50071,0-16,2015,7
50071,16-64,2015,86
50071,65-100,2015,48
50071,0-16,2016,3
50071,16-64,2016,87
50071,65-100,2016,52
50071,0-16,2017,9
50071,16-64,2017,95
50071,65-100,2017,51
50071,0-16,2018,11
50071,16-64,2018,86
50071,65-100,2018,52
50071,0-16,2019,9
50071,16-64,2019,83
50071,65-100,2019,55
50071,0-16,2020,7
50071,16-64,2020,85
50071,65-100,2020,54
50071,0-16,2021,3
50071,16-64,2021,76
50071,65-100,2021,53
50071,0-16,2022,4
50071,16-64,2022,72
50071,65-100,2022,51
50072,0-16,2003,10
50072,16-64,2003,113
50072,65-100,2003,113
50072,0-16,2004,9
50072,16-64,2004,115
50072,65-100,2004,114
50072,0-16,2005,8
50072,16-64,2005,106
50072,65-100,2005,109
50072,0-16,2006,5
50072,16-64,2006,106
50072,65-100,2006,110
50072,0-16,2007,9
50072,16-64,2007,105
50072,65-100,2007,99
50072,0-16,2008,12
50072,16-64,2008,103
50072,65-100,2008,99
50072,0-16,2009,9
50072,16-64,2009,95
50072,65-100,2009,99
50072,0-16,2010,7
50072,16-64,2010,95
50072,65-100,2010,93
50072,0-16,2011,7
50072,16-64,2011,94
50072,65-100,2011,94
50072,0-16,2012,6
50072,16-64,2012,89
50072,65-100,2012,89
50072,0-16,2013,2
50072,16-64,2013,79
50072,65-100,2013,84
50072,0-16,2014,4
50072,16-64,2014,87
50072,65-100,2014,84
50072,0-16,2015,4
50072,16-64,2015,86
50072,65-100,2015,82
50072,0-16,2016,6
50072,16-64,2016,85
50072,65-100,2016,81
50072,0-16,2017,6
50072,16-64,2017,84
50072,65-100,2017,84
50072,0-16,2018,11
50072,16-64,2018,90
50072,65-100,2018,76
50072,0-16,2019,11
50072,16-64,2019,122
50072,65-100,2019,80
50072,0-16,2020,9
50072,16-64,2020,109
50072,65-100,2020,71
50072,0-16,2021,4
50072,16-64,2021,106
50072,65-100,2021,72
50072,0-16,2022,2
50072,16-64,2022,105
50072,65-100,2022,71
50073,0-16,2003,423
50073,16-64,2003,2332
50073,65-100,2003,656
50073,0-16,2004,424
50073,16-64,2004,2431
50073,65-100,2004,645
50073,0-16,2005,431
50073,16-64,2005,2454
50073,65-100,2005,651
50073,0-16,2006,420
50073,16-64,2006,2202
50073,65-100,2006,655
50073,0-16,2007,434
50073,16-64,2007,2262
50073,65-100,2007,657
50073,0-16,2008,444
50073,16-64,2008,2413
50073,65-100,2008,652
50073,0-16,2009,484
50073,16-64,2009,2523
50073,65-100,2009,658
50073,0-16,2010,514
50073,16-64,2010,2541
50073,65-100,2010,670
50073,0-16,2011,542
50073,16-64,2011,2521
50073,65-100,2011,665
50073,0-16,2012,532
50073,16-64,2012,2380
50073,65-100,2012,660
50073,0-16,2013,528
50073,16-64,2013,2358
50073,65-100,2013,651
50073,0-16,2014,531
50073,16-64,2014,2274
50073,65-100,2014,652
50073,0-16,2015,510
50073,16-64,2015,2233
50073,65-100,2015,646
50073,0-16,2016,526
50073,16-64,2016,2188
50073,65-100,2016,670
50073,0-16,2017,506
50073,16-64,2017,2165
50073,65-100,2017,668
50073,0-16,2018,494
50073,16-64,2018,2115
50073,65-100,2018,667
50073,0-16,2019,495
50073,16-64,2019,2142
50073,65-100,2019,665
50073,0-16,2020,498
50073,16-64,2020,2188
50073,65-100,2020,669
50073,0-16,2021,496
50073,16-64,2021,2216
50073,65-100,2021,658
50073,0-16,2022,499
50073,16-64,2022,2188
50073,65-100,2022,658
50074,0-16,2003,913
50074,16-64,2003,4802
50074,65-100,2003,1872
50074,0-16,2004,976
50074,16-64,2004,5031
50074,65-100,2004,1863
50074,0-16,2005,1046
50074,16-64,2005,5313
50074,65-100,2005,1847
50074,0-16,2006,1083
50074,16-64,2006,5579
50074,65-100,2006,1824
50074,0-16,2007,1129
50074,16-64,2007,5573
50074,65-100,2007,1793
50074,0-16,2008,1199
50074,16-64,2008,5864
50074,65-100,2008,1785
50074,0-16,2009,1385
50074,16-64,2009,6495
50074,65-100,2009,1848
50074,0-16,2010,1526
50074,16-64,2010,6604
50074,65-100,2010,1859
50074,0-16,2011,1494
50074,16-64,2011,6514
50074,65-100,2011,1863
50074,0-16,2012,1537
50074,16-64,2012,6512
50074,65-100,2012,1836
50074,0-16,2013,1581
50074,16-64,2013,6423
50074,65-100,2013,1854
50074,0-16,2014,1623
50074,16-64,2014,6426
50074,65-100,2014,1878
50074,0-16,2015,1607
50074,16-64,2015,6352
50074,65-100,2015,1908
50074,0-16,2016,1560
50074,16-64,2016,6096
50074,65-100,2016,1882
50074,0-16,2017,1574
50074,16-64,2017,6033
50074,65-100,2017,1884
50074,0-16,2018,1593
50074,16-64,2018,6051
50074,65-100,2018,1881
50074,0-16,2019,1616
50074,16-64,2019,6230
50074,65-100,2019,1902
50074,0-16,2020,1656
50074,16-64,2020,6427
50074,65-100,2020,1943
50074,0-16,2021,1662
50074,16-64,2021,6542
50074,65-100,2021,1979
50074,0-16,2022,1686
50074,16-64,2022,6538
50074,65-100,2022,1996
50075,0-16,2003,0
50075,16-64,2003,44
50075,65-100,2003,57
50075,0-16,2004,0
50075,16-64,2004,41
50075,65-100,2004,57
50075,0-16,2005,0
50075,16-64,2005,43
50075,65-100,2005,56
50075,0-16,2006,3
50075,16-64,2006,45
50075,65-100,2006,56
50075,0-16,2007,3
50075,16-64,2007,47
50075,65-100,2007,57
50075,0-16,2008,2
50075,16-64,2008,45
50075,65-100,2008,57
50075,0-16,2009,2
50075,16-64,2009,47
50075,65-100,2009,58
50075,0-16,2010,2
50075,16-64,2010,43
50075,65-100,2010,53
50075,0-16,2011,2
50075,16-64,2011,43
50075,65-100,2011,52
50075,0-16,2012,1
50075,16-64,2012,41
50075,65-100,2012,53
50075,0-16,2013,1
50075,16-64,2013,37
50075,65-100,2013,49
50075,0-16,2014,1
50075,16-64,2014,36
50075,65-100,2014,47
50075,0-16,2015,4
50075,16-64,2015,42
50075,65-100,2015,49
50075,0-16,2016,3
50075,16-64,2016,37
50075,65-100,2016,45
50075,0-16,2017,2
50075,16-64,2017,46
50075,65-100,2017,43
50075,0-16,2018,1
50075,16-64,2018,50
50075,65-100,2018,41
50075,0-16,2019,1
50075,16-64,2019,52
50075,65-100,2019,38
50075,0-16,2020,1
50075,16-64,2020,50
50075,65-100,2020,37
50075,0-16,2021,1
50075,16-64,2021,39
50075,65-100,2021,38
50075,0-16,2022,1
50075,16-64,2022,35
50075,65-100,2022,37
50076,0-16,2003,4
50076,16-64,2003,48
50076,65-100,2003,53
50076,0-16,2004,3
50076,16-64,2004,46
50076,65-100,2004,50
50076,0-16,2005,2
50076,16-64,2005,47
50076,65-100,2005,46
50076,0-16,2006,2
50076,16-64,2006,68
50076,65-100,2006,41
50076,0-16,2007,3
50076,16-64,2007,72
50076,65-100,2007,39
50076,0-16,2008,4
50076,16-64,2008,82
50076,65-100,2008,41
50076,0-16,2009,2
50076,16-64,2009,77
50076,65-100,2009,38
50076,0-16,2010,5
50076,16-64,2010,82
50076,65-100,2010,35
50076,0-16,2011,6
50076,16-64,2011,81
50076,65-100,2011,34
50076,0-16,2012,4
50076,16-64,2012,79
50076,65-100,2012,35
50076,0-16,2013,5
50076,16-64,2013,69
50076,65-100,2013,32
50076,0-16,2014,5
50076,16-64,2014,68
50076,65-100,2014,32
50076,0-16,2015,5
50076,16-64,2015,63
50076,65-100,2015,33
50076,0-16,2016,4
50076,16-64,2016,54
50076,65-100,2016,33
50076,0-16,2017,4
50076,16-64,2017,53
50076,65-100,2017,30
50076,0-16,2018,6
50076,16-64,2018,51
50076,65-100,2018,33
50076,0-16,2019,5
50076,16-64,2019,50
50076,65-100,2019,32
50076,0-16,2020,2
50076,16-64,2020,46
50076,65-100,2020,30
50076,0-16,2021,3
50076,16-64,2021,49
50076,65-100,2021,30
50076,0-16,2022,1
50076,16-64,2022,45
50076,65-100,2022,35
50077,0-16,2003,28
50077,16-64,2003,169
50077,65-100,2003,120
50077,0-16,2004,26
50077,16-64,2004,164
50077,65-100,2004,125
50077,0-16,2005,22
50077,16-64,2005,166
50077,65-100,2005,114
50077,0-16,2006,27
50077,16-64,2006,164
50077,65-100,2006,110
50077,0-16,2007,23
50077,16-64,2007,158
50077,65-100,2007,108
50077,0-16,2008,12
50077,16-64,2008,162
50077,65-100,2008,109
50077,0-16,2009,16
50077,16-64,2009,166
50077,65-100,2009,108
50077,0-16,2010,14
50077,16-64,2010,160
50077,65-100,2010,109
50077,0-16,2011,13
50077,16-64,2011,155
50077,65-100,2011,106
50077,0-16,2012,10
50077,16-64,2012,143
50077,65-100,2012,104
50077,0-16,2013,6
50077,16-64,2013,139
50077,65-100,2013,103
50077,0-16,2014,3
50077,16-64,2014,135
50077,65-100,2014,99
50077,0-16,2015,4
50077,16-64,2015,128
50077,65-100,2015,96
50077,0-16,2016,5
50077,16-64,2016,124
50077,65-100,2016,97
50077,0-16,2017,4
50077,16-64,2017,122
50077,65-100,2017,95
50077,0-16,2018,8
50077,16-64,2018,118
50077,65-100,2018,95
50077,0-16,2019,9
50077,16-64,2019,115
50077,65-100,2019,86
50077,0-16,2020,8
50077,16-64,2020,118
50077,65-100,2020,83
50077,0-16,2021,10
50077,16-64,2021,124
50077,65-100,2021,82
50077,0-16,2022,10
50077,16-64,2022,121
50077,65-100,2022,78
50078,0-16,2003,15
50078,16-64,2003,233
50078,65-100,2003,136
50078,0-16,2004,20
50078,16-64,2004,242
50078,65-100,2004,133
50078,0-16,2005,23
50078,16-64,2005,235
50078,65-100,2005,127
50078,0-16,2006,20
50078,16-64,2006,221
50078,65-100,2006,126
50078,0-16,2007,16
50078,16-64,2007,212
50078,65-100,2007,132
50078,0-16,2008,15
50078,16-64,2008,203
50078,65-100,2008,129
50078,0-16,2009,11
50078,16-64,2009,199
50078,65-100,2009,123
50078,0-16,2010,16
50078,16-64,2010,198
50078,65-100,2010,124
50078,0-16,2011,24
50078,16-64,2011,186
50078,65-100,2011,118
50078,0-16,2012,24
50078,16-64,2012,172
50078,65-100,2012,114
50078,0-16,2013,22
50078,16-64,2013,161
50078,65-100,2013,117
50078,0-16,2014,22
50078,16-64,2014,156
50078,65-100,2014,114
50078,0-16,2015,18
50078,16-64,2015,154
50078,65-100,2015,108
50078,0-16,2016,16
50078,16-64,2016,141
50078,65-100,2016,107
50078,0-16,2017,18
50078,16-64,2017,131
50078,65-100,2017,113
50078,0-16,2018,19
50078,16-64,2018,135
50078,65-100,2018,111
50078,0-16,2019,18
50078,16-64,2019,136
50078,65-100,2019,109
50078,0-16,2020,18
50078,16-64,2020,130
50078,65-100,2020,106
50078,0-16,2021,19
50078,16-64,2021,127
50078,65-100,2021,102
50078,0-16,2022,16
50078,16-64,2022,112
50078,65-100,2022,102
50079,0-16,2003,23
50079,16-64,2003,178
50079,65-100,2003,129
50079,0-16,2004,23
50079,16-64,2004,181
50079,65-100,2004,125
50079,0-16,2005,20
50079,16-64,2005,178
50079,65-100,2005,134
50079,0-16,2006,19
50079,16-64,2006,177
50079,65-100,2006,133
50079,0-16,2007,17
50079,16-64,2007,178
50079,65-100,2007,134
50079,0-16,2008,17
50079,16-64,2008,182
50079,65-100,2008,132
50079,0-16,2009,19
50079,16-64,2009,176
50079,65-100,2009,127
50079,0-16,2010,20
50079,16-64,2010,170
50079,65-100,2010,121
50079,0-16,2011,20
50079,16-64,2011,166
50079,65-100,2011,127
50079,0-16,2012,25
50079,16-64,2012,168
50079,65-100,2012,125
50079,0-16,2013,34
50079,16-64,2013,162
50079,65-100,2013,122
50079,0-16,2014,34
50079,16-64,2014,159
50079,65-100,2014,123
50079,0-16,2015,36
50079,16-64,2015,161
50079,65-100,2015,114
50079,0-16,2016,36
50079,16-64,2016,154
50079,65-100,2016,115
50079,0-16,2017,26
50079,16-64,2017,148
50079,65-100,2017,112
50079,0-16,2018,25
50079,16-64,2018,140
50079,65-100,2018,106
50079,0-16,2019,24
50079,16-64,2019,142
50079,65-100,2019,105
50079,0-16,2020,23
50079,16-64,2020,139
50079,65-100,2020,98
50079,0-16,2021,26
50079,16-64,2021,143
50079,65-100,2021,95
50079,0-16,2022,24
50079,16-64,2022,147
50079,65-100,2022,93
50080,0-16,2003,0
50080,16-64,2003,17
50080,65-100,2003,8
50080,0-16,2004,0
50080,16-64,2004,21
50080,65-100,2004,8
50080,0-16,2005,1
50080,16-64,2005,23
50080,65-100,2005,10
50080,0-16,2006,0
50080,16-64,2006,24
50080,65-100,2006,11
50080,0-16,2007,1
50080,16-64,2007,27
50080,65-100,2007,10
50080,0-16,2008,2
50080,16-64,2008,26
50080,65-100,2008,13
50080,0-16,2009,2
50080,16-64,2009,26
50080,65-100,2009,13
50080,0-16,2010,3
50080,16-64,2010,26
50080,65-100,2010,12
50080,0-16,2011,3
50080,16-64,2011,30
50080,65-100,2011,13
50080,0-16,2012,3
50080,16-64,2012,29
50080,65-100,2012,9
50080,0-16,2013,3
50080,16-64,2013,29
50080,65-100,2013,10
50080,0-16,2014,3
50080,16-64,2014,25
50080,65-100,2014,9
50080,0-16,2015,3
50080,16-64,2015,22
50080,65-100,2015,8
50080,0-16,2016,3
50080,16-64,2016,22
50080,65-100,2016,9
50080,0-16,2017,3
50080,16-64,2017,25
50080,65-100,2017,10
50080,0-16,2018,2
50080,16-64,2018,23
50080,65-100,2018,10
50080,0-16,2019,1
50080,16-64,2019,20
50080,65-100,2019,12
50080,0-16,2020,3
50080,16-64,2020,20
50080,65-100,2020,11
50080,0-16,2021,3
50080,16-64,2021,22
50080,65-100,2021,12
50080,0-16,2022,3
50080,16-64,2022,24
50080,65-100,2022,12
50081,0-16,2003,85
50081,16-64,2003,323
50081,65-100,2003,282
50081,0-16,2004,85
50081,16-64,2004,335
50081,65-100,2004,287
50081,0-16,2005,89
50081,16-64,2005,336
50081,65-100,2005,286
50081,0-16,2006,80
50081,16-64,2006,345
50081,65-100,2006,282
50081,0-16,2007,77
50081,16-64,2007,341
50081,65-100,2007,275
50081,0-16,2008,86
50081,16-64,2008,351
50081,65-100,2008,266
50081,0-16,2009,86
50081,16-64,2009,368
50081,65-100,2009,263
50081,0-16,2010,86
50081,16-64,2010,364
50081,65-100,2010,247
50081,0-16,2011,82
50081,16-64,2011,362
50081,65-100,2011,243
50081,0-16,2012,79
50081,16-64,2012,357
50081,65-100,2012,241
50081,0-16,2013,75
50081,16-64,2013,370
50081,65-100,2013,227
50081,0-16,2014,76
50081,16-64,2014,365
50081,65-100,2014,225
50081,0-16,2015,71
50081,16-64,2015,353
50081,65-100,2015,221
50081,0-16,2016,68
50081,16-64,2016,337
50081,65-100,2016,210
50081,0-16,2017,65
50081,16-64,2017,333
50081,65-100,2017,208
50081,0-16,2018,61
50081,16-64,2018,331
50081,65-100,2018,200
50081,0-16,2019,60
50081,16-64,2019,340
50081,65-100,2019,193
50081,0-16,2020,57
50081,16-64,2020,339
50081,65-100,2020,187
50081,0-16,2021,58
50081,16-64,2021,343
50081,65-100,2021,177
50081,0-16,2022,58
50081,16-64,2022,353
50081,65-100,2022,159
50082,0-16,2003,10
50082,16-64,2003,78
50082,65-100,2003,68
50082,0-16,2004,9
50082,16-64,2004,70
50082,65-100,2004,64
50082,0-16,2005,7
50082,16-64,2005,69
50082,65-100,2005,65
50082,0-16,2006,7
50082,16-64,2006,71
50082,65-100,2006,62
50082,0-16,2007,5
50082,16-64,2007,67
50082,65-100,2007,59
50082,0-16,2008,4
50082,16-64,2008,58
50082,65-100,2008,60
50082,0-16,2009,6
50082,16-64,2009,57
50082,65-100,2009,60
50082,0-16,2010,8
50082,16-64,2010,58
50082,65-100,2010,61
50082,0-16,2011,7
50082,16-64,2011,59
50082,65-100,2011,61
50082,0-16,2012,5
50082,16-64,2012,59
50082,65-100,2012,54
50082,0-16,2013,6
50082,16-64,2013,52
50082,65-100,2013,57
50082,0-16,2014,8
50082,16-64,2014,50
50082,65-100,2014,56
50082,0-16,2015,5
50082,16-64,2015,52
50082,65-100,2015,56
50082,0-16,2016,4
50082,16-64,2016,56
50082,65-100,2016,49
50082,0-16,2017,4
50082,16-64,2017,54
50082,65-100,2017,45
50082,0-16,2018,4
50082,16-64,2018,49
50082,65-100,2018,40
50082,0-16,2019,6
50082,16-64,2019,47
50082,65-100,2019,44
50082,0-16,2020,9
50082,16-64,2020,41
50082,65-100,2020,44
50082,0-16,2021,9
50082,16-64,2021,42
50082,65-100,2021,42
50082,0-16,2022,9
50082,16-64,2022,40
50082,65-100,2022,37
50083,0-16,2003,11
50083,16-64,2003,63
50083,65-100,2003,49
50083,0-16,2004,10
50083,16-64,2004,66
50083,65-100,2004,47
50083,0-16,2005,9
50083,16-64,2005,63
50083,65-100,2005,43
50083,0-16,2006,7
50083,16-64,2006,71
50083,65-100,2006,44
50083,0-16,2007,7
50083,16-64,2007,67
50083,65-100,2007,42
50083,0-16,2008,11
50083,16-64,2008,70
50083,65-100,2008,39
50083,0-16,2009,9
50083,16-64,2009,71
50083,65-100,2009,38
50083,0-16,2010,13
50083,16-64,2010,74
50083,65-100,2010,36
50083,0-16,2011,13
50083,16-64,2011,81
50083,65-100,2011,31
50083,0-16,2012,14
50083,16-64,2012,78
50083,65-100,2012,27
50083,0-16,2013,9
50083,16-64,2013,73
50083,65-100,2013,27
50083,0-16,2014,9
50083,16-64,2014,72
50083,65-100,2014,27
50083,0-16,2015,13
50083,16-64,2015,71
50083,65-100,2015,29
50083,0-16,2016,12
50083,16-64,2016,67
50083,65-100,2016,31
50083,0-16,2017,14
50083,16-64,2017,72
50083,65-100,2017,28
50083,0-16,2018,12
50083,16-64,2018,72
50083,65-100,2018,28
50083,0-16,2019,9
50083,16-64,2019,68
50083,65-100,2019,29
50083,0-16,2020,8
50083,16-64,2020,63
50083,65-100,2020,31
50083,0-16,2021,9
50083,16-64,2021,66
50083,65-100,2021,30
50083,0-16,2022,7
50083,16-64,2022,62
50083,65-100,2022,33
50084,0-16,2003,4
50084,16-64,2003,51
50084,65-100,2003,47
50084,0-16,2004,3
50084,16-64,2004,53
50084,65-100,2004,45
50084,0-16,2005,3
50084,16-64,2005,56
50084,65-100,2005,47
50084,0-16,2006,2
50084,16-64,2006,54
50084,65-100,2006,46
50084,0-16,2007,2
50084,16-64,2007,51
50084,65-100,2007,47
50084,0-16,2008,2
50084,16-64,2008,46
50084,65-100,2008,44
50084,0-16,2009,2
50084,16-64,2009,49
50084,65-100,2009,42
50084,0-16,2010,5
50084,16-64,2010,58
50084,65-100,2010,38
50084,0-16,2011,3
50084,16-64,2011,58
50084,65-100,2011,36
50084,0-16,2012,2
50084,16-64,2012,52
50084,65-100,2012,35
50084,0-16,2013,2
50084,16-64,2013,46
50084,65-100,2013,36
50084,0-16,2014,0
50084,16-64,2014,42
50084,65-100,2014,35
50084,0-16,2015,0
50084,16-64,2015,44
50084,65-100,2015,36
50084,0-16,2016,2
50084,16-64,2016,46
50084,65-100,2016,32
50084,0-16,2017,2
50084,16-64,2017,41
50084,65-100,2017,29
50084,0-16,2018,0
50084,16-64,2018,37
50084,65-100,2018,28
50084,0-16,2019,0
50084,16-64,2019,37
50084,65-100,2019,29
50084,0-16,2020,0
50084,16-64,2020,39
50084,65-100,2020,28
50084,0-16,2021,0
50084,16-64,2021,39
50084,65-100,2021,29
50084,0-16,2022,0
50084,16-64,2022,41
50084,65-100,2022,30
50085,0-16,2003,7
50085,16-64,2003,121
50085,65-100,2003,106
50085,0-16,2004,5
50085,16-64,2004,116
50085,65-100,2004,107
50085,0-16,2005,4
50085,16-64,2005,118
50085,65-100,2005,102
50085,0-16,2006,11
50085,16-64,2006,114
50085,65-100,2006,107
50085,0-16,2007,8
50085,16-64,2007,114
50085,65-100,2007,105
50085,0-16,2008,9
50085,16-64,2008,118
50085,65-100,2008,101
50085,0-16,2009,7
50085,16-64,2009,107
50085,65-100,2009,98
50085,0-16,2010,7
50085,16-64,2010,107
50085,65-100,2010,97
50085,0-16,2011,7
50085,16-64,2011,112
50085,65-100,2011,94
50085,0-16,2012,9
50085,16-64,2012,106
50085,65-100,2012,90
50085,0-16,2013,9
50085,16-64,2013,103
50085,65-100,2013,90
50085,0-16,2014,13
50085,16-64,2014,103
50085,65-100,2014,88
50085,0-16,2015,11
50085,16-64,2015,99
50085,65-100,2015,84
50085,0-16,2016,11
50085,16-64,2016,92
50085,65-100,2016,79
50085,0-16,2017,13
50085,16-64,2017,99
50085,65-100,2017,79
50085,0-16,2018,16
50085,16-64,2018,101
50085,65-100,2018,81
50085,0-16,2019,17
50085,16-64,2019,107
50085,65-100,2019,77
50085,0-16,2020,15
50085,16-64,2020,108
50085,65-100,2020,76
50085,0-16,2021,17
50085,16-64,2021,109
50085,65-100,2021,80
50085,0-16,2022,15
50085,16-64,2022,114
50085,65-100,2022,79
50086,0-16,2003,15
50086,16-64,2003,140
50086,65-100,2003,128
50086,0-16,2004,17
50086,16-64,2004,134
50086,65-100,2004,126
50086,0-16,2005,16
50086,16-64,2005,137
50086,65-100,2005,122
50086,0-16,2006,21
50086,16-64,2006,130
50086,65-100,2006,121
50086,0-16,2007,13
50086,16-64,2007,133
50086,65-100,2007,115
50086,0-16,2008,17
50086,16-64,2008,121
50086,65-100,2008,108
50086,0-16,2009,24
50086,16-64,2009,131
50086,65-100,2009,105
50086,0-16,2010,27
50086,16-64,2010,132
50086,65-100,2010,97
50086,0-16,2011,25
50086,16-64,2011,129
50086,65-100,2011,97
50086,0-16,2012,25
50086,16-64,2012,121
50086,65-100,2012,95
50086,0-16,2013,19
50086,16-64,2013,109
50086,65-100,2013,99
50086,0-16,2014,11
50086,16-64,2014,93
50086,65-100,2014,95
50086,0-16,2015,8
50086,16-64,2015,83
50086,65-100,2015,94
50086,0-16,2016,21
50086,16-64,2016,119
50086,65-100,2016,86
50086,0-16,2017,12
50086,16-64,2017,101
50086,65-100,2017,85
50086,0-16,2018,6
50086,16-64,2018,94
50086,65-100,2018,83
50086,0-16,2019,28
50086,16-64,2019,125
50086,65-100,2019,81
50086,0-16,2020,31
50086,16-64,2020,132
50086,65-100,2020,85
50086,0-16,2021,37
50086,16-64,2021,122
50086,65-100,2021,78
50086,0-16,2022,32
50086,16-64,2022,121
50086,65-100,2022,79
50087,0-16,2003,0
50087,16-64,2003,30
50087,65-100,2003,24
50087,0-16,2004,0
50087,16-64,2004,30
50087,65-100,2004,20
50087,0-16,2005,0
50087,16-64,2005,29
50087,65-100,2005,17
50087,0-16,2006,0
50087,16-64,2006,26
50087,65-100,2006,17
50087,0-16,2007,0
50087,16-64,2007,31
50087,65-100,2007,19
50087,0-16,2008,0
50087,16-64,2008,24
50087,65-100,2008,18
50087,0-16,2009,0
50087,16-64,2009,23
50087,65-100,2009,15
50087,0-16,2010,1
50087,16-64,2010,24
50087,65-100,2010,13
50087,0-16,2011,1
50087,16-64,2011,23
50087,65-100,2011,15
50087,0-16,2012,1
50087,16-64,2012,22
50087,65-100,2012,16
50087,0-16,2013,1
50087,16-64,2013,18
50087,65-100,2013,18
50087,0-16,2014,2
50087,16-64,2014,18
50087,65-100,2014,19
50087,0-16,2015,2
50087,16-64,2015,16
50087,65-100,2015,18
50087,0-16,2016,2
50087,16-64,2016,16
50087,65-100,2016,17
50087,0-16,2017,3
50087,16-64,2017,16
50087,65-100,2017,16
50087,0-16,2018,3
50087,16-64,2018,18
50087,65-100,2018,16
50087,0-16,2019,2
50087,16-64,2019,19
50087,65-100,2019,16
50087,0-16,2020,2
50087,16-64,2020,14
50087,65-100,2020,16
50087,0-16,2021,2
50087,16-64,2021,13
50087,65-100,2021,18
50087,0-16,2022,2
50087,16-64,2022,12
50087,65-100,2022,17
50088,0-16,2003,16
50088,16-64,2003,235
50088,65-100,2003,145
50088,0-16,2004,20
50088,16-64,2004,235
50088,65-100,2004,137
50088,0-16,2005,19
50088,16-64,2005,229
50088,65-100,2005,132
50088,0-16,2006,22
50088,16-64,2006,223
50088,65-100,2006,132
50088,0-16,2007,29
50088,16-64,2007,226
50088,65-100,2007,129
50088,0-16,2008,25
50088,16-64,2008,235
50088,65-100,2008,131
50088,0-16,2009,22
50088,16-64,2009,241
50088,65-100,2009,129
50088,0-16,2010,28
50088,16-64,2010,240
50088,65-100,2010,121
50088,0-16,2011,29
50088,16-64,2011,257
50088,65-100,2011,127
50088,0-16,2012,30
50088,16-64,2012,247
50088,65-100,2012,121
50088,0-16,2013,29
50088,16-64,2013,238
50088,65-100,2013,123
50088,0-16,2014,30
50088,16-64,2014,230
50088,65-100,2014,117
50088,0-16,2015,34
50088,16-64,2015,244
50088,65-100,2015,118
50088,0-16,2016,40
50088,16-64,2016,231
50088,65-100,2016,113
50088,0-16,2017,41
50088,16-64,2017,214
50088,65-100,2017,117
50088,0-16,2018,38
50088,16-64,2018,204
50088,65-100,2018,125
50088,0-16,2019,39
50088,16-64,2019,206
50088,65-100,2019,119
50088,0-16,2020,35
50088,16-64,2020,186
50088,65-100,2020,116
50088,0-16,2021,38
50088,16-64,2021,184
50088,65-100,2021,113
50088,0-16,2022,37
50088,16-64,2022,183
50088,65-100,2022,106
50089,0-16,2003,392
50089,16-64,2003,1646
50089,65-100,2003,211
50089,0-16,2004,476
50089,16-64,2004,1892
50089,65-100,2004,214
50089,0-16,2005,606
50089,16-64,2005,2242
50089,65-100,2005,230
50089,0-16,2006,750
50089,16-64,2006,2842
50089,65-100,2006,245
50089,0-16,2007,957
50089,16-64,2007,3510
50089,65-100,2007,259
50089,0-16,2008,1265
50089,16-64,2008,4838
50089,65-100,2008,301
50089,0-16,2009,1577
50089,16-64,2009,5779
50089,65-100,2009,331
50089,0-16,2010,1842
50089,16-64,2010,6458
50089,65-100,2010,358
50089,0-16,2011,2140
50089,16-64,2011,7031
50089,65-100,2011,393
50089,0-16,2012,2438
50089,16-64,2012,7532
50089,65-100,2012,424
50089,0-16,2013,2625
50089,16-64,2013,7947
50089,65-100,2013,471
50089,0-16,2014,2811
50089,16-64,2014,8261
50089,65-100,2014,517
50089,0-16,2015,3069
50089,16-64,2015,8503
50089,65-100,2015,569
50089,0-16,2016,3234
50089,16-64,2016,8734
50089,65-100,2016,613
50089,0-16,2017,3350
50089,16-64,2017,8844
50089,65-100,2017,668
50089,0-16,2018,3432
50089,16-64,2018,8915
50089,65-100,2018,708
50089,0-16,2019,3510
50089,16-64,2019,9037
50089,65-100,2019,756
50089,0-16,2020,3492
50089,16-64,2020,9139
50089,65-100,2020,819
50089,0-16,2021,3516
50089,16-64,2021,9380
50089,65-100,2021,877
50089,0-16,2022,3559
50089,16-64,2022,9658
50089,65-100,2022,952
50090,0-16,2003,14
50090,16-64,2003,123
50090,65-100,2003,70
50090,0-16,2004,14
50090,16-64,2004,117
50090,65-100,2004,67
50090,0-16,2005,20
50090,16-64,2005,126
50090,65-100,2005,69
50090,0-16,2006,16
50090,16-64,2006,123
50090,65-100,2006,70
50090,0-16,2007,17
50090,16-64,2007,118
50090,65-100,2007,68
50090,0-16,2008,19
50090,16-64,2008,118
50090,65-100,2008,74
50090,0-16,2009,19
50090,16-64,2009,109
50090,65-100,2009,72
50090,0-16,2010,19
50090,16-64,2010,102
50090,65-100,2010,71
50090,0-16,2011,19
50090,16-64,2011,99
50090,65-100,2011,76
50090,0-16,2012,18
50090,16-64,2012,91
50090,65-100,2012,78
50090,0-16,2013,20
50090,16-64,2013,89
50090,65-100,2013,79
50090,0-16,2014,17
50090,16-64,2014,91
50090,65-100,2014,76
50090,0-16,2015,20
50090,16-64,2015,93
50090,65-100,2015,76
50090,0-16,2016,18
50090,16-64,2016,86
50090,65-100,2016,71
50090,0-16,2017,21
50090,16-64,2017,82
50090,65-100,2017,72
50090,0-16,2018,18
50090,16-64,2018,86
50090,65-100,2018,64
50090,0-16,2019,15
50090,16-64,2019,80
50090,65-100,2019,60
50090,0-16,2020,15
50090,16-64,2020,84
50090,65-100,2020,56
50090,0-16,2021,14
50090,16-64,2021,77
50090,65-100,2021,55
50090,0-16,2022,19
50090,16-64,2022,78
50090,65-100,2022,56
50091,0-16,2003,4
50091,16-64,2003,34
50091,65-100,2003,62
50091,0-16,2004,4
50091,16-64,2004,33
50091,65-100,2004,58
50091,0-16,2005,3
50091,16-64,2005,32
50091,65-100,2005,57
50091,0-16,2006,2
50091,16-64,2006,29
50091,65-100,2006,54
50091,0-16,2007,2
50091,16-64,2007,28
50091,65-100,2007,45
50091,0-16,2008,2
50091,16-64,2008,26
50091,65-100,2008,41
50091,0-16,2009,1
50091,16-64,2009,26
50091,65-100,2009,41
50091,0-16,2010,1
50091,16-64,2010,27
50091,65-100,2010,38
50091,0-16,2011,1
50091,16-64,2011,26
50091,65-100,2011,35
50091,0-16,2012,1
50091,16-64,2012,26
50091,65-100,2012,28
50091,0-16,2013,1
50091,16-64,2013,23
50091,65-100,2013,28
50091,0-16,2014,1
50091,16-64,2014,22
50091,65-100,2014,28
50091,0-16,2015,1
50091,16-64,2015,19
50091,65-100,2015,30
50091,0-16,2016,1
50091,16-64,2016,18
50091,65-100,2016,25
50091,0-16,2017,1
50091,16-64,2017,20
50091,65-100,2017,23
50091,0-16,2018,1
50091,16-64,2018,20
50091,65-100,2018,18
50091,0-16,2019,0
50091,16-64,2019,20
50091,65-100,2019,21
50091,0-16,2020,0
50091,16-64,2020,21
50091,65-100,2020,20
50091,0-16,2021,0
50091,16-64,2021,22
50091,65-100,2021,20
50091,0-16,2022,0
50091,16-64,2022,24
50091,65-100,2022,15
50092,0-16,2003,37
50092,16-64,2003,225
50092,65-100,2003,121
50092,0-16,2004,34
50092,16-64,2004,211
50092,65-100,2004,123
50092,0-16,2005,30
50092,16-64,2005,195
50092,65-100,2005,128
50092,0-16,2006,25
50092,16-64,2006,176
50092,65-100,2006,127
50092,0-16,2007,25
50092,16-64,2007,169
50092,65-100,2007,115
50092,0-16,2008,24
50092,16-64,2008,159
50092,65-100,2008,115
50092,0-16,2009,22
50092,16-64,2009,156
50092,65-100,2009,112
50092,0-16,2010,19
50092,16-64,2010,148
50092,65-100,2010,109
50092,0-16,2011,71
50092,16-64,2011,261
50092,65-100,2011,133
50092,0-16,2012,70
50092,16-64,2012,262
50092,65-100,2012,133
50092,0-16,2013,73
50092,16-64,2013,276
50092,65-100,2013,138
50092,0-16,2014,77
50092,16-64,2014,293
50092,65-100,2014,144
50092,0-16,2015,72
50092,16-64,2015,290
50092,65-100,2015,136
50092,0-16,2016,72
50092,16-64,2016,289
50092,65-100,2016,122
50092,0-16,2017,70
50092,16-64,2017,291
50092,65-100,2017,120
50092,0-16,2018,76
50092,16-64,2018,310
50092,65-100,2018,122
50092,0-16,2019,75
50092,16-64,2019,340
50092,65-100,2019,108
50092,0-16,2020,62
50092,16-64,2020,335
50092,65-100,2020,100
50092,0-16,2021,58
50092,16-64,2021,351
50092,65-100,2021,94
50092,0-16,2022,71
50092,16-64,2022,353
50092,65-100,2022,91
50093,0-16,2003,7
50093,16-64,2003,51
50093,65-100,2003,59
50093,0-16,2004,10
50093,16-64,2004,68
50093,65-100,2004,60
50093,0-16,2005,11
50093,16-64,2005,76
50093,65-100,2005,61
50093,0-16,2006,11
50093,16-64,2006,72
50093,65-100,2006,63
50093,0-16,2007,10
50093,16-64,2007,80
50093,65-100,2007,62
50093,0-16,2008,11
50093,16-64,2008,74
50093,65-100,2008,63
50093,0-16,2009,11
50093,16-64,2009,78
50093,65-100,2009,65
50093,0-16,2010,11
50093,16-64,2010,75
50093,65-100,2010,63
50093,0-16,2011,14
50093,16-64,2011,77
50093,65-100,2011,56
50093,0-16,2012,13
50093,16-64,2012,81
50093,65-100,2012,53
50093,0-16,2013,12
50093,16-64,2013,75
50093,65-100,2013,48
50093,0-16,2014,12
50093,16-64,2014,74
50093,65-100,2014,49
50093,0-16,2015,14
50093,16-64,2015,72
50093,65-100,2015,46
50093,0-16,2016,15
50093,16-64,2016,65
50093,65-100,2016,45
50093,0-16,2017,12
50093,16-64,2017,59
50093,65-100,2017,41
50093,0-16,2018,12
50093,16-64,2018,62
50093,65-100,2018,39
50093,0-16,2019,10
50093,16-64,2019,57
50093,65-100,2019,37
50093,0-16,2020,9
50093,16-64,2020,58
50093,65-100,2020,37
50093,0-16,2021,7
50093,16-64,2021,60
50093,65-100,2021,33
50093,0-16,2022,6
50093,16-64,2022,56
50093,65-100,2022,34
50094,0-16,2003,259
50094,16-64,2003,1191
50094,65-100,2003,649
50094,0-16,2004,261
50094,16-64,2004,1243
50094,65-100,2004,651
50094,0-16,2005,277
50094,16-64,2005,1282
50094,65-100,2005,667
50094,0-16,2006,292
50094,16-64,2006,1352
50094,65-100,2006,682
50094,0-16,2007,274
50094,16-64,2007,1313
50094,65-100,2007,687
50094,0-16,2008,281
50094,16-64,2008,1367
50094,65-100,2008,697
50094,0-16,2009,285
50094,16-64,2009,1367
50094,65-100,2009,679
50094,0-16,2010,283
50094,16-64,2010,1361
50094,65-100,2010,656
50094,0-16,2011,293
50094,16-64,2011,1375
50094,65-100,2011,645
50094,0-16,2012,284
50094,16-64,2012,1358
50094,65-100,2012,646
50094,0-16,2013,284
50094,16-64,2013,1353
50094,65-100,2013,618
50094,0-16,2014,270
50094,16-64,2014,1323
50094,65-100,2014,600
50094,0-16,2015,262
50094,16-64,2015,1264
50094,65-100,2015,587
50094,0-16,2016,249
50094,16-64,2016,1260
50094,65-100,2016,578
50094,0-16,2017,252
50094,16-64,2017,1221
50094,65-100,2017,571
50094,0-16,2018,251
50094,16-64,2018,1176
50094,65-100,2018,569
50094,0-16,2019,251
50094,16-64,2019,1165
50094,65-100,2019,567
50094,0-16,2020,253
50094,16-64,2020,1162
50094,65-100,2020,550
50094,0-16,2021,241
50094,16-64,2021,1156
50094,65-100,2021,517
50094,0-16,2022,228
50094,16-64,2022,1173
50094,65-100,2022,520
50095,0-16,2003,2351
50095,16-64,2003,10863
50095,65-100,2003,3035
50095,0-16,2004,2384
50095,16-64,2004,11161
50095,65-100,2004,3053
50095,0-16,2005,2431
50095,16-64,2005,11454
50095,65-100,2005,3056
50095,0-16,2006,2431
50095,16-64,2006,11307
50095,65-100,2006,3047
50095,0-16,2007,2465
50095,16-64,2007,11451
50095,65-100,2007,3019
50095,0-16,2008,2456
50095,16-64,2008,11647
50095,65-100,2008,3075
50095,0-16,2009,2556
50095,16-64,2009,11688
50095,65-100,2009,3087
50095,0-16,2010,2569
50095,16-64,2010,11670
50095,65-100,2010,3105
50095,0-16,2011,2575
50095,16-64,2011,11626
50095,65-100,2011,3105
50095,0-16,2012,2570
50095,16-64,2012,11514
50095,65-100,2012,3096
50095,0-16,2013,2558
50095,16-64,2013,11496
50095,65-100,2013,3085
50095,0-16,2014,2491
50095,16-64,2014,11244
50095,65-100,2014,3135
50095,0-16,2015,2467
50095,16-64,2015,11143
50095,65-100,2015,3144
50095,0-16,2016,2413
50095,16-64,2016,10973
50095,65-100,2016,3155
50095,0-16,2017,2443
50095,16-64,2017,10986
50095,65-100,2017,3167
50095,0-16,2018,2436
50095,16-64,2018,10965
50095,65-100,2018,3204
50095,0-16,2019,2473
50095,16-64,2019,11048
50095,65-100,2019,3262
50095,0-16,2020,2456
50095,16-64,2020,11188
50095,65-100,2020,3340
50095,0-16,2021,2465
50095,16-64,2021,11205
50095,65-100,2021,3366
50095,0-16,2022,2442
50095,16-64,2022,11273
50095,65-100,2022,3409
50096,0-16,2003,4
50096,16-64,2003,60
50096,65-100,2003,39
50096,0-16,2004,5
50096,16-64,2004,39
50096,65-100,2004,40
50096,0-16,2005,2
50096,16-64,2005,29
50096,65-100,2005,40
50096,0-16,2006,2
50096,16-64,2006,26
50096,65-100,2006,38
50096,0-16,2007,2
50096,16-64,2007,26
50096,65-100,2007,34
50096,0-16,2008,2
50096,16-64,2008,26
50096,65-100,2008,32
50096,0-16,2009,1
50096,16-64,2009,25
50096,65-100,2009,30
50096,0-16,2010,0
50096,16-64,2010,27
50096,65-100,2010,29
50096,0-16,2011,1
50096,16-64,2011,27
50096,65-100,2011,25
50096,0-16,2012,1
50096,16-64,2012,27
50096,65-100,2012,24
50096,0-16,2013,1
50096,16-64,2013,24
50096,65-100,2013,26
50096,0-16,2014,1
50096,16-64,2014,22
50096,65-100,2014,26
50096,0-16,2015,1
50096,16-64,2015,21
50096,65-100,2015,25
50096,0-16,2016,1
50096,16-64,2016,19
50096,65-100,2016,21
50096,0-16,2017,1
50096,16-64,2017,18
50096,65-100,2017,20
50096,0-16,2018,1
50096,16-64,2018,18
50096,65-100,2018,17
50096,0-16,2019,1
50096,16-64,2019,20
50096,65-100,2019,16
50096,0-16,2020,1
50096,16-64,2020,19
50096,65-100,2020,15
50096,0-16,2021,1
50096,16-64,2021,17
50096,65-100,2021,14
50096,0-16,2022,1
50096,16-64,2022,16
50096,65-100,2022,14
50098,0-16,2003,35
50098,16-64,2003,152
50098,65-100,2003,124
50098,0-16,2004,33
50098,16-64,2004,149
50098,65-100,2004,112
50098,0-16,2005,35
50098,16-64,2005,147
50098,65-100,2005,111
50098,0-16,2006,38
50098,16-64,2006,131
50098,65-100,2006,110
50098,0-16,2007,33
50098,16-64,2007,130
50098,65-100,2007,108
50098,0-16,2008,33
50098,16-64,2008,136
50098,65-100,2008,102
50098,0-16,2009,26
50098,16-64,2009,133
50098,65-100,2009,105
50098,0-16,2010,19
50098,16-64,2010,129
50098,65-100,2010,104
50098,0-16,2011,20
50098,16-64,2011,128
50098,65-100,2011,105
50098,0-16,2012,16
50098,16-64,2012,120
50098,65-100,2012,103
50098,0-16,2013,15
50098,16-64,2013,124
50098,65-100,2013,99
50098,0-16,2014,12
50098,16-64,2014,126
50098,65-100,2014,97
50098,0-16,2015,13
50098,16-64,2015,122
50098,65-100,2015,87
50098,0-16,2016,7
50098,16-64,2016,114
50098,65-100,2016,84
50098,0-16,2017,6
50098,16-64,2017,108
50098,65-100,2017,84
50098,0-16,2018,5
50098,16-64,2018,108
50098,65-100,2018,76
50098,0-16,2019,5
50098,16-64,2019,102
50098,65-100,2019,71
50098,0-16,2020,7
50098,16-64,2020,105
50098,65-100,2020,66
50098,0-16,2021,9
50098,16-64,2021,109
50098,65-100,2021,68
50098,0-16,2022,9
50098,16-64,2022,108
50098,65-100,2022,68
50099,0-16,2003,616
50099,16-64,2003,2560
50099,65-100,2003,874
50099,0-16,2004,594
50099,16-64,2004,2619
50099,65-100,2004,876
50099,0-16,2005,609
50099,16-64,2005,2706
50099,65-100,2005,849
50099,0-16,2006,613
50099,16-64,2006,2697
50099,65-100,2006,874
50099,0-16,2007,609
50099,16-64,2007,2784
50099,65-100,2007,858
50099,0-16,2008,784
50099,16-64,2008,3039
50099,65-100,2008,859
50099,0-16,2009,771
50099,16-64,2009,3073
50099,65-100,2009,847
50099,0-16,2010,812
50099,16-64,2010,3088
50099,65-100,2010,865
50099,0-16,2011,805
50099,16-64,2011,3049
50099,65-100,2011,866
50099,0-16,2012,814
50099,16-64,2012,3064
50099,65-100,2012,868
50099,0-16,2013,813
50099,16-64,2013,3037
50099,65-100,2013,884
50099,0-16,2014,791
50099,16-64,2014,2926
50099,65-100,2014,876
50099,0-16,2015,779
50099,16-64,2015,2888
50099,65-100,2015,878
50099,0-16,2016,765
50099,16-64,2016,2820
50099,65-100,2016,867
50099,0-16,2017,773
50099,16-64,2017,2788
50099,65-100,2017,852
50099,0-16,2018,787
50099,16-64,2018,2764
50099,65-100,2018,851
50099,0-16,2019,768
50099,16-64,2019,2775
50099,65-100,2019,843
50099,0-16,2020,755
50099,16-64,2020,2772
50099,65-100,2020,845
50099,0-16,2021,771
50099,16-64,2021,2760
50099,65-100,2021,837
50099,0-16,2022,779
50099,16-64,2022,2811
50099,65-100,2022,857
50100,0-16,2003,36
50100,16-64,2003,271
50100,65-100,2003,138
50100,0-16,2004,33
50100,16-64,2004,268
50100,65-100,2004,137
50100,0-16,2005,33
50100,16-64,2005,264
50100,65-100,2005,132
50100,0-16,2006,33
50100,16-64,2006,272
50100,65-100,2006,129
50100,0-16,2007,31
50100,16-64,2007,277
50100,65-100,2007,126
50100,0-16,2008,37
50100,16-64,2008,267
50100,65-100,2008,122
50100,0-16,2009,37
50100,16-64,2009,253
50100,65-100,2009,130
50100,0-16,2010,40
50100,16-64,2010,252
50100,65-100,2010,129
50100,0-16,2011,37
50100,16-64,2011,245
50100,65-100,2011,124
50100,0-16,2012,33
50100,16-64,2012,236
50100,65-100,2012,131
50100,0-16,2013,34
50100,16-64,2013,228
50100,65-100,2013,131
50100,0-16,2014,27
50100,16-64,2014,217
50100,65-100,2014,131
50100,0-16,2015,32
50100,16-64,2015,212
50100,65-100,2015,127
50100,0-16,2016,30
50100,16-64,2016,203
50100,65-100,2016,131
50100,0-16,2017,29
50100,16-64,2017,197
50100,65-100,2017,128
50100,0-16,2018,30
50100,16-64,2018,193
50100,65-100,2018,122
50100,0-16,2019,28
50100,16-64,2019,191
50100,65-100,2019,123
50100,0-16,2020,30
50100,16-64,2020,190
50100,65-100,2020,121
50100,0-16,2021,33
50100,16-64,2021,195
50100,65-100,2021,128
50100,0-16,2022,35
50100,16-64,2022,204
50100,65-100,2022,121
50101,0-16,2003,149
50101,16-64,2003,642
50101,65-100,2003,398
50101,0-16,2004,139
50101,16-64,2004,640
50101,65-100,2004,381
50101,0-16,2005,133
50101,16-64,2005,656
50101,65-100,2005,371
50101,0-16,2006,129
50101,16-64,2006,660
50101,65-100,2006,366
50101,0-16,2007,134
50101,16-64,2007,680
50101,65-100,2007,347
50101,0-16,2008,124
50101,16-64,2008,694
50101,65-100,2008,336
50101,0-16,2009,119
50101,16-64,2009,723
50101,65-100,2009,321
50101,0-16,2010,111
50101,16-64,2010,707
50101,65-100,2010,314
50101,0-16,2011,113
50101,16-64,2011,692
50101,65-100,2011,316
50101,0-16,2012,116
50101,16-64,2012,710
50101,65-100,2012,307
50101,0-16,2013,107
50101,16-64,2013,694
50101,65-100,2013,303
50101,0-16,2014,121
50101,16-64,2014,696
50101,65-100,2014,296
50101,0-16,2015,118
50101,16-64,2015,674
50101,65-100,2015,292
50101,0-16,2016,117
50101,16-64,2016,665
50101,65-100,2016,287
50101,0-16,2017,121
50101,16-64,2017,645
50101,65-100,2017,280
50101,0-16,2018,107
50101,16-64,2018,643
50101,65-100,2018,276
50101,0-16,2019,117
50101,16-64,2019,650
50101,65-100,2019,284
50101,0-16,2020,130
50101,16-64,2020,652
50101,65-100,2020,285
50101,0-16,2021,138
50101,16-64,2021,685
50101,65-100,2021,297
50101,0-16,2022,144
50101,16-64,2022,710
50101,65-100,2022,302
50102,0-16,2003,108
50102,16-64,2003,707
50102,65-100,2003,383
50102,0-16,2004,119
50102,16-64,2004,693
50102,65-100,2004,383
50102,0-16,2005,112
50102,16-64,2005,691
50102,65-100,2005,370
50102,0-16,2006,127
50102,16-64,2006,734
50102,65-100,2006,360
50102,0-16,2007,124
50102,16-64,2007,741
50102,65-100,2007,365
50102,0-16,2008,127
50102,16-64,2008,724
50102,65-100,2008,377
50102,0-16,2009,126
50102,16-64,2009,725
50102,65-100,2009,374
50102,0-16,2010,135
50102,16-64,2010,751
50102,65-100,2010,369
50102,0-16,2011,138
50102,16-64,2011,755
50102,65-100,2011,370
50102,0-16,2012,140
50102,16-64,2012,764
50102,65-100,2012,351
50102,0-16,2013,152
50102,16-64,2013,775
50102,65-100,2013,349
50102,0-16,2014,148
50102,16-64,2014,729
50102,65-100,2014,354
50102,0-16,2015,158
50102,16-64,2015,714
50102,65-100,2015,355
50102,0-16,2016,139
50102,16-64,2016,696
50102,65-100,2016,349
50102,0-16,2017,133
50102,16-64,2017,696
50102,65-100,2017,343
50102,0-16,2018,128
50102,16-64,2018,686
50102,65-100,2018,338
50102,0-16,2019,125
50102,16-64,2019,671
50102,65-100,2019,329
50102,0-16,2020,122
50102,16-64,2020,653
50102,65-100,2020,334
50102,0-16,2021,112
50102,16-64,2021,652
50102,65-100,2021,332
50102,0-16,2022,117
50102,16-64,2022,650
50102,65-100,2022,321
50104,0-16,2003,38
50104,16-64,2003,285
50104,65-100,2003,128
50104,0-16,2004,35
50104,16-64,2004,286
50104,65-100,2004,121
50104,0-16,2005,33
50104,16-64,2005,291
50104,65-100,2005,119
50104,0-16,2006,38
50104,16-64,2006,281
50104,65-100,2006,128
50104,0-16,2007,38
50104,16-64,2007,272
50104,65-100,2007,129
50104,0-16,2008,41
50104,16-64,2008,275
50104,65-100,2008,128
50104,0-16,2009,40
50104,16-64,2009,265
50104,65-100,2009,127
50104,0-16,2010,38
50104,16-64,2010,280
50104,65-100,2010,121
50104,0-16,2011,34
50104,16-64,2011,272
50104,65-100,2011,129
50104,0-16,2012,33
50104,16-64,2012,261
50104,65-100,2012,134
50104,0-16,2013,31
50104,16-64,2013,249
50104,65-100,2013,131
50104,0-16,2014,33
50104,16-64,2014,238
50104,65-100,2014,136
50104,0-16,2015,39
50104,16-64,2015,240
50104,65-100,2015,135
50104,0-16,2016,36
50104,16-64,2016,234
50104,65-100,2016,134
50104,0-16,2017,36
50104,16-64,2017,225
50104,65-100,2017,130
50104,0-16,2018,37
50104,16-64,2018,212
50104,65-100,2018,137
50104,0-16,2019,37
50104,16-64,2019,201
50104,65-100,2019,141
50104,0-16,2020,28
50104,16-64,2020,201
50104,65-100,2020,137
50104,0-16,2021,25
50104,16-64,2021,216
50104,65-100,2021,137
50104,0-16,2022,23
50104,16-64,2022,214
50104,65-100,2022,139
50105,0-16,2003,22
50105,16-64,2003,214
50105,65-100,2003,145
50105,0-16,2004,24
50105,16-64,2004,222
50105,65-100,2004,149
50105,0-16,2005,23
50105,16-64,2005,222
50105,65-100,2005,149
50105,0-16,2006,26
50105,16-64,2006,244
50105,65-100,2006,157
50105,0-16,2007,28
50105,16-64,2007,256
50105,65-100,2007,150
50105,0-16,2008,27
50105,16-64,2008,268
50105,65-100,2008,141
50105,0-16,2009,28
50105,16-64,2009,264
50105,65-100,2009,130
50105,0-16,2010,28
50105,16-64,2010,250
50105,65-100,2010,129
50105,0-16,2011,31
50105,16-64,2011,249
50105,65-100,2011,126
50105,0-16,2012,27
50105,16-64,2012,233
50105,65-100,2012,124
50105,0-16,2013,28
50105,16-64,2013,220
50105,65-100,2013,124
50105,0-16,2014,25
50105,16-64,2014,208
50105,65-100,2014,115
50105,0-16,2015,30
50105,16-64,2015,204
50105,65-100,2015,121
50105,0-16,2016,33
50105,16-64,2016,198
50105,65-100,2016,123
50105,0-16,2017,34
50105,16-64,2017,193
50105,65-100,2017,120
50105,0-16,2018,38
50105,16-64,2018,199
50105,65-100,2018,117
50105,0-16,2019,49
50105,16-64,2019,211
50105,65-100,2019,119
50105,0-16,2020,51
50105,16-64,2020,211
50105,65-100,2020,118
50105,0-16,2021,51
50105,16-64,2021,214
50105,65-100,2021,117
50105,0-16,2022,59
50105,16-64,2022,223
50105,65-100,2022,115
50106,0-16,2003,10
50106,16-64,2003,80
50106,65-100,2003,89
50106,0-16,2004,11
50106,16-64,2004,75
50106,65-100,2004,89
50106,0-16,2005,9
50106,16-64,2005,74
50106,65-100,2005,91
50106,0-16,2006,10
50106,16-64,2006,73
50106,65-100,2006,89
50106,0-16,2007,11
50106,16-64,2007,71
50106,65-100,2007,89
50106,0-16,2008,10
50106,16-64,2008,67
50106,65-100,2008,91
50106,0-16,2009,9
50106,16-64,2009,64
50106,65-100,2009,85
50106,0-16,2010,6
50106,16-64,2010,65
50106,65-100,2010,82
50106,0-16,2011,7
50106,16-64,2011,68
50106,65-100,2011,78
50106,0-16,2012,7
50106,16-64,2012,68
50106,65-100,2012,77
50106,0-16,2013,6
50106,16-64,2013,68
50106,65-100,2013,77
50106,0-16,2014,9
50106,16-64,2014,65
50106,65-100,2014,79
50106,0-16,2015,8
50106,16-64,2015,68
50106,65-100,2015,75
50106,0-16,2016,7
50106,16-64,2016,62
50106,65-100,2016,78
50106,0-16,2017,6
50106,16-64,2017,61
50106,65-100,2017,69
50106,0-16,2018,8
50106,16-64,2018,65
50106,65-100,2018,68
50106,0-16,2019,8
50106,16-64,2019,69
50106,65-100,2019,62
50106,0-16,2020,7
50106,16-64,2020,61
50106,65-100,2020,63
50106,0-16,2021,7
50106,16-64,2021,69
50106,65-100,2021,58
50106,0-16,2022,7
50106,16-64,2022,65
50106,65-100,2022,59
50107,0-16,2003,184
50107,16-64,2003,722
50107,65-100,2003,177
50107,0-16,2004,187
50107,16-64,2004,755
50107,65-100,2004,169
50107,0-16,2005,186
50107,16-64,2005,779
50107,65-100,2005,168
50107,0-16,2006,196
50107,16-64,2006,771
50107,65-100,2006,163
50107,0-16,2007,197
50107,16-64,2007,826
50107,65-100,2007,168
50107,0-16,2008,195
50107,16-64,2008,900
50107,65-100,2008,172
50107,0-16,2009,195
50107,16-64,2009,969
50107,65-100,2009,187
50107,0-16,2010,184
50107,16-64,2010,965
50107,65-100,2010,183
50107,0-16,2011,177
50107,16-64,2011,940
50107,65-100,2011,186
50107,0-16,2012,180
50107,16-64,2012,941
50107,65-100,2012,201
50107,0-16,2013,173
50107,16-64,2013,948
50107,65-100,2013,198
50107,0-16,2014,196
50107,16-64,2014,871
50107,65-100,2014,196
50107,0-16,2015,184
50107,16-64,2015,844
50107,65-100,2015,201
50107,0-16,2016,179
50107,16-64,2016,829
50107,65-100,2016,210
50107,0-16,2017,185
50107,16-64,2017,835
50107,65-100,2017,210
50107,0-16,2018,185
50107,16-64,2018,838
50107,65-100,2018,217
50107,0-16,2019,179
50107,16-64,2019,855
50107,65-100,2019,225
50107,0-16,2020,173
50107,16-64,2020,857
50107,65-100,2020,232
50107,0-16,2021,172
50107,16-64,2021,839
50107,65-100,2021,228
50107,0-16,2022,157
50107,16-64,2022,826
50107,65-100,2022,243
50108,0-16,2003,1
50108,16-64,2003,8
50108,65-100,2003,6
50108,0-16,2004,1
50108,16-64,2004,7
50108,65-100,2004,6
50108,0-16,2005,1
50108,16-64,2005,36
50108,65-100,2005,13
50108,0-16,2006,1
50108,16-64,2006,38
50108,65-100,2006,12
50108,0-16,2007,1
50108,16-64,2007,38
50108,65-100,2007,13
50108,0-16,2008,1
50108,16-64,2008,42
50108,65-100,2008,11
50108,0-16,2009,0
50108,16-64,2009,40
50108,65-100,2009,11
50108,0-16,2010,0
50108,16-64,2010,41
50108,65-100,2010,11
50108,0-16,2011,0
50108,16-64,2011,37
50108,65-100,2011,13
50108,0-16,2012,1
50108,16-64,2012,37
50108,65-100,2012,14
50108,0-16,2013,2
50108,16-64,2013,37
50108,65-100,2013,13
50108,0-16,2014,3
50108,16-64,2014,36
50108,65-100,2014,15
50108,0-16,2015,1
50108,16-64,2015,34
50108,65-100,2015,16
50108,0-16,2016,2
50108,16-64,2016,36
50108,65-100,2016,16
50108,0-16,2017,0
50108,16-64,2017,35
50108,65-100,2017,17
50108,0-16,2018,0
50108,16-64,2018,38
50108,65-100,2018,16
50108,0-16,2019,0
50108,16-64,2019,37
50108,65-100,2019,19
50108,0-16,2020,1
50108,16-64,2020,42
50108,65-100,2020,17
50108,0-16,2021,4
50108,16-64,2021,42
50108,65-100,2021,13
50108,0-16,2022,2
50108,16-64,2022,42
50108,65-100,2022,15
50109,0-16,2003,6
50109,16-64,2003,62
50109,65-100,2003,56
50109,0-16,2004,7
50109,16-64,2004,59
50109,65-100,2004,53
50109,0-16,2005,7
50109,16-64,2005,71
50109,65-100,2005,47
50109,0-16,2006,10
50109,16-64,2006,73
50109,65-100,2006,44
50109,0-16,2007,9
50109,16-64,2007,65
50109,65-100,2007,41
50109,0-16,2008,10
50109,16-64,2008,69
50109,65-100,2008,39
50109,0-16,2009,10
50109,16-64,2009,68
50109,65-100,2009,37
50109,0-16,2010,6
50109,16-64,2010,69
50109,65-100,2010,31
50109,0-16,2011,6
50109,16-64,2011,70
50109,65-100,2011,31
50109,0-16,2012,5
50109,16-64,2012,73
50109,65-100,2012,31
50109,0-16,2013,4
50109,16-64,2013,70
50109,65-100,2013,31
50109,0-16,2014,2
50109,16-64,2014,70
50109,65-100,2014,32
50109,0-16,2015,2
50109,16-64,2015,70
50109,65-100,2015,32
50109,0-16,2016,1
50109,16-64,2016,67
50109,65-100,2016,33
50109,0-16,2017,1
50109,16-64,2017,70
50109,65-100,2017,36
50109,0-16,2018,1
50109,16-64,2018,64
50109,65-100,2018,34
50109,0-16,2019,1
50109,16-64,2019,63
50109,65-100,2019,35
50109,0-16,2020,1
50109,16-64,2020,59
50109,65-100,2020,37
50109,0-16,2021,3
50109,16-64,2021,73
50109,65-100,2021,39
50109,0-16,2022,4
50109,16-64,2022,73
50109,65-100,2022,40
50110,0-16,2003,34
50110,16-64,2003,307
50110,65-100,2003,194
50110,0-16,2004,29
50110,16-64,2004,299
50110,65-100,2004,202
50110,0-16,2005,28
50110,16-64,2005,280
50110,65-100,2005,197
50110,0-16,2006,23
50110,16-64,2006,274
50110,65-100,2006,197
50110,0-16,2007,25
50110,16-64,2007,261
50110,65-100,2007,191
50110,0-16,2008,28
50110,16-64,2008,266
50110,65-100,2008,186
50110,0-16,2009,25
50110,16-64,2009,274
50110,65-100,2009,180
50110,0-16,2010,25
50110,16-64,2010,276
50110,65-100,2010,175
50110,0-16,2011,24
50110,16-64,2011,274
50110,65-100,2011,179
50110,0-16,2012,22
50110,16-64,2012,256
50110,65-100,2012,174
50110,0-16,2013,26
50110,16-64,2013,244
50110,65-100,2013,171
50110,0-16,2014,27
50110,16-64,2014,247
50110,65-100,2014,165
50110,0-16,2015,25
50110,16-64,2015,235
50110,65-100,2015,155
50110,0-16,2016,21
50110,16-64,2016,222
50110,65-100,2016,156
50110,0-16,2017,19
50110,16-64,2017,217
50110,65-100,2017,150
50110,0-16,2018,20
50110,16-64,2018,219
50110,65-100,2018,145
50110,0-16,2019,21
50110,16-64,2019,220
50110,65-100,2019,139
50110,0-16,2020,19
50110,16-64,2020,225
50110,65-100,2020,135
50110,0-16,2021,22
50110,16-64,2021,247
50110,65-100,2021,125
50110,0-16,2022,17
50110,16-64,2022,231
50110,65-100,2022,131
50111,0-16,2003,22
50111,16-64,2003,119
50111,65-100,2003,82
50111,0-16,2004,26
50111,16-64,2004,127
50111,65-100,2004,78
50111,0-16,2005,25
50111,16-64,2005,137
50111,65-100,2005,79
50111,0-16,2006,27
50111,16-64,2006,132
50111,65-100,2006,78
50111,0-16,2007,25
50111,16-64,2007,135
50111,65-100,2007,77
50111,0-16,2008,21
50111,16-64,2008,134
50111,65-100,2008,78
50111,0-16,2009,20
50111,16-64,2009,145
50111,65-100,2009,70
50111,0-16,2010,16
50111,16-64,2010,133
50111,65-100,2010,71
50111,0-16,2011,14
50111,16-64,2011,127
50111,65-100,2011,76
50111,0-16,2012,15
50111,16-64,2012,121
50111,65-100,2012,72
50111,0-16,2013,13
50111,16-64,2013,125
50111,65-100,2013,66
50111,0-16,2014,13
50111,16-64,2014,129
50111,65-100,2014,65
50111,0-16,2015,12
50111,16-64,2015,134
50111,65-100,2015,59
50111,0-16,2016,12
50111,16-64,2016,129
50111,65-100,2016,60
50111,0-16,2017,12
50111,16-64,2017,135
50111,65-100,2017,56
50111,0-16,2018,12
50111,16-64,2018,132
50111,65-100,2018,58
50111,0-16,2019,14
50111,16-64,2019,132
50111,65-100,2019,58
50111,0-16,2020,13
50111,16-64,2020,129
50111,65-100,2020,57
50111,0-16,2021,15
50111,16-64,2021,128
50111,65-100,2021,57
50111,0-16,2022,17
50111,16-64,2022,129
50111,65-100,2022,58
50113,0-16,2003,71
50113,16-64,2003,499
50113,65-100,2003,224
50113,0-16,2004,59
50113,16-64,2004,493
50113,65-100,2004,221
50113,0-16,2005,54
50113,16-64,2005,489
50113,65-100,2005,207
50113,0-16,2006,75
50113,16-64,2006,565
50113,65-100,2006,211
50113,0-16,2007,81
50113,16-64,2007,563
50113,65-100,2007,224
50113,0-16,2008,104
50113,16-64,2008,705
50113,65-100,2008,225
50113,0-16,2009,107
50113,16-64,2009,631
50113,65-100,2009,231
50113,0-16,2010,112
50113,16-64,2010,613
50113,65-100,2010,228
50113,0-16,2011,119
50113,16-64,2011,623
50113,65-100,2011,237
50113,0-16,2012,122
50113,16-64,2012,621
50113,65-100,2012,230
50113,0-16,2013,117
50113,16-64,2013,602
50113,65-100,2013,229
50113,0-16,2014,81
50113,16-64,2014,548
50113,65-100,2014,230
50113,0-16,2015,86
50113,16-64,2015,527
50113,65-100,2015,220
50113,0-16,2016,72
50113,16-64,2016,495
50113,65-100,2016,219
50113,0-16,2017,87
50113,16-64,2017,510
50113,65-100,2017,220
50113,0-16,2018,85
50113,16-64,2018,490
50113,65-100,2018,218
50113,0-16,2019,80
50113,16-64,2019,489
50113,65-100,2019,209
50113,0-16,2020,84
50113,16-64,2020,480
50113,65-100,2020,220
50113,0-16,2021,78
50113,16-64,2021,472
50113,65-100,2021,216
50113,0-16,2022,76
50113,16-64,2022,466
50113,65-100,2022,221
50114,0-16,2003,10
50114,16-64,2003,110
50114,65-100,2003,58
50114,0-16,2004,10
50114,16-64,2004,111
50114,65-100,2004,55
50114,0-16,2005,9
50114,16-64,2005,113
50114,65-100,2005,51
50114,0-16,2006,6
50114,16-64,2006,108
50114,65-100,2006,53
50114,0-16,2007,9
50114,16-64,2007,116
50114,65-100,2007,54
50114,0-16,2008,10
50114,16-64,2008,114
50114,65-100,2008,50
50114,0-16,2009,11
50114,16-64,2009,108
50114,65-100,2009,50
50114,0-16,2010,13
50114,16-64,2010,111
50114,65-100,2010,50
50114,0-16,2011,17
50114,16-64,2011,116
50114,65-100,2011,47
50114,0-16,2012,13
50114,16-64,2012,113
50114,65-100,2012,46
50114,0-16,2013,14
50114,16-64,2013,108
50114,65-100,2013,47
50114,0-16,2014,11
50114,16-64,2014,98
50114,65-100,2014,44
50114,0-16,2015,9
50114,16-64,2015,92
50114,65-100,2015,43
50114,0-16,2016,5
50114,16-64,2016,82
50114,65-100,2016,39
50114,0-16,2017,4
50114,16-64,2017,82
50114,65-100,2017,40
50114,0-16,2018,6
50114,16-64,2018,79
50114,65-100,2018,36
50114,0-16,2019,8
50114,16-64,2019,93
50114,65-100,2019,44
50114,0-16,2020,14
50114,16-64,2020,90
50114,65-100,2020,41
50114,0-16,2021,10
50114,16-64,2021,91
50114,65-100,2021,41
50114,0-16,2022,10
50114,16-64,2022,92
50114,65-100,2022,42
50115,0-16,2003,604
50115,16-64,2003,2679
50115,65-100,2003,732
50115,0-16,2004,626
50115,16-64,2004,2715
50115,65-100,2004,744
50115,0-16,2005,630
50115,16-64,2005,2710
50115,65-100,2005,746
50115,0-16,2006,582
50115,16-64,2006,2675
50115,65-100,2006,745
50115,0-16,2007,606
50115,16-64,2007,2766
50115,65-100,2007,762
50115,0-16,2008,696
50115,16-64,2008,2942
50115,65-100,2008,778
50115,0-16,2009,763
50115,16-64,2009,3043
50115,65-100,2009,790
50115,0-16,2010,776
50115,16-64,2010,3046
50115,65-100,2010,795
50115,0-16,2011,776
50115,16-64,2011,3016
50115,65-100,2011,811
50115,0-16,2012,755
50115,16-64,2012,2993
50115,65-100,2012,829
50115,0-16,2013,797
50115,16-64,2013,3010
50115,65-100,2013,849
50115,0-16,2014,814
50115,16-64,2014,2973
50115,65-100,2014,856
50115,0-16,2015,798
50115,16-64,2015,2933
50115,65-100,2015,863
50115,0-16,2016,770
50115,16-64,2016,2937
50115,65-100,2016,859
50115,0-16,2017,771
50115,16-64,2017,2933
50115,65-100,2017,850
50115,0-16,2018,754
50115,16-64,2018,2928
50115,65-100,2018,861
50115,0-16,2019,746
50115,16-64,2019,2888
50115,65-100,2019,870
50115,0-16,2020,733
50115,16-64,2020,2932
50115,65-100,2020,884
50115,0-16,2021,730
50115,16-64,2021,2991
50115,65-100,2021,879
50115,0-16,2022,718
50115,16-64,2022,3008
50115,65-100,2022,887
50116,0-16,2003,15
50116,16-64,2003,161
50116,65-100,2003,141
50116,0-16,2004,17
50116,16-64,2004,153
50116,65-100,2004,138
50116,0-16,2005,16
50116,16-64,2005,145
50116,65-100,2005,139
50116,0-16,2006,15
50116,16-64,2006,138
50116,65-100,2006,143
50116,0-16,2007,17
50116,16-64,2007,129
50116,65-100,2007,138
50116,0-16,2008,16
50116,16-64,2008,142
50116,65-100,2008,136
50116,0-16,2009,16
50116,16-64,2009,135
50116,65-100,2009,131
50116,0-16,2010,17
50116,16-64,2010,138
50116,65-100,2010,125
50116,0-16,2011,19
50116,16-64,2011,142
50116,65-100,2011,118
50116,0-16,2012,22
50116,16-64,2012,144
50116,65-100,2012,114
50116,0-16,2013,22
50116,16-64,2013,130
50116,65-100,2013,109
50116,0-16,2014,15
50116,16-64,2014,123
50116,65-100,2014,105
50116,0-16,2015,11
50116,16-64,2015,104
50116,65-100,2015,104
50116,0-16,2016,24
50116,16-64,2016,140
50116,65-100,2016,105
50116,0-16,2017,17
50116,16-64,2017,129
50116,65-100,2017,99
50116,0-16,2018,16
50116,16-64,2018,118
50116,65-100,2018,95
50116,0-16,2019,17
50116,16-64,2019,124
50116,65-100,2019,90
50116,0-16,2020,14
50116,16-64,2020,127
50116,65-100,2020,88
50116,0-16,2021,13
50116,16-64,2021,118
50116,65-100,2021,80
50116,0-16,2022,12
50116,16-64,2022,118
50116,65-100,2022,78
50117,0-16,2003,23
50117,16-64,2003,96
50117,65-100,2003,56
50117,0-16,2004,13
50117,16-64,2004,89
50117,65-100,2004,56
50117,0-16,2005,12
50117,16-64,2005,87
50117,65-100,2005,58
50117,0-16,2006,14
50117,16-64,2006,88
50117,65-100,2006,53
50117,0-16,2007,15
50117,16-64,2007,88
50117,65-100,2007,53
50117,0-16,2008,17
50117,16-64,2008,89
50117,65-100,2008,52
50117,0-16,2009,15
50117,16-64,2009,87
50117,65-100,2009,51
50117,0-16,2010,14
50117,16-64,2010,86
50117,65-100,2010,52
50117,0-16,2011,16
50117,16-64,2011,85
50117,65-100,2011,55
50117,0-16,2012,18
50117,16-64,2012,83
50117,65-100,2012,53
50117,0-16,2013,16
50117,16-64,2013,81
50117,65-100,2013,57
50117,0-16,2014,18
50117,16-64,2014,81
50117,65-100,2014,59
50117,0-16,2015,20
50117,16-64,2015,84
50117,65-100,2015,56
50117,0-16,2016,18
50117,16-64,2016,79
50117,65-100,2016,55
50117,0-16,2017,23
50117,16-64,2017,84
50117,65-100,2017,55
50117,0-16,2018,18
50117,16-64,2018,80
50117,65-100,2018,56
50117,0-16,2019,18
50117,16-64,2019,80
50117,65-100,2019,54
50117,0-16,2020,9
50117,16-64,2020,81
50117,65-100,2020,46
50117,0-16,2021,8
50117,16-64,2021,78
50117,65-100,2021,42
50117,0-16,2022,5
50117,16-64,2022,70
50117,65-100,2022,45
50118,0-16,2003,400
50118,16-64,2003,1884
50118,65-100,2003,676
50118,0-16,2004,381
50118,16-64,2004,1894
50118,65-100,2004,663
50118,0-16,2005,396
50118,16-64,2005,1870
50118,65-100,2005,655
50118,0-16,2006,400
50118,16-64,2006,1842
50118,65-100,2006,657
50118,0-16,2007,431
50118,16-64,2007,1908
50118,65-100,2007,657
50118,0-16,2008,421
50118,16-64,2008,1927
50118,65-100,2008,656
50118,0-16,2009,423
50118,16-64,2009,1964
50118,65-100,2009,639
50118,0-16,2010,411
50118,16-64,2010,1957
50118,65-100,2010,639
50118,0-16,2011,397
50118,16-64,2011,1887
50118,65-100,2011,647
50118,0-16,2012,374
50118,16-64,2012,1845
50118,65-100,2012,663
50118,0-16,2013,366
50118,16-64,2013,1827
50118,65-100,2013,653
50118,0-16,2014,358
50118,16-64,2014,1774
50118,65-100,2014,647
50118,0-16,2015,330
50118,16-64,2015,1722
50118,65-100,2015,643
50118,0-16,2016,314
50118,16-64,2016,1682
50118,65-100,2016,634
50118,0-16,2017,314
50118,16-64,2017,1683
50118,65-100,2017,646
50118,0-16,2018,312
50118,16-64,2018,1666
50118,65-100,2018,650
50118,0-16,2019,325
50118,16-64,2019,1635
50118,65-100,2019,636
50118,0-16,2020,306
50118,16-64,2020,1630
50118,65-100,2020,630
50118,0-16,2021,284
50118,16-64,2021,1643
50118,65-100,2021,628
50118,0-16,2022,296
50118,16-64,2022,1629
50118,65-100,2022,638
50119,0-16,2003,123
50119,16-64,2003,707
50119,65-100,2003,380
50119,0-16,2004,119
50119,16-64,2004,707
50119,65-100,2004,390
50119,0-16,2005,120
50119,16-64,2005,727
50119,65-100,2005,374
50119,0-16,2006,111
50119,16-64,2006,723
50119,65-100,2006,371
50119,0-16,2007,108
50119,16-64,2007,721
50119,65-100,2007,369
50119,0-16,2008,113
50119,16-64,2008,718
50119,65-100,2008,376
50119,0-16,2009,127
50119,16-64,2009,723
50119,65-100,2009,376
50119,0-16,2010,125
50119,16-64,2010,711
50119,65-100,2010,365
50119,0-16,2011,122
50119,16-64,2011,693
50119,65-100,2011,359
50119,0-16,2012,121
50119,16-64,2012,700
50119,65-100,2012,352
50119,0-16,2013,114
50119,16-64,2013,672
50119,65-100,2013,349
50119,0-16,2014,120
50119,16-64,2014,658
50119,65-100,2014,344
50119,0-16,2015,114
50119,16-64,2015,631
50119,65-100,2015,342
50119,0-16,2016,121
50119,16-64,2016,645
50119,65-100,2016,332
50119,0-16,2017,112
50119,16-64,2017,611
50119,65-100,2017,332
50119,0-16,2018,100
50119,16-64,2018,581
50119,65-100,2018,314
50119,0-16,2019,103
50119,16-64,2019,597
50119,65-100,2019,313
50119,0-16,2020,91
50119,16-64,2020,596
50119,65-100,2020,309
50119,0-16,2021,94
50119,16-64,2021,595
50119,65-100,2021,308
50119,0-16,2022,104
50119,16-64,2022,595
50119,65-100,2022,308
50120,0-16,2003,3
50120,16-64,2003,22
50120,65-100,2003,41
50120,0-16,2004,3
50120,16-64,2004,18
50120,65-100,2004,39
50120,0-16,2005,3
50120,16-64,2005,16
50120,65-100,2005,40
50120,0-16,2006,3
50120,16-64,2006,18
50120,65-100,2006,36
50120,0-16,2007,3
50120,16-64,2007,17
50120,65-100,2007,35
50120,0-16,2008,3
50120,16-64,2008,16
50120,65-100,2008,35
50120,0-16,2009,2
50120,16-64,2009,16
50120,65-100,2009,34
50120,0-16,2010,1
50120,16-64,2010,16
50120,65-100,2010,29
50120,0-16,2011,1
50120,16-64,2011,15
50120,65-100,2011,28
50120,0-16,2012,1
50120,16-64,2012,13
50120,65-100,2012,29
50120,0-16,2013,0
50120,16-64,2013,10
50120,65-100,2013,29
50120,0-16,2014,0
50120,16-64,2014,10
50120,65-100,2014,26
50120,0-16,2015,0
50120,16-64,2015,9
50120,65-100,2015,26
50120,0-16,2016,3
50120,16-64,2016,28
50120,65-100,2016,22
50120,0-16,2017,3
50120,16-64,2017,28
50120,65-100,2017,21
50120,0-16,2018,3
50120,16-64,2018,29
50120,65-100,2018,22
50120,0-16,2019,3
50120,16-64,2019,28
50120,65-100,2019,23
50120,0-16,2020,3
50120,16-64,2020,31
50120,65-100,2020,19
50120,0-16,2021,2
50120,16-64,2021,29
50120,65-100,2021,18
50120,0-16,2022,1
50120,16-64,2022,32
50120,65-100,2022,16
50121,0-16,2003,60
50121,16-64,2003,249
50121,65-100,2003,90
50121,0-16,2004,61
50121,16-64,2004,235
50121,65-100,2004,93
50121,0-16,2005,63
50121,16-64,2005,229
50121,65-100,2005,98
50121,0-16,2006,58
50121,16-64,2006,222
50121,65-100,2006,102
50121,0-16,2007,57
50121,16-64,2007,232
50121,65-100,2007,103
50121,0-16,2008,57
50121,16-64,2008,221
50121,65-100,2008,107
50121,0-16,2009,54
50121,16-64,2009,226
50121,65-100,2009,111
50121,0-16,2010,58
50121,16-64,2010,224
50121,65-100,2010,117
50121,0-16,2011,57
50121,16-64,2011,212
50121,65-100,2011,115
50121,0-16,2012,49
50121,16-64,2012,201
50121,65-100,2012,116
50121,0-16,2013,43
50121,16-64,2013,190
50121,65-100,2013,119
50121,0-16,2014,40
50121,16-64,2014,186
50121,65-100,2014,121
50121,0-16,2015,38
50121,16-64,2015,175
50121,65-100,2015,121
50121,0-16,2016,33
50121,16-64,2016,171
50121,65-100,2016,122
50121,0-16,2017,26
50121,16-64,2017,167
50121,65-100,2017,121
50121,0-16,2018,25
50121,16-64,2018,162
50121,65-100,2018,119
50121,0-16,2019,22
50121,16-64,2019,185
50121,65-100,2019,111
50121,0-16,2020,17
50121,16-64,2020,178
50121,65-100,2020,107
50121,0-16,2021,17
50121,16-64,2021,187
50121,65-100,2021,107
50121,0-16,2022,12
50121,16-64,2022,175
50121,65-100,2022,103
50122,0-16,2003,3
50122,16-64,2003,38
50122,65-100,2003,22
50122,0-16,2004,3
50122,16-64,2004,37
50122,65-100,2004,20
50122,0-16,2005,3
50122,16-64,2005,46
50122,65-100,2005,21
50122,0-16,2006,3
50122,16-64,2006,54
50122,65-100,2006,22
50122,0-16,2007,6
50122,16-64,2007,64
50122,65-100,2007,28
50122,0-16,2008,6
50122,16-64,2008,61
50122,65-100,2008,30
50122,0-16,2009,1
50122,16-64,2009,57
50122,65-100,2009,26
50122,0-16,2010,1
50122,16-64,2010,50
50122,65-100,2010,28
50122,0-16,2011,1
50122,16-64,2011,46
50122,65-100,2011,24
50122,0-16,2012,3
50122,16-64,2012,40
50122,65-100,2012,23
50122,0-16,2013,3
50122,16-64,2013,45
50122,65-100,2013,22
50122,0-16,2014,3
50122,16-64,2014,38
50122,65-100,2014,26
50122,0-16,2015,5
50122,16-64,2015,44
50122,65-100,2015,25
50122,0-16,2016,6
50122,16-64,2016,43
50122,65-100,2016,22
50122,0-16,2017,9
50122,16-64,2017,47
50122,65-100,2017,19
50122,0-16,2018,9
50122,16-64,2018,42
50122,65-100,2018,16
50122,0-16,2019,9
50122,16-64,2019,49
50122,65-100,2019,16
50122,0-16,2020,7
50122,16-64,2020,50
50122,65-100,2020,17
50122,0-16,2021,7
50122,16-64,2021,53
50122,65-100,2021,23
50122,0-16,2022,7
50122,16-64,2022,53
50122,65-100,2022,22
50123,0-16,2003,53
50123,16-64,2003,281
50123,65-100,2003,146
50123,0-16,2004,50
50123,16-64,2004,285
50123,65-100,2004,142
50123,0-16,2005,55
50123,16-64,2005,296
50123,65-100,2005,133
50123,0-16,2006,57
50123,16-64,2006,282
50123,65-100,2006,128
50123,0-16,2007,52
50123,16-64,2007,295
50123,65-100,2007,121
50123,0-16,2008,62
50123,16-64,2008,342
50123,65-100,2008,115
50123,0-16,2009,68
50123,16-64,2009,360
50123,65-100,2009,121
50123,0-16,2010,70
50123,16-64,2010,369
50123,65-100,2010,115
50123,0-16,2011,78
50123,16-64,2011,376
50123,65-100,2011,109
50123,0-16,2012,87
50123,16-64,2012,404
50123,65-100,2012,112
50123,0-16,2013,88
50123,16-64,2013,422
50123,65-100,2013,116
50123,0-16,2014,88
50123,16-64,2014,426
50123,65-100,2014,122
50123,0-16,2015,106
50123,16-64,2015,423
50123,65-100,2015,127
50123,0-16,2016,95
50123,16-64,2016,401
50123,65-100,2016,126
50123,0-16,2017,102
50123,16-64,2017,407
50123,65-100,2017,116
50123,0-16,2018,95
50123,16-64,2018,384
50123,65-100,2018,118
50123,0-16,2019,98
50123,16-64,2019,375
50123,65-100,2019,116
50123,0-16,2020,99
50123,16-64,2020,378
50123,65-100,2020,113
50123,0-16,2021,98
50123,16-64,2021,395
50123,65-100,2021,112
50123,0-16,2022,98
50123,16-64,2022,416
50123,65-100,2022,109
50124,0-16,2003,46
50124,16-64,2003,337
50124,65-100,2003,238
50124,0-16,2004,52
50124,16-64,2004,355
50124,65-100,2004,227
50124,0-16,2005,65
50124,16-64,2005,360
50124,65-100,2005,222
50124,0-16,2006,81
50124,16-64,2006,367
50124,65-100,2006,222
50124,0-16,2007,74
50124,16-64,2007,352
50124,65-100,2007,222
50124,0-16,2008,68
50124,16-64,2008,341
50124,65-100,2008,219
50124,0-16,2009,68
50124,16-64,2009,347
50124,65-100,2009,215
50124,0-16,2010,67
50124,16-64,2010,338
50124,65-100,2010,211
50124,0-16,2011,62
50124,16-64,2011,337
50124,65-100,2011,205
50124,0-16,2012,57
50124,16-64,2012,328
50124,65-100,2012,191
50124,0-16,2013,58
50124,16-64,2013,323
50124,65-100,2013,188
50124,0-16,2014,60
50124,16-64,2014,323
50124,65-100,2014,182
50124,0-16,2015,64
50124,16-64,2015,315
50124,65-100,2015,171
50124,0-16,2016,59
50124,16-64,2016,304
50124,65-100,2016,173
50124,0-16,2017,49
50124,16-64,2017,299
50124,65-100,2017,178
50124,0-16,2018,50
50124,16-64,2018,286
50124,65-100,2018,170
50124,0-16,2019,57
50124,16-64,2019,286
50124,65-100,2019,163
50124,0-16,2020,48
50124,16-64,2020,282
50124,65-100,2020,159
50124,0-16,2021,45
50124,16-64,2021,305
50124,65-100,2021,146
50124,0-16,2022,62
50124,16-64,2022,316
50124,65-100,2022,145
50125,0-16,2003,46
50125,16-64,2003,275
50125,65-100,2003,209
50125,0-16,2004,49
50125,16-64,2004,281
50125,65-100,2004,211
50125,0-16,2005,55
50125,16-64,2005,272
50125,65-100,2005,207
50125,0-16,2006,43
50125,16-64,2006,253
50125,65-100,2006,205
50125,0-16,2007,54
50125,16-64,2007,265
50125,65-100,2007,206
50125,0-16,2008,51
50125,16-64,2008,269
50125,65-100,2008,192
50125,0-16,2009,50
50125,16-64,2009,272
50125,65-100,2009,188
50125,0-16,2010,48
50125,16-64,2010,256
50125,65-100,2010,186
50125,0-16,2011,44
50125,16-64,2011,257
50125,65-100,2011,181
50125,0-16,2012,44
50125,16-64,2012,257
50125,65-100,2012,170
50125,0-16,2013,53
50125,16-64,2013,239
50125,65-100,2013,168
50125,0-16,2014,59
50125,16-64,2014,250
50125,65-100,2014,174
50125,0-16,2015,55
50125,16-64,2015,233
50125,65-100,2015,167
50125,0-16,2016,49
50125,16-64,2016,224
50125,65-100,2016,156
50125,0-16,2017,47
50125,16-64,2017,218
50125,65-100,2017,148
50125,0-16,2018,42
50125,16-64,2018,216
50125,65-100,2018,146
50125,0-16,2019,40
50125,16-64,2019,218
50125,65-100,2019,146
50125,0-16,2020,34
50125,16-64,2020,218
50125,65-100,2020,143
50125,0-16,2021,32
50125,16-64,2021,223
50125,65-100,2021,133
50125,0-16,2022,30
50125,16-64,2022,231
50125,65-100,2022,123
50126,0-16,2003,600
50126,16-64,2003,2319
50126,65-100,2003,525
50126,0-16,2004,601
50126,16-64,2004,2278
50126,65-100,2004,517
50126,0-16,2005,559
50126,16-64,2005,2262
50126,65-100,2005,511
50126,0-16,2006,541
50126,16-64,2006,2223
50126,65-100,2006,524
50126,0-16,2007,531
50126,16-64,2007,2229
50126,65-100,2007,519
50126,0-16,2008,506
50126,16-64,2008,2233
50126,65-100,2008,530
50126,0-16,2009,504
50126,16-64,2009,2310
50126,65-100,2009,567
50126,0-16,2010,495
50126,16-64,2010,2275
50126,65-100,2010,578
50126,0-16,2011,476
50126,16-64,2011,2224
50126,65-100,2011,582
50126,0-16,2012,475
50126,16-64,2012,2211
50126,65-100,2012,604
50126,0-16,2013,443
50126,16-64,2013,2158
50126,65-100,2013,615
50126,0-16,2014,418
50126,16-64,2014,2113
50126,65-100,2014,628
50126,0-16,2015,403
50126,16-64,2015,2102
50126,65-100,2015,634
50126,0-16,2016,407
50126,16-64,2016,2077
50126,65-100,2016,625
50126,0-16,2017,385
50126,16-64,2017,2027
50126,65-100,2017,632
50126,0-16,2018,357
50126,16-64,2018,1980
50126,65-100,2018,627
50126,0-16,2019,328
50126,16-64,2019,1954
50126,65-100,2019,642
50126,0-16,2020,281
50126,16-64,2020,1894
50126,65-100,2020,634
50126,0-16,2021,274
50126,16-64,2021,1859
50126,65-100,2021,645
50126,0-16,2022,258
50126,16-64,2022,1820
50126,65-100,2022,668
50128,0-16,2003,1
50128,16-64,2003,41
50128,65-100,2003,14
50128,0-16,2004,1
50128,16-64,2004,38
50128,65-100,2004,14
50128,0-16,2005,2
50128,16-64,2005,37
50128,65-100,2005,14
50128,0-16,2006,1
50128,16-64,2006,36
50128,65-100,2006,13
50128,0-16,2007,2
50128,16-64,2007,30
50128,65-100,2007,13
50128,0-16,2008,2
50128,16-64,2008,24
50128,65-100,2008,13
50128,0-16,2009,3
50128,16-64,2009,20
50128,65-100,2009,14
50128,0-16,2010,4
50128,16-64,2010,18
50128,65-100,2010,15
50128,0-16,2011,3
50128,16-64,2011,17
50128,65-100,2011,16
50128,0-16,2012,3
50128,16-64,2012,14
50128,65-100,2012,17
50128,0-16,2013,3
50128,16-64,2013,15
50128,65-100,2013,15
50128,0-16,2014,3
50128,16-64,2014,13
50128,65-100,2014,17
50128,0-16,2015,3
50128,16-64,2015,13
50128,65-100,2015,19
50128,0-16,2016,3
50128,16-64,2016,11
50128,65-100,2016,18
50128,0-16,2017,3
50128,16-64,2017,10
50128,65-100,2017,18
50128,0-16,2018,3
50128,16-64,2018,12
50128,65-100,2018,16
50128,0-16,2019,3
50128,16-64,2019,11
50128,65-100,2019,17
50128,0-16,2020,3
50128,16-64,2020,14
50128,65-100,2020,14
50128,0-16,2021,3
50128,16-64,2021,15
50128,65-100,2021,15
50128,0-16,2022,3
50128,16-64,2022,14
50128,65-100,2022,16
50129,0-16,2003,31
50129,16-64,2003,190
50129,65-100,2003,102
50129,0-16,2004,31
50129,16-64,2004,187
50129,65-100,2004,98
50129,0-16,2005,32
50129,16-64,2005,184
50129,65-100,2005,98
50129,0-16,2006,34
50129,16-64,2006,190
50129,65-100,2006,100
50129,0-16,2007,36
50129,16-64,2007,189
50129,65-100,2007,101
50129,0-16,2008,47
50129,16-64,2008,202
50129,65-100,2008,100
50129,0-16,2009,53
50129,16-64,2009,205
50129,65-100,2009,100
50129,0-16,2010,54
50129,16-64,2010,214
50129,65-100,2010,92
50129,0-16,2011,54
50129,16-64,2011,212
50129,65-100,2011,97
50129,0-16,2012,52
50129,16-64,2012,213
50129,65-100,2012,90
50129,0-16,2013,46
50129,16-64,2013,205
50129,65-100,2013,89
50129,0-16,2014,48
50129,16-64,2014,192
50129,65-100,2014,89
50129,0-16,2015,47
50129,16-64,2015,186
50129,65-100,2015,91
50129,0-16,2016,46
50129,16-64,2016,185
50129,65-100,2016,84
50129,0-16,2017,47
50129,16-64,2017,175
50129,65-100,2017,79
50129,0-16,2018,46
50129,16-64,2018,162
50129,65-100,2018,72
50129,0-16,2019,43
50129,16-64,2019,168
50129,65-100,2019,69
50129,0-16,2020,43
50129,16-64,2020,169
50129,65-100,2020,70
50129,0-16,2021,43
50129,16-64,2021,168
50129,65-100,2021,71
50129,0-16,2022,44
50129,16-64,2022,174
50129,65-100,2022,62
50130,0-16,2003,70
50130,16-64,2003,325
50130,65-100,2003,160
50130,0-16,2004,71
50130,16-64,2004,333
50130,65-100,2004,152
50130,0-16,2005,72
50130,16-64,2005,335
50130,65-100,2005,146
50130,0-16,2006,67
50130,16-64,2006,322
50130,65-100,2006,152
50130,0-16,2007,68
50130,16-64,2007,324
50130,65-100,2007,159
50130,0-16,2008,69
50130,16-64,2008,317
50130,65-100,2008,163
50130,0-16,2009,63
50130,16-64,2009,318
50130,65-100,2009,165
50130,0-16,2010,65
50130,16-64,2010,322
50130,65-100,2010,163
50130,0-16,2011,57
50130,16-64,2011,322
50130,65-100,2011,164
50130,0-16,2012,49
50130,16-64,2012,320
50130,65-100,2012,162
50130,0-16,2013,49
50130,16-64,2013,327
50130,65-100,2013,153
50130,0-16,2014,46
50130,16-64,2014,308
50130,65-100,2014,147
50130,0-16,2015,34
50130,16-64,2015,296
50130,65-100,2015,143
50130,0-16,2016,32
50130,16-64,2016,290
50130,65-100,2016,135
50130,0-16,2017,32
50130,16-64,2017,285
50130,65-100,2017,131
50130,0-16,2018,33
50130,16-64,2018,279
50130,65-100,2018,124
50130,0-16,2019,31
50130,16-64,2019,280
50130,65-100,2019,124
50130,0-16,2020,30
50130,16-64,2020,266
50130,65-100,2020,121
50130,0-16,2021,34
50130,16-64,2021,260
50130,65-100,2021,119
50130,0-16,2022,35
50130,16-64,2022,261
50130,65-100,2022,111
50131,0-16,2003,21
50131,16-64,2003,160
50131,65-100,2003,106
50131,0-16,2004,28
50131,16-64,2004,173
50131,65-100,2004,106
50131,0-16,2005,28
50131,16-64,2005,170
50131,65-100,2005,110
50131,0-16,2006,30
50131,16-64,2006,176
50131,65-100,2006,110
50131,0-16,2007,29
50131,16-64,2007,188
50131,65-100,2007,109
50131,0-16,2008,20
50131,16-64,2008,163
50131,65-100,2008,112
50131,0-16,2009,23
50131,16-64,2009,167
50131,65-100,2009,115
50131,0-16,2010,31
50131,16-64,2010,175
50131,65-100,2010,117
50131,0-16,2011,27
50131,16-64,2011,158
50131,65-100,2011,117
50131,0-16,2012,18
50131,16-64,2012,148
50131,65-100,2012,113
50131,0-16,2013,14
50131,16-64,2013,143
50131,65-100,2013,108
50131,0-16,2014,13
50131,16-64,2014,148
50131,65-100,2014,107
50131,0-16,2015,10
50131,16-64,2015,148
50131,65-100,2015,102
50131,0-16,2016,5
50131,16-64,2016,136
50131,65-100,2016,113
50131,0-16,2017,8
50131,16-64,2017,134
50131,65-100,2017,108
50131,0-16,2018,6
50131,16-64,2018,132
50131,65-100,2018,99
50131,0-16,2019,11
50131,16-64,2019,132
50131,65-100,2019,92
50131,0-16,2020,12
50131,16-64,2020,142
50131,65-100,2020,97
50131,0-16,2021,16
50131,16-64,2021,160
50131,65-100,2021,99
50131,0-16,2022,17
50131,16-64,2022,162
50131,65-100,2022,99
50132,0-16,2003,69
50132,16-64,2003,342
50132,65-100,2003,95
50132,0-16,2004,91
50132,16-64,2004,425
50132,65-100,2004,93
50132,0-16,2005,109
50132,16-64,2005,493
50132,65-100,2005,95
50132,0-16,2006,127
50132,16-64,2006,512
50132,65-100,2006,94
50132,0-16,2007,141
50132,16-64,2007,552
50132,65-100,2007,97
50132,0-16,2008,169
50132,16-64,2008,605
50132,65-100,2008,99
50132,0-16,2009,173
50132,16-64,2009,628
50132,65-100,2009,101
50132,0-16,2010,190
50132,16-64,2010,636
50132,65-100,2010,110
50132,0-16,2011,189
50132,16-64,2011,631
50132,65-100,2011,121
50132,0-16,2012,193
50132,16-64,2012,630
50132,65-100,2012,113
50132,0-16,2013,194
50132,16-64,2013,675
50132,65-100,2013,114
50132,0-16,2014,207
50132,16-64,2014,673
50132,65-100,2014,127
50132,0-16,2015,225
50132,16-64,2015,697
50132,65-100,2015,120
50132,0-16,2016,225
50132,16-64,2016,681
50132,65-100,2016,126
50132,0-16,2017,221
50132,16-64,2017,701
50132,65-100,2017,136
50132,0-16,2018,219
50132,16-64,2018,707
50132,65-100,2018,146
50132,0-16,2019,223
50132,16-64,2019,699
50132,65-100,2019,151
50132,0-16,2020,224
50132,16-64,2020,728
50132,65-100,2020,149
50132,0-16,2021,227
50132,16-64,2021,761
50132,65-100,2021,144
50132,0-16,2022,218
50132,16-64,2022,750
50132,65-100,2022,151
50133,0-16,2003,11
50133,16-64,2003,70
50133,65-100,2003,60
50133,0-16,2004,10
50133,16-64,2004,66
50133,65-100,2004,56
50133,0-16,2005,10
50133,16-64,2005,71
50133,65-100,2005,60
50133,0-16,2006,8
50133,16-64,2006,84
50133,65-100,2006,63
50133,0-16,2007,8
50133,16-64,2007,77
50133,65-100,2007,59
50133,0-16,2008,8
50133,16-64,2008,75
50133,65-100,2008,58
50133,0-16,2009,7
50133,16-64,2009,74
50133,65-100,2009,56
50133,0-16,2010,8
50133,16-64,2010,71
50133,65-100,2010,55
50133,0-16,2011,9
50133,16-64,2011,82
50133,65-100,2011,54
50133,0-16,2012,8
50133,16-64,2012,76
50133,65-100,2012,51
50133,0-16,2013,6
50133,16-64,2013,83
50133,65-100,2013,53
50133,0-16,2014,6
50133,16-64,2014,74
50133,65-100,2014,53
50133,0-16,2015,4
50133,16-64,2015,68
50133,65-100,2015,52
50133,0-16,2016,8
50133,16-64,2016,67
50133,65-100,2016,51
50133,0-16,2017,7
50133,16-64,2017,65
50133,65-100,2017,47
50133,0-16,2018,6
50133,16-64,2018,59
50133,65-100,2018,46
50133,0-16,2019,7
50133,16-64,2019,57
50133,65-100,2019,47
50133,0-16,2020,6
50133,16-64,2020,58
50133,65-100,2020,45
50133,0-16,2021,5
50133,16-64,2021,62
50133,65-100,2021,47
50133,0-16,2022,5
50133,16-64,2022,62
50133,65-100,2022,42
50134,0-16,2003,8
50134,16-64,2003,85
50134,65-100,2003,78
50134,0-16,2004,7
50134,16-64,2004,93
50134,65-100,2004,75
50134,0-16,2005,7
50134,16-64,2005,88
50134,65-100,2005,69
50134,0-16,2006,6
50134,16-64,2006,85
50134,65-100,2006,68
50134,0-16,2007,5
50134,16-64,2007,86
50134,65-100,2007,63
50134,0-16,2008,5
50134,16-64,2008,81
50134,65-100,2008,65
50134,0-16,2009,4
50134,16-64,2009,82
50134,65-100,2009,66
50134,0-16,2010,4
50134,16-64,2010,81
50134,65-100,2010,66
50134,0-16,2011,4
50134,16-64,2011,75
50134,65-100,2011,66
50134,0-16,2012,4
50134,16-64,2012,74
50134,65-100,2012,63
50134,0-16,2013,4
50134,16-64,2013,62
50134,65-100,2013,68
50134,0-16,2014,2
50134,16-64,2014,67
50134,65-100,2014,67
50134,0-16,2015,2
50134,16-64,2015,70
50134,65-100,2015,65
50134,0-16,2016,2
50134,16-64,2016,69
50134,65-100,2016,63
50134,0-16,2017,3
50134,16-64,2017,64
50134,65-100,2017,66
50134,0-16,2018,3
50134,16-64,2018,65
50134,65-100,2018,64
50134,0-16,2019,1
50134,16-64,2019,60
50134,65-100,2019,60
50134,0-16,2020,4
50134,16-64,2020,60
50134,65-100,2020,58
50134,0-16,2021,4
50134,16-64,2021,53
50134,65-100,2021,59
50134,0-16,2022,4
50134,16-64,2022,53
50134,65-100,2022,58
50135,0-16,2003,8
50135,16-64,2003,88
50135,65-100,2003,29
50135,0-16,2004,8
50135,16-64,2004,87
50135,65-100,2004,25
50135,0-16,2005,8
50135,16-64,2005,87
50135,65-100,2005,28
50135,0-16,2006,13
50135,16-64,2006,78
50135,65-100,2006,31
50135,0-16,2007,12
50135,16-64,2007,72
50135,65-100,2007,32
50135,0-16,2008,12
50135,16-64,2008,66
50135,65-100,2008,36
50135,0-16,2009,11
50135,16-64,2009,64
50135,65-100,2009,36
50135,0-16,2010,16
50135,16-64,2010,72
50135,65-100,2010,36
50135,0-16,2011,13
50135,16-64,2011,74
50135,65-100,2011,36
50135,0-16,2012,13
50135,16-64,2012,75
50135,65-100,2012,39
50135,0-16,2013,11
50135,16-64,2013,58
50135,65-100,2013,39
50135,0-16,2014,13
50135,16-64,2014,66
50135,65-100,2014,40
50135,0-16,2015,11
50135,16-64,2015,61
50135,65-100,2015,42
50135,0-16,2016,7
50135,16-64,2016,55
50135,65-100,2016,39
50135,0-16,2017,7
50135,16-64,2017,59
50135,65-100,2017,39
50135,0-16,2018,8
50135,16-64,2018,58
50135,65-100,2018,34
50135,0-16,2019,7
50135,16-64,2019,54
50135,65-100,2019,36
50135,0-16,2020,5
50135,16-64,2020,56
50135,65-100,2020,33
50135,0-16,2021,5
50135,16-64,2021,57
50135,65-100,2021,30
50135,0-16,2022,8
50135,16-64,2022,58
50135,65-100,2022,30
50136,0-16,2003,74
50136,16-64,2003,379
50136,65-100,2003,333
50136,0-16,2004,77
50136,16-64,2004,375
50136,65-100,2004,325
50136,0-16,2005,71
50136,16-64,2005,396
50136,65-100,2005,309
50136,0-16,2006,66
50136,16-64,2006,390
50136,65-100,2006,302
50136,0-16,2007,61
50136,16-64,2007,384
50136,65-100,2007,291
50136,0-16,2008,57
50136,16-64,2008,386
50136,65-100,2008,293
50136,0-16,2009,60
50136,16-64,2009,383
50136,65-100,2009,289
50136,0-16,2010,66
50136,16-64,2010,406
50136,65-100,2010,293
50136,0-16,2011,64
50136,16-64,2011,409
50136,65-100,2011,286
50136,0-16,2012,66
50136,16-64,2012,407
50136,65-100,2012,284
50136,0-16,2013,71
50136,16-64,2013,411
50136,65-100,2013,272
50136,0-16,2014,65
50136,16-64,2014,403
50136,65-100,2014,262
50136,0-16,2015,64
50136,16-64,2015,415
50136,65-100,2015,250
50136,0-16,2016,60
50136,16-64,2016,419
50136,65-100,2016,247
50136,0-16,2017,55
50136,16-64,2017,394
50136,65-100,2017,238
50136,0-16,2018,50
50136,16-64,2018,386
50136,65-100,2018,225
50136,0-16,2019,48
50136,16-64,2019,367
50136,65-100,2019,218
50136,0-16,2020,45
50136,16-64,2020,369
50136,65-100,2020,217
50136,0-16,2021,51
50136,16-64,2021,370
50136,65-100,2021,221
50136,0-16,2022,49
50136,16-64,2022,370
50136,65-100,2022,215
50137,0-16,2003,110
50137,16-64,2003,795
50137,65-100,2003,391
50137,0-16,2004,105
50137,16-64,2004,784
50137,65-100,2004,391
50137,0-16,2005,105
50137,16-64,2005,789
50137,65-100,2005,390
50137,0-16,2006,113
50137,16-64,2006,784
50137,65-100,2006,391
50137,0-16,2007,121
50137,16-64,2007,783
50137,65-100,2007,387
50137,0-16,2008,124
50137,16-64,2008,786
50137,65-100,2008,399
50137,0-16,2009,120
50137,16-64,2009,777
50137,65-100,2009,402
50137,0-16,2010,123
50137,16-64,2010,772
50137,65-100,2010,410
50137,0-16,2011,136
50137,16-64,2011,778
50137,65-100,2011,425
50137,0-16,2012,140
50137,16-64,2012,753
50137,65-100,2012,413
50137,0-16,2013,137
50137,16-64,2013,712
50137,65-100,2013,414
50137,0-16,2014,136
50137,16-64,2014,683
50137,65-100,2014,415
50137,0-16,2015,141
50137,16-64,2015,675
50137,65-100,2015,404
50137,0-16,2016,145
50137,16-64,2016,668
50137,65-100,2016,402
50137,0-16,2017,145
50137,16-64,2017,663
50137,65-100,2017,391
50137,0-16,2018,143
50137,16-64,2018,640
50137,65-100,2018,379
50137,0-16,2019,144
50137,16-64,2019,632
50137,65-100,2019,379
50137,0-16,2020,138
50137,16-64,2020,634
50137,65-100,2020,374
50137,0-16,2021,132
50137,16-64,2021,623
50137,65-100,2021,377
50137,0-16,2022,127
50137,16-64,2022,614
50137,65-100,2022,375
50138,0-16,2003,3
50138,16-64,2003,30
50138,65-100,2003,26
50138,0-16,2004,3
50138,16-64,2004,30
50138,65-100,2004,25
50138,0-16,2005,3
50138,16-64,2005,29
50138,65-100,2005,26
50138,0-16,2006,3
50138,16-64,2006,32
50138,65-100,2006,24
50138,0-16,2007,4
50138,16-64,2007,26
50138,65-100,2007,24
50138,0-16,2008,5
50138,16-64,2008,27
50138,65-100,2008,24
50138,0-16,2009,5
50138,16-64,2009,28
50138,65-100,2009,21
50138,0-16,2010,4
50138,16-64,2010,30
50138,65-100,2010,23
50138,0-16,2011,3
50138,16-64,2011,24
50138,65-100,2011,21
50138,0-16,2012,3
50138,16-64,2012,27
50138,65-100,2012,22
50138,0-16,2013,3
50138,16-64,2013,26
50138,65-100,2013,22
50138,0-16,2014,6
50138,16-64,2014,27
50138,65-100,2014,20
50138,0-16,2015,5
50138,16-64,2015,30
50138,65-100,2015,21
50138,0-16,2016,4
50138,16-64,2016,26
50138,65-100,2016,21
50138,0-16,2017,2
50138,16-64,2017,29
50138,65-100,2017,20
50138,0-16,2018,3
50138,16-64,2018,30
50138,65-100,2018,20
50138,0-16,2019,3
50138,16-64,2019,29
50138,65-100,2019,19
50138,0-16,2020,2
50138,16-64,2020,28
50138,65-100,2020,16
50138,0-16,2021,1
50138,16-64,2021,29
50138,65-100,2021,17
50138,0-16,2022,1
50138,16-64,2022,29
50138,65-100,2022,17
50139,0-16,2003,31
50139,16-64,2003,243
50139,65-100,2003,182
50139,0-16,2004,27
50139,16-64,2004,228
50139,65-100,2004,178
50139,0-16,2005,29
50139,16-64,2005,204
50139,65-100,2005,180
50139,0-16,2006,27
50139,16-64,2006,197
50139,65-100,2006,173
50139,0-16,2007,30
50139,16-64,2007,237
50139,65-100,2007,171
50139,0-16,2008,27
50139,16-64,2008,227
50139,65-100,2008,164
50139,0-16,2009,37
50139,16-64,2009,243
50139,65-100,2009,172
50139,0-16,2010,37
50139,16-64,2010,219
50139,65-100,2010,169
50139,0-16,2011,34
50139,16-64,2011,224
50139,65-100,2011,170
50139,0-16,2012,31
50139,16-64,2012,218
50139,65-100,2012,155
50139,0-16,2013,25
50139,16-64,2013,199
50139,65-100,2013,148
50139,0-16,2014,28
50139,16-64,2014,205
50139,65-100,2014,146
50139,0-16,2015,24
50139,16-64,2015,196
50139,65-100,2015,139
50139,0-16,2016,18
50139,16-64,2016,189
50139,65-100,2016,143
50139,0-16,2017,22
50139,16-64,2017,189
50139,65-100,2017,138
50139,0-16,2018,18
50139,16-64,2018,192
50139,65-100,2018,132
50139,0-16,2019,20
50139,16-64,2019,205
50139,65-100,2019,139
50139,0-16,2020,15
50139,16-64,2020,193
50139,65-100,2020,134
50139,0-16,2021,17
50139,16-64,2021,195
50139,65-100,2021,131
50139,0-16,2022,14
50139,16-64,2022,192
50139,65-100,2022,131
50140,0-16,2003,18
50140,16-64,2003,120
50140,65-100,2003,65
50140,0-16,2004,17
50140,16-64,2004,112
50140,65-100,2004,66
50140,0-16,2005,16
50140,16-64,2005,112
50140,65-100,2005,64
50140,0-16,2006,13
50140,16-64,2006,109
50140,65-100,2006,65
50140,0-16,2007,12
50140,16-64,2007,108
50140,65-100,2007,65
50140,0-16,2008,11
50140,16-64,2008,106
50140,65-100,2008,67
50140,0-16,2009,8
50140,16-64,2009,101
50140,65-100,2009,71
50140,0-16,2010,11
50140,16-64,2010,102
50140,65-100,2010,70
50140,0-16,2011,7
50140,16-64,2011,104
50140,65-100,2011,74
50140,0-16,2012,6
50140,16-64,2012,99
50140,65-100,2012,69
50140,0-16,2013,6
50140,16-64,2013,104
50140,65-100,2013,63
50140,0-16,2014,6
50140,16-64,2014,102
50140,65-100,2014,66
50140,0-16,2015,6
50140,16-64,2015,99
50140,65-100,2015,69
50140,0-16,2016,6
50140,16-64,2016,93
50140,65-100,2016,72
50140,0-16,2017,4
50140,16-64,2017,95
50140,65-100,2017,72
50140,0-16,2018,4
50140,16-64,2018,90
50140,65-100,2018,72
50140,0-16,2019,4
50140,16-64,2019,88
50140,65-100,2019,69
50140,0-16,2020,5
50140,16-64,2020,91
50140,65-100,2020,68
50140,0-16,2021,7
50140,16-64,2021,113
50140,65-100,2021,70
50140,0-16,2022,11
50140,16-64,2022,113
50140,65-100,2022,70
50141,0-16,2003,5
50141,16-64,2003,61
50141,65-100,2003,56
50141,0-16,2004,4
50141,16-64,2004,64
50141,65-100,2004,55
50141,0-16,2005,5
50141,16-64,2005,61
50141,65-100,2005,58
50141,0-16,2006,5
50141,16-64,2006,65
50141,65-100,2006,58
50141,0-16,2007,9
50141,16-64,2007,66
50141,65-100,2007,55
50141,0-16,2008,4
50141,16-64,2008,62
50141,65-100,2008,51
50141,0-16,2009,4
50141,16-64,2009,64
50141,65-100,2009,49
50141,0-16,2010,5
50141,16-64,2010,71
50141,65-100,2010,49
50141,0-16,2011,4
50141,16-64,2011,74
50141,65-100,2011,48
50141,0-16,2012,2
50141,16-64,2012,70
50141,65-100,2012,48
50141,0-16,2013,3
50141,16-64,2013,79
50141,65-100,2013,42
50141,0-16,2014,4
50141,16-64,2014,81
50141,65-100,2014,41
50141,0-16,2015,3
50141,16-64,2015,80
50141,65-100,2015,40
50141,0-16,2016,2
50141,16-64,2016,76
50141,65-100,2016,40
50141,0-16,2017,4
50141,16-64,2017,75
50141,65-100,2017,40
50141,0-16,2018,6
50141,16-64,2018,78
50141,65-100,2018,43
50141,0-16,2019,8
50141,16-64,2019,71
50141,65-100,2019,41
50141,0-16,2020,9
50141,16-64,2020,78
50141,65-100,2020,36
50141,0-16,2021,9
50141,16-64,2021,75
50141,65-100,2021,35
50141,0-16,2022,11
50141,16-64,2022,76
50141,65-100,2022,34
50142,0-16,2003,2
50142,16-64,2003,20
50142,65-100,2003,36
50142,0-16,2004,2
50142,16-64,2004,25
50142,65-100,2004,35
50142,0-16,2005,4
50142,16-64,2005,23
50142,65-100,2005,35
50142,0-16,2006,1
50142,16-64,2006,22
50142,65-100,2006,31
50142,0-16,2007,1
50142,16-64,2007,26
50142,65-100,2007,32
50142,0-16,2008,1
50142,16-64,2008,23
50142,65-100,2008,29
50142,0-16,2009,2
50142,16-64,2009,20
50142,65-100,2009,27
50142,0-16,2010,4
50142,16-64,2010,20
50142,65-100,2010,26
50142,0-16,2011,4
50142,16-64,2011,24
50142,65-100,2011,26
50142,0-16,2012,2
50142,16-64,2012,21
50142,65-100,2012,22
50142,0-16,2013,2
50142,16-64,2013,19
50142,65-100,2013,19
50142,0-16,2014,2
50142,16-64,2014,21
50142,65-100,2014,19
50142,0-16,2015,2
50142,16-64,2015,20
50142,65-100,2015,20
50142,0-16,2016,2
50142,16-64,2016,15
50142,65-100,2016,15
50142,0-16,2017,4
50142,16-64,2017,15
50142,65-100,2017,11
50142,0-16,2018,2
50142,16-64,2018,16
50142,65-100,2018,10
50142,0-16,2019,3
50142,16-64,2019,16
50142,65-100,2019,9
50142,0-16,2020,3
50142,16-64,2020,15
50142,65-100,2020,8
50142,0-16,2021,2
50142,16-64,2021,15
50142,65-100,2021,8
50142,0-16,2022,2
50142,16-64,2022,15
50142,65-100,2022,9
50143,0-16,2003,95
50143,16-64,2003,671
50143,65-100,2003,233
50143,0-16,2004,92
50143,16-64,2004,595
50143,65-100,2004,219
50143,0-16,2005,90
50143,16-64,2005,612
50143,65-100,2005,212
50143,0-16,2006,89
50143,16-64,2006,567
50143,65-100,2006,223
50143,0-16,2007,97
50143,16-64,2007,558
50143,65-100,2007,218
50143,0-16,2008,97
50143,16-64,2008,588
50143,65-100,2008,219
50143,0-16,2009,100
50143,16-64,2009,575
50143,65-100,2009,221
50143,0-16,2010,103
50143,16-64,2010,573
50143,65-100,2010,220
50143,0-16,2011,98
50143,16-64,2011,590
50143,65-100,2011,219
50143,0-16,2012,101
50143,16-64,2012,581
50143,65-100,2012,213
50143,0-16,2013,98
50143,16-64,2013,601
50143,65-100,2013,204
50143,0-16,2014,92
50143,16-64,2014,614
50143,65-100,2014,192
50143,0-16,2015,84
50143,16-64,2015,575
50143,65-100,2015,188
50143,0-16,2016,75
50143,16-64,2016,530
50143,65-100,2016,184
50143,0-16,2017,80
50143,16-64,2017,531
50143,65-100,2017,187
50143,0-16,2018,70
50143,16-64,2018,514
50143,65-100,2018,179
50143,0-16,2019,75
50143,16-64,2019,548
50143,65-100,2019,188
50143,0-16,2020,81
50143,16-64,2020,617
50143,65-100,2020,185
50143,0-16,2021,84
50143,16-64,2021,616
50143,65-100,2021,176
50143,0-16,2022,86
50143,16-64,2022,623
50143,65-100,2022,173
50144,0-16,2003,2
50144,16-64,2003,36
50144,65-100,2003,11
50144,0-16,2004,4
50144,16-64,2004,37
50144,65-100,2004,12
50144,0-16,2005,3
50144,16-64,2005,37
50144,65-100,2005,10
50144,0-16,2006,2
50144,16-64,2006,32
50144,65-100,2006,10
50144,0-16,2007,2
50144,16-64,2007,30
50144,65-100,2007,11
50144,0-16,2008,1
50144,16-64,2008,28
50144,65-100,2008,13
50144,0-16,2009,1
50144,16-64,2009,24
50144,65-100,2009,14
50144,0-16,2010,1
50144,16-64,2010,21
50144,65-100,2010,14
50144,0-16,2011,0
50144,16-64,2011,17
50144,65-100,2011,15
50144,0-16,2012,0
50144,16-64,2012,17
50144,65-100,2012,17
50144,0-16,2013,0
50144,16-64,2013,19
50144,65-100,2013,16
50144,0-16,2014,0
50144,16-64,2014,19
50144,65-100,2014,16
50144,0-16,2015,0
50144,16-64,2015,22
50144,65-100,2015,14
50144,0-16,2016,0
50144,16-64,2016,18
50144,65-100,2016,17
50144,0-16,2017,0
50144,16-64,2017,16
50144,65-100,2017,16
50144,0-16,2018,0
50144,16-64,2018,18
50144,65-100,2018,17
50144,0-16,2019,0
50144,16-64,2019,15
50144,65-100,2019,16
50144,0-16,2020,0
50144,16-64,2020,16
50144,65-100,2020,16
50144,0-16,2021,0
50144,16-64,2021,21
50144,65-100,2021,15
50144,0-16,2022,0
50144,16-64,2022,25
50144,65-100,2022,17
50146,0-16,2003,10
50146,16-64,2003,143
50146,65-100,2003,92
50146,0-16,2004,12
50146,16-64,2004,145
50146,65-100,2004,95
50146,0-16,2005,18
50146,16-64,2005,157
50146,65-100,2005,92
50146,0-16,2006,18
50146,16-64,2006,161
50146,65-100,2006,95
50146,0-16,2007,22
50146,16-64,2007,183
50146,65-100,2007,89
50146,0-16,2008,21
50146,16-64,2008,202
50146,65-100,2008,84
50146,0-16,2009,28
50146,16-64,2009,206
50146,65-100,2009,87
50146,0-16,2010,24
50146,16-64,2010,199
50146,65-100,2010,86
50146,0-16,2011,29
50146,16-64,2011,194
50146,65-100,2011,84
50146,0-16,2012,31
50146,16-64,2012,150
50146,65-100,2012,88
50146,0-16,2013,31
50146,16-64,2013,149
50146,65-100,2013,84
50146,0-16,2014,27
50146,16-64,2014,146
50146,65-100,2014,79
50146,0-16,2015,28
50146,16-64,2015,136
50146,65-100,2015,78
50146,0-16,2016,29
50146,16-64,2016,133
50146,65-100,2016,67
50146,0-16,2017,35
50146,16-64,2017,136
50146,65-100,2017,66
50146,0-16,2018,37
50146,16-64,2018,134
50146,65-100,2018,66
50146,0-16,2019,37
50146,16-64,2019,131
50146,65-100,2019,72
50146,0-16,2020,33
50146,16-64,2020,130
50146,65-100,2020,69
50146,0-16,2021,28
50146,16-64,2021,132
50146,65-100,2021,67
50146,0-16,2022,27
50146,16-64,2022,129
50146,65-100,2022,70
50147,0-16,2003,129
50147,16-64,2003,599
50147,65-100,2003,325
50147,0-16,2004,122
50147,16-64,2004,607
50147,65-100,2004,319
50147,0-16,2005,127
50147,16-64,2005,612
50147,65-100,2005,319
50147,0-16,2006,127
50147,16-64,2006,610
50147,65-100,2006,315
50147,0-16,2007,131
50147,16-64,2007,623
50147,65-100,2007,316
50147,0-16,2008,128
50147,16-64,2008,652
50147,65-100,2008,300
50147,0-16,2009,135
50147,16-64,2009,674
50147,65-100,2009,292
50147,0-16,2010,137
50147,16-64,2010,674
50147,65-100,2010,287
50147,0-16,2011,138
50147,16-64,2011,671
50147,65-100,2011,279
50147,0-16,2012,126
50147,16-64,2012,644
50147,65-100,2012,275
50147,0-16,2013,130
50147,16-64,2013,634
50147,65-100,2013,268
50147,0-16,2014,122
50147,16-64,2014,630
50147,65-100,2014,262
50147,0-16,2015,135
50147,16-64,2015,623
50147,65-100,2015,248
50147,0-16,2016,139
50147,16-64,2016,607
50147,65-100,2016,243
50147,0-16,2017,134
50147,16-64,2017,598
50147,65-100,2017,239
50147,0-16,2018,126
50147,16-64,2018,591
50147,65-100,2018,228
50147,0-16,2019,124
50147,16-64,2019,599
50147,65-100,2019,233
50147,0-16,2020,125
50147,16-64,2020,598
50147,65-100,2020,232
50147,0-16,2021,138
50147,16-64,2021,621
50147,65-100,2021,228
50147,0-16,2022,133
50147,16-64,2022,613
50147,65-100,2022,227
50148,0-16,2003,35
50148,16-64,2003,208
50148,65-100,2003,157
50148,0-16,2004,35
50148,16-64,2004,193
50148,65-100,2004,156
50148,0-16,2005,35
50148,16-64,2005,188
50148,65-100,2005,153
50148,0-16,2006,37
50148,16-64,2006,208
50148,65-100,2006,162
50148,0-16,2007,39
50148,16-64,2007,214
50148,65-100,2007,163
50148,0-16,2008,33
50148,16-64,2008,208
50148,65-100,2008,153
50148,0-16,2009,29
50148,16-64,2009,203
50148,65-100,2009,145
50148,0-16,2010,23
50148,16-64,2010,197
50148,65-100,2010,141
50148,0-16,2011,20
50148,16-64,2011,223
50148,65-100,2011,158
50148,0-16,2012,16
50148,16-64,2012,205
50148,65-100,2012,145
50148,0-16,2013,15
50148,16-64,2013,170
50148,65-100,2013,140
50148,0-16,2014,12
50148,16-64,2014,159
50148,65-100,2014,136
50148,0-16,2015,19
50148,16-64,2015,189
50148,65-100,2015,126
50148,0-16,2016,17
50148,16-64,2016,181
50148,65-100,2016,124
50148,0-16,2017,16
50148,16-64,2017,177
50148,65-100,2017,117
50148,0-16,2018,18
50148,16-64,2018,174
50148,65-100,2018,118
50148,0-16,2019,15
50148,16-64,2019,161
50148,65-100,2019,112
50148,0-16,2020,19
50148,16-64,2020,167
50148,65-100,2020,111
50148,0-16,2021,27
50148,16-64,2021,200
50148,65-100,2021,115
50148,0-16,2022,23
50148,16-64,2022,198
50148,65-100,2022,112
50149,0-16,2003,1
50149,16-64,2003,31
50149,65-100,2003,8
50149,0-16,2004,1
50149,16-64,2004,32
50149,65-100,2004,7
50149,0-16,2005,0
50149,16-64,2005,28
50149,65-100,2005,7
50149,0-16,2006,0
50149,16-64,2006,30
50149,65-100,2006,6
50149,0-16,2007,0
50149,16-64,2007,32
50149,65-100,2007,6
50149,0-16,2008,1
50149,16-64,2008,31
50149,65-100,2008,6
50149,0-16,2009,1
50149,16-64,2009,29
50149,65-100,2009,7
50149,0-16,2010,1
50149,16-64,2010,28
50149,65-100,2010,9
50149,0-16,2011,1
50149,16-64,2011,34
50149,65-100,2011,16
50149,0-16,2012,2
50149,16-64,2012,29
50149,65-100,2012,19
50149,0-16,2013,2
50149,16-64,2013,26
50149,65-100,2013,19
50149,0-16,2014,1
50149,16-64,2014,26
50149,65-100,2014,20
50149,0-16,2015,1
50149,16-64,2015,25
50149,65-100,2015,17
50149,0-16,2016,0
50149,16-64,2016,22
50149,65-100,2016,13
50149,0-16,2017,0
50149,16-64,2017,20
50149,65-100,2017,14
50149,0-16,2018,0
50149,16-64,2018,20
50149,65-100,2018,14
50149,0-16,2019,0
50149,16-64,2019,21
50149,65-100,2019,14
50149,0-16,2020,0
50149,16-64,2020,23
50149,65-100,2020,14
50149,0-16,2021,0
50149,16-64,2021,26
50149,65-100,2021,14
50149,0-16,2022,0
50149,16-64,2022,24
50149,65-100,2022,14
50150,0-16,2003,98
50150,16-64,2003,508
50150,65-100,2003,337
50150,0-16,2004,89
50150,16-64,2004,480
50150,65-100,2004,331
50150,0-16,2005,105
50150,16-64,2005,555
50150,65-100,2005,324
50150,0-16,2006,106
50150,16-64,2006,534
50150,65-100,2006,330
50150,0-16,2007,112
50150,16-64,2007,544
50150,65-100,2007,319
50150,0-16,2008,135
50150,16-64,2008,607
50150,65-100,2008,311
50150,0-16,2009,140
50150,16-64,2009,604
50150,65-100,2009,306
50150,0-16,2010,117
50150,16-64,2010,526
50150,65-100,2010,294
50150,0-16,2011,120
50150,16-64,2011,529
50150,65-100,2011,290
50150,0-16,2012,120
50150,16-64,2012,523
50150,65-100,2012,278
50150,0-16,2013,119
50150,16-64,2013,523
50150,65-100,2013,273
50150,0-16,2014,119
50150,16-64,2014,522
50150,65-100,2014,275
50150,0-16,2015,107
50150,16-64,2015,520
50150,65-100,2015,259
50150,0-16,2016,117
50150,16-64,2016,507
50150,65-100,2016,243
50150,0-16,2017,108
50150,16-64,2017,499
50150,65-100,2017,227
50150,0-16,2018,110
50150,16-64,2018,491
50150,65-100,2018,226
50150,0-16,2019,107
50150,16-64,2019,480
50150,65-100,2019,227
50150,0-16,2020,107
50150,16-64,2020,471
50150,65-100,2020,228
50150,0-16,2021,117
50150,16-64,2021,494
50150,65-100,2021,225
50150,0-16,2022,116
50150,16-64,2022,489
50150,65-100,2022,236
50151,0-16,2003,90
50151,16-64,2003,466
50151,65-100,2003,316
50151,0-16,2004,91
50151,16-64,2004,475
50151,65-100,2004,315
50151,0-16,2005,91
50151,16-64,2005,475
50151,65-100,2005,307
50151,0-16,2006,88
50151,16-64,2006,470
50151,65-100,2006,295
50151,0-16,2007,94
50151,16-64,2007,474
50151,65-100,2007,287
50151,0-16,2008,99
50151,16-64,2008,491
50151,65-100,2008,282
50151,0-16,2009,95
50151,16-64,2009,484
50151,65-100,2009,282
50151,0-16,2010,85
50151,16-64,2010,486
50151,65-100,2010,275
50151,0-16,2011,75
50151,16-64,2011,492
50151,65-100,2011,272
50151,0-16,2012,70
50151,16-64,2012,488
50151,65-100,2012,267
50151,0-16,2013,68
50151,16-64,2013,466
50151,65-100,2013,260
50151,0-16,2014,57
50151,16-64,2014,465
50151,65-100,2014,254
50151,0-16,2015,50
50151,16-64,2015,451
50151,65-100,2015,255
50151,0-16,2016,47
50151,16-64,2016,448
50151,65-100,2016,238
50151,0-16,2017,43
50151,16-64,2017,448
50151,65-100,2017,235
50151,0-16,2018,40
50151,16-64,2018,437
50151,65-100,2018,224
50151,0-16,2019,43
50151,16-64,2019,438
50151,65-100,2019,217
50151,0-16,2020,38
50151,16-64,2020,429
50151,65-100,2020,217
50151,0-16,2021,48
50151,16-64,2021,439
50151,65-100,2021,222
50151,0-16,2022,45
50151,16-64,2022,427
50151,65-100,2022,222
50152,0-16,2003,185
50152,16-64,2003,1274
50152,65-100,2003,605
50152,0-16,2004,187
50152,16-64,2004,1238
50152,65-100,2004,600
50152,0-16,2005,184
50152,16-64,2005,1287
50152,65-100,2005,585
50152,0-16,2006,201
50152,16-64,2006,1301
50152,65-100,2006,587
50152,0-16,2007,193
50152,16-64,2007,1271
50152,65-100,2007,587
50152,0-16,2008,184
50152,16-64,2008,1259
50152,65-100,2008,608
50152,0-16,2009,174
50152,16-64,2009,1229
50152,65-100,2009,624
50152,0-16,2010,181
50152,16-64,2010,1219
50152,65-100,2010,628
50152,0-16,2011,226
50152,16-64,2011,1213
50152,65-100,2011,579
50152,0-16,2012,230
50152,16-64,2012,1196
50152,65-100,2012,560
50152,0-16,2013,228
50152,16-64,2013,1187
50152,65-100,2013,562
50152,0-16,2014,237
50152,16-64,2014,1146
50152,65-100,2014,575
50152,0-16,2015,244
50152,16-64,2015,1144
50152,65-100,2015,565
50152,0-16,2016,230
50152,16-64,2016,1175
50152,65-100,2016,565
50152,0-16,2017,242
50152,16-64,2017,1209
50152,65-100,2017,553
50152,0-16,2018,253
50152,16-64,2018,1205
50152,65-100,2018,549
50152,0-16,2019,251
50152,16-64,2019,1198
50152,65-100,2019,536
50152,0-16,2020,260
50152,16-64,2020,1216
50152,65-100,2020,532
50152,0-16,2021,275
50152,16-64,2021,1257
50152,65-100,2021,530
50152,0-16,2022,268
50152,16-64,2022,1304
50152,65-100,2022,525
50153,0-16,2003,133
50153,16-64,2003,706
50153,65-100,2003,355
50153,0-16,2004,131
50153,16-64,2004,692
50153,65-100,2004,341
50153,0-16,2005,129
50153,16-64,2005,695
50153,65-100,2005,334
50153,0-16,2006,118
50153,16-64,2006,686
50153,65-100,2006,344
50153,0-16,2007,123
50153,16-64,2007,731
50153,65-100,2007,340
50153,0-16,2008,143
50153,16-64,2008,740
50153,65-100,2008,338
50153,0-16,2009,143
50153,16-64,2009,737
50153,65-100,2009,343
50153,0-16,2010,143
50153,16-64,2010,723
50153,65-100,2010,339
50153,0-16,2011,152
50153,16-64,2011,715
50153,65-100,2011,354
50153,0-16,2012,151
50153,16-64,2012,698
50153,65-100,2012,359
50153,0-16,2013,150
50153,16-64,2013,690
50153,65-100,2013,351
50153,0-16,2014,156
50153,16-64,2014,673
50153,65-100,2014,354
50153,0-16,2015,157
50153,16-64,2015,672
50153,65-100,2015,345
50153,0-16,2016,146
50153,16-64,2016,660
50153,65-100,2016,351
50153,0-16,2017,143
50153,16-64,2017,660
50153,65-100,2017,347
50153,0-16,2018,134
50153,16-64,2018,658
50153,65-100,2018,341
50153,0-16,2019,130
50153,16-64,2019,652
50153,65-100,2019,346
50153,0-16,2020,122
50153,16-64,2020,654
50153,65-100,2020,336
50153,0-16,2021,131
50153,16-64,2021,665
50153,65-100,2021,337
50153,0-16,2022,123
50153,16-64,2022,669
50153,65-100,2022,326
50154,0-16,2003,11
50154,16-64,2003,93
50154,65-100,2003,53
50154,0-16,2004,10
50154,16-64,2004,94
50154,65-100,2004,58
50154,0-16,2005,8
50154,16-64,2005,84
50154,65-100,2005,58
50154,0-16,2006,11
50154,16-64,2006,90
50154,65-100,2006,56
50154,0-16,2007,20
50154,16-64,2007,102
50154,65-100,2007,52
50154,0-16,2008,22
50154,16-64,2008,113
50154,65-100,2008,52
50154,0-16,2009,20
50154,16-64,2009,97
50154,65-100,2009,52
50154,0-16,2010,20
50154,16-64,2010,97
50154,65-100,2010,50
50154,0-16,2011,20
50154,16-64,2011,89
50154,65-100,2011,55
50154,0-16,2012,19
50154,16-64,2012,88
50154,65-100,2012,50
50154,0-16,2013,19
50154,16-64,2013,90
50154,65-100,2013,49
50154,0-16,2014,17
50154,16-64,2014,98
50154,65-100,2014,47
50154,0-16,2015,13
50154,16-64,2015,97
50154,65-100,2015,42
50154,0-16,2016,12
50154,16-64,2016,94
50154,65-100,2016,41
50154,0-16,2017,12
50154,16-64,2017,98
50154,65-100,2017,41
50154,0-16,2018,11
50154,16-64,2018,99
50154,65-100,2018,41
50154,0-16,2019,12
50154,16-64,2019,101
50154,65-100,2019,42
50154,0-16,2020,12
50154,16-64,2020,100
50154,65-100,2020,48
50154,0-16,2021,13
50154,16-64,2021,101
50154,65-100,2021,48
50154,0-16,2022,15
50154,16-64,2022,104
50154,65-100,2022,51
50155,0-16,2003,4
50155,16-64,2003,76
50155,65-100,2003,52
50155,0-16,2004,4
50155,16-64,2004,77
50155,65-100,2004,51
50155,0-16,2005,3
50155,16-64,2005,91
50155,65-100,2005,45
50155,0-16,2006,3
50155,16-64,2006,82
50155,65-100,2006,45
50155,0-16,2007,3
50155,16-64,2007,82
50155,65-100,2007,46
50155,0-16,2008,3
50155,16-64,2008,78
50155,65-100,2008,45
50155,0-16,2009,2
50155,16-64,2009,73
50155,65-100,2009,48
50155,0-16,2010,3
50155,16-64,2010,73
50155,65-100,2010,51
50155,0-16,2011,4
50155,16-64,2011,75
50155,65-100,2011,51
50155,0-16,2012,5
50155,16-64,2012,71
50155,65-100,2012,47
50155,0-16,2013,2
50155,16-64,2013,65
50155,65-100,2013,50
50155,0-16,2014,1
50155,16-64,2014,61
50155,65-100,2014,50
50155,0-16,2015,1
50155,16-64,2015,61
50155,65-100,2015,51
50155,0-16,2016,1
50155,16-64,2016,57
50155,65-100,2016,49
50155,0-16,2017,1
50155,16-64,2017,55
50155,65-100,2017,49
50155,0-16,2018,1
50155,16-64,2018,50
50155,65-100,2018,49
50155,0-16,2019,0
50155,16-64,2019,41
50155,65-100,2019,51
50155,0-16,2020,0
50155,16-64,2020,43
50155,65-100,2020,46
50155,0-16,2021,4
50155,16-64,2021,46
50155,65-100,2021,45
50155,0-16,2022,6
50155,16-64,2022,44
50155,65-100,2022,40
50156,0-16,2003,33
50156,16-64,2003,184
50156,65-100,2003,85
50156,0-16,2004,33
50156,16-64,2004,173
50156,65-100,2004,85
50156,0-16,2005,33
50156,16-64,2005,170
50156,65-100,2005,83
50156,0-16,2006,38
50156,16-64,2006,179
50156,65-100,2006,80
50156,0-16,2007,38
50156,16-64,2007,184
50156,65-100,2007,81
50156,0-16,2008,41
50156,16-64,2008,199
50156,65-100,2008,82
50156,0-16,2009,45
50156,16-64,2009,202
50156,65-100,2009,83
50156,0-16,2010,46
50156,16-64,2010,213
50156,65-100,2010,85
50156,0-16,2011,52
50156,16-64,2011,209
50156,65-100,2011,77
50156,0-16,2012,49
50156,16-64,2012,200
50156,65-100,2012,76
50156,0-16,2013,45
50156,16-64,2013,186
50156,65-100,2013,74
50156,0-16,2014,43
50156,16-64,2014,183
50156,65-100,2014,74
50156,0-16,2015,32
50156,16-64,2015,158
50156,65-100,2015,77
50156,0-16,2016,31
50156,16-64,2016,158
50156,65-100,2016,65
50156,0-16,2017,32
50156,16-64,2017,155
50156,65-100,2017,67
50156,0-16,2018,29
50156,16-64,2018,160
50156,65-100,2018,70
50156,0-16,2019,30
50156,16-64,2019,161
50156,65-100,2019,68
50156,0-16,2020,34
50156,16-64,2020,175
50156,65-100,2020,67
50156,0-16,2021,26
50156,16-64,2021,163
50156,65-100,2021,71
50156,0-16,2022,28
50156,16-64,2022,161
50156,65-100,2022,73
50157,0-16,2003,62
50157,16-64,2003,250
50157,65-100,2003,120
50157,0-16,2004,58
50157,16-64,2004,248
50157,65-100,2004,121
50157,0-16,2005,59
50157,16-64,2005,250
50157,65-100,2005,112
50157,0-16,2006,51
50157,16-64,2006,240
50157,65-100,2006,112
50157,0-16,2007,44
50157,16-64,2007,235
50157,65-100,2007,107
50157,0-16,2008,45
50157,16-64,2008,231
50157,65-100,2008,107
50157,0-16,2009,42
50157,16-64,2009,233
50157,65-100,2009,110
50157,0-16,2010,39
50157,16-64,2010,235
50157,65-100,2010,105
50157,0-16,2011,39
50157,16-64,2011,229
50157,65-100,2011,107
50157,0-16,2012,42
50157,16-64,2012,223
50157,65-100,2012,111
50157,0-16,2013,43
50157,16-64,2013,223
50157,65-100,2013,112
50157,0-16,2014,45
50157,16-64,2014,215
50157,65-100,2014,104
50157,0-16,2015,45
50157,16-64,2015,203
50157,65-100,2015,111
50157,0-16,2016,44
50157,16-64,2016,198
50157,65-100,2016,109
50157,0-16,2017,42
50157,16-64,2017,204
50157,65-100,2017,103
50157,0-16,2018,38
50157,16-64,2018,187
50157,65-100,2018,98
50157,0-16,2019,47
50157,16-64,2019,209
50157,65-100,2019,100
50157,0-16,2020,42
50157,16-64,2020,223
50157,65-100,2020,104
50157,0-16,2021,41
50157,16-64,2021,229
50157,65-100,2021,101
50157,0-16,2022,55
50157,16-64,2022,237
50157,65-100,2022,100
50159,0-16,2003,107
50159,16-64,2003,602
50159,65-100,2003,317
50159,0-16,2004,109
50159,16-64,2004,596
50159,65-100,2004,315
50159,0-16,2005,120
50159,16-64,2005,607
50159,65-100,2005,306
50159,0-16,2006,119
50159,16-64,2006,636
50159,65-100,2006,300
50159,0-16,2007,123
50159,16-64,2007,645
50159,65-100,2007,307
50159,0-16,2008,134
50159,16-64,2008,658
50159,65-100,2008,303
50159,0-16,2009,139
50159,16-64,2009,663
50159,65-100,2009,298
50159,0-16,2010,142
50159,16-64,2010,653
50159,65-100,2010,299
50159,0-16,2011,142
50159,16-64,2011,666
50159,65-100,2011,298
50159,0-16,2012,141
50159,16-64,2012,690
50159,65-100,2012,292
50159,0-16,2013,150
50159,16-64,2013,680
50159,65-100,2013,286
50159,0-16,2014,140
50159,16-64,2014,660
50159,65-100,2014,280
50159,0-16,2015,127
50159,16-64,2015,636
50159,65-100,2015,271
50159,0-16,2016,120
50159,16-64,2016,603
50159,65-100,2016,266
50159,0-16,2017,116
50159,16-64,2017,570
50159,65-100,2017,265
50159,0-16,2018,112
50159,16-64,2018,575
50159,65-100,2018,255
50159,0-16,2019,105
50159,16-64,2019,561
50159,65-100,2019,256
50159,0-16,2020,107
50159,16-64,2020,567
50159,65-100,2020,263
50159,0-16,2021,100
50159,16-64,2021,558
50159,65-100,2021,262
50159,0-16,2022,98
50159,16-64,2022,560
50159,65-100,2022,247
50160,0-16,2003,464
50160,16-64,2003,2201
50160,65-100,2003,658
50160,0-16,2004,480
50160,16-64,2004,2212
50160,65-100,2004,641
50160,0-16,2005,461
50160,16-64,2005,2281
50160,65-100,2005,643
50160,0-16,2006,468
50160,16-64,2006,2212
50160,65-100,2006,647
50160,0-16,2007,490
50160,16-64,2007,2357
50160,65-100,2007,656
50160,0-16,2008,521
50160,16-64,2008,2502
50160,65-100,2008,657
50160,0-16,2009,527
50160,16-64,2009,2536
50160,65-100,2009,668
50160,0-16,2010,526
50160,16-64,2010,2500
50160,65-100,2010,678
50160,0-16,2011,517
50160,16-64,2011,2510
50160,65-100,2011,682
50160,0-16,2012,526
50160,16-64,2012,2497
50160,65-100,2012,691
50160,0-16,2013,512
50160,16-64,2013,2406
50160,65-100,2013,693
50160,0-16,2014,469
50160,16-64,2014,2247
50160,65-100,2014,683
50160,0-16,2015,456
50160,16-64,2015,2182
50160,65-100,2015,654
50160,0-16,2016,433
50160,16-64,2016,2073
50160,65-100,2016,681
50160,0-16,2017,423
50160,16-64,2017,2035
50160,65-100,2017,682
50160,0-16,2018,424
50160,16-64,2018,1984
50160,65-100,2018,675
50160,0-16,2019,409
50160,16-64,2019,1965
50160,65-100,2019,661
50160,0-16,2020,406
50160,16-64,2020,1935
50160,65-100,2020,663
50160,0-16,2021,407
50160,16-64,2021,1937
50160,65-100,2021,633
50160,0-16,2022,395
50160,16-64,2022,1909
50160,65-100,2022,633
50161,0-16,2003,8
50161,16-64,2003,83
50161,65-100,2003,60
50161,0-16,2004,9
50161,16-64,2004,85
50161,65-100,2004,54
50161,0-16,2005,11
50161,16-64,2005,81
50161,65-100,2005,53
50161,0-16,2006,10
50161,16-64,2006,82
50161,65-100,2006,54
50161,0-16,2007,9
50161,16-64,2007,78
50161,65-100,2007,55
50161,0-16,2008,5
50161,16-64,2008,72
50161,65-100,2008,54
50161,0-16,2009,6
50161,16-64,2009,68
50161,65-100,2009,53
50161,0-16,2010,5
50161,16-64,2010,61
50161,65-100,2010,57
50161,0-16,2011,5
50161,16-64,2011,78
50161,65-100,2011,58
50161,0-16,2012,4
50161,16-64,2012,72
50161,65-100,2012,55
50161,0-16,2013,6
50161,16-64,2013,62
50161,65-100,2013,54
50161,0-16,2014,4
50161,16-64,2014,57
50161,65-100,2014,55
50161,0-16,2015,2
50161,16-64,2015,68
50161,65-100,2015,60
50161,0-16,2016,4
50161,16-64,2016,59
50161,65-100,2016,57
50161,0-16,2017,1
50161,16-64,2017,48
50161,65-100,2017,50
50161,0-16,2018,5
50161,16-64,2018,43
50161,65-100,2018,50
50161,0-16,2019,9
50161,16-64,2019,57
50161,65-100,2019,48
50161,0-16,2020,8
50161,16-64,2020,53
50161,65-100,2020,45
50161,0-16,2021,9
50161,16-64,2021,54
50161,65-100,2021,41
50161,0-16,2022,8
50161,16-64,2022,54
50161,65-100,2022,41
50162,0-16,2003,16
50162,16-64,2003,106
50162,65-100,2003,86
50162,0-16,2004,10
50162,16-64,2004,101
50162,65-100,2004,89
50162,0-16,2005,15
50162,16-64,2005,106
50162,65-100,2005,89
50162,0-16,2006,10
50162,16-64,2006,98
50162,65-100,2006,91
50162,0-16,2007,13
50162,16-64,2007,103
50162,65-100,2007,91
50162,0-16,2008,19
50162,16-64,2008,105
50162,65-100,2008,88
50162,0-16,2009,17
50162,16-64,2009,99
50162,65-100,2009,88
50162,0-16,2010,16
50162,16-64,2010,106
50162,65-100,2010,84
50162,0-16,2011,17
50162,16-64,2011,103
50162,65-100,2011,82
50162,0-16,2012,16
50162,16-64,2012,96
50162,65-100,2012,78
50162,0-16,2013,16
50162,16-64,2013,92
50162,65-100,2013,78
50162,0-16,2014,14
50162,16-64,2014,89
50162,65-100,2014,75
50162,0-16,2015,17
50162,16-64,2015,95
50162,65-100,2015,70
50162,0-16,2016,18
50162,16-64,2016,104
50162,65-100,2016,69
50162,0-16,2017,18
50162,16-64,2017,102
50162,65-100,2017,65
50162,0-16,2018,17
50162,16-64,2018,100
50162,65-100,2018,64
50162,0-16,2019,15
50162,16-64,2019,95
50162,65-100,2019,58
50162,0-16,2020,15
50162,16-64,2020,98
50162,65-100,2020,55
50162,0-16,2021,13
50162,16-64,2021,102
50162,65-100,2021,52
50162,0-16,2022,14
50162,16-64,2022,103
50162,65-100,2022,51
50163,0-16,2003,292
50163,16-64,2003,1156
50163,65-100,2003,227
50163,0-16,2004,382
50163,16-64,2004,1506
50163,65-100,2004,237
50163,0-16,2005,461
50163,16-64,2005,1795
50163,65-100,2005,242
50163,0-16,2006,558
50163,16-64,2006,2107
50163,65-100,2006,252
50163,0-16,2007,663
50163,16-64,2007,2496
50163,65-100,2007,261
50163,0-16,2008,819
50163,16-64,2008,2901
50163,65-100,2008,288
50163,0-16,2009,961
50163,16-64,2009,3175
50163,65-100,2009,308
50163,0-16,2010,1082
50163,16-64,2010,3330
50163,65-100,2010,317
50163,0-16,2011,1188
50163,16-64,2011,3519
50163,65-100,2011,341
50163,0-16,2012,1273
50163,16-64,2012,3647
50163,65-100,2012,345
50163,0-16,2013,1303
50163,16-64,2013,3646
50163,65-100,2013,366
50163,0-16,2014,1348
50163,16-64,2014,3643
50163,65-100,2014,368
50163,0-16,2015,1428
50163,16-64,2015,3591
50163,65-100,2015,406
50163,0-16,2016,1472
50163,16-64,2016,3668
50163,65-100,2016,410
50163,0-16,2017,1539
50163,16-64,2017,3647
50163,65-100,2017,433
50163,0-16,2018,1557
50163,16-64,2018,3675
50163,65-100,2018,431
50163,0-16,2019,1591
50163,16-64,2019,3768
50163,65-100,2019,453
50163,0-16,2020,1627
50163,16-64,2020,3873
50163,65-100,2020,470
50163,0-16,2021,1604
50163,16-64,2021,3952
50163,65-100,2021,465
50163,0-16,2022,1577
50163,16-64,2022,4093
50163,65-100,2022,498
50164,0-16,2003,68
50164,16-64,2003,296
50164,65-100,2003,146
50164,0-16,2004,65
50164,16-64,2004,294
50164,65-100,2004,145
50164,0-16,2005,56
50164,16-64,2005,297
50164,65-100,2005,142
50164,0-16,2006,56
50164,16-64,2006,311
50164,65-100,2006,133
50164,0-16,2007,57
50164,16-64,2007,329
50164,65-100,2007,134
50164,0-16,2008,59
50164,16-64,2008,324
50164,65-100,2008,131
50164,0-16,2009,52
50164,16-64,2009,313
50164,65-100,2009,127
50164,0-16,2010,50
50164,16-64,2010,304
50164,65-100,2010,127
50164,0-16,2011,44
50164,16-64,2011,305
50164,65-100,2011,121
50164,0-16,2012,47
50164,16-64,2012,305
50164,65-100,2012,116
50164,0-16,2013,46
50164,16-64,2013,311
50164,65-100,2013,112
50164,0-16,2014,47
50164,16-64,2014,307
50164,65-100,2014,119
50164,0-16,2015,41
50164,16-64,2015,297
50164,65-100,2015,119
50164,0-16,2016,37
50164,16-64,2016,288
50164,65-100,2016,118
50164,0-16,2017,45
50164,16-64,2017,300
50164,65-100,2017,123
50164,0-16,2018,44
50164,16-64,2018,298
50164,65-100,2018,123
50164,0-16,2019,44
50164,16-64,2019,293
50164,65-100,2019,124
50164,0-16,2020,44
50164,16-64,2020,276
50164,65-100,2020,127
50164,0-16,2021,54
50164,16-64,2021,280
50164,65-100,2021,131
50164,0-16,2022,59
50164,16-64,2022,271
50164,65-100,2022,127
50165,0-16,2003,349
50165,16-64,2003,1503
50165,65-100,2003,659
50165,0-16,2004,349
50165,16-64,2004,1486
50165,65-100,2004,658
50165,0-16,2005,339
50165,16-64,2005,1520
50165,65-100,2005,626
50165,0-16,2006,346
50165,16-64,2006,1545
50165,65-100,2006,642
50165,0-16,2007,331
50165,16-64,2007,1516
50165,65-100,2007,633
50165,0-16,2008,345
50165,16-64,2008,1502
50165,65-100,2008,631
50165,0-16,2009,336
50165,16-64,2009,1530
50165,65-100,2009,626
50165,0-16,2010,347
50165,16-64,2010,1523
50165,65-100,2010,625
50165,0-16,2011,328
50165,16-64,2011,1519
50165,65-100,2011,631
50165,0-16,2012,321
50165,16-64,2012,1509
50165,65-100,2012,619
50165,0-16,2013,318
50165,16-64,2013,1506
50165,65-100,2013,612
50165,0-16,2014,325
50165,16-64,2014,1467
50165,65-100,2014,601
50165,0-16,2015,309
50165,16-64,2015,1408
50165,65-100,2015,594
50165,0-16,2016,306
50165,16-64,2016,1419
50165,65-100,2016,591
50165,0-16,2017,307
50165,16-64,2017,1434
50165,65-100,2017,588
50165,0-16,2018,300
50165,16-64,2018,1425
50165,65-100,2018,576
50165,0-16,2019,312
50165,16-64,2019,1444
50165,65-100,2019,568
50165,0-16,2020,292
50165,16-64,2020,1439
50165,65-100,2020,548
50165,0-16,2021,295
50165,16-64,2021,1442
50165,65-100,2021,555
50165,0-16,2022,300
50165,16-64,2022,1453
50165,65-100,2022,541
50166,0-16,2003,25
50166,16-64,2003,192
50166,65-100,2003,127
50166,0-16,2004,19
50166,16-64,2004,188
50166,65-100,2004,132
50166,0-16,2005,18
50166,16-64,2005,178
50166,65-100,2005,133
50166,0-16,2006,18
50166,16-64,2006,168
50166,65-100,2006,135
50166,0-16,2007,18
50166,16-64,2007,167
50166,65-100,2007,133
50166,0-16,2008,18
50166,16-64,2008,176
50166,65-100,2008,131
50166,0-16,2009,20
50166,16-64,2009,173
50166,65-100,2009,125
50166,0-16,2010,21
50166,16-64,2010,171
50166,65-100,2010,123
50166,0-16,2011,24
50166,16-64,2011,169
50166,65-100,2011,123
50166,0-16,2012,27
50166,16-64,2012,172
50166,65-100,2012,119
50166,0-16,2013,20
50166,16-64,2013,160
50166,65-100,2013,120
50166,0-16,2014,19
50166,16-64,2014,164
50166,65-100,2014,112
50166,0-16,2015,21
50166,16-64,2015,161
50166,65-100,2015,109
50166,0-16,2016,19
50166,16-64,2016,154
50166,65-100,2016,113
50166,0-16,2017,20
50166,16-64,2017,151
50166,65-100,2017,103
50166,0-16,2018,17
50166,16-64,2018,147
50166,65-100,2018,107
50166,0-16,2019,20
50166,16-64,2019,138
50166,65-100,2019,106
50166,0-16,2020,18
50166,16-64,2020,134
50166,65-100,2020,105
50166,0-16,2021,18
50166,16-64,2021,143
50166,65-100,2021,104
50166,0-16,2022,20
50166,16-64,2022,144
50166,65-100,2022,108
50167,0-16,2003,20
50167,16-64,2003,159
50167,65-100,2003,102
50167,0-16,2004,16
50167,16-64,2004,167
50167,65-100,2004,102
50167,0-16,2005,15
50167,16-64,2005,160
50167,65-100,2005,96
50167,0-16,2006,14
50167,16-64,2006,150
50167,65-100,2006,96
50167,0-16,2007,17
50167,16-64,2007,152
50167,65-100,2007,94
50167,0-16,2008,14
50167,16-64,2008,150
50167,65-100,2008,92
50167,0-16,2009,11
50167,16-64,2009,141
50167,65-100,2009,85
50167,0-16,2010,8
50167,16-64,2010,129
50167,65-100,2010,89
50167,0-16,2011,7
50167,16-64,2011,128
50167,65-100,2011,87
50167,0-16,2012,6
50167,16-64,2012,122
50167,65-100,2012,82
50167,0-16,2013,5
50167,16-64,2013,149
50167,65-100,2013,90
50167,0-16,2014,6
50167,16-64,2014,143
50167,65-100,2014,92
50167,0-16,2015,6
50167,16-64,2015,142
50167,65-100,2015,87
50167,0-16,2016,8
50167,16-64,2016,161
50167,65-100,2016,85
50167,0-16,2017,8
50167,16-64,2017,153
50167,65-100,2017,87
50167,0-16,2018,8
50167,16-64,2018,144
50167,65-100,2018,88
50167,0-16,2019,10
50167,16-64,2019,140
50167,65-100,2019,88
50167,0-16,2020,13
50167,16-64,2020,134
50167,65-100,2020,86
50167,0-16,2021,14
50167,16-64,2021,142
50167,65-100,2021,82
50167,0-16,2022,13
50167,16-64,2022,138
50167,65-100,2022,81
50168,0-16,2003,0
50168,16-64,2003,21
50168,65-100,2003,23
50168,0-16,2004,0
50168,16-64,2004,23
50168,65-100,2004,22
50168,0-16,2005,1
50168,16-64,2005,23
50168,65-100,2005,22
50168,0-16,2006,0
50168,16-64,2006,21
50168,65-100,2006,24
50168,0-16,2007,2
50168,16-64,2007,24
50168,65-100,2007,27
50168,0-16,2008,2
50168,16-64,2008,20
50168,65-100,2008,26
50168,0-16,2009,0
50168,16-64,2009,20
50168,65-100,2009,26
50168,0-16,2010,0
50168,16-64,2010,18
50168,65-100,2010,23
50168,0-16,2011,2
50168,16-64,2011,18
50168,65-100,2011,21
50168,0-16,2012,2
50168,16-64,2012,14
50168,65-100,2012,24
50168,0-16,2013,2
50168,16-64,2013,14
50168,65-100,2013,17
50168,0-16,2014,2
50168,16-64,2014,12
50168,65-100,2014,16
50168,0-16,2015,2
50168,16-64,2015,12
50168,65-100,2015,17
50168,0-16,2016,1
50168,16-64,2016,12
50168,65-100,2016,15
50168,0-16,2017,1
50168,16-64,2017,14
50168,65-100,2017,17
50168,0-16,2018,0
50168,16-64,2018,16
50168,65-100,2018,16
50168,0-16,2019,0
50168,16-64,2019,16
50168,65-100,2019,14
50168,0-16,2020,0
50168,16-64,2020,15
50168,65-100,2020,12
50168,0-16,2021,0
50168,16-64,2021,15
50168,65-100,2021,13
50168,0-16,2022,0
50168,16-64,2022,15
50168,65-100,2022,13
50169,0-16,2003,59
50169,16-64,2003,270
50169,65-100,2003,179
50169,0-16,2004,54
50169,16-64,2004,260
50169,65-100,2004,182
50169,0-16,2005,52
50169,16-64,2005,263
50169,65-100,2005,172
50169,0-16,2006,47
50169,16-64,2006,258
50169,65-100,2006,164
50169,0-16,2007,48
50169,16-64,2007,256
50169,65-100,2007,164
50169,0-16,2008,45
50169,16-64,2008,253
50169,65-100,2008,164
50169,0-16,2009,43
50169,16-64,2009,263
50169,65-100,2009,165
50169,0-16,2010,39
50169,16-64,2010,272
50169,65-100,2010,164
50169,0-16,2011,38
50169,16-64,2011,267
50169,65-100,2011,157
50169,0-16,2012,36
50169,16-64,2012,275
50169,65-100,2012,147
50169,0-16,2013,41
50169,16-64,2013,283
50169,65-100,2013,146
50169,0-16,2014,42
50169,16-64,2014,274
50169,65-100,2014,148
50169,0-16,2015,42
50169,16-64,2015,286
50169,65-100,2015,151
50169,0-16,2016,41
50169,16-64,2016,286
50169,65-100,2016,140
50169,0-16,2017,40
50169,16-64,2017,270
50169,65-100,2017,144
50169,0-16,2018,30
50169,16-64,2018,262
50169,65-100,2018,140
50169,0-16,2019,30
50169,16-64,2019,266
50169,65-100,2019,137
50169,0-16,2020,26
50169,16-64,2020,258
50169,65-100,2020,131
50169,0-16,2021,35
50169,16-64,2021,270
50169,65-100,2021,124
50169,0-16,2022,30
50169,16-64,2022,268
50169,65-100,2022,126
50170,0-16,2003,53
50170,16-64,2003,344
50170,65-100,2003,120
50170,0-16,2004,47
50170,16-64,2004,345
50170,65-100,2004,125
50170,0-16,2005,47
50170,16-64,2005,331
50170,65-100,2005,128
50170,0-16,2006,48
50170,16-64,2006,319
50170,65-100,2006,128
50170,0-16,2007,40
50170,16-64,2007,324
50170,65-100,2007,122
50170,0-16,2008,45
50170,16-64,2008,326
50170,65-100,2008,129
50170,0-16,2009,45
50170,16-64,2009,327
50170,65-100,2009,123
50170,0-16,2010,39
50170,16-64,2010,320
50170,65-100,2010,120
50170,0-16,2011,38
50170,16-64,2011,317
50170,65-100,2011,117
50170,0-16,2012,36
50170,16-64,2012,307
50170,65-100,2012,121
50170,0-16,2013,33
50170,16-64,2013,303
50170,65-100,2013,122
50170,0-16,2014,28
50170,16-64,2014,285
50170,65-100,2014,127
50170,0-16,2015,31
50170,16-64,2015,273
50170,65-100,2015,127
50170,0-16,2016,29
50170,16-64,2016,262
50170,65-100,2016,127
50170,0-16,2017,28
50170,16-64,2017,260
50170,65-100,2017,131
50170,0-16,2018,26
50170,16-64,2018,251
50170,65-100,2018,136
50170,0-16,2019,24
50170,16-64,2019,252
50170,65-100,2019,129
50170,0-16,2020,25
50170,16-64,2020,242
50170,65-100,2020,127
50170,0-16,2021,24
50170,16-64,2021,237
50170,65-100,2021,128
50170,0-16,2022,24
50170,16-64,2022,237
50170,65-100,2022,132
50171,0-16,2003,3
50171,16-64,2003,73
50171,65-100,2003,56
50171,0-16,2004,1
50171,16-64,2004,71
50171,65-100,2004,51
50171,0-16,2005,1
50171,16-64,2005,60
50171,65-100,2005,42
50171,0-16,2006,1
50171,16-64,2006,56
50171,65-100,2006,42
50171,0-16,2007,1
50171,16-64,2007,53
50171,65-100,2007,42
50171,0-16,2008,0
50171,16-64,2008,55
50171,65-100,2008,43
50171,0-16,2009,0
50171,16-64,2009,74
50171,65-100,2009,54
50171,0-16,2010,0
50171,16-64,2010,72
50171,65-100,2010,50
50171,0-16,2011,0
50171,16-64,2011,80
50171,65-100,2011,49
50171,0-16,2012,0
50171,16-64,2012,71
50171,65-100,2012,46
50171,0-16,2013,0
50171,16-64,2013,64
50171,65-100,2013,52
50171,0-16,2014,1
50171,16-64,2014,56
50171,65-100,2014,54
50171,0-16,2015,1
50171,16-64,2015,56
50171,65-100,2015,55
50171,0-16,2016,2
50171,16-64,2016,53
50171,65-100,2016,56
50171,0-16,2017,2
50171,16-64,2017,47
50171,65-100,2017,54
50171,0-16,2018,1
50171,16-64,2018,44
50171,65-100,2018,49
50171,0-16,2019,0
50171,16-64,2019,47
50171,65-100,2019,50
50171,0-16,2020,3
50171,16-64,2020,61
50171,65-100,2020,50
50171,0-16,2021,3
50171,16-64,2021,64
50171,65-100,2021,54
50171,0-16,2022,4
50171,16-64,2022,58
50171,65-100,2022,53
50172,0-16,2003,11
50172,16-64,2003,138
50172,65-100,2003,116
50172,0-16,2004,9
50172,16-64,2004,131
50172,65-100,2004,117
50172,0-16,2005,9
50172,16-64,2005,118
50172,65-100,2005,117
50172,0-16,2006,8
50172,16-64,2006,116
50172,65-100,2006,115
50172,0-16,2007,5
50172,16-64,2007,112
50172,65-100,2007,103
50172,0-16,2008,2
50172,16-64,2008,104
50172,65-100,2008,101
50172,0-16,2009,2
50172,16-64,2009,99
50172,65-100,2009,96
50172,0-16,2010,1
50172,16-64,2010,93
50172,65-100,2010,95
50172,0-16,2011,0
50172,16-64,2011,89
50172,65-100,2011,97
50172,0-16,2012,13
50172,16-64,2012,119
50172,65-100,2012,94
50172,0-16,2013,13
50172,16-64,2013,129
50172,65-100,2013,89
50172,0-16,2014,14
50172,16-64,2014,129
50172,65-100,2014,90
50172,0-16,2015,11
50172,16-64,2015,122
50172,65-100,2015,89
50172,0-16,2016,8
50172,16-64,2016,120
50172,65-100,2016,86
50172,0-16,2017,8
50172,16-64,2017,118
50172,65-100,2017,82
50172,0-16,2018,9
50172,16-64,2018,119
50172,65-100,2018,84
50172,0-16,2019,6
50172,16-64,2019,112
50172,65-100,2019,82
50172,0-16,2020,7
50172,16-64,2020,103
50172,65-100,2020,79
50172,0-16,2021,6
50172,16-64,2021,112
50172,65-100,2021,75
50172,0-16,2022,7
50172,16-64,2022,112
50172,65-100,2022,74
50173,0-16,2003,7
50173,16-64,2003,142
50173,65-100,2003,79
50173,0-16,2004,5
50173,16-64,2004,141
50173,65-100,2004,85
50173,0-16,2005,6
50173,16-64,2005,139
50173,65-100,2005,84
50173,0-16,2006,6
50173,16-64,2006,126
50173,65-100,2006,85
50173,0-16,2007,5
50173,16-64,2007,130
50173,65-100,2007,86
50173,0-16,2008,3
50173,16-64,2008,124
50173,65-100,2008,83
50173,0-16,2009,2
50173,16-64,2009,118
50173,65-100,2009,78
50173,0-16,2010,1
50173,16-64,2010,112
50173,65-100,2010,81
50173,0-16,2011,1
50173,16-64,2011,105
50173,65-100,2011,84
50173,0-16,2012,1
50173,16-64,2012,94
50173,65-100,2012,74
50173,0-16,2013,0
50173,16-64,2013,90
50173,65-100,2013,71
50173,0-16,2014,1
50173,16-64,2014,92
50173,65-100,2014,75
50173,0-16,2015,2
50173,16-64,2015,156
50173,65-100,2015,120
50173,0-16,2016,1
50173,16-64,2016,105
50173,65-100,2016,92
50173,0-16,2017,1
50173,16-64,2017,90
50173,65-100,2017,77
50173,0-16,2018,0
50173,16-64,2018,88
50173,65-100,2018,71
50173,0-16,2019,0
50173,16-64,2019,85
50173,65-100,2019,72
50173,0-16,2020,1
50173,16-64,2020,74
50173,65-100,2020,68
50173,0-16,2021,0
50173,16-64,2021,73
50173,65-100,2021,62
50173,0-16,2022,0
50173,16-64,2022,73
50173,65-100,2022,60
50174,0-16,2003,1
50174,16-64,2003,61
50174,65-100,2003,69
50174,0-16,2004,2
50174,16-64,2004,73
50174,65-100,2004,69
50174,0-16,2005,7
50174,16-64,2005,73
50174,65-100,2005,68
50174,0-16,2006,5
50174,16-64,2006,65
50174,65-100,2006,64
50174,0-16,2007,1
50174,16-64,2007,55
50174,65-100,2007,67
50174,0-16,2008,3
50174,16-64,2008,61
50174,65-100,2008,65
50174,0-16,2009,4
50174,16-64,2009,62
50174,65-100,2009,63
50174,0-16,2010,5
50174,16-64,2010,64
50174,65-100,2010,63
50174,0-16,2011,5
50174,16-64,2011,65
50174,65-100,2011,66
50174,0-16,2012,5
50174,16-64,2012,61
50174,65-100,2012,67
50174,0-16,2013,3
50174,16-64,2013,47
50174,65-100,2013,65
50174,0-16,2014,3
50174,16-64,2014,45
50174,65-100,2014,66
50174,0-16,2015,2
50174,16-64,2015,43
50174,65-100,2015,60
50174,0-16,2016,2
50174,16-64,2016,39
50174,65-100,2016,62
50174,0-16,2017,2
50174,16-64,2017,33
50174,65-100,2017,59
50174,0-16,2018,4
50174,16-64,2018,34
50174,65-100,2018,56
50174,0-16,2019,3
50174,16-64,2019,38
50174,65-100,2019,53
50174,0-16,2020,5
50174,16-64,2020,37
50174,65-100,2020,48
50174,0-16,2021,6
50174,16-64,2021,38
50174,65-100,2021,45
50174,0-16,2022,4
50174,16-64,2022,38
50174,65-100,2022,44
50175,0-16,2003,136
50175,16-64,2003,817
50175,65-100,2003,469
50175,0-16,2004,129
50175,16-64,2004,806
50175,65-100,2004,458
50175,0-16,2005,137
50175,16-64,2005,817
50175,65-100,2005,463
50175,0-16,2006,127
50175,16-64,2006,807
50175,65-100,2006,451
50175,0-16,2007,121
50175,16-64,2007,802
50175,65-100,2007,456
50175,0-16,2008,120
50175,16-64,2008,784
50175,65-100,2008,450
50175,0-16,2009,122
50175,16-64,2009,789
50175,65-100,2009,449
50175,0-16,2010,120
50175,16-64,2010,797
50175,65-100,2010,435
50175,0-16,2011,104
50175,16-64,2011,797
50175,65-100,2011,413
50175,0-16,2012,107
50175,16-64,2012,765
50175,65-100,2012,394
50175,0-16,2013,106
50175,16-64,2013,770
50175,65-100,2013,383
50175,0-16,2014,99
50175,16-64,2014,731
50175,65-100,2014,379
50175,0-16,2015,105
50175,16-64,2015,709
50175,65-100,2015,390
50175,0-16,2016,98
50175,16-64,2016,692
50175,65-100,2016,387
50175,0-16,2017,88
50175,16-64,2017,666
50175,65-100,2017,392
50175,0-16,2018,85
50175,16-64,2018,629
50175,65-100,2018,383
50175,0-16,2019,92
50175,16-64,2019,628
50175,65-100,2019,359
50175,0-16,2020,99
50175,16-64,2020,618
50175,65-100,2020,349
50175,0-16,2021,92
50175,16-64,2021,642
50175,65-100,2021,343
50175,0-16,2022,95
50175,16-64,2022,675
50175,65-100,2022,331
50176,0-16,2003,31
50176,16-64,2003,156
50176,65-100,2003,138
50176,0-16,2004,27
50176,16-64,2004,145
50176,65-100,2004,135
50176,0-16,2005,23
50176,16-64,2005,141
50176,65-100,2005,131
50176,0-16,2006,12
50176,16-64,2006,123
50176,65-100,2006,132
50176,0-16,2007,17
50176,16-64,2007,146
50176,65-100,2007,129
50176,0-16,2008,21
50176,16-64,2008,171
50176,65-100,2008,125
50176,0-16,2009,19
50176,16-64,2009,160
50176,65-100,2009,127
50176,0-16,2010,17
50176,16-64,2010,160
50176,65-100,2010,124
50176,0-16,2011,13
50176,16-64,2011,154
50176,65-100,2011,119
50176,0-16,2012,14
50176,16-64,2012,147
50176,65-100,2012,119
50176,0-16,2013,12
50176,16-64,2013,103
50176,65-100,2013,117
50176,0-16,2014,10
50176,16-64,2014,114
50176,65-100,2014,112
50176,0-16,2015,13
50176,16-64,2015,142
50176,65-100,2015,101
50176,0-16,2016,14
50176,16-64,2016,156
50176,65-100,2016,102
50176,0-16,2017,15
50176,16-64,2017,169
50176,65-100,2017,98
50176,0-16,2018,13
50176,16-64,2018,175
50176,65-100,2018,94
50176,0-16,2019,19
50176,16-64,2019,196
50176,65-100,2019,87
50176,0-16,2020,16
50176,16-64,2020,177
50176,65-100,2020,83
50176,0-16,2021,13
50176,16-64,2021,164
50176,65-100,2021,83
50176,0-16,2022,15
50176,16-64,2022,159
50176,65-100,2022,76
50177,0-16,2003,31
50177,16-64,2003,210
50177,65-100,2003,197
50177,0-16,2004,26
50177,16-64,2004,209
50177,65-100,2004,190
50177,0-16,2005,24
50177,16-64,2005,203
50177,65-100,2005,180
50177,0-16,2006,37
50177,16-64,2006,226
50177,65-100,2006,197
50177,0-16,2007,39
50177,16-64,2007,215
50177,65-100,2007,193
50177,0-16,2008,39
50177,16-64,2008,215
50177,65-100,2008,190
50177,0-16,2009,38
50177,16-64,2009,221
50177,65-100,2009,184
50177,0-16,2010,36
50177,16-64,2010,229
50177,65-100,2010,172
50177,0-16,2011,35
50177,16-64,2011,225
50177,65-100,2011,162
50177,0-16,2012,33
50177,16-64,2012,216
50177,65-100,2012,153
50177,0-16,2013,33
50177,16-64,2013,219
50177,65-100,2013,141
50177,0-16,2014,25
50177,16-64,2014,212
50177,65-100,2014,142
50177,0-16,2015,25
50177,16-64,2015,200
50177,65-100,2015,137
50177,0-16,2016,29
50177,16-64,2016,186
50177,65-100,2016,134
50177,0-16,2017,28
50177,16-64,2017,173
50177,65-100,2017,134
50177,0-16,2018,29
50177,16-64,2018,174
50177,65-100,2018,131
50177,0-16,2019,27
50177,16-64,2019,175
50177,65-100,2019,121
50177,0-16,2020,26
50177,16-64,2020,171
50177,65-100,2020,124
50177,0-16,2021,30
50177,16-64,2021,189
50177,65-100,2021,119
50177,0-16,2022,25
50177,16-64,2022,190
50177,65-100,2022,117
50178,0-16,2003,53
50178,16-64,2003,243
50178,65-100,2003,199
50178,0-16,2004,59
50178,16-64,2004,258
50178,65-100,2004,195
50178,0-16,2005,57
50178,16-64,2005,258
50178,65-100,2005,191
50178,0-16,2006,54
50178,16-64,2006,233
50178,65-100,2006,191
50178,0-16,2007,52
50178,16-64,2007,225
50178,65-100,2007,192
50178,0-16,2008,59
50178,16-64,2008,223
50178,65-100,2008,192
50178,0-16,2009,62
50178,16-64,2009,227
50178,65-100,2009,192
50178,0-16,2010,60
50178,16-64,2010,214
50178,65-100,2010,195
50178,0-16,2011,54
50178,16-64,2011,203
50178,65-100,2011,192
50178,0-16,2012,52
50178,16-64,2012,207
50178,65-100,2012,182
50178,0-16,2013,49
50178,16-64,2013,209
50178,65-100,2013,176
50178,0-16,2014,42
50178,16-64,2014,195
50178,65-100,2014,169
50178,0-16,2015,34
50178,16-64,2015,197
50178,65-100,2015,166
50178,0-16,2016,29
50178,16-64,2016,197
50178,65-100,2016,157
50178,0-16,2017,20
50178,16-64,2017,194
50178,65-100,2017,150
50178,0-16,2018,19
50178,16-64,2018,201
50178,65-100,2018,142
50178,0-16,2019,13
50178,16-64,2019,200
50178,65-100,2019,130
50178,0-16,2020,7
50178,16-64,2020,189
50178,65-100,2020,123
50178,0-16,2021,4
50178,16-64,2021,186
50178,65-100,2021,114
50178,0-16,2022,6
50178,16-64,2022,187
50178,65-100,2022,106
50179,0-16,2003,10
50179,16-64,2003,155
50179,65-100,2003,155
50179,0-16,2004,8
50179,16-64,2004,151
50179,65-100,2004,156
50179,0-16,2005,8
50179,16-64,2005,143
50179,65-100,2005,150
50179,0-16,2006,8
50179,16-64,2006,143
50179,65-100,2006,146
50179,0-16,2007,5
50179,16-64,2007,143
50179,65-100,2007,142
50179,0-16,2008,4
50179,16-64,2008,140
50179,65-100,2008,145
50179,0-16,2009,3
50179,16-64,2009,140
50179,65-100,2009,137
50179,0-16,2010,3
50179,16-64,2010,131
50179,65-100,2010,126
50179,0-16,2011,10
50179,16-64,2011,127
50179,65-100,2011,121
50179,0-16,2012,8
50179,16-64,2012,148
50179,65-100,2012,122
50179,0-16,2013,13
50179,16-64,2013,150
50179,65-100,2013,117
50179,0-16,2014,12
50179,16-64,2014,136
50179,65-100,2014,117
50179,0-16,2015,12
50179,16-64,2015,144
50179,65-100,2015,124
50179,0-16,2016,10
50179,16-64,2016,137
50179,65-100,2016,118
50179,0-16,2017,10
50179,16-64,2017,126
50179,65-100,2017,122
50179,0-16,2018,11
50179,16-64,2018,120
50179,65-100,2018,114
50179,0-16,2019,10
50179,16-64,2019,158
50179,65-100,2019,112
50179,0-16,2020,10
50179,16-64,2020,144
50179,65-100,2020,111
50179,0-16,2021,8
50179,16-64,2021,141
50179,65-100,2021,113
50179,0-16,2022,9
50179,16-64,2022,131
50179,65-100,2022,111
50180,0-16,2003,1
50180,16-64,2003,67
50180,65-100,2003,53
50180,0-16,2004,1
50180,16-64,2004,66
50180,65-100,2004,54
50180,0-16,2005,0
50180,16-64,2005,72
50180,65-100,2005,57
50180,0-16,2006,1
50180,16-64,2006,67
50180,65-100,2006,58
50180,0-16,2007,0
50180,16-64,2007,66
50180,65-100,2007,61
50180,0-16,2008,0
50180,16-64,2008,58
50180,65-100,2008,59
50180,0-16,2009,2
50180,16-64,2009,59
50180,65-100,2009,57
50180,0-16,2010,2
50180,16-64,2010,54
50180,65-100,2010,58
50180,0-16,2011,2
50180,16-64,2011,52
50180,65-100,2011,59
50180,0-16,2012,2
50180,16-64,2012,45
50180,65-100,2012,60
50180,0-16,2013,4
50180,16-64,2013,54
50180,65-100,2013,59
50180,0-16,2014,6
50180,16-64,2014,55
50180,65-100,2014,60
50180,0-16,2015,7
50180,16-64,2015,58
50180,65-100,2015,56
50180,0-16,2016,8
50180,16-64,2016,62
50180,65-100,2016,54
50180,0-16,2017,12
50180,16-64,2017,70
50180,65-100,2017,54
50180,0-16,2018,12
50180,16-64,2018,66
50180,65-100,2018,52
50180,0-16,2019,13
50180,16-64,2019,61
50180,65-100,2019,48
50180,0-16,2020,12
50180,16-64,2020,59
50180,65-100,2020,49
50180,0-16,2021,14
50180,16-64,2021,63
50180,65-100,2021,47
50180,0-16,2022,14
50180,16-64,2022,68
50180,65-100,2022,41
50181,0-16,2003,117
50181,16-64,2003,738
50181,65-100,2003,280
50181,0-16,2004,134
50181,16-64,2004,719
50181,65-100,2004,289
50181,0-16,2005,144
50181,16-64,2005,756
50181,65-100,2005,280
50181,0-16,2006,150
50181,16-64,2006,775
50181,65-100,2006,275
50181,0-16,2007,146
50181,16-64,2007,799
50181,65-100,2007,280
50181,0-16,2008,150
50181,16-64,2008,839
50181,65-100,2008,290
50181,0-16,2009,174
50181,16-64,2009,911
50181,65-100,2009,303
50181,0-16,2010,171
50181,16-64,2010,917
50181,65-100,2010,297
50181,0-16,2011,187
50181,16-64,2011,940
50181,65-100,2011,307
50181,0-16,2012,182
50181,16-64,2012,903
50181,65-100,2012,294
50181,0-16,2013,182
50181,16-64,2013,906
50181,65-100,2013,289
50181,0-16,2014,195
50181,16-64,2014,887
50181,65-100,2014,293
50181,0-16,2015,194
50181,16-64,2015,852
50181,65-100,2015,289
50181,0-16,2016,180
50181,16-64,2016,843
50181,65-100,2016,289
50181,0-16,2017,189
50181,16-64,2017,842
50181,65-100,2017,293
50181,0-16,2018,186
50181,16-64,2018,852
50181,65-100,2018,295
50181,0-16,2019,209
50181,16-64,2019,884
50181,65-100,2019,285
50181,0-16,2020,216
50181,16-64,2020,893
50181,65-100,2020,292
50181,0-16,2021,204
50181,16-64,2021,931
50181,65-100,2021,301
50181,0-16,2022,208
50181,16-64,2022,958
50181,65-100,2022,313
50182,0-16,2003,335
50182,16-64,2003,1635
50182,65-100,2003,340
50182,0-16,2004,402
50182,16-64,2004,2076
50182,65-100,2004,380
50182,0-16,2005,471
50182,16-64,2005,2394
50182,65-100,2005,400
50182,0-16,2006,528
50182,16-64,2006,2618
50182,65-100,2006,421
50182,0-16,2007,607
50182,16-64,2007,2920
50182,65-100,2007,438
50182,0-16,2008,727
50182,16-64,2008,3236
50182,65-100,2008,456
50182,0-16,2009,830
50182,16-64,2009,3610
50182,65-100,2009,488
50182,0-16,2010,889
50182,16-64,2010,3784
50182,65-100,2010,493
50182,0-16,2011,970
50182,16-64,2011,3750
50182,65-100,2011,493
50182,0-16,2012,1019
50182,16-64,2012,3560
50182,65-100,2012,483
50182,0-16,2013,1053
50182,16-64,2013,3491
50182,65-100,2013,471
50182,0-16,2014,1059
50182,16-64,2014,3414
50182,65-100,2014,475
50182,0-16,2015,1098
50182,16-64,2015,3379
50182,65-100,2015,503
50182,0-16,2016,1143
50182,16-64,2016,3456
50182,65-100,2016,491
50182,0-16,2017,1213
50182,16-64,2017,3518
50182,65-100,2017,507
50182,0-16,2018,1266
50182,16-64,2018,3674
50182,65-100,2018,539
50182,0-16,2019,1322
50182,16-64,2019,3887
50182,65-100,2019,575
50182,0-16,2020,1333
50182,16-64,2020,3980
50182,65-100,2020,581
50182,0-16,2021,1385
50182,16-64,2021,4155
50182,65-100,2021,585
50182,0-16,2022,1403
50182,16-64,2022,4232
50182,65-100,2022,612
50183,0-16,2003,39
50183,16-64,2003,225
50183,65-100,2003,174
50183,0-16,2004,40
50183,16-64,2004,220
50183,65-100,2004,178
50183,0-16,2005,40
50183,16-64,2005,222
50183,65-100,2005,175
50183,0-16,2006,39
50183,16-64,2006,226
50183,65-100,2006,172
50183,0-16,2007,42
50183,16-64,2007,220
50183,65-100,2007,169
50183,0-16,2008,44
50183,16-64,2008,224
50183,65-100,2008,172
50183,0-16,2009,54
50183,16-64,2009,251
50183,65-100,2009,164
50183,0-16,2010,60
50183,16-64,2010,264
50183,65-100,2010,164
50183,0-16,2011,46
50183,16-64,2011,261
50183,65-100,2011,160
50183,0-16,2012,41
50183,16-64,2012,275
50183,65-100,2012,154
50183,0-16,2013,36
50183,16-64,2013,278
50183,65-100,2013,148
50183,0-16,2014,29
50183,16-64,2014,244
50183,65-100,2014,147
50183,0-16,2015,28
50183,16-64,2015,232
50183,65-100,2015,145
50183,0-16,2016,31
50183,16-64,2016,232
50183,65-100,2016,147
50183,0-16,2017,30
50183,16-64,2017,228
50183,65-100,2017,145
50183,0-16,2018,20
50183,16-64,2018,222
50183,65-100,2018,143
50183,0-16,2019,20
50183,16-64,2019,218
50183,65-100,2019,133
50183,0-16,2020,20
50183,16-64,2020,216
50183,65-100,2020,127
50183,0-16,2021,17
50183,16-64,2021,224
50183,65-100,2021,119
50183,0-16,2022,15
50183,16-64,2022,226
50183,65-100,2022,115
50184,0-16,2003,7
50184,16-64,2003,75
50184,65-100,2003,56
50184,0-16,2004,7
50184,16-64,2004,76
50184,65-100,2004,56
50184,0-16,2005,6
50184,16-64,2005,78
50184,65-100,2005,54
50184,0-16,2006,6
50184,16-64,2006,86
50184,65-100,2006,54
50184,0-16,2007,7
50184,16-64,2007,94
50184,65-100,2007,62
50184,0-16,2008,9
50184,16-64,2008,84
50184,65-100,2008,66
50184,0-16,2009,9
50184,16-64,2009,80
50184,65-100,2009,64
50184,0-16,2010,8
50184,16-64,2010,80
50184,65-100,2010,58
50184,0-16,2011,7
50184,16-64,2011,84
50184,65-100,2011,57
50184,0-16,2012,6
50184,16-64,2012,74
50184,65-100,2012,60
50184,0-16,2013,7
50184,16-64,2013,70
50184,65-100,2013,58
50184,0-16,2014,6
50184,16-64,2014,71
50184,65-100,2014,56
50184,0-16,2015,6
50184,16-64,2015,74
50184,65-100,2015,51
50184,0-16,2016,6
50184,16-64,2016,75
50184,65-100,2016,48
50184,0-16,2017,7
50184,16-64,2017,73
50184,65-100,2017,39
50184,0-16,2018,6
50184,16-64,2018,65
50184,65-100,2018,36
50184,0-16,2019,4
50184,16-64,2019,62
50184,65-100,2019,32
50184,0-16,2020,3
50184,16-64,2020,61
50184,65-100,2020,32
50184,0-16,2021,1
50184,16-64,2021,64
50184,65-100,2021,32
50184,0-16,2022,3
50184,16-64,2022,64
50184,65-100,2022,37
50185,0-16,2003,15
50185,16-64,2003,98
50185,65-100,2003,64
50185,0-16,2004,14
50185,16-64,2004,102
50185,65-100,2004,66
50185,0-16,2005,15
50185,16-64,2005,100
50185,65-100,2005,64
50185,0-16,2006,15
50185,16-64,2006,99
50185,65-100,2006,63
50185,0-16,2007,17
50185,16-64,2007,93
50185,65-100,2007,63
50185,0-16,2008,15
50185,16-64,2008,96
50185,65-100,2008,58
50185,0-16,2009,16
50185,16-64,2009,92
50185,65-100,2009,57
50185,0-16,2010,20
50185,16-64,2010,112
50185,65-100,2010,57
50185,0-16,2011,23
50185,16-64,2011,118
50185,65-100,2011,53
50185,0-16,2012,29
50185,16-64,2012,125
50185,65-100,2012,48
50185,0-16,2013,23
50185,16-64,2013,121
50185,65-100,2013,45
50185,0-16,2014,24
50185,16-64,2014,113
50185,65-100,2014,46
50185,0-16,2015,23
50185,16-64,2015,104
50185,65-100,2015,39
50185,0-16,2016,22
50185,16-64,2016,109
50185,65-100,2016,37
50185,0-16,2017,25
50185,16-64,2017,111
50185,65-100,2017,39
50185,0-16,2018,21
50185,16-64,2018,113
50185,65-100,2018,40
50185,0-16,2019,22
50185,16-64,2019,123
50185,65-100,2019,38
50185,0-16,2020,24
50185,16-64,2020,126
50185,65-100,2020,41
50185,0-16,2021,24
50185,16-64,2021,122
50185,65-100,2021,41
50185,0-16,2022,29
50185,16-64,2022,121
50185,65-100,2022,47
50186,0-16,2003,2
50186,16-64,2003,26
50186,65-100,2003,26
50186,0-16,2004,2
50186,16-64,2004,25
50186,65-100,2004,27
50186,0-16,2005,2
50186,16-64,2005,26
50186,65-100,2005,25
50186,0-16,2006,2
50186,16-64,2006,24
50186,65-100,2006,24
50186,0-16,2007,2
50186,16-64,2007,23
50186,65-100,2007,19
50186,0-16,2008,2
50186,16-64,2008,29
50186,65-100,2008,18
50186,0-16,2009,1
50186,16-64,2009,30
50186,65-100,2009,18
50186,0-16,2010,1
50186,16-64,2010,31
50186,65-100,2010,18
50186,0-16,2011,1
50186,16-64,2011,29
50186,65-100,2011,18
50186,0-16,2012,1
50186,16-64,2012,31
50186,65-100,2012,15
50186,0-16,2013,1
50186,16-64,2013,25
50186,65-100,2013,19
50186,0-16,2014,0
50186,16-64,2014,27
50186,65-100,2014,16
50186,0-16,2015,0
50186,16-64,2015,25
50186,65-100,2015,16
50186,0-16,2016,0
50186,16-64,2016,26
50186,65-100,2016,16
50186,0-16,2017,0
50186,16-64,2017,24
50186,65-100,2017,17
50186,0-16,2018,0
50186,16-64,2018,23
50186,65-100,2018,17
50186,0-16,2019,0
50186,16-64,2019,22
50186,65-100,2019,16
50186,0-16,2020,0
50186,16-64,2020,19
50186,65-100,2020,17
50186,0-16,2021,0
50186,16-64,2021,18
50186,65-100,2021,16
50186,0-16,2022,0
50186,16-64,2022,19
50186,65-100,2022,16
50187,0-16,2003,5
50187,16-64,2003,54
50187,65-100,2003,46
50187,0-16,2004,4
50187,16-64,2004,49
50187,65-100,2004,44
50187,0-16,2005,2
50187,16-64,2005,47
50187,65-100,2005,41
50187,0-16,2006,2
50187,16-64,2006,44
50187,65-100,2006,43
50187,0-16,2007,2
50187,16-64,2007,44
50187,65-100,2007,45
50187,0-16,2008,2
50187,16-64,2008,43
50187,65-100,2008,42
50187,0-16,2009,2
50187,16-64,2009,37
50187,65-100,2009,45
50187,0-16,2010,2
50187,16-64,2010,37
50187,65-100,2010,42
50187,0-16,2011,2
50187,16-64,2011,35
50187,65-100,2011,42
50187,0-16,2012,1
50187,16-64,2012,34
50187,65-100,2012,39
50187,0-16,2013,1
50187,16-64,2013,34
50187,65-100,2013,40
50187,0-16,2014,4
50187,16-64,2014,36
50187,65-100,2014,40
50187,0-16,2015,4
50187,16-64,2015,38
50187,65-100,2015,36
50187,0-16,2016,2
50187,16-64,2016,35
50187,65-100,2016,39
50187,0-16,2017,2
50187,16-64,2017,32
50187,65-100,2017,35
50187,0-16,2018,2
50187,16-64,2018,31
50187,65-100,2018,33
50187,0-16,2019,2
50187,16-64,2019,28
50187,65-100,2019,32
50187,0-16,2020,2
50187,16-64,2020,27
50187,65-100,2020,32
50187,0-16,2021,1
50187,16-64,2021,27
50187,65-100,2021,34
50187,0-16,2022,1
50187,16-64,2022,27
50187,65-100,2022,31
50188,0-16,2003,2
50188,16-64,2003,41
50188,65-100,2003,12
50188,0-16,2004,2
50188,16-64,2004,36
50188,65-100,2004,12
50188,0-16,2005,1
50188,16-64,2005,31
50188,65-100,2005,14
50188,0-16,2006,1
50188,16-64,2006,31
50188,65-100,2006,14
50188,0-16,2007,1
50188,16-64,2007,26
50188,65-100,2007,12
50188,0-16,2008,1
50188,16-64,2008,25
50188,65-100,2008,12
50188,0-16,2009,0
50188,16-64,2009,25
50188,65-100,2009,11
50188,0-16,2010,0
50188,16-64,2010,24
50188,65-100,2010,11
50188,0-16,2011,0
50188,16-64,2011,24
50188,65-100,2011,14
50188,0-16,2012,0
50188,16-64,2012,21
50188,65-100,2012,14
50188,0-16,2013,0
50188,16-64,2013,18
50188,65-100,2013,16
50188,0-16,2014,3
50188,16-64,2014,18
50188,65-100,2014,16
50188,0-16,2015,1
50188,16-64,2015,15
50188,65-100,2015,18
50188,0-16,2016,1
50188,16-64,2016,13
50188,65-100,2016,18
50188,0-16,2017,1
50188,16-64,2017,13
50188,65-100,2017,17
50188,0-16,2018,1
50188,16-64,2018,11
50188,65-100,2018,17
50188,0-16,2019,1
50188,16-64,2019,12
50188,65-100,2019,18
50188,0-16,2020,1
50188,16-64,2020,11
50188,65-100,2020,19
50188,0-16,2021,1
50188,16-64,2021,14
50188,65-100,2021,20
50188,0-16,2022,0
50188,16-64,2022,14
50188,65-100,2022,21
50189,0-16,2003,128
50189,16-64,2003,591
50189,65-100,2003,326
50189,0-16,2004,129
50189,16-64,2004,593
50189,65-100,2004,320
50189,0-16,2005,136
50189,16-64,2005,616
50189,65-100,2005,307
50189,0-16,2006,140
50189,16-64,2006,606
50189,65-100,2006,309
50189,0-16,2007,135
50189,16-64,2007,620
50189,65-100,2007,301
50189,0-16,2008,146
50189,16-64,2008,638
50189,65-100,2008,295
50189,0-16,2009,148
50189,16-64,2009,646
50189,65-100,2009,289
50189,0-16,2010,147
50189,16-64,2010,632
50189,65-100,2010,282
50189,0-16,2011,140
50189,16-64,2011,638
50189,65-100,2011,276
50189,0-16,2012,147
50189,16-64,2012,650
50189,65-100,2012,267
50189,0-16,2013,138
50189,16-64,2013,632
50189,65-100,2013,268
50189,0-16,2014,137
50189,16-64,2014,611
50189,65-100,2014,268
50189,0-16,2015,140
50189,16-64,2015,598
50189,65-100,2015,270
50189,0-16,2016,132
50189,16-64,2016,593
50189,65-100,2016,267
50189,0-16,2017,128
50189,16-64,2017,571
50189,65-100,2017,265
50189,0-16,2018,121
50189,16-64,2018,573
50189,65-100,2018,268
50189,0-16,2019,116
50189,16-64,2019,578
50189,65-100,2019,267
50189,0-16,2020,114
50189,16-64,2020,596
50189,65-100,2020,268
50189,0-16,2021,121
50189,16-64,2021,601
50189,65-100,2021,276
50189,0-16,2022,121
50189,16-64,2022,612
50189,65-100,2022,278
50190,0-16,2003,91
50190,16-64,2003,479
50190,65-100,2003,245
50190,0-16,2004,83
50190,16-64,2004,490
50190,65-100,2004,234
50190,0-16,2005,90
50190,16-64,2005,489
50190,65-100,2005,227
50190,0-16,2006,92
50190,16-64,2006,513
50190,65-100,2006,213
50190,0-16,2007,108
50190,16-64,2007,558
50190,65-100,2007,209
50190,0-16,2008,110
50190,16-64,2008,565
50190,65-100,2008,210
50190,0-16,2009,109
50190,16-64,2009,580
50190,65-100,2009,202
50190,0-16,2010,118
50190,16-64,2010,590
50190,65-100,2010,211
50190,0-16,2011,117
50190,16-64,2011,620
50190,65-100,2011,212
50190,0-16,2012,123
50190,16-64,2012,615
50190,65-100,2012,210
50190,0-16,2013,137
50190,16-64,2013,601
50190,65-100,2013,209
50190,0-16,2014,137
50190,16-64,2014,585
50190,65-100,2014,209
50190,0-16,2015,138
50190,16-64,2015,574
50190,65-100,2015,201
50190,0-16,2016,127
50190,16-64,2016,547
50190,65-100,2016,197
50190,0-16,2017,108
50190,16-64,2017,546
50190,65-100,2017,184
50190,0-16,2018,118
50190,16-64,2018,554
50190,65-100,2018,178
50190,0-16,2019,104
50190,16-64,2019,547
50190,65-100,2019,179
50190,0-16,2020,105
50190,16-64,2020,535
50190,65-100,2020,185
50190,0-16,2021,101
50190,16-64,2021,534
50190,65-100,2021,198
50190,0-16,2022,104
50190,16-64,2022,528
50190,65-100,2022,213
50191,0-16,2003,77
50191,16-64,2003,386
50191,65-100,2003,206
50191,0-16,2004,76
50191,16-64,2004,399
50191,65-100,2004,192
50191,0-16,2005,77
50191,16-64,2005,395
50191,65-100,2005,188
50191,0-16,2006,73
50191,16-64,2006,382
50191,65-100,2006,190
50191,0-16,2007,80
50191,16-64,2007,371
50191,65-100,2007,192
50191,0-16,2008,78
50191,16-64,2008,369
50191,65-100,2008,192
50191,0-16,2009,85
50191,16-64,2009,368
50191,65-100,2009,186
50191,0-16,2010,77
50191,16-64,2010,362
50191,65-100,2010,187
50191,0-16,2011,69
50191,16-64,2011,353
50191,65-100,2011,181
50191,0-16,2012,73
50191,16-64,2012,343
50191,65-100,2012,186
50191,0-16,2013,72
50191,16-64,2013,341
50191,65-100,2013,181
50191,0-16,2014,69
50191,16-64,2014,335
50191,65-100,2014,182
50191,0-16,2015,63
50191,16-64,2015,325
50191,65-100,2015,190
50191,0-16,2016,59
50191,16-64,2016,312
50191,65-100,2016,189
50191,0-16,2017,55
50191,16-64,2017,305
50191,65-100,2017,186
50191,0-16,2018,53
50191,16-64,2018,306
50191,65-100,2018,181
50191,0-16,2019,53
50191,16-64,2019,310
50191,65-100,2019,169
50191,0-16,2020,49
50191,16-64,2020,300
50191,65-100,2020,168
50191,0-16,2021,43
50191,16-64,2021,295
50191,65-100,2021,164
50191,0-16,2022,42
50191,16-64,2022,306
50191,65-100,2022,166
50192,0-16,2003,53
50192,16-64,2003,272
50192,65-100,2003,68
50192,0-16,2004,53
50192,16-64,2004,265
50192,65-100,2004,66
50192,0-16,2005,52
50192,16-64,2005,251
50192,65-100,2005,71
50192,0-16,2006,43
50192,16-64,2006,222
50192,65-100,2006,73
50192,0-16,2007,43
50192,16-64,2007,220
50192,65-100,2007,79
50192,0-16,2008,49
50192,16-64,2008,230
50192,65-100,2008,74
50192,0-16,2009,47
50192,16-64,2009,232
50192,65-100,2009,82
50192,0-16,2010,53
50192,16-64,2010,223
50192,65-100,2010,80
50192,0-16,2011,58
50192,16-64,2011,219
50192,65-100,2011,78
50192,0-16,2012,55
50192,16-64,2012,213
50192,65-100,2012,82
50192,0-16,2013,60
50192,16-64,2013,207
50192,65-100,2013,81
50192,0-16,2014,53
50192,16-64,2014,198
50192,65-100,2014,81
50192,0-16,2015,53
50192,16-64,2015,197
50192,65-100,2015,77
50192,0-16,2016,54
50192,16-64,2016,204
50192,65-100,2016,77
50192,0-16,2017,49
50192,16-64,2017,205
50192,65-100,2017,78
50192,0-16,2018,46
50192,16-64,2018,200
50192,65-100,2018,79
50192,0-16,2019,35
50192,16-64,2019,194
50192,65-100,2019,81
50192,0-16,2020,31
50192,16-64,2020,179
50192,65-100,2020,75
50192,0-16,2021,29
50192,16-64,2021,193
50192,65-100,2021,75
50192,0-16,2022,29
50192,16-64,2022,179
50192,65-100,2022,71
50193,0-16,2003,85
50193,16-64,2003,409
50193,65-100,2003,125
50193,0-16,2004,86
50193,16-64,2004,419
50193,65-100,2004,122
50193,0-16,2005,86
50193,16-64,2005,441
50193,65-100,2005,119
50193,0-16,2006,97
50193,16-64,2006,482
50193,65-100,2006,120
50193,0-16,2007,107
50193,16-64,2007,501
50193,65-100,2007,123
50193,0-16,2008,117
50193,16-64,2008,513
50193,65-100,2008,124
50193,0-16,2009,120
50193,16-64,2009,511
50193,65-100,2009,127
50193,0-16,2010,135
50193,16-64,2010,538
50193,65-100,2010,128
50193,0-16,2011,145
50193,16-64,2011,561
50193,65-100,2011,131
50193,0-16,2012,145
50193,16-64,2012,562
50193,65-100,2012,136
50193,0-16,2013,149
50193,16-64,2013,575
50193,65-100,2013,139
50193,0-16,2014,143
50193,16-64,2014,557
50193,65-100,2014,143
50193,0-16,2015,137
50193,16-64,2015,543
50193,65-100,2015,146
50193,0-16,2016,140
50193,16-64,2016,548
50193,65-100,2016,152
50193,0-16,2017,143
50193,16-64,2017,543
50193,65-100,2017,152
50193,0-16,2018,138
50193,16-64,2018,535
50193,65-100,2018,154
50193,0-16,2019,135
50193,16-64,2019,546
50193,65-100,2019,156
50193,0-16,2020,136
50193,16-64,2020,542
50193,65-100,2020,160
50193,0-16,2021,142
50193,16-64,2021,571
50193,65-100,2021,167
50193,0-16,2022,150
50193,16-64,2022,567
50193,65-100,2022,172
50194,0-16,2003,6
50194,16-64,2003,81
50194,65-100,2003,58
50194,0-16,2004,6
50194,16-64,2004,73
50194,65-100,2004,57
50194,0-16,2005,4
50194,16-64,2005,69
50194,65-100,2005,53
50194,0-16,2006,2
50194,16-64,2006,62
50194,65-100,2006,51
50194,0-16,2007,0
50194,16-64,2007,62
50194,65-100,2007,50
50194,0-16,2008,2
50194,16-64,2008,70
50194,65-100,2008,48
50194,0-16,2009,3
50194,16-64,2009,69
50194,65-100,2009,47
50194,0-16,2010,3
50194,16-64,2010,67
50194,65-100,2010,45
50194,0-16,2011,4
50194,16-64,2011,67
50194,65-100,2011,48
50194,0-16,2012,3
50194,16-64,2012,65
50194,65-100,2012,49
50194,0-16,2013,4
50194,16-64,2013,59
50194,65-100,2013,46
50194,0-16,2014,5
50194,16-64,2014,53
50194,65-100,2014,48
50194,0-16,2015,6
50194,16-64,2015,62
50194,65-100,2015,49
50194,0-16,2016,8
50194,16-64,2016,60
50194,65-100,2016,52
50194,0-16,2017,6
50194,16-64,2017,52
50194,65-100,2017,46
50194,0-16,2018,5
50194,16-64,2018,56
50194,65-100,2018,45
50194,0-16,2019,5
50194,16-64,2019,55
50194,65-100,2019,44
50194,0-16,2020,8
50194,16-64,2020,56
50194,65-100,2020,46
50194,0-16,2021,8
50194,16-64,2021,54
50194,65-100,2021,43
50194,0-16,2022,9
50194,16-64,2022,59
50194,65-100,2022,42
50195,0-16,2003,1
50195,16-64,2003,21
50195,65-100,2003,20
50195,0-16,2004,1
50195,16-64,2004,17
50195,65-100,2004,21
50195,0-16,2005,1
50195,16-64,2005,17
50195,65-100,2005,19
50195,0-16,2006,1
50195,16-64,2006,16
50195,65-100,2006,20
50195,0-16,2007,0
50195,16-64,2007,18
50195,65-100,2007,20
50195,0-16,2008,0
50195,16-64,2008,18
50195,65-100,2008,18
50195,0-16,2009,0
50195,16-64,2009,18
50195,65-100,2009,16
50195,0-16,2010,0
50195,16-64,2010,16
50195,65-100,2010,17
50195,0-16,2011,0
50195,16-64,2011,24
50195,65-100,2011,19
50195,0-16,2012,1
50195,16-64,2012,28
50195,65-100,2012,18
50195,0-16,2013,0
50195,16-64,2013,27
50195,65-100,2013,18
50195,0-16,2014,0
50195,16-64,2014,37
50195,65-100,2014,20
50195,0-16,2015,0
50195,16-64,2015,37
50195,65-100,2015,19
50195,0-16,2016,0
50195,16-64,2016,38
50195,65-100,2016,20
50195,0-16,2017,0
50195,16-64,2017,35
50195,65-100,2017,22
50195,0-16,2018,2
50195,16-64,2018,35
50195,65-100,2018,22
50195,0-16,2019,2
50195,16-64,2019,35
50195,65-100,2019,21
50195,0-16,2020,1
50195,16-64,2020,33
50195,65-100,2020,21
50195,0-16,2021,1
50195,16-64,2021,34
50195,65-100,2021,23
50195,0-16,2022,0
50195,16-64,2022,35
50195,65-100,2022,22
50196,0-16,2003,16
50196,16-64,2003,54
50196,65-100,2003,62
50196,0-16,2004,17
50196,16-64,2004,55
50196,65-100,2004,59
50196,0-16,2005,17
50196,16-64,2005,59
50196,65-100,2005,59
50196,0-16,2006,18
50196,16-64,2006,58
50196,65-100,2006,57
50196,0-16,2007,14
50196,16-64,2007,55
50196,65-100,2007,53
50196,0-16,2008,18
50196,16-64,2008,59
50196,65-100,2008,51
50196,0-16,2009,17
50196,16-64,2009,59
50196,65-100,2009,50
50196,0-16,2010,17
50196,16-64,2010,63
50196,65-100,2010,49
50196,0-16,2011,18
50196,16-64,2011,69
50196,65-100,2011,49
50196,0-16,2012,14
50196,16-64,2012,70
50196,65-100,2012,51
50196,0-16,2013,14
50196,16-64,2013,71
50196,65-100,2013,48
50196,0-16,2014,14
50196,16-64,2014,71
50196,65-100,2014,46
50196,0-16,2015,12
50196,16-64,2015,71
50196,65-100,2015,44
50196,0-16,2016,10
50196,16-64,2016,70
50196,65-100,2016,42
50196,0-16,2017,8
50196,16-64,2017,74
50196,65-100,2017,38
50196,0-16,2018,6
50196,16-64,2018,77
50196,65-100,2018,35
50196,0-16,2019,7
50196,16-64,2019,75
50196,65-100,2019,32
50196,0-16,2020,7
50196,16-64,2020,72
50196,65-100,2020,32
50196,0-16,2021,6
50196,16-64,2021,80
50196,65-100,2021,30
50196,0-16,2022,5
50196,16-64,2022,77
50196,65-100,2022,34
50197,0-16,2003,11
50197,16-64,2003,48
50197,65-100,2003,54
50197,0-16,2004,9
50197,16-64,2004,47
50197,65-100,2004,51
50197,0-16,2005,9
50197,16-64,2005,50
50197,65-100,2005,50
50197,0-16,2006,8
50197,16-64,2006,49
50197,65-100,2006,47
50197,0-16,2007,9
50197,16-64,2007,52
50197,65-100,2007,45
50197,0-16,2008,8
50197,16-64,2008,55
50197,65-100,2008,44
50197,0-16,2009,7
50197,16-64,2009,55
50197,65-100,2009,39
50197,0-16,2010,8
50197,16-64,2010,56
50197,65-100,2010,37
50197,0-16,2011,6
50197,16-64,2011,66
50197,65-100,2011,35
50197,0-16,2012,5
50197,16-64,2012,59
50197,65-100,2012,39
50197,0-16,2013,9
50197,16-64,2013,54
50197,65-100,2013,41
50197,0-16,2014,10
50197,16-64,2014,57
50197,65-100,2014,43
50197,0-16,2015,11
50197,16-64,2015,60
50197,65-100,2015,41
50197,0-16,2016,11
50197,16-64,2016,55
50197,65-100,2016,42
50197,0-16,2017,11
50197,16-64,2017,52
50197,65-100,2017,43
50197,0-16,2018,10
50197,16-64,2018,53
50197,65-100,2018,41
50197,0-16,2019,9
50197,16-64,2019,59
50197,65-100,2019,46
50197,0-16,2020,9
50197,16-64,2020,52
50197,65-100,2020,48
50197,0-16,2021,9
50197,16-64,2021,55
50197,65-100,2021,43
50197,0-16,2022,7
50197,16-64,2022,50
50197,65-100,2022,38
50198,0-16,2003,2
50198,16-64,2003,30
50198,65-100,2003,15
50198,0-16,2004,2
50198,16-64,2004,34
50198,65-100,2004,16
50198,0-16,2005,2
50198,16-64,2005,30
50198,65-100,2005,14
50198,0-16,2006,3
50198,16-64,2006,30
50198,65-100,2006,14
50198,0-16,2007,4
50198,16-64,2007,30
50198,65-100,2007,16
50198,0-16,2008,5
50198,16-64,2008,30
50198,65-100,2008,17
50198,0-16,2009,3
50198,16-64,2009,30
50198,65-100,2009,18
50198,0-16,2010,4
50198,16-64,2010,31
50198,65-100,2010,20
50198,0-16,2011,4
50198,16-64,2011,31
50198,65-100,2011,19
50198,0-16,2012,2
50198,16-64,2012,29
50198,65-100,2012,17
50198,0-16,2013,1
50198,16-64,2013,26
50198,65-100,2013,17
50198,0-16,2014,1
50198,16-64,2014,27
50198,65-100,2014,20
50198,0-16,2015,0
50198,16-64,2015,39
50198,65-100,2015,22
50198,0-16,2016,0
50198,16-64,2016,37
50198,65-100,2016,23
50198,0-16,2017,0
50198,16-64,2017,33
50198,65-100,2017,22
50198,0-16,2018,0
50198,16-64,2018,31
50198,65-100,2018,21
50198,0-16,2019,0
50198,16-64,2019,33
50198,65-100,2019,20
50198,0-16,2020,0
50198,16-64,2020,27
50198,65-100,2020,20
50198,0-16,2021,0
50198,16-64,2021,25
50198,65-100,2021,20
50198,0-16,2022,0
50198,16-64,2022,33
50198,65-100,2022,19
50199,0-16,2003,36
50199,16-64,2003,262
50199,65-100,2003,85
50199,0-16,2004,37
50199,16-64,2004,257
50199,65-100,2004,85
50199,0-16,2005,36
50199,16-64,2005,263
50199,65-100,2005,88
50199,0-16,2006,39
50199,16-64,2006,265
50199,65-100,2006,91
50199,0-16,2007,46
50199,16-64,2007,278
50199,65-100,2007,93
50199,0-16,2008,48
50199,16-64,2008,300
50199,65-100,2008,98
50199,0-16,2009,55
50199,16-64,2009,294
50199,65-100,2009,108
50199,0-16,2010,57
50199,16-64,2010,293
50199,65-100,2010,123
50199,0-16,2011,49
50199,16-64,2011,284
50199,65-100,2011,129
50199,0-16,2012,45
50199,16-64,2012,275
50199,65-100,2012,129
50199,0-16,2013,44
50199,16-64,2013,279
50199,65-100,2013,124
50199,0-16,2014,41
50199,16-64,2014,242
50199,65-100,2014,141
50199,0-16,2015,38
50199,16-64,2015,240
50199,65-100,2015,129
50199,0-16,2016,34
50199,16-64,2016,243
50199,65-100,2016,126
50199,0-16,2017,42
50199,16-64,2017,233
50199,65-100,2017,121
50199,0-16,2018,44
50199,16-64,2018,235
50199,65-100,2018,116
50199,0-16,2019,44
50199,16-64,2019,231
50199,65-100,2019,111
50199,0-16,2020,44
50199,16-64,2020,233
50199,65-100,2020,106
50199,0-16,2021,48
50199,16-64,2021,245
50199,65-100,2021,102
50199,0-16,2022,49
50199,16-64,2022,263
50199,65-100,2022,101
50200,0-16,2003,77
50200,16-64,2003,460
50200,65-100,2003,197
50200,0-16,2004,76
50200,16-64,2004,458
50200,65-100,2004,195
50200,0-16,2005,71
50200,16-64,2005,482
50200,65-100,2005,195
50200,0-16,2006,70
50200,16-64,2006,477
50200,65-100,2006,195
50200,0-16,2007,73
50200,16-64,2007,482
50200,65-100,2007,186
50200,0-16,2008,78
50200,16-64,2008,531
50200,65-100,2008,189
50200,0-16,2009,75
50200,16-64,2009,509
50200,65-100,2009,186
50200,0-16,2010,67
50200,16-64,2010,500
50200,65-100,2010,192
50200,0-16,2011,70
50200,16-64,2011,500
50200,65-100,2011,196
50200,0-16,2012,63
50200,16-64,2012,505
50200,65-100,2012,190
50200,0-16,2013,66
50200,16-64,2013,499
50200,65-100,2013,189
50200,0-16,2014,61
50200,16-64,2014,478
50200,65-100,2014,190
50200,0-16,2015,64
50200,16-64,2015,436
50200,65-100,2015,191
50200,0-16,2016,66
50200,16-64,2016,415
50200,65-100,2016,192
50200,0-16,2017,66
50200,16-64,2017,400
50200,65-100,2017,184
50200,0-16,2018,66
50200,16-64,2018,386
50200,65-100,2018,182
50200,0-16,2019,63
50200,16-64,2019,375
50200,65-100,2019,171
50200,0-16,2020,65
50200,16-64,2020,385
50200,65-100,2020,169
50200,0-16,2021,63
50200,16-64,2021,382
50200,65-100,2021,164
50200,0-16,2022,63
50200,16-64,2022,369
50200,65-100,2022,172
50201,0-16,2003,61
50201,16-64,2003,284
50201,65-100,2003,152
50201,0-16,2004,61
50201,16-64,2004,293
50201,65-100,2004,153
50201,0-16,2005,56
50201,16-64,2005,303
50201,65-100,2005,156
50201,0-16,2006,59
50201,16-64,2006,302
50201,65-100,2006,146
50201,0-16,2007,55
50201,16-64,2007,309
50201,65-100,2007,143
50201,0-16,2008,57
50201,16-64,2008,331
50201,65-100,2008,149
50201,0-16,2009,53
50201,16-64,2009,353
50201,65-100,2009,148
50201,0-16,2010,57
50201,16-64,2010,373
50201,65-100,2010,146
50201,0-16,2011,58
50201,16-64,2011,388
50201,65-100,2011,144
50201,0-16,2012,60
50201,16-64,2012,380
50201,65-100,2012,147
50201,0-16,2013,58
50201,16-64,2013,363
50201,65-100,2013,146
50201,0-16,2014,63
50201,16-64,2014,363
50201,65-100,2014,142
50201,0-16,2015,68
50201,16-64,2015,376
50201,65-100,2015,146
50201,0-16,2016,79
50201,16-64,2016,377
50201,65-100,2016,135
50201,0-16,2017,77
50201,16-64,2017,374
50201,65-100,2017,132
50201,0-16,2018,78
50201,16-64,2018,395
50201,65-100,2018,128
50201,0-16,2019,77
50201,16-64,2019,388
50201,65-100,2019,127
50201,0-16,2020,76
50201,16-64,2020,366
50201,65-100,2020,131
50201,0-16,2021,68
50201,16-64,2021,365
50201,65-100,2021,134
50201,0-16,2022,63
50201,16-64,2022,385
50201,65-100,2022,134
50202,0-16,2003,9
50202,16-64,2003,115
50202,65-100,2003,125
50202,0-16,2004,9
50202,16-64,2004,105
50202,65-100,2004,120
50202,0-16,2005,7
50202,16-64,2005,101
50202,65-100,2005,117
50202,0-16,2006,6
50202,16-64,2006,95
50202,65-100,2006,110
50202,0-16,2007,3
50202,16-64,2007,89
50202,65-100,2007,107
50202,0-16,2008,3
50202,16-64,2008,84
50202,65-100,2008,103
50202,0-16,2009,5
50202,16-64,2009,92
50202,65-100,2009,102
50202,0-16,2010,2
50202,16-64,2010,92
50202,65-100,2010,100
50202,0-16,2011,2
50202,16-64,2011,84
50202,65-100,2011,101
50202,0-16,2012,2
50202,16-64,2012,77
50202,65-100,2012,93
50202,0-16,2013,2
50202,16-64,2013,79
50202,65-100,2013,91
50202,0-16,2014,4
50202,16-64,2014,80
50202,65-100,2014,91
50202,0-16,2015,3
50202,16-64,2015,78
50202,65-100,2015,87
50202,0-16,2016,3
50202,16-64,2016,71
50202,65-100,2016,88
50202,0-16,2017,6
50202,16-64,2017,79
50202,65-100,2017,86
50202,0-16,2018,5
50202,16-64,2018,73
50202,65-100,2018,80
50202,0-16,2019,4
50202,16-64,2019,66
50202,65-100,2019,73
50202,0-16,2020,4
50202,16-64,2020,62
50202,65-100,2020,70
50202,0-16,2021,2
50202,16-64,2021,65
50202,65-100,2021,64
50202,0-16,2022,1
50202,16-64,2022,67
50202,65-100,2022,61
50203,0-16,2003,177
50203,16-64,2003,780
50203,65-100,2003,203
50203,0-16,2004,184
50203,16-64,2004,830
50203,65-100,2004,202
50203,0-16,2005,201
50203,16-64,2005,873
50203,65-100,2005,185
50203,0-16,2006,218
50203,16-64,2006,920
50203,65-100,2006,188
50203,0-16,2007,227
50203,16-64,2007,950
50203,65-100,2007,193
50203,0-16,2008,236
50203,16-64,2008,959
50203,65-100,2008,186
50203,0-16,2009,234
50203,16-64,2009,975
50203,65-100,2009,183
50203,0-16,2010,227
50203,16-64,2010,967
50203,65-100,2010,190
50203,0-16,2011,224
50203,16-64,2011,937
50203,65-100,2011,190
50203,0-16,2012,235
50203,16-64,2012,928
50203,65-100,2012,201
50203,0-16,2013,227
50203,16-64,2013,893
50203,65-100,2013,197
50203,0-16,2014,223
50203,16-64,2014,891
50203,65-100,2014,196
50203,0-16,2015,204
50203,16-64,2015,874
50203,65-100,2015,202
50203,0-16,2016,213
50203,16-64,2016,888
50203,65-100,2016,201
50203,0-16,2017,208
50203,16-64,2017,893
50203,65-100,2017,213
50203,0-16,2018,195
50203,16-64,2018,886
50203,65-100,2018,212
50203,0-16,2019,188
50203,16-64,2019,880
50203,65-100,2019,229
50203,0-16,2020,183
50203,16-64,2020,882
50203,65-100,2020,235
50203,0-16,2021,159
50203,16-64,2021,892
50203,65-100,2021,243
50203,0-16,2022,171
50203,16-64,2022,878
50203,65-100,2022,251
50204,0-16,2003,445
50204,16-64,2003,1761
50204,65-100,2003,656
50204,0-16,2004,450
50204,16-64,2004,1814
50204,65-100,2004,642
50204,0-16,2005,469
50204,16-64,2005,1955
50204,65-100,2005,641
50204,0-16,2006,500
50204,16-64,2006,2039
50204,65-100,2006,629
50204,0-16,2007,516
50204,16-64,2007,2148
50204,65-100,2007,638
50204,0-16,2008,523
50204,16-64,2008,2322
50204,65-100,2008,643
50204,0-16,2009,574
50204,16-64,2009,2452
50204,65-100,2009,641
50204,0-16,2010,583
50204,16-64,2010,2490
50204,65-100,2010,648
50204,0-16,2011,590
50204,16-64,2011,2539
50204,65-100,2011,640
50204,0-16,2012,579
50204,16-64,2012,2569
50204,65-100,2012,632
50204,0-16,2013,584
50204,16-64,2013,2461
50204,65-100,2013,635
50204,0-16,2014,568
50204,16-64,2014,2411
50204,65-100,2014,643
50204,0-16,2015,553
50204,16-64,2015,2367
50204,65-100,2015,640
50204,0-16,2016,494
50204,16-64,2016,2323
50204,65-100,2016,633
50204,0-16,2017,520
50204,16-64,2017,2294
50204,65-100,2017,639
50204,0-16,2018,550
50204,16-64,2018,2314
50204,65-100,2018,645
50204,0-16,2019,557
50204,16-64,2019,2359
50204,65-100,2019,652
50204,0-16,2020,541
50204,16-64,2020,2377
50204,65-100,2020,669
50204,0-16,2021,548
50204,16-64,2021,2354
50204,65-100,2021,670
50204,0-16,2022,552
50204,16-64,2022,2392
50204,65-100,2022,681
50205,0-16,2003,3
50205,16-64,2003,56
50205,65-100,2003,41
50205,0-16,2004,2
50205,16-64,2004,55
50205,65-100,2004,39
50205,0-16,2005,2
50205,16-64,2005,55
50205,65-100,2005,37
50205,0-16,2006,6
50205,16-64,2006,59
50205,65-100,2006,35
50205,0-16,2007,5
50205,16-64,2007,66
50205,65-100,2007,35
50205,0-16,2008,9
50205,16-64,2008,78
50205,65-100,2008,35
50205,0-16,2009,8
50205,16-64,2009,78
50205,65-100,2009,34
50205,0-16,2010,7
50205,16-64,2010,80
50205,65-100,2010,34
50205,0-16,2011,8
50205,16-64,2011,74
50205,65-100,2011,35
50205,0-16,2012,9
50205,16-64,2012,74
50205,65-100,2012,33
50205,0-16,2013,7
50205,16-64,2013,70
50205,65-100,2013,34
50205,0-16,2014,10
50205,16-64,2014,62
50205,65-100,2014,38
50205,0-16,2015,10
50205,16-64,2015,59
50205,65-100,2015,38
50205,0-16,2016,10
50205,16-64,2016,60
50205,65-100,2016,37
50205,0-16,2017,10
50205,16-64,2017,64
50205,65-100,2017,32
50205,0-16,2018,6
50205,16-64,2018,54
50205,65-100,2018,30
50205,0-16,2019,6
50205,16-64,2019,54
50205,65-100,2019,27
50205,0-16,2020,7
50205,16-64,2020,51
50205,65-100,2020,28
50205,0-16,2021,11
50205,16-64,2021,57
50205,65-100,2021,28
50205,0-16,2022,9
50205,16-64,2022,61
50205,65-100,2022,27
50206,0-16,2003,77
50206,16-64,2003,346
50206,65-100,2003,146
50206,0-16,2004,78
50206,16-64,2004,364
50206,65-100,2004,147
50206,0-16,2005,87
50206,16-64,2005,384
50206,65-100,2005,146
50206,0-16,2006,88
50206,16-64,2006,386
50206,65-100,2006,147
50206,0-16,2007,93
50206,16-64,2007,409
50206,65-100,2007,145
50206,0-16,2008,97
50206,16-64,2008,419
50206,65-100,2008,148
50206,0-16,2009,106
50206,16-64,2009,415
50206,65-100,2009,141
50206,0-16,2010,109
50206,16-64,2010,414
50206,65-100,2010,141
50206,0-16,2011,106
50206,16-64,2011,397
50206,65-100,2011,148
50206,0-16,2012,111
50206,16-64,2012,384
50206,65-100,2012,150
50206,0-16,2013,103
50206,16-64,2013,368
50206,65-100,2013,145
50206,0-16,2014,100
50206,16-64,2014,372
50206,65-100,2014,141
50206,0-16,2015,99
50206,16-64,2015,358
50206,65-100,2015,140
50206,0-16,2016,103
50206,16-64,2016,358
50206,65-100,2016,142
50206,0-16,2017,97
50206,16-64,2017,354
50206,65-100,2017,145
50206,0-16,2018,84
50206,16-64,2018,349
50206,65-100,2018,144
50206,0-16,2019,75
50206,16-64,2019,358
50206,65-100,2019,139
50206,0-16,2020,73
50206,16-64,2020,367
50206,65-100,2020,132
50206,0-16,2021,61
50206,16-64,2021,374
50206,65-100,2021,132
50206,0-16,2022,58
50206,16-64,2022,363
50206,65-100,2022,132
50207,0-16,2003,24
50207,16-64,2003,108
50207,65-100,2003,41
50207,0-16,2004,18
50207,16-64,2004,107
50207,65-100,2004,43
50207,0-16,2005,18
50207,16-64,2005,108
50207,65-100,2005,44
50207,0-16,2006,14
50207,16-64,2006,101
50207,65-100,2006,50
50207,0-16,2007,14
50207,16-64,2007,100
50207,65-100,2007,53
50207,0-16,2008,10
50207,16-64,2008,96
50207,65-100,2008,50
50207,0-16,2009,11
50207,16-64,2009,93
50207,65-100,2009,48
50207,0-16,2010,11
50207,16-64,2010,92
50207,65-100,2010,47
50207,0-16,2011,9
50207,16-64,2011,94
50207,65-100,2011,44
50207,0-16,2012,7
50207,16-64,2012,80
50207,65-100,2012,43
50207,0-16,2013,7
50207,16-64,2013,76
50207,65-100,2013,43
50207,0-16,2014,6
50207,16-64,2014,66
50207,65-100,2014,41
50207,0-16,2015,3
50207,16-64,2015,67
50207,65-100,2015,44
50207,0-16,2016,6
50207,16-64,2016,62
50207,65-100,2016,44
50207,0-16,2017,5
50207,16-64,2017,61
50207,65-100,2017,44
50207,0-16,2018,2
50207,16-64,2018,54
50207,65-100,2018,41
50207,0-16,2019,2
50207,16-64,2019,54
50207,65-100,2019,39
50207,0-16,2020,2
50207,16-64,2020,46
50207,65-100,2020,39
50207,0-16,2021,3
50207,16-64,2021,50
50207,65-100,2021,40
50207,0-16,2022,2
50207,16-64,2022,51
50207,65-100,2022,38
50208,0-16,2003,379
50208,16-64,2003,1482
50208,65-100,2003,474
50208,0-16,2004,371
50208,16-64,2004,1500
50208,65-100,2004,481
50208,0-16,2005,394
50208,16-64,2005,1525
50208,65-100,2005,465
50208,0-16,2006,394
50208,16-64,2006,1537
50208,65-100,2006,468
50208,0-16,2007,416
50208,16-64,2007,1583
50208,65-100,2007,462
50208,0-16,2008,451
50208,16-64,2008,1635
50208,65-100,2008,466
50208,0-16,2009,454
50208,16-64,2009,1673
50208,65-100,2009,470
50208,0-16,2010,480
50208,16-64,2010,1702
50208,65-100,2010,473
50208,0-16,2011,463
50208,16-64,2011,1690
50208,65-100,2011,473
50208,0-16,2012,477
50208,16-64,2012,1680
50208,65-100,2012,478
50208,0-16,2013,454
50208,16-64,2013,1688
50208,65-100,2013,473
50208,0-16,2014,448
50208,16-64,2014,1641
50208,65-100,2014,478
50208,0-16,2015,457
50208,16-64,2015,1604
50208,65-100,2015,474
50208,0-16,2016,418
50208,16-64,2016,1551
50208,65-100,2016,474
50208,0-16,2017,408
50208,16-64,2017,1547
50208,65-100,2017,480
50208,0-16,2018,385
50208,16-64,2018,1515
50208,65-100,2018,473
50208,0-16,2019,384
50208,16-64,2019,1505
50208,65-100,2019,473
50208,0-16,2020,387
50208,16-64,2020,1524
50208,65-100,2020,480
50208,0-16,2021,357
50208,16-64,2021,1552
50208,65-100,2021,481
50208,0-16,2022,363
50208,16-64,2022,1580
50208,65-100,2022,490
50209,0-16,2003,311
50209,16-64,2003,1373
50209,65-100,2003,335
50209,0-16,2004,350
50209,16-64,2004,1502
50209,65-100,2004,345
50209,0-16,2005,414
50209,16-64,2005,1693
50209,65-100,2005,372
50209,0-16,2006,464
50209,16-64,2006,1888
50209,65-100,2006,372
50209,0-16,2007,515
50209,16-64,2007,2053
50209,65-100,2007,385
50209,0-16,2008,576
50209,16-64,2008,2284
50209,65-100,2008,392
50209,0-16,2009,620
50209,16-64,2009,2398
50209,65-100,2009,405
50209,0-16,2010,650
50209,16-64,2010,2428
50209,65-100,2010,403
50209,0-16,2011,686
50209,16-64,2011,2488
50209,65-100,2011,405
50209,0-16,2012,744
50209,16-64,2012,2526
50209,65-100,2012,406
50209,0-16,2013,770
50209,16-64,2013,2499
50209,65-100,2013,418
50209,0-16,2014,771
50209,16-64,2014,2451
50209,65-100,2014,403
50209,0-16,2015,775
50209,16-64,2015,2418
50209,65-100,2015,413
50209,0-16,2016,807
50209,16-64,2016,2501
50209,65-100,2016,418
50209,0-16,2017,836
50209,16-64,2017,2573
50209,65-100,2017,441
50209,0-16,2018,839
50209,16-64,2018,2613
50209,65-100,2018,456
50209,0-16,2019,855
50209,16-64,2019,2651
50209,65-100,2019,467
50209,0-16,2020,860
50209,16-64,2020,2713
50209,65-100,2020,497
50209,0-16,2021,862
50209,16-64,2021,2820
50209,65-100,2021,502
50209,0-16,2022,856
50209,16-64,2022,2901
50209,65-100,2022,521
50210,0-16,2003,6
50210,16-64,2003,53
50210,65-100,2003,43
50210,0-16,2004,3
50210,16-64,2004,57
50210,65-100,2004,42
50210,0-16,2005,0
50210,16-64,2005,53
50210,65-100,2005,41
50210,0-16,2006,0
50210,16-64,2006,20
50210,65-100,2006,32
50210,0-16,2007,0
50210,16-64,2007,13
50210,65-100,2007,30
50210,0-16,2008,0
50210,16-64,2008,10
50210,65-100,2008,31
50210,0-16,2009,0
50210,16-64,2009,8
50210,65-100,2009,30
50210,0-16,2010,0
50210,16-64,2010,8
50210,65-100,2010,30
50210,0-16,2011,3
50210,16-64,2011,14
50210,65-100,2011,28
50210,0-16,2012,3
50210,16-64,2012,13
50210,65-100,2012,29
50210,0-16,2013,3
50210,16-64,2013,15
50210,65-100,2013,30
50210,0-16,2014,2
50210,16-64,2014,13
50210,65-100,2014,29
50210,0-16,2015,2
50210,16-64,2015,13
50210,65-100,2015,29
50210,0-16,2016,2
50210,16-64,2016,11
50210,65-100,2016,30
50210,0-16,2017,0
50210,16-64,2017,8
50210,65-100,2017,29
50210,0-16,2018,0
50210,16-64,2018,10
50210,65-100,2018,27
50210,0-16,2019,0
50210,16-64,2019,10
50210,65-100,2019,27
50210,0-16,2020,0
50210,16-64,2020,14
50210,65-100,2020,25
50210,0-16,2021,0
50210,16-64,2021,12
50210,65-100,2021,26
50210,0-16,2022,0
50210,16-64,2022,12
50210,65-100,2022,25
50211,0-16,2003,37
50211,16-64,2003,218
50211,65-100,2003,115
50211,0-16,2004,39
50211,16-64,2004,220
50211,65-100,2004,109
50211,0-16,2005,39
50211,16-64,2005,221
50211,65-100,2005,107
50211,0-16,2006,34
50211,16-64,2006,205
50211,65-100,2006,111
50211,0-16,2007,38
50211,16-64,2007,220
50211,65-100,2007,105
50211,0-16,2008,38
50211,16-64,2008,237
50211,65-100,2008,103
50211,0-16,2009,44
50211,16-64,2009,252
50211,65-100,2009,108
50211,0-16,2010,38
50211,16-64,2010,254
50211,65-100,2010,112
50211,0-16,2011,37
50211,16-64,2011,240
50211,65-100,2011,112
50211,0-16,2012,41
50211,16-64,2012,233
50211,65-100,2012,112
50211,0-16,2013,44
50211,16-64,2013,225
50211,65-100,2013,105
50211,0-16,2014,42
50211,16-64,2014,226
50211,65-100,2014,102
50211,0-16,2015,34
50211,16-64,2015,204
50211,65-100,2015,104
50211,0-16,2016,31
50211,16-64,2016,189
50211,65-100,2016,100
50211,0-16,2017,27
50211,16-64,2017,191
50211,65-100,2017,97
50211,0-16,2018,28
50211,16-64,2018,187
50211,65-100,2018,88
50211,0-16,2019,25
50211,16-64,2019,193
50211,65-100,2019,88
50211,0-16,2020,24
50211,16-64,2020,200
50211,65-100,2020,84
50211,0-16,2021,25
50211,16-64,2021,200
50211,65-100,2021,84
50211,0-16,2022,29
50211,16-64,2022,215
50211,65-100,2022,81
50212,0-16,2003,0
50212,16-64,2003,27
50212,65-100,2003,35
50212,0-16,2004,0
50212,16-64,2004,26
50212,65-100,2004,36
50212,0-16,2005,0
50212,16-64,2005,23
50212,65-100,2005,35
50212,0-16,2006,0
50212,16-64,2006,22
50212,65-100,2006,35
50212,0-16,2007,1
50212,16-64,2007,20
50212,65-100,2007,36
50212,0-16,2008,1
50212,16-64,2008,20
50212,65-100,2008,36
50212,0-16,2009,1
50212,16-64,2009,19
50212,65-100,2009,31
50212,0-16,2010,0
50212,16-64,2010,18
50212,65-100,2010,30
50212,0-16,2011,0
50212,16-64,2011,21
50212,65-100,2011,32
50212,0-16,2012,0
50212,16-64,2012,21
50212,65-100,2012,31
50212,0-16,2013,0
50212,16-64,2013,18
50212,65-100,2013,27
50212,0-16,2014,0
50212,16-64,2014,17
50212,65-100,2014,26
50212,0-16,2015,2
50212,16-64,2015,17
50212,65-100,2015,26
50212,0-16,2016,2
50212,16-64,2016,17
50212,65-100,2016,25
50212,0-16,2017,2
50212,16-64,2017,16
50212,65-100,2017,23
50212,0-16,2018,2
50212,16-64,2018,15
50212,65-100,2018,19
50212,0-16,2019,2
50212,16-64,2019,14
50212,65-100,2019,18
50212,0-16,2020,3
50212,16-64,2020,14
50212,65-100,2020,16
50212,0-16,2021,3
50212,16-64,2021,15
50212,65-100,2021,15
50212,0-16,2022,4
50212,16-64,2022,19
50212,65-100,2022,15
50213,0-16,2003,1
50213,16-64,2003,60
50213,65-100,2003,72
50213,0-16,2004,1
50213,16-64,2004,56
50213,65-100,2004,74
50213,0-16,2005,1
50213,16-64,2005,48
50213,65-100,2005,68
50213,0-16,2006,0
50213,16-64,2006,47
50213,65-100,2006,65
50213,0-16,2007,0
50213,16-64,2007,48
50213,65-100,2007,65
50213,0-16,2008,4
50213,16-64,2008,51
50213,65-100,2008,68
50213,0-16,2009,4
50213,16-64,2009,57
50213,65-100,2009,64
50213,0-16,2010,5
50213,16-64,2010,64
50213,65-100,2010,63
50213,0-16,2011,9
50213,16-64,2011,63
50213,65-100,2011,63
50213,0-16,2012,8
50213,16-64,2012,66
50213,65-100,2012,57
50213,0-16,2013,8
50213,16-64,2013,66
50213,65-100,2013,54
50213,0-16,2014,6
50213,16-64,2014,60
50213,65-100,2014,54
50213,0-16,2015,5
50213,16-64,2015,55
50213,65-100,2015,51
50213,0-16,2016,4
50213,16-64,2016,50
50213,65-100,2016,51
50213,0-16,2017,4
50213,16-64,2017,48
50213,65-100,2017,50
50213,0-16,2018,4
50213,16-64,2018,48
50213,65-100,2018,49
50213,0-16,2019,4
50213,16-64,2019,54
50213,65-100,2019,48
50213,0-16,2020,4
50213,16-64,2020,49
50213,65-100,2020,45
50213,0-16,2021,4
50213,16-64,2021,48
50213,65-100,2021,48
50213,0-16,2022,5
50213,16-64,2022,47
50213,65-100,2022,48
50214,0-16,2003,1
50214,16-64,2003,17
50214,65-100,2003,17
50214,0-16,2004,1
50214,16-64,2004,18
50214,65-100,2004,16
50214,0-16,2005,2
50214,16-64,2005,22
50214,65-100,2005,17
50214,0-16,2006,1
50214,16-64,2006,20
50214,65-100,2006,17
50214,0-16,2007,1
50214,16-64,2007,18
50214,65-100,2007,12
50214,0-16,2008,1
50214,16-64,2008,17
50214,65-100,2008,13
50214,0-16,2009,3
50214,16-64,2009,22
50214,65-100,2009,13
50214,0-16,2010,3
50214,16-64,2010,22
50214,65-100,2010,12
50214,0-16,2011,3
50214,16-64,2011,18
50214,65-100,2011,15
50214,0-16,2012,3
50214,16-64,2012,17
50214,65-100,2012,15
50214,0-16,2013,3
50214,16-64,2013,15
50214,65-100,2013,15
50214,0-16,2014,3
50214,16-64,2014,16
50214,65-100,2014,15
50214,0-16,2015,3
50214,16-64,2015,13
50214,65-100,2015,16
50214,0-16,2016,3
50214,16-64,2016,14
50214,65-100,2016,16
50214,0-16,2017,1
50214,16-64,2017,14
50214,65-100,2017,12
50214,0-16,2018,1
50214,16-64,2018,12
50214,65-100,2018,9
50214,0-16,2019,1
50214,16-64,2019,12
50214,65-100,2019,9
50214,0-16,2020,0
50214,16-64,2020,12
50214,65-100,2020,9
50214,0-16,2021,0
50214,16-64,2021,16
50214,65-100,2021,9
50214,0-16,2022,0
50214,16-64,2022,16
50214,65-100,2022,10
50215,0-16,2003,0
50215,16-64,2003,8
50215,65-100,2003,15
50215,0-16,2004,0
50215,16-64,2004,11
50215,65-100,2004,16
50215,0-16,2005,0
50215,16-64,2005,11
50215,65-100,2005,16
50215,0-16,2006,0
50215,16-64,2006,10
50215,65-100,2006,13
50215,0-16,2007,0
50215,16-64,2007,11
50215,65-100,2007,13
50215,0-16,2008,0
50215,16-64,2008,11
50215,65-100,2008,11
50215,0-16,2009,0
50215,16-64,2009,11
50215,65-100,2009,11
50215,0-16,2010,0
50215,16-64,2010,11
50215,65-100,2010,9
50215,0-16,2011,0
50215,16-64,2011,12
50215,65-100,2011,9
50215,0-16,2012,0
50215,16-64,2012,12
50215,65-100,2012,10
50215,0-16,2013,0
50215,16-64,2013,12
50215,65-100,2013,10
50215,0-16,2014,0
50215,16-64,2014,13
50215,65-100,2014,10
50215,0-16,2015,0
50215,16-64,2015,14
50215,65-100,2015,10
50215,0-16,2016,0
50215,16-64,2016,15
50215,65-100,2016,9
50215,0-16,2017,1
50215,16-64,2017,15
50215,65-100,2017,7
50215,0-16,2018,1
50215,16-64,2018,12
50215,65-100,2018,8
50215,0-16,2019,1
50215,16-64,2019,9
50215,65-100,2019,11
50215,0-16,2020,1
50215,16-64,2020,9
50215,65-100,2020,11
50215,0-16,2021,0
50215,16-64,2021,8
50215,65-100,2021,9
50215,0-16,2022,3
50215,16-64,2022,12
50215,65-100,2022,9
50216,0-16,2003,38
50216,16-64,2003,200
50216,65-100,2003,109
50216,0-16,2004,37
50216,16-64,2004,193
50216,65-100,2004,108
50216,0-16,2005,36
50216,16-64,2005,193
50216,65-100,2005,109
50216,0-16,2006,34
50216,16-64,2006,185
50216,65-100,2006,112
50216,0-16,2007,37
50216,16-64,2007,184
50216,65-100,2007,113
50216,0-16,2008,39
50216,16-64,2008,185
50216,65-100,2008,114
50216,0-16,2009,41
50216,16-64,2009,191
50216,65-100,2009,109
50216,0-16,2010,44
50216,16-64,2010,190
50216,65-100,2010,108
50216,0-16,2011,41
50216,16-64,2011,194
50216,65-100,2011,105
50216,0-16,2012,36
50216,16-64,2012,190
50216,65-100,2012,101
50216,0-16,2013,35
50216,16-64,2013,186
50216,65-100,2013,97
50216,0-16,2014,33
50216,16-64,2014,173
50216,65-100,2014,93
50216,0-16,2015,30
50216,16-64,2015,169
50216,65-100,2015,89
50216,0-16,2016,30
50216,16-64,2016,166
50216,65-100,2016,86
50216,0-16,2017,32
50216,16-64,2017,167
50216,65-100,2017,82
50216,0-16,2018,29
50216,16-64,2018,170
50216,65-100,2018,85
50216,0-16,2019,31
50216,16-64,2019,182
50216,65-100,2019,83
50216,0-16,2020,27
50216,16-64,2020,174
50216,65-100,2020,81
50216,0-16,2021,20
50216,16-64,2021,166
50216,65-100,2021,79
50216,0-16,2022,21
50216,16-64,2022,163
50216,65-100,2022,79
50217,0-16,2003,59
50217,16-64,2003,351
50217,65-100,2003,220
50217,0-16,2004,62
50217,16-64,2004,366
50217,65-100,2004,210
50217,0-16,2005,57
50217,16-64,2005,375
50217,65-100,2005,201
50217,0-16,2006,61
50217,16-64,2006,387
50217,65-100,2006,196
50217,0-16,2007,63
50217,16-64,2007,383
50217,65-100,2007,191
50217,0-16,2008,61
50217,16-64,2008,387
50217,65-100,2008,194
50217,0-16,2009,58
50217,16-64,2009,391
50217,65-100,2009,189
50217,0-16,2010,52
50217,16-64,2010,382
50217,65-100,2010,184
50217,0-16,2011,49
50217,16-64,2011,391
50217,65-100,2011,179
50217,0-16,2012,63
50217,16-64,2012,388
50217,65-100,2012,176
50217,0-16,2013,63
50217,16-64,2013,386
50217,65-100,2013,175
50217,0-16,2014,54
50217,16-64,2014,355
50217,65-100,2014,175
50217,0-16,2015,52
50217,16-64,2015,338
50217,65-100,2015,170
50217,0-16,2016,50
50217,16-64,2016,327
50217,65-100,2016,171
50217,0-16,2017,49
50217,16-64,2017,345
50217,65-100,2017,168
50217,0-16,2018,52
50217,16-64,2018,347
50217,65-100,2018,175
50217,0-16,2019,51
50217,16-64,2019,349
50217,65-100,2019,163
50217,0-16,2020,40
50217,16-64,2020,341
50217,65-100,2020,159
50217,0-16,2021,40
50217,16-64,2021,344
50217,65-100,2021,150
50217,0-16,2022,40
50217,16-64,2022,357
50217,65-100,2022,144
50218,0-16,2003,3
50218,16-64,2003,77
50218,65-100,2003,57
50218,0-16,2004,8
50218,16-64,2004,77
50218,65-100,2004,59
50218,0-16,2005,13
50218,16-64,2005,81
50218,65-100,2005,60
50218,0-16,2006,12
50218,16-64,2006,69
50218,65-100,2006,63
50218,0-16,2007,12
50218,16-64,2007,67
50218,65-100,2007,58
50218,0-16,2008,13
50218,16-64,2008,67
50218,65-100,2008,58
50218,0-16,2009,11
50218,16-64,2009,63
50218,65-100,2009,55
50218,0-16,2010,12
50218,16-64,2010,59
50218,65-100,2010,54
50218,0-16,2011,10
50218,16-64,2011,55
50218,65-100,2011,55
50218,0-16,2012,11
50218,16-64,2012,64
50218,65-100,2012,53
50218,0-16,2013,10
50218,16-64,2013,65
50218,65-100,2013,50
50218,0-16,2014,7
50218,16-64,2014,69
50218,65-100,2014,51
50218,0-16,2015,8
50218,16-64,2015,67
50218,65-100,2015,49
50218,0-16,2016,6
50218,16-64,2016,64
50218,65-100,2016,48
50218,0-16,2017,6
50218,16-64,2017,69
50218,65-100,2017,47
50218,0-16,2018,6
50218,16-64,2018,69
50218,65-100,2018,45
50218,0-16,2019,6
50218,16-64,2019,68
50218,65-100,2019,44
50218,0-16,2020,5
50218,16-64,2020,71
50218,65-100,2020,44
50218,0-16,2021,3
50218,16-64,2021,76
50218,65-100,2021,46
50218,0-16,2022,3
50218,16-64,2022,80
50218,65-100,2022,46
50219,0-16,2003,397
50219,16-64,2003,1848
50219,65-100,2003,322
50219,0-16,2004,491
50219,16-64,2004,2256
50219,65-100,2004,329
50219,0-16,2005,584
50219,16-64,2005,2642
50219,65-100,2005,333
50219,0-16,2006,717
50219,16-64,2006,2969
50219,65-100,2006,343
50219,0-16,2007,859
50219,16-64,2007,3221
50219,65-100,2007,352
50219,0-16,2008,915
50219,16-64,2008,3414
50219,65-100,2008,358
50219,0-16,2009,1020
50219,16-64,2009,3639
50219,65-100,2009,374
50219,0-16,2010,1110
50219,16-64,2010,3774
50219,65-100,2010,366
50219,0-16,2011,1189
50219,16-64,2011,3868
50219,65-100,2011,376
50219,0-16,2012,1251
50219,16-64,2012,3962
50219,65-100,2012,390
50219,0-16,2013,1365
50219,16-64,2013,3997
50219,65-100,2013,422
50219,0-16,2014,1395
50219,16-64,2014,4016
50219,65-100,2014,453
50219,0-16,2015,1450
50219,16-64,2015,4039
50219,65-100,2015,459
50219,0-16,2016,1491
50219,16-64,2016,4065
50219,65-100,2016,472
50219,0-16,2017,1541
50219,16-64,2017,4075
50219,65-100,2017,493
50219,0-16,2018,1535
50219,16-64,2018,4112
50219,65-100,2018,526
50219,0-16,2019,1565
50219,16-64,2019,4200
50219,65-100,2019,538
50219,0-16,2020,1544
50219,16-64,2020,4251
50219,65-100,2020,563
50219,0-16,2021,1518
50219,16-64,2021,4338
50219,65-100,2021,590
50219,0-16,2022,1458
50219,16-64,2022,4368
50219,65-100,2022,616
50220,0-16,2003,3
50220,16-64,2003,34
50220,65-100,2003,26
50220,0-16,2004,2
50220,16-64,2004,33
50220,65-100,2004,30
50220,0-16,2005,2
50220,16-64,2005,29
50220,65-100,2005,30
50220,0-16,2006,2
50220,16-64,2006,27
50220,65-100,2006,35
50220,0-16,2007,1
50220,16-64,2007,23
50220,65-100,2007,36
50220,0-16,2008,1
50220,16-64,2008,19
50220,65-100,2008,35
50220,0-16,2009,1
50220,16-64,2009,23
50220,65-100,2009,34
50220,0-16,2010,1
50220,16-64,2010,33
50220,65-100,2010,31
50220,0-16,2011,0
50220,16-64,2011,32
50220,65-100,2011,30
50220,0-16,2012,0
50220,16-64,2012,33
50220,65-100,2012,30
50220,0-16,2013,0
50220,16-64,2013,28
50220,65-100,2013,27
50220,0-16,2014,0
50220,16-64,2014,26
50220,65-100,2014,25
50220,0-16,2015,0
50220,16-64,2015,28
50220,65-100,2015,23
50220,0-16,2016,0
50220,16-64,2016,26
50220,65-100,2016,18
50220,0-16,2017,0
50220,16-64,2017,28
50220,65-100,2017,18
50220,0-16,2018,0
50220,16-64,2018,26
50220,65-100,2018,18
50220,0-16,2019,0
50220,16-64,2019,24
50220,65-100,2019,20
50220,0-16,2020,0
50220,16-64,2020,27
50220,65-100,2020,21
50220,0-16,2021,0
50220,16-64,2021,29
50220,65-100,2021,20
50220,0-16,2022,0
50220,16-64,2022,31
50220,65-100,2022,17
50221,0-16,2003,1
50221,16-64,2003,50
50221,65-100,2003,9
50221,0-16,2004,1
50221,16-64,2004,47
50221,65-100,2004,11
50221,0-16,2005,0
50221,16-64,2005,36
50221,65-100,2005,12
50221,0-16,2006,0
50221,16-64,2006,40
50221,65-100,2006,14
50221,0-16,2007,0
50221,16-64,2007,36
50221,65-100,2007,14
50221,0-16,2008,0
50221,16-64,2008,34
50221,65-100,2008,14
50221,0-16,2009,1
50221,16-64,2009,32
50221,65-100,2009,15
50221,0-16,2010,1
50221,16-64,2010,29
50221,65-100,2010,14
50221,0-16,2011,1
50221,16-64,2011,28
50221,65-100,2011,14
50221,0-16,2012,1
50221,16-64,2012,27
50221,65-100,2012,12
50221,0-16,2013,1
50221,16-64,2013,26
50221,65-100,2013,12
50221,0-16,2014,1
50221,16-64,2014,26
50221,65-100,2014,12
50221,0-16,2015,1
50221,16-64,2015,23
50221,65-100,2015,13
50221,0-16,2016,1
50221,16-64,2016,23
50221,65-100,2016,14
50221,0-16,2017,1
50221,16-64,2017,22
50221,65-100,2017,14
50221,0-16,2018,1
50221,16-64,2018,22
50221,65-100,2018,13
50221,0-16,2019,1
50221,16-64,2019,22
50221,65-100,2019,12
50221,0-16,2020,1
50221,16-64,2020,20
50221,65-100,2020,11
50221,0-16,2021,1
50221,16-64,2021,18
50221,65-100,2021,7
50221,0-16,2022,0
50221,16-64,2022,19
50221,65-100,2022,8
50222,0-16,2003,291
50222,16-64,2003,1336
50222,65-100,2003,448
50222,0-16,2004,281
50222,16-64,2004,1330
50222,65-100,2004,434
50222,0-16,2005,278
50222,16-64,2005,1335
50222,65-100,2005,421
50222,0-16,2006,296
50222,16-64,2006,1341
50222,65-100,2006,425
50222,0-16,2007,303
50222,16-64,2007,1341
50222,65-100,2007,425
50222,0-16,2008,303
50222,16-64,2008,1374
50222,65-100,2008,424
50222,0-16,2009,298
50222,16-64,2009,1370
50222,65-100,2009,440
50222,0-16,2010,298
50222,16-64,2010,1371
50222,65-100,2010,442
50222,0-16,2011,290
50222,16-64,2011,1368
50222,65-100,2011,447
50222,0-16,2012,291
50222,16-64,2012,1342
50222,65-100,2012,444
50222,0-16,2013,293
50222,16-64,2013,1344
50222,65-100,2013,448
50222,0-16,2014,279
50222,16-64,2014,1332
50222,65-100,2014,444
50222,0-16,2015,274
50222,16-64,2015,1293
50222,65-100,2015,453
50222,0-16,2016,274
50222,16-64,2016,1281
50222,65-100,2016,441
50222,0-16,2017,266
50222,16-64,2017,1245
50222,65-100,2017,449
50222,0-16,2018,268
50222,16-64,2018,1224
50222,65-100,2018,456
50222,0-16,2019,265
50222,16-64,2019,1212
50222,65-100,2019,462
50222,0-16,2020,274
50222,16-64,2020,1205
50222,65-100,2020,470
50222,0-16,2021,278
50222,16-64,2021,1185
50222,65-100,2021,474
50222,0-16,2022,263
50222,16-64,2022,1168
50222,65-100,2022,485
50223,0-16,2003,155
50223,16-64,2003,758
50223,65-100,2003,324
50223,0-16,2004,149
50223,16-64,2004,741
50223,65-100,2004,320
50223,0-16,2005,149
50223,16-64,2005,741
50223,65-100,2005,326
50223,0-16,2006,143
50223,16-64,2006,741
50223,65-100,2006,318
50223,0-16,2007,153
50223,16-64,2007,747
50223,65-100,2007,309
50223,0-16,2008,143
50223,16-64,2008,748
50223,65-100,2008,307
50223,0-16,2009,145
50223,16-64,2009,739
50223,65-100,2009,308
50223,0-16,2010,152
50223,16-64,2010,736
50223,65-100,2010,311
50223,0-16,2011,146
50223,16-64,2011,725
50223,65-100,2011,312
50223,0-16,2012,141
50223,16-64,2012,709
50223,65-100,2012,303
50223,0-16,2013,136
50223,16-64,2013,703
50223,65-100,2013,305
50223,0-16,2014,140
50223,16-64,2014,705
50223,65-100,2014,304
50223,0-16,2015,137
50223,16-64,2015,690
50223,65-100,2015,316
50223,0-16,2016,127
50223,16-64,2016,667
50223,65-100,2016,319
50223,0-16,2017,112
50223,16-64,2017,663
50223,65-100,2017,313
50223,0-16,2018,106
50223,16-64,2018,648
50223,65-100,2018,327
50223,0-16,2019,111
50223,16-64,2019,643
50223,65-100,2019,332
50223,0-16,2020,107
50223,16-64,2020,625
50223,65-100,2020,342
50223,0-16,2021,103
50223,16-64,2021,604
50223,65-100,2021,345
50223,0-16,2022,95
50223,16-64,2022,596
50223,65-100,2022,344
50224,0-16,2003,3
50224,16-64,2003,46
50224,65-100,2003,46
50224,0-16,2004,6
50224,16-64,2004,47
50224,65-100,2004,46
50224,0-16,2005,5
50224,16-64,2005,44
50224,65-100,2005,46
50224,0-16,2006,8
50224,16-64,2006,44
50224,65-100,2006,42
50224,0-16,2007,6
50224,16-64,2007,41
50224,65-100,2007,48
50224,0-16,2008,3
50224,16-64,2008,39
50224,65-100,2008,47
50224,0-16,2009,2
50224,16-64,2009,40
50224,65-100,2009,42
50224,0-16,2010,1
50224,16-64,2010,39
50224,65-100,2010,39
50224,0-16,2011,1
50224,16-64,2011,39
50224,65-100,2011,36
50224,0-16,2012,1
50224,16-64,2012,37
50224,65-100,2012,32
50224,0-16,2013,0
50224,16-64,2013,40
50224,65-100,2013,30
50224,0-16,2014,2
50224,16-64,2014,43
50224,65-100,2014,30
50224,0-16,2015,2
50224,16-64,2015,43
50224,65-100,2015,34
50224,0-16,2016,2
50224,16-64,2016,41
50224,65-100,2016,33
50224,0-16,2017,2
50224,16-64,2017,39
50224,65-100,2017,32
50224,0-16,2018,1
50224,16-64,2018,42
50224,65-100,2018,31
50224,0-16,2019,0
50224,16-64,2019,37
50224,65-100,2019,30
50224,0-16,2020,0
50224,16-64,2020,32
50224,65-100,2020,30
50224,0-16,2021,4
50224,16-64,2021,32
50224,65-100,2021,29
50224,0-16,2022,4
50224,16-64,2022,33
50224,65-100,2022,23
50225,0-16,2003,311
50225,16-64,2003,1903
50225,65-100,2003,536
50225,0-16,2004,315
50225,16-64,2004,1811
50225,65-100,2004,527
50225,0-16,2005,310
50225,16-64,2005,1873
50225,65-100,2005,538
50225,0-16,2006,334
50225,16-64,2006,1773
50225,65-100,2006,545
50225,0-16,2007,375
50225,16-64,2007,2003
50225,65-100,2007,538
50225,0-16,2008,434
50225,16-64,2008,2421
50225,65-100,2008,545
50225,0-16,2009,446
50225,16-64,2009,2482
50225,65-100,2009,541
50225,0-16,2010,458
50225,16-64,2010,2573
50225,65-100,2010,537
50225,0-16,2011,423
50225,16-64,2011,2111
50225,65-100,2011,531
50225,0-16,2012,451
50225,16-64,2012,2200
50225,65-100,2012,537
50225,0-16,2013,435
50225,16-64,2013,2259
50225,65-100,2013,531
50225,0-16,2014,412
50225,16-64,2014,2262
50225,65-100,2014,529
50225,0-16,2015,414
50225,16-64,2015,2190
50225,65-100,2015,518
50225,0-16,2016,395
50225,16-64,2016,2138
50225,65-100,2016,494
50225,0-16,2017,370
50225,16-64,2017,2029
50225,65-100,2017,495
50225,0-16,2018,345
50225,16-64,2018,1988
50225,65-100,2018,482
50225,0-16,2019,358
50225,16-64,2019,2018
50225,65-100,2019,471
50225,0-16,2020,353
50225,16-64,2020,2049
50225,65-100,2020,467
50225,0-16,2021,346
50225,16-64,2021,2111
50225,65-100,2021,465
50225,0-16,2022,342
50225,16-64,2022,2122
50225,65-100,2022,468
50227,0-16,2003,4
50227,16-64,2003,81
50227,65-100,2003,55
50227,0-16,2004,4
50227,16-64,2004,69
50227,65-100,2004,51
50227,0-16,2005,3
50227,16-64,2005,77
50227,65-100,2005,50
50227,0-16,2006,3
50227,16-64,2006,69
50227,65-100,2006,48
50227,0-16,2007,3
50227,16-64,2007,67
50227,65-100,2007,42
50227,0-16,2008,4
50227,16-64,2008,67
50227,65-100,2008,42
50227,0-16,2009,2
50227,16-64,2009,68
50227,65-100,2009,44
50227,0-16,2010,2
50227,16-64,2010,69
50227,65-100,2010,42
50227,0-16,2011,3
50227,16-64,2011,77
50227,65-100,2011,43
50227,0-16,2012,2
50227,16-64,2012,77
50227,65-100,2012,42
50227,0-16,2013,1
50227,16-64,2013,70
50227,65-100,2013,43
50227,0-16,2014,1
50227,16-64,2014,65
50227,65-100,2014,41
50227,0-16,2015,5
50227,16-64,2015,65
50227,65-100,2015,41
50227,0-16,2016,4
50227,16-64,2016,62
50227,65-100,2016,61
50227,0-16,2017,3
50227,16-64,2017,54
50227,65-100,2017,62
50227,0-16,2018,6
50227,16-64,2018,53
50227,65-100,2018,60
50227,0-16,2019,6
50227,16-64,2019,60
50227,65-100,2019,62
50227,0-16,2020,5
50227,16-64,2020,64
50227,65-100,2020,56
50227,0-16,2021,13
50227,16-64,2021,68
50227,65-100,2021,51
50227,0-16,2022,7
50227,16-64,2022,62
50227,65-100,2022,50
50228,0-16,2003,34
50228,16-64,2003,218
50228,65-100,2003,113
50228,0-16,2004,32
50228,16-64,2004,215
50228,65-100,2004,113
50228,0-16,2005,33
50228,16-64,2005,218
50228,65-100,2005,109
50228,0-16,2006,32
50228,16-64,2006,230
50228,65-100,2006,110
50228,0-16,2007,33
50228,16-64,2007,222
50228,65-100,2007,109
50228,0-16,2008,31
50228,16-64,2008,220
50228,65-100,2008,110
50228,0-16,2009,34
50228,16-64,2009,215
50228,65-100,2009,104
50228,0-16,2010,28
50228,16-64,2010,219
50228,65-100,2010,106
50228,0-16,2011,30
50228,16-64,2011,214
50228,65-100,2011,106
50228,0-16,2012,34
50228,16-64,2012,209
50228,65-100,2012,102
50228,0-16,2013,34
50228,16-64,2013,207
50228,65-100,2013,102
50228,0-16,2014,37
50228,16-64,2014,203
50228,65-100,2014,104
50228,0-16,2015,29
50228,16-64,2015,200
50228,65-100,2015,103
50228,0-16,2016,29
50228,16-64,2016,198
50228,65-100,2016,101
50228,0-16,2017,27
50228,16-64,2017,192
50228,65-100,2017,97
50228,0-16,2018,33
50228,16-64,2018,195
50228,65-100,2018,97
50228,0-16,2019,32
50228,16-64,2019,186
50228,65-100,2019,92
50228,0-16,2020,37
50228,16-64,2020,184
50228,65-100,2020,91
50228,0-16,2021,36
50228,16-64,2021,186
50228,65-100,2021,91
50228,0-16,2022,37
50228,16-64,2022,185
50228,65-100,2022,95
50229,0-16,2003,16
50229,16-64,2003,42
50229,65-100,2003,29
50229,0-16,2004,16
50229,16-64,2004,41
50229,65-100,2004,29
50229,0-16,2005,16
50229,16-64,2005,42
50229,65-100,2005,28
50229,0-16,2006,15
50229,16-64,2006,38
50229,65-100,2006,29
50229,0-16,2007,14
50229,16-64,2007,41
50229,65-100,2007,27
50229,0-16,2008,14
50229,16-64,2008,39
50229,65-100,2008,25
50229,0-16,2009,14
50229,16-64,2009,42
50229,65-100,2009,24
50229,0-16,2010,11
50229,16-64,2010,45
50229,65-100,2010,19
50229,0-16,2011,10
50229,16-64,2011,48
50229,65-100,2011,22
50229,0-16,2012,9
50229,16-64,2012,46
50229,65-100,2012,20
50229,0-16,2013,9
50229,16-64,2013,46
50229,65-100,2013,21
50229,0-16,2014,7
50229,16-64,2014,44
50229,65-100,2014,22
50229,0-16,2015,5
50229,16-64,2015,46
50229,65-100,2015,22
50229,0-16,2016,5
50229,16-64,2016,47
50229,65-100,2016,21
50229,0-16,2017,5
50229,16-64,2017,48
50229,65-100,2017,19
50229,0-16,2018,3
50229,16-64,2018,51
50229,65-100,2018,18
50229,0-16,2019,1
50229,16-64,2019,60
50229,65-100,2019,17
50229,0-16,2020,2
50229,16-64,2020,59
50229,65-100,2020,15
50229,0-16,2021,1
50229,16-64,2021,61
50229,65-100,2021,14
50229,0-16,2022,2
50229,16-64,2022,57
50229,65-100,2022,10
50230,0-16,2003,251
50230,16-64,2003,1050
50230,65-100,2003,463
50230,0-16,2004,244
50230,16-64,2004,1104
50230,65-100,2004,497
50230,0-16,2005,212
50230,16-64,2005,1108
50230,65-100,2005,500
50230,0-16,2006,185
50230,16-64,2006,1064
50230,65-100,2006,464
50230,0-16,2007,185
50230,16-64,2007,1033
50230,65-100,2007,474
50230,0-16,2008,197
50230,16-64,2008,1027
50230,65-100,2008,472
50230,0-16,2009,192
50230,16-64,2009,1020
50230,65-100,2009,454
50230,0-16,2010,199
50230,16-64,2010,1025
50230,65-100,2010,447
50230,0-16,2011,197
50230,16-64,2011,1003
50230,65-100,2011,443
50230,0-16,2012,191
50230,16-64,2012,971
50230,65-100,2012,415
50230,0-16,2013,178
50230,16-64,2013,933
50230,65-100,2013,395
50230,0-16,2014,163
50230,16-64,2014,911
50230,65-100,2014,386
50230,0-16,2015,146
50230,16-64,2015,880
50230,65-100,2015,378
50230,0-16,2016,137
50230,16-64,2016,864
50230,65-100,2016,365
50230,0-16,2017,131
50230,16-64,2017,864
50230,65-100,2017,352
50230,0-16,2018,121
50230,16-64,2018,846
50230,65-100,2018,357
50230,0-16,2019,116
50230,16-64,2019,856
50230,65-100,2019,352
50230,0-16,2020,115
50230,16-64,2020,848
50230,65-100,2020,348
50230,0-16,2021,117
50230,16-64,2021,832
50230,65-100,2021,345
50230,0-16,2022,108
50230,16-64,2022,821
50230,65-100,2022,362
50231,0-16,2003,22
50231,16-64,2003,189
50231,65-100,2003,135
50231,0-16,2004,20
50231,16-64,2004,194
50231,65-100,2004,130
50231,0-16,2005,21
50231,16-64,2005,195
50231,65-100,2005,134
50231,0-16,2006,23
50231,16-64,2006,207
50231,65-100,2006,127
50231,0-16,2007,26
50231,16-64,2007,212
50231,65-100,2007,127
50231,0-16,2008,26
50231,16-64,2008,230
50231,65-100,2008,122
50231,0-16,2009,28
50231,16-64,2009,224
50231,65-100,2009,119
50231,0-16,2010,31
50231,16-64,2010,225
50231,65-100,2010,119
50231,0-16,2011,36
50231,16-64,2011,231
50231,65-100,2011,116
50231,0-16,2012,32
50231,16-64,2012,226
50231,65-100,2012,115
50231,0-16,2013,28
50231,16-64,2013,193
50231,65-100,2013,116
50231,0-16,2014,23
50231,16-64,2014,189
50231,65-100,2014,112
50231,0-16,2015,26
50231,16-64,2015,183
50231,65-100,2015,115
50231,0-16,2016,23
50231,16-64,2016,167
50231,65-100,2016,114
50231,0-16,2017,27
50231,16-64,2017,175
50231,65-100,2017,103
50231,0-16,2018,29
50231,16-64,2018,176
50231,65-100,2018,99
50231,0-16,2019,28
50231,16-64,2019,186
50231,65-100,2019,101
50231,0-16,2020,36
50231,16-64,2020,190
50231,65-100,2020,95
50231,0-16,2021,42
50231,16-64,2021,204
50231,65-100,2021,92
50231,0-16,2022,49
50231,16-64,2022,212
50231,65-100,2022,94
50232,0-16,2003,38
50232,16-64,2003,120
50232,65-100,2003,113
50232,0-16,2004,39
50232,16-64,2004,123
50232,65-100,2004,107
50232,0-16,2005,39
50232,16-64,2005,123
50232,65-100,2005,98
50232,0-16,2006,39
50232,16-64,2006,122
50232,65-100,2006,98
50232,0-16,2007,34
50232,16-64,2007,122
50232,65-100,2007,93
50232,0-16,2008,38
50232,16-64,2008,122
50232,65-100,2008,88
50232,0-16,2009,39
50232,16-64,2009,128
50232,65-100,2009,77
50232,0-16,2010,39
50232,16-64,2010,124
50232,65-100,2010,72
50232,0-16,2011,33
50232,16-64,2011,122
50232,65-100,2011,71
50232,0-16,2012,27
50232,16-64,2012,118
50232,65-100,2012,65
50232,0-16,2013,25
50232,16-64,2013,119
50232,65-100,2013,67
50232,0-16,2014,28
50232,16-64,2014,118
50232,65-100,2014,65
50232,0-16,2015,31
50232,16-64,2015,118
50232,65-100,2015,66
50232,0-16,2016,28
50232,16-64,2016,115
50232,65-100,2016,65
50232,0-16,2017,30
50232,16-64,2017,122
50232,65-100,2017,60
50232,0-16,2018,27
50232,16-64,2018,117
50232,65-100,2018,54
50232,0-16,2019,26
50232,16-64,2019,124
50232,65-100,2019,49
50232,0-16,2020,31
50232,16-64,2020,129
50232,65-100,2020,47
50232,0-16,2021,31
50232,16-64,2021,133
50232,65-100,2021,46
50232,0-16,2022,30
50232,16-64,2022,119
50232,65-100,2022,50
50233,0-16,2003,8
50233,16-64,2003,77
50233,65-100,2003,50
50233,0-16,2004,7
50233,16-64,2004,76
50233,65-100,2004,47
50233,0-16,2005,7
50233,16-64,2005,69
50233,65-100,2005,48
50233,0-16,2006,3
50233,16-64,2006,66
50233,65-100,2006,45
50233,0-16,2007,3
50233,16-64,2007,61
50233,65-100,2007,41
50233,0-16,2008,3
50233,16-64,2008,66
50233,65-100,2008,38
50233,0-16,2009,5
50233,16-64,2009,77
50233,65-100,2009,41
50233,0-16,2010,7
50233,16-64,2010,80
50233,65-100,2010,41
50233,0-16,2011,7
50233,16-64,2011,72
50233,65-100,2011,40
50233,0-16,2012,7
50233,16-64,2012,76
50233,65-100,2012,38
50233,0-16,2013,7
50233,16-64,2013,62
50233,65-100,2013,40
50233,0-16,2014,6
50233,16-64,2014,63
50233,65-100,2014,37
50233,0-16,2015,4
50233,16-64,2015,71
50233,65-100,2015,48
50233,0-16,2016,4
50233,16-64,2016,65
50233,65-100,2016,48
50233,0-16,2017,5
50233,16-64,2017,61
50233,65-100,2017,46
50233,0-16,2018,7
50233,16-64,2018,58
50233,65-100,2018,47
50233,0-16,2019,5
50233,16-64,2019,63
50233,65-100,2019,42
50233,0-16,2020,4
50233,16-64,2020,55
50233,65-100,2020,41
50233,0-16,2021,6
50233,16-64,2021,52
50233,65-100,2021,43
50233,0-16,2022,6
50233,16-64,2022,48
50233,65-100,2022,42
50234,0-16,2003,29
50234,16-64,2003,177
50234,65-100,2003,85
50234,0-16,2004,25
50234,16-64,2004,184
50234,65-100,2004,82
50234,0-16,2005,23
50234,16-64,2005,184
50234,65-100,2005,83
50234,0-16,2006,22
50234,16-64,2006,187
50234,65-100,2006,83
50234,0-16,2007,26
50234,16-64,2007,181
50234,65-100,2007,77
50234,0-16,2008,33
50234,16-64,2008,185
50234,65-100,2008,74
50234,0-16,2009,34
50234,16-64,2009,189
50234,65-100,2009,77
50234,0-16,2010,33
50234,16-64,2010,184
50234,65-100,2010,78
50234,0-16,2011,30
50234,16-64,2011,178
50234,65-100,2011,77
50234,0-16,2012,38
50234,16-64,2012,178
50234,65-100,2012,81
50234,0-16,2013,33
50234,16-64,2013,175
50234,65-100,2013,84
50234,0-16,2014,32
50234,16-64,2014,166
50234,65-100,2014,83
50234,0-16,2015,30
50234,16-64,2015,165
50234,65-100,2015,84
50234,0-16,2016,32
50234,16-64,2016,172
50234,65-100,2016,82
50234,0-16,2017,32
50234,16-64,2017,172
50234,65-100,2017,83
50234,0-16,2018,33
50234,16-64,2018,170
50234,65-100,2018,83
50234,0-16,2019,30
50234,16-64,2019,163
50234,65-100,2019,84
50234,0-16,2020,29
50234,16-64,2020,157
50234,65-100,2020,84
50234,0-16,2021,35
50234,16-64,2021,155
50234,65-100,2021,86
50234,0-16,2022,37
50234,16-64,2022,159
50234,65-100,2022,87
50235,0-16,2003,323
50235,16-64,2003,1493
50235,65-100,2003,474
50235,0-16,2004,342
50235,16-64,2004,1571
50235,65-100,2004,468
50235,0-16,2005,360
50235,16-64,2005,1614
50235,65-100,2005,473
50235,0-16,2006,404
50235,16-64,2006,1722
50235,65-100,2006,478
50235,0-16,2007,428
50235,16-64,2007,1797
50235,65-100,2007,483
50235,0-16,2008,475
50235,16-64,2008,1920
50235,65-100,2008,500
50235,0-16,2009,492
50235,16-64,2009,2017
50235,65-100,2009,500
50235,0-16,2010,514
50235,16-64,2010,2064
50235,65-100,2010,501
50235,0-16,2011,513
50235,16-64,2011,2097
50235,65-100,2011,527
50235,0-16,2012,535
50235,16-64,2012,2083
50235,65-100,2012,540
50235,0-16,2013,548
50235,16-64,2013,2079
50235,65-100,2013,563
50235,0-16,2014,525
50235,16-64,2014,1999
50235,65-100,2014,569
50235,0-16,2015,513
50235,16-64,2015,1964
50235,65-100,2015,574
50235,0-16,2016,500
50235,16-64,2016,1972
50235,65-100,2016,588
50235,0-16,2017,507
50235,16-64,2017,1979
50235,65-100,2017,591
50235,0-16,2018,526
50235,16-64,2018,2015
50235,65-100,2018,593
50235,0-16,2019,548
50235,16-64,2019,2082
50235,65-100,2019,604
50235,0-16,2020,542
50235,16-64,2020,2121
50235,65-100,2020,606
50235,0-16,2021,549
50235,16-64,2021,2250
50235,65-100,2021,616
50235,0-16,2022,548
50235,16-64,2022,2261
50235,65-100,2022,643
50236,0-16,2003,25
50236,16-64,2003,98
50236,65-100,2003,93
50236,0-16,2004,24
50236,16-64,2004,99
50236,65-100,2004,91
50236,0-16,2005,17
50236,16-64,2005,98
50236,65-100,2005,82
50236,0-16,2006,15
50236,16-64,2006,93
50236,65-100,2006,82
50236,0-16,2007,11
50236,16-64,2007,103
50236,65-100,2007,80
50236,0-16,2008,9
50236,16-64,2008,100
50236,65-100,2008,77
50236,0-16,2009,8
50236,16-64,2009,104
50236,65-100,2009,70
50236,0-16,2010,8
50236,16-64,2010,86
50236,65-100,2010,70
50236,0-16,2011,11
50236,16-64,2011,83
50236,65-100,2011,67
50236,0-16,2012,7
50236,16-64,2012,78
50236,65-100,2012,63
50236,0-16,2013,6
50236,16-64,2013,73
50236,65-100,2013,57
50236,0-16,2014,6
50236,16-64,2014,71
50236,65-100,2014,56
50236,0-16,2015,4
50236,16-64,2015,78
50236,65-100,2015,53
50236,0-16,2016,4
50236,16-64,2016,69
50236,65-100,2016,50
50236,0-16,2017,4
50236,16-64,2017,68
50236,65-100,2017,46
50236,0-16,2018,3
50236,16-64,2018,61
50236,65-100,2018,44
50236,0-16,2019,4
50236,16-64,2019,65
50236,65-100,2019,47
50236,0-16,2020,3
50236,16-64,2020,59
50236,65-100,2020,43
50236,0-16,2021,3
50236,16-64,2021,58
50236,65-100,2021,41
50236,0-16,2022,4
50236,16-64,2022,53
50236,65-100,2022,37
50237,0-16,2003,14
50237,16-64,2003,71
50237,65-100,2003,42
50237,0-16,2004,14
50237,16-64,2004,63
50237,65-100,2004,41
50237,0-16,2005,13
50237,16-64,2005,67
50237,65-100,2005,40
50237,0-16,2006,14
50237,16-64,2006,59
50237,65-100,2006,36
50237,0-16,2007,18
50237,16-64,2007,68
50237,65-100,2007,39
50237,0-16,2008,20
50237,16-64,2008,79
50237,65-100,2008,36
50237,0-16,2009,20
50237,16-64,2009,80
50237,65-100,2009,31
50237,0-16,2010,15
50237,16-64,2010,83
50237,65-100,2010,28
50237,0-16,2011,18
50237,16-64,2011,87
50237,65-100,2011,25
50237,0-16,2012,20
50237,16-64,2012,88
50237,65-100,2012,25
50237,0-16,2013,26
50237,16-64,2013,92
50237,65-100,2013,25
50237,0-16,2014,23
50237,16-64,2014,89
50237,65-100,2014,25
50237,0-16,2015,25
50237,16-64,2015,82
50237,65-100,2015,29
50237,0-16,2016,22
50237,16-64,2016,74
50237,65-100,2016,34
50237,0-16,2017,18
50237,16-64,2017,74
50237,65-100,2017,29
50237,0-16,2018,23
50237,16-64,2018,75
50237,65-100,2018,27
50237,0-16,2019,24
50237,16-64,2019,80
50237,65-100,2019,26
50237,0-16,2020,18
50237,16-64,2020,80
50237,65-100,2020,25
50237,0-16,2021,21
50237,16-64,2021,85
50237,65-100,2021,28
50237,0-16,2022,16
50237,16-64,2022,78
50237,65-100,2022,31
50238,0-16,2003,7
50238,16-64,2003,73
50238,65-100,2003,55
50238,0-16,2004,7
50238,16-64,2004,70
50238,65-100,2004,57
50238,0-16,2005,7
50238,16-64,2005,67
50238,65-100,2005,55
50238,0-16,2006,7
50238,16-64,2006,64
50238,65-100,2006,49
50238,0-16,2007,7
50238,16-64,2007,72
50238,65-100,2007,50
50238,0-16,2008,6
50238,16-64,2008,74
50238,65-100,2008,46
50238,0-16,2009,6
50238,16-64,2009,67
50238,65-100,2009,46
50238,0-16,2010,5
50238,16-64,2010,73
50238,65-100,2010,47
50238,0-16,2011,3
50238,16-64,2011,78
50238,65-100,2011,49
50238,0-16,2012,3
50238,16-64,2012,74
50238,65-100,2012,47
50238,0-16,2013,4
50238,16-64,2013,72
50238,65-100,2013,47
50238,0-16,2014,4
50238,16-64,2014,78
50238,65-100,2014,45
50238,0-16,2015,5
50238,16-64,2015,68
50238,65-100,2015,37
50238,0-16,2016,4
50238,16-64,2016,66
50238,65-100,2016,32
50238,0-16,2017,5
50238,16-64,2017,67
50238,65-100,2017,27
50238,0-16,2018,3
50238,16-64,2018,66
50238,65-100,2018,29
50238,0-16,2019,3
50238,16-64,2019,63
50238,65-100,2019,29
50238,0-16,2020,5
50238,16-64,2020,62
50238,65-100,2020,30
50238,0-16,2021,5
50238,16-64,2021,68
50238,65-100,2021,30
50238,0-16,2022,7
50238,16-64,2022,63
50238,65-100,2022,32
50239,0-16,2003,2
50239,16-64,2003,45
50239,65-100,2003,29
50239,0-16,2004,2
50239,16-64,2004,44
50239,65-100,2004,29
50239,0-16,2005,2
50239,16-64,2005,44
50239,65-100,2005,30
50239,0-16,2006,0
50239,16-64,2006,41
50239,65-100,2006,28
50239,0-16,2007,0
50239,16-64,2007,41
50239,65-100,2007,26
50239,0-16,2008,0
50239,16-64,2008,39
50239,65-100,2008,24
50239,0-16,2009,0
50239,16-64,2009,39
50239,65-100,2009,22
50239,0-16,2010,0
50239,16-64,2010,37
50239,65-100,2010,24
50239,0-16,2011,0
50239,16-64,2011,42
50239,65-100,2011,25
50239,0-16,2012,0
50239,16-64,2012,41
50239,65-100,2012,24
50239,0-16,2013,1
50239,16-64,2013,38
50239,65-100,2013,27
50239,0-16,2014,3
50239,16-64,2014,38
50239,65-100,2014,25
50239,0-16,2015,3
50239,16-64,2015,38
50239,65-100,2015,25
50239,0-16,2016,0
50239,16-64,2016,38
50239,65-100,2016,24
50239,0-16,2017,0
50239,16-64,2017,38
50239,65-100,2017,25
50239,0-16,2018,0
50239,16-64,2018,36
50239,65-100,2018,25
50239,0-16,2019,0
50239,16-64,2019,35
50239,65-100,2019,28
50239,0-16,2020,1
50239,16-64,2020,36
50239,65-100,2020,27
50239,0-16,2021,1
50239,16-64,2021,34
50239,65-100,2021,29
50239,0-16,2022,1
50239,16-64,2022,37
50239,65-100,2022,28
50240,0-16,2003,96
50240,16-64,2003,767
50240,65-100,2003,462
50240,0-16,2004,89
50240,16-64,2004,746
50240,65-100,2004,472
50240,0-16,2005,82
50240,16-64,2005,735
50240,65-100,2005,471
50240,0-16,2006,72
50240,16-64,2006,705
50240,65-100,2006,472
50240,0-16,2007,58
50240,16-64,2007,690
50240,65-100,2007,431
50240,0-16,2008,51
50240,16-64,2008,660
50240,65-100,2008,427
50240,0-16,2009,44
50240,16-64,2009,636
50240,65-100,2009,435
50240,0-16,2010,102
50240,16-64,2010,719
50240,65-100,2010,439
50240,0-16,2011,111
50240,16-64,2011,715
50240,65-100,2011,468
50240,0-16,2012,107
50240,16-64,2012,695
50240,65-100,2012,464
50240,0-16,2013,96
50240,16-64,2013,690
50240,65-100,2013,463
50240,0-16,2014,113
50240,16-64,2014,668
50240,65-100,2014,440
50240,0-16,2015,120
50240,16-64,2015,660
50240,65-100,2015,437
50240,0-16,2016,119
50240,16-64,2016,634
50240,65-100,2016,430
50240,0-16,2017,114
50240,16-64,2017,626
50240,65-100,2017,435
50240,0-16,2018,122
50240,16-64,2018,620
50240,65-100,2018,428
50240,0-16,2019,117
50240,16-64,2019,614
50240,65-100,2019,423
50240,0-16,2020,112
50240,16-64,2020,613
50240,65-100,2020,394
50240,0-16,2021,129
50240,16-64,2021,614
50240,65-100,2021,379
50240,0-16,2022,130
50240,16-64,2022,599
50240,65-100,2022,364
50241,0-16,2003,32
50241,16-64,2003,485
50241,65-100,2003,328
50241,0-16,2004,29
50241,16-64,2004,461
50241,65-100,2004,319
50241,0-16,2005,22
50241,16-64,2005,447
50241,65-100,2005,326
50241,0-16,2006,19
50241,16-64,2006,417
50241,65-100,2006,322
50241,0-16,2007,18
50241,16-64,2007,407
50241,65-100,2007,316
50241,0-16,2008,49
50241,16-64,2008,446
50241,65-100,2008,321
50241,0-16,2009,47
50241,16-64,2009,429
50241,65-100,2009,329
50241,0-16,2010,53
50241,16-64,2010,419
50241,65-100,2010,321
50241,0-16,2011,45
50241,16-64,2011,385
50241,65-100,2011,317
50241,0-16,2012,50
50241,16-64,2012,392
50241,65-100,2012,307
50241,0-16,2013,68
50241,16-64,2013,418
50241,65-100,2013,284
50241,0-16,2014,70
50241,16-64,2014,417
50241,65-100,2014,268
50241,0-16,2015,69
50241,16-64,2015,409
50241,65-100,2015,265
50241,0-16,2016,69
50241,16-64,2016,401
50241,65-100,2016,252
50241,0-16,2017,65
50241,16-64,2017,390
50241,65-100,2017,244
50241,0-16,2018,64
50241,16-64,2018,382
50241,65-100,2018,245
50241,0-16,2019,70
50241,16-64,2019,390
50241,65-100,2019,263
50241,0-16,2020,65
50241,16-64,2020,404
50241,65-100,2020,253
50241,0-16,2021,62
50241,16-64,2021,390
50241,65-100,2021,234
50241,0-16,2022,67
50241,16-64,2022,380
50241,65-100,2022,228
50242,0-16,2003,9
50242,16-64,2003,57
50242,65-100,2003,34
50242,0-16,2004,7
50242,16-64,2004,48
50242,65-100,2004,38
50242,0-16,2005,7
50242,16-64,2005,46
50242,65-100,2005,38
50242,0-16,2006,6
50242,16-64,2006,43
50242,65-100,2006,38
50242,0-16,2007,8
50242,16-64,2007,53
50242,65-100,2007,39
50242,0-16,2008,8
50242,16-64,2008,53
50242,65-100,2008,40
50242,0-16,2009,6
50242,16-64,2009,64
50242,65-100,2009,39
50242,0-16,2010,7
50242,16-64,2010,69
50242,65-100,2010,36
50242,0-16,2011,7
50242,16-64,2011,70
50242,65-100,2011,38
50242,0-16,2012,7
50242,16-64,2012,62
50242,65-100,2012,37
50242,0-16,2013,10
50242,16-64,2013,55
50242,65-100,2013,43
50242,0-16,2014,10
50242,16-64,2014,56
50242,65-100,2014,44
50242,0-16,2015,9
50242,16-64,2015,51
50242,65-100,2015,45
50242,0-16,2016,7
50242,16-64,2016,47
50242,65-100,2016,48
50242,0-16,2017,8
50242,16-64,2017,46
50242,65-100,2017,46
50242,0-16,2018,8
50242,16-64,2018,44
50242,65-100,2018,43
50242,0-16,2019,9
50242,16-64,2019,50
50242,65-100,2019,43
50242,0-16,2020,10
50242,16-64,2020,54
50242,65-100,2020,44
50242,0-16,2021,9
50242,16-64,2021,54
50242,65-100,2021,45
50242,0-16,2022,8
50242,16-64,2022,54
50242,65-100,2022,44
50243,0-16,2003,48
50243,16-64,2003,260
50243,65-100,2003,144
50243,0-16,2004,52
50243,16-64,2004,259
50243,65-100,2004,149
50243,0-16,2005,46
50243,16-64,2005,247
50243,65-100,2005,154
50243,0-16,2006,45
50243,16-64,2006,248
50243,65-100,2006,153
50243,0-16,2007,39
50243,16-64,2007,234
50243,65-100,2007,152
50243,0-16,2008,40
50243,16-64,2008,209
50243,65-100,2008,156
50243,0-16,2009,35
50243,16-64,2009,212
50243,65-100,2009,159
50243,0-16,2010,28
50243,16-64,2010,226
50243,65-100,2010,148
50243,0-16,2011,26
50243,16-64,2011,227
50243,65-100,2011,148
50243,0-16,2012,26
50243,16-64,2012,215
50243,65-100,2012,149
50243,0-16,2013,31
50243,16-64,2013,217
50243,65-100,2013,152
50243,0-16,2014,29
50243,16-64,2014,232
50243,65-100,2014,152
50243,0-16,2015,25
50243,16-64,2015,233
50243,65-100,2015,144
50243,0-16,2016,23
50243,16-64,2016,235
50243,65-100,2016,133
50243,0-16,2017,23
50243,16-64,2017,236
50243,65-100,2017,128
50243,0-16,2018,19
50243,16-64,2018,222
50243,65-100,2018,129
50243,0-16,2019,16
50243,16-64,2019,212
50243,65-100,2019,124
50243,0-16,2020,13
50243,16-64,2020,215
50243,65-100,2020,116
50243,0-16,2021,12
50243,16-64,2021,213
50243,65-100,2021,113
50243,0-16,2022,14
50243,16-64,2022,220
50243,65-100,2022,115
50244,0-16,2003,16
50244,16-64,2003,130
50244,65-100,2003,104
50244,0-16,2004,25
50244,16-64,2004,141
50244,65-100,2004,103
50244,0-16,2005,25
50244,16-64,2005,150
50244,65-100,2005,102
50244,0-16,2006,34
50244,16-64,2006,158
50244,65-100,2006,104
50244,0-16,2007,44
50244,16-64,2007,159
50244,65-100,2007,106
50244,0-16,2008,39
50244,16-64,2008,166
50244,65-100,2008,108
50244,0-16,2009,41
50244,16-64,2009,168
50244,65-100,2009,102
50244,0-16,2010,38
50244,16-64,2010,167
50244,65-100,2010,103
50244,0-16,2011,34
50244,16-64,2011,173
50244,65-100,2011,103
50244,0-16,2012,31
50244,16-64,2012,160
50244,65-100,2012,100
50244,0-16,2013,20
50244,16-64,2013,145
50244,65-100,2013,97
50244,0-16,2014,24
50244,16-64,2014,150
50244,65-100,2014,99
50244,0-16,2015,22
50244,16-64,2015,144
50244,65-100,2015,101
50244,0-16,2016,18
50244,16-64,2016,148
50244,65-100,2016,96
50244,0-16,2017,16
50244,16-64,2017,142
50244,65-100,2017,92
50244,0-16,2018,19
50244,16-64,2018,148
50244,65-100,2018,86
50244,0-16,2019,26
50244,16-64,2019,162
50244,65-100,2019,80
50244,0-16,2020,26
50244,16-64,2020,165
50244,65-100,2020,79
50244,0-16,2021,34
50244,16-64,2021,173
50244,65-100,2021,78
50244,0-16,2022,38
50244,16-64,2022,166
50244,65-100,2022,77
50245,0-16,2003,5
50245,16-64,2003,85
50245,65-100,2003,84
50245,0-16,2004,5
50245,16-64,2004,84
50245,65-100,2004,83
50245,0-16,2005,6
50245,16-64,2005,87
50245,65-100,2005,74
50245,0-16,2006,3
50245,16-64,2006,79
50245,65-100,2006,72
50245,0-16,2007,3
50245,16-64,2007,76
50245,65-100,2007,68
50245,0-16,2008,3
50245,16-64,2008,73
50245,65-100,2008,62
50245,0-16,2009,5
50245,16-64,2009,75
50245,65-100,2009,57
50245,0-16,2010,5
50245,16-64,2010,69
50245,65-100,2010,58
50245,0-16,2011,5
50245,16-64,2011,69
50245,65-100,2011,57
50245,0-16,2012,5
50245,16-64,2012,63
50245,65-100,2012,53
50245,0-16,2013,6
50245,16-64,2013,58
50245,65-100,2013,49
50245,0-16,2014,6
50245,16-64,2014,52
50245,65-100,2014,47
50245,0-16,2015,6
50245,16-64,2015,50
50245,65-100,2015,47
50245,0-16,2016,6
50245,16-64,2016,45
50245,65-100,2016,42
50245,0-16,2017,7
50245,16-64,2017,42
50245,65-100,2017,45
50245,0-16,2018,8
50245,16-64,2018,39
50245,65-100,2018,41
50245,0-16,2019,7
50245,16-64,2019,39
50245,65-100,2019,37
50245,0-16,2020,6
50245,16-64,2020,39
50245,65-100,2020,34
50245,0-16,2021,6
50245,16-64,2021,39
50245,65-100,2021,34
50245,0-16,2022,6
50245,16-64,2022,38
50245,65-100,2022,29
50246,0-16,2003,2
50246,16-64,2003,28
50246,65-100,2003,35
50246,0-16,2004,2
50246,16-64,2004,27
50246,65-100,2004,31
50246,0-16,2005,2
50246,16-64,2005,25
50246,65-100,2005,29
50246,0-16,2006,2
50246,16-64,2006,24
50246,65-100,2006,28
50246,0-16,2007,2
50246,16-64,2007,24
50246,65-100,2007,27
50246,0-16,2008,1
50246,16-64,2008,25
50246,65-100,2008,26
50246,0-16,2009,1
50246,16-64,2009,23
50246,65-100,2009,27
50246,0-16,2010,1
50246,16-64,2010,22
50246,65-100,2010,27
50246,0-16,2011,0
50246,16-64,2011,18
50246,65-100,2011,25
50246,0-16,2012,0
50246,16-64,2012,17
50246,65-100,2012,23
50246,0-16,2013,0
50246,16-64,2013,17
50246,65-100,2013,22
50246,0-16,2014,0
50246,16-64,2014,17
50246,65-100,2014,21
50246,0-16,2015,0
50246,16-64,2015,17
50246,65-100,2015,19
50246,0-16,2016,0
50246,16-64,2016,17
50246,65-100,2016,18
50246,0-16,2017,0
50246,16-64,2017,17
50246,65-100,2017,16
50246,0-16,2018,0
50246,16-64,2018,17
50246,65-100,2018,14
50246,0-16,2019,0
50246,16-64,2019,16
50246,65-100,2019,13
50246,0-16,2020,0
50246,16-64,2020,22
50246,65-100,2020,13
50246,0-16,2021,0
50246,16-64,2021,21
50246,65-100,2021,12
50246,0-16,2022,0
50246,16-64,2022,30
50246,65-100,2022,15
50247,0-16,2003,96
50247,16-64,2003,479
50247,65-100,2003,180
50247,0-16,2004,103
50247,16-64,2004,498
50247,65-100,2004,151
50247,0-16,2005,118
50247,16-64,2005,542
50247,65-100,2005,153
50247,0-16,2006,117
50247,16-64,2006,560
50247,65-100,2006,174
50247,0-16,2007,119
50247,16-64,2007,593
50247,65-100,2007,191
50247,0-16,2008,128
50247,16-64,2008,639
50247,65-100,2008,198
50247,0-16,2009,142
50247,16-64,2009,622
50247,65-100,2009,203
50247,0-16,2010,149
50247,16-64,2010,646
50247,65-100,2010,204
50247,0-16,2011,150
50247,16-64,2011,626
50247,65-100,2011,203
50247,0-16,2012,172
50247,16-64,2012,651
50247,65-100,2012,206
50247,0-16,2013,185
50247,16-64,2013,664
50247,65-100,2013,205
50247,0-16,2014,204
50247,16-64,2014,673
50247,65-100,2014,206
50247,0-16,2015,206
50247,16-64,2015,666
50247,65-100,2015,205
50247,0-16,2016,205
50247,16-64,2016,664
50247,65-100,2016,210
50247,0-16,2017,198
50247,16-64,2017,665
50247,65-100,2017,211
50247,0-16,2018,202
50247,16-64,2018,677
50247,65-100,2018,210
50247,0-16,2019,200
50247,16-64,2019,686
50247,65-100,2019,210
50247,0-16,2020,220
50247,16-64,2020,704
50247,65-100,2020,212
50247,0-16,2021,218
50247,16-64,2021,715
50247,65-100,2021,217
50247,0-16,2022,209
50247,16-64,2022,711
50247,65-100,2022,223
50248,0-16,2003,73
50248,16-64,2003,454
50248,65-100,2003,216
50248,0-16,2004,74
50248,16-64,2004,449
50248,65-100,2004,217
50248,0-16,2005,77
50248,16-64,2005,436
50248,65-100,2005,209
50248,0-16,2006,74
50248,16-64,2006,431
50248,65-100,2006,211
50248,0-16,2007,74
50248,16-64,2007,426
50248,65-100,2007,212
50248,0-16,2008,65
50248,16-64,2008,438
50248,65-100,2008,204
50248,0-16,2009,66
50248,16-64,2009,428
50248,65-100,2009,196
50248,0-16,2010,60
50248,16-64,2010,408
50248,65-100,2010,194
50248,0-16,2011,60
50248,16-64,2011,412
50248,65-100,2011,194
50248,0-16,2012,58
50248,16-64,2012,395
50248,65-100,2012,193
50248,0-16,2013,59
50248,16-64,2013,386
50248,65-100,2013,190
50248,0-16,2014,64
50248,16-64,2014,381
50248,65-100,2014,184
50248,0-16,2015,61
50248,16-64,2015,362
50248,65-100,2015,191
50248,0-16,2016,54
50248,16-64,2016,354
50248,65-100,2016,197
50248,0-16,2017,51
50248,16-64,2017,345
50248,65-100,2017,192
50248,0-16,2018,52
50248,16-64,2018,333
50248,65-100,2018,203
50248,0-16,2019,54
50248,16-64,2019,334
50248,65-100,2019,202
50248,0-16,2020,42
50248,16-64,2020,322
50248,65-100,2020,203
50248,0-16,2021,49
50248,16-64,2021,325
50248,65-100,2021,200
50248,0-16,2022,46
50248,16-64,2022,314
50248,65-100,2022,208
50249,0-16,2003,32
50249,16-64,2003,265
50249,65-100,2003,164
50249,0-16,2004,29
50249,16-64,2004,260
50249,65-100,2004,164
50249,0-16,2005,30
50249,16-64,2005,260
50249,65-100,2005,164
50249,0-16,2006,32
50249,16-64,2006,255
50249,65-100,2006,160
50249,0-16,2007,27
50249,16-64,2007,240
50249,65-100,2007,157
50249,0-16,2008,25
50249,16-64,2008,230
50249,65-100,2008,159
50249,0-16,2009,25
50249,16-64,2009,232
50249,65-100,2009,154
50249,0-16,2010,30
50249,16-64,2010,234
50249,65-100,2010,148
50249,0-16,2011,27
50249,16-64,2011,219
50249,65-100,2011,148
50249,0-16,2012,26
50249,16-64,2012,209
50249,65-100,2012,152
50249,0-16,2013,24
50249,16-64,2013,192
50249,65-100,2013,153
50249,0-16,2014,23
50249,16-64,2014,188
50249,65-100,2014,158
50249,0-16,2015,21
50249,16-64,2015,178
50249,65-100,2015,153
50249,0-16,2016,21
50249,16-64,2016,168
50249,65-100,2016,154
50249,0-16,2017,19
50249,16-64,2017,171
50249,65-100,2017,141
50249,0-16,2018,19
50249,16-64,2018,174
50249,65-100,2018,130
50249,0-16,2019,17
50249,16-64,2019,171
50249,65-100,2019,126
50249,0-16,2020,14
50249,16-64,2020,184
50249,65-100,2020,123
50249,0-16,2021,13
50249,16-64,2021,185
50249,65-100,2021,122
50249,0-16,2022,14
50249,16-64,2022,178
50249,65-100,2022,118
50250,0-16,2003,5
50250,16-64,2003,25
50250,65-100,2003,29
50250,0-16,2004,4
50250,16-64,2004,30
50250,65-100,2004,31
50250,0-16,2005,4
50250,16-64,2005,28
50250,65-100,2005,29
50250,0-16,2006,4
50250,16-64,2006,38
50250,65-100,2006,23
50250,0-16,2007,3
50250,16-64,2007,37
50250,65-100,2007,26
50250,0-16,2008,3
50250,16-64,2008,37
50250,65-100,2008,25
50250,0-16,2009,2
50250,16-64,2009,39
50250,65-100,2009,21
50250,0-16,2010,3
50250,16-64,2010,38
50250,65-100,2010,20
50250,0-16,2011,3
50250,16-64,2011,38
50250,65-100,2011,16
50250,0-16,2012,3
50250,16-64,2012,43
50250,65-100,2012,14
50250,0-16,2013,3
50250,16-64,2013,40
50250,65-100,2013,17
50250,0-16,2014,2
50250,16-64,2014,41
50250,65-100,2014,16
50250,0-16,2015,2
50250,16-64,2015,41
50250,65-100,2015,15
50250,0-16,2016,2
50250,16-64,2016,42
50250,65-100,2016,11
50250,0-16,2017,2
50250,16-64,2017,37
50250,65-100,2017,13
50250,0-16,2018,6
50250,16-64,2018,44
50250,65-100,2018,13
50250,0-16,2019,7
50250,16-64,2019,44
50250,65-100,2019,13
50250,0-16,2020,7
50250,16-64,2020,41
50250,65-100,2020,13
50250,0-16,2021,7
50250,16-64,2021,43
50250,65-100,2021,14
50250,0-16,2022,9
50250,16-64,2022,41
50250,65-100,2022,14
50251,0-16,2003,1525
50251,16-64,2003,6682
50251,65-100,2003,2464
50251,0-16,2004,1571
50251,16-64,2004,6753
50251,65-100,2004,2450
50251,0-16,2005,1617
50251,16-64,2005,6840
50251,65-100,2005,2418
50251,0-16,2006,1676
50251,16-64,2006,6915
50251,65-100,2006,2436
50251,0-16,2007,1690
50251,16-64,2007,6905
50251,65-100,2007,2396
50251,0-16,2008,1728
50251,16-64,2008,7010
50251,65-100,2008,2357
50251,0-16,2009,1772
50251,16-64,2009,7096
50251,65-100,2009,2343
50251,0-16,2010,1761
50251,16-64,2010,7036
50251,65-100,2010,2334
50251,0-16,2011,1777
50251,16-64,2011,6977
50251,65-100,2011,2367
50251,0-16,2012,1759
50251,16-64,2012,6905
50251,65-100,2012,2386
50251,0-16,2013,1689
50251,16-64,2013,6825
50251,65-100,2013,2349
50251,0-16,2014,1685
50251,16-64,2014,6807
50251,65-100,2014,2372
50251,0-16,2015,1673
50251,16-64,2015,6666
50251,65-100,2015,2420
50251,0-16,2016,1671
50251,16-64,2016,6630
50251,65-100,2016,2412
50251,0-16,2017,1606
50251,16-64,2017,6548
50251,65-100,2017,2384
50251,0-16,2018,1604
50251,16-64,2018,6515
50251,65-100,2018,2390
50251,0-16,2019,1549
50251,16-64,2019,6575
50251,65-100,2019,2409
50251,0-16,2020,1517
50251,16-64,2020,6615
50251,65-100,2020,2426
50251,0-16,2021,1510
50251,16-64,2021,6581
50251,65-100,2021,2403
50251,0-16,2022,1505
50251,16-64,2022,6661
50251,65-100,2022,2399
50252,0-16,2003,963
50252,16-64,2003,4648
50252,65-100,2003,1636
50252,0-16,2004,977
50252,16-64,2004,4700
50252,65-100,2004,1612
50252,0-16,2005,990
50252,16-64,2005,4820
50252,65-100,2005,1602
50252,0-16,2006,1026
50252,16-64,2006,4880
50252,65-100,2006,1597
50252,0-16,2007,1044
50252,16-64,2007,4865
50252,65-100,2007,1580
50252,0-16,2008,1112
50252,16-64,2008,5009
50252,65-100,2008,1569
50252,0-16,2009,1125
50252,16-64,2009,5013
50252,65-100,2009,1572
50252,0-16,2010,1100
50252,16-64,2010,4913
50252,65-100,2010,1554
50252,0-16,2011,1103
50252,16-64,2011,4816
50252,65-100,2011,1565
50252,0-16,2012,1063
50252,16-64,2012,4758
50252,65-100,2012,1561
50252,0-16,2013,1017
50252,16-64,2013,4607
50252,65-100,2013,1566
50252,0-16,2014,980
50252,16-64,2014,4471
50252,65-100,2014,1576
50252,0-16,2015,971
50252,16-64,2015,4416
50252,65-100,2015,1554
50252,0-16,2016,966
50252,16-64,2016,4429
50252,65-100,2016,1538
50252,0-16,2017,972
50252,16-64,2017,4384
50252,65-100,2017,1536
50252,0-16,2018,988
50252,16-64,2018,4396
50252,65-100,2018,1530
50252,0-16,2019,949
50252,16-64,2019,4417
50252,65-100,2019,1546
50252,0-16,2020,945
50252,16-64,2020,4400
50252,65-100,2020,1502
50252,0-16,2021,909
50252,16-64,2021,4372
50252,65-100,2021,1496
50252,0-16,2022,908
50252,16-64,2022,4368
50252,65-100,2022,1541
50253,0-16,2003,32
50253,16-64,2003,305
50253,65-100,2003,231
50253,0-16,2004,30
50253,16-64,2004,286
50253,65-100,2004,223
50253,0-16,2005,35
50253,16-64,2005,308
50253,65-100,2005,226
50253,0-16,2006,27
50253,16-64,2006,306
50253,65-100,2006,227
50253,0-16,2007,20
50253,16-64,2007,298
50253,65-100,2007,223
50253,0-16,2008,20
50253,16-64,2008,293
50253,65-100,2008,212
50253,0-16,2009,20
50253,16-64,2009,292
50253,65-100,2009,214
50253,0-16,2010,21
50253,16-64,2010,286
50253,65-100,2010,212
50253,0-16,2011,18
50253,16-64,2011,273
50253,65-100,2011,209
50253,0-16,2012,16
50253,16-64,2012,261
50253,65-100,2012,198
50253,0-16,2013,40
50253,16-64,2013,346
50253,65-100,2013,200
50253,0-16,2014,30
50253,16-64,2014,305
50253,65-100,2014,197
50253,0-16,2015,27
50253,16-64,2015,303
50253,65-100,2015,190
50253,0-16,2016,24
50253,16-64,2016,285
50253,65-100,2016,188
50253,0-16,2017,28
50253,16-64,2017,268
50253,65-100,2017,183
50253,0-16,2018,25
50253,16-64,2018,282
50253,65-100,2018,178
50253,0-16,2019,26
50253,16-64,2019,259
50253,65-100,2019,162
50253,0-16,2020,31
50253,16-64,2020,285
50253,65-100,2020,148
50253,0-16,2021,50
50253,16-64,2021,330
50253,65-100,2021,150
50253,0-16,2022,64
50253,16-64,2022,354
50253,65-100,2022,147
50254,0-16,2003,13
50254,16-64,2003,133
50254,65-100,2003,81
50254,0-16,2004,13
50254,16-64,2004,131
50254,65-100,2004,77
50254,0-16,2005,12
50254,16-64,2005,127
50254,65-100,2005,73
50254,0-16,2006,12
50254,16-64,2006,119
50254,65-100,2006,72
50254,0-16,2007,12
50254,16-64,2007,116
50254,65-100,2007,70
50254,0-16,2008,12
50254,16-64,2008,114
50254,65-100,2008,70
50254,0-16,2009,10
50254,16-64,2009,111
50254,65-100,2009,68
50254,0-16,2010,8
50254,16-64,2010,104
50254,65-100,2010,67
50254,0-16,2011,10
50254,16-64,2011,126
50254,65-100,2011,66
50254,0-16,2012,12
50254,16-64,2012,120
50254,65-100,2012,65
50254,0-16,2013,12
50254,16-64,2013,121
50254,65-100,2013,62
50254,0-16,2014,12
50254,16-64,2014,121
50254,65-100,2014,64
50254,0-16,2015,14
50254,16-64,2015,121
50254,65-100,2015,65
50254,0-16,2016,10
50254,16-64,2016,125
50254,65-100,2016,62
50254,0-16,2017,9
50254,16-64,2017,122
50254,65-100,2017,59
50254,0-16,2018,9
50254,16-64,2018,123
50254,65-100,2018,60
50254,0-16,2019,9
50254,16-64,2019,117
50254,65-100,2019,60
50254,0-16,2020,9
50254,16-64,2020,121
50254,65-100,2020,60
50254,0-16,2021,8
50254,16-64,2021,125
50254,65-100,2021,57
50254,0-16,2022,6
50254,16-64,2022,116
50254,65-100,2022,57
50255,0-16,2003,10
50255,16-64,2003,128
50255,65-100,2003,113
50255,0-16,2004,10
50255,16-64,2004,125
50255,65-100,2004,115
50255,0-16,2005,10
50255,16-64,2005,125
50255,65-100,2005,117
50255,0-16,2006,8
50255,16-64,2006,119
50255,65-100,2006,124
50255,0-16,2007,8
50255,16-64,2007,127
50255,65-100,2007,141
50255,0-16,2008,9
50255,16-64,2008,119
50255,65-100,2008,131
50255,0-16,2009,9
50255,16-64,2009,108
50255,65-100,2009,121
50255,0-16,2010,13
50255,16-64,2010,117
50255,65-100,2010,126
50255,0-16,2011,10
50255,16-64,2011,117
50255,65-100,2011,123
50255,0-16,2012,10
50255,16-64,2012,104
50255,65-100,2012,116
50255,0-16,2013,14
50255,16-64,2013,114
50255,65-100,2013,108
50255,0-16,2014,9
50255,16-64,2014,111
50255,65-100,2014,110
50255,0-16,2015,13
50255,16-64,2015,123
50255,65-100,2015,107
50255,0-16,2016,10
50255,16-64,2016,115
50255,65-100,2016,100
50255,0-16,2017,13
50255,16-64,2017,113
50255,65-100,2017,98
50255,0-16,2018,11
50255,16-64,2018,112
50255,65-100,2018,91
50255,0-16,2019,13
50255,16-64,2019,112
50255,65-100,2019,89
50255,0-16,2020,15
50255,16-64,2020,129
50255,65-100,2020,86
50255,0-16,2021,16
50255,16-64,2021,128
50255,65-100,2021,81
50255,0-16,2022,15
50255,16-64,2022,122
50255,65-100,2022,78
50256,0-16,2003,4
50256,16-64,2003,50
50256,65-100,2003,37
50256,0-16,2004,4
50256,16-64,2004,48
50256,65-100,2004,35
50256,0-16,2005,2
50256,16-64,2005,43
50256,65-100,2005,37
50256,0-16,2006,4
50256,16-64,2006,56
50256,65-100,2006,41
50256,0-16,2007,5
50256,16-64,2007,56
50256,65-100,2007,39
50256,0-16,2008,4
50256,16-64,2008,58
50256,65-100,2008,40
50256,0-16,2009,3
50256,16-64,2009,59
50256,65-100,2009,37
50256,0-16,2010,0
50256,16-64,2010,58
50256,65-100,2010,38
50256,0-16,2011,0
50256,16-64,2011,58
50256,65-100,2011,36
50256,0-16,2012,0
50256,16-64,2012,51
50256,65-100,2012,39
50256,0-16,2013,0
50256,16-64,2013,48
50256,65-100,2013,40
50256,0-16,2014,0
50256,16-64,2014,46
50256,65-100,2014,42
50256,0-16,2015,0
50256,16-64,2015,44
50256,65-100,2015,42
50256,0-16,2016,1
50256,16-64,2016,44
50256,65-100,2016,42
50256,0-16,2017,1
50256,16-64,2017,43
50256,65-100,2017,44
50256,0-16,2018,2
50256,16-64,2018,38
50256,65-100,2018,46
50256,0-16,2019,2
50256,16-64,2019,38
50256,65-100,2019,39
50256,0-16,2020,2
50256,16-64,2020,38
50256,65-100,2020,36
50256,0-16,2021,2
50256,16-64,2021,37
50256,65-100,2021,35
50256,0-16,2022,3
50256,16-64,2022,36
50256,65-100,2022,34
50257,0-16,2003,10
50257,16-64,2003,92
50257,65-100,2003,94
50257,0-16,2004,9
50257,16-64,2004,88
50257,65-100,2004,92
50257,0-16,2005,9
50257,16-64,2005,94
50257,65-100,2005,89
50257,0-16,2006,9
50257,16-64,2006,92
50257,65-100,2006,90
50257,0-16,2007,8
50257,16-64,2007,86
50257,65-100,2007,93
50257,0-16,2008,10
50257,16-64,2008,87
50257,65-100,2008,93
50257,0-16,2009,11
50257,16-64,2009,95
50257,65-100,2009,94
50257,0-16,2010,8
50257,16-64,2010,91
50257,65-100,2010,99
50257,0-16,2011,10
50257,16-64,2011,95
50257,65-100,2011,97
50257,0-16,2012,10
50257,16-64,2012,98
50257,65-100,2012,97
50257,0-16,2013,10
50257,16-64,2013,98
50257,65-100,2013,95
50257,0-16,2014,9
50257,16-64,2014,91
50257,65-100,2014,89
50257,0-16,2015,9
50257,16-64,2015,92
50257,65-100,2015,85
50257,0-16,2016,9
50257,16-64,2016,95
50257,65-100,2016,84
50257,0-16,2017,7
50257,16-64,2017,90
50257,65-100,2017,84
50257,0-16,2018,8
50257,16-64,2018,82
50257,65-100,2018,82
50257,0-16,2019,8
50257,16-64,2019,90
50257,65-100,2019,76
50257,0-16,2020,6
50257,16-64,2020,89
50257,65-100,2020,74
50257,0-16,2021,5
50257,16-64,2021,89
50257,65-100,2021,69
50257,0-16,2022,5
50257,16-64,2022,96
50257,65-100,2022,67
50258,0-16,2003,2
50258,16-64,2003,32
50258,65-100,2003,38
50258,0-16,2004,2
50258,16-64,2004,30
50258,65-100,2004,39
50258,0-16,2005,1
50258,16-64,2005,31
50258,65-100,2005,39
50258,0-16,2006,2
50258,16-64,2006,32
50258,65-100,2006,39
50258,0-16,2007,2
50258,16-64,2007,31
50258,65-100,2007,38
50258,0-16,2008,1
50258,16-64,2008,27
50258,65-100,2008,36
50258,0-16,2009,1
50258,16-64,2009,29
50258,65-100,2009,36
50258,0-16,2010,3
50258,16-64,2010,30
50258,65-100,2010,31
50258,0-16,2011,2
50258,16-64,2011,29
50258,65-100,2011,27
50258,0-16,2012,2
50258,16-64,2012,27
50258,65-100,2012,27
50258,0-16,2013,2
50258,16-64,2013,29
50258,65-100,2013,26
50258,0-16,2014,2
50258,16-64,2014,26
50258,65-100,2014,29
50258,0-16,2015,3
50258,16-64,2015,30
50258,65-100,2015,30
50258,0-16,2016,2
50258,16-64,2016,27
50258,65-100,2016,29
50258,0-16,2017,1
50258,16-64,2017,27
50258,65-100,2017,29
50258,0-16,2018,2
50258,16-64,2018,29
50258,65-100,2018,30
50258,0-16,2019,1
50258,16-64,2019,25
50258,65-100,2019,29
50258,0-16,2020,2
50258,16-64,2020,31
50258,65-100,2020,26
50258,0-16,2021,1
50258,16-64,2021,35
50258,65-100,2021,23
50258,0-16,2022,0
50258,16-64,2022,30
50258,65-100,2022,21
50259,0-16,2003,10
50259,16-64,2003,53
50259,65-100,2003,44
50259,0-16,2004,9
50259,16-64,2004,48
50259,65-100,2004,45
50259,0-16,2005,7
50259,16-64,2005,48
50259,65-100,2005,44
50259,0-16,2006,5
50259,16-64,2006,45
50259,65-100,2006,42
50259,0-16,2007,5
50259,16-64,2007,43
50259,65-100,2007,44
50259,0-16,2008,3
50259,16-64,2008,43
50259,65-100,2008,43
50259,0-16,2009,2
50259,16-64,2009,40
50259,65-100,2009,45
50259,0-16,2010,1
50259,16-64,2010,37
50259,65-100,2010,45
50259,0-16,2011,1
50259,16-64,2011,36
50259,65-100,2011,44
50259,0-16,2012,0
50259,16-64,2012,36
50259,65-100,2012,44
50259,0-16,2013,0
50259,16-64,2013,26
50259,65-100,2013,44
50259,0-16,2014,0
50259,16-64,2014,26
50259,65-100,2014,45
50259,0-16,2015,0
50259,16-64,2015,23
50259,65-100,2015,46
50259,0-16,2016,0
50259,16-64,2016,23
50259,65-100,2016,44
50259,0-16,2017,0
50259,16-64,2017,21
50259,65-100,2017,44
50259,0-16,2018,0
50259,16-64,2018,21
50259,65-100,2018,42
50259,0-16,2019,0
50259,16-64,2019,19
50259,65-100,2019,40
50259,0-16,2020,0
50259,16-64,2020,32
50259,65-100,2020,37
50259,0-16,2021,3
50259,16-64,2021,30
50259,65-100,2021,30
50259,0-16,2022,4
50259,16-64,2022,39
50259,65-100,2022,27
50260,0-16,2003,0
50260,16-64,2003,22
50260,65-100,2003,15
50260,0-16,2004,0
50260,16-64,2004,24
50260,65-100,2004,16
50260,0-16,2005,0
50260,16-64,2005,22
50260,65-100,2005,14
50260,0-16,2006,0
50260,16-64,2006,22
50260,65-100,2006,14
50260,0-16,2007,0
50260,16-64,2007,26
50260,65-100,2007,16
50260,0-16,2008,0
50260,16-64,2008,26
50260,65-100,2008,18
50260,0-16,2009,0
50260,16-64,2009,25
50260,65-100,2009,17
50260,0-16,2010,0
50260,16-64,2010,28
50260,65-100,2010,17
50260,0-16,2011,0
50260,16-64,2011,26
50260,65-100,2011,17
50260,0-16,2012,0
50260,16-64,2012,21
50260,65-100,2012,18
50260,0-16,2013,0
50260,16-64,2013,20
50260,65-100,2013,17
50260,0-16,2014,0
50260,16-64,2014,17
50260,65-100,2014,18
50260,0-16,2015,0
50260,16-64,2015,17
50260,65-100,2015,18
50260,0-16,2016,0
50260,16-64,2016,14
50260,65-100,2016,19
50260,0-16,2017,0
50260,16-64,2017,14
50260,65-100,2017,20
50260,0-16,2018,0
50260,16-64,2018,13
50260,65-100,2018,19
50260,0-16,2019,0
50260,16-64,2019,12
50260,65-100,2019,20
50260,0-16,2020,0
50260,16-64,2020,16
50260,65-100,2020,19
50260,0-16,2021,0
50260,16-64,2021,17
50260,65-100,2021,18
50260,0-16,2022,0
50260,16-64,2022,17
50260,65-100,2022,18
50261,0-16,2003,9
50261,16-64,2003,157
50261,65-100,2003,141
50261,0-16,2004,10
50261,16-64,2004,158
50261,65-100,2004,144
50261,0-16,2005,12
50261,16-64,2005,160
50261,65-100,2005,139
50261,0-16,2006,14
50261,16-64,2006,159
50261,65-100,2006,131
50261,0-16,2007,23
50261,16-64,2007,166
50261,65-100,2007,126
50261,0-16,2008,25
50261,16-64,2008,156
50261,65-100,2008,123
50261,0-16,2009,30
50261,16-64,2009,150
50261,65-100,2009,121
50261,0-16,2010,27
50261,16-64,2010,145
50261,65-100,2010,121
50261,0-16,2011,34
50261,16-64,2011,135
50261,65-100,2011,127
50261,0-16,2012,34
50261,16-64,2012,133
50261,65-100,2012,123
50261,0-16,2013,33
50261,16-64,2013,138
50261,65-100,2013,116
50261,0-16,2014,31
50261,16-64,2014,130
50261,65-100,2014,114
50261,0-16,2015,29
50261,16-64,2015,129
50261,65-100,2015,111
50261,0-16,2016,26
50261,16-64,2016,121
50261,65-100,2016,101
50261,0-16,2017,31
50261,16-64,2017,122
50261,65-100,2017,101
50261,0-16,2018,33
50261,16-64,2018,123
50261,65-100,2018,94
50261,0-16,2019,32
50261,16-64,2019,128
50261,65-100,2019,90
50261,0-16,2020,32
50261,16-64,2020,125
50261,65-100,2020,89
50261,0-16,2021,30
50261,16-64,2021,128
50261,65-100,2021,83
50261,0-16,2022,29
50261,16-64,2022,130
50261,65-100,2022,77
50262,0-16,2003,197
50262,16-64,2003,932
50262,65-100,2003,300
50262,0-16,2004,213
50262,16-64,2004,949
50262,65-100,2004,288
50262,0-16,2005,186
50262,16-64,2005,956
50262,65-100,2005,288
50262,0-16,2006,185
50262,16-64,2006,973
50262,65-100,2006,291
50262,0-16,2007,181
50262,16-64,2007,967
50262,65-100,2007,292
50262,0-16,2008,198
50262,16-64,2008,1021
50262,65-100,2008,298
50262,0-16,2009,205
50262,16-64,2009,1014
50262,65-100,2009,304
50262,0-16,2010,192
50262,16-64,2010,998
50262,65-100,2010,306
50262,0-16,2011,209
50262,16-64,2011,1002
50262,65-100,2011,300
50262,0-16,2012,217
50262,16-64,2012,1004
50262,65-100,2012,300
50262,0-16,2013,208
50262,16-64,2013,995
50262,65-100,2013,298
50262,0-16,2014,209
50262,16-64,2014,990
50262,65-100,2014,293
50262,0-16,2015,214
50262,16-64,2015,984
50262,65-100,2015,293
50262,0-16,2016,220
50262,16-64,2016,964
50262,65-100,2016,293
50262,0-16,2017,212
50262,16-64,2017,958
50262,65-100,2017,299
50262,0-16,2018,215
50262,16-64,2018,917
50262,65-100,2018,314
50262,0-16,2019,210
50262,16-64,2019,921
50262,65-100,2019,315
50262,0-16,2020,223
50262,16-64,2020,899
50262,65-100,2020,321
50262,0-16,2021,228
50262,16-64,2021,906
50262,65-100,2021,326
50262,0-16,2022,227
50262,16-64,2022,918
50262,65-100,2022,331
50263,0-16,2003,11
50263,16-64,2003,162
50263,65-100,2003,161
50263,0-16,2004,12
50263,16-64,2004,166
50263,65-100,2004,159
50263,0-16,2005,14
50263,16-64,2005,163
50263,65-100,2005,162
50263,0-16,2006,13
50263,16-64,2006,153
50263,65-100,2006,154
50263,0-16,2007,13
50263,16-64,2007,153
50263,65-100,2007,148
50263,0-16,2008,11
50263,16-64,2008,153
50263,65-100,2008,139
50263,0-16,2009,9
50263,16-64,2009,148
50263,65-100,2009,128
50263,0-16,2010,9
50263,16-64,2010,145
50263,65-100,2010,123
50263,0-16,2011,8
50263,16-64,2011,153
50263,65-100,2011,118
50263,0-16,2012,8
50263,16-64,2012,165
50263,65-100,2012,108
50263,0-16,2013,7
50263,16-64,2013,168
50263,65-100,2013,102
50263,0-16,2014,6
50263,16-64,2014,148
50263,65-100,2014,97
50263,0-16,2015,6
50263,16-64,2015,142
50263,65-100,2015,97
50263,0-16,2016,8
50263,16-64,2016,129
50263,65-100,2016,94
50263,0-16,2017,5
50263,16-64,2017,116
50263,65-100,2017,89
50263,0-16,2018,7
50263,16-64,2018,110
50263,65-100,2018,89
50263,0-16,2019,7
50263,16-64,2019,102
50263,65-100,2019,90
50263,0-16,2020,12
50263,16-64,2020,102
50263,65-100,2020,83
50263,0-16,2021,12
50263,16-64,2021,109
50263,65-100,2021,83
50263,0-16,2022,12
50263,16-64,2022,106
50263,65-100,2022,83
50264,0-16,2003,9
50264,16-64,2003,97
50264,65-100,2003,104
50264,0-16,2004,9
50264,16-64,2004,107
50264,65-100,2004,101
50264,0-16,2005,12
50264,16-64,2005,109
50264,65-100,2005,100
50264,0-16,2006,12
50264,16-64,2006,103
50264,65-100,2006,100
50264,0-16,2007,16
50264,16-64,2007,125
50264,65-100,2007,98
50264,0-16,2008,18
50264,16-64,2008,130
50264,65-100,2008,98
50264,0-16,2009,21
50264,16-64,2009,130
50264,65-100,2009,93
50264,0-16,2010,23
50264,16-64,2010,130
50264,65-100,2010,92
50264,0-16,2011,25
50264,16-64,2011,135
50264,65-100,2011,82
50264,0-16,2012,22
50264,16-64,2012,125
50264,65-100,2012,79
50264,0-16,2013,19
50264,16-64,2013,115
50264,65-100,2013,76
50264,0-16,2014,15
50264,16-64,2014,120
50264,65-100,2014,73
50264,0-16,2015,15
50264,16-64,2015,118
50264,65-100,2015,72
50264,0-16,2016,14
50264,16-64,2016,116
50264,65-100,2016,65
50264,0-16,2017,13
50264,16-64,2017,122
50264,65-100,2017,57
50264,0-16,2018,11
50264,16-64,2018,113
50264,65-100,2018,56
50264,0-16,2019,6
50264,16-64,2019,117
50264,65-100,2019,60
50264,0-16,2020,7
50264,16-64,2020,115
50264,65-100,2020,61
50264,0-16,2021,8
50264,16-64,2021,109
50264,65-100,2021,59
50264,0-16,2022,8
50264,16-64,2022,98
50264,65-100,2022,56
50265,0-16,2003,0
50265,16-64,2003,32
50265,65-100,2003,33
50265,0-16,2004,0
50265,16-64,2004,33
50265,65-100,2004,32
50265,0-16,2005,0
50265,16-64,2005,37
50265,65-100,2005,32
50265,0-16,2006,1
50265,16-64,2006,37
50265,65-100,2006,33
50265,0-16,2007,5
50265,16-64,2007,54
50265,65-100,2007,32
50265,0-16,2008,4
50265,16-64,2008,50
50265,65-100,2008,33
50265,0-16,2009,2
50265,16-64,2009,48
50265,65-100,2009,32
50265,0-16,2010,6
50265,16-64,2010,44
50265,65-100,2010,28
50265,0-16,2011,9
50265,16-64,2011,43
50265,65-100,2011,24
50265,0-16,2012,9
50265,16-64,2012,44
50265,65-100,2012,23
50265,0-16,2013,7
50265,16-64,2013,43
50265,65-100,2013,24
50265,0-16,2014,9
50265,16-64,2014,40
50265,65-100,2014,26
50265,0-16,2015,11
50265,16-64,2015,43
50265,65-100,2015,25
50265,0-16,2016,14
50265,16-64,2016,54
50265,65-100,2016,28
50265,0-16,2017,11
50265,16-64,2017,50
50265,65-100,2017,25
50265,0-16,2018,9
50265,16-64,2018,53
50265,65-100,2018,27
50265,0-16,2019,9
50265,16-64,2019,52
50265,65-100,2019,25
50265,0-16,2020,11
50265,16-64,2020,52
50265,65-100,2020,25
50265,0-16,2021,9
50265,16-64,2021,50
50265,65-100,2021,23
50265,0-16,2022,11
50265,16-64,2022,51
50265,65-100,2022,27
50266,0-16,2003,12
50266,16-64,2003,95
50266,65-100,2003,86
50266,0-16,2004,10
50266,16-64,2004,93
50266,65-100,2004,80
50266,0-16,2005,10
50266,16-64,2005,92
50266,65-100,2005,74
50266,0-16,2006,10
50266,16-64,2006,91
50266,65-100,2006,77
50266,0-16,2007,11
50266,16-64,2007,89
50266,65-100,2007,77
50266,0-16,2008,8
50266,16-64,2008,77
50266,65-100,2008,80
50266,0-16,2009,7
50266,16-64,2009,70
50266,65-100,2009,81
50266,0-16,2010,5
50266,16-64,2010,68
50266,65-100,2010,79
50266,0-16,2011,3
50266,16-64,2011,63
50266,65-100,2011,80
50266,0-16,2012,2
50266,16-64,2012,60
50266,65-100,2012,77
50266,0-16,2013,2
50266,16-64,2013,60
50266,65-100,2013,78
50266,0-16,2014,1
50266,16-64,2014,57
50266,65-100,2014,79
50266,0-16,2015,1
50266,16-64,2015,54
50266,65-100,2015,73
50266,0-16,2016,1
50266,16-64,2016,53
50266,65-100,2016,72
50266,0-16,2017,0
50266,16-64,2017,52
50266,65-100,2017,69
50266,0-16,2018,0
50266,16-64,2018,50
50266,65-100,2018,70
50266,0-16,2019,0
50266,16-64,2019,54
50266,65-100,2019,68
50266,0-16,2020,0
50266,16-64,2020,54
50266,65-100,2020,61
50266,0-16,2021,4
50266,16-64,2021,64
50266,65-100,2021,61
50266,0-16,2022,4
50266,16-64,2022,62
50266,65-100,2022,59
50267,0-16,2003,79
50267,16-64,2003,485
50267,65-100,2003,311
50267,0-16,2004,76
50267,16-64,2004,477
50267,65-100,2004,310
50267,0-16,2005,78
50267,16-64,2005,464
50267,65-100,2005,307
50267,0-16,2006,85
50267,16-64,2006,468
50267,65-100,2006,301
50267,0-16,2007,75
50267,16-64,2007,460
50267,65-100,2007,284
50267,0-16,2008,73
50267,16-64,2008,455
50267,65-100,2008,286
50267,0-16,2009,77
50267,16-64,2009,444
50267,65-100,2009,280
50267,0-16,2010,76
50267,16-64,2010,432
50267,65-100,2010,273
50267,0-16,2011,71
50267,16-64,2011,429
50267,65-100,2011,254
50267,0-16,2012,66
50267,16-64,2012,420
50267,65-100,2012,245
50267,0-16,2013,65
50267,16-64,2013,416
50267,65-100,2013,231
50267,0-16,2014,57
50267,16-64,2014,408
50267,65-100,2014,223
50267,0-16,2015,58
50267,16-64,2015,411
50267,65-100,2015,215
50267,0-16,2016,52
50267,16-64,2016,400
50267,65-100,2016,216
50267,0-16,2017,44
50267,16-64,2017,399
50267,65-100,2017,219
50267,0-16,2018,45
50267,16-64,2018,391
50267,65-100,2018,214
50267,0-16,2019,44
50267,16-64,2019,378
50267,65-100,2019,214
50267,0-16,2020,37
50267,16-64,2020,368
50267,65-100,2020,216
50267,0-16,2021,37
50267,16-64,2021,376
50267,65-100,2021,221
50267,0-16,2022,35
50267,16-64,2022,373
50267,65-100,2022,220
50268,0-16,2003,4
50268,16-64,2003,25
50268,65-100,2003,28
50268,0-16,2004,4
50268,16-64,2004,29
50268,65-100,2004,27
50268,0-16,2005,5
50268,16-64,2005,30
50268,65-100,2005,27
50268,0-16,2006,4
50268,16-64,2006,38
50268,65-100,2006,24
50268,0-16,2007,6
50268,16-64,2007,36
50268,65-100,2007,22
50268,0-16,2008,7
50268,16-64,2008,37
50268,65-100,2008,23
50268,0-16,2009,11
50268,16-64,2009,41
50268,65-100,2009,19
50268,0-16,2010,12
50268,16-64,2010,41
50268,65-100,2010,18
50268,0-16,2011,12
50268,16-64,2011,45
50268,65-100,2011,17
50268,0-16,2012,15
50268,16-64,2012,44
50268,65-100,2012,17
50268,0-16,2013,7
50268,16-64,2013,38
50268,65-100,2013,15
50268,0-16,2014,5
50268,16-64,2014,35
50268,65-100,2014,16
50268,0-16,2015,10
50268,16-64,2015,37
50268,65-100,2015,14
50268,0-16,2016,12
50268,16-64,2016,33
50268,65-100,2016,13
50268,0-16,2017,11
50268,16-64,2017,35
50268,65-100,2017,13
50268,0-16,2018,7
50268,16-64,2018,35
50268,65-100,2018,13
50268,0-16,2019,5
50268,16-64,2019,32
50268,65-100,2019,13
50268,0-16,2020,5
50268,16-64,2020,38
50268,65-100,2020,14
50268,0-16,2021,5
50268,16-64,2021,38
50268,65-100,2021,13
50268,0-16,2022,5
50268,16-64,2022,38
50268,65-100,2022,9
50269,0-16,2003,28
50269,16-64,2003,206
50269,65-100,2003,113
50269,0-16,2004,29
50269,16-64,2004,205
50269,65-100,2004,110
50269,0-16,2005,27
50269,16-64,2005,197
50269,65-100,2005,105
50269,0-16,2006,34
50269,16-64,2006,221
50269,65-100,2006,114
50269,0-16,2007,37
50269,16-64,2007,235
50269,65-100,2007,113
50269,0-16,2008,40
50269,16-64,2008,242
50269,65-100,2008,126
50269,0-16,2009,41
50269,16-64,2009,249
50269,65-100,2009,133
50269,0-16,2010,41
50269,16-64,2010,234
50269,65-100,2010,139
50269,0-16,2011,43
50269,16-64,2011,235
50269,65-100,2011,125
50269,0-16,2012,40
50269,16-64,2012,238
50269,65-100,2012,118
50269,0-16,2013,46
50269,16-64,2013,238
50269,65-100,2013,122
50269,0-16,2014,46
50269,16-64,2014,232
50269,65-100,2014,120
50269,0-16,2015,52
50269,16-64,2015,233
50269,65-100,2015,113
50269,0-16,2016,53
50269,16-64,2016,225
50269,65-100,2016,126
50269,0-16,2017,53
50269,16-64,2017,227
50269,65-100,2017,122
50269,0-16,2018,62
50269,16-64,2018,233
50269,65-100,2018,123
50269,0-16,2019,60
50269,16-64,2019,239
50269,65-100,2019,119
50269,0-16,2020,61
50269,16-64,2020,250
50269,65-100,2020,124
50269,0-16,2021,59
50269,16-64,2021,261
50269,65-100,2021,127
50269,0-16,2022,65
50269,16-64,2022,265
50269,65-100,2022,118
50270,0-16,2003,1
50270,16-64,2003,29
50270,65-100,2003,34
50270,0-16,2004,0
50270,16-64,2004,29
50270,65-100,2004,30
50270,0-16,2005,0
50270,16-64,2005,26
50270,65-100,2005,29
50270,0-16,2006,0
50270,16-64,2006,31
50270,65-100,2006,27
50270,0-16,2007,0
50270,16-64,2007,25
50270,65-100,2007,22
50270,0-16,2008,0
50270,16-64,2008,20
50270,65-100,2008,25
50270,0-16,2009,0
50270,16-64,2009,17
50270,65-100,2009,22
50270,0-16,2010,0
50270,16-64,2010,17
50270,65-100,2010,20
50270,0-16,2011,0
50270,16-64,2011,14
50270,65-100,2011,22
50270,0-16,2012,0
50270,16-64,2012,16
50270,65-100,2012,25
50270,0-16,2013,0
50270,16-64,2013,16
50270,65-100,2013,25
50270,0-16,2014,0
50270,16-64,2014,13
50270,65-100,2014,25
50270,0-16,2015,0
50270,16-64,2015,12
50270,65-100,2015,25
50270,0-16,2016,1
50270,16-64,2016,15
50270,65-100,2016,24
50270,0-16,2017,1
50270,16-64,2017,15
50270,65-100,2017,22
50270,0-16,2018,1
50270,16-64,2018,14
50270,65-100,2018,23
50270,0-16,2019,1
50270,16-64,2019,14
50270,65-100,2019,24
50270,0-16,2020,4
50270,16-64,2020,16
50270,65-100,2020,23
50270,0-16,2021,5
50270,16-64,2021,23
50270,65-100,2021,21
50270,0-16,2022,5
50270,16-64,2022,24
50270,65-100,2022,20
50271,0-16,2003,20
50271,16-64,2003,203
50271,65-100,2003,117
50271,0-16,2004,19
50271,16-64,2004,218
50271,65-100,2004,113
50271,0-16,2005,29
50271,16-64,2005,219
50271,65-100,2005,115
50271,0-16,2006,36
50271,16-64,2006,217
50271,65-100,2006,116
50271,0-16,2007,34
50271,16-64,2007,203
50271,65-100,2007,123
50271,0-16,2008,36
50271,16-64,2008,200
50271,65-100,2008,113
50271,0-16,2009,30
50271,16-64,2009,196
50271,65-100,2009,116
50271,0-16,2010,28
50271,16-64,2010,187
50271,65-100,2010,113
50271,0-16,2011,27
50271,16-64,2011,179
50271,65-100,2011,115
50271,0-16,2012,21
50271,16-64,2012,168
50271,65-100,2012,115
50271,0-16,2013,22
50271,16-64,2013,174
50271,65-100,2013,107
50271,0-16,2014,19
50271,16-64,2014,167
50271,65-100,2014,108
50271,0-16,2015,15
50271,16-64,2015,165
50271,65-100,2015,108
50271,0-16,2016,11
50271,16-64,2016,150
50271,65-100,2016,106
50271,0-16,2017,10
50271,16-64,2017,157
50271,65-100,2017,109
50271,0-16,2018,13
50271,16-64,2018,154
50271,65-100,2018,104
50271,0-16,2019,16
50271,16-64,2019,154
50271,65-100,2019,99
50271,0-16,2020,13
50271,16-64,2020,145
50271,65-100,2020,98
50271,0-16,2021,15
50271,16-64,2021,154
50271,65-100,2021,102
50271,0-16,2022,11
50271,16-64,2022,152
50271,65-100,2022,106
50272,0-16,2003,2291
50272,16-64,2003,9153
50272,65-100,2003,1156
50272,0-16,2004,2407
50272,16-64,2004,9632
50272,65-100,2004,1188
50272,0-16,2005,2591
50272,16-64,2005,10205
50272,65-100,2005,1241
50272,0-16,2006,2789
50272,16-64,2006,10849
50272,65-100,2006,1282
50272,0-16,2007,3068
50272,16-64,2007,11531
50272,65-100,2007,1313
50272,0-16,2008,3323
50272,16-64,2008,12273
50272,65-100,2008,1370
50272,0-16,2009,3514
50272,16-64,2009,12735
50272,65-100,2009,1428
50272,0-16,2010,3702
50272,16-64,2010,12789
50272,65-100,2010,1508
50272,0-16,2011,3822
50272,16-64,2011,12784
50272,65-100,2011,1598
50272,0-16,2012,3853
50272,16-64,2012,12752
50272,65-100,2012,1676
50272,0-16,2013,3959
50272,16-64,2013,12658
50272,65-100,2013,1719
50272,0-16,2014,4007
50272,16-64,2014,12631
50272,65-100,2014,1791
50272,0-16,2015,3992
50272,16-64,2015,12509
50272,65-100,2015,1929
50272,0-16,2016,3952
50272,16-64,2016,12532
50272,65-100,2016,1982
50272,0-16,2017,3962
50272,16-64,2017,12562
50272,65-100,2017,2069
50272,0-16,2018,3932
50272,16-64,2018,12470
50272,65-100,2018,2200
50272,0-16,2019,3882
50272,16-64,2019,12505
50272,65-100,2019,2304
50272,0-16,2020,3773
50272,16-64,2020,12654
50272,65-100,2020,2395
50272,0-16,2021,3625
50272,16-64,2021,12803
50272,65-100,2021,2428
50272,0-16,2022,3546
50272,16-64,2022,12768
50272,65-100,2022,2567
50273,0-16,2003,0
50273,16-64,2003,20
50273,65-100,2003,33
50273,0-16,2004,0
50273,16-64,2004,20
50273,65-100,2004,31
50273,0-16,2005,0
50273,16-64,2005,17
50273,65-100,2005,29
50273,0-16,2006,0
50273,16-64,2006,16
50273,65-100,2006,28
50273,0-16,2007,0
50273,16-64,2007,16
50273,65-100,2007,30
50273,0-16,2008,0
50273,16-64,2008,13
50273,65-100,2008,29
50273,0-16,2009,0
50273,16-64,2009,13
50273,65-100,2009,25
50273,0-16,2010,0
50273,16-64,2010,11
50273,65-100,2010,24
50273,0-16,2011,1
50273,16-64,2011,11
50273,65-100,2011,24
50273,0-16,2012,0
50273,16-64,2012,10
50273,65-100,2012,23
50273,0-16,2013,0
50273,16-64,2013,10
50273,65-100,2013,19
50273,0-16,2014,0
50273,16-64,2014,9
50273,65-100,2014,18
50273,0-16,2015,0
50273,16-64,2015,12
50273,65-100,2015,18
50273,0-16,2016,0
50273,16-64,2016,12
50273,65-100,2016,16
50273,0-16,2017,0
50273,16-64,2017,15
50273,65-100,2017,15
50273,0-16,2018,0
50273,16-64,2018,14
50273,65-100,2018,16
50273,0-16,2019,0
50273,16-64,2019,16
50273,65-100,2019,17
50273,0-16,2020,0
50273,16-64,2020,18
50273,65-100,2020,15
50273,0-16,2021,0
50273,16-64,2021,18
50273,65-100,2021,11
50273,0-16,2022,0
50273,16-64,2022,17
50273,65-100,2022,10
50274,0-16,2003,3
50274,16-64,2003,52
50274,65-100,2003,30
50274,0-16,2004,3
50274,16-64,2004,51
50274,65-100,2004,30
50274,0-16,2005,1
50274,16-64,2005,51
50274,65-100,2005,32
50274,0-16,2006,1
50274,16-64,2006,50
50274,65-100,2006,36
50274,0-16,2007,3
50274,16-64,2007,51
50274,65-100,2007,35
50274,0-16,2008,3
50274,16-64,2008,53
50274,65-100,2008,32
50274,0-16,2009,1
50274,16-64,2009,50
50274,65-100,2009,34
50274,0-16,2010,0
50274,16-64,2010,50
50274,65-100,2010,29
50274,0-16,2011,0
50274,16-64,2011,50
50274,65-100,2011,30
50274,0-16,2012,0
50274,16-64,2012,49
50274,65-100,2012,28
50274,0-16,2013,0
50274,16-64,2013,48
50274,65-100,2013,28
50274,0-16,2014,0
50274,16-64,2014,46
50274,65-100,2014,25
50274,0-16,2015,0
50274,16-64,2015,45
50274,65-100,2015,25
50274,0-16,2016,0
50274,16-64,2016,45
50274,65-100,2016,25
50274,0-16,2017,0
50274,16-64,2017,41
50274,65-100,2017,24
50274,0-16,2018,0
50274,16-64,2018,39
50274,65-100,2018,25
50274,0-16,2019,0
50274,16-64,2019,41
50274,65-100,2019,25
50274,0-16,2020,0
50274,16-64,2020,38
50274,65-100,2020,23
50274,0-16,2021,0
50274,16-64,2021,36
50274,65-100,2021,23
50274,0-16,2022,1
50274,16-64,2022,34
50274,65-100,2022,25
50275,0-16,2003,10
50275,16-64,2003,54
50275,65-100,2003,37
50275,0-16,2004,9
50275,16-64,2004,55
50275,65-100,2004,36
50275,0-16,2005,9
50275,16-64,2005,47
50275,65-100,2005,36
50275,0-16,2006,7
50275,16-64,2006,51
50275,65-100,2006,32
50275,0-16,2007,6
50275,16-64,2007,59
50275,65-100,2007,31
50275,0-16,2008,4
50275,16-64,2008,68
50275,65-100,2008,31
50275,0-16,2009,5
50275,16-64,2009,67
50275,65-100,2009,30
50275,0-16,2010,5
50275,16-64,2010,73
50275,65-100,2010,31
50275,0-16,2011,6
50275,16-64,2011,68
50275,65-100,2011,32
50275,0-16,2012,5
50275,16-64,2012,74
50275,65-100,2012,32
50275,0-16,2013,13
50275,16-64,2013,81
50275,65-100,2013,44
50275,0-16,2014,14
50275,16-64,2014,78
50275,65-100,2014,49
50275,0-16,2015,12
50275,16-64,2015,71
50275,65-100,2015,45
50275,0-16,2016,9
50275,16-64,2016,66
50275,65-100,2016,47
50275,0-16,2017,8
50275,16-64,2017,60
50275,65-100,2017,56
50275,0-16,2018,6
50275,16-64,2018,53
50275,65-100,2018,53
50275,0-16,2019,5
50275,16-64,2019,54
50275,65-100,2019,58
50275,0-16,2020,3
50275,16-64,2020,54
50275,65-100,2020,55
50275,0-16,2021,2
50275,16-64,2021,51
50275,65-100,2021,45
50275,0-16,2022,2
50275,16-64,2022,57
50275,65-100,2022,51
50276,0-16,2003,13
50276,16-64,2003,88
50276,65-100,2003,68
50276,0-16,2004,14
50276,16-64,2004,90
50276,65-100,2004,64
50276,0-16,2005,15
50276,16-64,2005,90
50276,65-100,2005,61
50276,0-16,2006,13
50276,16-64,2006,91
50276,65-100,2006,63
50276,0-16,2007,9
50276,16-64,2007,92
50276,65-100,2007,65
50276,0-16,2008,8
50276,16-64,2008,91
50276,65-100,2008,66
50276,0-16,2009,7
50276,16-64,2009,90
50276,65-100,2009,63
50276,0-16,2010,6
50276,16-64,2010,90
50276,65-100,2010,59
50276,0-16,2011,6
50276,16-64,2011,98
50276,65-100,2011,60
50276,0-16,2012,5
50276,16-64,2012,99
50276,65-100,2012,57
50276,0-16,2013,2
50276,16-64,2013,94
50276,65-100,2013,55
50276,0-16,2014,2
50276,16-64,2014,91
50276,65-100,2014,51
50276,0-16,2015,1
50276,16-64,2015,91
50276,65-100,2015,50
50276,0-16,2016,2
50276,16-64,2016,93
50276,65-100,2016,52
50276,0-16,2017,2
50276,16-64,2017,83
50276,65-100,2017,50
50276,0-16,2018,3
50276,16-64,2018,87
50276,65-100,2018,52
50276,0-16,2019,3
50276,16-64,2019,85
50276,65-100,2019,52
50276,0-16,2020,2
50276,16-64,2020,85
50276,65-100,2020,50
50276,0-16,2021,3
50276,16-64,2021,80
50276,65-100,2021,52
50276,0-16,2022,2
50276,16-64,2022,77
50276,65-100,2022,55
50277,0-16,2003,5
50277,16-64,2003,46
50277,65-100,2003,50
50277,0-16,2004,4
50277,16-64,2004,55
50277,65-100,2004,50
50277,0-16,2005,6
50277,16-64,2005,55
50277,65-100,2005,49
50277,0-16,2006,6
50277,16-64,2006,57
50277,65-100,2006,46
50277,0-16,2007,10
50277,16-64,2007,59
50277,65-100,2007,48
50277,0-16,2008,10
50277,16-64,2008,57
50277,65-100,2008,47
50277,0-16,2009,11
50277,16-64,2009,56
50277,65-100,2009,47
50277,0-16,2010,11
50277,16-64,2010,56
50277,65-100,2010,47
50277,0-16,2011,6
50277,16-64,2011,43
50277,65-100,2011,46
50277,0-16,2012,9
50277,16-64,2012,47
50277,65-100,2012,45
50277,0-16,2013,9
50277,16-64,2013,41
50277,65-100,2013,42
50277,0-16,2014,8
50277,16-64,2014,37
50277,65-100,2014,42
50277,0-16,2015,4
50277,16-64,2015,27
50277,65-100,2015,35
50277,0-16,2016,5
50277,16-64,2016,36
50277,65-100,2016,32
50277,0-16,2017,2
50277,16-64,2017,34
50277,65-100,2017,28
50277,0-16,2018,5
50277,16-64,2018,34
50277,65-100,2018,29
50277,0-16,2019,5
50277,16-64,2019,28
50277,65-100,2019,28
50277,0-16,2020,6
50277,16-64,2020,31
50277,65-100,2020,24
50277,0-16,2021,5
50277,16-64,2021,37
50277,65-100,2021,21
50277,0-16,2022,5
50277,16-64,2022,40
50277,65-100,2022,19
50278,0-16,2003,23
50278,16-64,2003,144
50278,65-100,2003,82
50278,0-16,2004,26
50278,16-64,2004,147
50278,65-100,2004,83
50278,0-16,2005,22
50278,16-64,2005,154
50278,65-100,2005,79
50278,0-16,2006,29
50278,16-64,2006,153
50278,65-100,2006,78
50278,0-16,2007,25
50278,16-64,2007,150
50278,65-100,2007,73
50278,0-16,2008,28
50278,16-64,2008,155
50278,65-100,2008,67
50278,0-16,2009,36
50278,16-64,2009,162
50278,65-100,2009,63
50278,0-16,2010,38
50278,16-64,2010,154
50278,65-100,2010,62
50278,0-16,2011,33
50278,16-64,2011,150
50278,65-100,2011,62
50278,0-16,2012,29
50278,16-64,2012,146
50278,65-100,2012,68
50278,0-16,2013,31
50278,16-64,2013,146
50278,65-100,2013,66
50278,0-16,2014,34
50278,16-64,2014,143
50278,65-100,2014,64
50278,0-16,2015,38
50278,16-64,2015,147
50278,65-100,2015,65
50278,0-16,2016,32
50278,16-64,2016,136
50278,65-100,2016,63
50278,0-16,2017,32
50278,16-64,2017,132
50278,65-100,2017,60
50278,0-16,2018,29
50278,16-64,2018,126
50278,65-100,2018,60
50278,0-16,2019,32
50278,16-64,2019,126
50278,65-100,2019,57
50278,0-16,2020,24
50278,16-64,2020,118
50278,65-100,2020,61
50278,0-16,2021,21
50278,16-64,2021,121
50278,65-100,2021,61
50278,0-16,2022,19
50278,16-64,2022,120
50278,65-100,2022,61
50279,0-16,2003,6
50279,16-64,2003,39
50279,65-100,2003,72
50279,0-16,2004,6
50279,16-64,2004,37
50279,65-100,2004,71
50279,0-16,2005,5
50279,16-64,2005,35
50279,65-100,2005,69
50279,0-16,2006,5
50279,16-64,2006,31
50279,65-100,2006,68
50279,0-16,2007,4
50279,16-64,2007,27
50279,65-100,2007,64
50279,0-16,2008,10
50279,16-64,2008,37
50279,65-100,2008,61
50279,0-16,2009,7
50279,16-64,2009,37
50279,65-100,2009,60
50279,0-16,2010,7
50279,16-64,2010,36
50279,65-100,2010,59
50279,0-16,2011,7
50279,16-64,2011,33
50279,65-100,2011,59
50279,0-16,2012,13
50279,16-64,2012,47
50279,65-100,2012,55
50279,0-16,2013,11
50279,16-64,2013,51
50279,65-100,2013,54
50279,0-16,2014,16
50279,16-64,2014,67
50279,65-100,2014,45
50279,0-16,2015,13
50279,16-64,2015,62
50279,65-100,2015,45
50279,0-16,2016,11
50279,16-64,2016,63
50279,65-100,2016,40
50279,0-16,2017,8
50279,16-64,2017,57
50279,65-100,2017,35
50279,0-16,2018,4
50279,16-64,2018,49
50279,65-100,2018,37
50279,0-16,2019,4
50279,16-64,2019,48
50279,65-100,2019,35
50279,0-16,2020,4
50279,16-64,2020,49
50279,65-100,2020,28
50279,0-16,2021,2
50279,16-64,2021,48
50279,65-100,2021,26
50279,0-16,2022,2
50279,16-64,2022,46
50279,65-100,2022,23
50280,0-16,2003,31
50280,16-64,2003,247
50280,65-100,2003,170
50280,0-16,2004,27
50280,16-64,2004,248
50280,65-100,2004,157
50280,0-16,2005,27
50280,16-64,2005,246
50280,65-100,2005,165
50280,0-16,2006,30
50280,16-64,2006,242
50280,65-100,2006,159
50280,0-16,2007,28
50280,16-64,2007,250
50280,65-100,2007,163
50280,0-16,2008,22
50280,16-64,2008,244
50280,65-100,2008,158
50280,0-16,2009,24
50280,16-64,2009,246
50280,65-100,2009,155
50280,0-16,2010,26
50280,16-64,2010,236
50280,65-100,2010,157
50280,0-16,2011,24
50280,16-64,2011,237
50280,65-100,2011,144
50280,0-16,2012,24
50280,16-64,2012,233
50280,65-100,2012,141
50280,0-16,2013,27
50280,16-64,2013,236
50280,65-100,2013,143
50280,0-16,2014,27
50280,16-64,2014,228
50280,65-100,2014,137
50280,0-16,2015,28
50280,16-64,2015,226
50280,65-100,2015,134
50280,0-16,2016,30
50280,16-64,2016,218
50280,65-100,2016,135
50280,0-16,2017,26
50280,16-64,2017,217
50280,65-100,2017,132
50280,0-16,2018,24
50280,16-64,2018,202
50280,65-100,2018,134
50280,0-16,2019,25
50280,16-64,2019,186
50280,65-100,2019,127
50280,0-16,2020,19
50280,16-64,2020,180
50280,65-100,2020,123
50280,0-16,2021,16
50280,16-64,2021,183
50280,65-100,2021,115
50280,0-16,2022,15
50280,16-64,2022,185
50280,65-100,2022,116
50281,0-16,2003,14
50281,16-64,2003,45
50281,65-100,2003,44
50281,0-16,2004,12
50281,16-64,2004,42
50281,65-100,2004,44
50281,0-16,2005,14
50281,16-64,2005,41
50281,65-100,2005,43
50281,0-16,2006,14
50281,16-64,2006,46
50281,65-100,2006,41
50281,0-16,2007,12
50281,16-64,2007,52
50281,65-100,2007,39
50281,0-16,2008,12
50281,16-64,2008,51
50281,65-100,2008,40
50281,0-16,2009,15
50281,16-64,2009,47
50281,65-100,2009,33
50281,0-16,2010,15
50281,16-64,2010,51
50281,65-100,2010,38
50281,0-16,2011,15
50281,16-64,2011,46
50281,65-100,2011,36
50281,0-16,2012,16
50281,16-64,2012,47
50281,65-100,2012,35
50281,0-16,2013,15
50281,16-64,2013,45
50281,65-100,2013,31
50281,0-16,2014,16
50281,16-64,2014,56
50281,65-100,2014,33
50281,0-16,2015,15
50281,16-64,2015,48
50281,65-100,2015,33
50281,0-16,2016,10
50281,16-64,2016,46
50281,65-100,2016,29
50281,0-16,2017,6
50281,16-64,2017,43
50281,65-100,2017,24
50281,0-16,2018,5
50281,16-64,2018,42
50281,65-100,2018,27
50281,0-16,2019,6
50281,16-64,2019,44
50281,65-100,2019,27
50281,0-16,2020,6
50281,16-64,2020,49
50281,65-100,2020,27
50281,0-16,2021,5
50281,16-64,2021,53
50281,65-100,2021,25
50281,0-16,2022,4
50281,16-64,2022,54
50281,65-100,2022,22
50282,0-16,2003,0
50282,16-64,2003,59
50282,65-100,2003,52
50282,0-16,2004,2
50282,16-64,2004,56
50282,65-100,2004,49
50282,0-16,2005,3
50282,16-64,2005,57
50282,65-100,2005,49
50282,0-16,2006,4
50282,16-64,2006,56
50282,65-100,2006,43
50282,0-16,2007,4
50282,16-64,2007,66
50282,65-100,2007,46
50282,0-16,2008,4
50282,16-64,2008,72
50282,65-100,2008,41
50282,0-16,2009,4
50282,16-64,2009,68
50282,65-100,2009,38
50282,0-16,2010,6
50282,16-64,2010,70
50282,65-100,2010,38
50282,0-16,2011,8
50282,16-64,2011,74
50282,65-100,2011,37
50282,0-16,2012,6
50282,16-64,2012,72
50282,65-100,2012,33
50282,0-16,2013,8
50282,16-64,2013,68
50282,65-100,2013,33
50282,0-16,2014,6
50282,16-64,2014,63
50282,65-100,2014,37
50282,0-16,2015,4
50282,16-64,2015,72
50282,65-100,2015,35
50282,0-16,2016,5
50282,16-64,2016,61
50282,65-100,2016,34
50282,0-16,2017,4
50282,16-64,2017,49
50282,65-100,2017,35
50282,0-16,2018,3
50282,16-64,2018,43
50282,65-100,2018,31
50282,0-16,2019,2
50282,16-64,2019,39
50282,65-100,2019,31
50282,0-16,2020,2
50282,16-64,2020,31
50282,65-100,2020,29
50282,0-16,2021,7
50282,16-64,2021,36
50282,65-100,2021,28
50282,0-16,2022,8
50282,16-64,2022,34
50282,65-100,2022,23
50283,0-16,2003,3
50283,16-64,2003,45
50283,65-100,2003,31
50283,0-16,2004,8
50283,16-64,2004,52
50283,65-100,2004,28
50283,0-16,2005,10
50283,16-64,2005,57
50283,65-100,2005,31
50283,0-16,2006,10
50283,16-64,2006,54
50283,65-100,2006,33
50283,0-16,2007,8
50283,16-64,2007,46
50283,65-100,2007,37
50283,0-16,2008,9
50283,16-64,2008,41
50283,65-100,2008,36
50283,0-16,2009,10
50283,16-64,2009,44
50283,65-100,2009,34
50283,0-16,2010,9
50283,16-64,2010,42
50283,65-100,2010,32
50283,0-16,2011,9
50283,16-64,2011,42
50283,65-100,2011,33
50283,0-16,2012,8
50283,16-64,2012,45
50283,65-100,2012,34
50283,0-16,2013,10
50283,16-64,2013,47
50283,65-100,2013,36
50283,0-16,2014,10
50283,16-64,2014,47
50283,65-100,2014,37
50283,0-16,2015,6
50283,16-64,2015,45
50283,65-100,2015,39
50283,0-16,2016,7
50283,16-64,2016,38
50283,65-100,2016,37
50283,0-16,2017,9
50283,16-64,2017,44
50283,65-100,2017,37
50283,0-16,2018,9
50283,16-64,2018,45
50283,65-100,2018,34
50283,0-16,2019,13
50283,16-64,2019,47
50283,65-100,2019,32
50283,0-16,2020,12
50283,16-64,2020,52
50283,65-100,2020,31
50283,0-16,2021,10
50283,16-64,2021,50
50283,65-100,2021,30
50283,0-16,2022,11
50283,16-64,2022,53
50283,65-100,2022,26
50284,0-16,2003,16
50284,16-64,2003,105
50284,65-100,2003,114
50284,0-16,2004,19
50284,16-64,2004,96
50284,65-100,2004,111
50284,0-16,2005,19
50284,16-64,2005,90
50284,65-100,2005,111
50284,0-16,2006,17
50284,16-64,2006,82
50284,65-100,2006,108
50284,0-16,2007,15
50284,16-64,2007,81
50284,65-100,2007,103
50284,0-16,2008,13
50284,16-64,2008,76
50284,65-100,2008,98
50284,0-16,2009,14
50284,16-64,2009,69
50284,65-100,2009,102
50284,0-16,2010,19
50284,16-64,2010,84
50284,65-100,2010,97
50284,0-16,2011,22
50284,16-64,2011,107
50284,65-100,2011,96
50284,0-16,2012,21
50284,16-64,2012,90
50284,65-100,2012,98
50284,0-16,2013,21
50284,16-64,2013,89
50284,65-100,2013,96
50284,0-16,2014,22
50284,16-64,2014,89
50284,65-100,2014,89
50284,0-16,2015,16
50284,16-64,2015,93
50284,65-100,2015,86
50284,0-16,2016,16
50284,16-64,2016,86
50284,65-100,2016,82
50284,0-16,2017,14
50284,16-64,2017,80
50284,65-100,2017,74
50284,0-16,2018,11
50284,16-64,2018,89
50284,65-100,2018,70
50284,0-16,2019,12
50284,16-64,2019,94
50284,65-100,2019,60
50284,0-16,2020,7
50284,16-64,2020,89
50284,65-100,2020,58
50284,0-16,2021,6
50284,16-64,2021,85
50284,65-100,2021,56
50284,0-16,2022,6
50284,16-64,2022,94
50284,65-100,2022,54
50285,0-16,2003,92
50285,16-64,2003,396
50285,65-100,2003,184
50285,0-16,2004,93
50285,16-64,2004,406
50285,65-100,2004,185
50285,0-16,2005,97
50285,16-64,2005,426
50285,65-100,2005,211
50285,0-16,2006,98
50285,16-64,2006,434
50285,65-100,2006,201
50285,0-16,2007,98
50285,16-64,2007,434
50285,65-100,2007,203
50285,0-16,2008,108
50285,16-64,2008,456
50285,65-100,2008,186
50285,0-16,2009,112
50285,16-64,2009,480
50285,65-100,2009,185
50285,0-16,2010,120
50285,16-64,2010,514
50285,65-100,2010,203
50285,0-16,2011,123
50285,16-64,2011,509
50285,65-100,2011,205
50285,0-16,2012,123
50285,16-64,2012,511
50285,65-100,2012,200
50285,0-16,2013,124
50285,16-64,2013,516
50285,65-100,2013,194
50285,0-16,2014,125
50285,16-64,2014,504
50285,65-100,2014,191
50285,0-16,2015,122
50285,16-64,2015,524
50285,65-100,2015,190
50285,0-16,2016,121
50285,16-64,2016,518
50285,65-100,2016,190
50285,0-16,2017,120
50285,16-64,2017,517
50285,65-100,2017,184
50285,0-16,2018,117
50285,16-64,2018,535
50285,65-100,2018,178
50285,0-16,2019,114
50285,16-64,2019,537
50285,65-100,2019,182
50285,0-16,2020,113
50285,16-64,2020,538
50285,65-100,2020,187
50285,0-16,2021,113
50285,16-64,2021,554
50285,65-100,2021,181
50285,0-16,2022,109
50285,16-64,2022,564
50285,65-100,2022,175
50286,0-16,2003,11
50286,16-64,2003,69
50286,65-100,2003,35
50286,0-16,2004,12
50286,16-64,2004,76
50286,65-100,2004,35
50286,0-16,2005,10
50286,16-64,2005,77
50286,65-100,2005,36
50286,0-16,2006,9
50286,16-64,2006,78
50286,65-100,2006,34
50286,0-16,2007,8
50286,16-64,2007,76
50286,65-100,2007,33
50286,0-16,2008,8
50286,16-64,2008,76
50286,65-100,2008,30
50286,0-16,2009,9
50286,16-64,2009,72
50286,65-100,2009,30
50286,0-16,2010,6
50286,16-64,2010,77
50286,65-100,2010,29
50286,0-16,2011,10
50286,16-64,2011,72
50286,65-100,2011,31
50286,0-16,2012,10
50286,16-64,2012,66
50286,65-100,2012,33
50286,0-16,2013,9
50286,16-64,2013,70
50286,65-100,2013,29
50286,0-16,2014,10
50286,16-64,2014,63
50286,65-100,2014,29
50286,0-16,2015,11
50286,16-64,2015,59
50286,65-100,2015,28
50286,0-16,2016,11
50286,16-64,2016,57
50286,65-100,2016,31
50286,0-16,2017,8
50286,16-64,2017,53
50286,65-100,2017,32
50286,0-16,2018,10
50286,16-64,2018,58
50286,65-100,2018,31
50286,0-16,2019,8
50286,16-64,2019,57
50286,65-100,2019,31
50286,0-16,2020,8
50286,16-64,2020,55
50286,65-100,2020,33
50286,0-16,2021,10
50286,16-64,2021,54
50286,65-100,2021,36
50286,0-16,2022,16
50286,16-64,2022,51
50286,65-100,2022,33
50287,0-16,2003,36
50287,16-64,2003,228
50287,65-100,2003,138
50287,0-16,2004,37
50287,16-64,2004,228
50287,65-100,2004,130
50287,0-16,2005,38
50287,16-64,2005,230
50287,65-100,2005,128
50287,0-16,2006,34
50287,16-64,2006,221
50287,65-100,2006,123
50287,0-16,2007,40
50287,16-64,2007,228
50287,65-100,2007,121
50287,0-16,2008,36
50287,16-64,2008,228
50287,65-100,2008,123
50287,0-16,2009,30
50287,16-64,2009,235
50287,65-100,2009,122
50287,0-16,2010,31
50287,16-64,2010,236
50287,65-100,2010,124
50287,0-16,2011,33
50287,16-64,2011,239
50287,65-100,2011,118
50287,0-16,2012,35
50287,16-64,2012,240
50287,65-100,2012,111
50287,0-16,2013,37
50287,16-64,2013,232
50287,65-100,2013,107
50287,0-16,2014,33
50287,16-64,2014,223
50287,65-100,2014,104
50287,0-16,2015,28
50287,16-64,2015,223
50287,65-100,2015,97
50287,0-16,2016,29
50287,16-64,2016,209
50287,65-100,2016,98
50287,0-16,2017,24
50287,16-64,2017,201
50287,65-100,2017,99
50287,0-16,2018,26
50287,16-64,2018,198
50287,65-100,2018,95
50287,0-16,2019,24
50287,16-64,2019,196
50287,65-100,2019,93
50287,0-16,2020,22
50287,16-64,2020,178
50287,65-100,2020,93
50287,0-16,2021,21
50287,16-64,2021,176
50287,65-100,2021,94
50287,0-16,2022,23
50287,16-64,2022,172
50287,65-100,2022,92
50288,0-16,2003,630
50288,16-64,2003,2291
50288,65-100,2003,567
50288,0-16,2004,671
50288,16-64,2004,2428
50288,65-100,2004,563
50288,0-16,2005,693
50288,16-64,2005,2537
50288,65-100,2005,560
50288,0-16,2006,725
50288,16-64,2006,2605
50288,65-100,2006,573
50288,0-16,2007,789
50288,16-64,2007,2669
50288,65-100,2007,555
50288,0-16,2008,807
50288,16-64,2008,2732
50288,65-100,2008,562
50288,0-16,2009,855
50288,16-64,2009,2822
50288,65-100,2009,578
50288,0-16,2010,863
50288,16-64,2010,2911
50288,65-100,2010,602
50288,0-16,2011,905
50288,16-64,2011,3008
50288,65-100,2011,613
50288,0-16,2012,935
50288,16-64,2012,3043
50288,65-100,2012,633
50288,0-16,2013,927
50288,16-64,2013,3022
50288,65-100,2013,657
50288,0-16,2014,909
50288,16-64,2014,3027
50288,65-100,2014,680
50288,0-16,2015,903
50288,16-64,2015,3025
50288,65-100,2015,686
50288,0-16,2016,901
50288,16-64,2016,3083
50288,65-100,2016,694
50288,0-16,2017,870
50288,16-64,2017,3088
50288,65-100,2017,698
50288,0-16,2018,855
50288,16-64,2018,3104
50288,65-100,2018,702
50288,0-16,2019,846
50288,16-64,2019,3166
50288,65-100,2019,708
50288,0-16,2020,818
50288,16-64,2020,3180
50288,65-100,2020,730
50288,0-16,2021,805
50288,16-64,2021,3177
50288,65-100,2021,743
50288,0-16,2022,791
50288,16-64,2022,3213
50288,65-100,2022,765
50289,0-16,2003,4
50289,16-64,2003,42
50289,65-100,2003,47
50289,0-16,2004,2
50289,16-64,2004,38
50289,65-100,2004,45
50289,0-16,2005,2
50289,16-64,2005,32
50289,65-100,2005,48
50289,0-16,2006,2
50289,16-64,2006,27
50289,65-100,2006,48
50289,0-16,2007,4
50289,16-64,2007,39
50289,65-100,2007,46
50289,0-16,2008,2
50289,16-64,2008,35
50289,65-100,2008,46
50289,0-16,2009,1
50289,16-64,2009,30
50289,65-100,2009,43
50289,0-16,2010,1
50289,16-64,2010,28
50289,65-100,2010,40
50289,0-16,2011,0
50289,16-64,2011,31
50289,65-100,2011,47
50289,0-16,2012,0
50289,16-64,2012,21
50289,65-100,2012,39
50289,0-16,2013,0
50289,16-64,2013,19
50289,65-100,2013,38
50289,0-16,2014,0
50289,16-64,2014,20
50289,65-100,2014,32
50289,0-16,2015,0
50289,16-64,2015,24
50289,65-100,2015,33
50289,0-16,2016,0
50289,16-64,2016,24
50289,65-100,2016,33
50289,0-16,2017,0
50289,16-64,2017,24
50289,65-100,2017,28
50289,0-16,2018,0
50289,16-64,2018,22
50289,65-100,2018,24
50289,0-16,2019,1
50289,16-64,2019,27
50289,65-100,2019,26
50289,0-16,2020,0
50289,16-64,2020,29
50289,65-100,2020,23
50289,0-16,2021,0
50289,16-64,2021,28
50289,65-100,2021,29
50289,0-16,2022,2
50289,16-64,2022,36
50289,65-100,2022,30
50290,0-16,2003,52
50290,16-64,2003,292
50290,65-100,2003,241
50290,0-16,2004,55
50290,16-64,2004,288
50290,65-100,2004,231
50290,0-16,2005,51
50290,16-64,2005,297
50290,65-100,2005,226
50290,0-16,2006,58
50290,16-64,2006,303
50290,65-100,2006,229
50290,0-16,2007,55
50290,16-64,2007,302
50290,65-100,2007,220
50290,0-16,2008,62
50290,16-64,2008,321
50290,65-100,2008,216
50290,0-16,2009,59
50290,16-64,2009,316
50290,65-100,2009,213
50290,0-16,2010,57
50290,16-64,2010,302
50290,65-100,2010,203
50290,0-16,2011,53
50290,16-64,2011,308
50290,65-100,2011,199
50290,0-16,2012,53
50290,16-64,2012,312
50290,65-100,2012,194
50290,0-16,2013,47
50290,16-64,2013,302
50290,65-100,2013,185
50290,0-16,2014,40
50290,16-64,2014,295
50290,65-100,2014,176
50290,0-16,2015,38
50290,16-64,2015,281
50290,65-100,2015,172
50290,0-16,2016,36
50290,16-64,2016,274
50290,65-100,2016,163
50290,0-16,2017,38
50290,16-64,2017,270
50290,65-100,2017,154
50290,0-16,2018,36
50290,16-64,2018,274
50290,65-100,2018,153
50290,0-16,2019,36
50290,16-64,2019,267
50290,65-100,2019,140
50290,0-16,2020,30
50290,16-64,2020,267
50290,65-100,2020,137
50290,0-16,2021,24
50290,16-64,2021,254
50290,65-100,2021,134
50290,0-16,2022,21
50290,16-64,2022,248
50290,65-100,2022,120
50291,0-16,2003,6
50291,16-64,2003,73
50291,65-100,2003,61
50291,0-16,2004,5
50291,16-64,2004,78
50291,65-100,2004,60
50291,0-16,2005,4
50291,16-64,2005,79
50291,65-100,2005,59
50291,0-16,2006,6
50291,16-64,2006,74
50291,65-100,2006,59
50291,0-16,2007,7
50291,16-64,2007,64
50291,65-100,2007,58
50291,0-16,2008,6
50291,16-64,2008,67
50291,65-100,2008,57
50291,0-16,2009,6
50291,16-64,2009,61
50291,65-100,2009,54
50291,0-16,2010,6
50291,16-64,2010,60
50291,65-100,2010,54
50291,0-16,2011,8
50291,16-64,2011,59
50291,65-100,2011,53
50291,0-16,2012,8
50291,16-64,2012,58
50291,65-100,2012,48
50291,0-16,2013,6
50291,16-64,2013,57
50291,65-100,2013,50
50291,0-16,2014,6
50291,16-64,2014,56
50291,65-100,2014,49
50291,0-16,2015,9
50291,16-64,2015,57
50291,65-100,2015,47
50291,0-16,2016,11
50291,16-64,2016,56
50291,65-100,2016,43
50291,0-16,2017,8
50291,16-64,2017,52
50291,65-100,2017,42
50291,0-16,2018,9
50291,16-64,2018,54
50291,65-100,2018,39
50291,0-16,2019,7
50291,16-64,2019,57
50291,65-100,2019,42
50291,0-16,2020,9
50291,16-64,2020,59
50291,65-100,2020,45
50291,0-16,2021,10
50291,16-64,2021,74
50291,65-100,2021,46
50291,0-16,2022,13
50291,16-64,2022,84
50291,65-100,2022,44
50292,0-16,2003,22
50292,16-64,2003,107
50292,65-100,2003,60
50292,0-16,2004,25
50292,16-64,2004,105
50292,65-100,2004,63
50292,0-16,2005,24
50292,16-64,2005,120
50292,65-100,2005,64
50292,0-16,2006,22
50292,16-64,2006,113
50292,65-100,2006,60
50292,0-16,2007,24
50292,16-64,2007,112
50292,65-100,2007,63
50292,0-16,2008,22
50292,16-64,2008,120
50292,65-100,2008,61
50292,0-16,2009,22
50292,16-64,2009,119
50292,65-100,2009,61
50292,0-16,2010,20
50292,16-64,2010,122
50292,65-100,2010,60
50292,0-16,2011,27
50292,16-64,2011,144
50292,65-100,2011,59
50292,0-16,2012,27
50292,16-64,2012,148
50292,65-100,2012,55
50292,0-16,2013,24
50292,16-64,2013,140
50292,65-100,2013,55
50292,0-16,2014,29
50292,16-64,2014,158
50292,65-100,2014,54
50292,0-16,2015,26
50292,16-64,2015,161
50292,65-100,2015,60
50292,0-16,2016,28
50292,16-64,2016,162
50292,65-100,2016,52
50292,0-16,2017,33
50292,16-64,2017,178
50292,65-100,2017,49
50292,0-16,2018,33
50292,16-64,2018,190
50292,65-100,2018,51
50292,0-16,2019,37
50292,16-64,2019,185
50292,65-100,2019,52
50292,0-16,2020,35
50292,16-64,2020,186
50292,65-100,2020,52
50292,0-16,2021,37
50292,16-64,2021,184
50292,65-100,2021,51
50292,0-16,2022,39
50292,16-64,2022,175
50292,65-100,2022,52
50293,0-16,2003,48
50293,16-64,2003,309
50293,65-100,2003,275
50293,0-16,2004,45
50293,16-64,2004,308
50293,65-100,2004,269
50293,0-16,2005,45
50293,16-64,2005,314
50293,65-100,2005,265
50293,0-16,2006,48
50293,16-64,2006,307
50293,65-100,2006,256
50293,0-16,2007,50
50293,16-64,2007,303
50293,65-100,2007,247
50293,0-16,2008,57
50293,16-64,2008,306
50293,65-100,2008,246
50293,0-16,2009,48
50293,16-64,2009,294
50293,65-100,2009,243
50293,0-16,2010,43
50293,16-64,2010,277
50293,65-100,2010,245
50293,0-16,2011,46
50293,16-64,2011,288
50293,65-100,2011,241
50293,0-16,2012,43
50293,16-64,2012,281
50293,65-100,2012,229
50293,0-16,2013,42
50293,16-64,2013,270
50293,65-100,2013,223
50293,0-16,2014,37
50293,16-64,2014,269
50293,65-100,2014,215
50293,0-16,2015,34
50293,16-64,2015,258
50293,65-100,2015,211
50293,0-16,2016,29
50293,16-64,2016,253
50293,65-100,2016,196
50293,0-16,2017,28
50293,16-64,2017,249
50293,65-100,2017,190
50293,0-16,2018,29
50293,16-64,2018,247
50293,65-100,2018,190
50293,0-16,2019,28
50293,16-64,2019,230
50293,65-100,2019,188
50293,0-16,2020,24
50293,16-64,2020,229
50293,65-100,2020,182
50293,0-16,2021,25
50293,16-64,2021,237
50293,65-100,2021,183
50293,0-16,2022,26
50293,16-64,2022,230
50293,65-100,2022,179
50294,0-16,2003,2
50294,16-64,2003,39
50294,65-100,2003,37
50294,0-16,2004,2
50294,16-64,2004,42
50294,65-100,2004,36
50294,0-16,2005,3
50294,16-64,2005,37
50294,65-100,2005,38
50294,0-16,2006,3
50294,16-64,2006,37
50294,65-100,2006,39
50294,0-16,2007,2
50294,16-64,2007,34
50294,65-100,2007,42
50294,0-16,2008,2
50294,16-64,2008,34
50294,65-100,2008,40
50294,0-16,2009,2
50294,16-64,2009,32
50294,65-100,2009,40
50294,0-16,2010,2
50294,16-64,2010,37
50294,65-100,2010,36
50294,0-16,2011,2
50294,16-64,2011,40
50294,65-100,2011,39
50294,0-16,2012,1
50294,16-64,2012,38
50294,65-100,2012,39
50294,0-16,2013,1
50294,16-64,2013,38
50294,65-100,2013,39
50294,0-16,2014,1
50294,16-64,2014,44
50294,65-100,2014,38
50294,0-16,2015,2
50294,16-64,2015,42
50294,65-100,2015,36
50294,0-16,2016,2
50294,16-64,2016,41
50294,65-100,2016,33
50294,0-16,2017,2
50294,16-64,2017,37
50294,65-100,2017,32
50294,0-16,2018,2
50294,16-64,2018,33
50294,65-100,2018,33
50294,0-16,2019,4
50294,16-64,2019,35
50294,65-100,2019,35
50294,0-16,2020,9
50294,16-64,2020,45
50294,65-100,2020,35
50294,0-16,2021,7
50294,16-64,2021,47
50294,65-100,2021,35
50294,0-16,2022,5
50294,16-64,2022,42
50294,65-100,2022,35
50295,0-16,2003,0
50295,16-64,2003,20
50295,65-100,2003,15
50295,0-16,2004,0
50295,16-64,2004,19
50295,65-100,2004,15
50295,0-16,2005,0
50295,16-64,2005,19
50295,65-100,2005,16
50295,0-16,2006,2
50295,16-64,2006,23
50295,65-100,2006,14
50295,0-16,2007,2
50295,16-64,2007,27
50295,65-100,2007,17
50295,0-16,2008,1
50295,16-64,2008,31
50295,65-100,2008,16
50295,0-16,2009,1
50295,16-64,2009,27
50295,65-100,2009,17
50295,0-16,2010,1
50295,16-64,2010,32
50295,65-100,2010,17
50295,0-16,2011,1
50295,16-64,2011,33
50295,65-100,2011,16
50295,0-16,2012,0
50295,16-64,2012,35
50295,65-100,2012,17
50295,0-16,2013,0
50295,16-64,2013,33
50295,65-100,2013,16
50295,0-16,2014,0
50295,16-64,2014,31
50295,65-100,2014,16
50295,0-16,2015,0
50295,16-64,2015,29
50295,65-100,2015,16
50295,0-16,2016,0
50295,16-64,2016,30
50295,65-100,2016,18
50295,0-16,2017,0
50295,16-64,2017,31
50295,65-100,2017,19
50295,0-16,2018,0
50295,16-64,2018,27
50295,65-100,2018,22
50295,0-16,2019,0
50295,16-64,2019,26
50295,65-100,2019,23
50295,0-16,2020,0
50295,16-64,2020,20
50295,65-100,2020,28
50295,0-16,2021,0
50295,16-64,2021,25
50295,65-100,2021,26
50295,0-16,2022,0
50295,16-64,2022,24
50295,65-100,2022,28
50296,0-16,2003,70
50296,16-64,2003,353
50296,65-100,2003,145
50296,0-16,2004,68
50296,16-64,2004,350
50296,65-100,2004,140
50296,0-16,2005,67
50296,16-64,2005,346
50296,65-100,2005,136
50296,0-16,2006,68
50296,16-64,2006,331
50296,65-100,2006,138
50296,0-16,2007,69
50296,16-64,2007,322
50296,65-100,2007,131
50296,0-16,2008,67
50296,16-64,2008,327
50296,65-100,2008,131
50296,0-16,2009,69
50296,16-64,2009,333
50296,65-100,2009,132
50296,0-16,2010,64
50296,16-64,2010,320
50296,65-100,2010,125
50296,0-16,2011,61
50296,16-64,2011,328
50296,65-100,2011,125
50296,0-16,2012,53
50296,16-64,2012,322
50296,65-100,2012,124
50296,0-16,2013,49
50296,16-64,2013,314
50296,65-100,2013,123
50296,0-16,2014,51
50296,16-64,2014,308
50296,65-100,2014,122
50296,0-16,2015,50
50296,16-64,2015,303
50296,65-100,2015,120
50296,0-16,2016,47
50296,16-64,2016,293
50296,65-100,2016,121
50296,0-16,2017,40
50296,16-64,2017,303
50296,65-100,2017,120
50296,0-16,2018,40
50296,16-64,2018,293
50296,65-100,2018,122
50296,0-16,2019,37
50296,16-64,2019,278
50296,65-100,2019,120
50296,0-16,2020,40
50296,16-64,2020,280
50296,65-100,2020,127
50296,0-16,2021,37
50296,16-64,2021,263
50296,65-100,2021,132
50296,0-16,2022,35
50296,16-64,2022,264
50296,65-100,2022,136
50297,0-16,2003,87335
50297,16-64,2003,426078
50297,65-100,2003,112668
50297,0-16,2004,89351
50297,16-64,2004,435696
50297,65-100,2004,113752
50297,0-16,2005,90874
50297,16-64,2005,442774
50297,65-100,2005,113725
50297,0-16,2006,91047
50297,16-64,2006,442804
50297,65-100,2006,115330
50297,0-16,2007,92496
50297,16-64,2007,445959
50297,65-100,2007,115935
50297,0-16,2008,95018
50297,16-64,2008,453943
50297,65-100,2008,117168
50297,0-16,2009,97534
50297,16-64,2009,457378
50297,65-100,2009,119405
50297,0-16,2010,99215
50297,16-64,2010,454092
50297,65-100,2010,121814
50297,0-16,2011,100062
50297,16-64,2011,450196
50297,65-100,2011,124467
50297,0-16,2012,101497
50297,16-64,2012,450966
50297,65-100,2012,127161
50297,0-16,2013,102059
50297,16-64,2013,450240
50297,65-100,2013,129705
50297,0-16,2014,100359
50297,16-64,2014,433525
50297,65-100,2014,132174
50297,0-16,2015,100788
50297,16-64,2015,429807
50297,65-100,2015,134358
50297,0-16,2016,100536
50297,16-64,2016,424129
50297,65-100,2016,136443
50297,0-16,2017,101411
50297,16-64,2017,424683
50297,65-100,2017,138844
50297,0-16,2018,101646
50297,16-64,2018,423854
50297,65-100,2018,141380
50297,0-16,2019,102009
50297,16-64,2019,429186
50297,65-100,2019,143802
50297,0-16,2020,101832
50297,16-64,2020,433725
50297,65-100,2020,146320
50297,0-16,2021,99561
50297,16-64,2021,428613
50297,65-100,2021,147127
50297,0-16,2022,98083
50297,16-64,2022,426149
50297,65-100,2022,148778
50298,0-16,2003,870
50298,16-64,2003,3765
50298,65-100,2003,1200
50298,0-16,2004,883
50298,16-64,2004,3881
50298,65-100,2004,1209
50298,0-16,2005,928
50298,16-64,2005,4088
50298,65-100,2005,1196
50298,0-16,2006,1013
50298,16-64,2006,4205
50298,65-100,2006,1206
50298,0-16,2007,1063
50298,16-64,2007,4479
50298,65-100,2007,1217
50298,0-16,2008,1147
50298,16-64,2008,4902
50298,65-100,2008,1239
50298,0-16,2009,1167
50298,16-64,2009,5031
50298,65-100,2009,1229
50298,0-16,2010,1197
50298,16-64,2010,5085
50298,65-100,2010,1228
50298,0-16,2011,1225
50298,16-64,2011,5143
50298,65-100,2011,1236
50298,0-16,2012,1267
50298,16-64,2012,5232
50298,65-100,2012,1239
50298,0-16,2013,1287
50298,16-64,2013,5287
50298,65-100,2013,1243
50298,0-16,2014,1303
50298,16-64,2014,5196
50298,65-100,2014,1243
50298,0-16,2015,1342
50298,16-64,2015,5216
50298,65-100,2015,1262
50298,0-16,2016,1363
50298,16-64,2016,5373
50298,65-100,2016,1242
50298,0-16,2017,1416
50298,16-64,2017,5591
50298,65-100,2017,1246
50298,0-16,2018,1426
50298,16-64,2018,5674
50298,65-100,2018,1265
50298,0-16,2019,1450
50298,16-64,2019,5832
50298,65-100,2019,1283
50298,0-16,2020,1414
50298,16-64,2020,5838
50298,65-100,2020,1324
50298,0-16,2021,1428
50298,16-64,2021,5835
50298,65-100,2021,1328
50298,0-16,2022,1458
50298,16-64,2022,5804
50298,65-100,2022,1370
50901,0-16,2003,12
50901,16-64,2003,114
50901,65-100,2003,87
50901,0-16,2004,13
50901,16-64,2004,118
50901,65-100,2004,84
50901,0-16,2005,12
50901,16-64,2005,114
50901,65-100,2005,85
50901,0-16,2006,12
50901,16-64,2006,122
50901,65-100,2006,81
50901,0-16,2007,11
50901,16-64,2007,131
50901,65-100,2007,79
50901,0-16,2008,8
50901,16-64,2008,137
50901,65-100,2008,72
50901,0-16,2009,8
50901,16-64,2009,125
50901,65-100,2009,67
50901,0-16,2010,4
50901,16-64,2010,110
50901,65-100,2010,72
50901,0-16,2011,2
50901,16-64,2011,97
50901,65-100,2011,67
50901,0-16,2012,2
50901,16-64,2012,96
50901,65-100,2012,70
50901,0-16,2013,2
50901,16-64,2013,97
50901,65-100,2013,68
50901,0-16,2014,1
50901,16-64,2014,91
50901,65-100,2014,65
50901,0-16,2015,1
50901,16-64,2015,81
50901,65-100,2015,66
50901,0-16,2016,0
50901,16-64,2016,77
50901,65-100,2016,66
50901,0-16,2017,0
50901,16-64,2017,71
50901,65-100,2017,62
50901,0-16,2018,1
50901,16-64,2018,80
50901,65-100,2018,59
50901,0-16,2019,2
50901,16-64,2019,91
50901,65-100,2019,61
50901,0-16,2020,4
50901,16-64,2020,97
50901,65-100,2020,54
50901,0-16,2021,6
50901,16-64,2021,102
50901,65-100,2021,63
50901,0-16,2022,5
50901,16-64,2022,102
50901,65-100,2022,63
50902,0-16,2003,9
50902,16-64,2003,71
50902,65-100,2003,39
50902,0-16,2004,9
50902,16-64,2004,68
50902,65-100,2004,34
50902,0-16,2005,8
50902,16-64,2005,72
50902,65-100,2005,32
50902,0-16,2006,9
50902,16-64,2006,75
50902,65-100,2006,31
50902,0-16,2007,10
50902,16-64,2007,71
50902,65-100,2007,33
50902,0-16,2008,8
50902,16-64,2008,69
50902,65-100,2008,36
50902,0-16,2009,7
50902,16-64,2009,66
50902,65-100,2009,31
50902,0-16,2010,6
50902,16-64,2010,60
50902,65-100,2010,34
50902,0-16,2011,7
50902,16-64,2011,67
50902,65-100,2011,36
50902,0-16,2012,7
50902,16-64,2012,63
50902,65-100,2012,36
50902,0-16,2013,5
50902,16-64,2013,58
50902,65-100,2013,38
50902,0-16,2014,4
50902,16-64,2014,56
50902,65-100,2014,37
50902,0-16,2015,3
50902,16-64,2015,54
50902,65-100,2015,37
50902,0-16,2016,3
50902,16-64,2016,52
50902,65-100,2016,36
50902,0-16,2017,2
50902,16-64,2017,55
50902,65-100,2017,32
50902,0-16,2018,2
50902,16-64,2018,51
50902,65-100,2018,33
50902,0-16,2019,7
50902,16-64,2019,48
50902,65-100,2019,31
50902,0-16,2020,4
50902,16-64,2020,50
50902,65-100,2020,30
50902,0-16,2021,4
50902,16-64,2021,55
50902,65-100,2021,33
50902,0-16,2022,5
50902,16-64,2022,54
50902,65-100,2022,32
50903,0-16,2007,457
50903,16-64,2007,1852
50903,65-100,2007,540
50903,0-16,2008,460
50903,16-64,2008,1867
50903,65-100,2008,551
50903,0-16,2009,470
50903,16-64,2009,1852
50903,65-100,2009,546
50903,0-16,2010,464
50903,16-64,2010,1872
50903,65-100,2010,552
50903,0-16,2011,450
50903,16-64,2011,1883
50903,65-100,2011,552
50903,0-16,2012,433
50903,16-64,2012,1839
50903,65-100,2012,566
50903,0-16,2013,408
50903,16-64,2013,1866
50903,65-100,2013,563
50903,0-16,2014,398
50903,16-64,2014,1846
50903,65-100,2014,576
50903,0-16,2015,377
50903,16-64,2015,1841
50903,65-100,2015,575
50903,0-16,2016,364
50903,16-64,2016,1817
50903,65-100,2016,572
50903,0-16,2017,353
50903,16-64,2017,1790
50903,65-100,2017,578
50903,0-16,2018,320
50903,16-64,2018,1793
50903,65-100,2018,583
50903,0-16,2019,318
50903,16-64,2019,1811
50903,65-100,2019,591
50903,0-16,2020,325
50903,16-64,2020,1812
50903,65-100,2020,608
50903,0-16,2021,331
50903,16-64,2021,1821
50903,65-100,2021,616
50903,0-16,2022,344
50903,16-64,2022,1859
50903,65-100,2022,624
